station,driver,rider1,rider2,rider3,VMT,save_d,save_r1,save_r2,save_r3,T_d,T_r1,T_r2,T_r3,cost_d,cost_r1,cost_r2,cost_r3,detour_d,detour_r1,detour_r2,detour_r3,size,type,num_riders
0,9,6311,0,0,11.4744,9.4851,0.5658,0.0,0.0,1481,721,0,0,2.74,14.23,0.0,0.0,227,0.0,0.0,0.0,one,SR,1
0,14,4151,3118,0,30.1746,20.542,3.567,3.567,0.0,1846,816,816,0,-3.11,12.49,12.49,0.0,133,0.0,0.0,0.0,many,SR,2
0,17,4515,0,0,19.7352,17.5117,0.1948,0.0,0.0,1364,1149,0,0,-3.94,20.29,0.0,0.0,51,0.0,0.0,0.0,one,SR,1
0,18,30,0,0,19.9933,17.7821,0.2363,0.0,0.0,1111,1111,0,0,-6.11,19.75,0.0,0.0,0,0.0,0.0,0.0,one,SR,1
0,28,9443,3895,0,65.9196,49.6083,5.2209,5.2936,0.0,2436,2211,2180,0,-26.59,29.06,28.91,0.0,175,19.0,0.0,0.0,many,SR,2
0,31,7536,0,0,17.2134,15.1288,0.3981,0.0,0.0,1392,907,0,0,-0.56,16.86,0.0,0.0,4,0.0,0.0,0.0,one,SR,1
0,35,2563,2562,56,49.7009,34.8426,3.6629,3.6629,3.2889,1388,863,863,1388,-23.62,13.03,13.03,16.38,229,0.0,0.0,229.0,many,SR,3
0,36,2244,0,0,15.9945,13.8598,0.3295,0.0,0.0,1230,991,0,0,-3.33,18.05,0.0,0.0,163,0.0,0.0,0.0,one,SR,1
0,41,5916,1814,66,65.8219,47.7672,4.0431,4.0431,4.3827,2073,1057,1057,2073,-28.51,15.23,15.23,25.41,171,0.0,0.0,171.0,many,SR,3
0,42,6816,6653,2199,60.6028,43.3119,4.4047,4.7134,3.124,1573,1513,1406,842,-28.92,19.43,19.17,11.88,145,85.0,1.0,80.0,many,SR,3
0,46,5574,5573,0,49.7096,35.8302,4.8515,4.8515,0.0,1862,1543,1543,0,-18.04,20.88,20.88,0.0,120,0.0,0.0,0.0,many,SR,2
0,47,4265,3549,0,33.7926,23.7143,3.5904,3.7975,0.0,1084,827,993,0,-12.83,12.62,14.29,0.0,34,0.0,19.0,0.0,many,SR,2
0,48,3796,0,0,19.4012,17.1004,0.0911,0.0,0.0,1895,1277,0,0,0.01,22.1,0.0,0.0,190,0.0,0.0,0.0,one,SR,1
0,51,1293,0,0,19.5208,17.258,0.1421,0.0,0.0,1740,1214,0,0,-0.82,21.21,0.0,0.0,125,0.0,0.0,0.0,one,SR,1
0,58,4085,2906,0,45.4106,32.048,4.747,4.747,0.0,2225,1420,1420,0,-11.45,19.34,19.34,0.0,189,0.0,0.0,0.0,many,SR,2
0,59,5347,3207,0,33.1221,23.0515,3.7043,3.7043,0.0,1145,888,888,0,-11.94,13.31,13.31,0.0,62,0.0,0.0,0.0,many,SR,2
0,63,6919,3567,0,39.17,27.655,4.3503,3.9471,0.0,1408,1277,1008,0,-14.17,17.51,14.67,0.0,89,19.0,0.0,0.0,many,SR,2
0,67,7638,7637,6072,60.0581,42.6714,4.3483,4.3483,3.757,1434,1326,1326,911,-29.34,17.88,17.88,13.57,118,35.0,35.0,0.0,many,SR,3
0,69,7889,7888,0,37.6741,26.5987,4.0219,4.0219,0.0,1179,1051,1051,0,-14.91,15.16,15.16,0.0,47,0.0,0.0,0.0,many,SR,2
0,74,6481,0,0,17.3745,15.276,0.3965,0.0,0.0,1202,918,0,0,-2.7,17.02,0.0,0.0,3,0.0,0.0,0.0,one,SR,1
0,75,2974,0,0,13.9076,11.9079,0.5365,0.0,0.0,1186,749,0,0,-0.71,14.63,0.0,0.0,86,0.0,0.0,0.0,one,SR,1
0,83,5670,0,0,15.3664,13.2669,0.3763,0.0,0.0,1372,933,0,0,-1.1,17.23,0.0,0.0,153,0.0,0.0,0.0,one,SR,1
0,84,6815,1349,0,44.153,31.6965,4.4606,4.437,0.0,1422,1270,1314,0,-17.1,17.64,17.95,0.0,23,0.0,17.0,0.0,many,SR,2
0,85,9782,0,0,15.3695,13.3392,0.4964,0.0,0.0,1129,799,0,0,-1.95,15.34,0.0,0.0,32,0.0,0.0,0.0,one,SR,1
0,88,4454,1523,0,36.5023,25.686,3.4521,4.1589,0.0,1349,1315,1119,0,-14.68,16.12,15.93,0.0,216,179.0,0.0,0.0,many,SR,2
0,92,1191,0,0,15.6472,13.6132,0.4861,0.0,0.0,1156,809,0,0,-1.79,15.48,0.0,0.0,22,0.0,0.0,0.0,one,SR,1
0,100,8566,8564,3028,62.3051,45.0391,3.661,3.661,4.826,1946,863,863,1940,-25.63,13.03,13.03,25.13,70,0.0,0.0,60.0,many,SR,3
0,101,1463,0,0,18.5994,16.3563,0.1848,0.0,0.0,1576,1170,0,0,-1.98,20.58,0.0,0.0,148,0.0,0.0,0.0,one,SR,1
0,106,8571,0,0,19.3947,17.1651,0.1953,0.0,0.0,1927,1153,0,0,1.92,20.34,0.0,0.0,78,0.0,0.0,0.0,one,SR,1
0,108,9385,6299,0,38.8004,27.2529,3.9278,4.3953,0.0,2331,1004,1280,0,-4.54,14.63,17.62,0.0,121,0.0,12.0,0.0,many,SR,2
0,110,3956,0,0,18.8685,16.5953,0.1314,0.0,0.0,2713,1229,0,0,9.21,21.42,0.0,0.0,183,0.0,0.0,0.0,one,SR,1
0,111,6812,1697,0,33.802,23.3892,3.4549,4.0022,0.0,1328,1107,1040,0,-12.66,14.52,15.03,0.0,219,112.0,0.0,0.0,many,SR,2
0,119,9104,242,0,33.2902,23.3556,3.671,3.3919,0.0,1260,871,1260,0,-12.62,13.12,15.6,0.0,170,0.0,170.0,0.0,many,SR,2
0,120,9481,0,0,16.6011,14.3956,0.2306,0.0,0.0,1461,1111,0,0,-2.43,19.75,0.0,0.0,231,0.0,0.0,0.0,one,SR,1
0,125,4073,0,0,17.0982,14.868,0.1944,0.0,0.0,1857,1154,0,0,1.18,20.36,0.0,0.0,236,0.0,0.0,0.0,one,SR,1
0,127,5397,1608,0,31.9844,22.3504,3.2899,3.5709,0.0,1233,1233,819,0,-12.01,15.2,12.53,0.0,178,178.0,0.0,0.0,many,SR,2
0,129,2483,0,0,21.9251,19.5994,0.0453,0.0,0.0,1438,1327,0,0,-5.42,22.8,0.0,0.0,63,0.0,0.0,0.0,one,SR,1
0,130,9209,0,0,21.9458,19.6393,0.0968,0.0,0.0,1724,1277,0,0,-1.79,22.1,0.0,0.0,17,0.0,0.0,0.0,one,SR,1
0,137,8046,1224,0,29.274,20.0693,3.3553,3.4494,0.0,1335,828,756,0,-7.58,12.19,11.81,0.0,105,39.0,0.0,0.0,many,SR,2
0,143,4011,0,0,19.1837,16.8616,0.06,0.0,0.0,1738,1314,0,0,-2.11,22.62,0.0,0.0,239,0.0,0.0,0.0,one,SR,1
0,144,373,0,0,16.4755,14.2998,0.2742,0.0,0.0,1423,1059,0,0,-2.17,19.01,0.0,0.0,192,0.0,0.0,0.0,one,SR,1
0,145,1786,0,0,14.8052,12.8079,0.554,0.0,0.0,1092,735,0,0,-1.52,14.43,0.0,0.0,13,0.0,0.0,0.0,one,SR,1
0,149,9342,308,0,42.4675,30.4692,4.3079,3.9735,0.0,1707,1195,1707,0,-15.53,16.79,20.38,0.0,204,0.0,204.0,0.0,many,SR,2
0,156,5805,676,0,48.2917,34.3792,4.6612,4.8897,0.0,2054,1688,1603,0,-17.69,21.98,21.64,0.0,333,58.0,0.0,0.0,many,SR,2
0,166,7815,0,0,14.7315,12.7428,0.5525,0.0,0.0,1131,730,0,0,-1.05,14.36,0.0,0.0,13,0.0,0.0,0.0,one,SR,1
0,183,9021,0,0,13.1582,11.1491,0.5134,0.0,0.0,1229,772,0,0,-0.56,14.96,0.0,0.0,158,0.0,0.0,0.0,one,SR,1
0,187,6018,6017,413,64.7059,46.3463,4.5919,4.5919,3.5725,1689,1337,1337,1689,-32.69,18.4,18.4,19.23,279,0.0,0.0,279.0,many,SR,3
0,189,9584,1846,0,67.3762,51.2926,4.8226,5.0245,0.0,4054,3156,1801,0,-13.56,38.23,24.13,0.0,330,236.0,0.0,0.0,many,SR,2
0,191,9217,0,0,21.0137,18.7182,0.0943,0.0,0.0,1511,1271,0,0,-3.95,22.01,0.0,0.0,75,0.0,0.0,0.0,one,SR,1
0,192,5562,2585,0,37.3333,26.0014,4.1059,4.1059,0.0,1795,1090,1090,0,-9.23,15.6,15.6,0.0,142,0.0,0.0,0.0,many,SR,2
0,194,1329,0,0,17.514,15.4041,0.3612,0.0,0.0,1521,951,0,0,0.23,17.49,0.0,0.0,23,0.0,0.0,0.0,one,SR,1
0,195,4519,428,0,43.8083,31.581,4.3861,3.9917,0.0,1784,1232,1784,0,-15.91,17.21,21.29,0.0,209,0.0,209.0,0.0,many,SR,2
0,204,7812,0,0,17.4155,15.2896,0.3376,0.0,0.0,1101,979,0,0,-4.53,17.88,0.0,0.0,55,0.0,0.0,0.0,one,SR,1
0,210,5110,0,0,17.3647,15.2554,0.3761,0.0,0.0,1254,940,0,0,-2.43,17.33,0.0,0.0,24,0.0,0.0,0.0,one,SR,1
0,214,6487,0,0,20.009,17.7725,0.1852,0.0,0.0,1537,1165,0,0,-2.32,20.51,0.0,0.0,47,0.0,0.0,0.0,one,SR,1
0,218,8331,4337,463,75.7734,56.0549,4.8611,4.1519,4.1763,1870,1573,1753,1870,-39.13,21.26,21.36,22.67,185,0.0,172.0,185.0,many,SR,3
0,219,5696,5695,0,32.7871,22.7832,3.6846,3.6846,0.0,1292,876,876,0,-10.15,13.17,13.17,0.0,64,0.0,0.0,0.0,many,SR,2
0,220,1074,1024,0,32.8229,22.7686,3.665,3.5651,0.0,1248,1213,817,0,-12.31,15.74,12.5,0.0,181,111.0,0.0,0.0,many,SR,2
0,223,5732,3240,470,64.4506,47.3815,4.6816,3.0365,3.5995,1844,1627,1303,1844,-32.4,21.35,15.26,20.91,299,47.0,243.0,299.0,many,SR,3
0,224,3019,3018,0,41.6407,29.7732,4.2727,4.2727,0.0,1453,1179,1179,0,-14.64,16.61,16.61,0.0,9,0.0,0.0,0.0,many,SR,2
0,225,5655,1156,0,40.2283,28.5586,3.9448,4.2884,0.0,1717,1268,1313,0,-12.9,16.69,17.68,0.0,162,82.0,40.0,0.0,many,SR,2
0,228,7798,1740,0,33.1511,23.0225,3.722,3.722,0.0,1140,898,898,0,-12.19,13.42,13.42,0.0,78,0.0,0.0,0.0,many,SR,2
0,231,7741,7740,0,44.2167,31.1535,4.6529,4.6529,0.0,1559,1371,1371,0,-17.45,18.79,18.79,0.0,182,0.0,0.0,0.0,many,SR,2
0,233,8111,0,0,17.1153,14.9471,0.2852,0.0,0.0,1595,1046,0,0,-0.2,18.83,0.0,0.0,137,0.0,0.0,0.0,one,SR,1
0,237,3268,3267,520,71.1167,51.7347,4.3277,4.3277,4.961,1784,1208,1208,1784,-33.16,16.94,16.94,23.78,11,0.0,0.0,11.0,many,SR,3
0,243,4666,4665,0,51.9265,37.302,4.9809,4.9809,0.0,2302,1736,1736,0,-17.79,23.31,23.31,0.0,318,0.0,0.0,0.0,many,SR,2
0,244,6752,1878,0,49.4291,35.5798,4.74,4.8497,0.0,2256,1602,1586,0,-14.65,21.23,21.36,0.0,188,31.0,5.0,0.0,many,SR,2
0,246,7621,541,0,34.6338,24.391,3.6279,3.6591,0.0,1336,850,1336,0,-12.57,12.88,16.68,0.0,151,0.0,151.0,0.0,many,SR,2
0,247,6057,5918,0,38.587,27.2327,4.1037,4.0886,0.0,1576,1149,1086,0,-11.91,16.07,15.56,0.0,84,18.0,0.0,0.0,many,SR,2
0,250,5335,0,0,20.3236,18.052,0.1525,0.0,0.0,1671,1213,0,0,-1.53,21.19,0.0,0.0,70,0.0,0.0,0.0,one,SR,1
0,259,7462,4171,0,39.1048,27.2597,4.265,4.265,0.0,1642,1176,1176,0,-12.6,16.58,16.58,0.0,176,0.0,0.0,0.0,many,SR,2
0,262,2050,1598,940,111.4668,85.7766,3.3647,5.9533,6.1652,3858,721,3555,3485,-51.35,11.39,45.44,45.24,415,2.0,63.0,9.0,many,SR,3
0,267,8298,0,0,22.1141,19.81,0.0958,0.0,0.0,1767,1276,0,0,-1.32,22.08,0.0,0.0,5,0.0,0.0,0.0,one,SR,1
0,269,3398,0,0,14.0559,12.0384,0.5105,0.0,0.0,1133,780,0,0,-1.67,15.07,0.0,0.0,104,0.0,0.0,0.0,one,SR,1
0,270,8527,94,0,37.1234,26.0949,3.7905,4.2188,0.0,1208,932,1163,0,-14.49,13.81,16.38,0.0,74,0.0,4.0,0.0,many,SR,2
0,271,9810,0,0,13.654,11.5782,0.4204,0.0,0.0,1447,885,0,0,0.29,16.55,0.0,0.0,227,0.0,0.0,0.0,one,SR,1
0,272,5434,4513,607,74.9025,54.8517,4.32,4.9155,4.5584,1825,1243,1651,1825,-37.15,17.18,22.22,23.18,100,14.0,2.0,100.0,many,SR,3
0,273,6142,0,0,20.0247,17.7089,0.0878,0.0,0.0,1561,1290,0,0,-3.66,22.28,0.0,0.0,160,0.0,0.0,0.0,one,SR,1
0,277,4999,3342,0,31.9244,21.9281,3.6808,3.6808,0.0,1181,876,876,0,-11.31,13.17,13.17,0.0,122,0.0,0.0,0.0,many,SR,2
0,278,8766,4985,620,68.0202,49.5676,4.313,3.8216,4.6541,1942,1351,944,1942,-30.58,17.99,13.94,24.7,96,50.0,0.0,96.0,many,SR,3
0,280,2551,457,0,29.0866,19.935,3.4356,3.3579,0.0,1365,749,781,0,-6.89,11.73,11.85,0.0,88,0.0,22.0,0.0,many,SR,2
0,281,3602,0,0,16.2143,14.0979,0.3563,0.0,0.0,1192,959,0,0,-3.32,17.6,0.0,0.0,119,0.0,0.0,0.0,one,SR,1
0,285,507,0,0,14.3798,12.3486,0.5044,0.0,0.0,1102,794,0,0,-2.17,15.27,0.0,0.0,95,0.0,0.0,0.0,one,SR,1
0,287,8369,0,0,16.0506,13.848,0.2348,0.0,0.0,1868,1106,0,0,1.9,19.68,0.0,0.0,264,0.0,0.0,0.0,one,SR,1
0,296,3287,0,0,15.5535,13.4258,0.3492,0.0,0.0,1226,972,0,0,-3.13,17.78,0.0,0.0,176,0.0,0.0,0.0,one,SR,1
0,299,2300,0,0,10.9513,8.9086,0.4876,0.0,0.0,2412,814,0,0,11.33,15.55,0.0,0.0,347,0.0,0.0,0.0,one,SR,1
0,303,6751,2781,0,30.3793,20.4239,3.6671,3.6671,0.0,1711,870,870,0,-5.62,13.11,13.11,0.0,216,0.0,0.0,0.0,many,SR,2
0,304,9647,8158,0,35.5188,24.4724,3.6926,4.1906,0.0,1691,909,1403,0,-10.71,13.46,18.17,0.0,273,8.0,86.0,0.0,many,SR,2
0,313,243,0,0,16.1469,14.0922,0.47,0.0,0.0,1297,835,0,0,-0.64,15.85,0.0,0.0,12,0.0,0.0,0.0,one,SR,1
0,314,8756,4714,0,32.3428,22.2893,3.6962,3.7021,0.0,1966,887,884,0,-3.25,13.29,13.26,0.0,110,1.0,0.0,0.0,many,SR,2
0,322,9716,543,0,28.9887,19.7508,3.0755,3.6229,0.0,1302,855,934,0,-9.18,11.88,13.51,0.0,212,93.0,28.0,0.0,many,SR,2
0,323,7197,0,0,15.1182,13.0147,0.3845,0.0,0.0,1199,930,0,0,-2.88,17.19,0.0,0.0,168,0.0,0.0,0.0,one,SR,1
0,327,7445,7432,2350,82.0383,61.2163,4.7897,4.5297,4.3622,2301,1987,1306,2301,-40.1,25.53,18.06,27.81,208,75.0,-1.0,208.0,many,SR,3
0,334,4870,4507,0,58.7193,43.6285,4.7443,5.3008,0.0,2590,1498,2310,0,-18.22,20.14,30.32,0.0,122,14.0,18.0,0.0,many,SR,2
0,341,9218,1785,0,31.0279,20.9064,3.7218,3.7218,0.0,1551,895,895,0,-7.82,13.39,13.39,0.0,218,0.0,0.0,0.0,many,SR,2
0,342,8267,5425,57,51.4054,36.0292,3.8413,3.8317,3.4347,1586,955,953,1115,-21.76,14.07,14.05,14.57,163,0.0,0.0,116.0,many,SR,3
0,343,9374,0,0,17.4244,15.307,0.3502,0.0,0.0,1220,964,0,0,-3.09,17.67,0.0,0.0,41,0.0,0.0,0.0,one,SR,1
0,345,7460,5410,0,33.5005,22.5788,3.9766,3.9724,0.0,2311,1025,1026,0,-2.49,14.86,14.86,0.0,285,0.0,1.0,0.0,many,SR,2
0,346,6342,6341,0,37.5844,25.8569,4.2277,4.2277,0.0,1572,1157,1157,0,-12.94,16.36,16.36,0.0,245,0.0,0.0,0.0,many,SR,2
0,349,8292,0,0,14.9215,12.8686,0.454,0.0,0.0,1270,845,0,0,-1.05,15.99,0.0,0.0,104,0.0,0.0,0.0,one,SR,1
0,352,5955,5074,0,27.8232,18.2463,3.5355,3.5631,0.0,2009,799,815,0,-1.21,12.3,12.48,0.0,277,0.0,0.0,0.0,many,SR,2
0,356,8940,5924,823,59.377,42.7741,3.4083,3.4164,4.9271,1962,736,738,1933,-23.06,11.59,11.62,25.3,61,0.0,-1.0,39.0,many,SR,3
0,358,7881,4574,0,36.1918,25.5824,4.0314,3.4931,0.0,1246,1052,1246,0,-14.68,15.17,15.68,0.0,149,0.0,149.0,0.0,many,SR,2
0,360,1622,0,0,16.5655,14.471,0.3883,0.0,0.0,1371,921,0,0,-0.96,17.06,0.0,0.0,61,0.0,0.0,0.0,one,SR,1
0,379,7285,5938,0,31.6642,21.961,3.5298,3.5511,0.0,1249,798,1007,0,-10.49,12.29,13.93,0.0,112,0.0,64.0,0.0,many,SR,2
0,384,5660,5659,4555,57.3159,40.5558,3.8905,3.8905,4.3364,1392,983,983,1299,-27.17,14.39,14.39,17.65,84,0.0,0.0,28.0,many,SR,3
0,385,1462,1461,0,53.5207,38.9275,4.9753,4.9753,0.0,1976,1728,1728,0,-21.04,23.21,23.21,0.0,195,0.0,0.0,0.0,many,SR,2
0,386,2482,0,0,20.7198,18.4372,0.1224,0.0,0.0,1756,1242,0,0,-1.0,21.6,0.0,0.0,69,0.0,0.0,0.0,one,SR,1
0,388,5896,5850,0,31.3607,20.8355,3.8562,3.7904,0.0,2178,1022,980,0,-3.04,14.61,14.17,0.0,346,19.0,16.0,0.0,many,SR,2
0,393,5546,0,0,13.9713,11.9677,0.5307,0.0,0.0,1286,756,0,0,0.25,14.73,0.0,0.0,88,0.0,0.0,0.0,one,SR,1
0,399,6677,0,0,12.7658,10.7698,0.5372,0.0,0.0,1291,746,0,0,0.43,14.59,0.0,0.0,161,0.0,0.0,0.0,one,SR,1
0,416,9543,7687,1265,52.7301,37.1958,3.7948,3.7948,3.7963,1382,933,933,933,-22.82,13.83,13.83,13.82,10,-1.0,-1.0,0.0,many,SR,3
0,420,8873,0,0,15.4162,13.4043,0.5233,0.0,0.0,1195,767,0,0,-0.85,14.89,0.0,0.0,0,0.0,0.0,0.0,one,SR,1
0,421,6923,4743,4742,46.014,31.9272,3.4509,3.4473,3.4473,1548,1016,754,754,-17.42,13.83,11.79,11.79,119,82.0,0.0,0.0,many,SR,3
0,423,7767,3215,0,33.7031,23.5456,3.7314,3.7335,0.0,1621,904,900,0,-7.21,13.48,13.45,0.0,47,1.0,0.0,0.0,many,SR,2
0,429,8077,0,0,20.1347,17.7775,0.0273,0.0,0.0,1668,1362,0,0,-3.45,23.3,0.0,0.0,218,0.0,0.0,0.0,one,SR,1
0,430,4056,3066,0,40.2689,28.8104,3.4542,4.7941,0.0,1899,770,1490,0,-8.95,11.93,20.18,0.0,6,4.0,3.0,0.0,many,SR,2
0,433,8787,7952,2556,98.239,74.3954,4.779,4.7982,5.9795,3258,1502,1504,3253,-40.37,20.25,20.35,42.26,13,9.0,3.0,13.0,many,SR,3
0,434,3359,820,0,34.0096,23.8434,3.7374,3.7374,0.0,1754,901,901,0,-5.81,13.46,13.46,0.0,26,0.0,0.0,0.0,many,SR,2
0,436,6215,3418,0,64.3338,48.4156,5.2107,5.2107,0.0,3000,2067,2067,0,-17.97,27.48,27.48,0.0,72,0.0,0.0,0.0,many,SR,2
0,446,1768,0,0,14.5769,12.5985,0.5535,0.0,0.0,1163,722,0,0,-0.61,14.25,0.0,0.0,16,0.0,0.0,0.0,one,SR,1
0,451,3098,968,0,37.7853,26.8336,4.016,3.8813,0.0,1118,1049,1118,0,-15.75,15.14,15.41,0.0,45,0.0,45.0,0.0,many,SR,2
0,453,7968,7406,0,83.9051,64.6684,5.7509,5.8155,0.0,3281,2943,2931,0,-34.58,38.33,38.37,0.0,298,15.0,0.0,0.0,many,SR,2
0,454,241,0,0,16.1432,14.0222,0.3496,0.0,0.0,1351,967,0,0,-1.76,17.71,0.0,0.0,131,0.0,0.0,0.0,one,SR,1
0,456,5806,3968,0,35.2373,24.5598,3.8743,3.6866,0.0,1594,1301,1029,0,-11.31,16.8,14.36,0.0,238,105.0,48.0,0.0,many,SR,2
0,459,7690,1119,0,32.5165,22.3037,3.7494,3.7494,0.0,1479,911,911,0,-8.9,13.57,13.57,0.0,145,0.0,0.0,0.0,many,SR,2
0,463,7455,2424,0,38.234,27.059,4.0555,4.0549,0.0,1360,1066,1064,0,-13.3,15.34,15.31,0.0,36,-1.0,0.0,0.0,many,SR,2
0,464,5190,0,0,15.4245,13.2977,0.3597,0.0,0.0,1410,964,0,0,-1.1,17.67,0.0,0.0,178,0.0,0.0,0.0,one,SR,1
0,466,9040,0,0,18.1975,15.9122,0.1138,0.0,0.0,1939,1250,0,0,0.82,21.72,0.0,0.0,248,0.0,0.0,0.0,one,SR,1
0,484,3685,3684,910,114.6704,87.6008,5.6931,5.6931,5.3982,3702,2748,2748,2324,-53.7,36.06,36.06,30.72,339,0.0,0.0,0.0,many,SR,3
0,486,3652,0,0,14.5223,12.4382,0.4175,0.0,0.0,1207,893,0,0,-2.33,16.67,0.0,0.0,175,0.0,0.0,0.0,one,SR,1
0,487,9911,3889,0,43.2652,30.6776,4.0716,4.6681,0.0,1859,1237,1670,0,-15.11,16.68,21.8,0.0,270,52.0,54.0,0.0,many,SR,2
0,495,6212,0,0,13.3097,11.2829,0.5015,0.0,0.0,1276,793,0,0,-0.33,15.25,0.0,0.0,167,0.0,0.0,0.0,one,SR,1
0,496,3837,0,0,17.7545,15.637,0.3547,0.0,0.0,1057,961,0,0,-4.77,17.63,0.0,0.0,16,0.0,0.0,0.0,one,SR,1
0,499,936,0,0,19.458,17.1877,0.1497,0.0,0.0,1766,1214,0,0,-0.54,21.21,0.0,0.0,130,0.0,0.0,0.0,one,SR,1
0,507,6665,6664,0,56.8207,42.122,4.9978,4.9978,0.0,2822,1752,1752,0,-12.7,23.52,23.52,0.0,14,0.0,0.0,0.0,many,SR,2
0,514,3499,0,0,14.4618,12.4444,0.4964,0.0,0.0,1315,790,0,0,0.12,15.21,0.0,0.0,85,0.0,0.0,0.0,one,SR,1
0,518,8209,1090,0,46.9675,34.0442,4.6273,4.2744,0.0,1746,1357,1746,0,-17.86,18.63,21.59,0.0,147,0.0,147.0,0.0,many,SR,2
0,522,9884,1474,0,40.3355,28.7312,4.1295,4.2254,0.0,1594,1104,1207,0,-12.51,15.76,16.73,0.0,35,0.0,17.0,0.0,many,SR,2
0,541,1330,1130,0,37.5141,26.6181,3.8395,4.0283,0.0,1187,956,1187,0,-14.79,14.08,16.2,0.0,44,0.0,44.0,0.0,many,SR,2
0,542,9558,5671,0,30.9435,21.3485,3.5455,3.5463,0.0,1412,806,842,0,-7.7,12.38,12.65,0.0,81,0.0,12.0,0.0,many,SR,2
0,544,8189,7866,218,61.1733,43.2268,4.1084,4.2359,4.2805,2086,1262,1574,1181,-25.99,16.94,19.65,16.63,319,54.0,129.0,0.0,many,SR,3
0,546,4859,0,0,15.2339,13.1803,0.4435,0.0,0.0,1279,853,0,0,-1.06,16.1,0.0,0.0,90,0.0,0.0,0.0,one,SR,1
0,547,5929,0,0,15.066,12.9739,0.3872,0.0,0.0,1286,920,0,0,-1.84,17.05,0.0,0.0,162,0.0,0.0,0.0,one,SR,1
0,557,7747,0,0,18.1558,15.8654,0.1062,0.0,0.0,1704,1259,0,0,-1.77,21.84,0.0,0.0,259,0.0,0.0,0.0,one,SR,1
0,559,8247,8246,0,27.7029,18.672,3.375,3.375,0.0,1311,720,720,0,-6.76,11.4,11.4,0.0,127,0.0,0.0,0.0,many,SR,2
0,563,7522,0,0,22.4698,20.1521,0.0712,0.0,0.0,2026,1303,0,0,1.06,22.46,0.0,0.0,5,0.0,0.0,0.0,one,SR,1
0,565,7061,0,0,14.6196,12.6083,0.5242,0.0,0.0,1053,766,0,0,-2.33,14.87,0.0,0.0,53,0.0,0.0,0.0,one,SR,1
0,566,2509,0,0,16.1259,14.0547,0.4271,0.0,0.0,1250,877,0,0,-1.67,16.44,0.0,0.0,51,0.0,0.0,0.0,one,SR,1
0,568,2638,2637,0,30.083,20.6993,3.4867,3.4867,0.0,1870,777,777,0,-2.06,12.05,12.05,0.0,68,0.0,0.0,0.0,many,SR,2
0,574,7899,4506,0,51.401,37.2759,4.9538,4.7493,0.0,1953,1839,1472,0,-19.29,24.36,19.86,0.0,172,20.0,10.0,0.0,many,SR,2
0,578,5719,0,0,18.4294,16.2195,0.2335,0.0,0.0,1810,1112,0,0,1.22,19.76,0.0,0.0,107,0.0,0.0,0.0,one,SR,1
0,583,7817,5426,1026,94.7723,71.2535,4.8306,5.7586,4.8342,3670,1524,3068,1521,-34.32,20.64,39.71,20.6,110,0.0,31.0,0.0,many,SR,3
0,586,8249,2684,0,51.8696,38.084,4.6177,4.7785,0.0,2127,1897,1455,0,-17.17,24.12,19.77,0.0,97,97.0,0.0,0.0,many,SR,2
0,587,3733,0,0,15.7995,13.7411,0.4412,0.0,0.0,1314,858,0,0,-0.76,16.17,0.0,0.0,56,0.0,0.0,0.0,one,SR,1
0,589,4438,0,0,17.2476,15.0424,0.2217,0.0,0.0,1355,1117,0,0,-3.62,19.83,0.0,0.0,192,0.0,0.0,0.0,one,SR,1
0,594,7581,7580,0,26.6776,17.6481,3.3732,3.3732,0.0,1232,721,721,0,-7.61,11.42,11.42,0.0,198,0.0,0.0,0.0,many,SR,2
0,600,570,0,0,18.301,16.1112,0.2488,0.0,0.0,1364,1087,0,0,-3.15,19.41,0.0,0.0,93,0.0,0.0,0.0,one,SR,1
0,601,9997,3334,0,32.2515,22.4016,3.1341,3.802,0.0,1833,1285,934,0,-6.98,15.31,13.83,0.0,261,221.0,0.0,0.0,many,SR,2
0,607,4404,460,0,40.9261,29.2491,4.2295,4.1981,0.0,1155,1155,1139,0,-17.12,16.34,16.16,0.0,0,0.0,0.0,0.0,many,SR,2
0,610,7512,2372,0,34.4715,23.3863,3.9809,4.0397,0.0,1882,1095,1057,0,-7.82,15.41,15.24,0.0,286,22.0,-1.0,0.0,many,SR,2
0,614,8025,0,0,14.6609,12.6665,0.5582,0.0,0.0,1523,730,0,0,3.07,14.36,0.0,0.0,18,0.0,0.0,0.0,one,SR,1
0,616,1306,1278,0,39.2407,27.9189,4.1862,3.8046,0.0,1377,1130,1377,0,-15.52,16.05,17.26,0.0,141,0.0,141.0,0.0,many,SR,2
0,620,1746,1745,1284,91.35,68.8602,5.0706,5.0706,4.2217,2687,1856,1856,2687,-44.93,24.83,24.83,31.62,292,0.0,0.0,292.0,many,SR,3
0,622,9615,0,0,18.5712,16.2442,0.0481,0.0,0.0,2205,1326,0,0,2.64,22.79,0.0,0.0,291,0.0,0.0,0.0,one,SR,1
0,628,6710,6709,0,27.8844,18.7269,3.4179,3.4179,0.0,1285,738,738,0,-7.4,11.61,11.61,0.0,148,0.0,0.0,0.0,many,SR,2
0,631,7013,3709,0,34.7392,24.0977,3.8687,3.8999,0.0,1282,968,996,0,-12.4,14.22,14.51,0.0,120,0.0,2.0,0.0,many,SR,2
0,644,4933,0,0,15.2622,13.2499,0.5181,0.0,0.0,1243,771,0,0,-0.4,14.94,0.0,0.0,14,0.0,0.0,0.0,one,SR,1
0,647,6588,609,0,74.4996,57.4098,5.3398,5.2351,0.0,3498,2813,2227,0,-21.91,35.88,29.27,0.0,84,80.0,18.0,0.0,many,SR,2
0,649,8987,12,0,64.5464,48.7915,5.0799,4.8694,0.0,2735,2008,2525,0,-23.53,26.51,31.54,0.0,236,18.0,136.0,0.0,many,SR,2
0,651,5278,0,0,21.2872,18.9226,0.0164,0.0,0.0,2472,1375,0,0,4.82,23.48,0.0,0.0,151,0.0,0.0,0.0,one,SR,1
0,652,6088,1161,0,61.8494,45.7155,5.248,5.248,0.0,3081,2123,2123,0,-18.39,28.19,28.19,0.0,343,0.0,0.0,0.0,many,SR,2
0,659,9785,9784,0,39.7692,27.6999,4.3374,4.3374,0.0,1638,1211,1211,0,-13.35,16.97,16.97,0.0,195,0.0,0.0,0.0,many,SR,2
0,665,3227,0,0,13.9364,11.8581,0.4356,0.0,0.0,1316,876,0,0,-0.97,16.43,0.0,0.0,200,0.0,0.0,0.0,one,SR,1
0,667,6969,0,0,14.8425,12.8134,0.484,0.0,0.0,1237,807,0,0,-0.92,15.45,0.0,0.0,75,0.0,0.0,0.0,one,SR,1
0,668,1365,0,0,14.1541,12.0862,0.4366,0.0,0.0,1262,868,0,0,-1.43,16.31,0.0,0.0,177,0.0,0.0,0.0,one,SR,1
0,669,6795,6794,6378,166.6305,133.4648,6.5948,6.5948,3.9119,5098,4047,4047,5066,-91.05,52.43,52.43,55.78,758,0.0,0.0,738.0,many,SR,3
0,670,7500,2211,0,33.3094,23.3452,3.4975,3.8376,0.0,1461,795,956,0,-8.32,12.21,14.08,0.0,22,4.0,0.0,0.0,many,SR,2
0,672,6703,0,0,16.4132,14.2599,0.3211,0.0,0.0,1184,1010,0,0,-4.06,18.32,0.0,0.0,152,0.0,0.0,0.0,one,SR,1
0,674,2587,2586,0,35.1289,24.2501,3.961,3.961,0.0,2445,1018,1018,0,-0.94,14.78,14.78,0.0,161,0.0,0.0,0.0,many,SR,2
0,677,685,0,0,18.9233,16.758,0.3035,0.0,0.0,1322,1031,0,0,-2.88,18.62,0.0,0.0,0,0.0,0.0,0.0,one,SR,1
0,683,4778,0,0,15.305,13.2922,0.5313,0.0,0.0,1120,762,0,0,-1.57,14.81,0.0,0.0,3,0.0,0.0,0.0,one,SR,1
0,690,6823,0,0,14.9699,12.8581,0.3631,0.0,0.0,1225,951,0,0,-2.88,17.49,0.0,0.0,197,0.0,0.0,0.0,one,SR,1
0,693,282,0,0,16.5575,14.3249,0.1955,0.0,0.0,1833,1155,0,0,0.91,20.37,0.0,0.0,274,0.0,0.0,0.0,one,SR,1
0,695,9448,6843,1944,61.9417,43.0765,4.4999,4.4981,4.4999,3931,1291,1294,1291,-7.03,17.88,17.91,17.88,357,0.0,0.0,0.0,many,SR,3
0,699,7098,3256,0,52.4342,38.3623,4.9135,4.8195,0.0,1968,1683,1546,0,-18.39,22.56,20.83,0.0,47,7.0,7.0,0.0,many,SR,2
0,700,2390,2389,0,36.4243,25.5393,3.9629,3.9629,0.0,1546,1019,1019,0,-10.4,14.8,14.8,0.0,75,0.0,0.0,0.0,many,SR,2
0,704,4357,3015,1422,109.0946,83.5896,5.3214,5.3206,5.5695,2602,2217,2217,2602,-56.32,29.37,29.39,34.17,4,0.0,-1.0,4.0,many,SR,3
0,706,9335,7371,0,45.9252,32.0509,4.7677,4.8609,0.0,2753,1594,1570,0,-9.3,21.23,21.22,0.0,420,23.0,0.0,0.0,many,SR,2
0,707,1275,0,0,16.0528,13.9462,0.3706,0.0,0.0,1232,942,0,0,-2.69,17.36,0.0,0.0,115,0.0,0.0,0.0,one,SR,1
0,708,170,0,0,21.9327,19.6407,0.0993,0.0,0.0,1396,1265,0,0,-5.08,21.93,0.0,0.0,7,0.0,0.0,0.0,one,SR,1
0,713,6583,2037,0,31.9264,22.211,3.5925,3.5925,0.0,1783,830,830,0,-4.05,12.65,12.65,0.0,39,0.0,0.0,0.0,many,SR,2
0,716,6638,0,0,13.3618,11.3801,0.5582,0.0,0.0,1189,721,0,0,-0.33,14.23,0.0,0.0,98,0.0,0.0,0.0,one,SR,1
0,722,6442,0,0,12.4543,10.4208,0.487,0.0,0.0,1667,808,0,0,3.58,15.47,0.0,0.0,239,0.0,0.0,0.0,one,SR,1
0,724,794,0,0,18.6408,16.3289,0.0796,0.0,0.0,1913,1293,0,0,-0.0,22.32,0.0,0.0,257,0.0,0.0,0.0,one,SR,1
0,728,1584,0,0,17.7035,15.5075,0.2352,0.0,0.0,1382,1101,0,0,-3.14,19.61,0.0,0.0,146,0.0,0.0,0.0,one,SR,1
0,733,9177,4323,0,43.8203,30.3014,4.7847,4.7847,0.0,2186,1453,1453,0,-12.59,19.75,19.75,0.0,358,0.0,0.0,0.0,many,SR,2
0,744,1409,745,0,33.5036,23.4843,3.7534,3.58,0.0,1360,915,909,0,-9.89,13.62,13.24,0.0,47,0.0,27.0,0.0,many,SR,2
0,746,2653,2652,0,44.1821,31.5969,4.5001,4.5001,0.0,1547,1295,1295,0,-16.02,17.93,17.93,0.0,46,0.0,0.0,0.0,many,SR,2
0,749,2535,2534,0,38.9982,27.2978,4.2198,4.2198,0.0,1539,1152,1152,0,-13.19,16.3,16.3,0.0,140,0.0,0.0,0.0,many,SR,2
0,754,7555,398,397,56.4911,40.0022,4.6851,3.3614,3.3614,2392,2252,715,715,-20.61,28.11,11.35,11.35,391,135.0,0.0,0.0,many,SR,3
0,758,3511,0,0,16.2475,14.0755,0.2749,0.0,0.0,1414,1056,0,0,-2.23,18.97,0.0,0.0,205,0.0,0.0,0.0,one,SR,1
0,764,8614,8525,0,34.8097,23.7148,3.4825,4.5183,0.0,2083,802,1393,0,-5.97,12.23,18.71,0.0,282,9.0,29.0,0.0,many,SR,2
0,765,7073,0,0,15.265,13.2614,0.5307,0.0,0.0,1022,756,0,0,-2.53,14.73,0.0,0.0,0,0.0,0.0,0.0,one,SR,1
0,767,3782,0,0,18.1699,15.9928,0.2814,0.0,0.0,1315,1055,0,0,-3.25,18.96,0.0,0.0,73,0.0,0.0,0.0,one,SR,1
0,768,6314,0,0,19.6261,17.3407,0.1182,0.0,0.0,1820,1247,0,0,-0.4,21.67,0.0,0.0,148,0.0,0.0,0.0,one,SR,1
0,778,4361,4360,1503,53.7403,38.0949,3.4494,3.4494,4.3086,1657,757,757,1657,-22.54,11.82,11.82,20.73,126,0.0,0.0,126.0,many,SR,3
0,779,8421,5404,0,34.3042,23.9823,3.7846,3.7846,0.0,1244,928,928,0,-11.71,13.76,13.76,0.0,54,0.0,0.0,0.0,many,SR,2
0,781,9600,8953,0,52.7327,38.5917,5.0392,4.6039,0.0,2593,2014,1347,0,-13.25,26.46,18.51,0.0,129,28.0,0.0,0.0,many,SR,2
0,784,2361,0,0,16.1751,14.0752,0.3992,0.0,0.0,1468,917,0,0,0.11,17.01,0.0,0.0,84,0.0,0.0,0.0,one,SR,1
0,792,9663,6772,1861,60.8754,43.4538,3.8786,3.9375,4.662,1673,975,1006,1550,-26.93,14.3,14.65,20.49,71,0.0,0.0,38.0,many,SR,3
0,793,8695,0,0,19.4738,17.2612,0.2108,0.0,0.0,1607,1130,0,0,-1.14,20.02,0.0,0.0,52,0.0,0.0,0.0,one,SR,1
0,816,4770,3720,0,58.9248,43.5066,4.0837,5.6245,0.0,3431,1209,3185,0,-15.36,16.47,40.63,0.0,538,42.0,75.0,0.0,many,SR,2
0,817,9427,7645,0,47.6274,34.264,4.8244,4.5057,0.0,1918,1692,1294,0,-16.16,22.42,17.91,0.0,139,27.0,0.0,0.0,many,SR,2
0,818,8945,1565,359,48.2125,33.8043,3.7756,3.1873,3.3423,1291,941,1291,768,-23.37,13.85,15.46,11.71,213,5.0,213.0,21.0,many,SR,3
0,821,9585,2510,0,64.2345,48.2116,4.987,5.2706,0.0,2792,2216,2207,0,-22.57,28.52,29.13,0.0,251,67.0,9.0,0.0,many,SR,2
0,822,2054,0,0,14.5021,12.5019,0.5498,0.0,0.0,1319,740,0,0,0.8,14.5,0.0,0.0,38,0.0,0.0,0.0,one,SR,1
0,824,1693,1692,0,46.7652,33.3053,4.7766,4.7766,0.0,1714,1436,1436,0,-17.16,19.53,19.53,0.0,127,0.0,0.0,0.0,many,SR,2
0,828,3764,3763,1591,91.8708,69.1748,4.9549,4.9549,4.7929,2776,1707,1707,2776,-42.79,22.95,22.95,34.04,189,0.0,0.0,189.0,many,SR,3
0,829,8741,8740,0,53.6494,38.7383,5.0284,5.0284,0.0,2289,1812,1812,0,-19.65,24.27,24.27,0.0,338,0.0,0.0,0.0,many,SR,2
0,833,8800,6417,2213,54.3061,38.3514,2.916,4.1277,4.1277,2279,1463,1105,1105,-19.12,16.29,15.77,15.77,321,312.0,0.0,0.0,many,SR,3
0,836,3790,0,0,19.1472,16.9231,0.194,0.0,0.0,1926,1150,0,0,1.95,20.3,0.0,0.0,92,0.0,0.0,0.0,one,SR,1
0,842,9562,6620,0,31.1767,21.5663,3.4157,3.6257,0.0,1570,899,845,0,-6.64,12.87,12.82,0.0,106,50.0,0.0,0.0,many,SR,2
0,843,6225,2256,0,62.4358,46.2208,5.7239,4.7662,0.0,3074,2896,1432,0,-19.25,37.77,19.48,0.0,362,13.0,0.0,0.0,many,SR,2
0,851,203,0,0,22.6165,20.2825,0.0565,0.0,0.0,2107,1325,0,0,1.63,22.78,0.0,0.0,15,0.0,0.0,0.0,one,SR,1
0,855,8634,8149,0,35.1907,24.3802,4.2458,3.6237,0.0,1324,1184,844,0,-12.57,16.6,12.81,0.0,143,6.0,0.0,0.0,many,SR,2
0,858,5244,3714,0,38.9311,27.1495,4.3314,4.0784,0.0,1354,1207,1251,0,-16.13,16.93,16.79,0.0,218,0.0,56.0,0.0,many,SR,2
0,859,1561,901,900,110.3566,84.4484,3.5907,6.1115,6.1115,4107,831,3394,3394,-47.73,12.66,44.14,44.14,437,0.0,5.0,5.0,many,SR,3
0,861,9747,4160,0,32.5362,22.1461,4.0009,3.5276,0.0,1515,1205,801,0,-9.85,16.3,12.31,0.0,246,53.0,1.0,0.0,many,SR,2
0,863,8751,358,357,72.1851,52.2511,4.5343,4.6687,4.6687,2140,1799,1381,1381,-32.09,22.82,18.9,18.9,158,102.0,0.0,0.0,many,SR,3
0,865,105,104,0,37.5918,26.5226,4.0199,4.0199,0.0,1220,1050,1050,0,-14.45,15.15,15.15,0.0,51,0.0,0.0,0.0,many,SR,2
0,867,1656,1262,0,42.4212,30.3705,4.1501,4.3393,0.0,1473,1473,1211,0,-16.58,18.64,16.97,0.0,115,115.0,0.0,0.0,many,SR,2
0,868,6077,2125,0,40.8264,28.2845,4.4864,4.4864,0.0,1642,1288,1288,0,-14.88,17.85,17.85,0.0,262,0.0,0.0,0.0,many,SR,2
0,875,855,0,0,19.0182,16.8292,0.2593,0.0,0.0,1618,1079,0,0,-0.38,19.3,0.0,0.0,37,0.0,0.0,0.0,one,SR,1
0,881,1932,0,0,14.1779,12.1502,0.4954,0.0,0.0,1618,798,0,0,3.2,15.32,0.0,0.0,112,0.0,0.0,0.0,one,SR,1
0,886,9349,9348,0,55.8593,40.7451,5.072,5.072,0.0,2586,1858,1858,0,-17.58,24.85,24.85,0.0,272,0.0,0.0,0.0,many,SR,2
0,889,8892,4734,1694,77.5269,57.0609,4.3706,4.9703,4.6273,1908,1227,1761,1908,-38.45,17.15,23.57,24.26,97,0.0,5.0,97.0,many,SR,3
0,895,7561,0,0,14.4537,12.4338,0.4975,0.0,0.0,1500,791,0,0,2.05,15.22,0.0,0.0,87,0.0,0.0,0.0,one,SR,1
0,898,9598,9597,9070,89.8595,66.8061,5.4662,5.4662,4.1069,6088,2432,2432,1136,-8.2,32.08,32.08,15.97,363,0.0,0.0,13.0,many,SR,3
0,899,4206,4126,4125,85.6036,63.6233,5.2182,4.7977,4.7977,2448,2445,1477,1477,-38.8,31.57,20.05,20.05,60,54.0,0.0,0.0,many,SR,3
0,902,4330,1033,0,52.1013,37.5904,5.1211,4.8001,0.0,3934,1939,1475,0,0.0,25.87,20.02,0.0,254,0.0,0.0,0.0,many,SR,2
0,903,9766,9765,0,29.6307,20.2209,3.4964,3.4964,0.0,1286,780,780,0,-8.25,12.09,12.09,0.0,105,0.0,0.0,0.0,many,SR,2
0,910,7112,2402,2322,60.3674,43.0212,3.597,4.2914,4.4829,1516,870,1295,1474,-28.86,12.96,17.53,19.26,120,13.0,35.0,61.0,many,SR,3
0,915,1647,0,0,14.3762,12.39,0.5655,0.0,0.0,1221,719,0,0,0.03,14.21,0.0,0.0,27,0.0,0.0,0.0,one,SR,1
0,924,1481,1480,0,47.1238,33.3378,4.8275,4.8275,0.0,1807,1525,1525,0,-18.21,20.66,20.66,0.0,262,0.0,0.0,0.0,many,SR,2
0,927,6496,1368,0,30.5388,21.0955,3.5347,3.4767,0.0,1340,807,769,0,-7.82,12.36,11.96,0.0,54,3.0,0.0,0.0,many,SR,2
0,930,322,0,0,16.593,14.4346,0.3135,0.0,0.0,1362,1019,0,0,-2.3,18.45,0.0,0.0,148,0.0,0.0,0.0,one,SR,1
0,937,6621,5355,0,43.8104,30.8789,4.6115,4.6136,0.0,1860,1347,1350,0,-13.83,18.51,18.55,0.0,169,0.0,0.0,0.0,many,SR,2
0,940,407,0,0,18.3698,16.147,0.2054,0.0,0.0,1288,1141,0,0,-4.63,20.17,0.0,0.0,137,0.0,0.0,0.0,one,SR,1
0,943,4642,1806,279,110.0476,84.6402,5.3892,4.9537,5.4295,2679,2393,2679,2385,-58.59,31.45,33.41,31.49,142,11.0,142.0,0.0,many,SR,3
0,944,7080,0,0,18.8507,16.6398,0.2415,0.0,0.0,1176,1107,0,0,-5.38,19.69,0.0,0.0,74,0.0,0.0,0.0,one,SR,1
0,945,7096,7095,5408,68.0872,48.6296,4.6253,4.6253,4.6253,1773,1355,1355,1355,-31.62,18.61,18.61,18.61,110,0.0,0.0,0.0,many,SR,3
0,946,5511,2051,0,48.3847,34.7797,4.7954,4.8008,0.0,2093,1478,1476,0,-14.1,20.05,20.04,0.0,89,1.0,0.0,0.0,many,SR,2
0,954,6175,1707,0,54.177,39.5524,4.9837,4.9845,0.0,2159,1733,1733,0,-19.24,23.29,23.28,0.0,161,-1.0,0.0,0.0,many,SR,2
0,956,8861,0,0,12.5203,10.5103,0.5073,0.0,0.0,1320,777,0,0,0.34,15.03,0.0,0.0,206,0.0,0.0,0.0,one,SR,1
0,965,9678,0,0,16.4354,14.2397,0.2589,0.0,0.0,1483,1084,0,0,-1.86,19.37,0.0,0.0,218,0.0,0.0,0.0,one,SR,1
0,967,8492,0,0,14.1215,12.0402,0.4217,0.0,0.0,1452,888,0,0,0.31,16.6,0.0,0.0,198,0.0,0.0,0.0,one,SR,1
0,973,4783,4782,1840,66.972,48.1243,4.4998,4.4998,4.3355,1526,1290,1290,1526,-33.59,17.87,17.87,19.39,102,0.0,0.0,102.0,many,SR,3
0,980,5921,4914,0,30.0473,20.7935,3.4769,3.3462,0.0,1225,772,845,0,-9.01,11.99,12.31,0.0,74,0.0,45.0,0.0,many,SR,2
0,986,9832,0,0,20.2646,17.9912,0.1218,0.0,0.0,1907,1236,0,0,0.66,21.52,0.0,0.0,94,0.0,0.0,0.0,one,SR,1
0,998,5741,5740,0,60.7725,44.9639,5.1899,5.1899,0.0,2910,2040,2040,0,-18.3,27.14,27.14,0.0,266,0.0,0.0,0.0,many,SR,2
0,1001,5829,0,0,14.4441,12.3277,0.3563,0.0,0.0,1740,959,0,0,2.43,17.6,0.0,0.0,240,0.0,0.0,0.0,one,SR,1
0,1004,1080,0,0,12.3791,10.3893,0.5508,0.0,0.0,1296,732,0,0,0.66,14.39,0.0,0.0,175,0.0,0.0,0.0,one,SR,1
0,1009,1916,1188,0,35.2137,24.3934,3.7149,4.0829,0.0,1194,1054,1098,0,-14.67,14.6,15.62,0.0,192,52.0,6.0,0.0,many,SR,2
0,1013,6107,0,0,15.98,13.7701,0.2335,0.0,0.0,1699,1112,0,0,0.05,19.76,0.0,0.0,274,0.0,0.0,0.0,one,SR,1
0,1017,2928,0,0,17.755,15.6125,0.3415,0.0,0.0,1349,988,0,0,-2.04,18.01,0.0,0.0,41,0.0,0.0,0.0,one,SR,1
0,1025,7818,3180,614,58.9484,41.0281,4.3016,4.2963,4.2963,1998,1192,1192,1192,-24.26,16.75,16.76,16.76,287,1.0,0.0,0.0,many,SR,3
0,1026,5912,1259,0,28.0925,18.7868,3.4613,3.4613,0.0,1333,765,765,0,-7.45,11.92,11.92,0.0,182,0.0,0.0,0.0,many,SR,2
0,1038,6630,6629,1971,117.7324,91.4085,5.6065,5.6065,4.4175,3220,2627,2627,3220,-62.43,34.54,34.54,37.85,330,0.0,0.0,330.0,many,SR,3
0,1053,2214,0,0,17.546,15.4239,0.362,0.0,0.0,1176,959,0,0,-3.49,17.6,0.0,0.0,29,0.0,0.0,0.0,one,SR,1
0,1057,5132,5131,2032,76.6888,56.4235,4.4273,4.4273,5.0555,2211,1254,1254,2211,-33.98,17.46,17.46,28.63,53,0.0,0.0,53.0,many,SR,3
0,1060,9425,0,0,20.7756,18.4993,0.1176,0.0,0.0,1685,1241,0,0,-1.74,21.59,0.0,0.0,64,0.0,0.0,0.0,one,SR,1
0,1064,1563,0,0,12.6149,10.6009,0.5014,0.0,0.0,1337,784,0,0,0.43,15.13,0.0,0.0,206,0.0,0.0,0.0,one,SR,1
0,1067,6007,4070,0,36.1034,25.415,3.91,3.8805,0.0,1579,992,1000,0,-9.5,14.49,14.49,0.0,46,0.0,8.0,0.0,many,SR,2
0,1069,1212,0,0,22.2332,19.8923,0.0323,0.0,0.0,1673,1347,0,0,-3.21,23.09,0.0,0.0,61,0.0,0.0,0.0,one,SR,1
0,1070,5365,5364,0,47.2404,33.9683,4.7177,4.7177,0.0,1570,1406,1406,0,-18.05,19.18,19.18,0.0,39,0.0,0.0,0.0,many,SR,2
0,1072,7280,7279,0,71.5988,54.4964,5.4197,5.4197,0.0,3213,2371,2371,0,-22.63,31.31,31.31,0.0,128,0.0,0.0,0.0,many,SR,2
0,1075,157,0,0,18.7058,16.5268,0.2833,0.0,0.0,1275,1055,0,0,-3.67,18.96,0.0,0.0,37,0.0,0.0,0.0,one,SR,1
0,1077,9711,2179,0,32.251,22.0557,3.7513,3.7254,0.0,1274,911,924,0,-11.09,13.57,13.62,0.0,165,0.0,9.0,0.0,many,SR,2
0,1078,9839,9838,1851,46.1451,32.1498,3.4694,3.4694,3.4728,1103,767,767,767,-20.67,11.95,11.95,11.94,7,-1.0,-1.0,0.0,many,SR,3
0,1079,8606,0,0,18.0027,15.8253,0.2717,0.0,0.0,1360,1062,0,0,-2.87,19.06,0.0,0.0,91,0.0,0.0,0.0,one,SR,1
0,1081,5870,5869,0,54.5963,40.2419,4.929,4.929,0.0,1781,1670,1670,0,-21.77,22.48,22.48,0.0,16,0.0,0.0,0.0,many,SR,2
0,1082,8484,8459,2098,99.1262,75.4546,4.8952,5.3995,4.6352,2769,1622,2441,2769,-49.6,21.85,32.01,33.56,220,2.0,15.0,220.0,many,SR,3
0,1085,4846,993,992,52.005,36.2006,3.79,3.7748,3.7748,1760,1378,923,923,-21.7,17.23,13.71,13.71,272,144.0,0.0,0.0,many,SR,3
0,1086,6135,6134,0,36.3606,25.6065,3.9236,3.9236,0.0,1206,996,996,0,-13.5,14.53,14.53,0.0,38,0.0,0.0,0.0,many,SR,2
0,1090,4848,2590,0,51.9764,38.2027,4.5439,4.7929,0.0,2248,1325,2043,0,-16.33,18.22,26.15,0.0,118,4.0,82.0,0.0,many,SR,2
0,1091,5761,1488,0,58.7571,43.5388,5.089,5.0873,0.0,2884,1885,1888,0,-15.1,25.19,25.23,0.0,126,0.0,0.0,0.0,many,SR,2
0,1094,9495,8874,0,43.8078,31.379,4.4445,4.4423,0.0,1818,1269,1296,0,-12.79,17.61,17.81,0.0,34,2.0,11.0,0.0,many,SR,2
0,1101,5037,1770,610,77.9932,57.2491,4.3239,5.4017,4.3094,2682,1201,2550,1227,-32.22,16.87,33.18,17.04,214,-1.0,31.0,10.0,many,SR,3
0,1104,6246,0,0,19.106,16.8517,0.1733,0.0,0.0,1442,1186,0,0,-3.59,20.81,0.0,0.0,128,0.0,0.0,0.0,one,SR,1
0,1107,8387,8386,1473,68.3857,49.4109,4.4255,4.4255,4.4746,1694,1255,1255,1694,-33.06,17.47,17.47,21.55,98,0.0,0.0,98.0,many,SR,3
0,1108,7424,2049,0,49.3403,35.885,4.7648,4.555,0.0,2119,1768,1324,0,-14.97,23.1,18.25,0.0,91,49.0,0.0,0.0,many,SR,2
0,1109,1946,1945,0,82.4849,63.9754,5.6722,5.6722,0.0,3111,2729,2729,0,-31.82,35.83,35.83,0.0,35,0.0,0.0,0.0,many,SR,2
0,1110,6051,0,0,13.3214,11.2531,0.4454,0.0,0.0,1404,862,0,0,0.14,16.23,0.0,0.0,229,0.0,0.0,0.0,one,SR,1
0,1116,1391,0,0,14.8656,12.8468,0.4991,0.0,0.0,1221,789,0,0,-0.86,15.2,0.0,0.0,57,0.0,0.0,0.0,one,SR,1
0,1119,8022,3704,0,41.0204,29.3262,3.9218,4.5139,0.0,1303,999,1303,0,-15.64,14.57,18.02,0.0,0,0.0,0.0,0.0,many,SR,2
0,1123,1431,0,0,15.1014,12.9778,0.3692,0.0,0.0,1368,955,0,0,-1.43,17.54,0.0,0.0,192,0.0,0.0,0.0,one,SR,1
0,1124,8082,8081,2190,72.2737,52.7062,4.4921,4.4921,4.4951,2028,1288,1288,2028,-33.5,17.85,17.85,25.19,143,0.0,0.0,143.0,many,SR,3
0,1129,9891,175,0,29.5886,20.3299,3.4234,3.459,0.0,1562,775,759,0,-4.98,11.92,11.85,0.0,72,10.0,0.0,0.0,many,SR,2
0,1130,8764,6927,0,64.5127,48.1695,5.2906,5.2887,0.0,2510,2173,2173,0,-25.52,28.82,28.82,0.0,253,0.0,0.0,0.0,many,SR,2
0,1132,4483,0,0,17.838,15.6393,0.2592,0.0,0.0,1167,1086,0,0,-5.2,19.4,0.0,0.0,124,0.0,0.0,0.0,one,SR,1
0,1138,5177,5176,0,48.414,34.895,4.7847,4.7847,0.0,2609,1453,1453,0,-8.15,19.75,19.75,0.0,45,0.0,0.0,0.0,many,SR,2
0,1141,5530,5529,0,37.6576,26.3209,4.106,4.106,0.0,1948,1092,1092,0,-7.67,15.62,15.62,0.0,123,0.0,0.0,0.0,many,SR,2
0,1145,7511,7510,0,33.7306,23.4596,3.7671,3.7671,0.0,1206,921,921,0,-11.97,13.68,13.68,0.0,80,0.0,0.0,0.0,many,SR,2
0,1151,7748,3857,3783,71.8143,51.4256,4.6549,4.8395,4.6738,2123,1575,1534,1570,-33.69,20.72,20.77,20.72,311,45.0,0.0,40.0,many,SR,3
0,1152,3983,0,0,16.3994,14.2823,0.3599,0.0,0.0,1118,957,0,0,-4.08,17.57,0.0,0.0,105,0.0,0.0,0.0,one,SR,1
0,1156,8373,2247,383,104.4356,80.2299,5.3067,4.4659,4.817,3994,2218,3994,1510,-44.61,29.36,46.33,20.47,431,2.0,431.0,0.0,many,SR,3
0,1162,8653,0,0,21.0998,18.8173,0.1365,0.0,0.0,1465,1232,0,0,-3.93,21.46,0.0,0.0,34,0.0,0.0,0.0,one,SR,1
0,1163,5926,0,0,14.803,12.6468,0.3028,0.0,0.0,2004,1025,0,0,4.36,18.53,0.0,0.0,275,0.0,0.0,0.0,one,SR,1
0,1164,5142,0,0,17.7317,15.3752,0.0096,0.0,0.0,3659,1374,0,0,17.3,23.47,0.0,0.0,392,0.0,0.0,0.0,one,SR,1
0,1169,5604,5603,0,37.2859,26.1968,4.0276,4.0276,0.0,1679,1052,1052,0,-9.68,15.17,15.17,0.0,76,0.0,0.0,0.0,many,SR,2
0,1171,5994,0,0,13.3661,11.361,0.5378,0.0,0.0,1628,752,0,0,3.89,14.67,0.0,0.0,126,0.0,0.0,0.0,one,SR,1
0,1172,7879,2053,0,33.1414,23.0153,3.749,3.5291,0.0,1428,963,1085,0,-10.64,13.97,14.51,0.0,179,17.0,91.0,0.0,many,SR,2
0,1175,9792,9791,0,56.6629,41.1801,5.1354,5.1354,0.0,2607,1954,1954,0,-19.54,26.06,26.06,0.0,391,0.0,0.0,0.0,many,SR,2
0,1177,3402,0,0,21.0621,18.7989,0.1369,0.0,0.0,1671,1218,0,0,-1.59,21.26,0.0,0.0,23,0.0,0.0,0.0,one,SR,1
0,1179,3451,0,0,14.0447,11.9919,0.4681,0.0,0.0,1456,835,0,0,1.03,15.85,0.0,0.0,155,0.0,0.0,0.0,one,SR,1
0,1189,9805,8808,0,33.7993,23.0977,3.5689,4.2348,0.0,1337,817,1170,0,-12.04,12.5,16.47,0.0,204,0.0,3.0,0.0,many,SR,2
0,1190,8652,5940,5939,87.6332,64.683,5.0968,5.1027,5.1027,3454,1907,1910,1910,-32.57,25.47,25.51,25.51,283,0.0,0.0,0.0,many,SR,3
0,1197,7114,0,0,18.8557,16.655,0.2329,0.0,0.0,1791,1106,0,0,1.09,19.68,0.0,0.0,72,0.0,0.0,0.0,one,SR,1
0,1198,5486,2310,0,36.1453,25.5819,3.6434,4.0743,0.0,1085,855,1085,0,-14.22,12.94,15.52,0.0,2,0.0,2.0,0.0,many,SR,2
0,1203,5555,2826,0,36.6202,25.9148,3.8983,3.9024,0.0,1277,987,1010,0,-12.73,14.43,14.61,0.0,16,0.0,7.0,0.0,many,SR,2
0,1204,6458,4935,0,49.0068,35.7492,4.7793,4.1596,0.0,2098,1519,1881,0,-16.84,20.44,22.75,0.0,213,11.0,190.0,0.0,many,SR,2
0,1207,6675,6674,0,64.4051,48.5576,5.2005,5.2005,0.0,2529,2047,2047,0,-22.46,27.23,27.23,0.0,32,0.0,0.0,0.0,many,SR,2
0,1208,961,0,0,17.5814,15.4748,0.3847,0.0,0.0,1596,932,0,0,1.26,17.22,0.0,0.0,2,0.0,0.0,0.0,one,SR,1
0,1214,6251,0,0,14.3508,12.3432,0.5389,0.0,0.0,1092,753,0,0,-1.75,14.69,0.0,0.0,60,0.0,0.0,0.0,one,SR,1
0,1229,4100,3447,0,44.0112,31.1886,4.5786,4.5672,0.0,2342,1336,1340,0,-8.5,18.39,18.38,0.0,130,0.0,5.0,0.0,many,SR,2
0,1235,2965,0,0,17.0984,14.9848,0.365,0.0,0.0,1326,951,0,0,-1.82,17.49,0.0,0.0,52,0.0,0.0,0.0,one,SR,1
0,1237,1699,1698,0,77.1289,58.9687,5.6135,5.6135,0.0,3803,2637,2637,0,-22.47,34.67,34.67,0.0,234,0.0,0.0,0.0,many,SR,2
0,1243,616,615,0,32.0218,22.2359,3.6141,3.6141,0.0,1485,842,842,0,-7.43,12.79,12.79,0.0,54,0.0,0.0,0.0,many,SR,2
0,1249,6510,0,0,19.2733,17.0936,0.2684,0.0,0.0,1140,1066,0,0,-5.23,19.11,0.0,0.0,8,0.0,0.0,0.0,one,SR,1
0,1253,7870,0,0,16.837,14.7445,0.4146,0.0,0.0,1211,901,0,0,-2.39,16.78,0.0,0.0,25,0.0,0.0,0.0,one,SR,1
0,1259,7232,5099,2409,72.5281,52.4153,4.7645,4.7626,4.7626,1426,1426,1426,1426,-37.44,19.41,19.41,19.41,0,0.0,0.0,0.0,many,SR,3
0,1264,5122,2439,2423,109.5017,84.0753,5.1209,5.1209,5.6805,3428,1936,1936,3428,-49.54,25.83,25.83,43.37,100,0.0,0.0,100.0,many,SR,3
0,1265,8910,0,0,17.0659,14.8628,0.248,0.0,0.0,1402,1097,0,0,-2.88,19.55,0.0,0.0,187,0.0,0.0,0.0,one,SR,1
0,1268,3590,0,0,11.8207,9.8371,0.5601,0.0,0.0,1367,721,0,0,1.54,14.23,0.0,0.0,203,0.0,0.0,0.0,one,SR,1
0,1270,9578,4972,0,32.5192,22.5662,3.5513,3.6876,0.0,1187,978,910,0,-11.96,13.71,13.43,0.0,127,55.0,11.0,0.0,many,SR,2
0,1274,4817,0,0,13.7934,11.7246,0.4261,0.0,0.0,1353,876,0,0,-0.58,16.43,0.0,0.0,209,0.0,0.0,0.0,one,SR,1
0,1277,921,0,0,21.1162,18.8554,0.1543,0.0,0.0,1329,1204,0,0,-5.0,21.06,0.0,0.0,7,0.0,0.0,0.0,one,SR,1
0,1279,6406,4318,0,32.7888,22.9481,3.4572,3.7873,0.0,1047,760,971,0,-12.37,11.86,14.1,0.0,29,0.0,13.0,0.0,many,SR,2
0,1282,682,681,0,32.4443,22.6313,3.622,3.622,0.0,1062,847,847,0,-11.97,12.84,12.84,0.0,34,0.0,0.0,0.0,many,SR,2
0,1283,9971,2460,0,45.1033,32.5262,4.3941,4.4036,0.0,1615,1239,1615,0,-17.06,17.29,20.5,0.0,102,0.0,102.0,0.0,many,SR,2
0,1286,4542,0,0,16.7971,14.7052,0.411,0.0,0.0,1093,903,0,0,-3.65,16.81,0.0,0.0,29,0.0,0.0,0.0,one,SR,1
0,1288,5552,1941,0,50.932,37.0513,4.5683,4.8425,0.0,2152,1875,1551,0,-17.63,23.75,20.94,0.0,217,104.0,3.0,0.0,many,SR,2
0,1295,3933,0,0,17.861,15.7145,0.3215,0.0,0.0,1422,1005,0,0,-1.49,18.25,0.0,0.0,49,0.0,0.0,0.0,one,SR,1
0,1302,9437,0,0,15.396,13.3042,0.3969,0.0,0.0,1329,913,0,0,-1.3,16.95,0.0,0.0,133,0.0,0.0,0.0,one,SR,1
0,1304,5735,3170,0,38.4252,26.8019,4.1001,4.2591,0.0,1337,1114,1216,0,-15.34,15.78,16.86,0.0,176,8.0,15.0,0.0,many,SR,2
0,1310,9182,0,0,13.6861,11.7037,0.5617,0.0,0.0,1099,719,0,0,-1.25,14.21,0.0,0.0,74,0.0,0.0,0.0,one,SR,1
0,1311,9003,0,0,14.5165,12.5312,0.5434,0.0,0.0,1153,734,0,0,-0.87,14.42,0.0,0.0,31,0.0,0.0,0.0,one,SR,1
0,1312,4847,0,0,17.563,15.3395,0.1948,0.0,0.0,1362,1149,0,0,-3.96,20.29,0.0,0.0,199,0.0,0.0,0.0,one,SR,1
0,1321,2017,2016,1748,70.772,50.7593,4.7957,4.7957,4.4857,2503,1466,1466,1504,-27.14,19.91,19.91,19.53,182,0.0,0.0,68.0,many,SR,3
0,1327,8557,0,0,15.7226,13.6757,0.458,0.0,0.0,1309,838,0,0,-0.56,15.89,0.0,0.0,43,0.0,0.0,0.0,one,SR,1
0,1332,7025,309,0,42.835,30.4666,4.3678,4.4529,0.0,1738,1316,1269,0,-13.68,17.85,17.63,0.0,100,28.0,0.0,0.0,many,SR,2
0,1339,7303,6797,0,38.2849,27.2132,4.0739,3.965,0.0,1181,1084,1022,0,-14.89,15.5,14.83,0.0,6,3.0,0.0,0.0,many,SR,2
0,1345,4287,0,0,15.3148,13.161,0.3203,0.0,0.0,1584,1011,0,0,0.13,18.34,0.0,0.0,228,0.0,0.0,0.0,one,SR,1
0,1346,2018,0,0,14.7898,12.5181,0.1525,0.0,0.0,2872,1213,0,0,11.08,21.19,0.0,0.0,447,0.0,0.0,0.0,one,SR,1
0,1347,2622,389,0,49.083,35.8139,4.2026,4.7957,0.0,1874,1874,1466,0,-18.76,22.8,19.91,0.0,179,179.0,0.0,0.0,many,SR,2
0,1368,1787,1657,0,65.2825,49.1724,5.0374,5.2609,0.0,3424,2320,2136,0,-16.35,29.76,28.35,0.0,214,72.0,0.0,0.0,many,SR,2
0,1374,3636,1660,1345,78.0178,56.9477,4.8492,4.8576,4.8519,2197,1549,1753,1549,-35.54,20.97,23.19,20.96,113,-1.0,27.0,0.0,many,SR,3
0,1385,6519,0,0,14.098,12.0505,0.4712,0.0,0.0,1186,829,0,0,-1.73,15.76,0.0,0.0,146,0.0,0.0,0.0,one,SR,1
0,1386,6157,4614,0,32.4806,22.4762,3.6067,3.645,0.0,1471,1026,908,0,-9.33,14.18,13.34,0.0,157,61.0,17.0,0.0,many,SR,2
0,1390,636,635,0,31.295,21.2616,3.6925,3.6925,0.0,1248,882,882,0,-10.73,13.24,13.24,0.0,176,0.0,0.0,0.0,many,SR,2
0,1392,9566,8585,0,32.2708,22.6076,3.5623,3.4752,0.0,1399,1025,793,0,-8.94,14.1,12.15,0.0,70,67.0,7.0,0.0,many,SR,2
0,1402,6819,4655,2746,50.2945,34.914,3.781,3.7276,3.7848,1945,924,897,924,-16.36,13.73,13.41,13.73,128,-1.0,0.0,-1.0,many,SR,3
0,1406,4128,3585,2044,51.1296,35.686,3.9322,3.6058,3.6099,1650,1371,837,842,-21.34,17.46,12.72,12.78,203,117.0,1.0,1.0,many,SR,3
0,1407,5885,0,0,17.4405,15.1963,0.1646,0.0,0.0,1546,1185,0,0,-2.48,20.8,0.0,0.0,240,0.0,0.0,0.0,one,SR,1
0,1410,2782,2034,0,44.2109,31.6151,4.065,4.4785,0.0,2038,1900,1284,0,-15.07,22.72,17.8,0.0,331,211.0,0.0,0.0,many,SR,2
0,1416,4819,4818,2793,57.4281,40.8029,3.9494,3.9494,3.9033,1544,1015,1015,1544,-27.2,14.75,14.75,18.73,178,0.0,0.0,178.0,many,SR,3
0,1418,2455,795,0,44.4437,31.7743,4.3589,4.5895,0.0,1506,1441,1342,0,-17.68,18.78,18.44,0.0,117,71.0,2.0,0.0,many,SR,2
0,1421,7565,1769,859,53.9209,38.1002,3.8847,3.7354,3.8493,1186,982,1101,961,-26.71,14.38,15.0,14.14,73,0.0,64.0,0.0,many,SR,3
0,1423,5057,2720,0,31.8831,22.2312,3.5826,3.5649,0.0,1437,824,813,0,-7.45,12.58,12.46,0.0,21,0.0,0.0,0.0,many,SR,2
0,1433,9553,5068,0,48.1664,34.6246,4.8294,4.6801,0.0,1774,1596,1382,0,-17.66,21.41,18.91,0.0,114,11.0,0.0,0.0,many,SR,2
0,1440,7416,7415,0,40.7177,29.0454,4.2137,4.2137,0.0,1485,1145,1145,0,-13.61,16.22,16.22,0.0,11,0.0,0.0,0.0,many,SR,2
0,1442,3037,0,0,16.8096,14.6762,0.3267,0.0,0.0,1347,992,0,0,-2.12,18.07,0.0,0.0,108,0.0,0.0,0.0,one,SR,1
0,1444,2579,0,0,17.0074,14.8505,0.2923,0.0,0.0,1334,1033,0,0,-2.77,18.65,0.0,0.0,132,0.0,0.0,0.0,one,SR,1
0,1447,9022,0,0,17.392,15.277,0.3677,0.0,0.0,1527,950,0,0,0.31,17.47,0.0,0.0,31,0.0,0.0,0.0,one,SR,1
0,1453,3454,3453,0,40.2441,28.5685,4.212,4.212,0.0,1404,1148,1148,0,-14.52,16.26,16.26,0.0,48,0.0,0.0,0.0,many,SR,2
0,1464,6685,4113,0,36.3856,25.6957,3.8824,3.8415,0.0,1236,1134,959,0,-13.72,15.54,14.12,0.0,68,49.0,0.0,0.0,many,SR,2
0,1466,3234,2886,1720,69.5334,50.3392,4.4184,4.6282,4.3311,1782,1293,1713,1379,-33.64,17.76,22.17,18.24,137,13.0,68.0,56.0,many,SR,3
0,1468,6504,0,0,22.2788,19.9132,0.0103,0.0,0.0,2073,1380,0,0,0.57,23.55,0.0,0.0,88,0.0,0.0,0.0,one,SR,1
0,1482,4978,2047,0,36.2377,25.5055,3.8317,3.9981,0.0,1412,953,1035,0,-11.3,14.05,14.98,0.0,42,0.0,0.0,0.0,many,SR,2
0,1487,6977,6976,0,31.6342,21.8369,3.6198,3.6198,0.0,1671,842,842,0,-5.47,12.79,12.79,0.0,81,0.0,0.0,0.0,many,SR,2
0,1488,4291,1579,0,33.7675,23.3925,3.9661,3.5123,0.0,1480,1274,791,0,-10.53,16.76,12.21,0.0,183,82.0,0.0,0.0,many,SR,2
0,1490,6370,6183,0,58.8398,43.8098,4.9098,5.0731,0.0,2047,1960,1865,0,-23.93,25.53,24.94,0.0,110,48.0,0.0,0.0,many,SR,2
0,1493,8498,0,0,15.1729,13.0432,0.3555,0.0,0.0,1334,969,0,0,-1.96,17.74,0.0,0.0,200,0.0,0.0,0.0,one,SR,1
0,1498,7701,0,0,21.371,19.0946,0.1176,0.0,0.0,2123,1241,0,0,2.86,21.59,0.0,0.0,23,0.0,0.0,0.0,one,SR,1
0,1500,7802,3208,0,37.4586,26.534,3.4205,4.2512,0.0,1312,1309,1169,0,-15.5,16.03,16.5,0.0,187,181.0,0.0,0.0,many,SR,2
0,1501,6034,0,0,15.3774,13.3347,0.4735,0.0,0.0,1487,824,0,0,1.49,15.69,0.0,0.0,54,0.0,0.0,0.0,one,SR,1
0,1502,4776,1614,0,34.594,24.3587,3.6525,3.6259,0.0,1341,1341,849,0,-12.53,16.7,12.87,0.0,154,154.0,0.0,0.0,many,SR,2
0,1513,3344,0,0,14.5478,12.4347,0.3658,0.0,0.0,1362,950,0,0,-1.42,17.47,0.0,0.0,225,0.0,0.0,0.0,one,SR,1
0,1526,6529,4889,0,37.3137,25.7071,4.1942,4.1902,0.0,1641,1137,1133,0,-11.77,16.13,16.09,0.0,225,0.0,0.0,0.0,many,SR,2
0,1529,8589,0,0,14.121,12.0338,0.4177,0.0,0.0,1766,895,0,0,3.52,16.7,0.0,0.0,204,0.0,0.0,0.0,one,SR,1
0,1532,2903,2902,0,56.056,40.7847,5.0964,5.0964,0.0,2748,1901,1901,0,-16.85,25.39,25.39,0.0,336,0.0,0.0,0.0,many,SR,2
0,1533,5991,2702,0,32.8436,22.903,3.6631,3.6631,0.0,1404,867,867,0,-8.79,13.07,13.07,0.0,43,0.0,0.0,0.0,many,SR,2
0,1539,4558,1069,0,32.8794,21.8521,4.008,4.008,0.0,2203,1042,1042,0,-3.97,15.06,15.06,0.0,358,0.0,0.0,0.0,many,SR,2
0,1540,746,0,0,17.1745,14.9521,0.2106,0.0,0.0,1430,1137,0,0,-3.09,20.12,0.0,0.0,215,0.0,0.0,0.0,one,SR,1
0,1542,804,0,0,18.5606,16.4066,0.3247,0.0,0.0,1010,1008,0,0,-5.86,18.29,0.0,0.0,4,0.0,0.0,0.0,one,SR,1
0,1544,347,0,0,16.0979,14.0467,0.475,0.0,0.0,1054,829,0,0,-3.12,15.76,0.0,0.0,10,0.0,0.0,0.0,one,SR,1
0,1546,9686,3031,98,102.0333,77.6226,4.9057,5.9221,4.9407,3157,1680,3157,1701,-44.63,22.52,41.08,22.82,11,7.0,11.0,4.0,many,SR,3
0,1547,8995,0,0,17.6272,15.4688,0.3135,0.0,0.0,1125,1019,0,0,-4.79,18.45,0.0,0.0,78,0.0,0.0,0.0,one,SR,1
0,1552,3694,1240,573,51.5689,36.3078,3.5392,3.9216,3.5318,1451,803,1449,800,-23.18,12.33,18.04,12.31,144,1.0,144.0,0.0,many,SR,3
0,1559,4200,0,0,15.8398,13.6609,0.2789,0.0,0.0,1653,1058,0,0,0.26,19.0,0.0,0.0,235,0.0,0.0,0.0,one,SR,1
0,1560,3055,0,0,20.1362,17.9206,0.2251,0.0,0.0,1122,1122,0,0,-6.13,19.91,0.0,0.0,0,0.0,0.0,0.0,one,SR,1
0,1565,101,0,0,18.3776,16.1177,0.1463,0.0,0.0,1505,1209,0,0,-3.22,21.14,0.0,0.0,198,0.0,0.0,0.0,one,SR,1
0,1581,23,0,0,17.1256,14.9314,0.2518,0.0,0.0,1340,1088,0,0,-3.41,19.42,0.0,0.0,174,0.0,0.0,0.0,one,SR,1
0,1585,8761,0,0,14.7284,12.7471,0.5493,0.0,0.0,1039,727,0,0,-1.98,14.32,0.0,0.0,10,0.0,0.0,0.0,one,SR,1
0,1592,4370,1574,0,31.1361,21.57,3.3849,3.6791,0.0,1449,726,924,0,-7.3,11.47,13.55,0.0,65,0.0,15.0,0.0,many,SR,2
0,1603,6661,3190,0,36.3159,25.6785,3.8379,3.7021,0.0,1426,1426,884,0,-12.9,17.71,13.26,0.0,150,150.0,0.0,0.0,many,SR,2
0,1606,6729,3981,0,43.1502,29.9656,4.6667,4.7094,0.0,1876,1380,1409,0,-14.58,18.89,19.2,0.0,294,0.0,2.0,0.0,many,SR,2
0,1607,7856,2338,1704,70.437,50.7788,4.6668,4.6443,4.6668,2034,1381,1401,1381,-29.77,18.9,19.0,18.9,24,0.0,11.0,0.0,many,SR,3
0,1612,8687,4708,1089,63.602,44.4371,4.6294,4.6563,4.3962,2579,1360,1379,1241,-22.27,18.66,18.86,17.31,335,0.0,2.0,0.0,many,SR,3
0,1616,8359,5876,3188,51.4713,36.2087,3.7511,3.7511,3.3909,1391,909,909,1391,-24.72,13.55,13.55,16.6,213,0.0,0.0,213.0,many,SR,3
0,1617,4040,0,0,13.8513,11.787,0.4372,0.0,0.0,1518,865,0,0,1.3,16.27,0.0,0.0,195,0.0,0.0,0.0,one,SR,1
0,1620,5480,5479,0,54.8904,40.4615,4.9423,4.9423,0.0,2066,1689,1689,0,-19.21,22.72,22.72,0.0,30,0.0,0.0,0.0,many,SR,2
0,1623,5304,0,0,13.4095,11.383,0.5112,0.0,0.0,1245,786,0,0,-0.57,15.15,0.0,0.0,154,0.0,0.0,0.0,one,SR,1
0,1625,6811,0,0,11.6211,9.5195,0.3826,0.0,0.0,2442,930,0,0,10.17,17.19,0.0,0.0,406,0.0,0.0,0.0,one,SR,1
0,1626,9886,6681,0,33.6105,23.5537,3.8111,3.5395,0.0,1163,948,902,0,-12.14,13.96,13.11,0.0,55,3.0,32.0,0.0,many,SR,2
0,1628,5840,2757,0,42.717,30.0227,5.2978,3.3633,0.0,3140,2186,715,0,-3.33,28.98,11.35,0.0,428,0.0,0.0,0.0,many,SR,2
0,1630,4625,4624,1501,51.2391,36.0141,3.7334,3.7334,3.7277,1783,899,899,899,-17.55,13.43,13.43,13.43,18,0.0,0.0,0.0,many,SR,3
0,1642,2250,767,294,48.1439,32.9133,3.6003,3.9748,3.6195,2100,833,1026,844,-14.27,12.69,14.87,12.8,233,0.0,0.0,1.0,many,SR,3
0,1648,6820,0,0,14.0522,12.0654,0.5647,0.0,0.0,1262,720,0,0,0.45,14.22,0.0,0.0,50,0.0,0.0,0.0,one,SR,1
0,1649,416,415,0,49.5525,35.4927,4.8825,4.8825,0.0,2099,1590,1590,0,-16.61,21.47,21.47,0.0,216,0.0,0.0,0.0,many,SR,2
0,1653,6291,0,0,16.9868,14.8845,0.4003,0.0,0.0,1447,918,0,0,-0.12,17.02,0.0,0.0,30,0.0,0.0,0.0,one,SR,1
0,1656,5516,0,0,18.9353,16.7162,0.206,0.0,0.0,1453,1138,0,0,-2.86,20.13,0.0,0.0,96,0.0,0.0,0.0,one,SR,1
0,1662,4837,2517,0,32.3287,22.5546,3.4329,3.601,0.0,1351,789,1177,0,-10.48,12.05,15.35,0.0,144,12.0,109.0,0.0,many,SR,2
0,1668,4147,2262,0,47.7626,35.0036,3.6399,4.5071,0.0,2884,878,2747,0,-11.23,13.12,33.0,0.0,444,7.0,242.0,0.0,many,SR,2
0,1671,4228,0,0,18.0007,15.8278,0.297,0.0,0.0,1253,1041,0,0,-3.73,18.76,0.0,0.0,72,0.0,0.0,0.0,one,SR,1
0,1676,1011,0,0,16.093,13.9833,0.3708,0.0,0.0,2056,944,0,0,5.94,17.39,0.0,0.0,114,0.0,0.0,0.0,one,SR,1
0,1681,7222,2155,0,35.809,25.1328,3.5754,4.0021,0.0,1295,1263,1039,0,-14.29,15.96,15.02,0.0,188,141.0,0.0,0.0,many,SR,2
0,1682,8594,5087,4873,78.0175,57.3156,4.457,5.2494,4.4595,2527,1273,2264,1312,-32.29,17.68,29.71,17.97,103,0.0,20.0,13.0,many,SR,3
0,1683,4761,2946,0,46.0603,32.9058,4.6804,4.6804,0.0,4827,1387,1387,0,16.54,18.97,18.97,0.0,85,0.0,0.0,0.0,many,SR,2
0,1687,9540,6030,0,47.5619,34.4572,4.8433,4.4351,0.0,1538,1534,1257,0,-18.29,20.77,17.49,0.0,-1,0.0,0.0,0.0,many,SR,2
0,1689,5974,0,0,15.6714,13.5742,0.3937,0.0,0.0,1811,919,0,0,3.68,17.03,0.0,0.0,120,0.0,0.0,0.0,one,SR,1
0,1693,9116,0,0,15.5949,13.5409,0.4523,0.0,0.0,1075,847,0,0,-3.13,16.02,0.0,0.0,60,0.0,0.0,0.0,one,SR,1
0,1698,1763,0,0,13.6531,11.6575,0.5424,0.0,0.0,1229,742,0,0,-0.17,14.53,0.0,0.0,97,0.0,0.0,0.0,one,SR,1
0,1699,3898,0,0,23.2605,20.9065,0.0086,0.0,0.0,1660,1373,0,0,-3.68,23.45,0.0,0.0,14,0.0,0.0,0.0,one,SR,1
0,1704,1853,0,0,19.3979,17.1172,0.1205,0.0,0.0,1415,1242,0,0,-4.58,21.6,0.0,0.0,159,0.0,0.0,0.0,one,SR,1
0,1707,1178,1177,0,71.4523,54.6047,5.3742,5.3742,0.0,3002,2306,2306,0,-23.37,30.5,30.5,0.0,20,0.0,0.0,0.0,many,SR,2
0,1708,4575,0,0,16.2416,14.188,0.4576,0.0,0.0,1097,843,0,0,-2.85,15.96,0.0,0.0,12,0.0,0.0,0.0,one,SR,1
0,1728,2528,423,0,30.8559,21.3356,3.5279,3.5243,0.0,1129,798,813,0,-10.36,12.29,12.39,0.0,60,0.0,6.0,0.0,many,SR,2
0,1730,1976,778,0,48.2194,35.2044,3.6612,5.2339,0.0,2189,867,2121,0,-14.09,13.07,28.13,0.0,128,0.0,3.0,0.0,many,SR,2
0,1732,6983,539,0,35.8963,24.6253,4.0845,4.0845,0.0,1519,1082,1082,0,-11.97,15.51,15.51,0.0,225,0.0,0.0,0.0,many,SR,2
0,1733,8495,6867,0,32.899,22.9286,3.7253,3.3699,0.0,1249,973,1156,0,-12.76,13.99,14.76,0.0,201,25.0,140.0,0.0,many,SR,2
0,1741,6081,0,0,19.2376,17.0343,0.2339,0.0,0.0,1681,1107,0,0,-0.07,19.69,0.0,0.0,47,0.0,0.0,0.0,one,SR,1
0,1742,3438,866,865,75.1164,55.1209,3.6168,4.8334,4.8334,2289,2289,1528,1528,-36.37,25.73,20.69,20.69,361,361.0,0.0,0.0,many,SR,3
0,1745,9176,0,0,17.8931,15.7624,0.3353,0.0,0.0,1232,984,0,0,-3.22,17.95,0.0,0.0,27,0.0,0.0,0.0,one,SR,1
0,1746,2573,1132,1131,55.0209,38.2182,3.7005,4.2455,4.2455,1849,882,1162,1162,-22.08,13.25,16.43,16.43,224,-1.0,-1.0,-1.0,many,SR,3
0,1749,8447,0,0,14.753,12.6724,0.404,0.0,0.0,1180,900,0,0,-2.7,16.77,0.0,0.0,165,0.0,0.0,0.0,one,SR,1
0,1753,6500,0,0,15.7263,13.685,0.4849,0.0,0.0,1081,815,0,0,-2.66,15.56,0.0,0.0,22,0.0,0.0,0.0,one,SR,1
0,1754,9080,0,0,14.7563,12.6424,0.3694,0.0,0.0,1324,948,0,0,-1.8,17.44,0.0,0.0,209,0.0,0.0,0.0,one,SR,1
0,1757,34,0,0,15.2289,13.1695,0.4351,0.0,0.0,1294,863,0,0,-1.03,16.24,0.0,0.0,99,0.0,0.0,0.0,one,SR,1
0,1775,8490,3893,0,89.8922,69.3815,6.0299,6.028,0.0,4090,3240,3240,0,-33.13,42.26,42.26,0.0,457,0.0,0.0,0.0,many,SR,2
0,1777,6996,3548,3461,72.5744,53.4308,4.0412,4.9586,4.0412,2416,1056,2416,1056,-29.56,15.22,30.6,15.22,102,0.0,102.0,0.0,many,SR,3
0,1780,6176,5727,53,45.018,31.1664,3.2337,3.4465,3.463,1389,998,769,762,-18.79,13.29,11.92,11.88,151,112.0,4.0,0.0,many,SR,3
0,1781,2815,2814,0,36.5573,25.3914,4.0512,4.0512,0.0,1698,1065,1065,0,-9.74,15.32,15.32,0.0,149,0.0,0.0,0.0,many,SR,2
0,1782,8334,0,0,18.0511,15.9174,0.3497,0.0,0.0,1102,976,0,0,-4.49,17.84,0.0,0.0,10,0.0,0.0,0.0,one,SR,1
0,1789,5883,5882,0,39.9077,27.0659,4.5841,4.5841,0.0,2664,1334,1334,0,-5.09,18.37,18.37,0.0,409,0.0,0.0,0.0,many,SR,2
0,1795,5215,0,0,15.9817,13.8717,0.3797,0.0,0.0,1486,938,0,0,0.03,17.3,0.0,0.0,116,0.0,0.0,0.0,one,SR,1
0,1796,8338,3836,0,39.7579,28.3637,3.9177,4.0026,0.0,1690,994,1686,0,-13.52,14.51,20.23,0.0,198,0.0,195.0,0.0,many,SR,2
0,1808,7738,0,0,21.8037,19.5105,0.0976,0.0,0.0,1535,1267,0,0,-3.64,21.96,0.0,0.0,17,0.0,0.0,0.0,one,SR,1
0,1811,8866,0,0,16.0361,13.8842,0.3184,0.0,0.0,1333,1011,0,0,-2.51,18.34,0.0,0.0,179,0.0,0.0,0.0,one,SR,1
0,1813,7178,5054,0,37.0666,25.1301,4.5136,4.0805,0.0,2031,1298,1078,0,-8.76,17.96,15.46,0.0,338,0.0,0.0,0.0,many,SR,2
0,1814,7776,7775,3594,72.7971,53.1717,4.4746,4.4746,4.5499,2060,1282,1282,2060,-33.51,17.78,17.78,25.71,134,0.0,0.0,134.0,many,SR,3
0,1817,7862,0,0,17.2934,15.105,0.2602,0.0,0.0,1155,1078,0,0,-5.23,19.28,0.0,0.0,154,0.0,0.0,0.0,one,SR,1
0,1819,4468,3400,0,29.2026,20.1677,3.3751,3.3766,0.0,1101,721,722,0,-8.99,11.42,11.42,0.0,26,0.0,1.0,0.0,many,SR,2
0,1820,7677,562,561,88.6959,66.2286,5.3461,4.8557,4.8557,2472,2472,1549,1549,-40.73,32.18,20.96,20.96,32,32.0,0.0,0.0,many,SR,3
0,1824,5892,5891,0,29.245,19.4477,3.6198,3.6198,0.0,1595,842,842,0,-6.27,12.79,12.79,0.0,244,0.0,0.0,0.0,many,SR,2
0,1825,6515,0,0,16.4024,14.2269,0.2839,0.0,0.0,1350,1052,0,0,-2.85,18.92,0.0,0.0,191,0.0,0.0,0.0,one,SR,1
0,1831,6421,0,0,16.8965,14.637,0.1516,0.0,0.0,2641,1205,0,0,8.76,21.08,0.0,0.0,296,0.0,0.0,0.0,one,SR,1
0,1833,4032,0,0,12.6243,10.6423,0.567,0.0,0.0,1359,715,0,0,1.53,14.15,0.0,0.0,143,0.0,0.0,0.0,one,SR,1
0,1835,9073,5585,4593,70.7687,52.0288,3.9001,4.7874,3.9099,3295,1042,2597,990,-20.69,14.86,32.1,14.47,222,17.0,164.0,0.0,many,SR,3
0,1836,9260,1703,0,83.3271,65.1608,5.6242,4.786,0.0,3641,3453,2777,0,-31.57,43.51,34.05,0.0,317,114.0,189.0,0.0,many,SR,2
0,1846,8758,1068,0,47.1349,34.0473,4.6132,4.5746,0.0,1910,1578,1333,0,-15.04,20.64,18.36,0.0,72,54.0,0.0,0.0,many,SR,2
0,1847,7328,0,0,13.2282,11.1884,0.4777,0.0,0.0,1465,819,0,0,1.32,15.62,0.0,0.0,196,0.0,0.0,0.0,one,SR,1
0,1851,7055,0,0,15.5871,13.5597,0.4865,0.0,0.0,1206,804,0,0,-1.2,15.41,0.0,0.0,21,0.0,0.0,0.0,one,SR,1
0,1861,3165,3164,491,64.0113,46.2895,3.7808,3.7808,4.8784,1976,929,929,1943,-26.79,13.77,13.77,25.27,85,0.0,0.0,52.0,many,SR,3
0,1863,5831,0,0,16.7028,14.5186,0.2616,0.0,0.0,1404,1074,0,0,-2.56,19.23,0.0,0.0,190,0.0,0.0,0.0,one,SR,1
0,1865,3970,492,0,77.6342,59.4891,5.7684,4.9445,0.0,4812,2861,2998,0,-16.36,37.49,36.83,0.0,505,0.0,189.0,0.0,many,SR,2
0,1871,4551,4550,0,30.2639,19.9554,3.7824,3.7824,0.0,1965,924,924,0,-4.06,13.72,13.72,0.0,323,0.0,0.0,0.0,many,SR,2
0,1877,4705,0,0,21.0693,18.8028,0.16,0.0,0.0,1829,1204,0,0,0.25,21.06,0.0,0.0,11,0.0,0.0,0.0,one,SR,1
0,1883,8906,2708,0,54.5529,39.6593,4.6526,5.2646,0.0,2434,1530,2244,0,-19.23,20.23,29.54,0.0,350,39.0,14.0,0.0,many,SR,2
0,1884,7002,6659,0,35.0769,24.4023,3.9041,3.8885,0.0,1445,989,981,0,-10.77,14.46,14.36,0.0,105,0.0,0.0,0.0,many,SR,2
0,1888,8616,0,0,21.4415,19.1416,0.0972,0.0,0.0,1771,1272,0,0,-1.23,22.03,0.0,0.0,47,0.0,0.0,0.0,one,SR,1
0,1889,6270,3332,0,42.6099,29.7132,4.6001,4.5959,0.0,2019,1346,1347,0,-12.11,18.5,18.5,0.0,245,0.0,1.0,0.0,many,SR,2
0,1892,9207,8335,0,34.4661,24.1546,3.9043,3.5809,0.0,1288,1017,952,0,-11.91,14.68,13.58,0.0,88,8.0,40.0,0.0,many,SR,2
0,1895,7317,0,0,19.297,17.041,0.1707,0.0,0.0,1756,1189,0,0,-0.33,20.85,0.0,0.0,118,0.0,0.0,0.0,one,SR,1
0,1896,7130,4797,3175,85.337,63.3836,4.2786,4.9413,5.2168,3231,1181,1681,2849,-33.72,16.63,22.61,35.93,291,0.0,1.0,112.0,many,SR,3
0,1898,7832,0,0,14.265,12.1994,0.4258,0.0,0.0,1259,874,0,0,-1.54,16.4,0.0,0.0,175,0.0,0.0,0.0,one,SR,1
0,1899,5418,0,0,14.6591,12.6801,0.5527,0.0,0.0,1077,723,0,0,-1.53,14.26,0.0,0.0,11,0.0,0.0,0.0,one,SR,1
0,1900,5664,0,0,14.5127,12.4168,0.4051,0.0,0.0,1314,910,0,0,-1.42,16.91,0.0,0.0,191,0.0,0.0,0.0,one,SR,1
0,1901,1258,0,0,15.5999,13.5752,0.4952,0.0,0.0,1442,796,0,0,1.38,15.3,0.0,0.0,13,0.0,0.0,0.0,one,SR,1
0,1902,6459,1164,211,52.9126,37.2038,3.7494,3.1936,4.1923,2449,1038,1236,1137,-15.45,14.56,15.04,16.13,270,40.0,195.0,0.0,many,SR,3
0,1904,6353,3863,3100,74.0859,53.5999,4.8031,4.8144,4.8144,2866,1482,1490,1490,-24.39,20.11,20.21,20.21,61,0.0,0.0,0.0,many,SR,3
0,1907,7808,1154,0,40.1979,28.4064,4.2412,4.259,0.0,1858,1160,1171,0,-10.11,16.39,16.52,0.0,83,0.0,0.0,0.0,many,SR,2
0,1909,7479,5113,0,38.4761,27.3126,4.3104,3.7034,0.0,1993,1292,971,0,-7.42,17.55,13.94,0.0,71,30.0,27.0,0.0,many,SR,2
0,1911,3689,0,0,17.7266,15.5693,0.3152,0.0,0.0,1389,1017,0,0,-1.99,18.42,0.0,0.0,69,0.0,0.0,0.0,one,SR,1
0,1913,4007,1801,0,31.3283,21.5627,3.6062,3.6041,0.0,1127,843,841,0,-11.16,12.79,12.77,0.0,98,1.0,1.0,0.0,many,SR,2
0,1924,5663,5662,0,37.6777,26.4224,4.0823,4.0823,0.0,1429,1077,1077,0,-12.81,15.45,15.45,0.0,95,0.0,0.0,0.0,many,SR,2
0,1927,9714,338,0,58.3641,43.2668,5.039,5.0188,0.0,3102,2011,1789,0,-12.78,26.43,23.97,0.0,143,28.0,1.0,0.0,many,SR,2
0,1933,3330,2829,0,34.5369,24.3121,3.626,3.8394,0.0,1214,850,1037,0,-12.09,12.88,14.72,0.0,36,0.0,25.0,0.0,many,SR,2
0,1940,6127,6126,0,66.8157,49.8349,5.398,5.398,0.0,3601,2340,2340,0,-17.85,30.92,30.92,0.0,398,0.0,0.0,0.0,many,SR,2
0,1943,6734,4494,0,41.6256,29.3648,4.3745,4.3863,0.0,2066,1229,1310,0,-9.81,17.18,17.82,0.0,146,0.0,24.0,0.0,many,SR,2
0,1954,3951,0,0,15.4106,13.3604,0.4485,0.0,0.0,1561,847,0,0,1.98,16.02,0.0,0.0,72,0.0,0.0,0.0,one,SR,1
0,1955,7788,7787,3820,75.5631,55.2723,4.7936,4.7936,4.2325,2070,1463,1463,2070,-36.51,19.87,19.87,24.96,203,0.0,0.0,203.0,many,SR,3
0,1959,2224,0,0,16.8167,14.7113,0.3723,0.0,0.0,1269,940,0,0,-2.27,17.33,0.0,0.0,61,0.0,0.0,0.0,one,SR,1
0,1960,7508,0,0,19.2178,16.9455,0.1516,0.0,0.0,1593,1214,0,0,-2.36,21.21,0.0,0.0,146,0.0,0.0,0.0,one,SR,1
0,1961,720,0,0,17.9342,15.7702,0.2866,0.0,0.0,1283,1042,0,0,-3.42,18.77,0.0,0.0,77,0.0,0.0,0.0,one,SR,1
0,1965,6885,3647,0,47.629,34.3121,4.7057,4.7584,0.0,2769,1396,1432,0,-5.6,19.07,19.46,0.0,25,0.0,2.0,0.0,many,SR,2
0,1973,4101,0,0,17.0448,14.9352,0.3708,0.0,0.0,1216,944,0,0,-2.88,17.39,0.0,0.0,49,0.0,0.0,0.0,one,SR,1
0,1975,8216,8215,0,50.7123,36.5585,4.9005,4.9005,0.0,3013,1613,1613,0,-7.54,21.76,21.76,0.0,179,0.0,0.0,0.0,many,SR,2
0,1982,1303,1302,0,49.7845,35.4774,4.923,4.923,0.0,2133,1656,1656,0,-17.75,22.31,22.31,0.0,319,0.0,0.0,0.0,many,SR,2
0,1983,136,0,0,14.4637,12.3883,0.4398,0.0,0.0,1497,871,0,0,1.0,16.36,0.0,0.0,159,0.0,0.0,0.0,one,SR,1
0,1984,1621,1620,0,26.455,17.2147,3.4434,3.4434,0.0,2939,752,752,0,9.68,11.77,11.77,0.0,271,0.0,0.0,0.0,many,SR,2
0,1989,4512,1911,0,34.4717,24.1423,4.0747,3.4748,0.0,2199,1127,769,0,-1.93,15.84,11.96,0.0,60,16.0,0.0,0.0,many,SR,2
0,1990,6268,0,0,16.9585,14.7819,0.2822,0.0,0.0,1319,1054,0,0,-3.2,18.94,0.0,0.0,155,0.0,0.0,0.0,one,SR,1
0,1995,5391,847,0,34.718,24.2399,3.5668,3.9544,0.0,1621,814,1320,0,-9.59,12.47,17.1,0.0,162,0.0,98.0,0.0,many,SR,2
0,1999,2583,0,0,13.5365,11.5298,0.5309,0.0,0.0,1296,758,0,0,0.33,14.76,0.0,0.0,120,0.0,0.0,0.0,one,SR,1
0,2002,9410,3569,0,38.985,26.9243,4.6627,4.008,0.0,1582,1377,1041,0,-13.9,18.86,15.04,0.0,245,0.0,0.0,0.0,many,SR,2
0,2009,5106,0,0,16.2496,14.1352,0.3826,0.0,0.0,1320,939,0,0,-1.73,17.32,0.0,0.0,99,0.0,0.0,0.0,one,SR,1
0,2012,1626,0,0,13.3315,11.3051,0.4926,0.0,0.0,1280,799,0,0,-0.36,15.34,0.0,0.0,171,0.0,0.0,0.0,one,SR,1
0,2013,7639,2208,0,39.1083,27.8098,3.6735,4.2294,0.0,1458,1458,1153,0,-15.25,17.64,16.32,0.0,188,188.0,0.0,0.0,many,SR,2
0,2023,7451,0,0,16.9424,14.7972,0.3188,0.0,0.0,1518,1006,0,0,-0.5,18.26,0.0,0.0,112,0.0,0.0,0.0,one,SR,1
0,2025,7955,0,0,16.9952,14.8086,0.2583,0.0,0.0,1239,1078,0,0,-4.35,19.28,0.0,0.0,174,0.0,0.0,0.0,one,SR,1
0,2026,4146,0,0,18.3518,16.173,0.2604,0.0,0.0,1382,1071,0,0,-2.75,19.18,0.0,0.0,75,0.0,0.0,0.0,one,SR,1
0,2027,8851,0,0,18.1838,16.0529,0.3398,0.0,0.0,1351,981,0,0,-1.93,17.91,0.0,0.0,5,0.0,0.0,0.0,one,SR,1
0,2028,9137,9136,0,62.8343,46.8571,5.22,5.22,0.0,3499,2083,2083,0,-13.09,27.69,27.69,0.0,203,0.0,0.0,0.0,many,SR,2
0,2029,1315,1314,0,34.3039,23.1058,4.0628,4.0628,0.0,2118,1069,1069,0,-5.41,15.36,15.36,0.0,310,0.0,0.0,0.0,many,SR,2
0,2032,2097,0,0,14.5632,12.4544,0.3814,0.0,0.0,1296,936,0,0,-1.94,17.28,0.0,0.0,211,0.0,0.0,0.0,one,SR,1
0,2034,2225,0,0,19.6838,17.3892,0.1189,0.0,0.0,1792,1253,0,0,-0.77,21.76,0.0,0.0,150,0.0,0.0,0.0,one,SR,1
0,2038,7339,0,0,13.9267,11.8918,0.4756,0.0,0.0,1177,817,0,0,-1.67,15.59,0.0,0.0,146,0.0,0.0,0.0,one,SR,1
0,2039,5738,5737,0,92.1772,72.045,5.9644,5.9644,0.0,3604,3141,3141,0,-35.99,41.02,41.02,0.0,122,0.0,0.0,0.0,many,SR,2
0,2043,2387,2386,0,32.97,23.0265,3.6668,3.6668,0.0,1719,865,865,0,-5.44,13.05,13.05,0.0,32,0.0,0.0,0.0,many,SR,2
0,2045,9179,5944,0,32.9412,22.787,3.714,3.7397,0.0,1383,891,926,0,-9.78,13.34,13.66,0.0,104,0.0,7.0,0.0,many,SR,2
0,2050,8411,0,0,12.1817,10.1979,0.5645,0.0,0.0,1203,718,0,0,-0.14,14.19,0.0,0.0,176,0.0,0.0,0.0,one,SR,1
0,2056,654,0,0,14.7863,12.7683,0.5097,0.0,0.0,1629,781,0,0,3.53,15.08,0.0,0.0,55,0.0,0.0,0.0,one,SR,1
0,2063,6547,0,0,16.2865,14.1626,0.3639,0.0,0.0,1261,959,0,0,-2.6,17.6,0.0,0.0,115,0.0,0.0,0.0,one,SR,1
0,2065,7647,5017,0,37.0668,26.2319,3.8728,3.9827,0.0,1376,1049,1031,0,-12.37,14.86,14.93,0.0,40,24.0,0.0,0.0,many,SR,2
0,2071,2468,2467,0,51.8278,37.3287,4.9585,4.9585,0.0,2509,1704,1704,0,-14.89,22.91,22.91,0.0,267,0.0,0.0,0.0,many,SR,2
0,2072,8056,0,0,17.3489,15.1281,0.2176,0.0,0.0,1319,1131,0,0,-4.18,20.03,0.0,0.0,198,0.0,0.0,0.0,one,SR,1
0,2077,8607,0,0,13.6627,11.5795,0.4236,0.0,0.0,1657,888,0,0,2.46,16.6,0.0,0.0,229,0.0,0.0,0.0,one,SR,1
0,2078,4806,0,0,18.9623,16.7654,0.2432,0.0,0.0,1358,1096,0,0,-3.32,19.54,0.0,0.0,56,0.0,0.0,0.0,one,SR,1
0,2081,3976,2620,0,61.2298,45.1941,5.2329,5.2329,0.0,3725,2096,2096,0,-11.02,27.85,27.85,0.0,337,0.0,0.0,0.0,many,SR,2
0,2084,6172,0,0,15.766,13.731,0.48,0.0,0.0,1066,814,0,0,-2.8,15.55,0.0,0.0,18,0.0,0.0,0.0,one,SR,1
0,2088,8416,5565,0,38.0333,26.1005,4.1255,4.4548,0.0,1958,1125,1268,0,-9.61,15.91,17.62,0.0,278,8.0,0.0,0.0,many,SR,2
0,2089,503,502,0,41.5251,29.0127,4.4784,4.4784,0.0,2877,1282,1282,0,-1.79,17.78,17.78,0.0,204,0.0,0.0,0.0,many,SR,2
0,2090,3434,2172,0,31.1674,21.4998,3.4671,3.4829,0.0,1583,1189,770,0,-7.84,15.19,11.98,0.0,202,135.0,-1.0,0.0,many,SR,2
0,2104,3166,0,0,19.7408,17.4618,0.123,0.0,0.0,2735,1239,0,0,9.31,21.56,0.0,0.0,133,0.0,0.0,0.0,one,SR,1
0,2106,1551,1550,0,54.2423,39.4215,5.0135,5.0135,0.0,2045,1788,1788,0,-21.67,23.97,23.97,0.0,254,0.0,0.0,0.0,many,SR,2
0,2109,9662,7144,6302,94.8635,71.4366,5.1447,5.1249,5.1225,2338,2177,1946,1941,-47.76,28.5,25.95,25.9,60,29.0,1.0,0.0,many,SR,3
0,2115,9634,6571,0,30.9238,21.2429,3.5788,3.5728,0.0,1881,848,819,0,-3.01,12.77,12.53,0.0,104,8.0,0.0,0.0,many,SR,2
0,2121,7672,0,0,23.0524,20.7145,0.0321,0.0,0.0,1870,1345,0,0,-1.12,23.06,0.0,0.0,3,0.0,0.0,0.0,one,SR,1
0,2123,2643,0,0,17.8285,15.549,0.1363,0.0,0.0,1786,1230,0,0,-0.54,21.43,0.0,0.0,255,0.0,0.0,0.0,one,SR,1
0,2125,4152,1107,1106,64.91,46.6339,4.6955,4.1786,4.1786,1509,1509,1130,1130,-31.17,20.13,16.05,16.05,26,26.0,0.0,0.0,many,SR,3
0,2131,4263,4260,0,47.5331,34.3038,4.7076,4.7076,0.0,1833,1396,1396,0,-15.08,19.07,19.07,0.0,2,0.0,0.0,0.0,many,SR,2
0,2132,3806,1942,0,73.1692,56.3184,4.6989,5.5147,0.0,2852,2736,2504,0,-29.79,33.38,32.99,0.0,233,201.0,0.0,0.0,many,SR,2
0,2134,7622,4717,0,39.6577,27.7097,3.414,5.0025,0.0,2349,736,1768,0,-7.12,11.59,23.73,0.0,278,0.0,-1.0,0.0,many,SR,2
0,2136,6014,2142,0,44.0035,31.0679,4.6118,4.6118,0.0,1606,1351,1351,0,-16.55,18.56,18.56,0.0,160,0.0,0.0,0.0,many,SR,2
0,2140,2890,0,0,16.2129,14.1041,0.3628,0.0,0.0,1421,949,0,0,-0.79,17.46,0.0,0.0,110,0.0,0.0,0.0,one,SR,1
0,2141,9372,0,0,15.1341,13.0386,0.3822,0.0,0.0,1427,926,0,0,-0.44,17.13,0.0,0.0,163,0.0,0.0,0.0,one,SR,1
0,2146,337,0,0,18.6223,16.4409,0.2658,0.0,0.0,1416,1069,0,0,-2.37,19.16,0.0,0.0,55,0.0,0.0,0.0,one,SR,1
0,2149,6783,4435,1566,62.3294,44.0139,4.3805,4.3824,4.3824,2521,1234,1234,1234,-20.06,17.23,17.23,17.23,172,0.0,0.0,0.0,many,SR,3
0,2150,4212,0,0,22.0582,19.7561,0.108,0.0,0.0,1266,1266,0,0,-6.45,21.94,0.0,0.0,0,0.0,0.0,0.0,one,SR,1
0,2151,5964,3476,0,35.119,24.6104,3.8356,3.7059,0.0,1755,955,1186,0,-8.28,14.07,15.6,0.0,143,0.0,96.0,0.0,many,SR,2
0,2153,8124,7686,0,55.3864,40.5392,5.0167,4.9146,0.0,2097,1779,1936,0,-22.23,23.86,25.3,0.0,253,0.0,42.0,0.0,many,SR,2
0,2154,6839,3431,2755,54.2441,37.6833,3.6239,4.7847,3.6027,3250,846,1453,860,-6.82,12.83,19.75,12.91,223,0.0,0.0,7.0,many,SR,3
0,2155,6641,673,672,79.6314,56.9513,5.0674,5.0655,5.0655,4369,1865,1865,1865,-21.46,24.94,24.94,24.94,708,0.0,0.0,0.0,many,SR,3
0,2159,4637,1930,0,32.9324,22.602,3.7866,3.7866,0.0,1400,930,930,0,-10.12,13.79,13.79,0.0,151,0.0,0.0,0.0,many,SR,2
0,2164,9749,0,0,15.8787,13.7461,0.3513,0.0,0.0,1428,974,0,0,-1.04,17.81,0.0,0.0,156,0.0,0.0,0.0,one,SR,1
0,2167,8871,8548,3829,92.859,69.5864,5.1939,4.765,5.1453,2258,2043,2163,2050,-49.81,27.18,27.37,27.13,268,0.0,105.0,11.0,many,SR,3
0,2170,6581,1816,0,41.6428,29.6671,4.1431,4.472,0.0,2110,1109,1285,0,-8.09,15.82,17.79,0.0,40,0.0,2.0,0.0,many,SR,2
0,2175,5703,1375,0,40.1811,28.6402,4.1707,4.1707,0.0,2242,1125,1125,0,-5.25,16.0,16.0,0.0,11,0.0,0.0,0.0,many,SR,2
0,2177,9015,3311,427,69.4863,49.9494,4.6471,4.641,4.6376,2215,1363,1363,1363,-27.24,18.71,18.7,18.71,38,-1.0,0.0,-1.0,many,SR,3
0,2178,8333,8332,0,39.1065,27.7279,4.1179,4.1179,0.0,1850,1100,1100,0,-8.86,15.71,15.71,0.0,38,0.0,0.0,0.0,many,SR,2
0,2180,8504,0,0,17.2787,15.064,0.2171,0.0,0.0,1674,1127,0,0,-0.4,19.98,0.0,0.0,199,0.0,0.0,0.0,one,SR,1
0,2188,7454,7453,0,47.9868,34.1186,4.8434,4.8434,0.0,1807,1545,1545,0,-18.66,20.91,20.91,0.0,240,0.0,0.0,0.0,many,SR,2
0,2197,5357,0,0,15.6712,13.5246,0.3215,0.0,0.0,1259,1005,0,0,-3.21,18.25,0.0,0.0,198,0.0,0.0,0.0,one,SR,1
0,2199,8356,0,0,13.5426,11.518,0.5093,0.0,0.0,1258,786,0,0,-0.43,15.15,0.0,0.0,145,0.0,0.0,0.0,one,SR,1
0,2212,7655,693,0,34.7808,24.4844,3.773,3.7786,0.0,1399,925,924,0,-10.01,13.73,13.72,0.0,15,0.0,0.0,0.0,many,SR,2
0,2216,2358,0,0,15.4699,13.4182,0.4557,0.0,0.0,1339,843,0,0,-0.3,15.96,0.0,0.0,65,0.0,0.0,0.0,one,SR,1
0,2218,1036,0,0,21.5093,19.1831,0.0727,0.0,0.0,2040,1308,0,0,1.14,22.54,0.0,0.0,75,0.0,0.0,0.0,one,SR,1
0,2222,9745,0,0,20.9434,18.6464,0.0873,0.0,0.0,1600,1277,0,0,-3.09,22.1,0.0,0.0,85,0.0,0.0,0.0,one,SR,1
0,2235,8505,0,0,18.7473,16.5055,0.1821,0.0,0.0,1448,1171,0,0,-3.33,20.6,0.0,0.0,139,0.0,0.0,0.0,one,SR,1
0,2242,587,0,0,16.9933,14.8019,0.256,0.0,0.0,1265,1083,0,0,-4.14,19.35,0.0,0.0,179,0.0,0.0,0.0,one,SR,1
0,2243,9135,9134,0,36.5009,25.7816,3.9119,3.9119,0.0,1874,991,991,0,-6.38,14.48,14.48,0.0,19,0.0,0.0,0.0,many,SR,2
0,2248,5925,5333,5000,60.2669,43.0049,3.7928,4.3492,4.3355,1404,931,1219,1211,-28.32,13.81,17.06,16.97,4,-1.0,0.0,0.0,many,SR,3
0,2253,7230,4076,4075,80.1819,58.1684,4.9876,4.9876,4.9876,3614,1751,1751,1751,-25.51,23.5,23.5,23.5,361,0.0,0.0,0.0,many,SR,3
0,2255,7298,5016,0,38.2196,26.9828,3.9326,4.0492,0.0,1410,1344,1063,0,-14.49,17.26,15.29,0.0,158,108.0,0.0,0.0,many,SR,2
0,2257,8423,8422,0,33.9567,23.9024,3.6985,3.6985,0.0,1483,886,886,0,-8.35,13.29,13.29,0.0,1,0.0,0.0,0.0,many,SR,2
0,2259,4414,2022,0,35.7557,25.2709,3.6979,3.8845,0.0,1068,1068,978,0,-14.91,14.69,14.33,0.0,58,58.0,0.0,0.0,many,SR,2
0,2261,8878,7156,0,32.8106,22.9635,3.633,3.6337,0.0,1727,855,851,0,-5.09,12.91,12.89,0.0,18,2.0,0.0,0.0,many,SR,2
0,2273,5509,1910,0,47.2075,33.6029,4.793,4.7965,0.0,2405,1483,1478,0,-10.88,20.09,20.06,0.0,173,3.0,0.0,0.0,many,SR,2
0,2298,2792,0,0,15.2877,13.2553,0.4887,0.0,0.0,1139,806,0,0,-1.93,15.44,0.0,0.0,44,0.0,0.0,0.0,one,SR,1
0,2305,8155,663,0,35.6096,25.0649,4.0367,3.5376,0.0,1363,1337,801,0,-12.42,17.38,12.32,0.0,114,90.0,0.0,0.0,many,SR,2
0,2307,3718,0,0,17.0062,14.9233,0.4006,0.0,0.0,1480,904,0,0,0.4,16.82,0.0,0.0,15,0.0,0.0,0.0,one,SR,1
0,2308,7652,189,187,55.6784,39.4519,4.2207,3.7688,3.7688,1299,1289,919,919,-26.57,17.36,13.66,13.66,52,44.0,0.0,0.0,many,SR,3
0,2310,6390,4387,1534,72.8237,53.1521,4.6076,4.6076,4.191,2144,1345,1345,2144,-33.88,18.49,18.49,25.67,221,0.0,0.0,221.0,many,SR,3
0,2316,3927,0,0,19.5756,17.2344,0.0367,0.0,0.0,1558,1344,0,0,-4.38,23.04,0.0,0.0,239,0.0,0.0,0.0,one,SR,1
0,2325,4793,4792,0,59.0697,43.273,5.189,5.189,0.0,2725,2036,2036,0,-20.16,27.09,27.09,0.0,375,0.0,0.0,0.0,many,SR,2
0,2329,7699,0,0,15.7819,13.6303,0.3095,0.0,0.0,1262,1017,0,0,-3.33,18.42,0.0,0.0,201,0.0,0.0,0.0,one,SR,1
0,2332,3186,569,0,39.438,28.1973,4.6707,3.3708,0.0,1567,1564,714,0,-12.34,20.66,11.34,0.0,41,39.0,0.0,0.0,many,SR,2
0,2337,4900,3645,260,55.6607,38.575,4.124,4.124,4.1235,1642,1100,1100,1098,-25.19,15.73,15.73,15.69,263,-1.0,-1.0,0.0,many,SR,3
0,2338,4955,1890,0,53.0335,39.1558,4.8741,4.2688,0.0,2627,2451,1177,0,-15.03,30.76,16.59,0.0,236,124.0,0.0,0.0,many,SR,2
0,2342,6400,2192,0,43.388,30.4264,4.7282,4.4176,0.0,1799,1557,1250,0,-15.45,20.74,17.42,0.0,267,25.0,0.0,0.0,many,SR,2
0,2345,9402,0,0,21.857,19.537,0.0678,0.0,0.0,1758,1307,0,0,-1.81,22.52,0.0,0.0,50,0.0,0.0,0.0,one,SR,1
0,2349,9918,9917,0,64.5714,47.9479,5.3403,5.3403,0.0,4011,2244,2244,0,-11.37,29.71,29.71,0.0,378,0.0,0.0,0.0,many,SR,2
0,2355,8198,0,0,16.8242,14.7027,0.3629,0.0,0.0,1207,958,0,0,-3.15,17.59,0.0,0.0,77,0.0,0.0,0.0,one,SR,1
0,2359,5378,0,0,15.897,13.7114,0.2785,0.0,0.0,1479,1063,0,0,-1.63,19.07,0.0,0.0,236,0.0,0.0,0.0,one,SR,1
0,2361,2857,2856,0,29.8484,20.4424,3.4945,3.4945,0.0,1422,780,780,0,-6.82,12.09,12.09,0.0,90,0.0,0.0,0.0,many,SR,2
0,2363,3475,1305,0,40.7127,27.6509,4.651,4.651,0.0,2856,1372,1372,0,-3.85,18.8,18.8,0.0,422,0.0,0.0,0.0,many,SR,2
0,2364,5020,0,0,16.8988,14.8033,0.3963,0.0,0.0,1383,916,0,0,-0.77,16.99,0.0,0.0,34,0.0,0.0,0.0,one,SR,1
0,2366,8012,0,0,12.6383,10.594,0.4851,0.0,0.0,1540,817,0,0,2.14,15.59,0.0,0.0,235,0.0,0.0,0.0,one,SR,1
0,2373,1120,0,0,20.8271,18.4603,0.0086,0.0,0.0,2127,1382,0,0,1.11,23.58,0.0,0.0,189,0.0,0.0,0.0,one,SR,1
0,2377,8491,4635,0,31.5785,22.0198,3.3924,3.3523,0.0,1411,725,1411,0,-10.51,11.46,16.68,0.0,226,0.0,226.0,0.0,many,SR,2
0,2383,5638,1536,0,35.7522,25.0649,3.1957,4.3828,0.0,1336,1082,1233,0,-13.95,13.85,17.23,0.0,199,146.0,-1.0,0.0,many,SR,2
0,2390,6507,963,0,40.4378,28.9881,4.7046,3.3671,0.0,2061,1721,715,0,-8.76,22.43,11.35,0.0,97,55.0,0.0,0.0,many,SR,2
0,2392,3163,0,0,15.1441,13.119,0.504,0.0,0.0,1323,790,0,0,0.2,15.21,0.0,0.0,39,0.0,0.0,0.0,one,SR,1
0,2393,9112,0,0,18.9224,16.7293,0.2676,0.0,0.0,1319,1076,0,0,-3.48,19.25,0.0,0.0,41,0.0,0.0,0.0,one,SR,1
0,2398,5841,0,0,14.1872,12.0999,0.4177,0.0,0.0,2135,895,0,0,7.39,16.7,0.0,0.0,200,0.0,0.0,0.0,one,SR,1
0,2406,667,0,0,15.1134,13.0535,0.4483,0.0,0.0,1275,854,0,0,-1.12,16.12,0.0,0.0,99,0.0,0.0,0.0,one,SR,1
0,2409,9041,8541,0,41.1199,29.3914,3.7883,4.6375,0.0,1440,927,1437,0,-14.6,13.75,19.27,0.0,23,0.0,23.0,0.0,many,SR,2
0,2416,7221,0,0,18.9417,16.6453,0.1023,0.0,0.0,1393,1266,0,0,-5.12,21.94,0.0,0.0,212,0.0,0.0,0.0,one,SR,1
0,2418,9751,5231,0,30.3094,20.5209,3.6326,3.5926,0.0,1352,861,832,0,-8.87,12.96,12.67,0.0,174,4.0,0.0,0.0,many,SR,2
0,2420,9192,5931,0,38.0277,26.8807,3.7183,4.3494,0.0,1368,893,1265,0,-13.35,13.38,17.42,0.0,57,-1.0,15.0,0.0,many,SR,2
0,2436,4326,2171,0,40.3989,28.6751,4.2769,3.9707,0.0,1493,1178,1451,0,-15.61,16.61,18.15,0.0,178,-1.0,136.0,0.0,many,SR,2
0,2438,1989,0,0,17.6969,15.4902,0.2289,0.0,0.0,1661,1113,0,0,-0.36,19.78,0.0,0.0,158,0.0,0.0,0.0,one,SR,1
0,2440,7846,3169,0,64.9255,48.6653,5.2699,5.2641,0.0,2874,2157,2163,0,-21.36,28.62,28.64,0.0,196,0.0,4.0,0.0,many,SR,2
0,2443,2769,2767,0,36.8621,26.1333,3.9121,3.9121,0.0,1635,995,995,0,-8.97,14.52,14.52,0.0,1,0.0,0.0,0.0,many,SR,2
0,2444,6542,962,0,35.1115,24.3932,3.7754,3.9158,0.0,1458,1190,993,0,-11.94,15.77,14.5,0.0,195,85.0,0.0,0.0,many,SR,2
0,2445,8473,6033,2555,64.1535,45.5629,4.4394,4.4374,4.4394,2312,1265,1264,1265,-23.19,17.59,17.57,17.59,130,0.0,0.0,0.0,many,SR,3
0,2450,7233,0,0,15.2286,13.0826,0.3364,0.0,0.0,1384,994,0,0,-1.75,18.1,0.0,0.0,219,0.0,0.0,0.0,one,SR,1
0,2454,5064,5063,0,30.7481,21.4116,3.4711,3.4711,0.0,1166,770,770,0,-9.31,11.97,11.97,0.0,10,0.0,0.0,0.0,many,SR,2
0,2461,6396,4064,4063,111.7149,84.833,5.5696,5.5696,5.5696,4176,2577,2577,2577,-47.71,33.91,33.91,33.91,459,0.0,0.0,0.0,many,SR,3
0,2464,6267,0,0,16.5948,14.5245,0.4191,0.0,0.0,1248,882,0,0,-1.76,16.51,0.0,0.0,23,0.0,0.0,0.0,one,SR,1
0,2469,6208,4822,0,42.5941,30.5213,4.0962,4.5469,0.0,1732,1086,1391,0,-12.68,15.56,18.74,0.0,24,0.0,24.0,0.0,many,SR,2
0,2470,7708,0,0,14.4141,12.3202,0.4032,0.0,0.0,1369,910,0,0,-0.84,16.91,0.0,0.0,198,0.0,0.0,0.0,one,SR,1
0,2476,8835,150,0,31.1449,21.6654,3.0504,3.7082,0.0,1340,1118,890,0,-10.42,13.88,13.33,0.0,193,180.0,0.0,0.0,many,SR,2
0,2480,2239,0,0,18.5037,16.1874,0.0825,0.0,0.0,1703,1294,0,0,-2.22,22.34,0.0,0.0,267,0.0,0.0,0.0,one,SR,1
0,2482,2949,2654,0,35.7923,24.6084,3.9295,4.1116,0.0,1529,1000,1249,0,-12.23,14.58,16.85,0.0,251,0.0,49.0,0.0,many,SR,2
0,2487,8783,0,0,14.7899,12.6929,0.3893,0.0,0.0,1360,922,0,0,-1.09,17.08,0.0,0.0,183,0.0,0.0,0.0,one,SR,1
0,2489,7845,7844,0,41.3757,28.7,4.5294,4.5294,0.0,2220,1309,1309,0,-9.24,18.08,18.08,0.0,263,0.0,0.0,0.0,many,SR,2
0,2492,4578,0,0,20.2986,18.0496,0.1623,0.0,0.0,1702,1190,0,0,-0.91,20.87,0.0,0.0,50,0.0,0.0,0.0,one,SR,1
0,2495,7235,7234,0,51.4287,36.8905,4.9667,4.9667,0.0,1960,1713,1713,0,-20.86,23.02,23.02,0.0,311,0.0,0.0,0.0,many,SR,2
0,2499,365,0,0,15.7058,13.6792,0.483,0.0,0.0,1129,806,0,0,-2.04,15.44,0.0,0.0,15,0.0,0.0,0.0,one,SR,1
0,2507,8927,5146,0,28.4318,19.393,3.4026,2.879,0.0,2711,736,1434,0,3.65,11.59,15.99,0.0,370,0.0,310.0,0.0,many,SR,2
0,2508,4903,1882,0,35.6311,25.1431,3.3223,4.0649,0.0,1281,1281,1071,0,-14.46,15.62,15.39,0.0,189,189.0,0.0,0.0,many,SR,2
0,2509,7853,0,0,14.6834,12.5579,0.357,0.0,0.0,1487,965,0,0,-0.3,17.69,0.0,0.0,229,0.0,0.0,0.0,one,SR,1
0,2515,452,451,0,42.5304,29.7034,4.5802,4.5802,0.0,1718,1331,1331,0,-14.96,18.33,18.33,0.0,225,0.0,0.0,0.0,many,SR,2
0,2517,9273,0,0,17.3496,15.2352,0.3826,0.0,0.0,1296,939,0,0,-1.98,17.32,0.0,0.0,24,0.0,0.0,0.0,one,SR,1
0,2529,840,0,0,14.8866,12.8923,0.5538,0.0,0.0,1061,733,0,0,-1.82,14.4,0.0,0.0,5,0.0,0.0,0.0,one,SR,1
0,2530,9516,0,0,15.3953,13.3252,0.4288,0.0,0.0,1165,875,0,0,-2.54,16.41,0.0,0.0,99,0.0,0.0,0.0,one,SR,1
0,2531,7700,0,0,20.4387,18.1865,0.1669,0.0,0.0,1606,1189,0,0,-1.9,20.85,0.0,0.0,40,0.0,0.0,0.0,one,SR,1
0,2532,2141,0,0,20.3599,18.0061,0.0324,0.0,0.0,1604,1356,0,0,-4.05,23.21,0.0,0.0,197,0.0,0.0,0.0,one,SR,1
0,2541,9883,0,0,16.846,14.6816,0.2814,0.0,0.0,1426,1046,0,0,-1.97,18.83,0.0,0.0,155,0.0,0.0,0.0,one,SR,1
0,2543,4001,0,0,20.8833,18.5975,0.1271,0.0,0.0,1418,1241,0,0,-4.54,21.59,0.0,0.0,57,0.0,0.0,0.0,one,SR,1
0,2556,9345,4704,0,36.3602,25.4547,4.2457,3.4636,0.0,1660,1435,960,0,-11.33,18.54,13.42,0.0,226,86.0,62.0,0.0,many,SR,2
0,2557,6165,1803,0,55.9021,41.2582,4.9868,4.9868,0.0,1868,1739,1739,0,-22.42,23.35,23.35,0.0,53,0.0,0.0,0.0,many,SR,2
0,2559,647,0,0,12.5165,10.5305,0.5611,0.0,0.0,1239,722,0,0,0.19,14.25,0.0,0.0,157,0.0,0.0,0.0,one,SR,1
0,2561,1211,0,0,19.3412,17.1486,0.2402,0.0,0.0,1320,1095,0,0,-3.71,19.52,0.0,0.0,29,0.0,0.0,0.0,one,SR,1
0,2562,9250,8089,3261,56.9987,40.5612,3.4119,4.2465,3.9237,1719,740,1175,1719,-25.65,11.62,16.53,20.4,214,1.0,3.0,214.0,many,SR,3
0,2563,618,0,0,20.7008,18.4497,0.1545,0.0,0.0,1446,1197,0,0,-3.69,20.97,0.0,0.0,29,0.0,0.0,0.0,one,SR,1
0,2565,4854,0,0,22.1261,19.7687,0.0176,0.0,0.0,2019,1369,0,0,0.14,23.4,0.0,0.0,88,0.0,0.0,0.0,one,SR,1
0,2569,8206,1668,0,66.1196,49.5472,5.3324,5.3324,0.0,3164,2230,2230,0,-19.95,29.54,29.54,0.0,247,0.0,0.0,0.0,many,SR,2
0,2570,5240,1448,1421,76.209,56.7262,4.7335,3.4242,4.6793,2330,2196,742,2166,-35.35,27.64,11.67,27.16,211,117.0,-1.0,125.0,many,SR,3
0,2573,8475,5021,2344,65.2405,47.1954,4.0804,4.4546,4.0511,1910,1076,1910,1064,-29.08,15.44,23.84,15.31,132,0.0,132.0,0.0,many,SR,3
0,2577,2564,0,0,13.527,11.5044,0.4888,0.0,0.0,1262,799,0,0,-0.55,15.34,0.0,0.0,157,0.0,0.0,0.0,one,SR,1
0,2581,4693,0,0,13.4681,11.457,0.5197,0.0,0.0,1471,769,0,0,2.02,14.91,0.0,0.0,134,0.0,0.0,0.0,one,SR,1
0,2590,7554,6778,0,51.7262,37.419,4.9251,4.7748,0.0,2265,1659,1824,0,-17.68,22.34,23.73,0.0,276,0.0,55.0,0.0,many,SR,2
0,2602,2552,0,0,14.0215,12.032,0.542,0.0,0.0,1547,738,0,0,3.22,14.48,0.0,0.0,68,0.0,0.0,0.0,one,SR,1
0,2621,3171,0,0,11.934,9.9497,0.5636,0.0,0.0,1274,719,0,0,0.59,14.21,0.0,0.0,194,0.0,0.0,0.0,one,SR,1
0,2622,4134,0,0,17.7071,15.5756,0.3389,0.0,0.0,1884,982,0,0,3.65,17.93,0.0,0.0,38,0.0,0.0,0.0,one,SR,1
0,2625,7973,5874,0,31.3567,21.4695,3.6278,3.5781,0.0,1217,848,1003,0,-11.35,12.86,13.96,0.0,182,0.0,58.0,0.0,many,SR,2
0,2626,2664,0,0,16.4176,14.3388,0.4206,0.0,0.0,1246,887,0,0,-1.84,16.58,0.0,0.0,40,0.0,0.0,0.0,one,SR,1
0,2633,7199,3626,0,34.379,24.0979,3.7394,3.7789,0.0,1268,953,928,0,-11.55,13.87,13.76,0.0,53,16.0,0.0,0.0,many,SR,2
0,2634,5382,594,0,46.5886,33.3583,4.7027,4.4106,0.0,2002,1561,1608,0,-16.03,20.71,20.47,0.0,252,32.0,98.0,0.0,many,SR,2
0,2636,6084,0,0,17.5534,15.2677,0.1085,0.0,0.0,1891,1254,0,0,0.26,21.77,0.0,0.0,295,0.0,0.0,0.0,one,SR,1
0,2643,7327,0,0,19.836,17.6016,0.2071,0.0,0.0,1590,1148,0,0,-1.55,20.27,0.0,0.0,44,0.0,0.0,0.0,one,SR,1
0,2644,6125,421,0,38.9243,27.012,4.7902,3.6828,0.0,1734,1583,879,0,-12.75,21.18,13.21,0.0,269,16.0,0.0,0.0,many,SR,2
0,2651,6954,0,0,13.4915,11.4792,0.504,0.0,0.0,1181,781,0,0,-1.17,15.08,0.0,0.0,143,0.0,0.0,0.0,one,SR,1
0,2652,3300,0,0,13.9194,11.9374,0.567,0.0,0.0,1064,715,0,0,-1.56,14.15,0.0,0.0,55,0.0,0.0,0.0,one,SR,1
0,2657,1998,0,0,13.6246,11.598,0.483,0.0,0.0,1349,806,0,0,0.27,15.44,0.0,0.0,157,0.0,0.0,0.0,one,SR,1
0,2660,6679,6678,0,32.2856,22.5911,3.5866,3.5866,0.0,1076,826,826,0,-11.39,12.61,12.61,0.0,7,0.0,0.0,0.0,many,SR,2
0,2661,8699,0,0,14.8943,12.8874,0.5212,0.0,0.0,1216,765,0,0,-0.6,14.86,0.0,0.0,33,0.0,0.0,0.0,one,SR,1
0,2662,9760,6586,0,55.202,40.9123,4.9155,4.6761,0.0,1947,1648,1946,0,-21.84,22.2,24.78,0.0,94,0.0,94.0,0.0,many,SR,2
0,2667,2942,0,0,16.4846,14.4257,0.4544,0.0,0.0,1226,849,0,0,-1.57,16.04,0.0,0.0,1,0.0,0.0,0.0,one,SR,1
0,2669,6073,3915,3914,57.3195,40.7295,4.1638,3.8962,3.8962,1328,1328,984,984,-27.76,17.54,14.4,14.4,67,67.0,0.0,0.0,many,SR,3
0,2675,7975,6548,2109,55.263,38.8626,3.9799,3.9649,3.9649,1181,1081,1020,1020,-28.02,15.29,14.81,14.81,106,18.0,0.0,0.0,many,SR,3
0,2683,5890,0,0,19.2101,17.0074,0.2533,0.0,0.0,1641,1093,0,0,-0.32,19.5,0.0,0.0,37,0.0,0.0,0.0,one,SR,1
0,2687,9574,256,0,35.5497,24.234,4.0963,4.0971,0.0,1685,1088,1098,0,-10.41,15.58,15.65,0.0,264,0.0,4.0,0.0,many,SR,2
0,2693,7530,0,0,14.61,12.5688,0.4664,0.0,0.0,1366,828,0,0,0.17,15.75,0.0,0.0,110,0.0,0.0,0.0,one,SR,1
0,2702,9729,9728,0,46.7057,33.6154,4.6608,4.6608,0.0,1674,1376,1376,0,-16.34,18.84,18.84,0.0,21,0.0,0.0,0.0,many,SR,2
0,2707,5673,5672,4048,71.0608,51.6134,4.5195,4.5195,4.4596,2331,1301,1301,1880,-29.06,17.99,17.99,23.5,132,0.0,0.0,129.0,many,SR,3
0,2714,9084,6652,0,77.3343,60.0901,5.658,3.9977,0.0,3746,3015,3243,0,-28.96,38.85,37.04,0.0,560,46.0,418.0,0.0,many,SR,2
0,2720,7795,6065,0,32.5233,22.5945,3.4679,3.8079,0.0,1371,828,969,0,-9.48,12.4,14.13,0.0,88,20.0,9.0,0.0,many,SR,2
0,2721,7331,3504,3503,102.7792,78.395,5.038,5.2008,5.2008,2816,2816,2042,2042,-50.93,35.11,27.17,27.17,144,144.0,0.0,0.0,many,SR,3
0,2725,6281,3309,0,40.808,28.7604,4.3169,4.3373,0.0,2043,1215,1210,0,-9.09,16.97,16.96,0.0,122,4.0,0.0,0.0,many,SR,2
0,2735,1283,0,0,17.1618,15.0389,0.3656,0.0,0.0,1193,957,0,0,-3.29,17.57,0.0,0.0,53,0.0,0.0,0.0,one,SR,1
0,2747,7605,3266,0,38.7502,27.5768,4.055,4.055,0.0,1065,1065,1065,0,-16.39,15.32,15.32,0.0,0,0.0,0.0,0.0,many,SR,2
0,2751,3935,2788,0,40.975,29.1325,4.2781,4.2492,0.0,1896,1188,1166,0,-9.93,16.69,16.46,0.0,48,2.0,0.0,0.0,many,SR,2
0,2756,4901,0,0,18.0904,15.8901,0.2522,0.0,0.0,1224,1092,0,0,-4.68,19.48,0.0,0.0,112,0.0,0.0,0.0,one,SR,1
0,2763,5420,1135,1134,77.3135,56.7828,4.2967,4.797,4.797,2178,2178,1476,1476,-36.89,26.33,20.04,20.04,203,203.0,0.0,0.0,many,SR,3
0,2769,7109,7108,0,99.0752,77.2692,6.2633,6.2633,0.0,4426,3568,3568,0,-37.04,46.4,46.4,0.0,426,0.0,0.0,0.0,many,SR,2
0,2773,4245,4243,684,59.6077,42.1243,4.1904,4.1904,4.1673,1330,1136,1136,1269,-30.45,16.12,16.12,17.11,157,0.0,0.0,46.0,many,SR,3
0,2776,6425,6424,0,38.2192,26.8197,4.1238,4.1238,0.0,1434,1104,1104,0,-13.31,15.76,15.76,0.0,106,0.0,0.0,0.0,many,SR,2
0,2778,4920,4919,0,63.8971,47.9127,5.2274,5.2274,0.0,2452,2080,2080,0,-24.02,27.65,27.65,0.0,127,0.0,0.0,0.0,many,SR,2
0,2779,3726,3437,3436,50.643,35.4951,3.9874,3.5123,3.5123,1933,1289,792,792,-16.93,16.92,12.22,12.22,118,83.0,0.0,0.0,many,SR,3
0,2781,3283,2399,0,49.6584,35.5002,4.7744,4.8597,0.0,2397,1843,1581,0,-15.55,23.92,21.32,0.0,356,59.0,3.0,0.0,many,SR,2
0,2788,8869,7044,0,51.3256,37.31,4.8772,4.6609,0.0,1876,1745,1657,0,-20.6,23.14,21.64,0.0,204,23.0,54.0,0.0,many,SR,2
0,2791,4987,3858,0,31.8726,22.2511,3.628,3.2272,0.0,1289,851,1194,0,-11.36,12.89,14.77,0.0,181,0.0,177.0,0.0,many,SR,2
0,2794,8643,0,0,14.0558,11.9908,0.4549,0.0,0.0,1326,853,0,0,-0.57,16.1,0.0,0.0,171,0.0,0.0,0.0,one,SR,1
0,2795,8802,0,0,14.5277,12.4442,0.3998,0.0,0.0,1344,905,0,0,-1.04,16.84,0.0,0.0,185,0.0,0.0,0.0,one,SR,1
0,2804,1611,0,0,18.8787,16.6317,0.1745,0.0,0.0,1687,1180,0,0,-0.94,20.73,0.0,0.0,138,0.0,0.0,0.0,one,SR,1
0,2811,1741,0,0,19.6038,17.2633,0.0517,0.0,0.0,1746,1333,0,0,-2.27,22.89,0.0,0.0,228,0.0,0.0,0.0,one,SR,1
0,2815,7835,5547,4740,67.306,48.9739,4.2238,3.6968,4.5098,1861,1586,1861,1298,-33.58,19.74,21.32,17.96,283,134.0,283.0,0.0,many,SR,3
0,2819,6234,3443,0,34.4686,23.8393,3.9173,3.8062,0.0,1470,1077,940,0,-10.72,15.16,13.9,0.0,158,26.0,0.0,0.0,many,SR,2
0,2830,6392,0,0,15.8959,13.7897,0.3759,0.0,0.0,1137,938,0,0,-3.63,17.3,0.0,0.0,122,0.0,0.0,0.0,one,SR,1
0,2831,6988,896,0,28.5503,18.4765,3.6847,3.7147,0.0,2580,879,914,0,3.02,13.21,13.54,0.0,382,0.0,6.0,0.0,many,SR,2
0,2836,9010,7387,0,40.9164,28.3844,4.4825,4.4825,0.0,1959,1287,1287,0,-11.53,17.83,17.83,0.0,254,0.0,0.0,0.0,many,SR,2
0,2839,4154,3533,0,61.54,46.6061,5.8656,2.8394,0.0,3896,3011,2214,0,-15.15,39.35,22.94,0.0,645,2.0,508.0,0.0,many,SR,2
0,2847,2146,1208,0,41.528,29.9074,3.8893,3.9805,0.0,1951,1934,1026,0,-13.27,22.63,14.87,0.0,263,252.0,0.0,0.0,many,SR,2
0,2850,8380,0,0,18.1158,15.9304,0.2741,0.0,0.0,1110,1066,0,0,-5.55,19.11,0.0,0.0,87,0.0,0.0,0.0,one,SR,1
0,2857,4216,0,0,19.3804,17.1982,0.2553,0.0,0.0,1319,1077,0,0,-3.49,19.27,0.0,0.0,10,0.0,0.0,0.0,one,SR,1
0,2859,4524,2915,1467,82.1163,60.9815,4.9128,4.0429,4.9128,2497,1636,2447,1636,-39.18,22.05,28.56,22.05,301,0.0,295.0,0.0,many,SR,3
0,2862,5179,2921,0,45.2297,32.3479,4.5979,4.5923,0.0,3311,1341,1343,0,1.54,18.45,18.47,0.0,60,0.0,0.0,0.0,many,SR,2
0,2866,5791,0,0,14.4987,12.4491,0.4635,0.0,0.0,1143,836,0,0,-2.27,15.86,0.0,0.0,125,0.0,0.0,0.0,one,SR,1
0,2871,9290,0,0,17.5792,15.2828,0.1023,0.0,0.0,1943,1266,0,0,0.65,21.94,0.0,0.0,305,0.0,0.0,0.0,one,SR,1
0,2883,2772,0,0,18.6776,16.5218,0.294,0.0,0.0,1047,1031,0,0,-5.76,18.62,0.0,0.0,16,0.0,0.0,0.0,one,SR,1
0,2890,3265,0,0,17.5088,15.2606,0.1587,0.0,0.0,1752,1192,0,0,-0.41,20.89,0.0,0.0,242,0.0,0.0,0.0,one,SR,1
0,2892,7959,5755,4345,146.4838,115.898,5.4276,5.9038,6.167,3954,2366,3954,3924,-76.27,31.25,49.64,49.99,129,0.0,129.0,71.0,many,SR,3
0,2896,5762,2420,2417,56.3122,39.9504,3.9544,3.8982,3.8982,1345,1345,985,985,-27.38,17.29,14.41,14.41,106,106.0,0.0,0.0,many,SR,3
0,2899,4246,1866,1864,61.2014,43.7228,4.2097,4.2059,4.2059,1142,1142,1142,1142,-31.72,16.19,16.19,16.19,0,0.0,0.0,0.0,many,SR,3
0,2902,8410,0,0,19.0147,16.8305,0.2757,0.0,0.0,1422,1064,0,0,-2.25,19.08,0.0,0.0,24,0.0,0.0,0.0,one,SR,1
0,2906,4204,4095,0,43.6399,31.4295,4.9013,3.4331,0.0,1860,1632,1402,0,-15.35,21.99,16.77,0.0,236,1.0,209.0,0.0,many,SR,2
0,2907,5052,5051,0,52.3252,37.7634,4.9697,4.9697,0.0,1919,1720,1720,0,-21.45,23.11,23.11,0.0,262,0.0,0.0,0.0,many,SR,2
0,2911,6324,6322,5796,89.3549,67.5134,5.0002,5.0002,3.4635,3306,1769,1769,3306,-40.69,23.73,23.73,36.32,538,0.0,0.0,538.0,many,SR,3
0,2918,1142,0,0,15.0735,13.0588,0.5191,0.0,0.0,1127,772,0,0,-1.63,14.96,0.0,0.0,28,0.0,0.0,0.0,one,SR,1
0,2920,7249,7248,0,42.8344,29.6523,4.6919,4.6919,0.0,1891,1389,1389,0,-14.33,18.99,18.99,0.0,309,0.0,0.0,0.0,many,SR,2
0,2922,2611,0,0,12.6944,10.6861,0.5098,0.0,0.0,1242,774,0,0,-0.44,14.98,0.0,0.0,191,0.0,0.0,0.0,one,SR,1
0,2924,4695,0,0,18.8032,16.613,0.2718,0.0,0.0,1271,1071,0,0,-3.92,19.18,0.0,0.0,45,0.0,0.0,0.0,one,SR,1
0,2925,870,0,0,15.9738,13.8167,0.3108,0.0,0.0,1359,1020,0,0,-2.35,18.46,0.0,0.0,191,0.0,0.0,0.0,one,SR,1
0,2926,8115,7944,7943,77.0248,55.7832,4.8954,4.894,4.894,2374,1622,1620,1620,-34.1,21.88,21.85,21.85,221,0.0,0.0,0.0,many,SR,3
0,2927,6854,1525,0,35.8673,24.4925,4.116,4.116,0.0,2123,1100,1100,0,-5.99,15.71,15.71,0.0,259,0.0,0.0,0.0,many,SR,2
0,2929,7301,5693,0,49.9769,36.5399,4.5002,4.3234,0.0,2532,2405,1200,0,-14.93,29.29,16.85,0.0,340,195.0,0.0,0.0,many,SR,2
0,2930,8188,214,0,33.3468,22.5623,3.9089,3.9256,0.0,2035,1052,998,0,-5.18,14.94,14.56,0.0,272,20.0,0.0,0.0,many,SR,2
0,2942,4213,0,0,13.4649,11.4285,0.4687,0.0,0.0,1710,823,0,0,3.85,15.68,0.0,0.0,183,0.0,0.0,0.0,one,SR,1
0,2944,3021,196,0,32.4452,22.0105,4.2686,3.3182,0.0,1491,1205,768,0,-9.98,16.8,11.68,0.0,247,9.0,24.0,0.0,many,SR,2
0,2945,7671,3769,2707,66.3525,47.6028,4.4962,4.4896,4.4295,1321,1293,1299,1258,-34.14,17.9,17.94,17.51,28,0.0,3.0,0.0,many,SR,3
0,2947,9065,0,0,13.5443,11.4856,0.4641,0.0,0.0,1451,842,0,0,0.88,15.95,0.0,0.0,196,0.0,0.0,0.0,one,SR,1
0,2949,1867,0,0,16.6232,14.5021,0.3681,0.0,0.0,1487,954,0,0,-0.16,17.53,0.0,0.0,87,0.0,0.0,0.0,one,SR,1
0,2951,7409,5118,1497,76.7186,56.0652,4.7335,4.9206,4.7234,1846,1410,1846,1406,-37.1,19.24,24.33,19.18,29,-1.0,29.0,0.0,many,SR,3
0,2952,7498,4931,0,35.266,24.7899,3.7957,3.8335,0.0,1205,1014,951,0,-12.97,14.44,14.02,0.0,57,26.0,0.0,0.0,many,SR,2
0,2959,933,932,0,29.4597,20.3245,3.4101,3.4101,0.0,1722,735,735,0,-2.75,11.57,11.57,0.0,35,0.0,0.0,0.0,many,SR,2
0,2960,7566,2506,2289,70.9253,51.3696,4.4217,4.5308,4.8842,1609,1255,1314,1599,-34.58,17.47,18.12,21.6,7,0.0,2.0,-1.0,many,SR,3
0,2961,4700,4169,0,28.9757,19.992,3.2743,3.3456,0.0,1489,848,731,0,-5.64,12.2,11.44,0.0,88,58.0,8.0,0.0,many,SR,2
0,2980,2359,1129,0,47.7455,34.5439,4.8026,4.0298,0.0,2243,1851,1619,0,-15.77,24.11,19.58,0.0,326,52.0,179.0,0.0,many,SR,2
0,2982,6743,2216,0,38.0965,27.2577,3.4436,4.0185,0.0,1853,755,1842,0,-10.93,11.8,21.97,0.0,214,0.0,213.0,0.0,many,SR,2
0,2990,8093,751,0,47.2548,33.5052,4.7898,4.7872,0.0,2247,1463,1647,0,-13.96,19.87,21.85,0.0,276,0.0,27.0,0.0,many,SR,2
0,2991,3759,2474,0,29.7443,20.3142,3.5001,3.5028,0.0,1334,785,784,0,-7.84,12.13,12.14,0.0,105,1.0,-1.0,0.0,many,SR,2
0,2996,5572,1996,0,33.2,22.9918,3.7489,3.7474,0.0,1158,911,910,0,-12.25,13.56,13.56,0.0,97,1.0,0.0,0.0,many,SR,2
0,2999,8311,0,0,16.1728,14.0938,0.425,0.0,0.0,1154,884,0,0,-2.77,16.54,0.0,0.0,54,0.0,0.0,0.0,one,SR,1
0,3007,5968,2799,0,34.9591,24.2685,4.1523,3.6473,0.0,1221,1124,857,0,-13.2,15.95,12.96,0.0,120,3.0,0.0,0.0,many,SR,2
0,3010,1222,1221,0,52.8964,38.3384,4.9678,4.9678,0.0,2466,1720,1720,0,-15.71,23.11,23.11,0.0,223,0.0,0.0,0.0,many,SR,2
0,3011,7203,2545,0,28.8291,19.5186,3.4674,3.4612,0.0,1153,765,763,0,-9.33,11.93,11.89,0.0,131,-1.0,0.0,0.0,many,SR,2
0,3021,4609,0,0,13.7033,11.6875,0.4989,0.0,0.0,1290,787,0,0,-0.11,15.17,0.0,0.0,134,0.0,0.0,0.0,one,SR,1
0,3037,4526,0,0,17.1379,15.0406,0.3796,0.0,0.0,1162,929,0,0,-3.26,17.18,0.0,0.0,29,0.0,0.0,0.0,one,SR,1
0,3039,1028,0,0,16.1712,14.0952,0.4389,0.0,0.0,1169,872,0,0,-2.46,16.37,0.0,0.0,44,0.0,0.0,0.0,one,SR,1
0,3040,7596,6026,0,49.0164,35.7319,4.5116,4.7134,0.0,1739,1296,1739,0,-18.28,17.94,22.66,0.0,55,0.0,55.0,0.0,many,SR,2
0,3042,6494,2975,0,33.6119,23.1106,3.8414,3.8414,0.0,1391,957,957,0,-10.76,14.09,14.09,0.0,154,0.0,0.0,0.0,many,SR,2
0,3045,1675,0,0,13.8765,11.8461,0.5009,0.0,0.0,1406,796,0,0,1.0,15.3,0.0,0.0,131,0.0,0.0,0.0,one,SR,1
0,3050,7854,0,0,16.0393,13.9857,0.4576,0.0,0.0,1038,843,0,0,-3.47,15.96,0.0,0.0,26,0.0,0.0,0.0,one,SR,1
0,3053,8933,7269,7268,96.024,72.5366,4.9321,5.0958,5.0958,2844,2652,1892,1892,-45.41,33.08,25.28,25.28,187,141.0,0.0,0.0,many,SR,3
0,3055,948,0,0,16.6341,14.5512,0.4147,0.0,0.0,1190,894,0,0,-2.52,16.68,0.0,0.0,32,0.0,0.0,0.0,one,SR,1
0,3060,6076,4308,74,55.2225,39.1308,3.8267,3.8878,3.9079,1182,1182,991,989,-27.81,15.79,14.44,14.46,75,75.0,3.0,0.0,many,SR,3
0,3067,4804,3966,0,42.822,30.3029,4.4058,4.5192,0.0,2349,1243,1380,0,-7.68,17.34,18.61,0.0,140,0.0,25.0,0.0,many,SR,2
0,3074,1716,1542,0,31.9403,22.333,3.5652,3.4084,0.0,1107,1107,738,0,-12.08,14.73,11.61,0.0,94,94.0,0.0,0.0,many,SR,2
0,3076,1239,0,0,20.3901,18.1328,0.1735,0.0,0.0,1369,1188,0,0,-4.38,20.84,0.0,0.0,43,0.0,0.0,0.0,one,SR,1
0,3084,8157,0,0,13.9735,11.992,0.5678,0.0,0.0,1263,714,0,0,0.54,14.14,0.0,0.0,50,0.0,0.0,0.0,one,SR,1
0,3087,9389,0,0,13.7352,11.7498,0.562,0.0,0.0,1231,721,0,0,0.11,14.23,0.0,0.0,73,0.0,0.0,0.0,one,SR,1
0,3089,6131,0,0,17.395,15.1361,0.1524,0.0,0.0,1850,1204,0,0,0.47,21.06,0.0,0.0,261,0.0,0.0,0.0,one,SR,1
0,3094,9308,0,0,14.1642,12.107,0.457,0.0,0.0,1408,846,0,0,0.38,16.0,0.0,0.0,157,0.0,0.0,0.0,one,SR,1
0,3100,9208,0,0,18.7019,16.4027,0.1122,0.0,0.0,1498,1261,0,0,-3.95,21.87,0.0,0.0,224,0.0,0.0,0.0,one,SR,1
0,3107,3408,0,0,14.1416,12.1609,0.5502,0.0,0.0,1328,726,0,0,1.07,14.31,0.0,0.0,49,0.0,0.0,0.0,one,SR,1
0,3108,9352,0,0,17.5472,15.3233,0.2037,0.0,0.0,1490,1143,0,0,-2.54,20.2,0.0,0.0,195,0.0,0.0,0.0,one,SR,1
0,3113,3642,0,0,19.0296,16.8091,0.2087,0.0,0.0,2409,1137,0,0,7.19,20.12,0.0,0.0,89,0.0,0.0,0.0,one,SR,1
0,3118,199,0,0,19.8892,17.6915,0.2326,0.0,0.0,1414,1104,0,0,-2.84,19.65,0.0,0.0,0,0.0,0.0,0.0,one,SR,1
0,3120,3587,0,0,18.8549,16.5528,0.108,0.0,0.0,1562,1266,0,0,-3.35,21.94,0.0,0.0,218,0.0,0.0,0.0,one,SR,1
0,3127,6203,5523,1918,53.1302,37.5406,4.1499,3.5204,3.4963,1621,1621,793,779,-22.79,19.91,12.24,12.07,155,155.0,-1.0,0.0,many,SR,3
0,3130,6642,0,0,20.5437,18.2272,0.0729,0.0,0.0,1590,1301,0,0,-3.5,22.44,0.0,0.0,134,0.0,0.0,0.0,one,SR,1
0,3137,6233,1836,0,34.055,23.9711,3.9845,3.4101,0.0,1081,1081,735,0,-12.85,15.32,11.57,0.0,16,16.0,0.0,0.0,many,SR,2
0,3138,1079,0,0,12.1687,10.174,0.5344,0.0,0.0,1328,747,0,0,0.8,14.6,0.0,0.0,203,0.0,0.0,0.0,one,SR,1
0,3139,7540,0,0,15.2553,13.1717,0.4042,0.0,0.0,1404,902,0,0,-0.37,16.79,0.0,0.0,133,0.0,0.0,0.0,one,SR,1
0,3142,3700,0,0,17.0533,14.9033,0.3165,0.0,0.0,1366,1011,0,0,-2.16,18.34,0.0,0.0,109,0.0,0.0,0.0,one,SR,1
0,3146,4853,0,0,15.8994,13.7825,0.3696,0.0,0.0,1166,950,0,0,-3.48,17.47,0.0,0.0,133,0.0,0.0,0.0,one,SR,1
0,3148,7068,5473,0,36.8549,25.6785,4.2223,3.8305,0.0,1535,1173,1045,0,-11.99,16.47,14.76,0.0,166,6.0,29.0,0.0,many,SR,2
0,3156,9701,3754,0,59.07,43.65,5.1254,5.1254,0.0,2372,1937,1937,0,-21.62,25.85,25.85,0.0,196,0.0,0.0,0.0,many,SR,2
0,3160,5247,0,0,18.5514,16.2881,0.1413,0.0,0.0,1434,1215,0,0,-4.04,21.22,0.0,0.0,192,0.0,0.0,0.0,one,SR,1
0,3162,6469,3571,0,34.9282,24.1465,3.9296,3.9315,0.0,1525,1002,1002,0,-10.27,14.6,14.6,0.0,146,0.0,0.0,0.0,many,SR,2
0,3163,5427,0,0,19.6747,17.3808,0.1153,0.0,0.0,1365,1255,0,0,-5.27,21.79,0.0,0.0,152,0.0,0.0,0.0,one,SR,1
0,3170,9363,9362,7506,57.8021,40.9424,3.673,3.673,4.8153,1848,874,874,1533,-22.88,13.15,13.15,20.68,92,0.0,0.0,6.0,many,SR,3
0,3173,6282,0,0,16.6797,14.5698,0.3753,0.0,0.0,1523,941,0,0,0.38,17.35,0.0,0.0,71,0.0,0.0,0.0,one,SR,1
0,3174,1680,0,0,21.0213,18.7181,0.1063,0.0,0.0,1926,1268,0,0,0.45,21.97,0.0,0.0,72,0.0,0.0,0.0,one,SR,1
0,3176,5587,1549,0,29.5184,20.2038,3.4669,3.4669,0.0,1260,764,764,0,-8.2,11.9,11.9,0.0,84,0.0,0.0,0.0,many,SR,2
0,3177,8329,6869,0,34.0146,23.4096,3.8563,3.8723,0.0,1595,998,980,0,-9.14,14.43,14.33,0.0,169,11.0,2.0,0.0,many,SR,2
0,3178,3291,2766,514,60.5318,42.3683,4.3567,4.3584,4.335,2085,1223,1221,1211,-24.13,17.1,17.07,16.96,249,1.0,1.0,1.0,many,SR,3
0,3179,5749,3084,722,67.0283,48.3699,4.4904,4.3636,3.9747,2019,1291,1826,1396,-31.27,17.88,22.7,17.72,280,0.0,139.0,119.0,many,SR,3
0,3197,9974,466,0,33.2493,23.2035,3.6556,3.7179,0.0,1938,905,894,0,-3.7,13.34,13.38,0.0,58,14.0,0.0,0.0,many,SR,2
0,3198,8985,0,0,13.5705,11.5273,0.4727,0.0,0.0,1227,825,0,0,-1.25,15.71,0.0,0.0,178,0.0,0.0,0.0,one,SR,1
0,3200,9,0,0,13.1244,11.0672,0.457,0.0,0.0,1615,846,0,0,2.56,16.0,0.0,0.0,228,0.0,0.0,0.0,one,SR,1
0,3201,7636,6369,2217,123.1826,95.8837,5.2305,5.9536,5.1832,4309,2098,4309,2110,-53.14,27.87,53.58,27.86,171,0.0,171.0,13.0,many,SR,3
0,3202,9973,0,0,20.1673,17.8075,0.0187,0.0,0.0,1802,1370,0,0,-2.15,23.41,0.0,0.0,223,0.0,0.0,0.0,one,SR,1
0,3207,9492,0,0,14.7046,12.6773,0.5006,0.0,0.0,1526,794,0,0,2.28,15.27,0.0,0.0,73,0.0,0.0,0.0,one,SR,1
0,3209,6655,4349,0,39.8572,28.3231,4.1278,4.1184,0.0,1561,1276,1112,0,-13.2,17.09,15.79,0.0,87,55.0,5.0,0.0,many,SR,2
0,3210,6388,1979,1978,95.3072,72.2194,4.3863,5.1141,5.1141,2800,2800,1929,1929,-46.86,33.24,25.75,25.75,276,276.0,0.0,0.0,many,SR,3
0,3211,4501,0,0,20.7265,18.4211,0.0844,0.0,0.0,1404,1285,0,0,-5.25,22.21,0.0,0.0,107,0.0,0.0,0.0,one,SR,1
0,3212,5137,0,0,17.8375,15.622,0.2066,0.0,0.0,1344,1135,0,0,-3.97,20.09,0.0,0.0,168,0.0,0.0,0.0,one,SR,1
0,3217,6407,4348,4347,99.9728,76.2623,4.4876,5.1152,5.1152,3241,3241,1936,1936,-46.9,38.26,25.83,25.83,319,319.0,0.0,0.0,many,SR,3
0,3224,7307,0,0,14.3001,12.2203,0.4286,0.0,0.0,1240,882,0,0,-1.84,16.51,0.0,0.0,180,0.0,0.0,0.0,one,SR,1
0,3228,6207,1625,0,29.588,19.993,3.557,3.5551,0.0,1331,809,809,0,-8.37,12.41,12.41,0.0,161,0.0,0.0,0.0,many,SR,2
0,3233,2729,0,0,16.0745,13.8956,0.2789,0.0,0.0,1415,1058,0,0,-2.24,19.0,0.0,0.0,219,0.0,0.0,0.0,one,SR,1
0,3244,5718,3530,0,33.907,23.6735,3.7551,3.7609,0.0,1423,912,913,0,-9.52,13.58,13.59,0.0,54,0.0,0.0,0.0,many,SR,2
0,3251,1726,1725,0,51.2207,36.7024,4.9656,4.9656,0.0,2252,1706,1706,0,-17.64,22.94,22.94,0.0,313,0.0,0.0,0.0,many,SR,2
0,3257,2578,0,0,15.4828,13.4389,0.4578,0.0,0.0,1461,836,0,0,1.07,15.86,0.0,0.0,57,0.0,0.0,0.0,one,SR,1
0,3259,9408,0,0,16.3629,14.2695,0.3899,0.0,0.0,1087,919,0,0,-3.92,17.03,0.0,0.0,73,0.0,0.0,0.0,one,SR,1
0,3260,5793,425,0,35.1606,24.8156,3.371,4.1669,0.0,1219,716,1219,0,-12.46,11.36,16.71,0.0,31,0.0,31.0,0.0,many,SR,2
0,3273,6258,5187,0,69.0987,52.6443,5.1349,5.3767,0.0,2634,1985,2539,0,-25.83,26.41,33.02,0.0,58,3.0,33.0,0.0,many,SR,2
0,3275,4410,0,0,16.659,14.4765,0.2783,0.0,0.0,1343,1061,0,0,-3.04,19.04,0.0,0.0,182,0.0,0.0,0.0,one,SR,1
0,3276,9560,5514,0,66.7155,49.7252,5.4046,5.4073,0.0,4700,2337,2337,0,-6.26,30.9,30.89,0.0,401,-1.0,0.0,0.0,many,SR,2
0,3279,2778,0,0,14.4205,12.4137,0.5168,0.0,0.0,1229,768,0,0,-0.51,14.9,0.0,0.0,68,0.0,0.0,0.0,one,SR,1
0,3282,3241,0,0,15.3076,13.1961,0.3868,0.0,0.0,1218,934,0,0,-2.73,17.25,0.0,0.0,159,0.0,0.0,0.0,one,SR,1
0,3286,7456,0,0,16.1067,13.92,0.2768,0.0,0.0,1338,1065,0,0,-3.14,19.1,0.0,0.0,223,0.0,0.0,0.0,one,SR,1
0,3288,9579,6556,2655,89.3893,67.1859,4.7942,4.8196,4.9958,2063,2020,2063,1760,-46.68,25.88,26.44,23.62,79,80.0,79.0,0.0,many,SR,3
0,3289,2180,367,0,39.8006,28.0915,3.9122,4.3132,0.0,1762,996,1618,0,-12.85,14.53,20.3,0.0,223,0.0,121.0,0.0,many,SR,2
0,3290,6376,2219,842,74.0503,52.4668,4.9538,4.9404,4.8666,4230,1703,1670,1723,-16.99,22.87,22.48,22.87,610,2.0,0.0,22.0,many,SR,3
0,3293,3381,396,0,39.3347,27.7952,4.1818,4.157,0.0,2097,1134,1119,0,-6.79,16.08,15.93,0.0,69,2.0,0.0,0.0,many,SR,2
0,3298,7048,0,0,15.8371,13.7724,0.4319,0.0,0.0,1208,869,0,0,-2.01,16.33,0.0,0.0,63,0.0,0.0,0.0,one,SR,1
0,3301,6565,6564,0,39.9596,28.4397,4.1648,4.1648,0.0,2142,1121,1121,0,-6.22,15.95,15.95,0.0,19,0.0,0.0,0.0,many,SR,2
0,3303,4476,1548,0,31.6097,21.8155,3.0239,3.869,0.0,2530,1243,967,0,0.45,14.8,14.22,0.0,293,224.0,-1.0,0.0,many,SR,2
0,3304,6590,3424,3423,139.4295,109.081,5.0996,5.834,5.834,5571,5571,2952,2952,-63.73,58.54,38.64,38.64,897,897.0,0.0,0.0,many,SR,3
0,3310,9364,0,0,14.2484,12.1627,0.4246,0.0,0.0,1389,889,0,0,-0.36,16.61,0.0,0.0,190,0.0,0.0,0.0,one,SR,1
0,3313,8452,1353,0,40.9594,28.9766,4.8031,3.6591,0.0,1910,1674,863,0,-11.63,22.18,13.03,0.0,185,28.0,0.0,0.0,many,SR,2
0,3322,8038,6632,0,37.0815,26.2938,3.5064,4.2802,0.0,1335,789,1335,0,-12.99,12.19,17.82,0.0,49,0.0,49.0,0.0,many,SR,2
0,3325,7295,2818,0,29.5476,19.6869,3.6379,3.6413,0.0,1718,852,852,0,-5.19,12.91,12.9,0.0,242,-1.0,0.0,0.0,many,SR,2
0,3337,9645,0,0,14.8899,12.8908,0.5233,0.0,0.0,1037,758,0,0,-2.39,14.76,0.0,0.0,27,0.0,0.0,0.0,one,SR,1
0,3340,5760,2476,0,48.9206,35.0479,4.6064,4.9048,0.0,2767,1671,1630,0,-10.2,21.64,21.98,0.0,287,68.0,0.0,0.0,many,SR,2
0,3349,785,0,0,15.4683,13.3415,0.3456,0.0,0.0,1251,974,0,0,-2.9,17.81,0.0,0.0,184,0.0,0.0,0.0,one,SR,1
0,3354,7931,7930,0,73.4682,56.1704,5.4595,5.4595,0.0,3365,2417,2417,0,-22.08,31.89,31.89,0.0,85,0.0,0.0,0.0,many,SR,2
0,3357,6139,1376,0,32.5543,22.6427,3.5041,3.6967,0.0,1143,782,1108,0,-12.4,12.11,15.0,0.0,120,0.0,71.0,0.0,many,SR,2
0,3364,6715,0,0,16.0389,13.8867,0.3087,0.0,0.0,1300,1018,0,0,-2.94,18.43,0.0,0.0,185,0.0,0.0,0.0,one,SR,1
0,3367,6720,3949,0,33.4385,23.4025,3.8582,3.4977,0.0,1099,1023,791,0,-12.58,14.63,12.18,0.0,49,19.0,3.0,0.0,many,SR,2
0,3372,4509,0,0,15.3592,13.294,0.4311,0.0,0.0,1228,870,0,0,-1.81,16.34,0.0,0.0,97,0.0,0.0,0.0,one,SR,1
0,3374,1005,1004,0,32.9383,22.7921,3.7296,3.7296,0.0,1951,899,899,0,-3.7,13.43,13.43,0.0,95,0.0,0.0,0.0,many,SR,2
0,3381,303,0,0,15.4951,13.3479,0.3066,0.0,0.0,1473,1016,0,0,-1.1,18.41,0.0,0.0,220,0.0,0.0,0.0,one,SR,1
0,3382,7743,3295,0,45.0633,32.1584,4.0398,4.8084,0.0,2096,1682,1495,0,-14.5,20.29,20.28,0.0,297,186.0,0.0,0.0,many,SR,2
0,3383,1986,1411,0,32.0156,22.3423,3.5807,3.5769,0.0,1597,824,823,0,-5.87,12.58,12.57,0.0,21,0.0,0.0,0.0,many,SR,2
0,3391,7163,0,0,16.6382,14.5398,0.3921,0.0,0.0,1357,921,0,0,-1.11,17.06,0.0,0.0,56,0.0,0.0,0.0,one,SR,1
0,3396,6828,6827,5951,67.1235,48.4982,4.149,4.149,4.9216,2497,1112,1112,1661,-22.43,15.85,15.85,22.36,11,0.0,0.0,1.0,many,SR,3
0,3401,1381,0,0,16.0665,13.9909,0.416,0.0,0.0,1531,888,0,0,1.14,16.6,0.0,0.0,65,0.0,0.0,0.0,one,SR,1
0,3403,9149,2398,0,85.9498,66.3068,6.0252,5.7131,0.0,3823,3268,2782,0,-31.0,42.55,36.49,0.0,330,5.0,0.0,0.0,many,SR,2
0,3409,6950,2907,154,64.133,44.822,4.5939,4.5958,4.5939,3652,1339,1339,1339,-11.4,18.42,18.42,18.42,336,0.0,0.0,0.0,many,SR,3
0,3415,1187,1171,0,34.8843,24.3339,3.9621,3.5248,0.0,1574,1347,933,0,-11.04,17.31,13.32,0.0,221,106.0,44.0,0.0,many,SR,2
0,3417,64,63,0,49.954,36.2193,4.822,4.822,0.0,1847,1509,1509,0,-17.42,20.45,20.45,0.0,41,0.0,0.0,0.0,many,SR,2
0,3421,499,0,0,11.7676,9.7605,0.5256,0.0,0.0,1464,762,0,0,2.04,14.81,0.0,0.0,244,0.0,0.0,0.0,one,SR,1
0,3430,1276,0,0,16.3471,14.0943,0.1802,0.0,0.0,2128,1180,0,0,3.69,20.73,0.0,0.0,311,0.0,0.0,0.0,one,SR,1
0,3443,6535,0,0,20.3186,18.0242,0.1145,0.0,0.0,1822,1256,0,0,-0.49,21.8,0.0,0.0,109,0.0,0.0,0.0,one,SR,1
0,3450,8776,0,0,18.9496,16.7686,0.2852,0.0,0.0,1403,1055,0,0,-2.33,18.96,0.0,0.0,20,0.0,0.0,0.0,one,SR,1
0,3466,6945,3348,494,54.6815,38.6988,4.0912,3.6925,3.6868,1491,1491,881,881,-24.96,18.66,13.23,13.23,131,131.0,0.0,0.0,many,SR,3
0,3468,295,0,0,16.546,14.3559,0.2718,0.0,0.0,1680,1071,0,0,0.37,19.18,0.0,0.0,199,0.0,0.0,0.0,one,SR,1
0,3472,8528,6981,6965,59.4878,43.2198,3.4523,3.4731,4.2137,2032,1142,771,2032,-24.82,14.8,11.98,24.51,201,123.0,0.0,201.0,many,SR,3
0,3473,7062,2916,2393,78.6393,57.3529,4.8716,4.8265,4.8526,2661,1588,1607,1864,-32.68,21.45,21.54,24.37,223,0.0,12.0,44.0,many,SR,3
0,3478,8301,6980,0,45.8746,32.9548,4.3754,4.7752,0.0,1552,1273,1492,0,-17.63,17.53,20.16,0.0,66,13.0,6.0,0.0,many,SR,2
0,3479,6943,792,0,37.475,25.968,4.6204,3.6905,0.0,1716,1372,880,0,-10.75,18.74,13.22,0.0,191,5.0,0.0,0.0,many,SR,2
0,3483,9790,0,0,15.5204,13.4042,0.3519,0.0,0.0,1287,962,0,0,-2.36,17.64,0.0,0.0,169,0.0,0.0,0.0,one,SR,1
0,3484,4402,409,408,50.6616,35.487,3.6376,3.7062,3.7062,1410,1073,889,889,-22.32,14.6,13.32,13.32,112,71.0,0.0,0.0,many,SR,3
0,3491,6699,0,0,23.2773,20.9224,0.0307,0.0,0.0,1727,1358,0,0,-2.78,23.24,0.0,0.0,0,0.0,0.0,0.0,one,SR,1
0,3493,1957,130,0,30.8176,21.4522,3.4823,3.4808,0.0,1536,774,774,0,-5.49,12.01,12.02,0.0,12,1.0,0.0,0.0,many,SR,2
0,3495,2374,2373,0,28.9525,19.6974,3.4474,3.4474,0.0,1217,755,755,0,-8.46,11.8,11.8,0.0,106,0.0,0.0,0.0,many,SR,2
0,3500,757,0,0,15.9663,13.9192,0.4624,0.0,0.0,1311,835,0,0,-0.5,15.85,0.0,0.0,24,0.0,0.0,0.0,one,SR,1
0,3510,4716,4281,0,29.9011,20.7703,3.3589,3.4274,0.0,1257,744,771,0,-7.9,11.56,11.88,0.0,23,10.0,9.0,0.0,many,SR,2
0,3523,5832,0,0,17.988,15.8441,0.316,0.0,0.0,1222,1007,0,0,-3.62,18.28,0.0,0.0,42,0.0,0.0,0.0,one,SR,1
0,3524,2500,0,0,15.2798,13.2159,0.4425,0.0,0.0,2371,861,0,0,10.3,16.21,0.0,0.0,94,0.0,0.0,0.0,one,SR,1
0,3527,4199,0,0,15.729,13.6964,0.479,0.0,0.0,1150,813,0,0,-1.91,15.54,0.0,0.0,20,0.0,0.0,0.0,one,SR,1
0,3528,2999,0,0,19.2649,17.0904,0.2759,0.0,0.0,1057,1057,0,0,-5.99,18.99,0.0,0.0,0,0.0,0.0,0.0,one,SR,1
0,3538,5801,0,0,14.9645,12.9012,0.4433,0.0,0.0,1352,860,0,0,-0.38,16.2,0.0,0.0,115,0.0,0.0,0.0,one,SR,1
0,3539,5073,0,0,16.5968,14.5241,0.4202,0.0,0.0,1133,883,0,0,-2.98,16.53,0.0,0.0,24,0.0,0.0,0.0,one,SR,1
0,3540,3595,0,0,15.9734,13.8354,0.3341,0.0,0.0,1230,990,0,0,-3.32,18.04,0.0,0.0,164,0.0,0.0,0.0,one,SR,1
0,3541,9868,0,0,17.1408,15.0538,0.4133,0.0,0.0,1152,898,0,0,-2.97,16.74,0.0,0.0,1,0.0,0.0,0.0,one,SR,1
0,3545,3624,3623,0,44.9544,31.7747,4.6919,4.6919,0.0,1767,1388,1388,0,-15.61,18.98,18.98,0.0,163,0.0,0.0,0.0,many,SR,2
0,3548,6174,6173,0,41.5074,29.0235,4.4687,4.4687,0.0,1832,1278,1278,0,-12.68,17.73,17.73,0.0,198,0.0,0.0,0.0,many,SR,2
0,3549,9925,0,0,12.2545,10.2732,0.5634,0.0,0.0,1194,717,0,0,-0.22,14.18,0.0,0.0,170,0.0,0.0,0.0,one,SR,1
0,3551,5648,0,0,16.7424,14.4326,0.0733,0.0,0.0,2523,1296,0,0,6.36,22.37,0.0,0.0,389,0.0,0.0,0.0,one,SR,1
0,3559,7079,0,0,22.1166,19.8133,0.0922,0.0,0.0,2183,1278,0,0,3.02,22.11,0.0,0.0,6,0.0,0.0,0.0,one,SR,1
0,3562,9985,0,0,15.9972,13.8546,0.3133,0.0,0.0,1348,1008,0,0,-2.31,18.29,0.0,0.0,178,0.0,0.0,0.0,one,SR,1
0,3563,4944,2479,0,39.1082,27.245,4.2768,4.2724,0.0,1770,1176,1174,0,-11.24,16.59,16.55,0.0,176,-1.0,0.0,0.0,many,SR,2
0,3565,4139,0,0,15.6279,13.4701,0.3144,0.0,0.0,1288,1018,0,0,-3.07,18.43,0.0,0.0,213,0.0,0.0,0.0,one,SR,1
0,3566,1641,124,0,50.8107,36.7302,4.812,4.8881,0.0,1947,1492,1783,0,-18.98,20.24,23.57,0.0,184,0.0,27.0,0.0,many,SR,2
0,3573,9488,3738,0,29.8468,20.5409,3.2577,3.5257,0.0,2197,954,793,0,0.37,12.99,12.23,0.0,148,94.0,0.0,0.0,many,SR,2
0,3576,6221,0,0,14.5459,12.4927,0.4487,0.0,0.0,1181,849,0,0,-2.04,16.04,0.0,0.0,133,0.0,0.0,0.0,one,SR,1
0,3578,3637,202,0,64.0227,48.0703,5.3761,4.9408,0.0,3090,2391,1897,0,-18.27,31.4,24.95,0.0,181,13.0,31.0,0.0,many,SR,2
0,3583,6232,914,0,27.2816,17.6497,3.4471,3.6295,0.0,2199,865,852,0,0.09,12.66,12.89,0.0,365,34.0,1.0,0.0,many,SR,2
0,3590,9712,1709,1708,93.602,70.3751,5.1995,5.0511,5.0511,2411,2307,1839,1839,-46.01,30.03,24.61,24.61,65,38.0,0.0,0.0,many,SR,3
0,3597,6308,0,0,19.3255,17.0986,0.2039,0.0,0.0,1534,1145,0,0,-2.1,20.23,0.0,0.0,76,0.0,0.0,0.0,one,SR,1
0,3599,622,0,0,14.49,12.3314,0.318,0.0,0.0,2145,1016,0,0,5.96,18.41,0.0,0.0,289,0.0,0.0,0.0,one,SR,1
0,3602,2100,2099,732,64.1193,46.2249,3.9277,3.9277,4.894,1660,1001,1001,1659,-28.88,14.59,14.59,22.27,6,0.0,0.0,6.0,many,SR,3
0,3603,3884,0,0,13.7406,11.7565,0.5592,0.0,0.0,1096,722,0,0,-1.32,14.25,0.0,0.0,73,0.0,0.0,0.0,one,SR,1
0,3606,5814,5813,0,30.7808,20.7945,3.6769,3.6769,0.0,1201,875,875,0,-11.08,13.16,13.16,0.0,198,0.0,0.0,0.0,many,SR,2
0,3616,2883,0,0,20.3355,18.102,0.185,0.0,0.0,1488,1163,0,0,-2.81,20.48,0.0,0.0,23,0.0,0.0,0.0,one,SR,1
0,3617,1041,0,0,18.0613,15.9185,0.3318,0.0,0.0,1290,995,0,0,-2.75,18.11,0.0,0.0,26,0.0,0.0,0.0,one,SR,1
0,3624,9234,0,0,17.1229,14.9432,0.2684,0.0,0.0,1619,1066,0,0,-0.2,19.11,0.0,0.0,154,0.0,0.0,0.0,one,SR,1
0,3626,7707,0,0,20.1803,17.9618,0.2068,0.0,0.0,1207,1137,0,0,-5.43,20.12,0.0,0.0,10,0.0,0.0,0.0,one,SR,1
0,3628,6875,1075,0,42.7199,30.7558,4.2763,3.749,0.0,2478,2113,944,0,-9.43,25.56,13.83,0.0,320,199.0,10.0,0.0,many,SR,2
0,3631,1682,0,0,18.6253,16.4278,0.2564,0.0,0.0,1597,1087,0,0,-0.7,19.41,0.0,0.0,71,0.0,0.0,0.0,one,SR,1
0,3637,2036,0,0,19.6451,17.3706,0.1483,0.0,0.0,1438,1218,0,0,-4.04,21.26,0.0,0.0,121,0.0,0.0,0.0,one,SR,1
0,3638,6762,6637,0,31.9195,22.1028,3.6268,3.5019,0.0,1387,1011,866,0,-9.63,14.12,12.77,0.0,143,52.0,26.0,0.0,many,SR,2
0,3641,7344,5768,0,92.1367,72.9562,6.1788,3.8836,0.0,5269,3450,4127,0,-26.74,44.91,46.27,0.0,621,0.0,569.0,0.0,many,SR,2
0,3657,879,0,0,16.264,14.1339,0.3503,0.0,0.0,2533,973,0,0,10.58,17.8,0.0,0.0,129,0.0,0.0,0.0,one,SR,1
0,3659,7867,719,0,39.0139,27.5208,4.1389,4.0946,0.0,1421,1116,1236,0,-14.42,15.87,16.72,0.0,124,2.0,47.0,0.0,many,SR,2
0,3661,854,0,0,20.5553,18.2405,0.0754,0.0,0.0,1948,1298,0,0,0.3,22.39,0.0,0.0,131,0.0,0.0,0.0,one,SR,1
0,3662,9693,9691,0,72.7854,54.6134,5.6156,5.6156,0.0,4501,2640,2640,0,-15.21,34.7,34.7,0.0,536,0.0,0.0,0.0,many,SR,2
0,3663,7434,0,0,17.6147,15.3914,0.2045,0.0,0.0,1924,1142,0,0,2.03,20.19,0.0,0.0,190,0.0,0.0,0.0,one,SR,1
0,3668,8899,6087,0,88.7726,69.6044,5.9559,4.9196,0.0,3654,3130,3485,0,-36.27,40.89,42.04,0.0,343,-1.0,263.0,0.0,many,SR,2
0,3676,8619,2318,0,77.7927,60.2349,4.7822,5.5714,0.0,3684,2449,3283,0,-26.16,30.5,41.55,0.0,314,143.0,100.0,0.0,many,SR,2
0,3677,3527,3526,0,41.4277,28.8187,4.5097,4.5097,0.0,1769,1297,1297,0,-13.73,17.95,17.95,0.0,238,0.0,0.0,0.0,many,SR,2
0,3688,4756,4684,0,34.6113,24.1148,3.836,3.7514,0.0,1225,1142,913,0,-13.32,15.5,13.59,0.0,141,61.0,0.0,0.0,many,SR,2
0,3689,8536,619,0,37.3936,26.3882,4.2603,3.7259,0.0,1434,1201,900,0,-12.12,16.75,13.45,0.0,54,10.0,0.0,0.0,many,SR,2
0,3690,7271,0,0,15.4614,13.365,0.3902,0.0,0.0,1386,921,0,0,-0.8,17.06,0.0,0.0,136,0.0,0.0,0.0,one,SR,1
0,3694,9031,4610,0,56.9753,41.8623,4.9963,5.0508,0.0,2997,1979,1844,0,-14.12,25.98,24.67,0.0,255,31.0,0.0,0.0,many,SR,2
0,3696,8911,0,0,21.3128,19.0355,0.1256,0.0,0.0,2209,1236,0,0,3.83,21.52,0.0,0.0,23,0.0,0.0,0.0,one,SR,1
0,3700,9532,9531,0,29.5854,20.4849,3.3984,3.3984,0.0,1389,730,730,0,-6.15,11.52,11.52,0.0,17,0.0,0.0,0.0,many,SR,2
0,3701,7465,7464,0,34.4456,23.9914,3.8258,3.8258,0.0,1316,950,950,0,-11.41,14.01,14.01,0.0,84,0.0,0.0,0.0,many,SR,2
0,3702,9694,6386,0,36.4478,25.4375,4.1117,3.7659,0.0,1683,1092,1183,0,-10.52,15.62,15.7,0.0,188,0.0,84.0,0.0,many,SR,2
0,3703,8743,0,0,14.0145,11.9804,0.472,0.0,0.0,1188,819,0,0,-1.58,15.62,0.0,0.0,142,0.0,0.0,0.0,one,SR,1
0,3704,4876,0,0,20.1262,17.9098,0.2287,0.0,0.0,1665,1120,0,0,-0.41,19.88,0.0,0.0,-1,0.0,0.0,0.0,one,SR,1
0,3706,6016,0,0,18.5946,16.4297,0.2946,0.0,0.0,1162,1037,0,0,-4.63,18.7,0.0,0.0,28,0.0,0.0,0.0,one,SR,1
0,3707,9311,1881,38,63.7254,45.2873,4.2795,4.3715,4.4038,2141,1515,1245,1242,-25.97,19.21,17.3,17.32,216,107.0,5.0,0.0,many,SR,3
0,3718,4591,59,0,49.7968,35.6995,4.4351,5.1455,0.0,2366,1257,2102,0,-15.81,17.49,27.67,0.0,338,0.0,20.0,0.0,many,SR,2
0,3720,6112,5003,0,35.2398,24.5332,3.8747,3.8999,0.0,1250,974,1065,0,-13.26,14.29,15.03,0.0,127,0.0,25.0,0.0,many,SR,2
0,3728,7024,5201,5200,51.0464,35.2666,3.8473,3.8473,3.8473,1309,960,960,960,-24.4,14.13,14.13,14.13,196,0.0,0.0,0.0,many,SR,3
0,3739,4250,4249,0,62.2303,46.1355,5.241,5.241,0.0,2535,2113,2113,0,-23.9,28.06,28.06,0.0,299,0.0,0.0,0.0,many,SR,2
0,3745,2824,0,0,18.1836,15.9438,0.1757,0.0,0.0,1485,1174,0,0,-2.98,20.64,0.0,0.0,180,0.0,0.0,0.0,one,SR,1
0,3747,3916,0,0,17.203,14.9614,0.1917,0.0,0.0,2153,1164,0,0,4.16,20.5,0.0,0.0,238,0.0,0.0,0.0,one,SR,1
0,3761,6594,6593,0,30.2619,20.8112,3.5101,3.5101,0.0,1082,786,786,0,-10.51,12.15,12.15,0.0,73,0.0,0.0,0.0,many,SR,2
0,3762,834,833,0,31.0123,21.1459,3.6396,3.6396,0.0,1643,855,855,0,-6.03,12.94,12.94,0.0,146,0.0,0.0,0.0,many,SR,2
0,3766,6533,6532,0,47.4469,33.8377,4.7996,4.7996,0.0,1976,1477,1477,0,-15.34,20.05,20.05,0.0,154,0.0,0.0,0.0,many,SR,2
0,3767,4927,2566,0,43.1567,29.954,4.7297,4.6646,0.0,1848,1410,1376,0,-14.87,19.24,18.84,0.0,295,-1.0,0.0,0.0,many,SR,2
0,3780,5990,4639,0,37.8459,26.5371,4.0943,4.1001,0.0,1641,1087,1088,0,-10.8,15.57,15.58,0.0,102,0.0,0.0,0.0,many,SR,2
0,3784,7851,333,0,37.9557,26.7554,3.908,4.1483,0.0,1306,997,1248,0,-14.58,14.53,16.9,0.0,105,1.0,43.0,0.0,many,SR,2
0,3790,6810,5483,0,34.1858,23.9667,3.7513,3.7513,0.0,1628,912,912,0,-7.35,13.58,13.58,0.0,33,0.0,0.0,0.0,many,SR,2
0,3792,9103,0,0,19.9881,17.6705,0.0712,0.0,0.0,1457,1303,0,0,-4.92,22.46,0.0,0.0,174,0.0,0.0,0.0,one,SR,1
0,3793,8882,0,0,13.6391,11.6233,0.5174,0.0,0.0,1569,774,0,0,2.99,14.98,0.0,0.0,127,0.0,0.0,0.0,one,SR,1
0,3794,8141,8019,3946,72.1155,52.6736,4.4096,4.204,4.7304,2086,1244,1311,2058,-32.98,17.35,17.48,26.15,151,0.0,55.0,97.0,many,SR,3
0,3800,7251,0,0,13.5511,11.5434,0.5248,0.0,0.0,1207,763,0,0,-0.67,14.83,0.0,0.0,123,0.0,0.0,0.0,one,SR,1
0,3802,5778,5777,790,82.8851,62.2739,4.456,4.456,4.4589,3590,2236,2236,1274,-27.47,27.36,27.36,17.69,197,179.0,179.0,0.0,many,SR,3
0,3803,1772,0,0,18.5886,16.2993,0.122,0.0,0.0,1746,1247,0,0,-1.17,21.67,0.0,0.0,219,0.0,0.0,0.0,one,SR,1
0,3805,3353,1045,0,37.1281,26.0548,4.014,4.0299,0.0,1560,1047,1052,0,-10.88,15.11,15.18,0.0,83,0.0,-1.0,0.0,many,SR,2
0,3808,1321,1320,0,75.554,56.9466,5.6897,5.6897,0.0,3784,2754,2754,0,-25.32,36.14,36.14,0.0,553,0.0,0.0,0.0,many,SR,2
0,3812,1358,0,0,21.1348,18.8697,0.1573,0.0,0.0,1249,1205,0,0,-5.86,21.08,0.0,0.0,7,0.0,0.0,0.0,one,SR,1
0,3825,4299,4298,0,46.2497,32.7619,4.7779,4.7779,0.0,2039,1446,1446,0,-13.98,19.66,19.66,0.0,179,0.0,0.0,0.0,many,SR,2
0,3844,9105,0,0,16.343,14.2385,0.3784,0.0,0.0,1688,935,0,0,2.19,17.26,0.0,0.0,89,0.0,0.0,0.0,one,SR,1
0,3849,7744,4187,0,36.0778,24.9979,3.9003,4.1354,0.0,1399,989,1132,0,-12.71,14.46,15.99,0.0,164,0.0,8.0,0.0,many,SR,2
0,3850,4531,3259,0,49.7865,35.9268,4.832,4.583,0.0,2348,1597,1806,0,-15.35,21.42,23.02,0.0,278,11.0,93.0,0.0,many,SR,2
0,3852,3007,0,0,17.5976,15.4872,0.3603,0.0,0.0,1457,952,0,0,-0.45,17.5,0.0,0.0,18,0.0,0.0,0.0,one,SR,1
0,3853,4924,4923,0,53.7538,39.2938,4.9503,4.9503,0.0,2568,1695,1695,0,-14.07,22.8,22.8,0.0,119,0.0,0.0,0.0,many,SR,2
0,3857,5753,0,0,15.8254,13.7265,0.3771,0.0,0.0,1301,932,0,0,-1.84,17.22,0.0,0.0,121,0.0,0.0,0.0,one,SR,1
0,3859,6120,3872,2385,67.5361,48.5294,4.5294,4.5334,4.5198,1901,1309,1311,1306,-28.86,18.08,18.11,18.05,20,0.0,0.0,0.0,many,SR,3
0,3862,390,0,0,17.3882,15.2098,0.2656,0.0,0.0,1143,1067,0,0,-5.21,19.13,0.0,0.0,137,0.0,0.0,0.0,one,SR,1
0,3864,7882,954,0,31.9753,22.3422,3.4029,3.4944,0.0,1218,1218,779,0,-11.83,15.28,12.07,0.0,156,156.0,0.0,0.0,many,SR,2
0,3869,4964,1875,0,31.5039,22.0148,3.53,3.4922,0.0,1191,801,813,0,-9.7,12.32,12.35,0.0,13,0.0,10.0,0.0,many,SR,2
0,3871,752,0,0,17.4571,15.212,0.1726,0.0,0.0,1438,1180,0,0,-3.55,20.73,0.0,0.0,235,0.0,0.0,0.0,one,SR,1
0,3872,5683,3609,0,84.0912,65.4796,5.731,5.422,0.0,3261,2813,2964,0,-32.89,36.88,37.7,0.0,113,0.0,86.0,0.0,many,SR,2
0,3881,9052,8232,0,49.1925,35.7812,4.796,4.604,0.0,1694,1619,1348,0,-18.32,21.59,18.53,0.0,22,20.0,0.0,0.0,many,SR,2
0,3888,4475,3174,0,35.4266,24.9608,3.8435,3.8141,0.0,1714,960,945,0,-7.28,14.13,13.96,0.0,22,0.0,0.0,0.0,many,SR,2
0,3889,8284,0,0,17.086,14.993,0.3952,0.0,0.0,1483,915,0,0,0.29,16.98,0.0,0.0,20,0.0,0.0,0.0,one,SR,1
0,3893,3818,3728,0,43.7917,31.365,4.1567,4.5749,0.0,2333,1448,1350,0,-8.76,18.47,18.48,0.0,129,105.0,6.0,0.0,many,SR,2
0,3908,5084,0,0,19.181,16.9672,0.2232,0.0,0.0,1480,1122,0,0,-2.37,19.91,0.0,0.0,65,0.0,0.0,0.0,one,SR,1
0,3916,8632,8631,0,67.7693,50.6322,5.4308,5.4308,0.0,3769,2376,2376,0,-16.91,31.38,31.38,0.0,399,0.0,0.0,0.0,many,SR,2
0,3923,4648,0,0,18.3198,16.1831,0.3314,0.0,0.0,1057,991,0,0,-5.15,18.05,0.0,0.0,5,0.0,0.0,0.0,one,SR,1
0,3925,5253,0,0,20.6049,18.2345,0.008,0.0,0.0,2644,1385,0,0,6.5,23.62,0.0,0.0,207,0.0,0.0,0.0,one,SR,1
0,3929,8000,5904,3801,45.4014,31.566,3.2159,3.3771,3.3832,1315,1315,723,723,-20.92,15.7,11.44,11.45,216,216.0,0.0,-1.0,many,SR,3
0,3931,7885,4230,2618,73.8537,53.3861,4.7936,4.8109,4.8052,2830,1499,1485,1485,-24.81,20.28,20.15,20.15,78,4.0,0.0,0.0,many,SR,3
0,3933,5171,0,0,22.0488,19.7404,0.0987,0.0,0.0,1495,1277,0,0,-4.19,22.1,0.0,0.0,10,0.0,0.0,0.0,one,SR,1
0,3935,9773,9772,0,52.6847,38.4797,4.9072,4.9072,0.0,2539,1628,1628,0,-12.86,21.95,21.95,0.0,71,0.0,0.0,0.0,many,SR,2
0,3940,5070,0,0,13.4794,11.4459,0.487,0.0,0.0,1210,808,0,0,-1.21,15.47,0.0,0.0,169,0.0,0.0,0.0,one,SR,1
0,3941,6688,0,0,16.1226,14.0803,0.4788,0.0,0.0,1132,820,0,0,-2.19,15.63,0.0,0.0,0,0.0,0.0,0.0,one,SR,1
0,3942,6511,0,0,14.5116,12.4276,0.399,0.0,0.0,1341,906,0,0,-1.09,16.85,0.0,0.0,187,0.0,0.0,0.0,one,SR,1
0,3943,7504,0,0,14.9171,12.8898,0.5006,0.0,0.0,1215,794,0,0,-0.98,15.27,0.0,0.0,58,0.0,0.0,0.0,one,SR,1
0,3944,6113,5957,0,31.1533,20.6718,3.8242,3.8139,0.0,2047,1017,941,0,-4.1,14.52,13.91,0.0,336,22.0,0.0,0.0,many,SR,2
0,3949,9329,0,0,21.321,19.039,0.1233,0.0,0.0,1855,1241,0,0,0.05,21.59,0.0,0.0,27,0.0,0.0,0.0,one,SR,1
0,3954,1858,0,0,17.3828,15.1859,0.2432,0.0,0.0,1512,1096,0,0,-1.71,19.54,0.0,0.0,164,0.0,0.0,0.0,one,SR,1
0,3960,2969,0,0,17.5569,15.3432,0.2091,0.0,0.0,1315,1132,0,0,-4.23,20.05,0.0,0.0,184,0.0,0.0,0.0,one,SR,1
0,3966,8675,8362,0,59.7837,44.8218,4.9624,4.8391,0.0,2940,1715,2255,0,-15.57,23.05,28.56,0.0,111,0.0,103.0,0.0,many,SR,2
0,3970,5019,4974,0,48.1941,34.5692,4.6293,4.8533,0.0,1708,1555,1551,0,-19.35,20.44,20.98,0.0,185,47.0,0.0,0.0,many,SR,2
0,3971,1818,1145,0,27.8515,18.7634,3.3945,3.3945,0.0,1678,728,728,0,-3.07,11.5,11.5,0.0,132,0.0,0.0,0.0,many,SR,2
0,3975,7869,7868,0,40.2281,28.2983,4.296,4.296,0.0,1738,1186,1186,0,-11.79,16.69,16.69,0.0,119,0.0,0.0,0.0,many,SR,2
0,3982,8105,7467,0,45.2557,32.7138,3.5869,4.8353,0.0,1811,1811,1528,0,-18.06,20.5,20.69,0.0,298,298.0,0.0,0.0,many,SR,2
0,3983,7122,0,0,18.3284,16.0569,0.134,0.0,0.0,1533,1226,0,0,-3.14,21.38,0.0,0.0,217,0.0,0.0,0.0,one,SR,1
0,3995,9640,5649,4930,69.2478,49.4921,4.3072,4.7255,4.7685,2108,1623,1463,1431,-31.46,20.37,19.7,19.48,280,121.0,14.0,-1.0,many,SR,3
0,4002,7139,7084,5571,74.5927,54.4712,4.0592,4.7936,4.8063,2349,2067,1463,1495,-33.5,24.5,19.87,20.25,252,237.0,0.0,2.0,many,SR,3
0,4003,2917,0,0,20.1493,17.926,0.2186,0.0,0.0,1852,1132,0,0,1.4,20.05,0.0,0.0,8,0.0,0.0,0.0,one,SR,1
0,4004,7965,0,0,14.475,12.3765,0.3965,0.0,0.0,1216,918,0,0,-2.55,17.02,0.0,0.0,201,0.0,0.0,0.0,one,SR,1
0,4016,9960,7766,0,36.2972,25.5388,3.9138,3.906,0.0,2057,1049,988,0,-4.85,14.94,14.44,0.0,62,17.0,0.0,0.0,many,SR,2
0,4020,7732,0,0,19.6905,17.3457,0.022,0.0,0.0,1542,1357,0,0,-4.71,23.23,0.0,0.0,243,0.0,0.0,0.0,one,SR,1
0,4021,3890,0,0,15.7148,13.5551,0.3163,0.0,0.0,1422,1018,0,0,-1.66,18.43,0.0,0.0,207,0.0,0.0,0.0,one,SR,1
0,4031,2331,0,0,15.1118,13.0022,0.3708,0.0,0.0,1540,944,0,0,0.52,17.39,0.0,0.0,181,0.0,0.0,0.0,one,SR,1
0,4036,4737,0,0,12.542,10.5519,0.5552,0.0,0.0,1502,729,0,0,2.86,14.35,0.0,0.0,161,0.0,0.0,0.0,one,SR,1
0,4038,4406,0,0,15.4591,13.385,0.4229,0.0,0.0,1133,882,0,0,-2.96,16.51,0.0,0.0,101,0.0,0.0,0.0,one,SR,1
0,4046,9043,0,0,19.8966,17.6911,0.2306,0.0,0.0,1699,1111,0,0,0.06,19.75,0.0,0.0,6,0.0,0.0,0.0,one,SR,1
0,4050,4548,3316,0,30.6284,21.1267,3.5221,3.524,0.0,1102,797,797,0,-10.53,12.28,12.28,0.0,67,0.0,0.0,0.0,many,SR,2
0,4051,8237,0,0,16.7616,14.6705,0.4074,0.0,0.0,1403,905,0,0,-0.42,16.84,0.0,0.0,33,0.0,0.0,0.0,one,SR,1
0,4056,848,0,0,14.8293,12.8366,0.5607,0.0,0.0,1004,727,0,0,-2.35,14.32,0.0,0.0,4,0.0,0.0,0.0,one,SR,1
0,4063,9486,0,0,21.3389,19.0534,0.1041,0.0,0.0,1621,1257,0,0,-2.61,21.81,0.0,0.0,40,0.0,0.0,0.0,one,SR,1
0,4066,8179,0,0,15.3976,13.35,0.4757,0.0,0.0,1367,826,0,0,0.21,15.72,0.0,0.0,55,0.0,0.0,0.0,one,SR,1
0,4068,4211,0,0,16.7529,14.6619,0.4074,0.0,0.0,1157,905,0,0,-3.0,16.84,0.0,0.0,34,0.0,0.0,0.0,one,SR,1
0,4072,4726,2457,0,36.5601,25.8174,3.9159,3.913,0.0,2132,995,1007,0,-3.84,14.52,14.61,0.0,28,0.0,4.0,0.0,many,SR,2
0,4080,5035,2406,0,42.9702,30.7787,4.715,3.9236,0.0,1618,1584,996,0,-14.99,21.0,14.53,0.0,82,32.0,0.0,0.0,many,SR,2
0,4082,9069,8781,0,33.473,23.0827,3.7475,3.8515,0.0,1275,912,985,0,-11.73,13.58,14.33,0.0,139,0.0,7.0,0.0,many,SR,2
0,4090,9801,0,0,15.5617,13.539,0.5074,0.0,0.0,1026,786,0,0,-2.87,15.15,0.0,0.0,7,0.0,0.0,0.0,one,SR,1
0,4091,7610,6809,0,43.0695,31.1964,3.3971,4.4501,0.0,2116,1248,1994,0,-14.01,15.52,24.74,0.0,344,165.0,145.0,0.0,many,SR,2
0,4095,4528,2878,0,36.0851,25.4952,3.7323,3.9257,0.0,1799,1067,1000,0,-7.5,14.74,14.58,0.0,61,53.0,0.0,0.0,many,SR,2
0,4107,8481,6760,0,38.7911,26.7502,4.3393,4.3196,0.0,1978,1211,1200,0,-9.67,16.97,16.85,0.0,252,0.0,0.0,0.0,many,SR,2
0,4108,4496,0,0,15.2337,13.1499,0.4227,0.0,0.0,1152,889,0,0,-2.85,16.61,0.0,0.0,123,0.0,0.0,0.0,one,SR,1
0,4109,6524,4486,0,36.4942,25.6923,3.4397,4.3567,0.0,1596,753,1375,0,-10.29,11.78,18.28,0.0,93,0.0,49.0,0.0,many,SR,2
0,4112,4674,0,0,14.0019,11.9675,0.495,0.0,0.0,1305,803,0,0,-0.15,15.39,0.0,0.0,129,0.0,0.0,0.0,one,SR,1
0,4117,6091,0,0,14.1422,12.1075,0.4712,0.0,0.0,1197,820,0,0,-1.5,15.63,0.0,0.0,134,0.0,0.0,0.0,one,SR,1
0,4127,6949,3795,0,32.8208,22.3852,3.8592,3.7409,0.0,1309,969,986,0,-11.77,14.23,14.13,0.0,214,0.0,26.0,0.0,many,SR,2
0,4128,5646,2316,0,35.114,24.4729,3.8594,3.902,0.0,1823,990,985,0,-6.78,14.39,14.41,0.0,99,7.0,0.0,0.0,many,SR,2
0,4130,9998,0,0,16.6974,14.5541,0.331,0.0,0.0,1171,996,0,0,-4.02,18.12,0.0,0.0,120,0.0,0.0,0.0,one,SR,1
0,4131,5411,4327,0,51.8426,37.6858,4.797,4.8319,0.0,2099,1476,1950,0,-18.71,20.04,25.24,0.0,209,0.0,61.0,0.0,many,SR,2
0,4132,578,0,0,13.2251,11.1458,0.4339,0.0,0.0,1743,878,0,0,3.49,16.45,0.0,0.0,250,0.0,0.0,0.0,one,SR,1
0,4135,7752,7482,0,27.4902,18.6019,3.1619,3.3673,0.0,1601,876,718,0,-4.42,12.21,11.38,0.0,180,85.0,0.0,0.0,many,SR,2
0,4137,2701,1797,583,44.5444,30.6402,3.4359,3.2777,3.4358,1303,753,1082,751,-20.11,11.78,14.01,11.76,215,0.0,132.0,0.0,many,SR,3
0,4142,6557,3612,0,43.3864,30.4833,4.4842,4.64,0.0,1692,1284,1509,0,-16.24,17.8,19.99,0.0,241,0.0,37.0,0.0,many,SR,2
0,4151,4527,0,0,15.8191,13.6144,0.227,0.0,0.0,1763,1113,0,0,0.71,19.78,0.0,0.0,286,0.0,0.0,0.0,one,SR,1
0,4161,9780,9779,0,37.8202,26.2864,4.1705,4.1705,0.0,1762,1122,1122,0,-10.23,15.96,15.96,0.0,167,0.0,0.0,0.0,many,SR,2
0,4162,5237,1738,0,32.2165,22.3694,3.6416,3.624,0.0,1334,857,848,0,-9.23,12.96,12.86,0.0,59,0.0,0.0,0.0,many,SR,2
0,4166,9326,6695,0,42.0672,30.3663,2.9333,4.9896,0.0,1986,1178,1765,0,-13.15,14.13,23.65,0.0,248,218.0,2.0,0.0,many,SR,2
0,4174,6849,6848,0,32.4848,22.1444,3.7905,3.7905,0.0,1224,931,931,0,-11.98,13.8,13.8,0.0,184,0.0,0.0,0.0,many,SR,2
0,4177,9898,0,0,18.7758,16.513,0.1421,0.0,0.0,1439,1214,0,0,-3.98,21.21,0.0,0.0,176,0.0,0.0,0.0,one,SR,1
0,4184,8497,0,0,15.7237,13.6695,0.4426,0.0,0.0,1226,854,0,0,-1.63,16.12,0.0,0.0,57,0.0,0.0,0.0,one,SR,1
0,4185,6229,0,0,16.3579,14.2416,0.3563,0.0,0.0,1405,959,0,0,-1.09,17.6,0.0,0.0,109,0.0,0.0,0.0,one,SR,1
0,4188,5502,0,0,22.2275,19.9024,0.0603,0.0,0.0,1953,1316,0,0,0.12,22.65,0.0,0.0,33,0.0,0.0,0.0,one,SR,1
0,4190,4787,3561,875,79.1449,57.8291,4.9062,4.9043,4.9043,2468,1632,1632,1632,-33.49,22.0,22.0,22.0,108,0.0,0.0,0.0,many,SR,3
0,4198,6104,5734,0,31.9906,22.223,3.4246,3.4372,0.0,1803,1426,801,0,-7.22,16.93,12.13,0.0,268,219.0,17.0,0.0,many,SR,2
0,4199,7906,7905,0,28.9348,19.5016,3.5024,3.5024,0.0,1171,785,785,0,-9.56,12.14,12.14,0.0,161,0.0,0.0,0.0,many,SR,2
0,4207,7138,0,0,19.9184,17.6297,0.1088,0.0,0.0,1938,1256,0,0,0.73,21.8,0.0,0.0,136,0.0,0.0,0.0,one,SR,1
0,4218,519,0,0,18.1115,15.9733,0.3244,0.0,0.0,1486,997,0,0,-0.72,18.14,0.0,0.0,24,0.0,0.0,0.0,one,SR,1
0,4220,7349,7348,0,59.6248,44.4556,5.0806,5.0806,0.0,2713,1873,1873,0,-16.59,25.04,25.04,0.0,42,0.0,0.0,0.0,many,SR,2
0,4229,6994,6993,2408,50.3203,34.3539,3.708,3.708,4.2218,2031,886,886,1204,-17.63,13.29,13.29,16.71,314,0.0,0.0,16.0,many,SR,3
0,4233,9870,0,0,15.5968,13.4142,0.2642,0.0,0.0,1753,1071,0,0,1.14,19.18,0.0,0.0,263,0.0,0.0,0.0,one,SR,1
0,4238,8543,8542,0,35.7153,24.7737,3.9788,3.9788,0.0,1451,1030,1030,0,-11.62,14.92,14.92,0.0,142,0.0,0.0,0.0,many,SR,2
0,4240,6726,5096,0,34.5675,24.2788,3.7788,3.7617,0.0,1292,926,931,0,-11.17,13.74,13.74,0.0,31,0.0,5.0,0.0,many,SR,2
0,4244,5919,0,0,18.0248,15.795,0.1856,0.0,0.0,1295,1160,0,0,-4.8,20.44,0.0,0.0,178,0.0,0.0,0.0,one,SR,1
0,4245,6987,6226,0,31.9991,22.2729,3.4182,3.5666,0.0,1461,743,1239,0,-9.33,11.67,15.75,0.0,164,0.0,136.0,0.0,many,SR,2
0,4246,8523,8522,5756,60.0826,42.482,4.1548,4.1548,4.3533,1441,1114,1114,1292,-29.31,15.87,15.87,17.63,134,0.0,0.0,23.0,many,SR,3
0,4247,9768,0,0,16.8773,14.795,0.4156,0.0,0.0,1535,893,0,0,1.12,16.67,0.0,0.0,14,0.0,0.0,0.0,one,SR,1
0,4248,8657,7019,5043,92.3318,69.5896,4.8396,4.9329,4.9197,2898,2898,1694,1654,-42.02,35.5,22.72,22.28,195,195.0,5.0,0.0,many,SR,3
0,4249,7242,0,0,17.9522,15.6848,0.1354,0.0,0.0,1478,1222,0,0,-3.67,21.32,0.0,0.0,239,0.0,0.0,0.0,one,SR,1
0,4257,5233,4379,1757,58.0562,41.3638,4.1796,3.2125,4.4331,1523,1464,828,1337,-27.81,18.63,11.93,18.12,167,107.0,62.0,25.0,many,SR,3
0,4258,10000,0,0,20.6889,18.4247,0.1634,0.0,0.0,1418,1200,0,0,-4.02,21.01,0.0,0.0,33,0.0,0.0,0.0,one,SR,1
0,4267,2544,0,0,17.0041,14.8187,0.2741,0.0,0.0,1461,1066,0,0,-1.86,19.11,0.0,0.0,163,0.0,0.0,0.0,one,SR,1
0,4270,691,0,0,15.6656,13.5345,0.3442,0.0,0.0,1248,978,0,0,-2.98,17.87,0.0,0.0,174,0.0,0.0,0.0,one,SR,1
0,4289,1599,0,0,16.2076,14.0216,0.2591,0.0,0.0,1453,1077,0,0,-2.09,19.27,0.0,0.0,227,0.0,0.0,0.0,one,SR,1
0,4294,7780,1857,0,35.7936,24.8637,3.9768,3.9748,0.0,1881,1029,1026,0,-7.05,14.91,14.87,0.0,133,0.0,0.0,0.0,many,SR,2
0,4303,3613,0,0,21.6165,19.2547,0.0065,0.0,0.0,1843,1380,0,0,-1.85,23.55,0.0,0.0,133,0.0,0.0,0.0,one,SR,1
0,4310,5029,2352,0,47.3291,33.4811,4.8459,4.8459,0.0,2699,1535,1535,0,-9.07,20.78,20.78,0.0,268,0.0,0.0,0.0,many,SR,2
0,4313,5162,0,0,16.4058,14.3438,0.4406,0.0,0.0,1337,861,0,0,-0.55,16.21,0.0,0.0,17,0.0,0.0,0.0,one,SR,1
0,4314,9746,0,0,15.5632,13.4734,0.4047,0.0,0.0,1154,906,0,0,-3.05,16.85,0.0,0.0,116,0.0,0.0,0.0,one,SR,1
0,4315,4652,4651,0,53.9837,39.0259,5.0404,5.0404,0.0,3155,1821,1821,0,-10.76,24.38,24.38,0.0,332,0.0,0.0,0.0,many,SR,2
0,4317,3901,3899,0,44.7299,31.9005,4.5802,4.5802,0.0,1609,1332,1332,0,-16.13,18.34,18.34,0.0,77,0.0,0.0,0.0,many,SR,2
0,4318,5905,5117,0,35.541,24.9461,3.6234,3.9433,0.0,1495,953,1260,0,-11.56,13.66,16.62,0.0,158,34.0,80.0,0.0,many,SR,2
0,4319,6979,4240,4239,77.4504,57.1622,3.5947,4.8472,4.8472,2522,2520,1545,1545,-36.51,28.18,20.91,20.91,398,398.0,0.0,0.0,many,SR,3
0,4323,2444,0,0,21.2954,19.0019,0.1206,0.0,0.0,1454,1251,0,0,-4.29,21.73,0.0,0.0,38,0.0,0.0,0.0,one,SR,1
0,4327,2201,1799,0,44.0319,31.6036,4.0419,4.7303,0.0,1757,1073,1602,0,-14.46,15.35,21.21,0.0,89,5.0,33.0,0.0,many,SR,2
0,4332,1654,0,0,16.6364,14.5655,0.4368,0.0,0.0,1229,870,0,0,-1.8,16.34,0.0,0.0,10,0.0,0.0,0.0,one,SR,1
0,4340,2789,0,0,16.9949,14.9123,0.4244,0.0,0.0,1315,887,0,0,-1.12,16.58,0.0,0.0,1,0.0,0.0,0.0,one,SR,1
0,4343,7218,0,0,15.8038,13.6788,0.3437,0.0,0.0,1310,974,0,0,-2.28,17.81,0.0,0.0,161,0.0,0.0,0.0,one,SR,1
0,4352,9744,4667,3236,42.483,28.831,3.4432,3.4437,3.1305,1943,755,756,954,-12.31,11.79,11.81,12.74,265,1.0,0.0,116.0,many,SR,3
0,4358,5688,550,0,32.8153,22.7256,3.6766,3.5515,0.0,1511,1267,812,0,-9.89,16.17,12.45,0.0,207,127.0,0.0,0.0,many,SR,2
0,4362,2575,0,0,23.4097,21.044,0.0103,0.0,0.0,1885,1380,0,0,-1.41,23.55,0.0,0.0,11,0.0,0.0,0.0,one,SR,1
0,4367,1229,0,0,15.8977,13.7477,0.3165,0.0,0.0,1357,1011,0,0,-2.25,18.34,0.0,0.0,188,0.0,0.0,0.0,one,SR,1
0,4369,1624,0,0,22.1061,19.7952,0.0716,0.0,0.0,2883,1298,0,0,10.12,22.39,0.0,0.0,25,0.0,0.0,0.0,one,SR,1
0,4373,8677,7785,0,43.3034,31.2467,4.7468,3.7119,0.0,2380,1731,889,0,-7.39,22.66,13.32,0.0,78,47.0,0.0,0.0,many,SR,2
0,4374,7337,3172,0,28.9437,19.7304,3.4355,3.4355,0.0,1703,747,747,0,-3.2,11.71,11.71,0.0,92,0.0,0.0,0.0,many,SR,2
0,4382,9636,0,0,17.5141,15.3864,0.3351,0.0,0.0,1476,982,0,0,-0.63,17.93,0.0,0.0,51,0.0,0.0,0.0,one,SR,1
0,4383,3878,0,0,17.7895,15.6588,0.3494,0.0,0.0,1369,974,0,0,-1.66,17.81,0.0,0.0,26,0.0,0.0,0.0,one,SR,1
0,4386,9153,0,0,20.0533,17.8404,0.2196,0.0,0.0,1243,1124,0,0,-4.89,19.93,0.0,0.0,7,0.0,0.0,0.0,one,SR,1
0,4388,698,0,0,20.004,17.7457,0.1533,0.0,0.0,1497,1203,0,0,-3.23,21.05,0.0,0.0,82,0.0,0.0,0.0,one,SR,1
0,4389,8408,6968,0,35.2449,24.2163,4.1796,3.6711,0.0,1806,1465,873,0,-9.64,18.64,13.14,0.0,299,107.0,0.0,0.0,many,SR,2
0,4408,6354,5952,0,68.5,52.1027,5.458,4.6099,0.0,4894,3608,1351,0,-5.58,44.73,18.56,0.0,332,172.0,0.0,0.0,many,SR,2
0,4417,8192,3789,0,33.8276,23.4935,3.7799,3.7924,0.0,1472,935,932,0,-9.4,13.81,13.81,0.0,93,3.0,0.0,0.0,many,SR,2
0,4418,9343,3362,0,31.3933,21.5574,3.3398,3.8987,0.0,1555,728,1005,0,-7.05,11.4,14.57,0.0,124,8.0,6.0,0.0,many,SR,2
0,4420,9057,9056,0,78.5031,60.4136,5.6021,5.6021,0.0,4053,2618,2618,0,-19.41,34.43,34.43,0.0,106,0.0,0.0,0.0,many,SR,2
0,4421,9253,495,0,42.9875,30.6536,4.5076,4.2055,0.0,1710,1538,1149,0,-14.63,19.96,16.25,0.0,132,68.0,2.0,0.0,many,SR,2
0,4423,809,0,0,15.7917,13.745,0.4677,0.0,0.0,1206,831,0,0,-1.55,15.79,0.0,0.0,32,0.0,0.0,0.0,one,SR,1
0,4424,8753,69,0,48.3212,34.8142,4.6608,4.7313,0.0,1811,1376,1702,0,-18.02,18.84,22.31,0.0,152,0.0,46.0,0.0,many,SR,2
0,4429,330,329,0,47.5649,33.6697,4.8519,4.8519,0.0,1730,1549,1549,0,-19.56,20.96,20.96,0.0,277,0.0,0.0,0.0,many,SR,2
0,4431,8531,0,0,14.6323,12.5216,0.3647,0.0,0.0,1470,949,0,0,-0.28,17.46,0.0,0.0,218,0.0,0.0,0.0,one,SR,1
0,4433,8860,6597,0,64.748,48.8813,5.2231,4.9376,0.0,3000,2688,1702,0,-19.85,34.23,22.83,0.0,169,86.0,4.0,0.0,many,SR,2
0,4439,6753,17,0,36.5154,25.7974,3.4887,4.2429,0.0,1777,778,1341,0,-8.22,12.06,17.8,0.0,74,0.0,57.0,0.0,many,SR,2
0,4445,4567,0,0,17.8508,15.5946,0.1611,0.0,0.0,1385,1196,0,0,-4.31,20.95,0.0,0.0,223,0.0,0.0,0.0,one,SR,1
0,4451,6169,2165,0,36.1054,25.3865,3.8243,3.906,0.0,1357,1137,988,0,-12.65,15.44,14.44,0.0,103,61.0,0.0,0.0,many,SR,2
0,4459,9063,2599,0,34.4622,22.4443,4.351,4.2904,0.0,3424,1217,1189,0,5.56,17.04,16.72,0.0,542,0.0,0.0,0.0,many,SR,2
0,4460,7091,2594,0,42.7723,30.5042,4.287,4.4255,0.0,1676,1369,1255,0,-14.4,18.08,17.47,0.0,102,60.0,0.0,0.0,many,SR,2
0,4467,697,0,0,17.1152,14.9714,0.3116,0.0,0.0,1315,1010,0,0,-2.68,18.32,0.0,0.0,104,0.0,0.0,0.0,one,SR,1
0,4470,7549,3723,0,33.359,23.231,3.7359,3.712,0.0,1699,901,890,0,-6.28,13.47,13.33,0.0,61,-1.0,0.0,0.0,many,SR,2
0,4471,8431,6803,0,54.2451,39.9575,4.6843,5.1233,0.0,2115,1389,1934,0,-18.11,18.99,25.81,0.0,25,0.0,0.0,0.0,many,SR,2
0,4473,8613,0,0,18.6627,16.4671,0.2404,0.0,0.0,1367,1097,0,0,-3.24,19.55,0.0,0.0,77,0.0,0.0,0.0,one,SR,1
0,4475,9797,28,0,57.3525,42.4817,4.9332,5.0847,0.0,2603,1676,1958,0,-16.35,22.56,25.97,0.0,82,0.0,11.0,0.0,many,SR,2
0,4477,8896,3094,0,35.5439,25.1724,4.0356,3.4551,0.0,1674,1177,864,0,-8.35,16.14,12.66,0.0,52,39.0,33.0,0.0,many,SR,2
0,4499,7831,5148,3073,46.4251,32.2444,3.5024,3.5024,3.4404,1191,785,785,920,-21.11,12.14,12.14,13.07,94,0.0,0.0,53.0,many,SR,3
0,4505,3606,0,0,21.8236,19.5282,0.1084,0.0,0.0,1505,1261,0,0,-3.88,21.87,0.0,0.0,11,0.0,0.0,0.0,one,SR,1
0,4510,3046,0,0,16.8405,14.6335,0.2377,0.0,0.0,1359,1107,0,0,-3.45,19.69,0.0,0.0,211,0.0,0.0,0.0,one,SR,1
0,4517,7665,1426,0,44.4543,32.2782,4.5396,3.8766,0.0,1844,1844,973,0,-14.48,23.33,14.27,0.0,107,107.0,0.0,0.0,many,SR,2
0,4519,7552,7551,7210,59.6143,42.7537,3.7769,3.7769,4.2148,2963,926,926,1932,-14.72,13.74,13.74,23.44,210,0.0,0.0,186.0,many,SR,3
0,4524,9854,9853,0,31.7534,21.8699,3.6436,3.6436,0.0,1400,859,859,0,-8.67,12.98,12.98,0.0,102,0.0,0.0,0.0,many,SR,2
0,4527,5845,0,0,15.6972,13.6608,0.4687,0.0,0.0,1397,823,0,0,0.56,15.68,0.0,0.0,31,0.0,0.0,0.0,one,SR,1
0,4530,2070,0,0,14.5968,12.4973,0.3904,0.0,0.0,1380,923,0,0,-0.89,17.09,0.0,0.0,197,0.0,0.0,0.0,one,SR,1
0,4536,4675,0,0,13.1345,11.1026,0.4939,0.0,0.0,1495,802,0,0,1.86,15.38,0.0,0.0,187,0.0,0.0,0.0,one,SR,1
0,4549,6379,0,0,19.674,17.4073,0.1363,0.0,0.0,1409,1221,0,0,-4.38,21.3,0.0,0.0,121,0.0,0.0,0.0,one,SR,1
0,4551,6179,0,0,13.201,11.2155,0.5479,0.0,0.0,1299,731,0,0,0.7,14.38,0.0,0.0,118,0.0,0.0,0.0,one,SR,1
0,4553,9300,0,0,15.8428,13.7634,0.4198,0.0,0.0,1306,888,0,0,-1.22,16.6,0.0,0.0,80,0.0,0.0,0.0,one,SR,1
0,4556,2000,0,0,13.5667,11.4714,0.4059,0.0,0.0,1638,909,0,0,2.0,16.89,0.0,0.0,255,0.0,0.0,0.0,one,SR,1
0,4562,9213,6147,4447,67.504,49.2799,3.7748,4.8847,3.5123,2137,2079,1860,792,-32.03,23.91,24.4,12.22,354,296.0,38.0,0.0,many,SR,3
0,4565,2119,2118,0,42.4416,30.0972,4.4273,4.4273,0.0,2270,1253,1253,0,-7.57,17.45,17.45,0.0,90,0.0,0.0,0.0,many,SR,2
0,4566,5286,0,0,16.0716,13.9413,0.3406,0.0,0.0,1219,980,0,0,-3.31,17.9,0.0,0.0,148,0.0,0.0,0.0,one,SR,1
0,4567,3828,2553,0,29.0985,19.4535,3.7297,3.4121,0.0,1723,900,736,0,-4.44,13.45,11.59,0.0,210,0.0,0.0,0.0,many,SR,2
0,4568,1051,0,0,15.1179,13.1244,0.5361,0.0,0.0,1241,745,0,0,-0.09,14.57,0.0,0.0,0,0.0,0.0,0.0,one,SR,1
0,4573,3850,2961,0,40.2415,28.5173,4.2042,4.2457,0.0,1611,1145,1176,0,-12.55,16.22,16.52,0.0,65,0.0,5.0,0.0,many,SR,2
0,4576,7213,0,0,12.6068,10.5737,0.4922,0.0,0.0,1568,804,0,0,2.6,15.41,0.0,0.0,225,0.0,0.0,0.0,one,SR,1
0,4579,7753,4114,0,32.2185,21.9509,3.7688,3.7688,0.0,1225,918,918,0,-11.71,13.65,13.65,0.0,179,0.0,0.0,0.0,many,SR,2
0,4583,1414,0,0,19.5421,17.2247,0.0668,0.0,0.0,1664,1306,0,0,-2.78,22.51,0.0,0.0,207,0.0,0.0,0.0,one,SR,1
0,4586,3866,3865,0,50.1848,35.764,4.9433,4.9433,0.0,2603,1685,1685,0,-13.48,22.67,22.67,0.0,344,0.0,0.0,0.0,many,SR,2
0,4587,8535,8534,0,46.7093,33.3924,4.7332,4.7332,0.0,1905,1412,1412,0,-14.65,19.25,19.25,0.0,86,0.0,0.0,0.0,many,SR,2
0,4588,2733,967,0,35.9822,24.8854,4.0314,4.0314,0.0,1717,1052,1052,0,-9.28,15.17,15.17,0.0,165,0.0,0.0,0.0,many,SR,2
0,4590,7493,5456,0,31.2098,21.6892,3.5105,3.5159,0.0,1620,862,789,0,-5.44,12.75,12.19,0.0,52,23.0,0.0,0.0,many,SR,2
0,4593,5838,5837,2115,45.5047,31.2112,3.5337,3.5337,3.5336,2234,800,800,799,-9.78,12.31,12.31,12.3,138,0.0,0.0,0.0,many,SR,3
0,4594,5853,0,0,14.1493,12.1342,0.5139,0.0,0.0,1155,776,0,0,-1.38,15.01,0.0,0.0,94,0.0,0.0,0.0,one,SR,1
0,4595,3807,0,0,22.2534,19.9317,0.0653,0.0,0.0,1422,1310,0,0,-5.38,22.56,0.0,0.0,26,0.0,0.0,0.0,one,SR,1
0,4597,5264,0,0,14.3249,12.3027,0.4941,0.0,0.0,1400,795,0,0,0.95,15.28,0.0,0.0,99,0.0,0.0,0.0,one,SR,1
0,4599,4242,0,0,19.4984,17.2287,0.1321,0.0,0.0,2033,1226,0,0,2.11,21.38,0.0,0.0,137,0.0,0.0,0.0,one,SR,1
0,4611,9299,4051,4050,58.5273,41.7338,3.987,3.9218,3.9218,1712,1712,999,999,-26.69,20.49,14.57,14.57,200,200.0,0.0,0.0,many,SR,3
0,4618,6739,2287,0,36.2266,25.386,3.9575,3.9376,0.0,2144,1016,1009,0,-4.0,14.77,14.68,0.0,77,-1.0,0.0,0.0,many,SR,2
0,4620,6385,0,0,19.0729,16.7995,0.15,0.0,0.0,1499,1216,0,0,-3.37,21.23,0.0,0.0,158,0.0,0.0,0.0,one,SR,1
0,4623,7140,5250,437,47.977,33.4969,3.5692,3.5692,3.5768,1570,821,821,821,-17.4,12.55,12.55,12.55,27,0.0,0.0,0.0,many,SR,3
0,4638,9354,7806,0,34.1643,24.0506,3.9953,3.377,0.0,1167,1167,722,0,-12.42,15.99,11.43,0.0,43,43.0,0.0,0.0,many,SR,2
0,4645,9361,8665,8664,97.6406,74.2488,4.0539,5.3,5.3,2492,2492,2200,2200,-52.48,29.06,29.16,29.16,300,300.0,0.0,0.0,many,SR,3
0,4656,5209,376,0,36.4479,25.7857,3.8924,3.8924,0.0,1568,983,983,0,-9.43,14.39,14.39,0.0,8,0.0,0.0,0.0,many,SR,2
0,4657,858,552,0,53.029,38.5689,5.0639,4.7839,0.0,1984,1877,1577,0,-20.68,25.04,21.08,0.0,201,4.0,18.0,0.0,many,SR,2
0,4658,9829,1379,0,31.7943,21.9838,3.6024,3.4078,0.0,1404,836,1215,0,-10.46,12.72,15.28,0.0,220,0.0,153.0,0.0,many,SR,2
0,4661,2964,0,0,18.9724,16.6913,0.1153,0.0,0.0,1463,1246,0,0,-4.13,21.66,0.0,0.0,191,0.0,0.0,0.0,one,SR,1
0,4662,9451,7499,2724,83.2208,61.3287,4.9763,4.9802,4.9781,2767,1724,1728,1725,-33.56,23.16,23.23,23.19,88,0.0,-1.0,-1.0,many,SR,3
0,4667,7841,3568,0,63.4067,47.1183,5.2782,5.2803,0.0,2795,2158,2161,0,-22.22,28.63,28.67,0.0,304,0.0,0.0,0.0,many,SR,2
0,4669,2203,0,0,14.8577,12.8169,0.4716,0.0,0.0,1324,824,0,0,-0.22,15.69,0.0,0.0,89,0.0,0.0,0.0,one,SR,1
0,4671,5151,5150,0,30.5963,20.8909,3.5886,3.5886,0.0,1311,829,829,0,-8.99,12.64,12.64,0.0,127,0.0,0.0,0.0,many,SR,2
0,4674,6290,0,0,15.5568,13.4176,0.3183,0.0,0.0,1399,1002,0,0,-1.7,18.21,0.0,0.0,203,0.0,0.0,0.0,one,SR,1
0,4675,5261,0,0,19.5731,17.2206,0.0155,0.0,0.0,1621,1367,0,0,-4.01,23.37,0.0,0.0,260,0.0,0.0,0.0,one,SR,1
0,4678,4774,4773,0,49.4114,35.6491,4.8245,4.8245,0.0,1973,1518,1518,0,-16.3,20.57,20.57,0.0,94,0.0,0.0,0.0,many,SR,2
0,4682,4161,1445,0,53.6357,39.3483,4.9207,4.9207,0.0,2313,1650,1650,0,-15.73,22.23,22.23,0.0,46,0.0,0.0,0.0,many,SR,2
0,4683,240,0,0,15.4443,13.3523,0.3872,0.0,0.0,1181,920,0,0,-2.94,17.05,0.0,0.0,136,0.0,0.0,0.0,one,SR,1
0,4685,5184,2923,0,37.3996,26.3733,3.7429,4.0669,0.0,1712,1334,1067,0,-10.97,16.81,15.35,0.0,176,137.0,-1.0,0.0,many,SR,2
0,4686,1527,0,0,20.2801,18.0222,0.1726,0.0,0.0,2015,1189,0,0,2.39,20.85,0.0,0.0,51,0.0,0.0,0.0,one,SR,1
0,4703,8221,1441,0,41.0665,29.3053,4.1921,4.2732,0.0,1498,1133,1215,0,-13.93,16.09,16.87,0.0,25,0.0,13.0,0.0,many,SR,2
0,4708,522,0,0,17.7837,15.5653,0.2024,0.0,0.0,1603,1140,0,0,-1.31,20.16,0.0,0.0,176,0.0,0.0,0.0,one,SR,1
0,4713,1762,0,0,14.7146,12.6103,0.374,0.0,0.0,1331,938,0,0,-1.6,17.3,0.0,0.0,202,0.0,0.0,0.0,one,SR,1
0,4715,1901,1900,0,42.093,29.187,4.6038,4.6038,0.0,1804,1345,1345,0,-14.34,18.49,18.49,0.0,280,0.0,0.0,0.0,many,SR,2
0,4723,877,0,0,14.9385,12.829,0.3664,0.0,0.0,1398,947,0,0,-1.01,17.43,0.0,0.0,195,0.0,0.0,0.0,one,SR,1
0,4725,7797,27,0,42.4231,29.6152,4.7042,4.4099,0.0,1796,1452,1249,0,-14.39,19.53,17.4,0.0,248,16.0,0.0,0.0,many,SR,2
0,4730,5849,0,0,14.5535,12.4757,0.4267,0.0,0.0,1374,882,0,0,-0.43,16.51,0.0,0.0,163,0.0,0.0,0.0,one,SR,1
0,4734,9353,8754,0,50.9431,37.1499,4.8298,4.8186,0.0,2350,1512,1557,0,-12.63,20.49,20.96,0.0,11,0.0,8.0,0.0,many,SR,2
0,4739,113,0,0,14.5622,12.527,0.4845,0.0,0.0,1423,811,0,0,0.98,15.51,0.0,0.0,98,0.0,0.0,0.0,one,SR,1
0,4741,563,0,0,18.7069,16.5527,0.3009,0.0,0.0,1138,1025,0,0,-4.73,18.53,0.0,0.0,9,0.0,0.0,0.0,one,SR,1
0,4744,5442,3879,0,62.3692,47.3184,3.962,5.3098,0.0,2637,2458,2214,0,-24.32,28.45,29.34,0.0,320,314.0,0.0,0.0,many,SR,2
0,4746,4386,0,0,20.5406,18.3026,0.1924,0.0,0.0,1415,1161,0,0,-3.55,20.46,0.0,0.0,8,0.0,0.0,0.0,one,SR,1
0,4750,3691,0,0,16.7967,14.4953,0.0903,0.0,0.0,3129,1278,0,0,12.95,22.11,0.0,0.0,369,0.0,0.0,0.0,one,SR,1
0,4753,6060,0,0,19.437,17.1157,0.0565,0.0,0.0,1866,1316,0,0,-0.79,22.65,0.0,0.0,223,0.0,0.0,0.0,one,SR,1
0,4771,1825,1447,0,28.364,19.1325,3.5845,3.1483,0.0,1385,830,896,0,-7.95,12.64,12.35,0.0,229,1.0,93.0,0.0,many,SR,2
0,4775,1507,0,0,17.739,15.6036,0.3471,0.0,0.0,1141,979,0,0,-4.11,17.88,0.0,0.0,34,0.0,0.0,0.0,one,SR,1
0,4776,4465,0,0,16.8838,14.6894,0.2562,0.0,0.0,2339,1085,0,0,7.12,19.38,0.0,0.0,188,0.0,0.0,0.0,one,SR,1
0,4780,8464,7659,0,41.569,29.1075,4.4609,4.4609,0.0,1977,1275,1275,0,-11.1,17.7,17.7,0.0,188,0.0,0.0,0.0,many,SR,2
0,4781,4703,1266,0,36.2955,25.4951,4.1045,3.6517,0.0,1465,1091,1098,0,-12.01,15.62,14.82,0.0,130,-1.0,77.0,0.0,many,SR,2
0,4782,8326,0,0,14.4529,12.456,0.5452,0.0,0.0,1084,741,0,0,-1.68,14.52,0.0,0.0,42,0.0,0.0,0.0,one,SR,1
0,4788,3562,1166,0,33.3115,22.8816,3.4905,4.0893,0.0,1593,783,1196,0,-8.93,12.11,16.39,0.0,189,1.0,36.0,0.0,many,SR,2
0,4791,9628,4514,0,45.0368,32.4706,4.7979,4.1589,0.0,1487,1487,1119,0,-16.87,20.16,15.93,0.0,1,1.0,0.0,0.0,many,SR,2
0,4792,5504,5503,0,65.5131,49.3912,5.2495,5.2495,0.0,2696,2117,2117,0,-22.3,28.11,28.11,0.0,83,0.0,0.0,0.0,many,SR,2
0,4793,9355,5417,0,30.392,21.0667,3.4709,3.46,0.0,1109,766,779,0,-9.9,11.93,12.02,0.0,33,0.0,5.0,0.0,many,SR,2
0,4798,1319,0,0,19.104,16.9277,0.2734,0.0,0.0,1980,1060,0,0,3.66,19.03,0.0,0.0,14,0.0,0.0,0.0,one,SR,1
0,4800,4059,381,0,41.9228,29.7999,4.3415,4.3551,0.0,2255,1235,1222,0,-7.16,17.17,17.1,0.0,71,7.0,0.0,0.0,many,SR,2
0,4801,5774,5773,2989,61.3138,43.3565,4.3158,4.3158,4.2883,2023,1200,1200,1185,-24.1,16.85,16.85,16.68,135,0.0,0.0,0.0,many,SR,3
0,4803,5745,3444,0,31.7822,21.8662,3.6593,3.6423,0.0,1442,867,872,0,-8.39,13.07,13.07,0.0,114,0.0,5.0,0.0,many,SR,2
0,4805,3413,0,0,17.3132,14.9775,0.054,0.0,0.0,2977,1328,0,0,10.72,22.82,0.0,0.0,379,0.0,0.0,0.0,one,SR,1
0,4809,9685,3378,0,38.191,26.9459,4.11,4.0433,0.0,1513,1095,1060,0,-11.94,15.66,15.26,0.0,60,0.0,0.0,0.0,many,SR,2
0,4811,5920,5381,107,59.417,42.0758,4.3677,4.1933,3.9278,1344,1263,1168,1021,-29.56,17.43,16.36,14.74,109,12.0,11.0,7.0,many,SR,3
0,4813,3150,0,0,18.1632,15.8984,0.1485,0.0,0.0,1375,1211,0,0,-4.61,21.16,0.0,0.0,215,0.0,0.0,0.0,one,SR,1
0,4814,2392,1236,0,74.8879,57.6694,5.0655,5.3659,0.0,3789,3043,2286,0,-21.3,37.63,30.24,0.0,233,171.0,0.0,0.0,many,SR,2
0,4816,6167,6166,0,84.9777,65.112,5.9156,5.9156,0.0,3721,3074,3074,0,-33.24,40.17,40.17,0.0,491,0.0,0.0,0.0,many,SR,2
0,4817,9673,4137,1108,59.1729,42.1446,4.171,3.9748,3.971,1563,1563,1026,1026,-27.79,19.37,14.87,14.87,141,141.0,0.0,0.0,many,SR,3
0,4823,3068,0,0,20.1729,17.8148,0.0212,0.0,0.0,1586,1367,0,0,-4.38,23.37,0.0,0.0,220,0.0,0.0,0.0,one,SR,1
0,4834,4168,0,0,19.9706,17.7619,0.2352,0.0,0.0,1270,1110,0,0,-4.43,19.74,0.0,0.0,0,0.0,0.0,0.0,one,SR,1
0,4839,9841,5766,0,37.3583,26.2254,3.6686,4.1532,0.0,1694,878,1623,0,-12.01,13.17,19.94,0.0,244,2.0,155.0,0.0,many,SR,2
0,4844,8403,7572,0,30.9513,21.5151,3.734,2.7749,0.0,2221,901,1435,0,-3.03,13.47,15.8,0.0,330,-1.0,327.0,0.0,many,SR,2
0,4849,204,0,0,18.4485,16.2891,0.3074,0.0,0.0,1202,1024,0,0,-4.05,18.52,0.0,0.0,26,0.0,0.0,0.0,one,SR,1
0,4852,9914,0,0,15.7226,13.6929,0.4832,0.0,0.0,1282,808,0,0,-0.46,15.47,0.0,0.0,16,0.0,0.0,0.0,one,SR,1
0,4853,9724,5458,5208,73.2597,52.928,4.7955,4.7955,4.6677,1842,1463,1463,1596,-35.32,19.87,19.87,20.98,118,0.0,0.0,45.0,many,SR,3
0,4855,3559,0,0,13.3823,11.3599,0.5126,0.0,0.0,1272,782,0,0,-0.23,15.1,0.0,0.0,152,0.0,0.0,0.0,one,SR,1
0,4856,7141,0,0,13.7868,11.7059,0.4128,0.0,0.0,1629,894,0,0,2.09,16.68,0.0,0.0,226,0.0,0.0,0.0,one,SR,1
0,4859,9661,0,0,16.7298,14.5164,0.2144,0.0,0.0,1542,1128,0,0,-1.8,19.99,0.0,0.0,237,0.0,0.0,0.0,one,SR,1
0,4861,9195,5370,0,65.4309,49.5808,5.2951,4.6374,0.0,2632,2193,2448,0,-25.62,29.07,30.11,0.0,251,0.0,173.0,0.0,many,SR,2
0,4862,4026,0,0,19.9947,17.6834,0.0945,0.0,0.0,1435,1282,0,0,-4.88,22.17,0.0,0.0,155,0.0,0.0,0.0,one,SR,1
0,4866,2882,0,0,13.4285,11.3823,0.4544,0.0,0.0,1631,840,0,0,2.8,15.92,0.0,0.0,201,0.0,0.0,0.0,one,SR,1
0,4871,4719,1775,0,30.3048,20.6483,3.5711,3.573,0.0,1744,822,822,0,-4.3,12.56,12.56,0.0,134,0.0,0.0,0.0,many,SR,2
0,4873,1594,0,0,13.2577,11.166,0.3925,0.0,0.0,1835,916,0,0,3.97,16.99,0.0,0.0,282,0.0,0.0,0.0,one,SR,1
0,4876,2639,0,0,14.335,12.2479,0.4133,0.0,0.0,1308,898,0,0,-1.33,16.74,0.0,0.0,192,0.0,0.0,0.0,one,SR,1
0,4878,9818,8164,0,41.7742,29.8466,3.6254,4.5412,0.0,1703,1703,1315,0,-15.97,19.46,18.15,0.0,273,273.0,0.0,0.0,many,SR,2
0,4879,5577,5280,0,33.2546,23.3275,3.612,3.7121,0.0,1152,838,885,0,-11.33,12.74,13.29,0.0,7,0.0,-1.0,0.0,many,SR,2
0,4880,6260,6257,0,28.9022,19.8355,3.3849,3.3849,0.0,1414,727,727,0,-5.82,11.48,11.48,0.0,57,0.0,0.0,0.0,many,SR,2
0,4883,2986,117,0,41.5579,29.0589,4.1607,4.711,0.0,2008,1117,1527,0,-11.56,15.91,20.37,0.0,245,0.0,25.0,0.0,many,SR,2
0,4885,6115,2150,0,29.293,20.0929,3.4339,3.4263,0.0,1310,745,745,0,-7.3,11.7,11.7,0.0,66,-1.0,-1.0,0.0,many,SR,2
0,4889,6485,3770,0,79.2404,60.112,5.7939,5.7789,0.0,4264,2892,2876,0,-23.23,37.88,37.68,0.0,538,0.0,0.0,0.0,many,SR,2
0,4892,605,0,0,19.7794,17.5128,0.1318,0.0,0.0,2591,1224,0,0,7.99,21.35,0.0,0.0,116,0.0,0.0,0.0,one,SR,1
0,4893,4722,4721,0,35.8068,25.3255,3.8337,3.8337,0.0,1072,955,955,0,-14.07,14.07,14.07,0.0,0,0.0,0.0,0.0,many,SR,2
0,4896,8524,4096,0,56.1229,41.4968,4.7076,5.1386,0.0,2298,1543,2064,0,-18.89,20.53,27.27,0.0,104,28.0,14.0,0.0,many,SR,2
0,4900,9730,7957,0,31.6337,21.8933,3.3315,3.6709,0.0,1348,1102,870,0,-10.49,14.27,13.11,0.0,188,129.0,0.0,0.0,many,SR,2
0,4901,6995,0,0,18.6898,16.5145,0.2654,0.0,0.0,1859,1065,0,0,2.33,19.1,0.0,0.0,46,0.0,0.0,0.0,one,SR,1
0,4904,9850,8517,6244,62.8014,45.6589,4.2897,3.7105,3.704,2314,2314,890,884,-24.65,27.77,13.34,13.26,224,224.0,-1.0,0.0,many,SR,3
0,4907,5545,0,0,17.4942,15.3907,0.3845,0.0,0.0,1167,930,0,0,-3.22,17.19,0.0,0.0,6,0.0,0.0,0.0,one,SR,1
0,4908,6440,3515,0,66.2701,49.4153,5.356,5.3846,0.0,2654,2322,2310,0,-27.16,30.6,30.55,0.0,383,8.0,0.0,0.0,many,SR,2
0,4911,1389,644,0,37.7387,26.792,4.0316,3.8494,0.0,1224,1224,963,0,-14.74,16.5,14.16,0.0,55,55.0,0.0,0.0,many,SR,2
0,4915,6711,5624,2825,50.023,35.1435,3.6572,3.6572,3.6572,1977,863,863,863,-14.41,13.03,13.03,13.03,2,0.0,0.0,0.0,many,SR,3
0,4918,5787,4208,0,40.9518,28.6412,4.4138,4.4138,0.0,1500,1250,1250,0,-15.6,17.42,17.42,0.0,185,0.0,0.0,0.0,many,SR,2
0,4921,2360,0,0,13.631,11.5521,0.4206,0.0,0.0,1972,887,0,0,5.78,16.58,0.0,0.0,230,0.0,0.0,0.0,one,SR,1
0,4922,7631,2925,557,49.521,34.5937,3.6652,3.6652,3.6652,1681,870,870,870,-17.74,13.11,13.11,13.11,54,0.0,0.0,0.0,many,SR,3
0,4924,9897,1296,0,48.361,35.3692,3.7071,4.8627,0.0,2024,2024,1559,0,-18.55,23.14,21.08,0.0,302,302.0,0.0,0.0,many,SR,2
0,4937,2505,0,0,14.9158,12.7555,0.3154,0.0,0.0,1796,1019,0,0,2.25,18.45,0.0,0.0,263,0.0,0.0,0.0,one,SR,1
0,4941,7370,5580,0,46.8086,33.0307,4.8106,4.825,0.0,2525,1551,1516,0,-10.77,20.88,20.54,0.0,290,8.0,0.0,0.0,many,SR,2
0,4959,7417,3584,0,44.9066,32.2822,4.3852,4.5782,0.0,2505,1371,1330,0,-6.65,18.29,18.32,0.0,46,44.0,0.0,0.0,many,SR,2
0,4969,6454,6453,0,48.5288,35.0295,4.7812,4.7812,0.0,3210,1448,1448,0,-1.73,19.68,19.68,0.0,28,0.0,0.0,0.0,many,SR,2
0,4970,3209,0,0,18.2249,16.0249,0.2293,0.0,0.0,1267,1108,0,0,-4.43,19.71,0.0,0.0,117,0.0,0.0,0.0,one,SR,1
0,4988,2754,2753,0,88.8704,69.3339,5.8556,5.8556,0.0,3842,2991,2991,0,-30.09,39.13,39.13,0.0,75,0.0,0.0,0.0,many,SR,2
0,4992,6991,0,0,13.6215,11.5887,0.4834,0.0,0.0,1220,810,0,0,-1.13,15.49,0.0,0.0,161,0.0,0.0,0.0,one,SR,1
0,4993,6320,0,0,15.3916,13.2584,0.3364,0.0,0.0,1299,985,0,0,-2.53,17.97,0.0,0.0,199,0.0,0.0,0.0,one,SR,1
0,4995,1865,0,0,15.6163,13.4548,0.2856,0.0,0.0,1511,1041,0,0,-1.02,18.76,0.0,0.0,234,0.0,0.0,0.0,one,SR,1
0,4998,9083,3401,0,33.6354,23.2235,3.8975,3.5553,0.0,1452,994,1158,0,-11.39,14.48,15.11,0.0,233,3.0,111.0,0.0,many,SR,2
0,3656,8827,5970,0,96.7478,75.2126,5.9752,6.2794,0.0,4395,3151,4051,0,-37.38,41.14,51.66,0.0,567,0.0,65.0,0.0,many,SR,2
0,2591,4836,2169,1891,93.3358,69.815,5.1511,4.973,5.1476,4154,1971,2011,2309,-30.62,26.27,26.27,29.94,302,0.0,40.0,47.0,many,SR,3
0,3167,7535,7469,4373,87.9979,65.3531,4.9469,5.085,4.8515,2248,2020,1882,2032,-46.25,26.27,25.15,26.19,307,49.0,0.0,68.0,many,SR,3
0,1296,4159,4158,3797,86.7006,64.0924,5.0355,5.0355,4.9749,2124,1960,1960,1790,-45.76,25.87,25.87,23.88,271,21.0,21.0,9.0,many,SR,3
0,2677,2868,1272,0,83.7881,65.3079,5.4311,5.6043,0.0,4084,3159,2632,0,-24.12,39.84,34.6,0.0,116,111.0,0.0,0.0,many,SR,2
0,1021,8094,6616,5156,83.4322,61.4983,4.0201,5.0013,5.3878,3446,1046,1757,2865,-31.54,15.11,23.58,36.56,425,-1.0,0.0,78.0,many,SR,3
0,550,6538,2446,1149,81.0672,59.9838,4.8372,4.778,4.5762,2123,1735,1438,2123,-39.74,22.94,19.56,26.43,140,29.0,0.0,140.0,many,SR,3
0,3642,3875,2997,0,80.4394,60.9231,5.8581,5.8581,0.0,3892,2981,2981,0,-29.34,39.0,39.0,0.0,633,0.0,0.0,0.0,many,SR,2
0,3635,9933,8582,0,78.8741,60.2152,5.518,5.8498,0.0,4483,2506,3065,0,-18.55,33.02,39.9,0.0,369,0.0,13.0,0.0,many,SR,2
0,1727,9632,8118,3394,83.1292,61.6719,4.4128,4.9739,5.1865,2113,1255,1762,2105,-39.77,17.44,23.59,27.81,20,3.0,4.0,12.0,many,SR,3
0,3814,9524,3356,2773,86.3483,63.7925,4.8035,4.8296,5.3629,3158,1481,1521,2714,-34.88,20.11,20.62,34.87,290,-1.0,-1.0,61.0,many,SR,3
0,3492,6609,4712,0,70.7543,52.8505,5.016,6.0415,0.0,4420,1778,3457,0,-15.21,23.84,44.62,0.0,598,0.0,30.0,0.0,many,SR,2
0,2576,7891,4274,2823,66.9215,48.5035,4.1821,3.9612,4.7145,2018,1183,1021,1892,-28.85,16.46,14.82,24.32,105,17.0,0.0,76.0,many,SR,3
0,4035,1743,1742,0,66.8569,49.6805,5.4366,5.4366,0.0,2989,2387,2387,0,-25.34,31.52,31.52,0.0,481,0.0,0.0,0.0,many,SR,2
0,1139,4389,3988,0,66.4716,49.8388,5.376,5.2962,0.0,3079,2295,2210,0,-21.32,30.36,29.25,0.0,260,0.0,3.0,0.0,many,SR,2
0,2087,7980,5550,2735,68.5859,50.1515,4.7708,4.5385,3.4005,2035,2028,1513,734,-30.15,25.93,19.75,11.56,94,84.0,60.0,0.0,many,SR,3
0,4762,7489,7488,0,64.9618,49.095,5.2064,5.2064,0.0,3119,2050,2050,0,-16.34,27.27,27.27,0.0,0,0.0,0.0,0.0,many,SR,2
0,1614,6821,1122,0,69.0768,52.4057,5.4595,5.1906,0.0,2996,2524,2041,0,-22.73,33.05,27.16,0.0,122,15.0,0.0,0.0,many,SR,2
0,3355,2581,1582,0,64.2752,48.6364,4.6437,5.3735,0.0,3414,1588,2760,0,-14.75,20.84,35.37,0.0,134,48.0,67.0,0.0,many,SR,2
0,2452,6153,3543,3542,63.267,45.2756,3.8234,4.406,4.406,1572,1572,1247,1247,-31.7,18.8,17.38,17.38,200,200.0,0.0,0.0,many,SR,3
0,3646,6005,2056,0,61.5834,46.3056,5.0081,5.0236,0.0,2272,2199,1797,0,-23.36,28.38,24.08,0.0,62,61.0,0.0,0.0,many,SR,2
0,4745,9533,7299,7261,61.4881,45.0138,4.2191,3.4983,3.3876,2219,2219,780,1190,-25.02,26.55,12.09,15.06,226,226.0,0.0,148.0,many,SR,3
0,901,6761,5224,0,61.3001,46.6505,3.4689,5.586,0.0,3901,790,3493,0,-9.39,12.11,43.84,0.0,253,8.0,128.0,0.0,many,SR,2
0,1738,7450,3428,3364,60.2149,43.2323,4.4822,3.8726,3.4159,1895,1358,1895,737,-27.01,18.37,22.15,11.6,251,24.0,251.0,0.0,many,SR,3
0,178,5844,1218,0,60.6853,44.4164,5.2683,5.2744,0.0,3300,2159,2158,0,-16.89,28.63,28.63,0.0,486,1.0,0.0,0.0,many,SR,2
0,1322,6894,4904,0,59.7803,44.9376,4.9856,4.2973,0.0,2829,1815,2652,0,-20.33,24.18,31.42,0.0,348,10.0,273.0,0.0,many,SR,2
0,1721,8898,1607,0,60.1277,45.6611,3.8034,4.6207,0.0,4189,3654,1466,0,-10.4,40.94,19.48,0.0,595,519.0,34.0,0.0,many,SR,2
0,850,3986,3143,0,58.9757,43.8759,5.0389,5.0744,0.0,2163,1827,1907,0,-22.17,24.46,25.41,0.0,69,0.0,5.0,0.0,many,SR,2
0,3552,6278,6277,0,59.2709,43.4547,5.1937,5.1937,0.0,3263,2040,2040,0,-14.6,27.14,27.14,0.0,369,0.0,0.0,0.0,many,SR,2
0,3612,4017,388,0,58.7809,43.9737,5.0041,4.7567,0.0,2452,2452,1423,0,-19.67,31.09,19.38,0.0,99,99.0,0.0,0.0,many,SR,2
0,4256,5478,5477,0,58.7647,43.4891,5.0935,5.0935,0.0,2870,1905,1905,0,-15.66,25.44,25.44,0.0,158,0.0,0.0,0.0,many,SR,2
0,742,597,596,0,58.0541,41.9949,5.2371,5.2371,0.0,4180,2102,2102,0,-6.38,27.93,27.93,0.0,564,0.0,0.0,0.0,many,SR,2
0,3557,8578,4087,0,57.2661,42.3964,5.1326,4.9068,0.0,2755,1989,1622,0,-14.55,26.43,21.88,0.0,74,6.0,0.0,0.0,many,SR,2
0,1475,9394,5496,0,57.5362,42.7422,4.7315,4.9261,0.0,2151,2032,1954,0,-23.64,25.85,25.52,0.0,238,95.0,43.0,0.0,many,SR,2
0,4206,6274,6273,0,57.2571,42.1583,5.0656,5.0656,0.0,2741,1857,1857,0,-15.93,24.84,24.84,0.0,174,0.0,0.0,0.0,many,SR,2
0,2818,2292,1428,0,56.4962,41.4022,4.9208,5.0947,0.0,2298,1941,1904,0,-21.58,25.35,25.43,0.0,294,43.0,0.0,0.0,many,SR,2
0,1437,4918,49,0,56.4512,41.9842,4.5644,4.819,0.0,2325,1985,2015,0,-21.34,24.93,25.91,0.0,257,121.0,73.0,0.0,many,SR,2
0,979,2540,2539,0,55.8709,41.1797,4.9928,4.9928,0.0,3425,1753,1753,0,-6.39,23.53,23.53,0.0,80,0.0,0.0,0.0,many,SR,2
0,3556,6145,4047,4046,66.8415,47.1919,3.6377,5.0001,5.0001,3153,855,1758,1758,-21.0,12.94,23.59,23.59,472,0.0,0.0,0.0,many,SR,3
0,1714,2697,2403,0,55.587,40.6643,5.1255,4.9391,0.0,3769,1948,1679,0,-4.15,25.98,22.6,0.0,209,0.0,0.0,0.0,many,SR,2
0,32,5325,5324,0,55.1739,40.2005,5.0432,5.0432,0.0,3016,1825,1825,0,-12.32,24.44,24.44,0.0,258,0.0,0.0,0.0,many,SR,2
0,2981,7984,7143,0,55.4261,40.3522,4.9216,4.8444,0.0,3104,2576,1541,0,-15.18,32.22,20.86,0.0,506,133.0,0.0,0.0,many,SR,2
0,226,4573,4572,0,55.0997,39.7815,5.106,5.106,0.0,3105,1912,1912,0,-13.35,25.53,25.53,0.0,421,0.0,0.0,0.0,many,SR,2
0,1220,9000,8401,0,54.6244,39.6667,5.0568,5.0328,0.0,2679,1832,1802,0,-15.68,24.54,24.15,0.0,283,-1.0,0.0,0.0,many,SR,2
0,170,2492,2487,0,54.2744,39.4691,5.1312,4.8589,0.0,2279,2048,1559,0,-19.41,27.07,21.08,0.0,264,14.0,0.0,0.0,many,SR,2
0,3467,8959,3945,262,59.2637,41.2239,4.6167,4.7932,3.4552,2716,1502,1476,759,-18.05,19.86,20.04,11.85,365,40.0,0.0,0.0,many,SR,3
0,3054,5489,2176,0,54.0343,39.3304,5.1979,4.7728,0.0,2473,2075,1458,0,-16.63,27.55,19.79,0.0,223,3.0,2.0,0.0,many,SR,2
0,1439,3811,3810,0,53.7794,39.0331,5.0002,5.0002,0.0,3052,1769,1769,0,-10.67,23.73,23.73,0.0,251,0.0,0.0,0.0,many,SR,2
0,1401,1560,1559,0,53.3738,38.89,4.9521,4.9521,0.0,2384,1703,1703,0,-16.18,22.9,22.9,0.0,159,0.0,0.0,0.0,many,SR,2
0,4058,7442,3732,0,53.4661,39.5845,5.0069,4.1427,0.0,2492,1765,1968,0,-16.42,23.68,23.64,0.0,205,0.0,206.0,0.0,many,SR,2
0,2919,5569,2784,0,52.6154,38.3987,5.1473,4.549,0.0,3914,2039,1318,0,0.41,27.02,18.19,0.0,156,9.0,0.0,0.0,many,SR,2
0,3763,2266,2093,0,52.3617,38.3823,4.611,4.9526,0.0,2266,1629,1711,0,-15.95,21.2,22.96,0.0,93,61.0,3.0,0.0,many,SR,2
0,4509,7471,6958,0,56.1295,41.8392,5.0718,4.2622,0.0,2068,1874,2019,0,-22.89,25.05,24.51,0.0,189,0.0,188.0,0.0,many,SR,2
0,27,8300,4381,0,51.8984,38.1344,4.1362,4.9255,0.0,2752,1369,2295,0,-13.42,17.81,29.21,0.0,286,84.0,91.0,0.0,many,SR,2
0,133,7737,1815,0,51.5549,37.4383,4.5665,5.0936,0.0,2567,1383,1943,0,-13.15,18.73,25.83,0.0,182,17.0,7.0,0.0,many,SR,2
0,1938,5276,4784,0,51.4299,37.1941,4.8263,4.9509,0.0,1952,1514,1814,0,-19.63,20.5,24.08,0.0,200,1.0,17.0,0.0,many,SR,2
0,1381,5946,5219,0,51.6774,37.735,4.1313,5.1009,0.0,2740,1102,2454,0,-13.62,15.74,31.36,0.0,318,0.0,79.0,0.0,many,SR,2
0,1932,4768,4766,0,51.1643,36.975,4.9044,4.9044,0.0,2709,1624,1624,0,-10.98,21.9,21.9,0.0,167,0.0,0.0,0.0,many,SR,2
0,363,8938,2859,0,50.9336,37.2623,4.7785,4.1747,0.0,2802,2509,1129,0,-13.04,31.14,16.04,0.0,355,152.0,0.0,0.0,many,SR,2
0,80,6446,2435,0,49.687,35.8071,4.8503,4.8495,0.0,2269,1544,1544,0,-13.8,20.89,20.91,0.0,124,0.0,-1.0,0.0,many,SR,2
0,3810,4706,3468,3467,58.4916,40.6116,4.8003,4.014,4.014,2207,1500,1046,1046,-22.29,20.31,15.1,15.1,331,2.0,0.0,0.0,many,SR,3
0,4118,8510,5186,0,49.5599,35.6969,4.6664,4.9745,0.0,1836,1375,1745,0,-18.72,18.83,23.39,0.0,157,0.0,3.0,0.0,many,SR,2
0,571,2278,1184,0,49.4158,35.7009,4.8264,4.8002,0.0,2492,1525,1493,0,-10.63,20.64,20.24,0.0,75,1.0,1.0,0.0,many,SR,2
0,3414,4764,141,0,50.2963,35.1583,5.0773,5.0477,0.0,4300,1871,1887,0,0.03,25.01,25.12,0.0,679,0.0,8.0,0.0,many,SR,2
0,2358,8569,4771,316,49.286,34.0798,4.0081,3.5572,3.6139,2217,1044,812,838,-12.96,15.08,12.45,12.74,148,0.0,0.0,0.0,many,SR,3
0,193,8099,7378,898,49.0069,33.6064,3.8118,3.6985,3.7895,1908,945,880,937,-16.87,13.94,13.23,13.83,225,1.0,-1.0,3.0,many,SR,3
0,2895,6647,1585,0,48.8356,35.3479,4.8145,4.6454,0.0,1947,1611,1367,0,-15.81,21.52,18.75,0.0,62,17.0,-1.0,0.0,many,SR,2
0,3600,9038,4707,2647,58.0277,40.5158,4.1765,4.2332,4.2337,2399,1127,1154,1154,-18.63,16.02,16.33,16.34,225,0.0,0.0,-1.0,many,SR,3
0,1461,8947,2803,0,48.6652,34.9888,4.8212,4.699,0.0,2533,1516,1592,0,-10.81,20.54,21.02,0.0,165,0.0,38.0,0.0,many,SR,2
0,2303,5590,1808,0,48.9997,36.0592,3.5357,4.6883,0.0,2654,2530,1391,0,-14.58,28.15,19.01,0.0,436,410.0,0.0,0.0,many,SR,2
0,1944,8693,4055,0,48.3791,34.9527,4.7006,4.5672,0.0,1984,1757,1391,0,-16.59,22.81,18.78,0.0,169,61.0,21.0,0.0,many,SR,2
0,4057,8850,8608,0,47.9536,34.5615,4.723,4.749,0.0,1852,1415,1480,0,-15.83,19.26,19.94,0.0,49,2.0,12.0,0.0,many,SR,2
0,123,6301,553,0,47.8218,34.3499,4.778,4.7746,0.0,3126,1438,1444,0,-2.45,19.56,19.63,0.0,63,0.0,0.0,0.0,many,SR,2
0,4172,8245,6263,0,48.044,35.0619,3.9406,4.7255,0.0,2948,2042,1410,0,-7.89,23.93,19.23,0.0,258,257.0,0.0,0.0,many,SR,2
0,2372,5532,918,0,48.1282,35.6187,3.4671,4.925,0.0,3303,767,2297,0,-2.37,11.94,29.24,0.0,98,0.0,91.0,0.0,many,SR,2
0,469,3338,1586,0,47.3837,34.1567,4.5313,4.6717,0.0,2590,1308,1703,0,-9.02,18.07,22.17,0.0,141,0.0,58.0,0.0,many,SR,2
0,139,7324,7323,2963,60.9731,42.2473,4.5275,4.5275,4.351,3257,1309,1309,1216,-13.68,18.08,18.08,17.03,384,0.0,0.0,0.0,many,SR,3
0,1586,4533,4532,0,57.4156,42.6424,5.0111,5.0111,0.0,2167,1771,1771,0,-20.0,23.75,23.75,0.0,8,0.0,0.0,0.0,many,SR,2
0,1722,5836,3388,0,46.7569,33.9624,4.2627,4.6542,0.0,1717,1170,1717,0,-16.87,16.51,22.27,0.0,64,0.0,64.0,0.0,many,SR,2
0,3368,6749,2308,0,46.757,34.1034,4.6947,4.0493,0.0,1847,1847,1065,0,-15.79,23.78,15.32,0.0,74,74.0,0.0,0.0,many,SR,2
0,435,9580,5090,0,46.9024,33.9054,3.8858,4.8151,0.0,2382,1946,1491,0,-13.65,22.73,20.23,0.0,325,256.0,0.0,0.0,many,SR,2
0,3660,5257,5256,0,46.6914,32.7997,4.8476,4.8476,0.0,2875,1551,1551,0,-7.58,20.98,20.98,0.0,339,0.0,0.0,0.0,many,SR,2
0,3278,5895,994,0,46.2047,32.9031,4.9713,4.3276,0.0,2864,1718,1207,0,-5.95,23.1,16.93,0.0,213,-1.0,0.0,0.0,many,SR,2
0,3267,9834,831,829,46.0398,31.9131,3.1385,3.5316,3.5316,1993,1205,797,797,-14.4,14.69,12.28,12.28,233,195.0,0.0,0.0,many,SR,3
0,112,9959,8014,0,46.0718,33.4335,3.5668,4.8472,0.0,3458,1892,1545,0,-1.71,21.34,20.91,0.0,313,313.0,0.0,0.0,many,SR,2
0,2578,7519,5715,0,45.6079,32.8309,4.3576,4.5727,0.0,2413,1286,1609,0,-9.28,17.59,20.88,0.0,122,21.0,66.0,0.0,many,SR,2
0,4069,6922,4585,0,45.1942,33.0604,3.6528,4.5656,0.0,2267,861,2101,0,-11.43,12.99,26.16,0.0,149,1.0,139.0,0.0,many,SR,2
0,3607,5252,3335,0,44.948,32.2297,4.0023,4.9155,0.0,2214,1041,1719,0,-10.96,15.04,22.96,0.0,135,0.0,11.0,0.0,many,SR,2
0,3513,9660,6693,0,44.7148,31.1231,4.8043,4.7874,0.0,2641,1481,1465,0,-8.27,20.1,19.9,0.0,333,0.0,0.0,0.0,many,SR,2
0,3412,7171,7170,0,44.1962,31.1059,4.6608,4.6608,0.0,2389,1376,1376,0,-8.83,18.84,18.84,0.0,192,0.0,0.0,0.0,many,SR,2
0,4209,7247,7246,0,43.8283,31.4606,4.4333,4.4333,0.0,2022,1258,1258,0,-10.28,17.51,17.51,0.0,4,0.0,0.0,0.0,many,SR,2
0,687,2002,556,0,44.2443,31.2232,4.3863,4.6886,0.0,1940,1235,1705,0,-15.15,17.24,22.22,0.0,293,0.0,56.0,0.0,many,SR,2
0,1641,8064,5887,0,44.1426,31.4091,3.9204,4.7943,0.0,2192,1710,1464,0,-13.15,20.3,19.89,0.0,325,213.0,0.0,0.0,many,SR,2
0,4092,8893,7281,0,44.2661,31.9439,4.9235,3.6304,0.0,2241,1807,964,0,-10.38,23.93,13.75,0.0,135,22.0,37.0,0.0,many,SR,2
0,4962,4913,2761,0,43.8698,30.8869,4.5867,4.5514,0.0,2171,1356,1523,0,-11.81,18.55,19.9,0.0,254,6.0,58.0,0.0,many,SR,2
0,2969,6006,1155,0,43.996,31.0099,3.7357,5.1845,0.0,2353,905,2042,0,-11.89,13.5,27.16,0.0,381,0.0,1.0,0.0,many,SR,2
0,4926,8692,7374,0,43.6478,31.2836,4.2936,4.3821,0.0,2124,1193,1584,0,-10.89,16.75,20.14,0.0,131,2.0,100.0,0.0,many,SR,2
0,3208,8061,526,0,48.0394,34.5451,4.8614,4.6371,0.0,2098,1575,1362,0,-13.93,21.27,18.69,0.0,97,1.0,0.0,0.0,many,SR,2
0,2986,9118,5821,0,43.0557,30.7787,4.3546,4.343,0.0,3246,1448,1210,0,1.87,18.83,16.96,0.0,98,73.0,0.0,0.0,many,SR,2
0,510,4235,2325,0,42.8135,30.6909,4.3549,4.3549,0.0,1600,1219,1219,0,-13.91,17.06,17.06,0.0,2,0.0,0.0,0.0,many,SR,2
0,4502,6582,3117,0,42.9876,29.7226,4.7215,4.6863,0.0,2540,1406,1440,0,-8.04,19.18,19.39,0.0,341,0.0,16.0,0.0,many,SR,2
0,2600,9799,8937,0,42.5766,30.4908,4.1597,4.3659,0.0,1437,1413,1259,0,-16.95,18.21,17.39,0.0,106,93.0,11.0,0.0,many,SR,2
0,2759,5854,4457,0,42.0927,30.0932,4.2867,4.2865,0.0,1357,1302,1186,0,-16.59,17.57,16.69,0.0,51,38.0,0.0,0.0,many,SR,2
0,984,7007,2522,0,42.7249,30.9266,3.661,4.5159,0.0,2088,863,1835,0,-10.67,13.03,23.19,0.0,114,0.0,109.0,0.0,many,SR,2
0,1558,9631,5556,0,46.8813,33.519,4.9148,4.4316,0.0,2131,1689,1261,0,-13.77,22.62,17.54,0.0,179,8.0,0.0,0.0,many,SR,2
0,4812,8342,2085,0,42.203,30.1986,4.5076,3.9287,0.0,1573,1294,1412,0,-15.6,17.91,17.77,0.0,131,0.0,131.0,0.0,many,SR,2
0,871,2642,1907,0,42.2055,30.2101,4.2021,4.3591,0.0,1470,1141,1362,0,-15.47,16.18,18.16,0.0,48,0.0,46.0,0.0,many,SR,2
0,4010,8266,2693,0,42.2845,29.3629,4.5549,4.6138,0.0,2343,1416,1353,0,-9.17,18.95,18.58,0.0,301,31.0,0.0,0.0,many,SR,2
0,1269,4027,839,0,42.6617,30.767,4.7696,3.4333,0.0,2104,1954,756,0,-11.13,25.13,11.79,0.0,168,74.0,2.0,0.0,many,SR,2
0,951,9412,9411,0,41.9257,29.4518,4.4648,4.4648,0.0,2048,1277,1277,0,-10.39,17.72,17.72,0.0,167,0.0,0.0,0.0,many,SR,2
0,2289,4014,3351,0,41.7423,28.8836,4.1785,4.81,0.0,2762,1128,1717,0,-5.83,16.03,22.67,0.0,406,0.0,32.0,0.0,many,SR,2
0,3001,8737,6817,0,41.0099,29.1814,4.3377,4.1824,0.0,1559,1209,1137,0,-13.41,16.96,16.12,0.0,41,-1.0,1.0,0.0,many,SR,2
0,2234,5712,1485,0,41.0731,29.3207,4.6121,3.7178,0.0,2630,1597,892,0,-3.19,20.87,13.36,0.0,101,55.0,0.0,0.0,many,SR,2
0,1241,7128,7127,0,40.816,29.1627,4.2042,4.2042,0.0,1748,1145,1145,0,-10.85,16.22,16.22,0.0,3,0.0,0.0,0.0,many,SR,2
0,3424,4493,2764,0,41.4214,29.5414,3.3492,4.8075,0.0,1931,1408,1523,0,-13.23,16.67,20.57,0.0,271,224.0,5.0,0.0,many,SR,2
0,2649,8567,4091,0,41.0561,28.9885,3.904,4.4809,0.0,2488,986,1771,0,-7.02,14.42,22.41,0.0,284,0.0,107.0,0.0,many,SR,2
0,1636,6730,3226,0,45.7167,33.2561,3.8787,4.8362,0.0,1753,977,1753,0,-15.3,14.32,23.14,0.0,31,0.0,31.0,0.0,many,SR,2
0,2915,6575,6574,0,50.9178,37.1396,4.8261,4.8261,0.0,2048,1523,1523,0,-15.63,20.63,20.63,0.0,0,0.0,0.0,0.0,many,SR,2
0,4094,8849,8848,0,40.5107,28.5961,4.2884,4.2884,0.0,2509,1186,1186,0,-3.7,16.69,16.69,0.0,99,0.0,0.0,0.0,many,SR,2
0,4772,5922,4838,0,41.2406,28.6799,3.9198,4.8813,0.0,2113,996,1737,0,-11.65,14.53,23.06,0.0,352,0.0,21.0,0.0,many,SR,2
0,819,8470,5271,0,48.888,35.344,4.7917,4.78,0.0,1870,1470,1456,0,-16.12,19.95,19.77,0.0,28,1.0,1.0,0.0,many,SR,2
0,1308,6019,3405,0,39.9695,28.2811,4.2195,4.2195,0.0,2710,1147,1147,0,-0.79,16.25,16.25,0.0,66,0.0,0.0,0.0,many,SR,2
0,623,7183,7182,0,39.9798,28.2176,4.2394,4.2394,0.0,2547,1162,1162,0,-2.81,16.42,16.42,0.0,91,0.0,0.0,0.0,many,SR,2
0,684,9962,9266,0,40.179,27.5497,4.2883,4.7249,0.0,2068,1185,1441,0,-10.83,16.68,19.48,0.0,341,0.0,9.0,0.0,many,SR,2
0,4546,6612,1097,0,45.5075,32.1578,5.0244,4.2236,0.0,2339,1855,1151,0,-12.36,24.72,16.29,0.0,325,7.0,0.0,0.0,many,SR,2
0,2488,7858,5578,0,39.827,27.941,4.2786,4.2786,0.0,1710,1182,1182,0,-12.0,16.64,16.64,0.0,138,0.0,0.0,0.0,many,SR,2
0,3553,5902,2546,0,39.8736,28.1309,4.0492,4.241,0.0,2176,1082,1510,0,-8.22,15.43,19.09,0.0,201,7.0,112.0,0.0,many,SR,2
0,3038,7634,2805,0,39.7292,27.5601,4.7733,3.9376,0.0,1701,1470,1008,0,-13.26,19.91,14.67,0.0,243,4.0,0.0,0.0,many,SR,2
0,2389,8364,313,0,39.2086,27.6585,3.5831,4.7071,0.0,1767,849,1477,0,-10.79,12.79,19.81,0.0,115,7.0,19.0,0.0,many,SR,2
0,2483,8197,76,0,39.5542,28.1602,3.6399,4.5738,0.0,2044,897,1360,0,-7.16,13.25,18.55,0.0,32,14.0,10.0,0.0,many,SR,2
0,1953,1308,568,0,39.3347,27.6534,3.756,4.5126,0.0,1799,1157,1386,0,-11.82,15.49,18.64,0.0,209,77.0,28.0,0.0,many,SR,2
0,431,6901,6531,0,39.1755,27.8037,4.0601,3.967,0.0,1427,1152,1363,0,-15.12,16.0,17.45,0.0,157,27.0,110.0,0.0,many,SR,2
0,1359,5495,5494,0,39.2013,26.5042,4.539,4.539,0.0,2816,1310,1310,0,-3.0,18.1,18.1,0.0,414,0.0,0.0,0.0,many,SR,2
0,3772,4668,3179,0,43.952,31.6624,3.5153,4.9605,0.0,4500,799,1978,0,12.93,12.27,25.87,0.0,182,3.0,39.0,0.0,many,SR,2
0,1594,4887,3158,0,38.9053,27.1607,4.155,4.3176,0.0,1370,1116,1198,0,-15.06,15.9,16.83,0.0,156,0.0,0.0,0.0,many,SR,2
0,444,5389,2204,0,38.7502,27.3753,4.2939,3.7495,0.0,1601,1568,913,0,-13.17,19.72,13.59,0.0,178,117.0,0.0,0.0,many,SR,2
0,2680,9577,9032,0,38.4792,27.2578,3.8003,4.3191,0.0,2179,937,1238,0,-5.04,13.87,17.15,0.0,45,0.0,11.0,0.0,many,SR,2
0,2912,5914,228,0,38.7101,26.6632,4.6765,3.9827,0.0,1846,1385,1031,0,-11.11,18.95,14.93,0.0,261,0.0,0.0,0.0,many,SR,2
0,4140,4054,4053,0,38.3007,27.0531,4.0785,4.0785,0.0,1181,1077,1077,0,-15.42,15.45,15.45,0.0,52,0.0,0.0,0.0,many,SR,2
0,4561,7921,3589,0,47.2021,33.4359,4.8264,4.8264,0.0,1717,1518,1518,0,-18.99,20.57,20.57,0.0,245,0.0,0.0,0.0,many,SR,2
0,802,6475,6474,0,38.1954,26.0333,4.3668,4.3668,0.0,2349,1226,1226,0,-6.19,17.14,17.14,0.0,329,0.0,0.0,0.0,many,SR,2
0,3150,2030,41,0,37.987,26.4998,4.4023,3.8491,0.0,2928,1361,959,0,1.62,18.24,14.12,0.0,179,38.0,0.0,0.0,many,SR,2
0,4789,4428,2872,0,38.1643,26.6889,4.9995,2.8986,0.0,2341,1814,854,0,-7.61,24.21,11.56,0.0,376,7.0,120.0,0.0,many,SR,2
0,4143,8454,6560,0,47.7266,34.4667,4.7177,4.702,0.0,1424,1424,1398,0,-19.61,19.31,19.09,0.0,7,7.0,0.0,0.0,many,SR,2
0,3306,7721,7720,0,37.3302,26.4381,3.9631,3.9631,0.0,2085,1022,1022,0,-4.8,14.83,14.83,0.0,18,0.0,0.0,0.0,many,SR,2
0,3110,3462,312,0,37.7632,25.6451,3.9533,4.6898,0.0,2660,1110,1424,0,-3.35,15.48,19.27,0.0,384,31.0,10.0,0.0,many,SR,2
0,814,8107,4970,0,37.5852,26.3133,3.9741,4.1664,0.0,1996,1029,1181,0,-7.23,14.89,16.43,0.0,128,2.0,18.0,0.0,many,SR,2
0,4,277,123,0,37.542,25.6978,4.1373,4.3124,0.0,1991,1183,1293,0,-9.65,16.38,17.56,0.0,331,24.0,30.0,0.0,many,SR,2
0,2457,7556,2493,0,37.1919,26.0461,4.4037,3.664,0.0,1341,1247,910,0,-13.62,17.37,13.41,0.0,113,1.0,13.0,0.0,many,SR,2
0,2943,5861,5189,0,37.2916,26.4219,3.6387,4.0451,0.0,1333,1333,1059,0,-14.68,16.61,15.25,0.0,154,154.0,0.0,0.0,many,SR,2
0,1804,8009,7920,0,36.9955,26.022,3.8864,3.9692,0.0,2024,978,1285,0,-6.81,14.33,16.85,0.0,139,0.0,85.0,0.0,many,SR,2
0,15,8429,3470,0,36.7468,25.9999,3.8376,3.9536,0.0,2512,957,1108,0,-0.23,14.09,15.46,0.0,41,0.0,30.0,0.0,many,SR,2
0,4608,5730,1672,0,37.4524,25.8896,3.5505,4.7008,0.0,2595,917,1483,0,-2.56,13.24,19.87,0.0,267,35.0,20.0,0.0,many,SR,2
0,3587,8521,4928,0,37.27,26.3112,3.4141,4.4586,0.0,2091,738,1477,0,-5.82,11.61,19.25,0.0,100,0.0,65.0,0.0,many,SR,2
0,3036,3926,221,0,37.3077,25.2406,4.0746,4.522,0.0,3539,1075,1467,0,5.92,15.43,19.27,0.0,409,0.0,53.0,0.0,many,SR,2
0,1120,7722,314,0,45.431,32.4923,4.6885,4.5177,0.0,2209,1431,1303,0,-10.4,19.31,18.02,0.0,75,14.0,0.0,0.0,many,SR,2
0,4447,8080,2272,0,37.1681,25.6936,4.7628,3.4269,0.0,2224,1494,878,0,-6.21,20.14,12.71,0.0,264,10.0,43.0,0.0,many,SR,2
0,2523,9542,9541,0,36.143,25.566,3.8668,3.8668,0.0,1596,968,968,0,-8.83,14.22,14.22,0.0,2,0.0,0.0,0.0,many,SR,2
0,76,6029,4488,0,36.4411,25.7062,3.446,4.2175,0.0,2005,1026,1221,0,-6.59,13.9,16.81,0.0,132,86.0,24.0,0.0,many,SR,2
0,2931,5539,3076,0,36.3301,24.8629,3.6943,4.5904,0.0,1622,880,1362,0,-11.61,13.22,18.61,0.0,258,0.0,7.0,0.0,many,SR,2
0,1481,8729,2889,0,36.0188,25.3787,4.071,3.6531,0.0,1402,1147,884,0,-11.52,15.99,13.17,0.0,59,23.0,8.0,0.0,many,SR,2
0,4649,6345,5999,0,35.8776,25.3532,3.6974,3.9824,0.0,1143,922,1027,0,-13.6,13.56,14.89,0.0,17,12.0,0.0,0.0,many,SR,2
0,1043,8130,5281,0,36.2494,24.4684,3.8063,4.6539,0.0,2512,941,1436,0,-3.51,13.91,19.3,0.0,370,0.0,20.0,0.0,many,SR,2
0,1205,8843,302,0,35.8159,25.0907,3.9141,3.9099,0.0,2728,997,990,0,2.53,14.55,14.47,0.0,70,0.0,0.0,0.0,many,SR,2
0,4186,2568,1185,0,45.3659,32.45,4.161,4.71,0.0,2506,1122,1911,0,-10.09,15.96,24.49,0.0,270,0.0,82.0,0.0,many,SR,2
0,4971,6441,3634,0,36.377,25.1524,3.6441,4.4899,0.0,1396,870,1290,0,-13.16,13.05,17.86,0.0,182,5.0,1.0,0.0,many,SR,2
0,2277,7078,6725,0,36.0662,25.3461,3.3845,4.1372,0.0,1492,1343,1105,0,-13.12,16.21,15.77,0.0,235,199.0,0.0,0.0,many,SR,2
0,439,8098,7809,0,35.6656,24.6803,3.6907,4.1258,0.0,1968,1229,1105,0,-7.86,15.92,15.77,0.0,262,111.0,0.0,0.0,many,SR,2
0,3203,9529,7008,0,39.7252,27.9677,3.6199,4.6465,0.0,1823,893,1670,0,-12.28,13.19,21.73,0.0,236,16.0,60.0,0.0,many,SR,2
0,3299,4112,2615,0,44.5244,31.767,4.5376,4.5508,0.0,2743,1362,1317,0,-4.22,18.51,18.17,0.0,86,15.0,0.0,0.0,many,SR,2
0,3436,3665,2804,0,35.0813,24.704,3.8572,3.6291,0.0,1109,967,1086,0,-14.37,14.21,14.7,0.0,90,0.0,75.0,0.0,many,SR,2
0,3395,9450,7964,0,35.2183,23.847,4.3369,3.8871,0.0,1858,1210,1001,0,-8.82,16.95,14.52,0.0,306,1.0,6.0,0.0,many,SR,2
0,2887,9912,5289,0,35.4511,24.9038,3.8924,3.605,0.0,1366,984,1274,0,-13.11,14.4,16.1,0.0,174,0.0,140.0,0.0,many,SR,2
0,1362,8195,540,0,39.5286,27.9635,4.5049,3.5784,0.0,1962,1308,1371,0,-10.74,18.03,16.79,0.0,230,4.0,176.0,0.0,many,SR,2
0,673,5765,5538,0,34.7912,24.4693,3.8166,3.6709,0.0,1151,1111,870,0,-13.42,15.24,13.11,0.0,71,53.0,0.0,0.0,many,SR,2
0,1538,9023,7111,0,34.5788,24.2026,3.8004,3.8004,0.0,1939,938,938,0,-4.62,13.88,13.88,0.0,53,0.0,0.0,0.0,many,SR,2
0,4286,9053,3124,0,34.9347,23.9208,4.4066,3.443,0.0,2422,1506,816,0,-3.05,19.37,12.28,0.0,311,84.0,19.0,0.0,many,SR,2
0,1250,9143,4102,0,34.7554,23.6126,3.4495,4.6072,0.0,1910,759,1410,0,-7.72,11.85,19.01,0.0,284,0.0,19.0,0.0,many,SR,2
0,3666,7425,39,0,34.8609,24.5468,3.9276,3.4364,0.0,1238,1000,1162,0,-13.55,14.58,14.92,0.0,137,0.0,132.0,0.0,many,SR,2
0,3408,8251,3080,0,39.5286,28.1985,3.379,4.7896,0.0,1576,723,1492,0,-11.91,11.44,20.18,0.0,18,0.0,5.0,0.0,many,SR,2
0,2504,4301,441,0,34.6368,23.997,3.9124,3.6707,0.0,1519,1382,867,0,-11.56,17.49,13.07,0.0,240,125.0,0.0,0.0,many,SR,2
0,3256,8503,4338,0,35.0851,24.002,3.2654,4.6363,0.0,2058,962,1370,0,-7.02,13.07,18.74,0.0,316,95.0,3.0,0.0,many,SR,2
0,801,8745,8744,0,34.2,23.6778,3.8474,3.8474,0.0,2147,961,961,0,-2.9,14.14,14.14,0.0,121,0.0,0.0,0.0,many,SR,2
0,3987,7357,2756,0,34.3222,23.3073,4.0041,4.0041,0.0,1880,1040,1040,0,-7.32,15.03,15.03,0.0,256,0.0,0.0,0.0,many,SR,2
0,2118,9124,2001,0,34.3754,23.2144,4.3209,3.7687,0.0,2615,1230,917,0,-0.18,17.07,13.64,0.0,302,10.0,0.0,0.0,many,SR,2
0,1659,6194,6193,0,42.9779,30.3974,4.5,4.5,0.0,1591,1293,1293,0,-15.52,17.9,17.9,0.0,125,0.0,0.0,0.0,many,SR,2
0,1881,7726,3741,0,34.3554,23.9589,3.8304,3.759,0.0,1333,1011,913,0,-11.27,14.48,13.59,0.0,89,20.0,0.0,0.0,many,SR,2
0,3348,5508,2027,0,33.8501,23.5944,3.7395,3.7748,0.0,1756,931,923,0,-6.23,13.71,13.71,0.0,74,8.0,0.0,0.0,many,SR,2
0,831,7429,3105,0,37.9036,26.8888,3.7453,4.0961,0.0,1455,1253,1085,0,-13.28,16.19,15.54,0.0,114,111.0,0.0,0.0,many,SR,2
0,2193,9756,2010,0,34.049,22.9117,4.0464,4.0355,0.0,2869,1069,1057,0,2.63,15.33,15.23,0.0,313,3.0,0.0,0.0,many,SR,2
0,3119,7209,1829,0,33.6808,23.8176,3.6378,3.3502,0.0,1631,1077,1075,0,-8.75,14.65,14.1,0.0,141,71.0,117.0,0.0,many,SR,2
0,3724,8248,4541,0,33.6304,23.5396,3.5294,3.6727,0.0,1935,1252,869,0,-5.68,15.79,13.09,0.0,168,145.0,0.0,0.0,many,SR,2
0,2135,8673,7558,0,33.2654,23.3224,3.6632,3.6632,0.0,1966,868,868,0,-2.91,13.08,13.08,0.0,16,0.0,0.0,0.0,many,SR,2
0,1917,8113,3326,0,33.2533,22.9771,3.4984,3.9014,0.0,1522,782,1274,0,-9.91,12.11,16.66,0.0,199,0.0,91.0,0.0,many,SR,2
0,1531,4595,2144,0,33.2131,22.4388,3.9137,3.9298,0.0,2136,1016,1005,0,-3.95,14.67,14.64,0.0,269,8.0,0.0,0.0,many,SR,2
0,320,3185,84,0,33.6428,23.1562,3.3519,4.0453,0.0,2927,1273,1061,0,2.93,15.62,15.27,0.0,317,181.0,0.0,0.0,many,SR,2
0,2172,6092,144,0,33.3136,23.1766,3.7781,3.5121,0.0,1710,1225,820,0,-7.67,16.03,12.44,0.0,167,97.0,9.0,0.0,many,SR,2
0,175,9873,6129,0,33.0058,22.6828,3.344,4.14,0.0,1759,866,1124,0,-7.08,12.46,15.93,0.0,196,53.0,5.0,0.0,many,SR,2
0,3157,4908,2003,0,32.8568,22.418,4.1532,3.4886,0.0,1242,1119,776,0,-12.13,15.93,12.04,0.0,188,0.0,0.0,0.0,many,SR,2
0,1352,4081,3024,0,32.6821,22.622,3.6812,3.6942,0.0,2944,938,879,0,6.75,13.64,13.21,0.0,105,21.0,0.0,0.0,many,SR,2
0,2287,2713,1546,0,32.8274,22.2797,4.1904,3.3869,0.0,1864,1407,728,0,-7.16,18.21,11.5,0.0,304,87.0,0.0,0.0,many,SR,2
0,2105,6773,2560,0,33.0534,22.0469,3.4373,4.525,0.0,2665,752,1388,0,0.59,11.76,18.69,0.0,365,1.0,26.0,0.0,many,SR,2
0,3530,3184,2411,0,32.0064,22.2287,3.5216,3.6758,0.0,1457,795,929,0,-7.92,12.24,13.56,0.0,68,1.0,19.0,0.0,many,SR,2
0,1058,7533,3925,0,32.8171,22.7277,3.5319,3.6268,0.0,1610,802,1382,0,-9.47,12.33,16.97,0.0,249,0.0,171.0,0.0,many,SR,2
0,2380,8033,2501,0,31.9735,22.0794,3.4852,3.6982,0.0,1847,1014,882,0,-5.0,13.87,13.24,0.0,158,77.0,0.0,0.0,many,SR,2
0,2765,7059,3719,0,40.4647,28.3831,4.3413,4.3413,0.0,2366,1213,1213,0,-5.75,17.0,17.0,0.0,151,0.0,0.0,0.0,many,SR,2
0,3658,9539,1558,0,31.697,22.07,3.3587,3.5984,0.0,1982,1062,834,0,-3.22,14.0,12.7,0.0,134,113.0,0.0,0.0,many,SR,2
0,2107,5698,1821,0,31.4265,21.7675,3.3945,3.7534,0.0,1848,728,915,0,-3.2,11.5,13.62,0.0,57,0.0,0.0,0.0,many,SR,2
0,3863,6265,1933,0,31.466,21.7303,3.4731,3.6608,0.0,1676,822,942,0,-5.82,12.38,13.64,0.0,115,16.0,25.0,0.0,many,SR,2
0,1180,5518,2193,0,31.5993,20.9378,3.9648,3.8113,0.0,2555,1025,952,0,0.86,14.85,14.0,0.0,343,1.0,3.0,0.0,many,SR,2
0,4079,9467,774,0,34.8308,24.1877,3.5222,4.0643,0.0,1516,791,1454,0,-11.59,12.22,18.34,0.0,227,-1.0,122.0,0.0,many,SR,2
0,2718,5229,4701,0,30.5709,21.0516,3.5905,3.471,0.0,1998,828,768,0,-1.14,12.63,11.95,0.0,73,0.0,0.0,0.0,many,SR,2
0,3004,7786,2674,0,30.3706,21.1111,3.4494,3.4475,0.0,2301,756,756,0,2.9,11.81,11.81,0.0,11,0.0,0.0,0.0,many,SR,2
0,2431,5269,1862,0,30.6637,21.0196,3.1374,3.8038,0.0,2378,1003,939,0,0.64,13.15,13.88,0.0,226,129.0,1.0,0.0,many,SR,2
0,4011,6876,1105,0,30.6325,20.7015,3.6672,3.5361,0.0,1721,871,1040,0,-6.48,13.12,14.16,0.0,263,0.0,77.0,0.0,many,SR,2
0,1705,7954,3099,0,30.59,20.6086,3.7713,3.4495,0.0,1804,1191,758,0,-5.9,15.77,11.84,0.0,289,86.0,0.0,0.0,many,SR,2
0,4250,8957,2074,0,30.5508,21.1689,2.9224,3.7238,0.0,1643,1159,896,0,-7.37,13.96,13.4,0.0,236,214.0,0.0,0.0,many,SR,2
0,3172,5061,521,0,30.2597,20.9991,3.5439,3.2645,0.0,1364,899,749,0,-7.75,13.09,11.43,0.0,73,30.0,27.0,0.0,many,SR,2
0,6,6589,2167,0,39.1184,27.4328,4.2179,4.207,0.0,1873,1151,1157,0,-9.68,16.29,16.32,0.0,131,0.0,4.0,0.0,many,SR,2
0,3710,9174,4409,0,30.4177,20.9682,3.6944,2.9684,0.0,1955,882,1237,0,-4.55,13.24,14.63,0.0,281,0.0,233.0,0.0,many,SR,2
0,4663,7379,6393,0,38.4514,27.3321,4.1004,3.9612,0.0,1360,1111,1021,0,-13.24,15.76,14.82,0.0,13,7.0,0.0,0.0,many,SR,2
0,1036,4202,2333,0,29.8228,20.5924,3.4298,3.4494,0.0,2797,746,756,0,8.21,11.7,11.81,0.0,39,0.0,0.0,0.0,many,SR,2
0,1247,7644,5315,0,29.9294,20.3891,3.3791,3.6274,0.0,2468,862,848,0,3.11,12.49,12.84,0.0,165,46.0,1.0,0.0,many,SR,2
0,3359,7466,2985,0,30.0571,19.9289,3.7181,3.7187,0.0,2093,896,911,0,-2.25,13.4,13.51,0.0,293,0.0,5.0,0.0,many,SR,2
0,2567,7693,5969,0,29.748,20.5659,3.3269,3.3928,0.0,1306,952,731,0,-8.45,13.09,11.53,0.0,109,83.0,0.0,0.0,many,SR,2
0,4179,6622,119,0,29.8365,19.8908,3.863,3.3923,0.0,2344,1119,731,0,0.4,15.39,11.52,0.0,295,48.0,1.0,0.0,many,SR,2
0,131,9076,5792,0,30.5363,21.2097,3.6338,3.1181,0.0,3662,854,965,0,15.28,12.92,12.82,0.0,134,0.0,120.0,0.0,many,SR,2
0,3455,9419,2066,0,29.9151,20.2615,3.7355,3.4103,0.0,1854,902,738,0,-3.1,13.47,11.61,0.0,158,0.0,0.0,0.0,many,SR,2
0,1083,7541,4079,0,29.4558,19.7229,3.6041,3.5905,0.0,1915,833,835,0,-2.74,12.69,12.7,0.0,213,0.0,1.0,0.0,many,SR,2
0,3435,4231,4229,0,29.3119,19.7797,3.5338,3.5338,0.0,1457,801,801,0,-6.88,12.32,12.32,0.0,164,0.0,0.0,0.0,many,SR,2
0,3407,9657,6329,0,29.021,19.7981,3.3906,3.2701,0.0,1525,727,1100,0,-7.05,11.48,14.14,0.0,223,0.0,139.0,0.0,many,SR,2
0,172,6271,2059,0,29.2329,19.6125,3.4298,3.3144,0.0,2781,753,1459,0,3.31,11.77,17.0,0.0,428,1.0,246.0,0.0,many,SR,2
0,2623,6187,2184,0,28.8548,19.1741,3.5828,3.5788,0.0,3186,827,823,0,10.78,12.62,12.57,0.0,239,0.0,0.0,0.0,many,SR,2
0,30,4293,3514,0,32.6077,22.501,3.7178,3.7178,0.0,1964,892,892,0,-3.42,13.36,13.36,0.0,105,0.0,0.0,0.0,many,SR,2
0,2410,8644,7401,0,28.5766,19.4346,3.3925,3.413,0.0,2849,727,774,0,8.89,11.48,11.88,0.0,109,0.0,12.0,0.0,many,SR,2
0,4251,8202,6955,0,28.9067,18.7258,3.8727,3.61,0.0,2717,971,837,0,4.24,14.25,12.73,0.0,379,0.0,0.0,0.0,many,SR,2
0,1211,2263,1552,0,28.4315,19.4721,3.1488,3.4355,0.0,2231,858,747,0,2.05,12.04,11.71,0.0,130,82.0,0.0,0.0,many,SR,2
0,3386,7103,2147,0,31.3385,21.6855,3.5998,3.5159,0.0,1865,896,789,0,-3.25,13.19,12.19,0.0,79,19.0,0.0,0.0,many,SR,2
0,2169,6316,703,0,32.2515,21.8945,3.9761,3.5023,0.0,1969,1258,783,0,-5.23,16.67,12.12,0.0,274,74.0,0.0,0.0,many,SR,2
0,4203,7497,1833,0,28.8228,19.0423,3.5747,3.4202,0.0,3118,1291,745,0,7.67,16.17,11.69,0.0,411,151.0,0.0,0.0,many,SR,2
0,4564,5606,525,0,27.9944,18.3521,3.577,3.561,0.0,2389,825,812,0,2.55,12.6,12.45,0.0,286,0.0,0.0,0.0,many,SR,2
0,2330,8994,3445,0,30.9568,20.9126,3.5768,3.7691,0.0,1518,872,967,0,-8.35,12.95,14.04,0.0,230,16.0,15.0,0.0,many,SR,2
0,2447,7437,5218,0,30.1835,20.7287,3.4787,3.5409,0.0,1978,770,808,0,-1.15,11.97,12.38,0.0,81,0.0,2.0,0.0,many,SR,2
0,1572,5470,1232,0,30.0812,20.7577,3.4434,3.4098,0.0,1323,751,913,0,-8.34,11.76,12.95,0.0,101,0.0,57.0,0.0,many,SR,2
0,293,9537,2181,0,27.1513,17.1255,3.936,3.3609,0.0,4318,1144,746,0,20.78,15.7,11.59,0.0,507,45.0,10.0,0.0,many,SR,2
0,993,1991,1990,0,26.511,17.303,3.4318,3.4318,0.0,1809,748,748,0,-2.11,11.72,11.72,0.0,259,0.0,0.0,0.0,many,SR,2
0,4728,5736,290,0,30.0001,20.6756,3.0919,3.6273,0.0,2046,1012,855,0,-1.96,13.14,12.91,0.0,189,139.0,2.0,0.0,many,SR,2
0,4688,2993,1238,0,29.8208,20.139,3.5929,3.5709,0.0,2416,829,819,0,2.71,12.65,12.53,0.0,172,-1.0,0.0,0.0,many,SR,2
0,1887,6798,2979,0,28.6198,19.1528,3.4666,3.5505,0.0,1273,772,823,0,-8.68,11.97,12.53,0.0,198,2.0,4.0,0.0,many,SR,2
0,157,8485,6346,0,24.7792,16.4993,3.4415,2.4951,0.0,3610,751,966,0,16.82,11.76,11.68,0.0,313,0.0,222.0,0.0,many,SR,2
0,2989,7038,7037,0,30.5307,21.266,3.4476,3.4476,0.0,1553,759,759,0,-5.02,11.85,11.85,0.0,4,0.0,0.0,0.0,many,SR,2
0,3494,9970,4148,0,27.6104,18.2076,3.5339,3.4077,0.0,1932,803,823,0,-1.87,12.35,12.27,0.0,269,0.0,27.0,0.0,many,SR,2
0,1971,4809,0,0,23.6207,21.2552,0.0059,0.0,0.0,1595,1383,0,0,-4.49,23.6,0.0,0.0,-1,0.0,0.0,0.0,one,SR,1
0,1150,3635,0,0,23.4888,21.1228,0.005,0.0,0.0,2929,1384,0,0,9.51,23.61,0.0,0.0,9,0.0,0.0,0.0,one,SR,1
0,3517,827,0,0,23.3655,21.0145,0.0084,0.0,0.0,2648,1371,0,0,6.72,23.43,0.0,0.0,5,0.0,0.0,0.0,one,SR,1
0,1805,6209,0,0,23.3075,20.9386,0.0008,0.0,0.0,2557,1389,0,0,5.54,23.68,0.0,0.0,26,0.0,0.0,0.0,one,SR,1
0,1454,1719,0,0,23.2156,20.8668,0.0161,0.0,0.0,3672,1364,0,0,17.56,23.33,0.0,0.0,9,0.0,0.0,0.0,one,SR,1
0,916,9643,0,0,23.1589,20.8158,0.0245,0.0,0.0,4159,1354,0,0,22.8,23.19,0.0,0.0,4,0.0,0.0,0.0,one,SR,1
0,335,3211,0,0,23.1593,20.8133,0.0203,0.0,0.0,2374,1359,0,0,4.0,23.26,0.0,0.0,8,0.0,0.0,0.0,one,SR,1
0,2631,6383,0,0,23.1188,20.7704,0.0214,0.0,0.0,2424,1360,0,0,4.51,23.27,0.0,0.0,12,0.0,0.0,0.0,one,SR,1
0,3153,3310,0,0,23.119,20.7628,0.0193,0.0,0.0,3068,1367,0,0,11.18,23.37,0.0,0.0,19,0.0,0.0,0.0,one,SR,1
0,2843,585,0,0,23.1123,20.7585,0.0042,0.0,0.0,1576,1376,0,0,-4.6,23.5,0.0,0.0,27,0.0,0.0,0.0,one,SR,1
0,812,3868,0,0,22.9969,20.6523,0.0458,0.0,0.0,1941,1340,0,0,-0.31,22.99,0.0,0.0,3,0.0,0.0,0.0,one,SR,1
0,1417,9575,0,0,23.0342,20.6815,0.0058,0.0,0.0,2187,1374,0,0,1.84,23.47,0.0,0.0,30,0.0,0.0,0.0,one,SR,1
0,73,1754,0,0,22.9704,20.6264,0.0466,0.0,0.0,2040,1339,0,0,0.74,22.97,0.0,0.0,4,0.0,0.0,0.0,one,SR,1
0,2953,3421,0,0,22.9743,20.6319,0.0395,0.0,0.0,1485,1343,0,0,-5.13,23.03,0.0,0.0,7,0.0,0.0,0.0,one,SR,1
0,3457,715,0,0,22.8689,20.5333,0.0496,0.0,0.0,3938,1331,0,0,20.77,22.86,0.0,0.0,3,0.0,0.0,0.0,one,SR,1
0,2910,4215,0,0,22.9256,20.5674,0.0071,0.0,0.0,2110,1377,0,0,1.0,23.51,0.0,0.0,41,0.0,0.0,0.0,one,SR,1
0,3392,8717,0,0,22.8322,20.4895,0.0439,0.0,0.0,1552,1340,0,0,-4.39,22.99,0.0,0.0,14,0.0,0.0,0.0,one,SR,1
0,1463,8129,0,0,22.8501,20.4891,0.017,0.0,0.0,3733,1372,0,0,18.1,23.44,0.0,0.0,42,0.0,0.0,0.0,one,SR,1
0,2249,1245,0,0,22.7649,20.4354,0.0491,0.0,0.0,2003,1327,0,0,0.51,22.8,0.0,0.0,6,0.0,0.0,0.0,one,SR,1
0,4766,9527,0,0,22.8326,20.4695,0.0092,0.0,0.0,2424,1379,0,0,4.27,23.54,0.0,0.0,49,0.0,0.0,0.0,one,SR,1
0,2719,923,0,0,22.7415,20.3871,0.0174,0.0,0.0,2994,1367,0,0,10.4,23.37,0.0,0.0,44,0.0,0.0,0.0,one,SR,1
0,282,2335,0,0,22.6532,20.3264,0.0577,0.0,0.0,2608,1319,0,0,6.96,22.69,0.0,0.0,7,0.0,0.0,0.0,one,SR,1
0,1395,3251,0,0,22.6451,20.3215,0.0531,0.0,0.0,2702,1320,0,0,7.94,22.7,0.0,0.0,8,0.0,0.0,0.0,one,SR,1
0,4710,8191,0,0,22.6782,20.3336,0.0317,0.0,0.0,2292,1350,0,0,3.25,23.13,0.0,0.0,33,0.0,0.0,0.0,one,SR,1
0,1712,629,0,0,22.558,20.2302,0.0516,0.0,0.0,1968,1324,0,0,0.18,22.76,0.0,0.0,18,0.0,0.0,0.0,one,SR,1
0,3261,6584,0,0,22.6199,20.2579,0.0109,0.0,0.0,2747,1377,0,0,7.68,23.51,0.0,0.0,62,0.0,0.0,0.0,one,SR,1
0,4194,3225,0,0,22.6219,20.2633,0.0019,0.0,0.0,3879,1381,0,0,19.52,23.57,0.0,0.0,65,0.0,0.0,0.0,one,SR,1
0,2514,7618,0,0,22.4721,20.1506,0.075,0.0,0.0,1776,1303,0,0,-1.57,22.46,0.0,0.0,5,0.0,0.0,0.0,one,SR,1
0,1633,4617,0,0,22.5738,20.2076,0.0095,0.0,0.0,1567,1381,0,0,-4.76,23.57,0.0,0.0,69,0.0,0.0,0.0,one,SR,1
0,4217,8193,0,0,22.5706,20.1973,0.0038,0.0,0.0,1942,1390,0,0,-0.93,23.69,0.0,0.0,77,0.0,0.0,0.0,one,SR,1
0,3953,628,0,0,22.434,20.1185,0.0649,0.0,0.0,2127,1306,0,0,2.08,22.51,0.0,0.0,10,0.0,0.0,0.0,one,SR,1
0,4698,8913,0,0,22.4907,20.144,0.0239,0.0,0.0,2189,1357,0,0,2.08,23.23,0.0,0.0,52,0.0,0.0,0.0,one,SR,1
0,1627,8820,0,0,22.3928,20.0784,0.0665,0.0,0.0,2283,1304,0,0,3.74,22.48,0.0,0.0,11,0.0,0.0,0.0,one,SR,1
0,4159,8108,0,0,22.4413,20.1015,0.034,0.0,0.0,1784,1345,0,0,-2.02,23.06,0.0,0.0,45,0.0,0.0,0.0,one,SR,1
0,4440,5439,0,0,22.4437,20.0756,0.0114,0.0,0.0,1915,1381,0,0,-1.1,23.57,0.0,0.0,78,0.0,0.0,0.0,one,SR,1
0,2116,2063,0,0,22.3586,20.0066,0.0349,0.0,0.0,1775,1353,0,0,-2.22,23.17,0.0,0.0,58,0.0,0.0,0.0,one,SR,1
0,4392,9783,0,0,22.1344,19.82,0.0665,0.0,0.0,1815,1304,0,0,-1.17,22.48,0.0,0.0,28,0.0,0.0,0.0,one,SR,1
0,1726,6255,0,0,22.2209,19.8589,0.0109,0.0,0.0,2002,1377,0,0,-0.14,23.51,0.0,0.0,89,0.0,0.0,0.0,one,SR,1
0,4526,3111,0,0,22.1202,19.7959,0.0567,0.0,0.0,1907,1318,0,0,-0.39,22.68,0.0,0.0,42,0.0,0.0,0.0,one,SR,1
0,2826,5763,0,0,22.1316,19.8004,0.0466,0.0,0.0,3285,1330,0,0,13.93,22.85,0.0,0.0,52,0.0,0.0,0.0,one,SR,1
0,1976,8045,0,0,22.1501,19.806,0.0325,0.0,0.0,1672,1349,0,0,-3.25,23.11,0.0,0.0,68,0.0,0.0,0.0,one,SR,1
0,3315,4864,0,0,22.1746,19.8013,0.0038,0.0,0.0,2010,1390,0,0,-0.22,23.69,0.0,0.0,104,0.0,0.0,0.0,one,SR,1
0,2114,5433,0,0,21.9612,19.616,0.0309,0.0,0.0,1860,1351,0,0,-1.3,23.14,0.0,0.0,83,0.0,0.0,0.0,one,SR,1
0,2901,7521,0,0,21.7866,19.5001,0.1121,0.0,0.0,3685,1252,0,0,19.12,21.74,0.0,0.0,5,0.0,0.0,0.0,one,SR,1
0,3834,6426,0,0,21.8962,19.5687,0.0428,0.0,0.0,2216,1330,0,0,2.71,22.85,0.0,0.0,68,0.0,0.0,0.0,one,SR,1
0,934,1,0,0,21.8092,19.4782,0.0563,0.0,0.0,2418,1323,0,0,4.92,22.75,0.0,0.0,68,0.0,0.0,0.0,one,SR,1
0,2047,3442,0,0,21.8194,19.4814,0.0506,0.0,0.0,2280,1332,0,0,3.35,22.87,0.0,0.0,76,0.0,0.0,0.0,one,SR,1
0,370,7543,0,0,21.6365,19.3541,0.1321,0.0,0.0,1838,1235,0,0,-0.05,21.5,0.0,0.0,0,0.0,0.0,0.0,one,SR,1
0,936,8398,0,0,21.7095,19.4016,0.0714,0.0,0.0,2088,1296,0,0,1.8,22.37,0.0,0.0,50,0.0,0.0,0.0,one,SR,1
0,3596,4439,0,0,21.7081,19.3766,0.0554,0.0,0.0,2860,1324,0,0,9.54,22.76,0.0,0.0,76,0.0,0.0,0.0,one,SR,1
0,2371,8515,0,0,21.7253,19.3775,0.0222,0.0,0.0,1648,1359,0,0,-3.63,23.26,0.0,0.0,106,0.0,0.0,0.0,one,SR,1
0,1315,5178,0,0,21.6166,19.2978,0.0836,0.0,0.0,3191,1295,0,0,13.39,22.35,0.0,0.0,56,0.0,0.0,0.0,one,SR,1
0,2932,7050,0,0,21.4976,19.2208,0.1308,0.0,0.0,2086,1232,0,0,2.59,21.46,0.0,0.0,7,0.0,0.0,0.0,one,SR,1
0,1624,7476,0,0,21.46,19.1809,0.1416,0.0,0.0,2063,1226,0,0,2.42,21.38,0.0,0.0,4,0.0,0.0,0.0,one,SR,1
0,3029,8219,0,0,21.6422,19.2858,0.0237,0.0,0.0,2034,1364,0,0,0.36,23.33,0.0,0.0,117,0.0,0.0,0.0,one,SR,1
0,2296,7173,0,0,21.5833,19.2437,0.0437,0.0,0.0,3098,1338,0,0,11.87,22.96,0.0,0.0,97,0.0,0.0,0.0,one,SR,1
0,3998,449,0,0,21.3668,19.0903,0.122,0.0,0.0,2272,1238,0,0,4.47,21.55,0.0,0.0,21,0.0,0.0,0.0,one,SR,1
0,1922,8983,0,0,21.3625,19.0795,0.1313,0.0,0.0,2768,1236,0,0,9.7,21.52,0.0,0.0,20,0.0,0.0,0.0,one,SR,1
0,383,7362,0,0,21.4194,19.1011,0.0562,0.0,0.0,1543,1314,0,0,-4.16,22.62,0.0,0.0,86,0.0,0.0,0.0,one,SR,1
0,2128,8135,0,0,21.3165,19.0254,0.1054,0.0,0.0,1470,1260,0,0,-4.24,21.86,0.0,0.0,44,0.0,0.0,0.0,one,SR,1
0,1095,9866,0,0,21.3569,19.0513,0.0747,0.0,0.0,1892,1292,0,0,-0.21,22.31,0.0,0.0,70,0.0,0.0,0.0,one,SR,1
0,3499,4992,0,0,21.3944,19.0617,0.0538,0.0,0.0,2592,1326,0,0,6.71,22.79,0.0,0.0,99,0.0,0.0,0.0,one,SR,1
0,970,8605,0,0,21.4813,19.1057,0.0004,0.0,0.0,1820,1394,0,0,-2.27,23.75,0.0,0.0,155,0.0,0.0,0.0,one,SR,1
0,1048,3114,0,0,21.2122,18.9398,0.142,0.0,0.0,2636,1221,0,0,8.5,21.3,0.0,0.0,16,0.0,0.0,0.0,one,SR,1
0,295,9837,0,0,21.3818,19.0444,0.0329,0.0,0.0,2549,1344,0,0,6.02,23.04,0.0,0.0,116,0.0,0.0,0.0,one,SR,1
0,511,7226,0,0,21.2933,18.9786,0.0895,0.0,0.0,1767,1288,0,0,-1.47,22.25,0.0,0.0,72,0.0,0.0,0.0,one,SR,1
0,996,2584,0,0,21.2093,18.9357,0.1262,0.0,0.0,3314,1233,0,0,15.47,21.47,0.0,0.0,27,0.0,0.0,0.0,one,SR,1
0,3056,2140,0,0,21.407,19.0438,0.0092,0.0,0.0,1724,1379,0,0,-3.08,23.54,0.0,0.0,146,0.0,0.0,0.0,one,SR,1
0,458,4850,0,0,21.2544,18.9506,0.0913,0.0,0.0,2045,1279,0,0,1.56,22.13,0.0,0.0,66,0.0,0.0,0.0,one,SR,1
0,806,8402,0,0,21.3881,19.024,0.0031,0.0,0.0,1668,1384,0,0,-3.73,23.61,0.0,0.0,152,0.0,0.0,0.0,one,SR,1
0,2228,857,0,0,21.1299,18.8601,0.1506,0.0,0.0,2112,1213,0,0,3.1,21.19,0.0,0.0,15,0.0,0.0,0.0,one,SR,1
0,4464,4961,0,0,21.1008,18.8266,0.1253,0.0,0.0,2199,1234,0,0,3.75,21.49,0.0,0.0,35,0.0,0.0,0.0,one,SR,1
0,2582,8336,0,0,21.0919,18.8129,0.1371,0.0,0.0,1561,1229,0,0,-2.89,21.42,0.0,0.0,32,0.0,0.0,0.0,one,SR,1
0,2295,7189,0,0,21.1651,18.851,0.0762,0.0,0.0,3807,1297,0,0,19.83,22.38,0.0,0.0,88,0.0,0.0,0.0,one,SR,1
0,4390,4316,0,0,21.0502,18.7825,0.1443,0.0,0.0,2309,1216,0,0,5.13,21.23,0.0,0.0,23,0.0,0.0,0.0,one,SR,1
0,2152,1929,0,0,21.2631,18.9088,0.0174,0.0,0.0,2709,1367,0,0,7.41,23.37,0.0,0.0,145,0.0,0.0,0.0,one,SR,1
0,4226,582,0,0,21.0485,18.7573,0.1239,0.0,0.0,1628,1247,0,0,-2.41,21.67,0.0,0.0,51,0.0,0.0,0.0,one,SR,1
0,4804,899,0,0,21.0658,18.7729,0.0932,0.0,0.0,1841,1270,0,0,-0.47,22.0,0.0,0.0,70,0.0,0.0,0.0,one,SR,1
0,3804,3075,0,0,21.1707,18.8173,0.0235,0.0,0.0,2840,1362,0,0,8.85,23.3,0.0,0.0,147,0.0,0.0,0.0,one,SR,1
0,949,1807,0,0,20.9286,18.6745,0.1547,0.0,0.0,1872,1199,0,0,0.76,20.99,0.0,0.0,15,0.0,0.0,0.0,one,SR,1
0,3672,7461,0,0,20.9213,18.661,0.1552,0.0,0.0,1530,1203,0,0,-2.88,21.05,0.0,0.0,20,0.0,0.0,0.0,one,SR,1
0,3695,6587,0,0,20.9738,18.6881,0.1085,0.0,0.0,1448,1254,0,0,-4.39,21.77,0.0,0.0,62,0.0,0.0,0.0,one,SR,1
0,2992,5875,0,0,20.9155,18.6533,0.143,0.0,0.0,2640,1213,0,0,8.65,21.19,0.0,0.0,29,0.0,0.0,0.0,one,SR,1
0,1435,7962,0,0,20.8559,18.6069,0.1623,0.0,0.0,1408,1190,0,0,-4.0,20.87,0.0,0.0,12,0.0,0.0,0.0,one,SR,1
0,3937,3686,0,0,21.0214,18.6982,0.0584,0.0,0.0,1704,1316,0,0,-2.49,22.65,0.0,0.0,115,0.0,0.0,0.0,one,SR,1
0,365,9221,0,0,20.9355,18.6361,0.1025,0.0,0.0,2431,1268,0,0,5.75,21.97,0.0,0.0,78,0.0,0.0,0.0,one,SR,1
0,3410,5772,0,0,20.852,18.5776,0.1439,0.0,0.0,2517,1221,0,0,7.25,21.3,0.0,0.0,41,0.0,0.0,0.0,one,SR,1
0,4577,2088,0,0,20.8461,18.5772,0.1285,0.0,0.0,1605,1228,0,0,-2.41,21.4,0.0,0.0,47,0.0,0.0,0.0,one,SR,1
0,1854,9936,0,0,20.7495,18.5133,0.1764,0.0,0.0,1654,1171,0,0,-1.17,20.6,0.0,0.0,2,0.0,0.0,0.0,one,SR,1
0,4863,5351,0,0,21.0199,18.6707,0.0109,0.0,0.0,2201,1368,0,0,2.07,23.38,0.0,0.0,162,0.0,0.0,0.0,one,SR,1
0,549,7377,0,0,21.0178,18.6577,0.009,0.0,0.0,2122,1377,0,0,1.12,23.51,0.0,0.0,171,0.0,0.0,0.0,one,SR,1
0,4639,1963,0,0,20.9617,18.6195,0.0306,0.0,0.0,1678,1349,0,0,-3.18,23.11,0.0,0.0,149,0.0,0.0,0.0,one,SR,1
0,4391,8238,0,0,20.686,18.4527,0.1806,0.0,0.0,1770,1166,0,0,0.11,20.53,0.0,0.0,2,0.0,0.0,0.0,one,SR,1
0,1773,7539,0,0,20.9212,18.5915,0.0394,0.0,0.0,1899,1334,0,0,-0.67,22.9,0.0,0.0,138,0.0,0.0,0.0,one,SR,1
0,3205,3446,0,0,20.7324,18.4695,0.1466,0.0,0.0,2323,1211,0,0,5.34,21.16,0.0,0.0,40,0.0,0.0,0.0,one,SR,1
0,2596,5095,0,0,20.7088,18.4551,0.16,0.0,0.0,3001,1195,0,0,12.67,20.94,0.0,0.0,27,0.0,0.0,0.0,one,SR,1
0,572,4759,0,0,20.9388,18.5865,0.0252,0.0,0.0,2157,1360,0,0,1.71,23.27,0.0,0.0,161,0.0,0.0,0.0,one,SR,1
0,4403,8533,0,0,20.9143,18.574,0.0287,0.0,0.0,1596,1349,0,0,-4.05,23.11,0.0,0.0,152,0.0,0.0,0.0,one,SR,1
0,717,5501,0,0,20.9056,18.5652,0.0332,0.0,0.0,1615,1346,0,0,-3.81,23.07,0.0,0.0,150,0.0,0.0,0.0,one,SR,1
0,3023,5221,0,0,20.7022,18.4376,0.1581,0.0,0.0,1902,1204,0,0,1.01,21.06,0.0,0.0,36,0.0,0.0,0.0,one,SR,1
0,787,5207,0,0,20.7893,18.4782,0.0901,0.0,0.0,2589,1285,0,0,7.2,22.21,0.0,0.0,103,0.0,0.0,0.0,one,SR,1
0,4047,7598,0,0,20.6999,18.4288,0.1251,0.0,0.0,2062,1232,0,0,2.34,21.46,0.0,0.0,61,0.0,0.0,0.0,one,SR,1
0,4614,11,0,0,20.6286,18.38,0.1676,0.0,0.0,2039,1186,0,0,2.68,20.81,0.0,0.0,24,0.0,0.0,0.0,one,SR,1
0,2874,6394,0,0,20.6168,18.3619,0.1724,0.0,0.0,1943,1187,0,0,1.66,20.82,0.0,0.0,26,0.0,0.0,0.0,one,SR,1
0,4048,3690,0,0,20.5813,18.3377,0.1936,0.0,0.0,1926,1164,0,0,1.77,20.5,0.0,0.0,8,0.0,0.0,0.0,one,SR,1
0,4191,6825,0,0,20.6663,18.3954,0.1348,0.0,0.0,2200,1225,0,0,3.87,21.36,0.0,0.0,57,0.0,0.0,0.0,one,SR,1
0,4665,2541,0,0,20.6312,18.3606,0.1401,0.0,0.0,2565,1221,0,0,7.76,21.3,0.0,0.0,56,0.0,0.0,0.0,one,SR,1
0,2695,7922,0,0,20.6636,18.3751,0.1184,0.0,0.0,4764,1249,0,0,30.49,21.7,0.0,0.0,79,0.0,0.0,0.0,one,SR,1
0,2451,7030,0,0,20.5258,18.2881,0.1976,0.0,0.0,1633,1157,0,0,-1.21,20.4,0.0,0.0,5,0.0,0.0,0.0,one,SR,1
0,3416,3830,0,0,20.7107,18.4036,0.0819,0.0,0.0,2381,1288,0,0,4.97,22.25,0.0,0.0,111,0.0,0.0,0.0,one,SR,1
0,347,6467,0,0,20.6512,18.3583,0.1073,0.0,0.0,2030,1260,0,0,1.64,21.86,0.0,0.0,90,0.0,0.0,0.0,one,SR,1
0,2792,4252,0,0,20.5565,18.2942,0.1615,0.0,0.0,1472,1200,0,0,-3.45,21.01,0.0,0.0,42,0.0,0.0,0.0,one,SR,1
0,3044,6405,0,0,20.5113,18.2627,0.1676,0.0,0.0,1922,1186,0,0,1.45,20.81,0.0,0.0,32,0.0,0.0,0.0,one,SR,1
0,2674,5169,0,0,20.5675,18.2845,0.1313,0.0,0.0,1967,1236,0,0,1.29,21.52,0.0,0.0,74,0.0,0.0,0.0,one,SR,1
0,1340,1580,0,0,20.5739,18.2875,0.1262,0.0,0.0,2193,1242,0,0,3.58,21.6,0.0,0.0,79,0.0,0.0,0.0,one,SR,1
0,3342,7297,0,0,20.4646,18.2159,0.172,0.0,0.0,1463,1183,0,0,-3.33,20.77,0.0,0.0,33,0.0,0.0,0.0,one,SR,1
0,1102,5499,0,0,20.5492,18.2679,0.1197,0.0,0.0,1816,1243,0,0,-0.39,21.62,0.0,0.0,81,0.0,0.0,0.0,one,SR,1
0,3075,7576,0,0,20.5404,18.2595,0.1249,0.0,0.0,1452,1239,0,0,-4.16,21.56,0.0,0.0,78,0.0,0.0,0.0,one,SR,1
0,2807,6543,0,0,20.4767,18.2237,0.1564,0.0,0.0,1591,1197,0,0,-2.16,20.97,0.0,0.0,44,0.0,0.0,0.0,one,SR,1
0,4384,490,0,0,20.6411,18.3055,0.0496,0.0,0.0,2282,1331,0,0,3.39,22.86,0.0,0.0,155,0.0,0.0,0.0,one,SR,1
0,1226,1343,0,0,20.3685,18.1341,0.2071,0.0,0.0,2174,1148,0,0,4.58,20.27,0.0,0.0,8,0.0,0.0,0.0,one,SR,1
0,4425,8841,0,0,20.4613,18.1818,0.1363,0.0,0.0,1525,1230,0,0,-3.28,21.43,0.0,0.0,76,0.0,0.0,0.0,one,SR,1
0,3782,4942,0,0,20.3105,18.0798,0.2077,0.0,0.0,1409,1145,0,0,-3.41,20.23,0.0,0.0,9,0.0,0.0,0.0,one,SR,1
0,1343,2821,0,0,20.3612,18.1078,0.1653,0.0,0.0,1614,1191,0,0,-1.85,20.88,0.0,0.0,47,0.0,0.0,0.0,one,SR,1
0,501,599,0,0,20.4808,18.1724,0.0846,0.0,0.0,1882,1287,0,0,-0.25,22.24,0.0,0.0,126,0.0,0.0,0.0,one,SR,1
0,4406,2378,0,0,20.3429,18.0854,0.1638,0.0,0.0,1582,1195,0,0,-2.23,20.94,0.0,0.0,52,0.0,0.0,0.0,one,SR,1
0,671,4799,0,0,20.2919,18.0567,0.1825,0.0,0.0,1889,1166,0,0,1.36,20.53,0.0,0.0,29,0.0,0.0,0.0,one,SR,1
0,2068,4253,0,0,20.3613,18.0971,0.1352,0.0,0.0,2733,1220,0,0,9.53,21.29,0.0,0.0,73,0.0,0.0,0.0,one,SR,1
0,2376,9098,0,0,20.5113,18.1621,0.025,0.0,0.0,2541,1358,0,0,5.76,23.24,0.0,0.0,188,0.0,0.0,0.0,one,SR,1
0,3886,2571,0,0,20.2659,17.9795,0.1262,0.0,0.0,1674,1242,0,0,-1.86,21.6,0.0,0.0,100,0.0,0.0,0.0,one,SR,1
0,2678,3232,0,0,20.0583,17.8501,0.2219,0.0,0.0,1464,1119,0,0,-2.5,19.86,0.0,0.0,2,0.0,0.0,0.0,one,SR,1
0,4765,6068,0,0,20.0985,17.863,0.1913,0.0,0.0,1554,1160,0,0,-2.08,20.44,0.0,0.0,37,0.0,0.0,0.0,one,SR,1
0,3329,4739,0,0,20.1136,17.8738,0.1757,0.0,0.0,2155,1174,0,0,4.05,20.64,0.0,0.0,48,0.0,0.0,0.0,one,SR,1
0,3771,134,0,0,20.0836,17.8229,0.1499,0.0,0.0,1977,1207,0,0,1.76,21.11,0.0,0.0,80,0.0,0.0,0.0,one,SR,1
0,4936,8265,0,0,19.9949,17.7649,0.2041,0.0,0.0,3306,1147,0,0,16.48,20.26,0.0,0.0,32,0.0,0.0,0.0,one,SR,1
0,2700,9117,0,0,19.933,17.7142,0.2298,0.0,0.0,2395,1121,0,0,7.25,19.89,0.0,0.0,13,0.0,0.0,0.0,one,SR,1
0,4463,213,0,0,20.0672,17.7984,0.1285,0.0,0.0,1837,1228,0,0,0.02,21.4,0.0,0.0,100,0.0,0.0,0.0,one,SR,1
0,3649,8365,0,0,20.0409,17.7662,0.1386,0.0,0.0,1308,1225,0,0,-5.49,21.36,0.0,0.0,100,0.0,0.0,0.0,one,SR,1
0,604,7632,0,0,20.1708,17.8478,0.0539,0.0,0.0,2339,1319,0,0,4.14,22.69,0.0,0.0,176,0.0,0.0,0.0,one,SR,1
0,3229,6435,0,0,20.0269,17.7548,0.1331,0.0,0.0,1825,1227,0,0,-0.09,21.39,0.0,0.0,102,0.0,0.0,0.0,one,SR,1
0,4831,3833,0,0,19.94,17.7042,0.1816,0.0,0.0,2549,1167,0,0,8.28,20.54,0.0,0.0,54,0.0,0.0,0.0,one,SR,1
0,3097,6047,0,0,20.0836,17.7889,0.0907,0.0,0.0,1712,1273,0,0,-1.86,22.04,0.0,0.0,140,0.0,0.0,0.0,one,SR,1
0,1257,5599,0,0,19.8899,17.6719,0.2077,0.0,0.0,1815,1136,0,0,0.96,20.1,0.0,0.0,29,0.0,0.0,0.0,one,SR,1
0,2232,8450,0,0,19.8551,17.6437,0.2266,0.0,0.0,1604,1118,0,0,-1.02,19.85,0.0,0.0,15,0.0,0.0,0.0,one,SR,1
0,4963,9926,0,0,19.9461,17.7006,0.1673,0.0,0.0,2706,1184,0,0,9.71,20.78,0.0,0.0,69,0.0,0.0,0.0,one,SR,1
0,2619,2686,0,0,20.1231,17.7963,0.0577,0.0,0.0,1729,1319,0,0,-2.27,22.69,0.0,0.0,179,0.0,0.0,0.0,one,SR,1
0,1258,6824,0,0,19.8314,17.6285,0.2251,0.0,0.0,1798,1113,0,0,1.08,19.78,0.0,0.0,12,0.0,0.0,0.0,one,SR,1
0,1261,5183,0,0,20.0732,17.7563,0.0817,0.0,0.0,3525,1295,0,0,16.9,22.35,0.0,0.0,161,0.0,0.0,0.0,one,SR,1
0,2783,5977,0,0,20.0109,17.7213,0.0982,0.0,0.0,2359,1264,0,0,5.05,21.91,0.0,0.0,137,0.0,0.0,0.0,one,SR,1
0,4754,1747,0,0,20.0118,17.7089,0.0833,0.0,0.0,2107,1284,0,0,2.15,22.2,0.0,0.0,155,0.0,0.0,0.0,one,SR,1
0,3879,4256,0,0,19.7802,17.5682,0.2116,0.0,0.0,2400,1129,0,0,7.2,20.0,0.0,0.0,30,0.0,0.0,0.0,one,SR,1
0,2148,4167,0,0,20.0139,17.6929,0.0802,0.0,0.0,2245,1299,0,0,3.41,22.41,0.0,0.0,169,0.0,0.0,0.0,one,SR,1
0,3811,4894,0,0,19.7072,17.5118,0.2501,0.0,0.0,1090,1090,0,0,-6.06,19.45,0.0,0.0,0,0.0,0.0,0.0,one,SR,1
0,3016,9141,0,0,19.8591,17.5839,0.1333,0.0,0.0,2967,1229,0,0,11.88,21.42,0.0,0.0,116,0.0,0.0,0.0,one,SR,1
0,2356,3023,0,0,19.7088,17.4888,0.2281,0.0,0.0,2754,1123,0,0,10.99,19.92,0.0,0.0,30,0.0,0.0,0.0,one,SR,1
0,4398,375,0,0,19.6709,17.4652,0.235,0.0,0.0,1251,1108,0,0,-4.6,19.71,0.0,0.0,19,0.0,0.0,0.0,one,SR,1
0,555,7155,0,0,19.6765,17.4543,0.2062,0.0,0.0,2136,1140,0,0,4.28,20.16,0.0,0.0,47,0.0,0.0,0.0,one,SR,1
0,2057,7651,0,0,19.7999,17.5272,0.1323,0.0,0.0,1735,1228,0,0,-1.05,21.4,0.0,0.0,119,0.0,0.0,0.0,one,SR,1
0,2119,6023,0,0,19.7288,17.4776,0.173,0.0,0.0,2279,1184,0,0,5.23,20.78,0.0,0.0,84,0.0,0.0,0.0,one,SR,1
0,3847,3517,0,0,19.589,17.3921,0.2573,0.0,0.0,1355,1086,0,0,-3.23,19.4,0.0,0.0,5,0.0,0.0,0.0,one,SR,1
0,1,1152,0,0,19.7018,17.4453,0.1699,0.0,0.0,2135,1190,0,0,3.64,20.87,0.0,0.0,91,0.0,0.0,0.0,one,SR,1
0,4518,4984,0,0,19.5621,17.3585,0.2428,0.0,0.0,1274,1101,0,0,-4.27,19.61,0.0,0.0,20,0.0,0.0,0.0,one,SR,1
0,701,979,0,0,19.9033,17.5665,0.0338,0.0,0.0,2126,1343,0,0,1.6,23.03,0.0,0.0,216,0.0,0.0,0.0,one,SR,1
0,2008,3675,0,0,19.9721,17.5965,0.0004,0.0,0.0,1778,1394,0,0,-2.71,23.75,0.0,0.0,258,0.0,0.0,0.0,one,SR,1
0,3287,3371,0,0,19.8202,17.5133,0.0775,0.0,0.0,1670,1291,0,0,-2.53,22.29,0.0,0.0,174,0.0,0.0,0.0,one,SR,1
0,4632,4294,0,0,19.7495,17.4476,0.1035,0.0,0.0,2538,1269,0,0,6.86,21.98,0.0,0.0,160,0.0,0.0,0.0,one,SR,1
0,3817,9501,0,0,19.5708,17.3488,0.2018,0.0,0.0,2044,1143,0,0,3.28,20.2,0.0,0.0,57,0.0,0.0,0.0,one,SR,1
0,4944,9436,0,0,19.491,17.2918,0.2539,0.0,0.0,1612,1090,0,0,-0.58,19.45,0.0,0.0,15,0.0,0.0,0.0,one,SR,1
0,4672,5290,0,0,19.4996,17.2916,0.2316,0.0,0.0,2162,1112,0,0,4.91,19.76,0.0,0.0,34,0.0,0.0,0.0,one,SR,1
0,236,4623,0,0,19.4741,17.2772,0.2432,0.0,0.0,1606,1096,0,0,-0.72,19.54,0.0,0.0,21,0.0,0.0,0.0,one,SR,1
0,4578,9741,0,0,19.8302,17.4772,0.0288,0.0,0.0,3028,1358,0,0,10.88,23.24,0.0,0.0,235,0.0,0.0,0.0,one,SR,1
0,1140,3182,0,0,19.4166,17.2373,0.2595,0.0,0.0,1828,1072,0,0,1.92,19.2,0.0,0.0,3,0.0,0.0,0.0,one,SR,1
0,3868,55,0,0,19.6204,17.3443,0.1413,0.0,0.0,1395,1224,0,0,-4.57,21.35,0.0,0.0,128,0.0,0.0,0.0,one,SR,1
0,1632,1348,0,0,19.5689,17.3167,0.1669,0.0,0.0,3442,1189,0,0,17.37,20.85,0.0,0.0,99,0.0,0.0,0.0,one,SR,1
0,155,3910,0,0,19.3935,17.206,0.2663,0.0,0.0,1970,1073,0,0,3.39,19.21,0.0,0.0,6,0.0,0.0,0.0,one,SR,1
0,4154,1300,0,0,19.467,17.2455,0.2211,0.0,0.0,3789,1129,0,0,21.78,20.0,0.0,0.0,52,0.0,0.0,0.0,one,SR,1
0,3463,9035,0,0,19.7502,17.4108,0.0534,0.0,0.0,4500,1331,0,0,26.68,22.86,0.0,0.0,216,0.0,0.0,0.0,one,SR,1
0,2513,2195,0,0,19.4326,17.2301,0.2303,0.0,0.0,2069,1109,0,0,3.98,19.72,0.0,0.0,36,0.0,0.0,0.0,one,SR,1
0,2491,7438,0,0,19.7334,17.3981,0.0592,0.0,0.0,2182,1324,0,0,2.43,22.76,0.0,0.0,211,0.0,0.0,0.0,one,SR,1
0,4655,9265,0,0,19.5524,17.2939,0.1577,0.0,0.0,2025,1200,0,0,2.36,21.01,0.0,0.0,110,0.0,0.0,0.0,one,SR,1
0,3568,6920,0,0,19.8129,17.4482,0.0023,0.0,0.0,1648,1385,0,0,-3.96,23.62,0.0,0.0,260,0.0,0.0,0.0,one,SR,1
0,1309,8486,0,0,19.6509,17.3556,0.0898,0.0,0.0,1676,1274,0,0,-2.25,22.05,0.0,0.0,170,0.0,0.0,0.0,one,SR,1
0,4733,9322,0,0,19.5702,17.2962,0.1491,0.0,0.0,2335,1217,0,0,5.39,21.25,0.0,0.0,125,0.0,0.0,0.0,one,SR,1
0,920,5592,0,0,19.3898,17.1967,0.2394,0.0,0.0,1685,1096,0,0,0.11,19.54,0.0,0.0,27,0.0,0.0,0.0,one,SR,1
0,1024,5726,0,0,19.3829,17.1793,0.2287,0.0,0.0,2221,1111,0,0,5.55,19.75,0.0,0.0,41,0.0,0.0,0.0,one,SR,1
0,618,8867,0,0,19.6836,17.3455,0.0365,0.0,0.0,4021,1342,0,0,21.51,23.02,0.0,0.0,230,0.0,0.0,0.0,one,SR,1
0,4466,8670,0,0,19.3818,17.1532,0.2155,0.0,0.0,1472,1138,0,0,-2.66,20.13,0.0,0.0,66,0.0,0.0,0.0,one,SR,1
0,1478,1817,0,0,19.2646,17.0847,0.2728,0.0,0.0,1875,1063,0,0,2.52,19.07,0.0,0.0,6,0.0,0.0,0.0,one,SR,1
0,4052,7333,0,0,19.3927,17.1515,0.197,0.0,0.0,1829,1160,0,0,0.81,20.44,0.0,0.0,85,0.0,0.0,0.0,one,SR,1
0,4176,9814,0,0,19.4519,17.1903,0.1579,0.0,0.0,3021,1202,0,0,12.79,21.04,0.0,0.0,119,0.0,0.0,0.0,one,SR,1
0,4942,1630,0,0,19.3042,17.0999,0.2463,0.0,0.0,1823,1099,0,0,1.52,19.58,0.0,0.0,36,0.0,0.0,0.0,one,SR,1
0,2031,5265,0,0,19.5322,17.2372,0.0995,0.0,0.0,1790,1267,0,0,-0.96,21.96,0.0,0.0,172,0.0,0.0,0.0,one,SR,1
0,2538,8811,0,0,19.3015,17.0937,0.2272,0.0,0.0,1871,1115,0,0,1.82,19.81,0.0,0.0,50,0.0,0.0,0.0,one,SR,1
0,697,2595,0,0,19.4465,17.18,0.1318,0.0,0.0,3629,1224,0,0,18.89,21.35,0.0,0.0,139,0.0,0.0,0.0,one,SR,1
0,2800,6352,0,0,19.6694,17.2967,0.0046,0.0,0.0,3520,1389,0,0,15.65,23.68,0.0,0.0,274,0.0,0.0,0.0,one,SR,1
0,3525,5775,0,0,19.1855,17.0125,0.2829,0.0,0.0,1880,1051,0,0,2.73,18.9,0.0,0.0,0,0.0,0.0,0.0,one,SR,1
0,4449,1385,0,0,19.1921,17.0084,0.2766,0.0,0.0,1719,1063,0,0,0.89,19.07,0.0,0.0,11,0.0,0.0,0.0,one,SR,1
0,2835,7938,0,0,19.5204,17.2089,0.0707,0.0,0.0,1909,1299,0,0,-0.12,22.41,0.0,0.0,202,0.0,0.0,0.0,one,SR,1
0,2313,2267,0,0,19.4748,17.1731,0.085,0.0,0.0,2143,1282,0,0,2.55,22.17,0.0,0.0,190,0.0,0.0,0.0,one,SR,1
0,177,3854,0,0,19.2235,17.0246,0.231,0.0,0.0,2166,1106,0,0,5.03,19.68,0.0,0.0,47,0.0,0.0,0.0,one,SR,1
0,2745,5368,0,0,19.2076,17.0084,0.2398,0.0,0.0,2793,1100,0,0,11.69,19.59,0.0,0.0,43,0.0,0.0,0.0,one,SR,1
0,4341,649,0,0,19.3595,17.0907,0.1567,0.0,0.0,1945,1208,0,0,1.41,21.12,0.0,0.0,131,0.0,0.0,0.0,one,SR,1
0,154,689,0,0,19.3667,17.0885,0.1336,0.0,0.0,1492,1231,0,0,-3.64,21.45,0.0,0.0,151,0.0,0.0,0.0,one,SR,1
0,2341,7799,0,0,19.234,17.0028,0.2024,0.0,0.0,2044,1149,0,0,3.2,20.29,0.0,0.0,86,0.0,0.0,0.0,one,SR,1
0,1349,8163,0,0,19.1063,16.9157,0.2524,0.0,0.0,2018,1085,0,0,3.75,19.38,0.0,0.0,36,0.0,0.0,0.0,one,SR,1
0,2564,4083,0,0,19.4487,17.1125,0.0487,0.0,0.0,1909,1332,0,0,-0.54,22.87,0.0,0.0,237,0.0,0.0,0.0,one,SR,1
0,2840,7531,0,0,19.2153,16.9796,0.1816,0.0,0.0,1967,1167,0,0,2.17,20.54,0.0,0.0,103,0.0,0.0,0.0,one,SR,1
0,3758,7115,0,0,19.4718,17.114,0.0265,0.0,0.0,1780,1363,0,0,-2.29,23.31,0.0,0.0,264,0.0,0.0,0.0,one,SR,1
0,2739,4398,0,0,19.083,16.8775,0.2447,0.0,0.0,2050,1101,0,0,3.88,19.61,0.0,0.0,53,0.0,0.0,0.0,one,SR,1
0,3550,9789,0,0,19.1189,16.8922,0.2136,0.0,0.0,2280,1138,0,0,5.82,20.13,0.0,0.0,84,0.0,0.0,0.0,one,SR,1
0,184,2651,0,0,19.1612,16.9114,0.1844,0.0,0.0,1759,1175,0,0,-0.12,20.65,0.0,0.0,115,0.0,0.0,0.0,one,SR,1
0,1063,9240,0,0,19.0258,16.8269,0.2495,0.0,0.0,3330,1093,0,0,17.42,19.5,0.0,0.0,49,0.0,0.0,0.0,one,SR,1
0,4545,5394,0,0,19.0888,16.8635,0.1923,0.0,0.0,1224,1152,0,0,-5.44,20.33,0.0,0.0,98,0.0,0.0,0.0,one,SR,1
0,2962,3238,0,0,19.3203,16.9893,0.0563,0.0,0.0,1597,1323,0,0,-3.7,22.75,0.0,0.0,238,0.0,0.0,0.0,one,SR,1
0,2865,5568,0,0,19.3727,17.025,0.0178,0.0,0.0,1751,1362,0,0,-2.58,23.3,0.0,0.0,269,0.0,0.0,0.0,one,SR,1
0,3511,7105,0,0,18.8991,16.7299,0.2932,0.0,0.0,1440,1041,0,0,-1.76,18.76,0.0,0.0,11,0.0,0.0,0.0,one,SR,1
0,3947,6705,0,0,18.9008,16.7364,0.2814,0.0,0.0,2039,1046,0,0,4.46,18.83,0.0,0.0,15,0.0,0.0,0.0,one,SR,1
0,3978,1602,0,0,19.3465,16.9831,0.0137,0.0,0.0,1970,1376,0,0,-0.46,23.5,0.0,0.0,284,0.0,0.0,0.0,one,SR,1
0,3133,5519,0,0,19.009,16.7708,0.1827,0.0,0.0,1314,1168,0,0,-4.7,20.56,0.0,0.0,118,0.0,0.0,0.0,one,SR,1
0,3715,1121,0,0,18.9346,16.714,0.2272,0.0,0.0,1799,1124,0,0,0.95,19.93,0.0,0.0,84,0.0,0.0,0.0,one,SR,1
0,440,7935,0,0,19.0726,16.7915,0.1294,0.0,0.0,1552,1236,0,0,-3.07,21.52,0.0,0.0,176,0.0,0.0,0.0,one,SR,1
0,1215,9842,0,0,18.8257,16.6409,0.2749,0.0,0.0,1383,1065,0,0,-2.67,19.1,0.0,0.0,38,0.0,0.0,0.0,one,SR,1
0,2615,7674,0,0,18.8663,16.6648,0.2364,0.0,0.0,2208,1104,0,0,5.5,19.65,0.0,0.0,70,0.0,0.0,0.0,one,SR,1
0,3336,103,0,0,18.8261,16.6288,0.252,0.0,0.0,1687,1090,0,0,0.21,19.45,0.0,0.0,60,0.0,0.0,0.0,one,SR,1
0,4558,4499,0,0,18.8744,16.6597,0.2171,0.0,0.0,1915,1127,0,0,2.13,19.98,0.0,0.0,90,0.0,0.0,0.0,one,SR,1
0,2597,5886,0,0,19.0561,16.7674,0.1088,0.0,0.0,2226,1256,0,0,3.75,21.8,0.0,0.0,195,0.0,0.0,0.0,one,SR,1
0,369,2504,0,0,18.8128,16.623,0.2488,0.0,0.0,1673,1087,0,0,0.1,19.41,0.0,0.0,58,0.0,0.0,0.0,one,SR,1
0,2323,8797,0,0,19.0583,16.7583,0.1016,0.0,0.0,2864,1269,0,0,10.29,21.98,0.0,0.0,207,0.0,0.0,0.0,one,SR,1
0,4212,725,0,0,19.0871,16.7723,0.0754,0.0,0.0,2293,1298,0,0,3.92,22.39,0.0,0.0,231,0.0,0.0,0.0,one,SR,1
0,3684,7052,0,0,19.0683,16.76,0.0802,0.0,0.0,2028,1290,0,0,1.24,22.28,0.0,0.0,225,0.0,0.0,0.0,one,SR,1
0,4601,6116,0,0,18.782,16.5923,0.2444,0.0,0.0,1322,1090,0,0,-3.63,19.45,0.0,0.0,63,0.0,0.0,0.0,one,SR,1
0,70,4223,0,0,18.8583,16.6341,0.1984,0.0,0.0,1314,1147,0,0,-4.44,20.26,0.0,0.0,109,0.0,0.0,0.0,one,SR,1
0,1122,2957,0,0,18.7125,16.5369,0.2883,0.0,0.0,2539,1049,0,0,9.67,18.87,0.0,0.0,31,0.0,0.0,0.0,one,SR,1
0,1071,4699,0,0,18.7498,16.555,0.265,0.0,0.0,1928,1079,0,0,2.88,19.3,0.0,0.0,56,0.0,0.0,0.0,one,SR,1
0,2082,8629,0,0,18.7108,16.535,0.2787,0.0,0.0,1970,1056,0,0,3.61,18.97,0.0,0.0,37,0.0,0.0,0.0,one,SR,1
0,1422,1522,0,0,18.6534,16.4959,0.3055,0.0,0.0,2132,1024,0,0,5.72,18.52,0.0,0.0,12,0.0,0.0,0.0,one,SR,1
0,82,188,0,0,19.0309,16.7253,0.0747,0.0,0.0,2206,1292,0,0,3.09,22.31,0.0,0.0,229,0.0,0.0,0.0,one,SR,1
0,3460,8671,0,0,18.6925,16.5132,0.2736,0.0,0.0,2477,1062,0,0,8.86,19.06,0.0,0.0,44,0.0,0.0,0.0,one,SR,1
0,1154,4452,0,0,18.5993,16.4493,0.3165,0.0,0.0,1821,1011,0,0,2.62,18.34,0.0,0.0,4,0.0,0.0,0.0,one,SR,1
0,413,2938,0,0,19.0642,16.728,0.0346,0.0,0.0,2694,1342,0,0,7.57,23.02,0.0,0.0,272,0.0,0.0,0.0,one,SR,1
0,2537,7750,0,0,18.7748,16.5519,0.2098,0.0,0.0,2335,1138,0,0,6.4,20.13,0.0,0.0,107,0.0,0.0,0.0,one,SR,1
0,4966,2744,0,0,18.8225,16.5721,0.1836,0.0,0.0,1507,1176,0,0,-2.78,20.67,0.0,0.0,139,0.0,0.0,0.0,one,SR,1
0,1920,8263,0,0,18.726,16.5148,0.2363,0.0,0.0,2371,1111,0,0,7.12,19.75,0.0,0.0,86,0.0,0.0,0.0,one,SR,1
0,1677,1364,0,0,18.5879,16.4299,0.3188,0.0,0.0,2061,1015,0,0,5.09,18.39,0.0,0.0,9,0.0,0.0,0.0,one,SR,1
0,4462,4852,0,0,18.9697,16.6632,0.0827,0.0,0.0,1595,1287,0,0,-3.27,22.24,0.0,0.0,229,0.0,0.0,0.0,one,SR,1
0,4909,5674,0,0,18.6417,16.4602,0.2844,0.0,0.0,2354,1056,0,0,7.64,18.97,0.0,0.0,42,0.0,0.0,0.0,one,SR,1
0,921,6805,0,0,18.6792,16.4841,0.2598,0.0,0.0,1366,1083,0,0,-3.08,19.35,0.0,0.0,64,0.0,0.0,0.0,one,SR,1
0,1050,1730,0,0,18.7113,16.4897,0.207,0.0,0.0,1500,1139,0,0,-2.38,20.15,0.0,0.0,112,0.0,0.0,0.0,one,SR,1
0,1272,821,0,0,18.5117,16.3611,0.3297,0.0,0.0,1834,1002,0,0,2.87,18.21,0.0,0.0,2,0.0,0.0,0.0,one,SR,1
0,419,6966,0,0,18.9035,16.5918,0.0893,0.0,0.0,2012,1286,0,0,1.12,22.22,0.0,0.0,233,0.0,0.0,0.0,one,SR,1
0,698,7646,0,0,18.5391,16.3803,0.2942,0.0,0.0,1269,1033,0,0,-3.46,18.65,0.0,0.0,28,0.0,0.0,0.0,one,SR,1
0,4492,9318,0,0,18.7468,16.4992,0.1737,0.0,0.0,1642,1181,0,0,-1.42,20.74,0.0,0.0,148,0.0,0.0,0.0,one,SR,1
0,2696,2106,0,0,18.8372,16.5435,0.1109,0.0,0.0,1831,1258,0,0,-0.42,21.83,0.0,0.0,212,0.0,0.0,0.0,one,SR,1
0,2085,167,0,0,18.7154,16.4649,0.1836,0.0,0.0,2353,1176,0,0,6.1,20.67,0.0,0.0,146,0.0,0.0,0.0,one,SR,1
0,3683,1401,0,0,18.5642,16.3734,0.2709,0.0,0.0,1451,1072,0,0,-2.04,19.2,0.0,0.0,62,0.0,0.0,0.0,one,SR,1
0,1393,9375,0,0,18.6027,16.3993,0.2383,0.0,0.0,1726,1104,0,0,0.44,19.65,0.0,0.0,88,0.0,0.0,0.0,one,SR,1
0,2699,3293,0,0,18.5515,16.3493,0.2541,0.0,0.0,1364,1092,0,0,-3.21,19.48,0.0,0.0,81,0.0,0.0,0.0,one,SR,1
0,179,1810,0,0,18.8669,16.5439,0.0539,0.0,0.0,2135,1319,0,0,2.0,22.69,0.0,0.0,265,0.0,0.0,0.0,one,SR,1
0,1319,8127,0,0,18.5192,16.332,0.2574,0.0,0.0,3277,1079,0,0,17.04,19.3,0.0,0.0,71,0.0,0.0,0.0,one,SR,1
0,1273,4495,0,0,18.4005,16.256,0.3293,0.0,0.0,1643,998,0,0,0.91,18.15,0.0,0.0,6,0.0,0.0,0.0,one,SR,1
0,148,2191,0,0,18.4556,16.2958,0.2881,0.0,0.0,1555,1038,0,0,-0.52,18.72,0.0,0.0,38,0.0,0.0,0.0,one,SR,1
0,2095,6071,0,0,18.6248,16.3942,0.1892,0.0,0.0,1617,1158,0,0,-1.39,20.41,0.0,0.0,135,0.0,0.0,0.0,one,SR,1
0,1495,9755,0,0,18.5413,16.3301,0.2363,0.0,0.0,1400,1111,0,0,-3.07,19.75,0.0,0.0,99,0.0,0.0,0.0,one,SR,1
0,1353,2900,0,0,18.5851,16.3483,0.194,0.0,0.0,1720,1159,0,0,-0.33,20.43,0.0,0.0,139,0.0,0.0,0.0,one,SR,1
0,2940,8620,0,0,18.7769,16.4654,0.0707,0.0,0.0,1888,1299,0,0,-0.34,22.41,0.0,0.0,253,0.0,0.0,0.0,one,SR,1
0,532,7926,0,0,18.7324,16.4253,0.096,0.0,0.0,2089,1278,0,0,2.03,22.11,0.0,0.0,237,0.0,0.0,0.0,one,SR,1
0,1408,7816,0,0,18.3602,16.1954,0.3043,0.0,0.0,1381,1030,0,0,-2.24,18.6,0.0,0.0,38,0.0,0.0,0.0,one,SR,1
0,545,8275,0,0,18.8517,16.4968,0.0025,0.0,0.0,2979,1378,0,0,10.11,23.52,0.0,0.0,319,0.0,0.0,0.0,one,SR,1
0,2302,4646,0,0,18.4982,16.2795,0.2112,0.0,0.0,1443,1134,0,0,-2.92,20.07,0.0,0.0,122,0.0,0.0,0.0,one,SR,1
0,4181,4329,0,0,18.7472,16.4284,0.0554,0.0,0.0,1870,1315,0,0,-0.74,22.63,0.0,0.0,269,0.0,0.0,0.0,one,SR,1
0,4254,484,0,0,18.4772,16.245,0.2008,0.0,0.0,2382,1151,0,0,6.73,20.32,0.0,0.0,139,0.0,0.0,0.0,one,SR,1
0,2647,1666,0,0,18.4215,16.2138,0.2228,0.0,0.0,1561,1118,0,0,-1.47,19.85,0.0,0.0,113,0.0,0.0,0.0,one,SR,1
0,95,2261,0,0,18.4469,16.2274,0.2007,0.0,0.0,1491,1142,0,0,-2.51,20.19,0.0,0.0,133,0.0,0.0,0.0,one,SR,1
0,71,4950,0,0,18.6892,16.3593,0.0439,0.0,0.0,1838,1331,0,0,-1.28,22.86,0.0,0.0,288,0.0,0.0,0.0,one,SR,1
0,3996,4010,0,0,18.2082,16.0643,0.3301,0.0,0.0,2296,997,0,0,7.78,18.14,0.0,0.0,18,0.0,0.0,0.0,one,SR,1
0,1886,6239,0,0,18.7053,16.3594,0.0344,0.0,0.0,2157,1349,0,0,1.85,23.11,0.0,0.0,303,0.0,0.0,0.0,one,SR,1
0,4178,364,0,0,18.3207,16.1282,0.2543,0.0,0.0,1868,1085,0,0,2.17,19.38,0.0,0.0,90,0.0,0.0,0.0,one,SR,1
0,4145,4384,0,0,18.3886,16.1617,0.218,0.0,0.0,3446,1135,0,0,18.1,20.09,0.0,0.0,131,0.0,0.0,0.0,one,SR,1
0,4602,2914,0,0,18.3707,16.1587,0.2116,0.0,0.0,2385,1129,0,0,7.04,20.0,0.0,0.0,126,0.0,0.0,0.0,one,SR,1
0,3751,7863,0,0,18.2682,16.0898,0.2656,0.0,0.0,1140,1067,0,0,-5.24,19.13,0.0,0.0,77,0.0,0.0,0.0,one,SR,1
0,3099,3387,0,0,18.1628,16.0162,0.3074,0.0,0.0,1931,1015,0,0,3.72,18.39,0.0,0.0,37,0.0,0.0,0.0,one,SR,1
0,2268,9990,0,0,18.2464,16.0596,0.2627,0.0,0.0,2305,1075,0,0,6.89,19.24,0.0,0.0,86,0.0,0.0,0.0,one,SR,1
0,1430,8626,0,0,18.2103,16.043,0.2772,0.0,0.0,2260,1051,0,0,6.72,18.9,0.0,0.0,66,0.0,0.0,0.0,one,SR,1
0,3345,9120,0,0,18.2699,16.073,0.2432,0.0,0.0,1390,1096,0,0,-2.99,19.54,0.0,0.0,103,0.0,0.0,0.0,one,SR,1
0,4488,5277,0,0,18.3462,16.1166,0.1953,0.0,0.0,1532,1153,0,0,-2.22,20.34,0.0,0.0,150,0.0,0.0,0.0,one,SR,1
0,1688,1673,0,0,18.2004,16.0251,0.2795,0.0,0.0,1373,1055,0,0,-2.65,18.96,0.0,0.0,71,0.0,0.0,0.0,one,SR,1
0,3730,6759,0,0,18.5567,16.2312,0.0691,0.0,0.0,1990,1310,0,0,0.59,22.56,0.0,0.0,278,0.0,0.0,0.0,one,SR,1
0,4850,1242,0,0,18.3048,16.0849,0.2096,0.0,0.0,1353,1136,0,0,-3.89,20.1,0.0,0.0,137,0.0,0.0,0.0,one,SR,1
0,2335,984,0,0,18.5359,16.212,0.076,0.0,0.0,2045,1304,0,0,1.24,22.48,0.0,0.0,274,0.0,0.0,0.0,one,SR,1
0,1926,7023,0,0,18.0868,15.9479,0.328,0.0,0.0,1578,995,0,0,0.27,18.11,0.0,0.0,24,0.0,0.0,0.0,one,SR,1
0,1248,2236,0,0,18.0174,15.8913,0.3562,0.0,0.0,1575,966,0,0,0.61,17.7,0.0,0.0,3,0.0,0.0,0.0,one,SR,1
0,1337,5928,0,0,18.2872,16.0512,0.186,0.0,0.0,4220,1164,0,0,25.86,20.5,0.0,0.0,164,0.0,0.0,0.0,one,SR,1
0,4478,9551,0,0,18.3489,16.086,0.1466,0.0,0.0,1748,1211,0,0,-0.69,21.16,0.0,0.0,202,0.0,0.0,0.0,one,SR,1
0,4768,5469,0,0,18.3197,16.0586,0.1632,0.0,0.0,1721,1198,0,0,-0.81,20.98,0.0,0.0,193,0.0,0.0,0.0,one,SR,1
0,4591,37,0,0,18.2008,15.9962,0.2226,0.0,0.0,1700,1116,0,0,0.01,19.82,0.0,0.0,126,0.0,0.0,0.0,one,SR,1
0,3077,6140,0,0,18.4287,16.1111,0.0571,0.0,0.0,2558,1313,0,0,6.51,22.61,0.0,0.0,289,0.0,0.0,0.0,one,SR,1
0,4729,5453,0,0,18.1545,15.9388,0.211,0.0,0.0,1730,1132,0,0,0.12,20.05,0.0,0.0,144,0.0,0.0,0.0,one,SR,1
0,811,2688,0,0,18.3141,16.0252,0.1132,0.0,0.0,2183,1253,0,0,3.34,21.76,0.0,0.0,243,0.0,0.0,0.0,one,SR,1
0,4491,9603,0,0,18.3219,16.0233,0.113,0.0,0.0,1585,1260,0,0,-3.03,21.86,0.0,0.0,249,0.0,0.0,0.0,one,SR,1
0,2070,179,0,0,18.2846,15.9952,0.1079,0.0,0.0,2614,1257,0,0,7.81,21.81,0.0,0.0,248,0.0,0.0,0.0,one,SR,1
0,3474,6292,0,0,18.4127,16.0705,0.0306,0.0,0.0,2853,1349,0,0,9.15,23.11,0.0,0.0,323,0.0,0.0,0.0,one,SR,1
0,2637,9658,0,0,17.8774,15.7309,0.3356,0.0,0.0,2279,995,0,0,7.63,18.11,0.0,0.0,39,0.0,0.0,0.0,one,SR,1
0,1239,6690,0,0,17.8582,15.7199,0.3429,0.0,0.0,1088,984,0,0,-4.73,17.95,0.0,0.0,30,0.0,0.0,0.0,one,SR,1
0,3719,9915,0,0,17.8648,15.7293,0.333,0.0,0.0,1675,989,0,0,1.37,18.02,0.0,0.0,34,0.0,0.0,0.0,one,SR,1
0,3934,6913,0,0,18.1789,15.9091,0.1506,0.0,0.0,1652,1213,0,0,-1.73,21.19,0.0,0.0,216,0.0,0.0,0.0,one,SR,1
0,216,2801,0,0,17.8037,15.6897,0.3597,0.0,0.0,1517,955,0,0,0.14,17.54,0.0,0.0,7,0.0,0.0,0.0,one,SR,1
0,2263,9197,0,0,17.8458,15.7029,0.3362,0.0,0.0,2333,992,0,0,8.24,18.07,0.0,0.0,38,0.0,0.0,0.0,one,SR,1
0,1760,8840,0,0,18.2931,15.9728,0.0626,0.0,0.0,3027,1311,0,0,11.46,22.58,0.0,0.0,297,0.0,0.0,0.0,one,SR,1
0,4351,3502,0,0,18.0946,15.8524,0.1768,0.0,0.0,2613,1175,0,0,8.85,20.65,0.0,0.0,187,0.0,0.0,0.0,one,SR,1
0,4705,8220,0,0,17.8711,15.7089,0.3032,0.0,0.0,3025,1029,0,0,15.03,18.59,0.0,0.0,70,0.0,0.0,0.0,one,SR,1
0,2873,217,0,0,17.9683,15.7523,0.2199,0.0,0.0,1791,1126,0,0,0.84,19.96,0.0,0.0,151,0.0,0.0,0.0,one,SR,1
0,900,3555,0,0,17.7339,15.6016,0.3425,0.0,0.0,1965,980,0,0,4.53,17.9,0.0,0.0,35,0.0,0.0,0.0,one,SR,1
0,2656,3928,0,0,17.8166,15.639,0.2761,0.0,0.0,2044,1059,0,0,4.35,19.01,0.0,0.0,101,0.0,0.0,0.0,one,SR,1
0,2692,7278,0,0,18.085,15.7978,0.1157,0.0,0.0,1769,1250,0,0,-0.97,21.72,0.0,0.0,256,0.0,0.0,0.0,one,SR,1
0,751,3497,0,0,17.8665,15.6639,0.2489,0.0,0.0,1675,1096,0,0,0.0,19.54,0.0,0.0,131,0.0,0.0,0.0,one,SR,1
0,2219,47,0,0,17.8377,15.6544,0.2536,0.0,0.0,2399,1079,0,0,7.82,19.3,0.0,0.0,117,0.0,0.0,0.0,one,SR,1
0,3625,7932,0,0,18.0562,15.7804,0.1184,0.0,0.0,1843,1240,0,0,-0.06,21.57,0.0,0.0,248,0.0,0.0,0.0,one,SR,1
0,396,8540,0,0,17.6726,15.5387,0.34,0.0,0.0,1823,983,0,0,3.0,17.94,0.0,0.0,42,0.0,0.0,0.0,one,SR,1
0,4262,8902,0,0,17.9899,15.7194,0.1542,0.0,0.0,1539,1211,0,0,-2.89,21.16,0.0,0.0,227,0.0,0.0,0.0,one,SR,1
0,4074,1370,0,0,17.5937,15.4759,0.3776,0.0,0.0,1692,945,0,0,2.1,17.4,0.0,0.0,13,0.0,0.0,0.0,one,SR,1
0,2347,99,0,0,17.6825,15.5258,0.3161,0.0,0.0,1227,1016,0,0,-3.68,18.41,0.0,0.0,71,0.0,0.0,0.0,one,SR,1
0,780,6151,0,0,17.5792,15.4666,0.3666,0.0,0.0,1620,949,0,0,1.3,17.46,0.0,0.0,17,0.0,0.0,0.0,one,SR,1
0,248,145,0,0,17.965,15.6922,0.1367,0.0,0.0,1689,1225,0,0,-1.49,21.36,0.0,0.0,241,0.0,0.0,0.0,one,SR,1
0,375,8319,0,0,17.6013,15.4798,0.3488,0.0,0.0,1143,968,0,0,-3.95,17.73,0.0,0.0,33,0.0,0.0,0.0,one,SR,1
0,3885,5654,0,0,17.6918,15.5232,0.294,0.0,0.0,1854,1040,0,0,2.6,18.75,0.0,0.0,92,0.0,0.0,0.0,one,SR,1
0,3870,9107,0,0,17.8613,15.6278,0.185,0.0,0.0,1746,1163,0,0,-0.1,20.48,0.0,0.0,192,0.0,0.0,0.0,one,SR,1
0,4370,1717,0,0,17.6224,15.4815,0.3299,0.0,0.0,1262,995,0,0,-3.05,18.11,0.0,0.0,56,0.0,0.0,0.0,one,SR,1
0,1370,9503,0,0,17.8836,15.6403,0.1707,0.0,0.0,2254,1180,0,0,5.01,20.73,0.0,0.0,206,0.0,0.0,0.0,one,SR,1
0,3300,8069,0,0,17.6303,15.4792,0.3289,0.0,0.0,1484,1003,0,0,-0.82,18.22,0.0,0.0,63,0.0,0.0,0.0,one,SR,1
0,239,5937,0,0,17.8633,15.61,0.1653,0.0,0.0,1398,1191,0,0,-4.11,20.88,0.0,0.0,217,0.0,0.0,0.0,one,SR,1
0,361,815,0,0,17.5155,15.3997,0.3713,0.0,0.0,1309,948,0,0,-1.96,17.44,0.0,0.0,21,0.0,0.0,0.0,one,SR,1
0,4584,9128,0,0,18.0089,15.6877,0.0706,0.0,0.0,2214,1306,0,0,2.99,22.51,0.0,0.0,312,0.0,0.0,0.0,one,SR,1
0,540,6912,0,0,17.7151,15.4978,0.2226,0.0,0.0,1590,1125,0,0,-1.26,19.95,0.0,0.0,168,0.0,0.0,0.0,one,SR,1
0,2672,1689,0,0,17.6455,15.4473,0.2459,0.0,0.0,1555,1095,0,0,-1.24,19.52,0.0,0.0,145,0.0,0.0,0.0,one,SR,1
0,3687,2094,0,0,17.3893,15.2835,0.3952,0.0,0.0,1205,924,0,0,-2.74,17.11,0.0,0.0,8,0.0,0.0,0.0,one,SR,1
0,1672,9864,0,0,17.9852,15.6379,0.0231,0.0,0.0,3210,1358,0,0,12.79,23.24,0.0,0.0,360,0.0,0.0,0.0,one,SR,1
0,756,4104,0,0,17.5379,15.3602,0.2806,0.0,0.0,2432,1056,0,0,8.46,18.97,0.0,0.0,117,0.0,0.0,0.0,one,SR,1
0,4216,478,0,0,17.4789,15.3211,0.3144,0.0,0.0,1999,1018,0,0,4.4,18.43,0.0,0.0,87,0.0,0.0,0.0,one,SR,1
0,3393,4660,0,0,17.3347,15.2375,0.3937,0.0,0.0,1922,919,0,0,4.85,17.03,0.0,0.0,7,0.0,0.0,0.0,one,SR,1
0,3470,7241,0,0,17.6411,15.4119,0.2146,0.0,0.0,1458,1139,0,0,-2.82,20.15,0.0,0.0,186,0.0,0.0,0.0,one,SR,1
0,2110,2745,0,0,17.4235,15.2816,0.3423,0.0,0.0,1905,987,0,0,3.81,18.0,0.0,0.0,63,0.0,0.0,0.0,one,SR,1
0,3263,7085,0,0,17.3777,15.2542,0.3692,0.0,0.0,2461,955,0,0,10.05,17.54,0.0,0.0,37,0.0,0.0,0.0,one,SR,1
0,2635,4563,0,0,17.4059,15.2716,0.3488,0.0,0.0,1985,977,0,0,4.77,17.85,0.0,0.0,55,0.0,0.0,0.0,one,SR,1
0,4461,982,0,0,17.3204,15.2054,0.3818,0.0,0.0,1172,940,0,0,-3.29,17.33,0.0,0.0,27,0.0,0.0,0.0,one,SR,1
0,645,4758,0,0,17.6493,15.4042,0.1726,0.0,0.0,1851,1180,0,0,0.78,20.73,0.0,0.0,222,0.0,0.0,0.0,one,SR,1
0,1357,7264,0,0,17.5363,15.3317,0.2226,0.0,0.0,1574,1116,0,0,-1.31,19.82,0.0,0.0,171,0.0,0.0,0.0,one,SR,1
0,1711,3030,0,0,17.3603,15.2175,0.3318,0.0,0.0,1166,995,0,0,-4.06,18.11,0.0,0.0,74,0.0,0.0,0.0,one,SR,1
0,3059,1326,0,0,17.4896,15.3011,0.2461,0.0,0.0,1872,1088,0,0,2.17,19.42,0.0,0.0,149,0.0,0.0,0.0,one,SR,1
0,3444,6608,0,0,17.3317,15.2003,0.3389,0.0,0.0,1658,982,0,0,1.28,17.93,0.0,0.0,64,0.0,0.0,0.0,one,SR,1
0,1019,7250,0,0,17.2032,15.1116,0.4066,0.0,0.0,1330,906,0,0,-1.2,16.85,0.0,0.0,4,0.0,0.0,0.0,one,SR,1
0,266,8622,0,0,17.5204,15.3067,0.2091,0.0,0.0,1908,1132,0,0,1.99,20.05,0.0,0.0,187,0.0,0.0,0.0,one,SR,1
0,3181,6149,0,0,17.4283,15.2312,0.2476,0.0,0.0,1181,1093,0,0,-5.15,19.5,0.0,0.0,158,0.0,0.0,0.0,one,SR,1
0,4230,3619,0,0,17.2725,15.13,0.3415,0.0,0.0,1249,988,0,0,-3.09,18.01,0.0,0.0,74,0.0,0.0,0.0,one,SR,1
0,2374,4195,0,0,17.3522,15.171,0.2755,0.0,0.0,1189,1062,0,0,-4.67,19.06,0.0,0.0,135,0.0,0.0,0.0,one,SR,1
0,3145,3995,0,0,17.6096,15.3298,0.1125,0.0,0.0,2211,1247,0,0,3.71,21.67,0.0,0.0,285,0.0,0.0,0.0,one,SR,1
0,2098,321,0,0,17.4938,15.2491,0.1779,0.0,0.0,1743,1176,0,0,-0.3,20.67,0.0,0.0,229,0.0,0.0,0.0,one,SR,1
0,2000,9908,0,0,17.3124,15.1337,0.2886,0.0,0.0,1608,1051,0,0,-0.13,18.9,0.0,0.0,128,0.0,0.0,0.0,one,SR,1
0,4694,8678,0,0,17.4454,15.2107,0.2018,0.0,0.0,2880,1152,0,0,11.94,20.33,0.0,0.0,211,0.0,0.0,0.0,one,SR,1
0,4221,4037,0,0,17.1962,15.0605,0.3375,0.0,0.0,1616,986,0,0,0.78,17.98,0.0,0.0,77,0.0,0.0,0.0,one,SR,1
0,1874,8159,0,0,17.2312,15.0786,0.3034,0.0,0.0,3312,1022,0,0,18.13,18.49,0.0,0.0,107,0.0,0.0,0.0,one,SR,1
0,3022,7703,0,0,17.1212,15.01,0.3639,0.0,0.0,2282,950,0,0,8.24,17.47,0.0,0.0,49,0.0,0.0,0.0,one,SR,1
0,4732,5487,0,0,17.4347,15.1911,0.1654,0.0,0.0,2236,1184,0,0,4.77,20.78,0.0,0.0,240,0.0,0.0,0.0,one,SR,1
0,4263,9656,0,0,17.575,15.2679,0.0819,0.0,0.0,2171,1288,0,0,2.77,22.25,0.0,0.0,325,0.0,0.0,0.0,one,SR,1
0,3799,7012,0,0,17.4438,15.1902,0.1556,0.0,0.0,1857,1198,0,0,0.62,20.98,0.0,0.0,252,0.0,0.0,0.0,one,SR,1
0,4037,690,0,0,17.3936,15.1527,0.1882,0.0,0.0,1743,1166,0,0,-0.17,20.53,0.0,0.0,227,0.0,0.0,0.0,one,SR,1
0,4253,3967,0,0,17.5146,15.219,0.1128,0.0,0.0,2338,1258,0,0,4.9,21.83,0.0,0.0,302,0.0,0.0,0.0,one,SR,1
0,2103,5828,0,0,17.0586,14.9531,0.3723,0.0,0.0,1471,940,0,0,-0.15,17.33,0.0,0.0,44,0.0,0.0,0.0,one,SR,1
0,316,6654,0,0,16.9803,14.9045,0.4204,0.0,0.0,1111,885,0,0,-3.23,16.55,0.0,0.0,0,0.0,0.0,0.0,one,SR,1
0,1952,2152,0,0,17.3621,15.1251,0.1985,0.0,0.0,1849,1156,0,0,1.07,20.39,0.0,0.0,220,0.0,0.0,0.0,one,SR,1
0,1173,1151,0,0,17.3613,15.1272,0.1841,0.0,0.0,2466,1164,0,0,7.44,20.5,0.0,0.0,227,0.0,0.0,0.0,one,SR,1
0,2074,8381,0,0,17.0176,14.9143,0.3942,0.0,0.0,1614,923,0,0,1.56,17.09,0.0,0.0,32,0.0,0.0,0.0,one,SR,1
0,1589,6276,0,0,16.9058,14.8213,0.4263,0.0,0.0,1475,887,0,0,0.56,16.58,0.0,0.0,7,0.0,0.0,0.0,one,SR,1
0,2396,7538,0,0,17.4723,15.1584,0.0859,0.0,0.0,2049,1290,0,0,1.46,22.28,0.0,0.0,334,0.0,0.0,0.0,one,SR,1
0,4089,6935,0,0,17.0766,14.9216,0.3186,0.0,0.0,1290,1013,0,0,-2.98,18.36,0.0,0.0,110,0.0,0.0,0.0,one,SR,1
0,2400,8633,0,0,16.9646,14.8601,0.3784,0.0,0.0,1110,935,0,0,-3.88,17.26,0.0,0.0,46,0.0,0.0,0.0,one,SR,1
0,3709,2981,0,0,17.4566,15.1396,0.072,0.0,0.0,2086,1302,0,0,1.7,22.45,0.0,0.0,346,0.0,0.0,0.0,one,SR,1
0,748,278,0,0,17.3594,15.0846,0.1245,0.0,0.0,2098,1235,0,0,2.68,21.5,0.0,0.0,291,0.0,0.0,0.0,one,SR,1
0,837,4849,0,0,16.8522,14.7721,0.4234,0.0,0.0,1793,886,0,0,3.92,16.57,0.0,0.0,10,0.0,0.0,0.0,one,SR,1
0,2003,5114,0,0,17.1272,14.9339,0.2579,0.0,0.0,4476,1083,0,0,29.58,19.35,0.0,0.0,170,0.0,0.0,0.0,one,SR,1
0,3225,6892,0,0,17.0844,14.9072,0.2673,0.0,0.0,1598,1065,0,0,-0.41,19.1,0.0,0.0,156,0.0,0.0,0.0,one,SR,1
0,1803,1681,0,0,16.8077,14.7367,0.4227,0.0,0.0,1650,880,0,0,2.49,16.48,0.0,0.0,7,0.0,0.0,0.0,one,SR,1
0,3252,5322,0,0,17.0238,14.8657,0.2906,0.0,0.0,2072,1035,0,0,4.95,18.67,0.0,0.0,133,0.0,0.0,0.0,one,SR,1
0,2575,8572,0,0,16.9329,14.795,0.3482,0.0,0.0,1948,980,0,0,4.35,17.9,0.0,0.0,90,0.0,0.0,0.0,one,SR,1
0,1456,8746,0,0,17.0818,14.8938,0.2469,0.0,0.0,3317,1087,0,0,17.36,19.41,0.0,0.0,176,0.0,0.0,0.0,one,SR,1
0,4706,4645,0,0,17.1147,14.9012,0.2329,0.0,0.0,1364,1115,0,0,-3.5,19.81,0.0,0.0,200,0.0,0.0,0.0,one,SR,1
0,3353,8376,0,0,16.7742,14.696,0.4356,0.0,0.0,2303,876,0,0,9.4,16.43,0.0,0.0,6,0.0,0.0,0.0,one,SR,1
0,527,3274,0,0,16.8743,14.7588,0.3669,0.0,0.0,1152,951,0,0,-3.64,17.49,0.0,0.0,67,0.0,0.0,0.0,one,SR,1
0,1507,9614,0,0,17.0207,14.8416,0.2833,0.0,0.0,1389,1055,0,0,-2.48,18.96,0.0,0.0,152,0.0,0.0,0.0,one,SR,1
0,3926,5,0,0,16.9396,14.7946,0.3284,0.0,0.0,1530,999,0,0,-0.28,18.17,0.0,0.0,106,0.0,0.0,0.0,one,SR,1
0,4550,7146,0,0,16.9075,14.7709,0.3455,0.0,0.0,2538,981,0,0,10.53,17.91,0.0,0.0,92,0.0,0.0,0.0,one,SR,1
0,4075,700,0,0,17.0582,14.8563,0.2453,0.0,0.0,1867,1098,0,0,1.99,19.57,0.0,0.0,188,0.0,0.0,0.0,one,SR,1
0,2343,851,0,0,16.7432,14.6658,0.432,0.0,0.0,1195,878,0,0,-2.26,16.45,0.0,0.0,10,0.0,0.0,0.0,one,SR,1
0,2284,6826,0,0,16.8639,14.7346,0.3608,0.0,0.0,3285,965,0,0,18.58,17.69,0.0,0.0,81,0.0,0.0,0.0,one,SR,1
0,4719,902,0,0,16.9583,14.7972,0.2908,0.0,0.0,1522,1037,0,0,-0.85,18.7,0.0,0.0,139,0.0,0.0,0.0,one,SR,1
0,4187,7258,0,0,16.8795,14.737,0.3415,0.0,0.0,1246,988,0,0,-3.13,18.01,0.0,0.0,101,0.0,0.0,0.0,one,SR,1
0,2579,8972,0,0,17.0449,14.8354,0.2388,0.0,0.0,2207,1108,0,0,5.44,19.71,0.0,0.0,198,0.0,0.0,0.0,one,SR,1
0,99,5868,0,0,16.8652,14.7253,0.3219,0.0,0.0,1279,1000,0,0,-2.93,18.18,0.0,0.0,112,0.0,0.0,0.0,one,SR,1
0,2553,9941,0,0,16.8649,14.7195,0.3232,0.0,0.0,1324,1003,0,0,-2.5,18.22,0.0,0.0,115,0.0,0.0,0.0,one,SR,1
0,1414,2151,0,0,16.68,14.6101,0.4244,0.0,0.0,1423,878,0,0,0.13,16.45,0.0,0.0,14,0.0,0.0,0.0,one,SR,1
0,1925,3994,0,0,16.7629,14.6464,0.3608,0.0,0.0,1618,956,0,0,1.19,17.56,0.0,0.0,79,0.0,0.0,0.0,one,SR,1
0,1160,517,0,0,16.8512,14.6992,0.3043,0.0,0.0,2250,1021,0,0,7.0,18.48,0.0,0.0,132,0.0,0.0,0.0,one,SR,1
0,2592,8551,0,0,16.6559,14.5812,0.4221,0.0,0.0,1136,883,0,0,-2.95,16.53,0.0,0.0,20,0.0,0.0,0.0,one,SR,1
0,2064,7887,0,0,17.309,14.9643,0.0361,0.0,0.0,2833,1347,0,0,8.97,23.09,0.0,0.0,397,0.0,0.0,0.0,one,SR,1
0,3440,5923,0,0,16.9007,14.7258,0.2707,0.0,0.0,1799,1061,0,0,1.75,19.04,0.0,0.0,165,0.0,0.0,0.0,one,SR,1
0,3221,7574,0,0,17.1871,14.892,0.0995,0.0,0.0,2005,1267,0,0,1.29,21.96,0.0,0.0,332,0.0,0.0,0.0,one,SR,1
0,992,3336,0,0,16.9551,14.7484,0.243,0.0,0.0,1560,1103,0,0,-1.29,19.64,0.0,0.0,200,0.0,0.0,0.0,one,SR,1
0,1230,3083,0,0,16.9851,14.7716,0.2188,0.0,0.0,1909,1125,0,0,2.09,19.95,0.0,0.0,217,0.0,0.0,0.0,one,SR,1
0,4458,1162,0,0,16.6074,14.5486,0.4359,0.0,0.0,1927,862,0,0,5.63,16.23,0.0,0.0,4,0.0,0.0,0.0,one,SR,1
0,475,31,0,0,16.9933,14.7675,0.2056,0.0,0.0,2100,1143,0,0,3.87,20.2,0.0,0.0,233,0.0,0.0,0.0,one,SR,1
0,1823,1885,0,0,16.618,14.5428,0.4212,0.0,0.0,1671,884,0,0,2.66,16.54,0.0,0.0,24,0.0,0.0,0.0,one,SR,1
0,1146,72,0,0,16.7986,14.6531,0.3091,0.0,0.0,1399,1013,0,0,-1.84,18.36,0.0,0.0,128,0.0,0.0,0.0,one,SR,1
0,395,2143,0,0,17.0258,14.7807,0.1726,0.0,0.0,1686,1180,0,0,-0.95,20.73,0.0,0.0,264,0.0,0.0,0.0,one,SR,1
0,990,68,0,0,16.6984,14.5754,0.37,0.0,0.0,1338,954,0,0,-1.73,17.53,0.0,0.0,82,0.0,0.0,0.0,one,SR,1
0,1766,4016,0,0,16.6699,14.5649,0.3776,0.0,0.0,1629,936,0,0,1.56,17.28,0.0,0.0,67,0.0,0.0,0.0,one,SR,1
0,4622,6344,0,0,16.576,14.4996,0.4337,0.0,0.0,1686,876,0,0,2.92,16.43,0.0,0.0,20,0.0,0.0,0.0,one,SR,1
0,4160,9994,0,0,16.7211,14.5843,0.3358,0.0,0.0,1645,988,0,0,1.06,18.01,0.0,0.0,111,0.0,0.0,0.0,one,SR,1
0,1663,4425,0,0,16.5754,14.4992,0.4151,0.0,0.0,1485,889,0,0,0.64,16.61,0.0,0.0,31,0.0,0.0,0.0,one,SR,1
0,4110,9876,0,0,16.7081,14.5774,0.3353,0.0,0.0,1349,984,0,0,-1.99,17.95,0.0,0.0,108,0.0,0.0,0.0,one,SR,1
0,4300,788,0,0,16.822,14.6374,0.2705,0.0,0.0,1594,1068,0,0,-0.49,19.14,0.0,0.0,177,0.0,0.0,0.0,one,SR,1
0,4701,9236,0,0,16.5862,14.498,0.3975,0.0,0.0,1238,910,0,0,-2.22,16.91,0.0,0.0,49,0.0,0.0,0.0,one,SR,1
0,726,8772,0,0,16.668,14.5329,0.3383,0.0,0.0,1570,985,0,0,0.31,17.97,0.0,0.0,112,0.0,0.0,0.0,one,SR,1
0,892,7354,0,0,16.5349,14.4473,0.3983,0.0,0.0,1689,909,0,0,2.53,16.89,0.0,0.0,52,0.0,0.0,0.0,one,SR,1
0,1424,5100,0,0,16.5761,14.4624,0.365,0.0,0.0,1346,951,0,0,-1.61,17.49,0.0,0.0,87,0.0,0.0,0.0,one,SR,1
0,2473,7821,0,0,16.6377,14.4995,0.3244,0.0,0.0,1446,997,0,0,-1.14,18.14,0.0,0.0,125,0.0,0.0,0.0,one,SR,1
0,4133,8919,0,0,16.61,14.4732,0.3499,0.0,0.0,1689,978,0,0,1.65,17.87,0.0,0.0,110,0.0,0.0,0.0,one,SR,1
0,2771,3222,0,0,16.6366,14.4952,0.315,0.0,0.0,1773,1006,0,0,2.18,18.26,0.0,0.0,133,0.0,0.0,0.0,one,SR,1
0,4496,2931,0,0,16.7401,14.5524,0.2566,0.0,0.0,1649,1080,0,0,-0.07,19.31,0.0,0.0,193,0.0,0.0,0.0,one,SR,1
0,3105,5164,0,0,16.5069,14.4121,0.3927,0.0,0.0,1691,918,0,0,2.44,17.02,0.0,0.0,62,0.0,0.0,0.0,one,SR,1
0,3795,6010,0,0,16.4895,14.3938,0.3866,0.0,0.0,1719,923,0,0,2.67,17.09,0.0,0.0,68,0.0,0.0,0.0,one,SR,1
0,2475,4296,0,0,16.3866,14.3204,0.4532,0.0,0.0,1081,855,0,0,-3.17,16.13,0.0,0.0,14,0.0,0.0,0.0,one,SR,1
0,162,3990,0,0,16.6365,14.4784,0.2906,0.0,0.0,1535,1035,0,0,-0.69,18.67,0.0,0.0,159,0.0,0.0,0.0,one,SR,1
0,1530,6673,0,0,16.3488,14.2939,0.4462,0.0,0.0,1398,852,0,0,0.2,16.09,0.0,0.0,13,0.0,0.0,0.0,one,SR,1
0,4415,4547,0,0,16.7026,14.5026,0.2293,0.0,0.0,1426,1108,0,0,-2.76,19.71,0.0,0.0,221,0.0,0.0,0.0,one,SR,1
0,1994,236,0,0,16.541,14.3958,0.3329,0.0,0.0,1385,996,0,0,-1.77,18.12,0.0,0.0,131,0.0,0.0,0.0,one,SR,1
0,4690,7670,0,0,16.7039,14.4909,0.2337,0.0,0.0,1760,1114,0,0,0.67,19.79,0.0,0.0,227,0.0,0.0,0.0,one,SR,1
0,4081,137,0,0,16.363,14.2933,0.42,0.0,0.0,1174,881,0,0,-2.52,16.5,0.0,0.0,38,0.0,0.0,0.0,one,SR,1
0,3369,3079,0,0,16.513,14.3682,0.3381,0.0,0.0,1742,992,0,0,2.03,18.07,0.0,0.0,129,0.0,0.0,0.0,one,SR,1
0,4951,5059,0,0,16.3458,14.2737,0.421,0.0,0.0,1167,882,0,0,-2.61,16.51,0.0,0.0,40,0.0,0.0,0.0,one,SR,1
0,4735,5395,0,0,16.5364,14.3757,0.3102,0.0,0.0,1599,1023,0,0,0.13,18.51,0.0,0.0,156,0.0,0.0,0.0,one,SR,1
0,611,1146,0,0,16.3317,14.2514,0.4278,0.0,0.0,1843,883,0,0,4.48,16.53,0.0,0.0,43,0.0,0.0,0.0,one,SR,1
0,2490,7356,0,0,16.4873,14.3455,0.3238,0.0,0.0,2109,1000,0,0,5.78,18.18,0.0,0.0,138,0.0,0.0,0.0,one,SR,1
0,3350,7579,0,0,16.3618,14.2665,0.3918,0.0,0.0,1098,919,0,0,-3.8,17.03,0.0,0.0,73,0.0,0.0,0.0,one,SR,1
0,2546,9193,0,0,16.46,14.3223,0.3297,0.0,0.0,1581,993,0,0,0.33,18.08,0.0,0.0,133,0.0,0.0,0.0,one,SR,1
0,4078,1832,0,0,16.5621,14.385,0.2629,0.0,0.0,1580,1068,0,0,-0.64,19.14,0.0,0.0,194,0.0,0.0,0.0,one,SR,1
0,1545,7793,0,0,16.4164,14.2931,0.3463,0.0,0.0,1643,971,0,0,1.26,17.77,0.0,0.0,116,0.0,0.0,0.0,one,SR,1
0,21,4179,0,0,16.453,14.3054,0.3154,0.0,0.0,1272,1010,0,0,-3.13,18.32,0.0,0.0,149,0.0,0.0,0.0,one,SR,1
0,3239,5795,0,0,16.3355,14.2318,0.3889,0.0,0.0,1549,927,0,0,0.83,17.15,0.0,0.0,82,0.0,0.0,0.0,one,SR,1
0,1192,9087,0,0,16.5339,14.3445,0.2682,0.0,0.0,1945,1073,0,0,3.13,19.21,0.0,0.0,201,0.0,0.0,0.0,one,SR,1
0,1148,7620,0,0,16.8821,14.5467,0.0592,0.0,0.0,2876,1324,0,0,9.71,22.76,0.0,0.0,405,0.0,0.0,0.0,one,SR,1
0,3086,5493,0,0,16.2476,14.1701,0.432,0.0,0.0,1095,878,0,0,-3.31,16.45,0.0,0.0,44,0.0,0.0,0.0,one,SR,1
0,2676,7011,0,0,16.4495,14.2965,0.2982,0.0,0.0,2187,1026,0,0,6.27,18.55,0.0,0.0,164,0.0,0.0,0.0,one,SR,1
0,2182,2958,0,0,16.2831,14.193,0.3994,0.0,0.0,1568,910,0,0,1.25,16.91,0.0,0.0,70,0.0,0.0,0.0,one,SR,1
0,4087,9808,0,0,16.4275,14.2668,0.2961,0.0,0.0,1686,1033,0,0,0.92,18.65,0.0,0.0,172,0.0,0.0,0.0,one,SR,1
0,1136,6782,0,0,16.1472,14.1039,0.4586,0.0,0.0,1175,835,0,0,-1.92,15.85,0.0,0.0,11,0.0,0.0,0.0,one,SR,1
0,2251,2725,0,0,16.3653,14.2325,0.3276,0.0,0.0,1849,991,0,0,3.17,18.05,0.0,0.0,138,0.0,0.0,0.0,one,SR,1
0,1991,1674,0,0,16.1307,14.0901,0.4672,0.0,0.0,2408,827,0,0,11.12,15.73,0.0,0.0,5,0.0,0.0,0.0,one,SR,1
0,933,9595,0,0,16.5276,14.3227,0.2314,0.0,0.0,1615,1110,0,0,-0.8,19.74,0.0,0.0,235,0.0,0.0,0.0,one,SR,1
0,2386,5492,0,0,16.3836,14.2385,0.3143,0.0,0.0,1437,1009,0,0,-1.39,18.31,0.0,0.0,153,0.0,0.0,0.0,one,SR,1
0,3913,9708,0,0,16.1432,14.0826,0.4519,0.0,0.0,1576,852,0,0,2.07,16.09,0.0,0.0,27,0.0,0.0,0.0,one,SR,1
0,2317,3762,0,0,16.1028,14.0554,0.4712,0.0,0.0,1910,829,0,0,5.87,15.76,0.0,0.0,9,0.0,0.0,0.0,one,SR,1
0,4503,6818,0,0,16.2739,14.154,0.3698,0.0,0.0,1187,952,0,0,-3.29,17.5,0.0,0.0,109,0.0,0.0,0.0,one,SR,1
0,1007,9071,0,0,16.2196,14.1173,0.4003,0.0,0.0,1110,918,0,0,-3.66,17.02,0.0,0.0,82,0.0,0.0,0.0,one,SR,1
0,2620,7982,0,0,16.4443,14.2474,0.2573,0.0,0.0,2651,1086,0,0,10.38,19.4,0.0,0.0,219,0.0,0.0,0.0,one,SR,1
0,355,5119,0,0,16.2762,14.1505,0.3473,0.0,0.0,1412,972,0,0,-1.18,17.78,0.0,0.0,127,0.0,0.0,0.0,one,SR,1
0,4126,8734,0,0,16.2076,14.1058,0.387,0.0,0.0,1830,927,0,0,3.78,17.15,0.0,0.0,91,0.0,0.0,0.0,one,SR,1
0,257,9885,0,0,16.4763,14.2546,0.2115,0.0,0.0,1579,1136,0,0,-1.51,20.1,0.0,0.0,262,0.0,0.0,0.0,one,SR,1
0,1729,6840,0,0,16.014,13.9784,0.4792,0.0,0.0,1399,815,0,0,0.68,15.56,0.0,0.0,2,0.0,0.0,0.0,one,SR,1
0,238,8406,0,0,16.2634,14.1178,0.3135,0.0,0.0,1381,1010,0,0,-1.99,18.32,0.0,0.0,162,0.0,0.0,0.0,one,SR,1
0,448,1804,0,0,16.0666,13.9834,0.4236,0.0,0.0,1509,888,0,0,0.91,16.6,0.0,0.0,65,0.0,0.0,0.0,one,SR,1
0,1993,1889,0,0,16.2161,14.074,0.3326,0.0,0.0,1933,994,0,0,4.01,18.1,0.0,0.0,151,0.0,0.0,0.0,one,SR,1
0,612,6448,0,0,16.0309,13.9566,0.4132,0.0,0.0,1246,889,0,0,-1.87,16.61,0.0,0.0,68,0.0,0.0,0.0,one,SR,1
0,3106,4702,0,0,15.9982,13.9266,0.4219,0.0,0.0,1692,881,0,0,2.92,16.5,0.0,0.0,63,0.0,0.0,0.0,one,SR,1
0,3574,3953,0,0,15.9508,13.8834,0.4374,0.0,0.0,2016,867,0,0,6.5,16.3,0.0,0.0,54,0.0,0.0,0.0,one,SR,1
0,3924,6615,0,0,16.0659,13.9517,0.3641,0.0,0.0,1190,952,0,0,-3.26,17.5,0.0,0.0,123,0.0,0.0,0.0,one,SR,1
0,3314,6447,0,0,16.2889,14.0807,0.2219,0.0,0.0,1808,1119,0,0,1.11,19.86,0.0,0.0,259,0.0,0.0,0.0,one,SR,1
0,3370,3537,0,0,16.2284,14.04,0.2602,0.0,0.0,1839,1078,0,0,1.95,19.28,0.0,0.0,226,0.0,0.0,0.0,one,SR,1
0,1445,5441,0,0,15.9139,13.8483,0.4399,0.0,0.0,1960,864,0,0,5.95,16.26,0.0,0.0,54,0.0,0.0,0.0,one,SR,1
0,573,1778,0,0,15.9578,13.8675,0.4038,0.0,0.0,1576,907,0,0,1.37,16.86,0.0,0.0,90,0.0,0.0,0.0,one,SR,1
0,1030,718,0,0,15.7825,13.7389,0.4815,0.0,0.0,1378,819,0,0,0.41,15.62,0.0,0.0,22,0.0,0.0,0.0,one,SR,1
0,53,8146,0,0,15.993,13.8605,0.3513,0.0,0.0,2138,974,0,0,6.42,17.81,0.0,0.0,148,0.0,0.0,0.0,one,SR,1
0,1244,2370,0,0,16.0951,13.9232,0.2845,0.0,0.0,1719,1049,0,0,1.06,18.87,0.0,0.0,209,0.0,0.0,0.0,one,SR,1
0,2270,5039,0,0,15.7516,13.7154,0.4784,0.0,0.0,1137,816,0,0,-2.08,15.58,0.0,0.0,21,0.0,0.0,0.0,one,SR,1
0,2668,4917,0,0,15.8612,13.7759,0.4017,0.0,0.0,1255,905,0,0,-1.98,16.84,0.0,0.0,94,0.0,0.0,0.0,one,SR,1
0,4785,9426,0,0,16.1923,13.9677,0.2073,0.0,0.0,1820,1141,0,0,0.95,20.17,0.0,0.0,286,0.0,0.0,0.0,one,SR,1
0,298,9957,0,0,15.8633,13.7756,0.3983,0.0,0.0,2240,909,0,0,8.32,16.89,0.0,0.0,98,0.0,0.0,0.0,one,SR,1
0,3485,4437,0,0,15.7456,13.7016,0.4622,0.0,0.0,1126,833,0,0,-2.41,15.82,0.0,0.0,37,0.0,0.0,0.0,one,SR,1
0,4446,9409,0,0,15.9955,13.8402,0.3133,0.0,0.0,1609,1017,0,0,0.32,18.42,0.0,0.0,187,0.0,0.0,0.0,one,SR,1
0,3611,4958,0,0,15.6922,13.6673,0.4855,0.0,0.0,1367,803,0,0,0.5,15.39,0.0,0.0,13,0.0,0.0,0.0,one,SR,1
0,1974,9196,0,0,16.0955,13.8965,0.2495,0.0,0.0,1654,1093,0,0,-0.18,19.5,0.0,0.0,249,0.0,0.0,0.0,one,SR,1
0,190,3219,0,0,15.717,13.6697,0.4668,0.0,0.0,1918,832,0,0,5.91,15.8,0.0,0.0,38,0.0,0.0,0.0,one,SR,1
0,1798,9750,0,0,15.6444,13.6255,0.5036,0.0,0.0,1686,786,0,0,4.06,15.15,0.0,0.0,1,0.0,0.0,0.0,one,SR,1
0,1872,5601,0,0,15.9715,13.81,0.2997,0.0,0.0,1913,1031,0,0,3.33,18.62,0.0,0.0,201,0.0,0.0,0.0,one,SR,1
0,3976,2741,0,0,15.6473,13.62,0.4821,0.0,0.0,1394,807,0,0,0.73,15.45,0.0,0.0,20,0.0,0.0,0.0,one,SR,1
0,866,8307,0,0,15.8876,13.7541,0.3452,0.0,0.0,1329,979,0,0,-2.14,17.88,0.0,0.0,160,0.0,0.0,0.0,one,SR,1
0,3464,7260,0,0,16.0657,13.8611,0.2367,0.0,0.0,1715,1106,0,0,0.3,19.68,0.0,0.0,263,0.0,0.0,0.0,one,SR,1
0,4751,77,0,0,15.7973,13.695,0.4003,0.0,0.0,1597,918,0,0,1.45,17.02,0.0,0.0,111,0.0,0.0,0.0,one,SR,1
0,1921,2462,0,0,15.8602,13.7328,0.3589,0.0,0.0,3297,965,0,0,18.7,17.69,0.0,0.0,149,0.0,0.0,0.0,one,SR,1
0,3489,3,0,0,15.9668,13.7927,0.2953,0.0,0.0,2506,1043,0,0,9.4,18.79,0.0,0.0,213,0.0,0.0,0.0,one,SR,1
0,533,4052,0,0,15.6841,13.6162,0.4507,0.0,0.0,1369,858,0,0,-0.18,16.17,0.0,0.0,64,0.0,0.0,0.0,one,SR,1
0,3839,8449,0,0,15.5843,13.5655,0.4991,0.0,0.0,1450,789,0,0,1.55,15.2,0.0,0.0,8,0.0,0.0,0.0,one,SR,1
0,2080,8017,0,0,15.7843,13.679,0.382,0.0,0.0,1914,933,0,0,4.59,17.23,0.0,0.0,125,0.0,0.0,0.0,one,SR,1
0,4825,2749,0,0,15.8238,13.7025,0.3585,0.0,0.0,1322,961,0,0,-1.98,17.63,0.0,0.0,148,0.0,0.0,0.0,one,SR,1
0,4028,6466,0,0,15.6072,13.5666,0.4672,0.0,0.0,1520,827,0,0,1.8,15.73,0.0,0.0,41,0.0,0.0,0.0,one,SR,1
0,3384,6833,0,0,15.5705,13.5383,0.4842,0.0,0.0,1298,809,0,0,-0.3,15.48,0.0,0.0,27,0.0,0.0,0.0,one,SR,1
0,953,4177,0,0,15.5904,13.5456,0.4658,0.0,0.0,1494,831,0,0,1.48,15.79,0.0,0.0,46,0.0,0.0,0.0,one,SR,1
0,1561,5909,0,0,16.2893,13.9547,0.0557,0.0,0.0,4056,1326,0,0,22.08,22.79,0.0,0.0,447,0.0,0.0,0.0,one,SR,1
0,2744,843,0,0,15.5812,13.5237,0.4658,0.0,0.0,1510,840,0,0,1.53,15.92,0.0,0.0,55,0.0,0.0,0.0,one,SR,1
0,4000,7325,0,0,15.6914,13.5889,0.3906,0.0,0.0,1678,925,0,0,2.21,17.12,0.0,0.0,124,0.0,0.0,0.0,one,SR,1
0,4738,8762,0,0,15.5898,13.5168,0.4431,0.0,0.0,1257,867,0,0,-1.47,16.3,0.0,0.0,79,0.0,0.0,0.0,one,SR,1
0,1042,6986,0,0,15.4613,13.4488,0.5084,0.0,0.0,1756,778,0,0,4.9,15.04,0.0,0.0,6,0.0,0.0,0.0,one,SR,1
0,2503,1872,0,0,15.5975,13.5282,0.4252,0.0,0.0,1366,877,0,0,-0.45,16.44,0.0,0.0,87,0.0,0.0,0.0,one,SR,1
0,686,3422,0,0,15.4472,13.4331,0.52,0.0,0.0,1070,771,0,0,-2.21,14.94,0.0,0.0,1,0.0,0.0,0.0,one,SR,1
0,1089,4938,0,0,15.6675,13.5608,0.3891,0.0,0.0,2779,929,0,0,13.72,17.18,0.0,0.0,130,0.0,0.0,0.0,one,SR,1
0,3026,4500,0,0,15.5004,13.4671,0.4826,0.0,0.0,1109,811,0,0,-2.31,15.51,0.0,0.0,34,0.0,0.0,0.0,one,SR,1
0,4939,7419,0,0,15.7741,13.6115,0.3121,0.0,0.0,2066,1023,0,0,5.04,18.51,0.0,0.0,208,0.0,0.0,0.0,one,SR,1
0,4943,7490,0,0,15.4961,13.446,0.4626,0.0,0.0,1652,837,0,0,3.06,15.88,0.0,0.0,58,0.0,0.0,0.0,one,SR,1
0,333,5560,0,0,15.8854,13.673,0.2346,0.0,0.0,2864,1113,0,0,12.27,19.78,0.0,0.0,282,0.0,0.0,0.0,one,SR,1
0,326,7033,0,0,15.3969,13.3858,0.5197,0.0,0.0,1558,769,0,0,2.94,14.91,0.0,0.0,3,0.0,0.0,0.0,one,SR,1
0,564,6692,0,0,15.6186,13.5129,0.3767,0.0,0.0,1448,937,0,0,-0.36,17.29,0.0,0.0,140,0.0,0.0,0.0,one,SR,1
0,265,1952,0,0,15.4529,13.4072,0.4738,0.0,0.0,1860,826,0,0,5.38,15.72,0.0,0.0,51,0.0,0.0,0.0,one,SR,1
0,1480,1649,0,0,15.6096,13.4983,0.3824,0.0,0.0,3596,937,0,0,22.2,17.29,0.0,0.0,141,0.0,0.0,0.0,one,SR,1
0,2686,1290,0,0,15.5151,13.4473,0.4322,0.0,0.0,1206,871,0,0,-2.06,16.36,0.0,0.0,87,0.0,0.0,0.0,one,SR,1
0,4281,886,0,0,15.4457,13.4055,0.4725,0.0,0.0,1070,823,0,0,-2.87,15.68,0.0,0.0,48,0.0,0.0,0.0,one,SR,1
0,2775,6162,0,0,15.65,13.5166,0.3408,0.0,0.0,2047,982,0,0,5.36,17.93,0.0,0.0,179,0.0,0.0,0.0,one,SR,1
0,3258,8122,0,0,15.3682,13.3427,0.4846,0.0,0.0,1917,804,0,0,6.26,15.41,0.0,0.0,36,0.0,0.0,0.0,one,SR,1
0,3469,2901,0,0,15.6097,13.4784,0.3345,0.0,0.0,2575,985,0,0,10.87,17.97,0.0,0.0,184,0.0,0.0,0.0,one,SR,1
0,4644,1984,0,0,15.5799,13.4601,0.3513,0.0,0.0,1898,965,0,0,4.01,17.69,0.0,0.0,168,0.0,0.0,0.0,one,SR,1
0,4457,238,0,0,15.3295,13.3084,0.4958,0.0,0.0,1293,793,0,0,-0.15,15.25,0.0,0.0,29,0.0,0.0,0.0,one,SR,1
0,1199,6192,0,0,15.2884,13.2836,0.5149,0.0,0.0,1282,768,0,0,0.05,14.9,0.0,0.0,9,0.0,0.0,0.0,one,SR,1
0,4695,716,0,0,15.8233,13.5933,0.19,0.0,0.0,3898,1157,0,0,22.57,20.4,0.0,0.0,325,0.0,0.0,0.0,one,SR,1
0,2838,8280,0,0,15.5765,13.4368,0.3457,0.0,0.0,1630,983,0,0,0.97,17.94,0.0,0.0,185,0.0,0.0,0.0,one,SR,1
0,1112,884,0,0,15.3843,13.3201,0.4513,0.0,0.0,1964,855,0,0,6.11,16.13,0.0,0.0,82,0.0,0.0,0.0,one,SR,1
0,662,1442,0,0,15.2419,13.2346,0.5159,0.0,0.0,1169,769,0,0,-1.15,14.91,0.0,0.0,13,0.0,0.0,0.0,one,SR,1
0,4884,1826,0,0,15.7318,13.5156,0.2243,0.0,0.0,2932,1123,0,0,12.86,19.92,0.0,0.0,301,0.0,0.0,0.0,one,SR,1
0,3448,8792,0,0,15.2119,13.201,0.5153,0.0,0.0,1408,772,0,0,1.32,14.96,0.0,0.0,18,0.0,0.0,0.0,one,SR,1
0,4489,9536,0,0,15.4195,13.3274,0.3872,0.0,0.0,1921,920,0,0,4.83,17.05,0.0,0.0,138,0.0,0.0,0.0,one,SR,1
0,1376,1167,0,0,15.4368,13.33,0.375,0.0,0.0,1224,939,0,0,-2.73,17.32,0.0,0.0,154,0.0,0.0,0.0,one,SR,1
0,4731,7705,0,0,15.6742,13.4681,0.2297,0.0,0.0,2291,1112,0,0,6.27,19.76,0.0,0.0,295,0.0,0.0,0.0,one,SR,1
0,3377,5506,0,0,15.3466,13.2763,0.4191,0.0,0.0,1347,882,0,0,-0.72,16.51,0.0,0.0,108,0.0,0.0,0.0,one,SR,1
0,2548,8419,0,0,15.2351,13.2079,0.4821,0.0,0.0,1901,807,0,0,6.05,15.45,0.0,0.0,48,0.0,0.0,0.0,one,SR,1
0,1436,86,0,0,15.2524,13.212,0.4769,0.0,0.0,1370,820,0,0,0.31,15.63,0.0,0.0,59,0.0,0.0,0.0,one,SR,1
0,3554,2039,0,0,15.7349,13.4932,0.1917,0.0,0.0,2248,1164,0,0,5.15,20.5,0.0,0.0,338,0.0,0.0,0.0,one,SR,1
0,1718,6744,0,0,15.1448,13.1406,0.5298,0.0,0.0,1613,757,0,0,3.67,14.74,0.0,0.0,9,0.0,0.0,0.0,one,SR,1
0,2985,1008,0,0,15.1825,13.1559,0.4971,0.0,0.0,1197,796,0,0,-1.2,15.3,0.0,0.0,42,0.0,0.0,0.0,one,SR,1
0,411,4023,0,0,15.7208,13.4686,0.181,0.0,0.0,2143,1179,0,0,3.86,20.71,0.0,0.0,353,0.0,0.0,0.0,one,SR,1
0,3459,8807,0,0,15.6911,13.4393,0.1722,0.0,0.0,2901,1185,0,0,11.74,20.8,0.0,0.0,360,0.0,0.0,0.0,one,SR,1
0,2094,3937,0,0,15.3039,13.2036,0.394,0.0,0.0,1567,921,0,0,1.1,17.06,0.0,0.0,147,0.0,0.0,0.0,one,SR,1
0,1291,3580,0,0,15.1826,13.1294,0.4487,0.0,0.0,1457,849,0,0,0.86,16.04,0.0,0.0,90,0.0,0.0,0.0,one,SR,1
0,4001,9075,0,0,15.0597,13.0478,0.5233,0.0,0.0,1102,767,0,0,-1.83,14.89,0.0,0.0,24,0.0,0.0,0.0,one,SR,1
0,2035,2542,0,0,15.0824,13.0589,0.5109,0.0,0.0,1534,784,0,0,2.49,15.13,0.0,0.0,38,0.0,0.0,0.0,one,SR,1
0,2024,5852,0,0,15.0819,13.0446,0.4908,0.0,0.0,1401,808,0,0,0.79,15.47,0.0,0.0,60,0.0,0.0,0.0,one,SR,1
0,4356,6742,0,0,15.5883,13.3453,0.1804,0.0,0.0,2192,1173,0,0,4.45,20.63,0.0,0.0,356,0.0,0.0,0.0,one,SR,1
0,2205,3289,0,0,15.1336,13.0686,0.4549,0.0,0.0,1172,853,0,0,-2.19,16.1,0.0,0.0,97,0.0,0.0,0.0,one,SR,1
0,3726,5971,0,0,15.1916,13.1105,0.4032,0.0,0.0,1565,901,0,0,1.33,16.78,0.0,0.0,136,0.0,0.0,0.0,one,SR,1
0,4912,2609,0,0,15.1024,13.0476,0.4559,0.0,0.0,1371,845,0,0,0.01,15.99,0.0,0.0,92,0.0,0.0,0.0,one,SR,1
0,4115,7398,0,0,14.9667,12.9665,0.5357,0.0,0.0,1281,750,0,0,0.27,14.64,0.0,0.0,15,0.0,0.0,0.0,one,SR,1
0,2433,3699,0,0,15.1062,13.0462,0.4528,0.0,0.0,1491,851,0,0,1.19,16.07,0.0,0.0,97,0.0,0.0,0.0,one,SR,1
0,4029,3676,0,0,15.121,13.0515,0.4296,0.0,0.0,2678,874,0,0,13.36,16.4,0.0,0.0,117,0.0,0.0,0.0,one,SR,1
0,196,6205,0,0,15.1764,13.076,0.3984,0.0,0.0,1330,918,0,0,-1.35,17.02,0.0,0.0,153,0.0,0.0,0.0,one,SR,1
0,862,1965,0,0,14.9946,12.976,0.4947,0.0,0.0,1706,792,0,0,4.2,15.24,0.0,0.0,51,0.0,0.0,0.0,one,SR,1
0,4219,3766,0,0,15.055,13.0088,0.4544,0.0,0.0,1297,840,0,0,-0.71,15.92,0.0,0.0,90,0.0,0.0,0.0,one,SR,1
0,1290,2255,0,0,14.9597,12.94,0.5071,0.0,0.0,1207,784,0,0,-0.94,15.13,0.0,0.0,46,0.0,0.0,0.0,one,SR,1
0,1305,5145,0,0,14.9721,12.9471,0.4855,0.0,0.0,1403,803,0,0,0.88,15.39,0.0,0.0,62,0.0,0.0,0.0,one,SR,1
0,2654,9288,0,0,15.1943,13.0583,0.3463,0.0,0.0,1488,980,0,0,-0.48,17.9,0.0,0.0,208,0.0,0.0,0.0,one,SR,1
0,213,1968,0,0,15.1146,13.0128,0.3729,0.0,0.0,1526,937,0,0,0.46,17.29,0.0,0.0,174,0.0,0.0,0.0,one,SR,1
0,503,5623,0,0,15.1879,13.0533,0.325,0.0,0.0,1841,994,0,0,3.04,18.1,0.0,0.0,221,0.0,0.0,0.0,one,SR,1
0,4606,7803,0,0,15.1973,13.0441,0.3211,0.0,0.0,1785,1010,0,0,2.25,18.32,0.0,0.0,235,0.0,0.0,0.0,one,SR,1
0,4453,8964,0,0,14.9459,12.8891,0.4622,0.0,0.0,1470,842,0,0,1.08,15.95,0.0,0.0,100,0.0,0.0,0.0,one,SR,1
0,2784,9082,0,0,15.0907,12.9761,0.373,0.0,0.0,1669,946,0,0,1.85,17.42,0.0,0.0,184,0.0,0.0,0.0,one,SR,1
0,1611,7350,0,0,15.0463,12.9441,0.3959,0.0,0.0,2016,921,0,0,5.81,17.06,0.0,0.0,165,0.0,0.0,0.0,one,SR,1
0,372,261,0,0,14.765,12.778,0.555,0.0,0.0,1090,727,0,0,-1.44,14.32,0.0,0.0,8,0.0,0.0,0.0,one,SR,1
0,57,8073,0,0,15.0297,12.9295,0.394,0.0,0.0,1260,921,0,0,-2.13,17.06,0.0,0.0,166,0.0,0.0,0.0,one,SR,1
0,1292,2212,0,0,14.7791,12.7774,0.5288,0.0,0.0,1331,756,0,0,0.72,14.73,0.0,0.0,33,0.0,0.0,0.0,one,SR,1
0,1387,5159,0,0,14.8405,12.8136,0.4874,0.0,0.0,1181,803,0,0,-1.45,15.39,0.0,0.0,71,0.0,0.0,0.0,one,SR,1
0,4953,2452,0,0,14.9582,12.8736,0.4263,0.0,0.0,1405,887,0,0,-0.17,16.58,0.0,0.0,140,0.0,0.0,0.0,one,SR,1
0,2435,1886,0,0,14.8578,12.8106,0.4809,0.0,0.0,1247,822,0,0,-1.0,15.66,0.0,0.0,88,0.0,0.0,0.0,one,SR,1
0,1178,4858,0,0,15.0347,12.9207,0.3597,0.0,0.0,3632,955,0,0,22.35,17.54,0.0,0.0,196,0.0,0.0,0.0,one,SR,1
0,1260,4312,0,0,15.0212,12.9028,0.3768,0.0,0.0,1351,946,0,0,-1.49,17.42,0.0,0.0,189,0.0,0.0,0.0,one,SR,1
0,4155,8825,0,0,14.7635,12.7431,0.5107,0.0,0.0,1291,782,0,0,-0.03,15.1,0.0,0.0,58,0.0,0.0,0.0,one,SR,1
0,4243,4031,0,0,14.8784,12.8109,0.4277,0.0,0.0,1298,874,0,0,-1.13,16.4,0.0,0.0,133,0.0,0.0,0.0,one,SR,1
0,896,6404,0,0,14.7165,12.6974,0.5221,0.0,0.0,1883,773,0,0,6.3,14.97,0.0,0.0,53,0.0,0.0,0.0,one,SR,1
0,1231,7351,0,0,14.6793,12.6848,0.53,0.0,0.0,1386,750,0,0,1.37,14.64,0.0,0.0,34,0.0,0.0,0.0,one,SR,1
0,2923,3856,0,0,14.7554,12.7211,0.4765,0.0,0.0,1253,816,0,0,-0.86,15.58,0.0,0.0,89,0.0,0.0,0.0,one,SR,1
0,4479,6156,0,0,14.8153,12.75,0.4452,0.0,0.0,1362,860,0,0,-0.28,16.2,0.0,0.0,125,0.0,0.0,0.0,one,SR,1
0,897,1367,0,0,14.7393,12.6976,0.4796,0.0,0.0,1757,819,0,0,4.39,15.62,0.0,0.0,93,0.0,0.0,0.0,one,SR,1
0,3919,9775,0,0,14.6351,12.6337,0.5199,0.0,0.0,2049,762,0,0,8.18,14.81,0.0,0.0,48,0.0,0.0,0.0,one,SR,1
0,2728,5206,0,0,14.6553,12.6398,0.5086,0.0,0.0,1164,780,0,0,-1.34,15.07,0.0,0.0,63,0.0,0.0,0.0,one,SR,1
0,3140,183,0,0,14.8314,12.7343,0.4078,0.0,0.0,2421,909,0,0,10.22,16.89,0.0,0.0,169,0.0,0.0,0.0,one,SR,1
0,2211,731,0,0,14.571,12.5854,0.5523,0.0,0.0,1407,728,0,0,1.87,14.33,0.0,0.0,22,0.0,0.0,0.0,one,SR,1
0,4438,3012,0,0,14.572,12.5819,0.5552,0.0,0.0,1726,729,0,0,5.21,14.35,0.0,0.0,23,0.0,0.0,0.0,one,SR,1
0,1127,9005,0,0,14.5117,12.5222,0.5561,0.0,0.0,1474,728,0,0,2.58,14.33,0.0,0.0,26,0.0,0.0,0.0,one,SR,1
0,3271,4896,0,0,14.6464,12.5986,0.466,0.0,0.0,1367,833,0,0,0.12,15.82,0.0,0.0,112,0.0,0.0,0.0,one,SR,1
0,4840,9293,0,0,14.512,12.5131,0.5471,0.0,0.0,1488,741,0,0,2.56,14.52,0.0,0.0,38,0.0,0.0,0.0,one,SR,1
0,3729,7054,0,0,15.0154,12.8177,0.2326,0.0,0.0,2493,1104,0,0,8.49,19.65,0.0,0.0,332,0.0,0.0,0.0,one,SR,1
0,4330,7492,0,0,14.5568,12.5349,0.4994,0.0,0.0,1546,791,0,0,2.53,15.22,0.0,0.0,80,0.0,0.0,0.0,one,SR,1
0,2995,2471,0,0,14.6545,12.5868,0.4463,0.0,0.0,1541,861,0,0,1.59,16.21,0.0,0.0,137,0.0,0.0,0.0,one,SR,1
0,4604,9906,0,0,14.4605,12.4627,0.5532,0.0,0.0,1220,736,0,0,-0.19,14.45,0.0,0.0,37,0.0,0.0,0.0,one,SR,1
0,3851,7609,0,0,14.5793,12.521,0.4553,0.0,0.0,1569,848,0,0,2.05,16.03,0.0,0.0,130,0.0,0.0,0.0,one,SR,1
0,2993,1796,0,0,14.5348,12.4893,0.4834,0.0,0.0,1633,819,0,0,3.09,15.62,0.0,0.0,107,0.0,0.0,0.0,one,SR,1
0,2997,5554,0,0,14.4318,12.4359,0.5327,0.0,0.0,1254,749,0,0,-0.0,14.63,0.0,0.0,50,0.0,0.0,0.0,one,SR,1
0,1399,6631,0,0,14.4113,12.4226,0.5384,0.0,0.0,1221,740,0,0,-0.23,14.5,0.0,0.0,43,0.0,0.0,0.0,one,SR,1
0,907,6508,0,0,14.469,12.4472,0.5135,0.0,0.0,1707,781,0,0,4.35,15.08,0.0,0.0,77,0.0,0.0,0.0,one,SR,1
0,2079,2612,0,0,14.8093,12.6446,0.3043,0.0,0.0,1820,1030,0,0,2.37,18.6,0.0,0.0,280,0.0,0.0,0.0,one,SR,1
0,1834,6813,0,0,14.5003,12.465,0.4704,0.0,0.0,1694,821,0,0,3.7,15.65,0.0,0.0,111,0.0,0.0,0.0,one,SR,1
0,1875,9291,0,0,14.5508,12.4948,0.4401,0.0,0.0,1816,857,0,0,4.53,16.16,0.0,0.0,140,0.0,0.0,0.0,one,SR,1
0,1100,8350,0,0,14.5324,12.4668,0.454,0.0,0.0,1688,854,0,0,3.22,16.12,0.0,0.0,139,0.0,0.0,0.0,one,SR,1
0,590,2947,0,0,14.5723,12.4895,0.4288,0.0,0.0,2466,884,0,0,11.01,16.54,0.0,0.0,164,0.0,0.0,0.0,one,SR,1
0,4973,2527,0,0,14.8238,12.6485,0.2654,0.0,0.0,2187,1065,0,0,5.77,19.1,0.0,0.0,310,0.0,0.0,0.0,one,SR,1
0,3608,846,0,0,14.3251,12.3455,0.5659,0.0,0.0,1516,714,0,0,3.2,14.14,0.0,0.0,26,0.0,0.0,0.0,one,SR,1
0,2964,6164,0,0,14.5228,12.4526,0.4332,0.0,0.0,1212,872,0,0,-2.01,16.37,0.0,0.0,156,0.0,0.0,0.0,one,SR,1
0,2975,6870,0,0,14.5672,12.4711,0.4095,0.0,0.0,1405,907,0,0,-0.43,16.86,0.0,0.0,185,0.0,0.0,0.0,one,SR,1
0,4299,7058,0,0,14.6932,12.5458,0.3251,0.0,0.0,1860,1003,0,0,3.13,18.22,0.0,0.0,263,0.0,0.0,0.0,one,SR,1
0,1486,2603,0,0,14.3367,12.3335,0.5359,0.0,0.0,1821,752,0,0,5.91,14.67,0.0,0.0,60,0.0,0.0,0.0,one,SR,1
0,3046,4530,0,0,14.3118,12.3166,0.5477,0.0,0.0,1136,738,0,0,-1.1,14.48,0.0,0.0,49,0.0,0.0,0.0,one,SR,1
0,783,1436,0,0,14.3409,12.3149,0.512,0.0,0.0,1744,785,0,0,4.69,15.14,0.0,0.0,90,0.0,0.0,0.0,one,SR,1
0,4148,162,0,0,14.5836,12.4602,0.3648,0.0,0.0,1511,958,0,0,0.04,17.59,0.0,0.0,230,0.0,0.0,0.0,one,SR,1
0,3632,1590,0,0,14.3982,12.3372,0.4608,0.0,0.0,3001,846,0,0,17.11,16.0,0.0,0.0,141,0.0,0.0,0.0,one,SR,1
0,3892,127,0,0,14.4587,12.3607,0.3973,0.0,0.0,2005,917,0,0,5.75,17.01,0.0,0.0,201,0.0,0.0,0.0,one,SR,1
0,1876,180,0,0,14.2122,12.2086,0.5448,0.0,0.0,1223,746,0,0,-0.29,14.59,0.0,0.0,63,0.0,0.0,0.0,one,SR,1
0,939,6847,0,0,14.3124,12.2783,0.472,0.0,0.0,1432,819,0,0,0.98,15.62,0.0,0.0,122,0.0,0.0,0.0,one,SR,1
0,3679,7217,0,0,14.2132,12.2099,0.5218,0.0,0.0,1850,762,0,0,6.09,14.81,0.0,0.0,77,0.0,0.0,0.0,one,SR,1
0,174,6527,0,0,14.2681,12.2431,0.4855,0.0,0.0,1542,803,0,0,2.34,15.39,0.0,0.0,110,0.0,0.0,0.0,one,SR,1
0,1113,8967,0,0,14.1836,12.1814,0.5235,0.0,0.0,1468,760,0,0,2.11,14.79,0.0,0.0,77,0.0,0.0,0.0,one,SR,1
0,2417,2800,0,0,14.3052,12.2365,0.4261,0.0,0.0,1465,876,0,0,0.6,16.43,0.0,0.0,174,0.0,0.0,0.0,one,SR,1
0,678,852,0,0,14.3543,12.2428,0.3868,0.0,0.0,1533,934,0,0,0.57,17.25,0.0,0.0,224,0.0,0.0,0.0,one,SR,1
0,883,2940,0,0,14.1156,12.1083,0.5159,0.0,0.0,1863,769,0,0,6.14,14.91,0.0,0.0,90,0.0,0.0,0.0,one,SR,1
0,2628,9752,0,0,14.5599,12.3613,0.2547,0.0,0.0,2225,1089,0,0,5.87,19.44,0.0,0.0,350,0.0,0.0,0.0,one,SR,1
0,4679,7848,0,0,14.0712,12.0658,0.514,0.0,0.0,1280,769,0,0,0.02,14.91,0.0,0.0,93,0.0,0.0,0.0,one,SR,1
0,4053,153,0,0,14.0833,12.068,0.5042,0.0,0.0,1546,783,0,0,2.63,15.11,0.0,0.0,105,0.0,0.0,0.0,one,SR,1
0,2539,797,0,0,14.099,12.0639,0.4986,0.0,0.0,1324,801,0,0,0.07,15.37,0.0,0.0,121,0.0,0.0,0.0,one,SR,1
0,3159,1021,0,0,14.0229,12.0257,0.5355,0.0,0.0,1295,748,0,0,0.44,14.62,0.0,0.0,77,0.0,0.0,0.0,one,SR,1
0,1615,3505,0,0,14.044,12.0287,0.5183,0.0,0.0,2956,773,0,0,17.56,14.97,0.0,0.0,99,0.0,0.0,0.0,one,SR,1
0,66,6544,0,0,14.0396,12.0238,0.5174,0.0,0.0,1606,774,0,0,3.38,14.98,0.0,0.0,100,0.0,0.0,0.0,one,SR,1
0,2241,3848,0,0,13.9949,11.9983,0.5363,0.0,0.0,1317,747,0,0,0.69,14.6,0.0,0.0,78,0.0,0.0,0.0,one,SR,1
0,3516,1678,0,0,13.9955,11.9892,0.5361,0.0,0.0,1315,754,0,0,0.58,14.7,0.0,0.0,85,0.0,0.0,0.0,one,SR,1
0,1977,4662,0,0,14.0711,12.0318,0.4645,0.0,0.0,1264,828,0,0,-0.9,15.75,0.0,0.0,146,0.0,0.0,0.0,one,SR,1
0,3126,908,0,0,14.1577,12.0769,0.4084,0.0,0.0,1420,897,0,0,-0.14,16.72,0.0,0.0,203,0.0,0.0,0.0,one,SR,1
0,526,3048,0,0,14.0482,12.0009,0.4809,0.0,0.0,1703,822,0,0,3.78,15.66,0.0,0.0,143,0.0,0.0,0.0,one,SR,1
0,3280,5474,0,0,13.9818,11.9289,0.4725,0.0,0.0,1550,832,0,0,2.05,15.8,0.0,0.0,157,0.0,0.0,0.0,one,SR,1
0,2511,4283,0,0,14.0946,11.9975,0.3893,0.0,0.0,1728,922,0,0,2.77,17.08,0.0,0.0,230,0.0,0.0,0.0,one,SR,1
0,249,1733,0,0,13.937,11.9027,0.4765,0.0,0.0,1437,816,0,0,1.07,15.58,0.0,0.0,145,0.0,0.0,0.0,one,SR,1
0,2408,2798,0,0,13.8168,11.8244,0.5378,0.0,0.0,1868,743,0,0,6.52,14.55,0.0,0.0,87,0.0,0.0,0.0,one,SR,1
0,1821,4821,0,0,13.7947,11.81,0.5443,0.0,0.0,1160,733,0,0,-0.78,14.4,0.0,0.0,79,0.0,0.0,0.0,one,SR,1
0,3134,555,0,0,13.8024,11.8028,0.5506,0.0,0.0,1461,739,0,0,2.3,14.49,0.0,0.0,85,0.0,0.0,0.0,one,SR,1
0,4487,6402,0,0,13.8735,11.8351,0.4891,0.0,0.0,1179,810,0,0,-1.56,15.49,0.0,0.0,144,0.0,0.0,0.0,one,SR,1
0,3835,6210,0,0,13.7693,11.7792,0.5411,0.0,0.0,2069,739,0,0,8.68,14.49,0.0,0.0,86,0.0,0.0,0.0,one,SR,1
0,4624,942,0,0,13.8847,11.8475,0.4723,0.0,0.0,1453,821,0,0,1.17,15.65,0.0,0.0,153,0.0,0.0,0.0,one,SR,1
0,109,2246,0,0,13.8016,11.7943,0.5159,0.0,0.0,1251,769,0,0,-0.29,14.91,0.0,0.0,111,0.0,0.0,0.0,one,SR,1
0,87,6333,0,0,13.751,11.7651,0.5426,0.0,0.0,1242,735,0,0,0.05,14.43,0.0,0.0,84,0.0,0.0,0.0,one,SR,1
0,880,3457,0,0,13.9044,11.8407,0.4521,0.0,0.0,2016,854,0,0,6.66,16.12,0.0,0.0,182,0.0,0.0,0.0,one,SR,1
0,4985,1948,0,0,14.1768,12.0118,0.2805,0.0,0.0,2068,1047,0,0,4.75,18.84,0.0,0.0,338,0.0,0.0,0.0,one,SR,1
0,803,5147,0,0,13.8002,11.7776,0.5029,0.0,0.0,1169,789,0,0,-1.4,15.2,0.0,0.0,130,0.0,0.0,0.0,one,SR,1
0,4522,949,0,0,13.7868,11.7722,0.5006,0.0,0.0,1697,785,0,0,4.19,15.14,0.0,0.0,127,0.0,0.0,0.0,one,SR,1
0,4297,5301,0,0,13.7189,11.7101,0.5372,0.0,0.0,1620,755,0,0,3.77,14.72,0.0,0.0,105,0.0,0.0,0.0,one,SR,1
0,2740,7093,0,0,13.8255,11.7678,0.4561,0.0,0.0,1558,847,0,0,1.94,16.02,0.0,0.0,181,0.0,0.0,0.0,one,SR,1
0,2375,4747,0,0,13.6198,11.6391,0.5643,0.0,0.0,1158,716,0,0,-0.59,14.16,0.0,0.0,76,0.0,0.0,0.0,one,SR,1
0,947,5027,0,0,13.6511,11.6581,0.5369,0.0,0.0,1412,744,0,0,1.72,14.56,0.0,0.0,99,0.0,0.0,0.0,one,SR,1
0,275,2627,0,0,14.006,11.8555,0.3297,0.0,0.0,1891,1002,0,0,3.47,18.21,0.0,0.0,309,0.0,0.0,0.0,one,SR,1
0,516,8047,0,0,13.6817,11.6645,0.5061,0.0,0.0,1273,783,0,0,-0.23,15.11,0.0,0.0,132,0.0,0.0,0.0,one,SR,1
0,3547,8864,0,0,13.6919,11.6666,0.4943,0.0,0.0,2085,797,0,0,8.11,15.31,0.0,0.0,144,0.0,0.0,0.0,one,SR,1
0,4621,6717,0,0,13.9255,11.7989,0.3553,0.0,0.0,2148,967,0,0,6.61,17.71,0.0,0.0,283,0.0,0.0,0.0,one,SR,1
0,1794,4124,0,0,13.5949,11.5872,0.5107,0.0,0.0,1552,773,0,0,2.82,14.97,0.0,0.0,129,0.0,0.0,0.0,one,SR,1
0,2033,2988,0,0,13.5592,11.5499,0.5364,0.0,0.0,1185,756,0,0,-0.81,14.73,0.0,0.0,117,0.0,0.0,0.0,one,SR,1
0,2244,1181,0,0,13.6438,11.5937,0.4767,0.0,0.0,1596,827,0,0,2.6,15.73,0.0,0.0,175,0.0,0.0,0.0,one,SR,1
0,2320,7746,0,0,13.5418,11.5372,0.5246,0.0,0.0,1635,761,0,0,3.85,14.8,0.0,0.0,122,0.0,0.0,0.0,one,SR,1
0,3475,8595,0,0,13.7076,11.6343,0.4193,0.0,0.0,1418,884,0,0,0.0,16.54,0.0,0.0,222,0.0,0.0,0.0,one,SR,1
0,1358,1652,0,0,13.593,11.5484,0.4754,0.0,0.0,1503,824,0,0,1.66,15.69,0.0,0.0,176,0.0,0.0,0.0,one,SR,1
0,455,1982,0,0,13.4907,11.4843,0.522,0.0,0.0,2272,764,0,0,10.5,14.84,0.0,0.0,128,0.0,0.0,0.0,one,SR,1
0,4157,181,0,0,13.5306,11.4994,0.5044,0.0,0.0,1648,794,0,0,3.56,15.27,0.0,0.0,153,0.0,0.0,0.0,one,SR,1
0,1098,2309,0,0,13.5292,11.4977,0.4992,0.0,0.0,1272,798,0,0,-0.44,15.32,0.0,0.0,157,0.0,0.0,0.0,one,SR,1
0,3308,3473,0,0,13.5689,11.5195,0.4731,0.0,0.0,1472,829,0,0,1.27,15.76,0.0,0.0,182,0.0,0.0,0.0,one,SR,1
0,3878,2447,0,0,13.4325,11.4319,0.5304,0.0,0.0,1567,754,0,0,3.22,14.7,0.0,0.0,123,0.0,0.0,0.0,one,SR,1
0,3928,8213,0,0,13.8234,11.6659,0.2914,0.0,0.0,3286,1034,0,0,17.71,18.66,0.0,0.0,350,0.0,0.0,0.0,one,SR,1
0,4508,1201,0,0,13.6735,11.5694,0.3837,0.0,0.0,1785,931,0,0,3.26,17.2,0.0,0.0,267,0.0,0.0,0.0,one,SR,1
0,1334,1087,0,0,13.4104,11.4177,0.5325,0.0,0.0,1394,747,0,0,1.49,14.6,0.0,0.0,118,0.0,0.0,0.0,one,SR,1
0,1188,2911,0,0,13.4548,11.4339,0.4914,0.0,0.0,1594,796,0,0,2.97,15.3,0.0,0.0,159,0.0,0.0,0.0,one,SR,1
0,3717,6857,0,0,13.6373,11.5317,0.3908,0.0,0.0,1598,927,0,0,1.35,17.15,0.0,0.0,266,0.0,0.0,0.0,one,SR,1
0,617,6399,0,0,13.6117,11.4993,0.3622,0.0,0.0,1765,952,0,0,2.78,17.5,0.0,0.0,290,0.0,0.0,0.0,one,SR,1
0,3155,7003,0,0,13.3705,11.3489,0.509,0.0,0.0,2043,784,0,0,7.84,15.13,0.0,0.0,155,0.0,0.0,0.0,one,SR,1
0,4173,2629,0,0,13.293,11.3031,0.5508,0.0,0.0,1247,732,0,0,0.14,14.39,0.0,0.0,113,0.0,0.0,0.0,one,SR,1
0,3295,9235,0,0,13.2264,11.2316,0.5529,0.0,0.0,1268,734,0,0,0.34,14.42,0.0,0.0,119,0.0,0.0,0.0,one,SR,1
0,4758,9938,0,0,13.4249,11.3575,0.4233,0.0,0.0,1727,877,0,0,3.34,16.44,0.0,0.0,235,0.0,0.0,0.0,one,SR,1
0,2608,5628,0,0,13.199,11.2114,0.5683,0.0,0.0,1211,718,0,0,-0.06,14.19,0.0,0.0,107,0.0,0.0,0.0,one,SR,1
0,4088,5058,0,0,13.4798,11.3772,0.3906,0.0,0.0,1923,925,0,0,4.78,17.12,0.0,0.0,275,0.0,0.0,0.0,one,SR,1
0,2732,7000,0,0,13.2733,11.2525,0.5055,0.0,0.0,1527,786,0,0,2.39,15.15,0.0,0.0,163,0.0,0.0,0.0,one,SR,1
0,1114,8114,0,0,13.341,11.2855,0.4595,0.0,0.0,1466,843,0,0,1.03,15.96,0.0,0.0,210,0.0,0.0,0.0,one,SR,1
0,1193,2835,0,0,13.3074,11.2659,0.4611,0.0,0.0,1469,832,0,0,1.2,15.8,0.0,0.0,202,0.0,0.0,0.0,one,SR,1
0,2061,8293,0,0,13.3945,11.2931,0.3923,0.0,0.0,1864,923,0,0,4.19,17.09,0.0,0.0,279,0.0,0.0,0.0,one,SR,1
0,348,2994,0,0,13.1064,11.1181,0.5578,0.0,0.0,1248,726,0,0,0.23,14.31,0.0,0.0,120,0.0,0.0,0.0,one,SR,1
0,1441,2116,0,0,13.1973,11.1671,0.4964,0.0,0.0,1204,799,0,0,-1.16,15.34,0.0,0.0,180,0.0,0.0,0.0,one,SR,1
0,424,6015,0,0,13.1797,11.1242,0.4595,0.0,0.0,1444,843,0,0,0.8,15.96,0.0,0.0,221,0.0,0.0,0.0,one,SR,1
0,1942,469,0,0,13.1061,11.0782,0.4998,0.0,0.0,1706,795,0,0,4.16,15.28,0.0,0.0,183,0.0,0.0,0.0,one,SR,1
0,410,1362,0,0,13.1051,11.0737,0.4948,0.0,0.0,1798,801,0,0,5.05,15.37,0.0,0.0,188,0.0,0.0,0.0,one,SR,1
0,2040,6660,0,0,13.1673,11.1082,0.4589,0.0,0.0,1530,846,0,0,1.66,16.0,0.0,0.0,225,0.0,0.0,0.0,one,SR,1
0,2086,3876,0,0,13.1443,11.089,0.4551,0.0,0.0,1437,846,0,0,0.69,16.0,0.0,0.0,226,0.0,0.0,0.0,one,SR,1
0,3786,9564,0,0,12.9721,10.9645,0.5389,0.0,0.0,1440,753,0,0,1.9,14.69,0.0,0.0,154,0.0,0.0,0.0,one,SR,1
0,135,4671,0,0,13.2239,11.1068,0.3599,0.0,0.0,2148,957,0,0,6.74,17.57,0.0,0.0,321,0.0,0.0,0.0,one,SR,1
0,4304,2055,0,0,13.3001,11.1495,0.3015,0.0,0.0,2539,1022,0,0,10.02,18.49,0.0,0.0,375,0.0,0.0,0.0,one,SR,1
0,3418,5785,0,0,13.0167,10.9708,0.4782,0.0,0.0,1465,823,0,0,1.27,15.68,0.0,0.0,214,0.0,0.0,0.0,one,SR,1
0,908,7373,0,0,12.8709,10.8694,0.5243,0.0,0.0,1287,759,0,0,0.22,14.77,0.0,0.0,166,0.0,0.0,0.0,one,SR,1
0,1509,1337,0,0,13.2386,11.0815,0.3108,0.0,0.0,2585,1020,0,0,10.53,18.46,0.0,0.0,378,0.0,0.0,0.0,one,SR,1
0,1316,1219,0,0,12.9047,10.8782,0.4926,0.0,0.0,1935,799,0,0,6.51,15.34,0.0,0.0,200,0.0,0.0,0.0,one,SR,1
0,4456,1955,0,0,12.8153,10.8077,0.5389,0.0,0.0,1879,753,0,0,6.51,14.69,0.0,0.0,165,0.0,0.0,0.0,one,SR,1
0,4360,9376,0,0,12.8522,10.8256,0.5112,0.0,0.0,1340,786,0,0,0.43,15.15,0.0,0.0,192,0.0,0.0,0.0,one,SR,1
0,485,3281,0,0,12.7734,10.7699,0.5403,0.0,0.0,1333,749,0,0,0.83,14.63,0.0,0.0,164,0.0,0.0,0.0,one,SR,1
0,4030,7431,0,0,12.8216,10.7849,0.4916,0.0,0.0,1429,807,0,0,1.1,15.45,0.0,0.0,213,0.0,0.0,0.0,one,SR,1
0,1562,8256,0,0,12.7414,10.7331,0.5098,0.0,0.0,1264,774,0,0,-0.21,14.98,0.0,0.0,188,0.0,0.0,0.0,one,SR,1
0,1451,9278,0,0,12.8756,10.8045,0.4227,0.0,0.0,1688,880,0,0,2.89,16.48,0.0,0.0,275,0.0,0.0,0.0,one,SR,1
0,2143,5575,0,0,12.8832,10.786,0.3937,0.0,0.0,2058,919,0,0,6.28,17.03,0.0,0.0,310,0.0,0.0,0.0,one,SR,1
0,1916,3458,0,0,12.608,10.6185,0.5561,0.0,0.0,1210,728,0,0,-0.2,14.33,0.0,0.0,156,0.0,0.0,0.0,one,SR,1
0,2872,2777,0,0,12.7685,10.7073,0.4511,0.0,0.0,1558,853,0,0,1.87,16.1,0.0,0.0,258,0.0,0.0,0.0,one,SR,1
0,102,7288,0,0,12.5593,10.5295,0.5017,0.0,0.0,1455,795,0,0,1.52,15.28,0.0,0.0,220,0.0,0.0,0.0,one,SR,1
0,2833,7026,0,0,12.5618,10.5263,0.4933,0.0,0.0,1681,805,0,0,3.77,15.42,0.0,0.0,229,0.0,0.0,0.0,one,SR,1
0,62,6929,0,0,12.5251,10.4972,0.4998,0.0,0.0,1578,795,0,0,2.82,15.28,0.0,0.0,222,0.0,0.0,0.0,one,SR,1
0,98,8750,0,0,12.5312,10.4766,0.4515,0.0,0.0,1949,848,0,0,6.04,16.03,0.0,0.0,270,0.0,0.0,0.0,one,SR,1
0,1673,2341,0,0,12.4508,10.4206,0.4964,0.0,0.0,1397,799,0,0,0.86,15.34,0.0,0.0,231,0.0,0.0,0.0,one,SR,1
0,3993,450,0,0,12.3558,10.3634,0.5378,0.0,0.0,1808,743,0,0,5.89,14.55,0.0,0.0,186,0.0,0.0,0.0,one,SR,1
0,318,9977,0,0,12.4304,10.399,0.4948,0.0,0.0,1436,801,0,0,1.25,15.37,0.0,0.0,234,0.0,0.0,0.0,one,SR,1
0,2881,5123,0,0,12.2908,10.3103,0.5598,0.0,0.0,1593,719,0,0,3.94,14.21,0.0,0.0,169,0.0,0.0,0.0,one,SR,1
0,1893,83,0,0,12.3785,10.3514,0.5103,0.0,0.0,1828,787,0,0,5.54,15.17,0.0,0.0,225,0.0,0.0,0.0,one,SR,1
0,688,244,0,0,12.2921,10.2875,0.5246,0.0,0.0,1594,761,0,0,3.42,14.8,0.0,0.0,207,0.0,0.0,0.0,one,SR,1
0,3490,4785,0,0,12.2369,10.2528,0.5451,0.0,0.0,1559,732,0,0,3.42,14.39,0.0,0.0,184,0.0,0.0,0.0,one,SR,1
0,2650,374,0,0,12.184,10.201,0.5468,0.0,0.0,1822,730,0,0,6.21,14.36,0.0,0.0,186,0.0,0.0,0.0,one,SR,1
0,2609,2515,0,0,12.4782,10.3665,0.3772,0.0,0.0,2536,941,0,0,11.02,17.35,0.0,0.0,358,0.0,0.0,0.0,one,SR,1
0,415,7884,0,0,12.1567,10.1735,0.5653,0.0,0.0,1421,717,0,0,2.16,14.18,0.0,0.0,177,0.0,0.0,0.0,one,SR,1
0,825,3337,0,0,12.1887,10.1954,0.5317,0.0,0.0,1373,748,0,0,1.26,14.62,0.0,0.0,202,0.0,0.0,0.0,one,SR,1
0,3195,1845,0,0,12.386,10.2903,0.4007,0.0,0.0,2440,913,0,0,10.37,16.95,0.0,0.0,339,0.0,0.0,0.0,one,SR,1
0,1735,8024,0,0,12.4193,10.3087,0.3788,0.0,0.0,2890,939,0,0,14.76,17.32,0.0,0.0,360,0.0,0.0,0.0,one,SR,1
0,4468,931,0,0,12.3393,10.2582,0.4173,0.0,0.0,1977,891,0,0,5.78,16.64,0.0,0.0,322,0.0,0.0,0.0,one,SR,1
0,1503,4066,0,0,12.1241,10.1249,0.5418,0.0,0.0,1584,745,0,0,3.52,14.57,0.0,0.0,204,0.0,0.0,0.0,one,SR,1
0,3062,917,0,0,12.087,10.0664,0.5151,0.0,0.0,2049,779,0,0,7.96,15.06,0.0,0.0,238,0.0,0.0,0.0,one,SR,1
0,3093,9340,0,0,12.0611,10.0442,0.5113,0.0,0.0,1531,779,0,0,2.53,15.06,0.0,0.0,239,0.0,0.0,0.0,one,SR,1
0,1052,2605,0,0,11.8754,9.8733,0.5376,0.0,0.0,1732,750,0,0,5.01,14.64,0.0,0.0,226,0.0,0.0,0.0,one,SR,1
0,4858,2011,0,0,11.8147,9.838,0.556,0.0,0.0,1651,719,0,0,4.55,14.21,0.0,0.0,201,0.0,0.0,0.0,one,SR,1
0,3057,3743,0,0,12.1593,10.0339,0.3526,0.0,0.0,2836,968,0,0,13.82,17.73,0.0,0.0,404,0.0,0.0,0.0,one,SR,1
0,2467,229,0,0,11.7804,9.799,0.5537,0.0,0.0,2352,724,0,0,11.85,14.28,0.0,0.0,208,0.0,0.0,0.0,one,SR,1
0,569,5894,0,0,11.7359,9.7502,0.5523,0.0,0.0,1452,728,0,0,2.35,14.33,0.0,0.0,215,0.0,0.0,0.0,one,SR,1
0,2891,3331,0,0,12.1073,9.9682,0.3324,0.0,0.0,2855,992,0,0,13.72,18.07,0.0,0.0,429,0.0,0.0,0.0,one,SR,1
0,472,2122,0,0,11.8831,9.7692,0.3694,0.0,0.0,3243,948,0,0,18.35,17.44,0.0,0.0,405,0.0,0.0,0.0,one,SR,1
0,4874,5360,0,0,11.5141,9.5237,0.5641,0.0,0.0,1644,723,0,0,4.43,14.26,0.0,0.0,226,0.0,0.0,0.0,one,SR,1
0,2897,9549,0,0,11.4804,9.5037,0.556,0.0,0.0,1573,719,0,0,3.73,14.21,0.0,0.0,224,0.0,0.0,0.0,one,SR,1
0,4486,2503,0,0,11.4556,9.4452,0.5162,0.0,0.0,1999,771,0,0,7.54,14.94,0.0,0.0,273,0.0,0.0,0.0,one,SR,1
0,4720,6240,0,0,11.3902,9.3937,0.5363,0.0,0.0,1657,747,0,0,4.26,14.6,0.0,0.0,256,0.0,0.0,0.0,one,SR,1
0,321,2023,0,0,11.3524,9.3378,0.5147,0.0,0.0,1715,775,0,0,4.51,15.0,0.0,0.0,284,0.0,0.0,0.0,one,SR,1
0,725,640,0,0,11.1994,9.2138,0.5664,0.0,0.0,1600,718,0,0,4.03,14.19,0.0,0.0,243,0.0,0.0,0.0,one,SR,1
0,1449,3777,0,0,11.3309,9.2733,0.4658,0.0,0.0,2240,840,0,0,9.19,15.92,0.0,0.0,345,0.0,0.0,0.0,one,SR,1
0,418,8788,0,0,11.2453,9.1459,0.386,0.0,0.0,3239,926,0,0,18.59,17.13,0.0,0.0,428,0.0,0.0,0.0,one,SR,1
0,1336,159,0,0,10.6027,8.6209,0.5485,0.0,0.0,1800,728,0,0,6.0,14.33,0.0,0.0,292,0.0,0.0,0.0,one,SR,1
0,1767,1430,0,0,10.6299,8.6282,0.5288,0.0,0.0,3112,756,0,0,19.42,14.73,0.0,0.0,316,0.0,0.0,0.0,one,SR,1
0,3830,5195,0,0,10.578,8.5797,0.5338,0.0,0.0,1900,750,0,0,6.77,14.64,0.0,0.0,314,0.0,0.0,0.0,one,SR,1
0,2524,475,0,0,10.6146,8.5748,0.4777,0.0,0.0,4145,819,0,0,29.46,15.62,0.0,0.0,374,0.0,0.0,0.0,one,SR,1
0,966,7918,0,0,10.5189,8.416,0.3994,0.0,0.0,3684,919,0,0,23.35,17.03,0.0,0.0,472,0.0,0.0,0.0,one,SR,1
0,77,1091,0,0,9.6674,7.668,0.5321,0.0,0.0,2309,752,0,0,11.04,14.67,0.0,0.0,378,0.0,0.0,0.0,one,SR,1
0,4990,9401,0,0,8.8665,6.8018,0.446,0.0,0.0,3230,859,0,0,19.35,16.19,0.0,0.0,530,0.0,0.0,0.0,one,SR,1
0,1744,9096,0,0,7.3868,5.3944,0.5378,0.0,0.0,3225,743,0,0,20.77,14.55,0.0,0.0,525,0.0,0.0,0.0,one,SR,1
0,2743,5251,2064,0,82.8531,64.1636,6.3587,4.9982,0.0,4300,3856,1758,0,-20.84,49.74,23.59,0.0,125,23.0,0.0,0.0,many,SR,2
0,3072,8655,8654,0,72.7735,55.3381,5.4804,5.4804,0.0,3059,2455,2455,0,-26.15,32.37,32.37,0.0,200,0.0,0.0,0.0,many,SR,2
0,1570,9294,4455,3064,67.2262,49.1123,3.857,4.3275,4.1745,1859,964,1662,1859,-32.27,14.17,20.82,22.56,183,0.0,124.0,183.0,many,SR,3
0,494,8420,4828,0,65.4294,49.4747,5.3145,4.8384,0.0,2431,2228,2254,0,-26.69,29.48,28.54,0.0,187,3.0,103.0,0.0,many,SR,2
0,2717,8796,7911,0,69.2859,52.5947,5.2545,5.4435,0.0,2444,2128,2398,0,-28.28,28.27,31.67,0.0,92,-1.0,-1.0,0.0,many,SR,2
0,2787,6691,5540,5466,61.7478,44.5509,4.0083,3.7532,4.1719,1914,1158,911,1914,-27.28,15.94,13.57,23.12,193,38.0,0.0,193.0,many,SR,3
0,4931,7284,7283,0,62.8512,47.2584,5.1538,5.1538,0.0,1998,1983,1983,0,-26.59,26.43,26.43,0.0,21,0.0,0.0,0.0,many,SR,2
0,2870,9095,2970,0,48.7201,35.3125,4.8697,4.2771,0.0,2341,1569,1726,0,-13.77,21.21,21.4,0.0,207,0.0,142.0,0.0,many,SR,2
0,2191,9132,9131,0,55.1313,39.8441,5.0968,5.0968,0.0,2706,1907,1907,0,-17.43,25.47,25.47,0.0,409,0.0,0.0,0.0,many,SR,2
0,844,7104,2020,0,50.2204,37.2915,3.3313,5.3323,0.0,2593,897,2270,0,-11.16,12.67,29.98,0.0,75,65.0,5.0,0.0,many,SR,2
0,4196,8576,4372,0,48.7013,35.5942,4.8597,4.2373,0.0,1802,1802,1159,0,-17.17,23.72,16.38,0.0,34,34.0,0.0,0.0,many,SR,2
0,4346,2475,988,0,42.5762,30.2416,4.4851,4.345,0.0,1621,1320,1211,0,-14.52,18.07,16.97,0.0,89,12.0,0.0,0.0,many,SR,2
0,3143,7470,2589,0,41.4496,29.2905,4.1814,4.4335,0.0,1696,1368,1262,0,-14.09,17.89,17.55,0.0,178,76.0,0.0,0.0,many,SR,2
0,441,6398,2157,0,40.953,28.8192,3.8502,4.6766,0.0,2190,1176,1525,0,-9.47,15.8,20.26,0.0,249,68.0,31.0,0.0,many,SR,2
0,974,8683,4378,0,40.2593,28.3189,3.765,4.629,0.0,1775,918,1681,0,-13.28,13.65,21.81,0.0,246,0.0,64.0,0.0,many,SR,2
0,4520,4634,2096,0,47.7418,34.3374,4.7679,4.7566,0.0,1965,1429,1421,0,-14.29,19.45,19.35,0.0,40,0.0,0.0,0.0,many,SR,2
0,2965,9270,4618,0,46.8399,33.833,4.0453,5.0112,0.0,2635,1061,1814,0,-7.89,15.27,24.23,0.0,118,0.0,5.0,0.0,many,SR,2
0,3243,7513,5371,0,36.922,25.9547,4.0342,3.7902,0.0,1755,1172,1129,0,-9.86,16.11,15.32,0.0,159,37.0,64.0,0.0,many,SR,2
0,4629,9333,8511,0,39.1353,27.8688,4.4441,3.6807,0.0,1352,1352,875,0,-14.08,18.25,13.16,0.0,28,28.0,0.0,0.0,many,SR,2
0,4024,2080,1479,0,32.9918,23.0867,3.306,3.5798,0.0,1790,1410,956,0,-8.38,16.6,13.59,0.0,279,232.0,43.0,0.0,many,SR,2
0,4436,6858,4462,0,36.043,25.3028,3.8982,3.9316,0.0,1998,992,1004,0,-5.21,14.48,14.63,0.0,61,1.0,0.0,0.0,many,SR,2
0,2011,9406,9405,0,32.0127,21.3491,3.8942,3.8942,0.0,2325,982,982,0,-1.46,14.38,14.38,0.0,309,0.0,0.0,0.0,many,SR,2
0,3191,9650,6350,0,35.0912,24.7497,3.4415,3.9873,0.0,1345,752,1345,0,-12.09,11.77,17.36,0.0,100,0.0,100.0,0.0,many,SR,2
0,893,6289,801,0,32.138,22.029,3.6083,3.8071,0.0,1515,865,951,0,-8.34,12.96,13.98,0.0,151,8.0,4.0,0.0,many,SR,2
0,2681,6490,6489,0,35.5498,25.0842,3.8315,3.8315,0.0,2438,950,950,0,0.38,14.01,14.01,0.0,10,0.0,0.0,0.0,many,SR,2
0,2001,4313,510,0,60.7469,45.2051,5.2202,5.0692,0.0,2177,2086,1854,0,-24.41,27.72,24.8,0.0,141,0.0,0.0,0.0,many,SR,2
0,3951,1927,1926,0,33.7512,23.6164,3.7239,3.7239,0.0,1089,899,899,0,-12.75,13.43,13.43,0.0,39,0.0,0.0,0.0,many,SR,2
0,1209,3086,1868,0,33.3065,23.2655,3.6452,3.7009,0.0,1123,854,981,0,-12.46,12.92,14.02,0.0,68,0.0,30.0,0.0,many,SR,2
0,2279,3877,3279,0,52.4676,38.4351,4.8764,4.8764,0.0,2285,1584,1584,0,-14.52,21.4,21.4,0.0,6,0.0,0.0,0.0,many,SR,2
0,2415,8931,991,0,45.7576,32.3443,4.7708,4.6413,0.0,1672,1444,1544,0,-18.45,19.63,20.38,0.0,250,0.0,41.0,0.0,many,SR,2
0,161,4449,2692,0,51.8731,37.9226,4.6762,4.9091,0.0,2074,1380,1888,0,-17.51,18.89,24.76,0.0,93,0.0,37.0,0.0,many,SR,2
0,4274,9788,9787,0,31.4228,21.9263,3.5238,3.5238,0.0,1325,794,794,0,-8.13,12.24,12.24,0.0,8,0.0,0.0,0.0,many,SR,2
0,2385,6124,1468,0,49.6238,35.3875,4.9128,4.9128,0.0,1948,1636,1636,0,-19.24,22.05,22.05,0.0,294,0.0,0.0,0.0,many,SR,2
0,2544,8048,0,0,20.3359,18.0524,0.1304,0.0,0.0,2592,1237,0,0,7.84,21.53,0.0,0.0,91,0.0,0.0,0.0,one,SR,1
0,961,9133,0,0,20.0052,17.7563,0.1623,0.0,0.0,2174,1190,0,0,4.05,20.87,0.0,0.0,70,0.0,0.0,0.0,one,SR,1
0,4554,9191,6479,0,38.1884,27.1496,4.367,3.6572,0.0,1223,1223,863,0,-14.29,17.12,13.03,0.0,-1,-1.0,0.0,0.0,many,SR,2
0,4480,7961,0,0,19.5242,17.1589,0.0015,0.0,0.0,1954,1386,0,0,-0.76,23.64,0.0,0.0,281,0.0,0.0,0.0,one,SR,1
0,1758,1505,0,0,19.0174,16.6971,0.0626,0.0,0.0,1877,1311,0,0,-0.61,22.58,0.0,0.0,247,0.0,0.0,0.0,one,SR,1
0,3991,754,0,0,18.7042,16.4401,0.1449,0.0,0.0,1659,1213,0,0,-1.65,21.19,0.0,0.0,180,0.0,0.0,0.0,one,SR,1
0,5,9654,0,0,18.4954,16.2413,0.1547,0.0,0.0,1678,1199,0,0,-1.28,20.99,0.0,0.0,181,0.0,0.0,0.0,one,SR,1
0,4677,9593,461,0,31.635,21.3806,3.6159,3.8869,0.0,1743,840,1030,0,-6.46,12.77,14.75,0.0,231,0.0,15.0,0.0,many,SR,2
0,222,8583,0,0,18.1729,15.9972,0.2883,0.0,0.0,1477,1049,0,0,-1.48,18.87,0.0,0.0,68,0.0,0.0,0.0,one,SR,1
0,912,1117,0,0,17.9866,15.7769,0.2432,0.0,0.0,1483,1105,0,0,-2.13,19.66,0.0,0.0,131,0.0,0.0,0.0,one,SR,1
0,3373,3392,0,0,17.693,15.5598,0.3505,0.0,0.0,1748,975,0,0,2.31,17.83,0.0,0.0,33,0.0,0.0,0.0,one,SR,1
0,3697,828,0,0,18.0768,15.7852,0.1046,0.0,0.0,2860,1261,0,0,10.35,21.87,0.0,0.0,266,0.0,0.0,0.0,one,SR,1
0,3873,2174,0,0,17.7948,15.6065,0.2558,0.0,0.0,2318,1081,0,0,6.95,19.33,0.0,0.0,122,0.0,0.0,0.0,one,SR,1
0,3438,4150,0,0,17.5595,15.2507,0.0935,0.0,0.0,2152,1281,0,0,2.66,22.15,0.0,0.0,320,0.0,0.0,0.0,one,SR,1
0,4537,2290,0,0,17.1615,15.0206,0.3158,0.0,0.0,1309,1005,0,0,-2.68,18.25,0.0,0.0,96,0.0,0.0,0.0,one,SR,1
0,3806,8810,0,0,17.1521,15.0075,0.3196,0.0,0.0,1691,1005,0,0,1.33,18.25,0.0,0.0,97,0.0,0.0,0.0,one,SR,1
0,1338,3069,0,0,17.1432,14.9585,0.2705,0.0,0.0,1967,1068,0,0,3.43,19.14,0.0,0.0,155,0.0,0.0,0.0,one,SR,1
0,3736,401,0,0,17.017,14.8821,0.3339,0.0,0.0,2023,988,0,0,5.03,18.01,0.0,0.0,91,0.0,0.0,0.0,one,SR,1
0,1841,6737,0,0,17.1362,14.857,0.1275,0.0,0.0,1904,1236,0,0,0.63,21.52,0.0,0.0,308,0.0,0.0,0.0,one,SR,1
0,4271,4843,0,0,16.6376,14.4859,0.328,0.0,0.0,1448,1004,0,0,-1.21,18.24,0.0,0.0,132,0.0,0.0,0.0,one,SR,1
0,2053,3883,0,0,16.5624,14.4445,0.3635,0.0,0.0,4375,955,0,0,30.15,17.54,0.0,0.0,92,0.0,0.0,0.0,one,SR,1
0,3753,1593,0,0,16.4444,14.1785,0.1468,0.0,0.0,2092,1213,0,0,2.89,21.19,0.0,0.0,334,0.0,0.0,0.0,one,SR,1
0,1184,4724,0,0,16.3931,14.1267,0.1415,0.0,0.0,2656,1217,0,0,8.76,21.25,0.0,0.0,341,0.0,0.0,0.0,one,SR,1
0,2168,3296,0,0,16.0456,13.8544,0.2516,0.0,0.0,1645,1086,0,0,-0.18,19.4,0.0,0.0,246,0.0,0.0,0.0,one,SR,1
0,1644,9954,0,0,15.4123,13.4048,0.5204,0.0,0.0,1084,766,0,0,-2.0,14.87,0.0,0.0,-1,0.0,0.0,0.0,one,SR,1
0,3248,1758,0,0,15.8095,13.6273,0.2694,0.0,0.0,1577,1067,0,0,-0.66,19.13,0.0,0.0,245,0.0,0.0,0.0,one,SR,1
0,254,5843,0,0,15.4298,13.3908,0.4883,0.0,0.0,3148,811,0,0,19.1,15.51,0.0,0.0,39,0.0,0.0,0.0,one,SR,1
0,315,5619,0,0,15.7993,13.5917,0.2369,0.0,0.0,1715,1108,0,0,0.27,19.71,0.0,0.0,283,0.0,0.0,0.0,one,SR,1
0,786,4170,0,0,15.2524,13.1949,0.4473,0.0,0.0,1860,853,0,0,5.04,16.1,0.0,0.0,89,0.0,0.0,0.0,one,SR,1
0,4434,1701,0,0,15.4058,13.261,0.3381,0.0,0.0,2172,992,0,0,6.55,18.07,0.0,0.0,205,0.0,0.0,0.0,one,SR,1
0,2939,6070,2131,0,40.8161,29.067,3.5378,4.8189,0.0,1942,873,1566,0,-10.14,12.88,21.05,0.0,100,23.0,10.0,0.0,many,SR,2
0,3986,9434,9289,0,30.1856,19.9627,3.463,4.0435,0.0,2218,761,1063,0,-1.16,11.87,15.29,0.0,306,0.0,0.0,0.0,many,SR,2
0,1061,2139,0,0,14.7954,12.7929,0.5323,0.0,0.0,1852,754,0,0,6.21,14.7,0.0,0.0,30,0.0,0.0,0.0,one,SR,1
0,3339,4767,0,0,14.6276,12.6035,0.496,0.0,0.0,1182,795,0,0,-1.34,15.28,0.0,0.0,79,0.0,0.0,0.0,one,SR,1
0,556,576,0,0,14.753,12.6493,0.3889,0.0,0.0,1617,927,0,0,1.55,17.15,0.0,0.0,190,0.0,0.0,0.0,one,SR,1
0,4642,7106,0,0,14.2647,12.2289,0.4977,0.0,0.0,1270,802,0,0,-0.51,15.38,0.0,0.0,110,0.0,0.0,0.0,one,SR,1
0,2471,9306,0,0,14.099,12.0764,0.4888,0.0,0.0,1223,799,0,0,-0.96,15.34,0.0,0.0,118,0.0,0.0,0.0,one,SR,1
0,1807,749,0,0,13.5796,11.4775,0.3959,0.0,0.0,1753,921,0,0,3.05,17.06,0.0,0.0,265,0.0,0.0,0.0,one,SR,1
0,4100,638,0,0,13.3327,11.3245,0.5239,0.0,0.0,1405,764,0,0,1.39,14.84,0.0,0.0,139,0.0,0.0,0.0,one,SR,1
0,2722,3103,3102,0,52.3377,37.3567,5.047,5.047,0.0,3466,1825,1825,0,-7.59,24.44,24.44,0.0,452,0.0,0.0,0.0,many,SR,2
0,4974,7650,3435,0,33.7267,23.59,3.7231,3.7277,0.0,1370,900,899,0,-9.79,13.42,13.43,0.0,40,2.0,0.0,0.0,many,SR,2
0,1485,3487,0,0,13.2025,11.1849,0.5149,0.0,0.0,1197,777,0,0,-0.96,15.03,0.0,0.0,160,0.0,0.0,0.0,one,SR,1
0,1092,6152,0,0,12.8519,10.8601,0.5527,0.0,0.0,1220,732,0,0,-0.14,14.39,0.0,0.0,143,0.0,0.0,0.0,one,SR,1
0,3351,3615,0,0,12.6601,10.6583,0.5473,0.0,0.0,1229,743,0,0,-0.19,14.55,0.0,0.0,166,0.0,0.0,0.0,one,SR,1
0,2036,2376,0,0,12.4316,10.3837,0.4519,0.0,0.0,2005,843,0,0,6.69,15.96,0.0,0.0,272,0.0,0.0,0.0,one,SR,1
0,2210,9384,8306,0,47.3654,33.7813,4.7938,4.7967,0.0,2127,1466,1474,0,-13.61,19.91,20.02,0.0,148,0.0,-1.0,0.0,many,SR,2
0,1088,2061,0,0,11.7881,9.6548,0.3408,0.0,0.0,2707,982,0,0,12.29,17.93,0.0,0.0,442,0.0,0.0,0.0,one,SR,1
0,3962,6338,738,0,44.4296,31.9341,4.675,4.2626,0.0,1403,1403,1169,0,-17.29,19.08,16.5,0.0,6,6.0,0.0,0.0,many,SR,2
0,609,2718,327,0,51.8236,37.172,4.202,5.5023,0.0,3012,1140,2538,0,-12.9,16.17,33.31,0.0,502,0.0,9.0,0.0,many,SR,2
0,2019,9945,6063,0,47.0806,34.2536,4.1335,4.2902,0.0,2828,1107,2358,0,-9.94,15.79,28.24,0.0,367,0.0,231.0,0.0,many,SR,2
0,2536,4664,0,0,17.8506,15.6127,0.1879,0.0,0.0,2334,1164,0,0,6.06,20.5,0.0,0.0,194,0.0,0.0,0.0,one,SR,1
0,4704,2407,2396,0,49.0955,35.6184,5.0159,4.2275,0.0,2904,1978,1154,0,-7.61,26.01,16.33,0.0,170,28.0,0.0,0.0,many,SR,2
0,4659,4982,1877,0,41.1253,28.1663,4.6178,4.6178,0.0,2375,1356,1356,0,-8.57,18.62,18.62,0.0,365,0.0,0.0,0.0,many,SR,2
0,1958,5210,4111,0,27.0932,17.6341,3.5233,3.4983,0.0,1927,800,780,0,-1.7,12.29,12.09,0.0,294,2.0,0.0,0.0,many,SR,2
0,3227,6427,4420,0,42.9377,30.7945,4.5915,4.1278,0.0,1344,1344,1106,0,-16.7,18.46,15.78,0.0,2,2.0,0.0,0.0,many,SR,2
0,3188,132,0,0,20.0662,17.8216,0.1734,0.0,0.0,1390,1179,0,0,-4.04,20.71,0.0,0.0,56,0.0,0.0,0.0,one,SR,1
0,4882,8853,0,0,21.3011,18.9743,0.0718,0.0,0.0,1600,1309,0,0,-3.49,22.55,0.0,0.0,90,0.0,0.0,0.0,one,SR,1
0,1325,5192,2065,0,29.129,20.099,3.2336,3.4043,0.0,1198,877,734,0,-8.95,12.36,11.56,0.0,98,73.0,0.0,0.0,many,SR,2
0,4917,8639,0,0,22.2072,19.8968,0.0724,0.0,0.0,4029,1297,0,0,22.16,22.38,0.0,0.0,17,0.0,0.0,0.0,one,SR,1
0,2353,9859,6667,0,42.7801,30.6604,4.3254,4.3328,0.0,1313,1202,1313,0,-17.37,16.87,17.74,0.0,34,0.0,34.0,0.0,many,SR,2
0,2426,7960,4895,0,29.5828,19.9356,3.6898,3.4474,0.0,1258,890,755,0,-9.38,13.3,11.8,0.0,181,3.0,0.0,0.0,many,SR,2
0,2605,2933,0,0,16.5526,14.4581,0.4024,0.0,0.0,1193,911,0,0,-2.7,16.92,0.0,0.0,53,0.0,0.0,0.0,one,SR,1
0,1027,1670,0,0,18.5866,16.3065,0.1214,0.0,0.0,1687,1241,0,0,-1.72,21.59,0.0,0.0,213,0.0,0.0,0.0,one,SR,1
0,402,147,0,0,17.7284,15.4017,0.0718,0.0,0.0,2704,1309,0,0,8.1,22.55,0.0,0.0,334,0.0,0.0,0.0,one,SR,1
0,4368,9588,9587,8865,84.5181,62.7114,4.886,4.886,4.9725,2130,1595,1595,2130,-41.19,21.54,21.54,27.55,58,0.0,0.0,58.0,many,SR,3
0,2100,9144,4377,1336,67.6728,48.8516,4.8008,4.0866,4.4898,1551,1551,1085,1314,-32.71,20.86,15.54,18.04,10,10.0,0.0,9.0,many,SR,3
0,4354,5942,5941,0,68.1032,50.7226,5.4694,5.4694,0.0,5044,2442,2442,0,-5.01,32.21,32.21,0.0,495,0.0,0.0,0.0,many,SR,2
0,4977,1014,1013,0,67.0038,50.5096,5.3172,5.3172,0.0,2490,2211,2211,0,-26.59,29.3,29.3,0.0,152,0.0,0.0,0.0,many,SR,2
0,288,6318,4477,0,52.9658,38.998,4.1938,4.8921,0.0,2531,2155,1730,0,-17.36,25.8,23.02,0.0,337,222.0,17.0,0.0,many,SR,2
0,3897,3420,1025,0,60.7581,45.3355,5.0948,5.117,0.0,2160,1996,1925,0,-24.22,26.41,25.7,0.0,107,14.0,0.0,0.0,many,SR,2
0,3311,7334,5794,0,50.9253,37.1121,4.4356,4.8863,0.0,2005,1855,1609,0,-19.37,23.2,21.71,0.0,226,128.0,0.0,0.0,many,SR,2
0,2340,9152,8020,0,54.3222,39.5092,5.0463,4.8168,0.0,3040,2255,1507,0,-12.63,29.07,20.43,0.0,344,62.0,0.0,0.0,many,SR,2
0,1137,6997,5078,0,49.671,36.4306,4.114,5.0093,0.0,2862,1099,1928,0,-7.0,15.7,25.47,0.0,43,0.0,21.0,0.0,many,SR,2
0,1484,8140,8065,0,59.9591,44.8368,5.0729,5.0691,0.0,2134,1862,1862,0,-22.42,24.9,24.9,0.0,-1,0.0,0.0,0.0,many,SR,2
0,1473,9526,6319,0,50.0649,37.0541,4.2,4.3094,0.0,2429,1139,2412,0,-15.01,16.16,28.86,0.0,236,0.0,236.0,0.0,many,SR,2
0,3439,8921,6951,0,43.2347,30.9929,3.9954,4.3684,0.0,2314,1816,1228,0,-10.6,21.63,17.15,0.0,267,214.0,1.0,0.0,many,SR,2
0,4097,6497,3008,0,42.6977,30.108,4.5705,4.3763,0.0,1832,1329,1352,0,-13.55,18.31,18.12,0.0,183,0.0,40.0,0.0,many,SR,2
0,3979,9060,2742,0,46.506,33.377,4.251,4.9482,0.0,1852,1165,1702,0,-15.92,16.45,22.85,0.0,136,0.0,3.0,0.0,many,SR,2
0,3899,5731,43,0,41.8957,29.3465,4.5358,4.308,0.0,1670,1559,1196,0,-15.81,20.25,16.8,0.0,273,66.0,0.0,0.0,many,SR,2
0,1409,8139,4043,0,41.3275,28.8146,4.5077,4.4223,0.0,1469,1295,1313,0,-16.82,17.93,17.9,0.0,234,0.0,20.0,0.0,many,SR,2
0,2580,6549,2929,0,40.417,28.8268,4.1988,4.0354,0.0,1427,1425,1055,0,-15.22,18.36,15.2,0.0,94,92.0,0.0,0.0,many,SR,2
0,2885,5702,2282,0,39.7727,28.2826,4.0806,3.891,0.0,1848,1080,1661,0,-12.26,15.49,19.7,0.0,231,0.0,212.0,0.0,many,SR,2
0,2585,7850,5040,0,44.3122,32.1157,3.72,4.8984,0.0,1668,896,1668,0,-14.69,13.4,22.38,0.0,6,0.0,6.0,0.0,many,SR,2
0,2496,6493,4679,0,37.2015,26.0637,3.4353,4.537,0.0,1560,859,1435,0,-12.11,12.6,19.06,0.0,166,34.0,40.0,0.0,many,SR,2
0,3449,9314,3116,0,37.6277,26.5474,3.8824,4.1129,0.0,1939,975,1210,0,-7.41,14.3,16.55,0.0,83,0.0,36.0,0.0,many,SR,2
0,3956,760,280,0,41.4205,29.9086,4.7573,3.3614,0.0,1721,1721,715,0,-12.47,22.58,11.35,0.0,43,43.0,0.0,0.0,many,SR,2
0,371,8943,5783,0,39.5853,27.468,4.392,4.2718,0.0,1880,1235,1267,0,-11.34,17.24,17.29,0.0,247,0.0,28.0,0.0,many,SR,2
0,1002,2760,2759,0,34.3758,24.1768,3.7436,3.7436,0.0,1810,910,910,0,-5.4,13.56,13.56,0.0,16,0.0,0.0,0.0,many,SR,2
0,932,3882,3881,0,32.9274,22.6874,3.7573,3.7573,0.0,2362,916,916,0,0.27,13.63,13.63,0.0,126,0.0,0.0,0.0,many,SR,2
0,957,7086,5165,0,36.6367,25.9532,4.2759,3.5086,0.0,1222,1207,787,0,-13.26,16.81,12.18,0.0,10,10.0,-1.0,0.0,many,SR,2
0,4925,8529,6789,0,30.705,21.149,3.6263,3.3982,0.0,2030,891,809,0,-1.47,13.19,12.13,0.0,112,14.0,25.0,0.0,many,SR,2
0,1300,9879,4272,0,30.1025,20.4384,3.5529,3.5104,0.0,1360,994,785,0,-9.13,13.85,12.15,0.0,203,58.0,-1.0,0.0,many,SR,2
0,4689,6245,348,0,29.5264,20.1973,3.4949,3.3899,0.0,1580,780,838,0,-5.41,12.1,12.35,0.0,123,-1.0,35.0,0.0,many,SR,2
0,4395,7375,3314,0,28.7229,18.8409,3.5953,3.6847,0.0,2182,849,879,0,-0.51,12.81,13.21,0.0,312,5.0,0.0,0.0,many,SR,2
0,3380,9555,2328,0,29.605,19.4097,4.147,3.3035,0.0,2821,1110,766,0,4.92,15.83,11.62,0.0,361,0.0,27.0,0.0,many,SR,2
0,3043,3918,3322,0,31.732,21.9109,3.6163,3.6335,0.0,1232,840,856,0,-10.21,12.78,12.94,0.0,84,-1.0,1.0,0.0,many,SR,2
0,4202,5444,0,0,21.8427,19.5142,0.0693,0.0,0.0,1897,1312,0,0,-0.41,22.59,0.0,0.0,56,0.0,0.0,0.0,one,SR,1
0,417,5075,0,0,21.4802,19.1506,0.0535,0.0,0.0,1535,1324,0,0,-4.37,22.76,0.0,0.0,91,0.0,0.0,0.0,one,SR,1
0,3946,9646,0,0,21.2399,18.9273,0.0832,0.0,0.0,2367,1291,0,0,4.79,22.29,0.0,0.0,78,0.0,0.0,0.0,one,SR,1
0,3721,7305,0,0,21.1489,18.8615,0.1201,0.0,0.0,1317,1247,0,0,-5.68,21.67,0.0,0.0,44,0.0,0.0,0.0,one,SR,1
0,1802,9054,7588,0,34.715,23.8068,3.5725,4.3425,0.0,2008,820,1267,0,-5.85,12.53,17.4,0.0,214,1.0,18.0,0.0,many,SR,2
0,4169,8217,0,0,19.7919,17.597,0.2368,0.0,0.0,1304,1099,0,0,-3.93,19.58,0.0,0.0,2,0.0,0.0,0.0,one,SR,1
0,2204,2021,0,0,19.7007,17.5,0.2329,0.0,0.0,3463,1106,0,0,18.65,19.68,0.0,0.0,15,0.0,0.0,0.0,one,SR,1
0,1378,5809,0,0,19.7336,17.4041,0.0632,0.0,0.0,2276,1317,0,0,3.5,22.66,0.0,0.0,204,0.0,0.0,0.0,one,SR,1
0,2729,7304,0,0,19.5223,17.2535,0.1567,0.0,0.0,2387,1208,0,0,6.05,21.12,0.0,0.0,120,0.0,0.0,0.0,one,SR,1
0,4379,1596,0,0,19.3992,17.1616,0.1835,0.0,0.0,1615,1167,0,0,-1.53,20.54,0.0,0.0,91,0.0,0.0,0.0,one,SR,1
0,2434,7310,0,0,19.0054,16.7301,0.1378,0.0,0.0,1949,1226,0,0,1.23,21.38,0.0,0.0,171,0.0,0.0,0.0,one,SR,1
0,4660,4851,0,0,18.7886,16.5605,0.1881,0.0,0.0,2055,1157,0,0,3.22,20.4,0.0,0.0,123,0.0,0.0,0.0,one,SR,1
0,4865,5824,0,0,18.6048,16.3485,0.1655,0.0,0.0,1421,1193,0,0,-3.9,20.91,0.0,0.0,169,0.0,0.0,0.0,one,SR,1
0,2522,8370,0,0,17.5061,15.3261,0.2772,0.0,0.0,1693,1060,0,0,0.65,19.03,0.0,0.0,123,0.0,0.0,0.0,one,SR,1
0,1784,633,0,0,17.5334,15.3306,0.2392,0.0,0.0,1414,1103,0,0,-2.83,19.64,0.0,0.0,160,0.0,0.0,0.0,one,SR,1
0,2127,6269,1844,0,28.8031,18.6559,3.7279,3.7279,0.0,2399,901,901,0,0.97,13.46,13.46,0.0,380,0.0,0.0,0.0,many,SR,2
0,4854,1170,0,0,16.5448,14.4837,0.4326,0.0,0.0,1211,866,0,0,-1.94,16.29,0.0,0.0,12,0.0,0.0,0.0,one,SR,1
0,4422,148,0,0,16.7949,14.5796,0.2163,0.0,0.0,2200,1128,0,0,5.11,19.99,0.0,0.0,233,0.0,0.0,0.0,one,SR,1
0,3362,7940,0,0,16.3992,14.3353,0.4566,0.0,0.0,1082,851,0,0,-3.1,16.07,0.0,0.0,9,0.0,0.0,0.0,one,SR,1
0,4098,226,0,0,16.6006,14.3997,0.2514,0.0,0.0,1914,1093,0,0,2.55,19.5,0.0,0.0,215,0.0,0.0,0.0,one,SR,1
0,173,5155,0,0,16.2163,14.1638,0.4452,0.0,0.0,1362,851,0,0,-0.16,16.07,0.0,0.0,21,0.0,0.0,0.0,one,SR,1
0,2711,1440,0,0,16.323,14.1984,0.349,0.0,0.0,1375,970,0,0,-1.54,17.76,0.0,0.0,122,0.0,0.0,0.0,one,SR,1
0,4321,9464,6567,0,46.1971,33.1875,4.2904,4.6487,0.0,2590,1189,1879,0,-9.44,16.72,23.98,0.0,235,0.0,90.0,0.0,many,SR,2
0,2845,646,0,0,15.9958,13.7126,0.1216,0.0,0.0,2644,1243,0,0,8.31,21.62,0.0,0.0,392,0.0,0.0,0.0,one,SR,1
0,3496,8704,0,0,15.2061,13.1851,0.4958,0.0,0.0,1433,793,0,0,1.32,15.25,0.0,0.0,37,0.0,0.0,0.0,one,SR,1
0,3321,1496,1495,0,36.6578,24.7656,4.2806,4.2806,0.0,3289,1183,1183,0,4.56,16.66,16.66,0.0,356,0.0,0.0,0.0,many,SR,2
0,4569,4460,0,0,14.8679,12.8707,0.5355,0.0,0.0,1204,748,0,0,-0.51,14.62,0.0,0.0,20,0.0,0.0,0.0,one,SR,1
0,2462,4006,0,0,14.8914,12.8772,0.52,0.0,0.0,1223,771,0,0,-0.61,14.94,0.0,0.0,39,0.0,0.0,0.0,one,SR,1
0,398,6409,0,0,14.9646,12.8848,0.4286,0.0,0.0,1927,882,0,0,5.37,16.51,0.0,0.0,135,0.0,0.0,0.0,one,SR,1
0,1361,2092,0,0,14.7064,12.6672,0.4786,0.0,0.0,2024,818,0,0,7.21,15.61,0.0,0.0,94,0.0,0.0,0.0,one,SR,1
0,1369,6916,3867,0,36.0072,25.9649,4.0336,2.6961,0.0,2118,1769,949,0,-7.57,21.22,11.9,0.0,263,199.0,185.0,0.0,many,SR,2
0,3085,488,0,0,13.931,11.8489,0.4253,0.0,0.0,1422,886,0,0,0.02,16.57,0.0,0.0,209,0.0,0.0,0.0,one,SR,1
0,3930,1378,1377,0,45.3412,32.0629,4.7196,4.7196,0.0,2911,1407,1407,0,-3.99,19.2,19.2,0.0,170,0.0,0.0,0.0,many,SR,2
0,2272,7602,0,0,13.634,11.5642,0.4385,0.0,0.0,1751,868,0,0,3.7,16.31,0.0,0.0,213,0.0,0.0,0.0,one,SR,1
0,2020,2836,0,0,13.5369,11.4701,0.4524,0.0,0.0,1550,856,0,0,1.75,16.14,0.0,0.0,209,0.0,0.0,0.0,one,SR,1
0,1605,9569,0,0,13.0408,11.034,0.5353,0.0,0.0,1194,755,0,0,-0.71,14.72,0.0,0.0,151,0.0,0.0,0.0,one,SR,1
0,4838,2750,0,0,12.7041,10.6831,0.4958,0.0,0.0,1262,793,0,0,-0.48,15.25,0.0,0.0,208,0.0,0.0,0.0,one,SR,1
0,4952,5042,0,0,12.0646,10.0795,0.5672,0.0,0.0,1448,717,0,0,2.44,14.18,0.0,0.0,183,0.0,0.0,0.0,one,SR,1
0,476,6769,528,0,30.5612,21.1194,2.737,3.7865,0.0,2218,1395,928,0,-2.98,15.42,13.76,0.0,351,321.0,0.0,0.0,many,SR,2
0,3242,4119,2005,0,32.4073,22.4107,3.6522,3.6575,0.0,1195,871,962,0,-11.63,13.07,13.8,0.0,121,4.0,31.0,0.0,many,SR,2
0,3433,9245,0,0,18.6066,16.2907,0.0878,0.0,0.0,1758,1290,0,0,-1.59,22.28,0.0,0.0,257,0.0,0.0,0.0,one,SR,1
0,2689,7849,7468,0,26.9926,18.2945,3.0575,3.3506,0.0,3076,810,722,0,11.69,11.52,11.38,0.0,158,80.0,4.0,0.0,many,SR,2
0,376,7319,6781,0,40.8217,29.029,4.0689,4.4177,0.0,1349,1075,1277,0,-15.59,15.43,17.63,0.0,50,0.0,8.0,0.0,many,SR,2
0,4441,623,0,0,19.9871,17.6662,0.0617,0.0,0.0,2144,1312,0,0,2.18,22.59,0.0,0.0,182,0.0,0.0,0.0,one,SR,1
0,4636,9088,0,0,18.0939,15.9155,0.2797,0.0,0.0,1571,1057,0,0,-0.59,18.99,0.0,0.0,80,0.0,0.0,0.0,one,SR,1
0,4027,4424,1734,0,29.3051,19.3386,3.6689,3.6752,0.0,1923,868,872,0,-3.41,13.08,13.14,0.0,291,0.0,-1.0,0.0,many,SR,2
0,4232,7859,108,0,43.4943,31.1451,4.3502,4.3453,0.0,2230,1533,1217,0,-9.47,19.5,17.04,0.0,119,100.0,0.0,0.0,many,SR,2
0,4592,9224,5776,0,62.2418,46.5999,5.1038,5.2201,0.0,2142,1917,2075,0,-25.37,25.59,27.59,0.0,86,0.0,0.0,0.0,many,SR,2
0,4842,9510,0,0,18.9817,16.6635,0.0562,0.0,0.0,2139,1314,0,0,2.1,22.62,0.0,0.0,252,0.0,0.0,0.0,one,SR,1
0,332,9916,0,0,15.1797,13.1445,0.4845,0.0,0.0,1275,811,0,0,-0.57,15.51,0.0,0.0,56,0.0,0.0,0.0,one,SR,1
0,3183,4840,0,0,20.019,17.7022,0.0817,0.0,0.0,2518,1295,0,0,6.32,22.35,0.0,0.0,165,0.0,0.0,0.0,one,SR,1
0,2245,4279,0,0,21.9114,19.5815,0.0439,0.0,0.0,1664,1331,0,0,-3.1,22.86,0.0,0.0,68,0.0,0.0,0.0,one,SR,1
0,4784,3701,0,0,17.4579,15.2605,0.2564,0.0,0.0,1635,1087,0,0,-0.3,19.41,0.0,0.0,151,0.0,0.0,0.0,one,SR,1
0,2510,6482,0,0,17.4061,15.2195,0.2724,0.0,0.0,2087,1068,0,0,4.69,19.14,0.0,0.0,137,0.0,0.0,0.0,one,SR,1
0,1934,3573,0,0,18.5648,16.3086,0.147,0.0,0.0,2132,1206,0,0,3.4,21.09,0.0,0.0,183,0.0,0.0,0.0,one,SR,1
0,3708,4545,687,0,42.5863,30.0438,4.574,4.3312,0.0,1693,1431,1254,0,-14.96,19.09,17.28,0.0,184,33.0,16.0,0.0,many,SR,2
0,3175,2851,0,0,14.6938,12.5918,0.3773,0.0,0.0,1313,934,0,0,-1.74,17.25,0.0,0.0,200,0.0,0.0,0.0,one,SR,1
0,3520,6097,0,0,15.7636,13.6517,0.3816,0.0,0.0,1249,938,0,0,-2.46,17.3,0.0,0.0,131,0.0,0.0,0.0,one,SR,1
0,234,4802,82,0,38.1153,26.4595,4.3939,3.9864,0.0,1470,1311,1030,0,-14.04,17.83,14.92,0.0,206,24.0,0.0,0.0,many,SR,2
0,1438,9877,0,0,15.6261,13.535,0.3933,0.0,0.0,1276,915,0,0,-1.88,16.98,0.0,0.0,119,0.0,0.0,0.0,one,SR,1
0,4523,6506,6505,730,88.4372,65.1137,5.122,5.122,5.1757,2604,1943,1943,2049,-43.79,25.92,25.92,27.19,411,0.0,0.0,5.0,many,SR,3
0,4724,9504,9452,8153,69.276,50.6863,4.4741,4.7792,3.4084,2280,2280,1456,739,-29.41,27.87,19.79,11.62,182,182.0,0.0,0.0,many,SR,3
0,1797,3579,580,0,58.0151,43.3083,5.1337,4.6763,0.0,2324,2324,1381,0,-19.67,30.07,18.9,0.0,52,52.0,0.0,0.0,many,SR,2
0,442,6787,1394,0,46.5735,33.0811,4.7908,4.7394,0.0,2366,1459,1469,0,-10.82,19.82,19.8,0.0,176,0.0,12.0,0.0,many,SR,2
0,3270,3992,3552,0,43.7978,31.6166,4.8888,3.7396,0.0,2171,1638,907,0,-9.18,22.0,13.53,0.0,25,6.0,0.0,0.0,many,SR,2
0,3955,8041,6069,0,46.0862,33.7944,5.1185,3.4143,0.0,1948,1948,741,0,-13.38,25.95,11.64,0.0,3,3.0,0.0,0.0,many,SR,2
0,1527,2091,775,0,47.5594,34.3818,4.4469,4.8586,0.0,1608,1264,1564,0,-17.96,17.57,21.15,0.0,32,0.0,0.0,0.0,many,SR,2
0,2893,4588,4587,0,37.4399,26.0737,4.114,4.114,0.0,1457,1098,1098,0,-12.95,15.69,15.69,0.0,148,0.0,0.0,0.0,many,SR,2
0,4580,6937,1204,0,40.392,28.7351,4.9153,3.3701,0.0,1732,1652,730,0,-12.16,22.24,11.47,0.0,110,1.0,4.0,0.0,many,SR,2
0,60,6786,2827,0,38.8829,27.6609,3.8826,4.2057,0.0,1254,978,1247,0,-15.04,14.33,17.01,0.0,37,0.0,33.0,0.0,many,SR,2
0,1470,7773,5706,0,32.7516,22.9461,3.5243,3.6781,0.0,1252,795,954,0,-10.28,12.27,13.76,0.0,33,-1.0,26.0,0.0,many,SR,2
0,4773,7400,5430,0,36.6498,25.8443,3.9357,3.9357,0.0,2880,1008,1008,0,3.83,14.67,14.67,0.0,39,0.0,0.0,0.0,many,SR,2
0,1812,7463,750,0,27.1647,18.4811,2.8828,3.4598,0.0,1226,843,775,0,-8.2,11.44,11.97,0.0,177,120.0,5.0,0.0,many,SR,2
0,1717,7439,3662,0,27.51,18.1076,3.3709,3.6179,0.0,1911,715,842,0,-1.66,11.35,12.79,0.0,247,0.0,0.0,0.0,many,SR,2
0,807,8086,4207,0,47.079,34.1164,4.2999,4.7812,0.0,1894,1189,1672,0,-15.05,16.72,22.09,0.0,56,0.0,33.0,0.0,many,SR,2
0,1571,6189,3284,0,29.4349,20.1829,3.4435,3.4493,0.0,1294,754,755,0,-7.65,11.79,11.8,0.0,72,0.0,0.0,0.0,many,SR,2
0,2979,3350,2313,0,28.5804,19.1121,3.4906,3.538,0.0,2033,778,801,0,-0.61,12.06,12.33,0.0,194,0.0,-1.0,0.0,many,SR,2
0,4208,8709,0,0,19.438,17.1362,0.085,0.0,0.0,2053,1282,0,0,1.61,22.17,0.0,0.0,192,0.0,0.0,0.0,one,SR,1
0,3533,4757,0,0,16.896,14.7812,0.3633,0.0,0.0,1993,953,0,0,5.16,17.52,0.0,0.0,67,0.0,0.0,0.0,one,SR,1
0,1936,5468,0,0,16.8908,14.6631,0.1934,0.0,0.0,1512,1153,0,0,-2.43,20.34,0.0,0.0,249,0.0,0.0,0.0,one,SR,1
0,452,9984,0,0,15.8837,13.7463,0.3349,0.0,0.0,1692,989,0,0,1.54,18.02,0.0,0.0,169,0.0,0.0,0.0,one,SR,1
0,2041,3654,0,0,15.6554,13.5725,0.4006,0.0,0.0,1371,904,0,0,-0.74,16.82,0.0,0.0,107,0.0,0.0,0.0,one,SR,1
0,4630,9368,4122,0,33.2818,22.7744,3.8578,3.7982,0.0,1506,1031,933,0,-9.85,14.69,13.82,0.0,197,21.0,0.0,0.0,many,SR,2
0,2101,5041,0,0,14.8964,12.8798,0.521,0.0,0.0,1406,772,0,0,1.3,14.96,0.0,0.0,40,0.0,0.0,0.0,one,SR,1
0,357,9201,0,0,15.1459,13.0257,0.3601,0.0,0.0,1870,959,0,0,3.79,17.6,0.0,0.0,192,0.0,0.0,0.0,one,SR,1
0,3620,9168,0,0,15.0801,12.9769,0.3898,0.0,0.0,1433,926,0,0,-0.37,17.13,0.0,0.0,167,0.0,0.0,0.0,one,SR,1
0,1748,126,0,0,15.0379,12.8403,0.2608,0.0,0.0,1953,1084,0,0,3.08,19.37,0.0,0.0,313,0.0,0.0,0.0,one,SR,1
0,1992,9633,0,0,14.7715,12.6538,0.3591,0.0,0.0,1891,958,0,0,4.03,17.59,0.0,0.0,217,0.0,0.0,0.0,one,SR,1
0,2712,5708,0,0,14.3819,12.3947,0.5453,0.0,0.0,1139,734,0,0,-1.02,14.42,0.0,0.0,40,0.0,0.0,0.0,one,SR,1
0,3776,3318,0,0,14.5204,12.4554,0.4408,0.0,0.0,1317,863,0,0,-0.79,16.24,0.0,0.0,148,0.0,0.0,0.0,one,SR,1
0,2362,9129,0,0,13.6413,11.6456,0.5283,0.0,0.0,1893,752,0,0,6.67,14.67,0.0,0.0,107,0.0,0.0,0.0,one,SR,1
0,3973,6040,6039,0,63.8627,47.8816,5.2207,5.2207,0.0,2776,2084,2084,0,-20.71,27.7,27.7,0.0,135,0.0,0.0,0.0,many,SR,2
0,198,8823,0,0,13.1047,11.0409,0.438,0.0,0.0,1556,864,0,0,1.71,16.26,0.0,0.0,245,0.0,0.0,0.0,one,SR,1
0,1059,3622,0,0,12.5287,10.5118,0.4972,0.0,0.0,1476,789,0,0,1.82,15.2,0.0,0.0,216,0.0,0.0,0.0,one,SR,1
0,199,6052,0,0,10.9874,8.8953,0.4013,0.0,0.0,3062,910,0,0,16.93,16.91,0.0,0.0,431,0.0,0.0,0.0,one,SR,1
0,1849,1924,0,0,9.9797,7.9912,0.5622,0.0,0.0,2504,723,0,0,13.46,14.26,0.0,0.0,331,0.0,0.0,0.0,one,SR,1
0,2820,8879,1453,0,44.3544,32.251,4.8725,3.589,0.0,2130,1794,846,0,-10.41,23.65,12.77,0.0,36,31.0,6.0,0.0,many,SR,2
0,2412,2676,0,0,19.9491,17.6521,0.0873,0.0,0.0,1663,1277,0,0,-2.43,22.1,0.0,0.0,153,0.0,0.0,0.0,one,SR,1
0,4796,7898,0,0,13.7692,11.7313,0.4899,0.0,0.0,1953,809,0,0,6.58,15.48,0.0,0.0,150,0.0,0.0,0.0,one,SR,1
0,468,1724,0,0,16.718,14.4972,0.2035,0.0,0.0,2385,1141,0,0,6.89,20.17,0.0,0.0,250,0.0,0.0,0.0,one,SR,1
0,1504,5677,0,0,17.6474,15.4979,0.3173,0.0,0.0,1594,1010,0,0,0.25,18.32,0.0,0.0,68,0.0,0.0,0.0,one,SR,1
0,2688,7483,0,0,16.1892,13.9733,0.2154,0.0,0.0,1837,1129,0,0,1.28,20.0,0.0,0.0,275,0.0,0.0,0.0,one,SR,1
0,1365,5551,3924,0,32.5968,22.3479,3.7503,3.7629,0.0,1638,924,922,0,-7.42,13.67,13.68,0.0,155,4.0,1.0,0.0,many,SR,2
0,1516,2280,0,0,13.7525,11.691,0.4414,0.0,0.0,1656,860,0,0,2.81,16.2,0.0,0.0,197,0.0,0.0,0.0,one,SR,1
0,3775,4441,965,0,40.7814,29.1219,4.0647,4.3545,0.0,1241,1068,1219,0,-16.13,15.35,17.05,0.0,3,0.0,1.0,0.0,many,SR,2
0,3829,2598,0,0,16.8434,14.6951,0.319,0.0,0.0,2511,1008,0,0,9.9,18.29,0.0,0.0,121,0.0,0.0,0.0,one,SR,1
0,1394,6079,0,0,21.7969,19.4445,0.0296,0.0,0.0,2610,1357,0,0,6.5,23.23,0.0,0.0,100,0.0,0.0,0.0,one,SR,1
0,4026,6921,1350,0,35.5702,24.6664,3.6179,4.3212,0.0,1292,842,1202,0,-13.12,12.79,16.86,0.0,138,0.0,1.0,0.0,many,SR,2
0,1779,759,0,0,13.5733,11.5299,0.463,0.0,0.0,1709,832,0,0,3.72,15.8,0.0,0.0,184,0.0,0.0,0.0,one,SR,1
0,2808,8148,7811,2645,70.3429,51.1801,4.0106,4.4886,4.7992,1688,1310,1653,1507,-35.05,17.13,21.13,20.38,109,85.0,90.0,4.0,many,SR,3
0,3073,8441,2820,0,62.4664,46.1311,5.1937,5.1673,0.0,3253,2111,2482,0,-19.61,27.9,31.84,0.0,521,11.0,69.0,0.0,many,SR,2
0,2816,7338,1637,0,51.7627,37.0164,5.3489,4.5229,0.0,3283,2288,1366,0,-9.4,30.23,18.51,0.0,468,3.0,19.0,0.0,many,SR,2
0,4978,2158,1863,0,46.4205,33.1199,5.0939,3.8001,0.0,2784,2291,1016,0,-10.43,29.59,14.48,0.0,446,57.0,25.0,0.0,many,SR,2
0,3882,4945,3483,0,46.8412,33.1715,4.4891,4.993,0.0,2707,1349,1756,0,-9.27,18.31,23.57,0.0,308,20.0,0.0,0.0,many,SR,2
0,3735,9456,957,0,42.5472,30.4938,4.3852,4.2726,0.0,1538,1252,1176,0,-14.41,17.38,16.58,0.0,5,5.0,0.0,0.0,many,SR,2
0,1505,6043,1399,0,42.1037,29.1807,4.1221,4.9071,0.0,2660,1100,1743,0,-7.11,15.73,23.21,0.0,400,-1.0,15.0,0.0,many,SR,2
0,731,1880,1837,0,40.8314,28.6234,5.0096,3.3596,0.0,2665,1777,1132,0,-6.57,23.83,14.56,0.0,404,0.0,134.0,0.0,many,SR,2
0,2502,8368,7839,0,53.9836,38.6748,5.1058,5.1031,0.0,4688,1909,1909,0,3.32,25.49,25.51,0.0,493,0.0,-1.0,0.0,many,SR,2
0,4042,7934,565,0,36.9225,25.9685,4.2239,3.7358,0.0,1413,1150,925,0,-12.11,16.29,13.65,0.0,67,-1.0,7.0,0.0,many,SR,2
0,128,9395,6747,0,34.2924,23.1545,3.8271,4.1589,0.0,2553,1156,1118,0,-1.56,15.6,15.92,0.0,356,66.0,0.0,0.0,many,SR,2
0,4954,8507,3753,0,29.9768,20.7496,3.2842,3.5418,0.0,1762,778,801,0,-3.11,11.68,12.33,0.0,59,34.0,-1.0,0.0,many,SR,2
0,962,2009,0,0,21.5666,19.2491,0.0853,0.0,0.0,2458,1293,0,0,5.72,22.32,0.0,0.0,58,0.0,0.0,0.0,one,SR,1
0,2137,6078,2200,0,28.0651,18.3041,3.4953,3.6593,0.0,2463,898,866,0,2.4,13.0,13.06,0.0,352,37.0,0.0,0.0,many,SR,2
0,1657,8055,0,0,21.0871,18.7832,0.0913,0.0,0.0,1924,1279,0,0,0.29,22.13,0.0,0.0,77,0.0,0.0,0.0,one,SR,1
0,1577,1114,0,0,19.7933,17.4889,0.0764,0.0,0.0,1656,1290,0,0,-2.66,22.28,0.0,0.0,175,0.0,0.0,0.0,one,SR,1
0,3405,1225,0,0,18.5412,16.2777,0.1457,0.0,0.0,2052,1212,0,0,2.49,21.18,0.0,0.0,190,0.0,0.0,0.0,one,SR,1
0,4673,927,0,0,17.9007,15.6699,0.2077,0.0,0.0,1511,1145,0,0,-2.34,20.23,0.0,0.0,173,0.0,0.0,0.0,one,SR,1
0,4153,4432,0,0,17.3085,15.124,0.252,0.0,0.0,1238,1081,0,0,-4.39,19.33,0.0,0.0,155,0.0,0.0,0.0,one,SR,1
0,2708,6834,5297,0,42.9463,30.7972,4.3157,4.4071,0.0,1255,1198,1255,0,-17.66,16.83,17.44,0.0,3,0.0,3.0,0.0,many,SR,2
0,1980,6309,0,0,16.0008,13.9242,0.424,0.0,0.0,1076,883,0,0,-3.58,16.53,0.0,0.0,65,0.0,0.0,0.0,one,SR,1
0,2519,349,0,0,15.7557,13.7154,0.491,0.0,0.0,1214,810,0,0,-1.2,15.49,0.0,0.0,16,0.0,0.0,0.0,one,SR,1
0,4331,8199,0,0,16.0091,13.8667,0.323,0.0,0.0,2661,1001,0,0,11.57,18.19,0.0,0.0,171,0.0,0.0,0.0,one,SR,1
0,4484,4436,0,0,14.9532,12.9614,0.5386,0.0,0.0,1068,742,0,0,-1.86,14.53,0.0,0.0,8,0.0,0.0,0.0,one,SR,1
0,753,3178,0,0,14.5813,12.5966,0.5584,0.0,0.0,1093,723,0,0,-1.36,14.26,0.0,0.0,17,0.0,0.0,0.0,one,SR,1
0,3486,3003,0,0,14.5501,12.5738,0.5613,0.0,0.0,1685,715,0,0,4.96,14.15,0.0,0.0,11,0.0,0.0,0.0,one,SR,1
0,653,2132,0,0,13.9524,11.9663,0.5611,0.0,0.0,1481,722,0,0,2.73,14.25,0.0,0.0,59,0.0,0.0,0.0,one,SR,1
0,3673,7992,0,0,13.6826,11.6761,0.5124,0.0,0.0,1301,771,0,0,0.21,14.94,0.0,0.0,121,0.0,0.0,0.0,one,SR,1
0,1222,5440,0,0,12.9865,10.9266,0.4342,0.0,0.0,1520,864,0,0,1.33,16.26,0.0,0.0,253,0.0,0.0,0.0,one,SR,1
0,1715,8187,0,0,21.568,19.2896,0.1239,0.0,0.0,1292,1238,0,0,-5.82,21.55,0.0,0.0,7,0.0,0.0,0.0,one,SR,1
0,2264,3582,224,0,70.4277,53.4111,5.2321,5.4233,0.0,2641,2512,2368,0,-29.52,32.34,31.28,0.0,262,60.0,0.0,0.0,many,SR,2
0,3214,3231,80,0,34.7904,24.5293,3.9414,3.5886,0.0,1289,1008,829,0,-11.05,14.67,12.64,0.0,4,0.0,0.0,0.0,many,SR,2
0,1041,9009,0,0,21.0837,18.7588,0.0699,0.0,0.0,2043,1309,0,0,1.16,22.55,0.0,0.0,105,0.0,0.0,0.0,one,SR,1
0,3713,1450,0,0,17.8852,15.7499,0.3286,0.0,0.0,1190,992,0,0,-3.77,18.07,0.0,0.0,35,0.0,0.0,0.0,one,SR,1
0,1158,5642,0,0,20.7422,18.406,0.0346,0.0,0.0,1710,1342,0,0,-2.76,23.02,0.0,0.0,158,0.0,0.0,0.0,one,SR,1
0,3254,9651,0,0,13.2156,11.1731,0.4832,0.0,0.0,1631,817,0,0,3.09,15.59,0.0,0.0,195,0.0,0.0,0.0,one,SR,1
0,4841,2588,0,0,17.2104,15.0868,0.3692,0.0,0.0,1355,955,0,0,-1.56,17.54,0.0,0.0,48,0.0,0.0,0.0,one,SR,1
0,305,806,0,0,12.9765,10.9912,0.5434,0.0,0.0,1204,734,0,0,-0.33,14.42,0.0,0.0,136,0.0,0.0,0.0,one,SR,1
0,3537,6452,1539,0,51.7627,37.8921,5.1115,4.4351,0.0,3364,1931,1257,0,-3.59,25.75,17.49,0.0,70,2.0,0.0,0.0,many,SR,2
0,2265,6111,4608,4607,82.8313,61.1515,5.2036,4.8255,4.8255,2398,2046,1514,1514,-36.25,27.22,20.52,20.52,19,0.0,0.0,0.0,many,SR,3
0,796,4163,4099,0,76.4355,58.9297,4.6952,6.1281,0.0,3549,1745,3393,0,-22.88,22.67,44.15,0.0,83,60.0,3.0,0.0,many,SR,2
0,152,3343,0,0,20.1285,17.7699,0.0019,0.0,0.0,1725,1381,0,0,-3.1,23.57,0.0,0.0,235,0.0,0.0,0.0,one,SR,1
0,2534,5436,0,0,17.4803,15.3573,0.37,0.0,0.0,1358,954,0,0,-1.52,17.53,0.0,0.0,29,0.0,0.0,0.0,one,SR,1
0,4687,2960,0,0,15.1604,13.0742,0.4053,0.0,0.0,1249,903,0,0,-2.01,16.81,0.0,0.0,140,0.0,0.0,0.0,one,SR,1
0,1905,7988,3054,3053,54.2273,37.9419,3.898,3.9239,3.9239,1765,1215,1002,1002,-22.32,16.19,14.6,14.6,199,73.0,0.0,0.0,many,SR,3
0,3627,1067,0,0,13.9608,11.9761,0.5584,0.0,0.0,1143,723,0,0,-0.84,14.26,0.0,0.0,59,0.0,0.0,0.0,one,SR,1
0,2122,5236,0,0,13.3508,11.2631,0.3983,0.0,0.0,1794,909,0,0,3.63,16.89,0.0,0.0,269,0.0,0.0,0.0,one,SR,1
0,3787,8291,3146,0,43.7259,31.6364,3.5336,4.9894,0.0,1772,799,1740,0,-13.49,12.3,23.36,0.0,32,0.0,0.0,0.0,many,SR,2
0,1452,5771,3288,0,40.9561,29.0777,4.2675,4.2843,0.0,2374,1184,1182,0,-5.01,16.62,16.64,0.0,59,4.0,0.0,0.0,many,SR,2
0,4910,7694,7302,0,53.6702,39.2843,4.7024,4.9855,0.0,2003,1819,1751,0,-21.25,23.5,23.48,0.0,205,68.0,2.0,0.0,many,SR,2
0,1474,6296,1947,0,36.6039,25.6777,4.0858,3.8087,0.0,1569,1136,1005,0,-10.81,15.92,14.4,0.0,110,18.0,21.0,0.0,many,SR,2
0,1411,2783,1407,0,61.6104,46.2391,5.3592,4.8769,0.0,2264,2264,1582,0,-22.44,29.98,21.37,0.0,-1,-1.0,0.0,0.0,many,SR,2
0,3891,8803,4604,0,61.0296,44.8712,5.2938,5.1864,0.0,2645,2254,2035,0,-23.33,29.7,27.08,0.0,425,11.0,0.0,0.0,many,SR,2
0,1945,8915,7942,0,59.4564,44.1966,5.0071,5.1855,0.0,2306,1768,2024,0,-21.39,23.72,26.96,0.0,96,0.0,-1.0,0.0,many,SR,2
0,1367,6477,1975,0,53.4796,38.9016,5.0403,4.8447,0.0,2123,1982,1536,0,-19.95,26.14,20.79,0.0,228,22.0,0.0,0.0,many,SR,2
0,1318,6578,2898,0,43.5724,30.8728,4.6035,4.1483,0.0,2154,1529,1568,0,-12.91,20.11,19.37,0.0,318,47.0,146.0,0.0,many,SR,2
0,782,6918,2314,0,39.8758,28.3003,4.4018,3.8981,0.0,1821,1374,984,0,-10.36,18.36,14.4,0.0,81,41.0,0.0,0.0,many,SR,2
0,4727,6360,724,0,36.1274,25.5578,4.1044,3.5786,0.0,1185,1184,820,0,-13.54,16.33,12.54,0.0,29,30.0,0.0,0.0,many,SR,2
0,624,8008,0,0,22.357,20.0034,0.0138,0.0,0.0,2528,1369,0,0,5.49,23.4,0.0,0.0,72,0.0,0.0,0.0,one,SR,1
0,3820,8436,0,0,20.0278,17.8179,0.2194,0.0,0.0,2242,1122,0,0,5.63,19.91,0.0,0.0,7,0.0,0.0,0.0,one,SR,1
0,2042,4815,0,0,18.9473,16.6423,0.0756,0.0,0.0,1747,1291,0,0,-1.72,22.29,0.0,0.0,234,0.0,0.0,0.0,one,SR,1
0,2102,4342,0,0,17.7187,15.5234,0.2642,0.0,0.0,3517,1080,0,0,19.55,19.31,0.0,0.0,127,0.0,0.0,0.0,one,SR,1
0,4764,3556,0,0,17.2984,15.1326,0.3026,0.0,0.0,2233,1032,0,0,6.68,18.63,0.0,0.0,112,0.0,0.0,0.0,one,SR,1
0,2746,6444,0,0,16.1296,14.047,0.4244,0.0,0.0,1200,887,0,0,-2.32,16.58,0.0,0.0,60,0.0,0.0,0.0,one,SR,1
0,3164,7399,0,0,15.1662,13.1082,0.4605,0.0,0.0,1205,844,0,0,-1.72,15.97,0.0,0.0,87,0.0,0.0,0.0,one,SR,1
0,2558,5541,0,0,15.1129,12.9731,0.336,0.0,0.0,1446,990,0,0,-1.05,18.04,0.0,0.0,223,0.0,0.0,0.0,one,SR,1
0,500,5515,0,0,11.6951,9.7096,0.562,0.0,0.0,1398,721,0,0,1.87,14.23,0.0,0.0,212,0.0,0.0,0.0,one,SR,1
0,2938,2624,0,0,9.7498,7.7553,0.53,0.0,0.0,2255,750,0,0,10.5,14.64,0.0,0.0,370,0.0,0.0,0.0,one,SR,1
0,3900,5570,1994,0,31.9009,22.0496,3.6903,3.4105,0.0,2116,935,1030,0,-2.54,13.65,13.85,0.0,185,17.0,94.0,0.0,many,SR,2
0,917,2295,0,0,8.282,6.2128,0.4393,0.0,0.0,3465,867,0,0,21.71,16.3,0.0,0.0,577,0.0,0.0,0.0,one,SR,1
0,650,7903,7224,0,46.3809,33.4833,4.1138,4.8648,0.0,2292,1397,1569,0,-11.21,17.99,21.2,0.0,122,96.0,1.0,0.0,many,SR,2
0,3309,7813,5428,0,71.8584,55.207,4.1668,6.2399,0.0,3995,1124,3579,0,-14.25,15.99,46.46,0.0,68,0.0,6.0,0.0,many,SR,2
0,3575,7827,5859,0,65.7555,49.4812,5.9074,4.5261,0.0,3211,3058,1353,0,-18.85,39.98,18.42,0.0,211,-1.0,14.0,0.0,many,SR,2
0,4231,3390,1532,0,33.6795,22.8367,3.7307,4.0272,0.0,2244,1183,1059,0,-4.2,15.62,15.23,0.0,336,91.0,2.0,0.0,many,SR,2
0,798,8979,0,0,17.4974,15.3665,0.3398,0.0,0.0,1309,981,0,0,-2.38,17.91,0.0,0.0,52,0.0,0.0,0.0,one,SR,1
0,1355,1404,0,0,13.4711,11.469,0.5376,0.0,0.0,1272,750,0,0,0.18,14.64,0.0,0.0,117,0.0,0.0,0.0,one,SR,1
0,959,5818,5452,1813,110.6646,85.4234,5.4694,5.5321,4.257,2796,2591,2518,2796,-60.49,33.8,33.17,32.86,302,23.0,0.0,302.0,many,SR,3
0,3988,5235,0,0,13.8794,11.8571,0.5126,0.0,0.0,1238,782,0,0,-0.59,15.1,0.0,0.0,118,0.0,0.0,0.0,one,SR,1
0,2194,385,209,0,63.8203,48.1355,5.2446,4.9006,0.0,3434,2616,1624,0,-13.8,33.49,21.9,0.0,118,72.0,0.0,0.0,many,SR,2
0,834,4579,0,0,13.5582,11.526,0.4842,0.0,0.0,1406,809,0,0,0.83,15.48,0.0,0.0,164,0.0,0.0,0.0,one,SR,1
0,1128,2357,1425,0,58.1447,42.8995,4.5094,5.528,0.0,2842,1350,2569,0,-17.03,18.36,33.72,0.0,271,17.0,7.0,0.0,many,SR,2
0,3822,6891,6643,292,48.5944,32.7258,3.8906,3.6786,3.6172,3938,1730,872,902,-0.79,20.44,13.13,13.25,642,222.0,0.0,19.0,many,SR,3
0,2540,8742,0,0,17.5555,15.3837,0.2704,0.0,0.0,1256,1059,0,0,-3.92,19.01,0.0,0.0,118,0.0,0.0,0.0,one,SR,1
0,2387,7633,1511,0,62.6842,46.3953,5.2029,5.2956,0.0,2671,2045,2344,0,-24.07,27.21,30.7,0.0,390,0.0,22.0,0.0,many,SR,2
0,2439,6738,0,0,11.8648,9.874,0.5588,0.0,0.0,1943,727,0,0,7.51,14.32,0.0,0.0,206,0.0,0.0,0.0,one,SR,1
0,553,7936,7211,0,55.0692,39.955,5.1358,4.9578,0.0,2304,2070,1703,0,-20.99,27.31,22.9,0.0,357,17.0,0.0,0.0,many,SR,2
0,2225,9726,9287,0,54.9143,39.8914,5.0351,5.0176,0.0,2351,1954,1783,0,-20.05,25.8,23.91,0.0,330,21.0,0.0,0.0,many,SR,2
0,1210,8208,0,0,14.671,12.6096,0.4555,0.0,0.0,1288,850,0,0,-0.93,16.06,0.0,0.0,126,0.0,0.0,0.0,one,SR,1
0,2233,4537,4536,0,63.0675,46.6868,5.2945,5.2945,0.0,2396,2184,2184,0,-26.97,28.96,28.96,0.0,371,0.0,0.0,0.0,many,SR,2
0,3231,3819,0,0,18.8591,16.5149,0.037,0.0,0.0,3446,1346,0,0,15.42,23.07,0.0,0.0,290,0.0,0.0,0.0,one,SR,1
0,4919,9594,8650,0,51.9161,38.6752,5.745,2.4902,0.0,3305,2840,1120,0,-10.35,37.21,12.84,0.0,435,1.0,273.0,0.0,many,SR,2
0,4846,9910,3357,0,48.2237,34.4517,4.8319,4.8254,0.0,1767,1515,1522,0,-18.48,20.53,20.62,0.0,176,0.0,0.0,0.0,many,SR,2
0,1595,2895,2536,0,63.5455,47.6195,5.1756,5.1931,0.0,2280,2006,2199,0,-26.08,26.72,28.86,0.0,164,0.0,23.0,0.0,many,SR,2
0,2067,5564,4669,0,66.7318,50.6082,5.6979,4.7688,0.0,3457,2802,1469,0,-14.61,36.67,19.9,0.0,21,6.0,4.0,0.0,many,SR,2
0,3122,9188,3508,0,58.0754,43.462,4.4009,5.0748,0.0,2249,2167,1862,0,-22.63,26.48,24.9,0.0,190,180.0,0.0,0.0,many,SR,2
0,2921,9852,0,0,13.3587,11.3099,0.4599,0.0,0.0,1879,838,0,0,5.43,15.89,0.0,0.0,204,0.0,0.0,0.0,one,SR,1
0,2455,7212,3752,0,57.2263,42.1643,4.9578,5.1605,0.0,2090,1703,1991,0,-22.55,22.9,26.54,0.0,159,0.0,-1.0,0.0,many,SR,2
0,509,5594,5077,0,62.8378,46.8101,5.2161,5.2505,0.0,2388,2072,2113,0,-24.98,27.55,28.06,0.0,221,0.0,0.0,0.0,many,SR,2
0,2018,5222,0,0,17.8023,15.5968,0.2306,0.0,0.0,2018,1111,0,0,3.41,19.75,0.0,0.0,149,0.0,0.0,0.0,one,SR,1
