station,driver,rider1,rider2,rider3,VMT,save_d,save_r1,save_r2,save_r3,T_d,T_r1,T_r2,T_r3,cost_d,cost_r1,cost_r2,cost_r3,detour_d,detour_r1,detour_r2,detour_r3,size,type,num_riders
0,16,3437,3436,0,30.4699,16.9594,5.7576,5.7576,0.0,1155,792.0,792.0,0.0,-5.83,9.98,9.98,0.0,68,0.0,0.0,0.0,many,SR,2
0,27,7808,2905,1154,65.5871,36.9941,7.4381,9.1945,7.5787,2633,1182.0,1769.0,1171.0,-11.79,13.11,17.51,13.2,167,22.0,116.0,0.0,many,SR,3
0,28,7671,3769,2707,66.6767,38.1114,8.1618,8.1637,7.9959,2267,1293.0,1299.0,1258.0,-14.39,14.24,14.26,13.94,6,0.0,3.0,0.0,many,SR,3
0,35,2563,2562,56,49.7009,27.4816,6.1095,6.1095,6.5746,1388,863.0,863.0,1388.0,-16.26,10.58,10.58,13.1,229,0.0,0.0,229.0,many,SR,3
0,41,5916,1814,66,65.8219,37.3861,7.0397,7.0397,9.924,2073,1057.0,1057.0,2073.0,-18.12,12.23,12.23,19.86,171,0.0,0.0,171.0,many,SR,3
0,46,5574,5573,0,49.7096,27.8914,9.2619,9.2619,0.0,1862,1543.0,1543.0,0.0,-10.1,16.47,16.47,0.0,120,0.0,0.0,0.0,many,SR,2
0,47,4265,3549,0,33.7926,19.1191,5.935,6.5588,0.0,1084,827.0,993.0,0.0,-8.24,10.27,11.52,0.0,34,0.0,19.0,0.0,many,SR,2
0,63,6919,3567,0,39.17,21.8733,7.9167,6.8048,0.0,1408,1277.0,1008.0,0.0,-8.39,13.94,11.81,0.0,89,19.0,0.0,0.0,many,SR,2
0,67,7638,7637,6072,60.0581,33.759,8.0083,8.0083,6.3396,1434,1326.0,1326.0,911.0,-20.43,14.22,14.22,10.99,118,35.0,35.0,0.0,many,SR,3
0,69,7889,7888,0,37.6741,21.2354,7.0014,7.0014,0.0,1179,1051.0,1051.0,0.0,-9.54,12.18,12.18,0.0,47,0.0,0.0,0.0,many,SR,2
0,76,8055,5551,896,52.1304,28.4825,7.6193,6.3752,6.0389,2149,1394.0,920.0,974.0,-9.97,14.12,11.06,10.96,276,115.0,0.0,66.0,many,SR,3
0,84,6815,1349,0,44.153,25.1468,8.061,8.114,0.0,1422,1270.0,1314.0,0.0,-10.55,14.04,14.27,0.0,23,0.0,17.0,0.0,many,SR,2
0,85,9782,0,0,15.3695,10.7972,3.3209,0.0,0.0,1129,799.0,0.0,0.0,0.59,12.51,0.0,0.0,32,0.0,0.0,0.0,one,SR,1
50,87,6254,4558,1069,47.3528,10.5988,14.5456,10.4204,10.4204,1275,1696.0,1325.0,1325.0,1.08,8.75,7.46,7.46,117,256.0,283.0,283.0,many,RT,3
0,88,4454,1523,0,36.5023,19.9324,6.6727,7.3313,0.0,1349,1315.0,1119.0,0.0,-8.93,12.9,12.76,0.0,216,179.0,0.0,0.0,many,SR,2
0,92,1191,0,0,15.6472,11.0393,3.346,0.0,0.0,1156,809.0,0.0,0.0,0.78,12.62,0.0,0.0,22,0.0,0.0,0.0,one,SR,1
0,100,8566,8564,3028,62.3051,35.7104,6.1076,6.1076,10.298,1946,863.0,863.0,1940.0,-16.3,10.58,10.58,19.66,70,0.0,0.0,60.0,many,SR,3
0,127,5397,1608,0,31.9844,17.5689,6.2809,5.8928,0.0,1233,1233.0,819.0,0.0,-7.23,12.21,10.21,0.0,178,178.0,0.0,0.0,many,SR,2
0,145,1786,0,0,14.8052,10.4695,3.1522,0.0,0.0,1092,735.0,0.0,0.0,0.81,11.83,0.0,0.0,13,0.0,0.0,0.0,one,SR,1
0,149,9342,308,0,42.4675,23.5641,7.6957,8.2579,0.0,1707,1195.0,1707.0,0.0,-8.62,13.4,16.09,0.0,204,0.0,204.0,0.0,many,SR,2
0,156,5805,676,0,48.2917,26.0237,9.3457,9.4891,0.0,2054,1688.0,1603.0,0.0,-9.33,17.29,17.04,0.0,333,58.0,0.0,0.0,many,SR,2
35,163,9685,9289,3378,45.2582,14.3424,9.8848,9.7646,9.5783,1079,1365.0,1318.0,1327.0,-3.86,8.76,8.51,8.61,58,270.0,255.0,267.0,many,RT,3
0,164,3209,0,0,18.9744,13.2493,4.1461,0.0,0.0,1433,1108.0,0.0,0.0,0.84,15.79,0.0,0.0,66,0.0,0.0,0.0,one,SR,1
0,189,9584,1846,0,67.3762,38.7186,13.5706,10.2476,0.0,4054,3156.0,1801.0,0.0,-0.99,29.48,18.91,0.0,330,236.0,0.0,0.0,many,SR,2
0,214,6487,0,0,20.009,14.066,4.3035,0.0,0.0,1537,1165.0,0.0,0.0,1.38,16.39,0.0,0.0,47,0.0,0.0,0.0,one,SR,1
0,220,1074,1024,0,32.8229,17.8723,6.7892,5.8813,0.0,1248,1213.0,817.0,0.0,-7.42,12.61,10.19,0.0,181,111.0,0.0,0.0,many,SR,2
0,224,3019,3018,0,41.6407,23.7568,7.6152,7.6152,0.0,1453,1179.0,1179.0,0.0,-8.62,13.27,13.27,0.0,9,0.0,0.0,0.0,many,SR,2
0,228,7798,1740,0,33.1511,18.44,6.2678,6.2678,0.0,1140,898.0,898.0,0.0,-7.61,10.88,10.88,0.0,78,0.0,0.0,0.0,many,SR,2
0,237,3268,3267,520,71.1167,40.9488,7.7524,7.7524,10.0959,1784,1208.0,1208.0,1784.0,-22.37,13.51,13.51,18.64,11,0.0,0.0,11.0,many,SR,3
0,243,4666,4665,0,51.9265,28.2689,9.9993,9.9993,0.0,2302,1736.0,1736.0,0.0,-8.76,18.3,18.3,0.0,318,0.0,0.0,0.0,many,SR,2
0,246,7621,541,0,34.6338,19.1987,6.0377,7.0186,0.0,1336,850.0,1336.0,0.0,-7.38,10.47,13.32,0.0,151,0.0,151.0,0.0,many,SR,2
0,272,5434,4513,607,74.9025,42.9606,7.8042,9.6598,9.5422,1825,1243.0,1651.0,1825.0,-25.26,13.69,17.47,18.19,100,14.0,2.0,100.0,many,SR,3
85,280,4585,562,561,67.8502,25.6136,18.3872,10.4245,10.4245,1372,1934.0,2126.0,2126.0,-12.6,13.04,12.98,12.98,95,-28.0,577.0,577.0,many,TR,3
0,293,3052,0,0,53.7233,40.7327,8.4487,0.0,0.0,3821,3659.0,0.0,0.0,-0.76,45.42,0.0,0.0,10,0.0,0.0,0.0,one,SR,1
0,297,5335,0,0,18.1925,12.0616,4.4404,0.0,0.0,1627,1213.0,0.0,0.0,1.87,16.9,0.0,0.0,215,0.0,0.0,0.0,one,SR,1
0,303,6751,2781,0,30.3793,15.9843,6.1335,6.1335,0.0,1711,870.0,870.0,0.0,-1.19,10.64,10.64,0.0,216,0.0,0.0,0.0,many,SR,2
0,322,9716,543,0,28.9887,15.4949,5.2358,6.1914,0.0,1302,855.0,934.0,0.0,-4.93,9.72,10.95,0.0,212,93.0,28.0,0.0,many,SR,2
0,326,4475,3174,0,33.5185,18.192,6.5651,6.4932,0.0,1707,960.0,945.0,0.0,-2.49,11.4,11.28,0.0,152,0.0,0.0,0.0,many,SR,2
0,331,9805,720,0,33.9492,19.1392,5.8851,6.6958,0.0,1105,817.0,1105.0,0.0,-8.46,10.19,12.1,0.0,63,0.0,63.0,0.0,many,SR,2
0,333,9057,9056,0,72.8361,40.7125,13.3988,13.3988,0.0,3075,2618.0,2618.0,0.0,-15.65,26.63,26.63,0.0,493,0.0,0.0,0.0,many,SR,2
0,334,4870,4507,0,58.7193,33.7335,8.9689,12.0706,0.0,2590,1498.0,2310.0,0.0,-8.32,15.91,23.55,0.0,122,14.0,18.0,0.0,many,SR,2
0,341,9218,1785,0,31.0279,16.3392,6.2591,6.2591,0.0,1551,895.0,895.0,0.0,-3.25,10.85,10.85,0.0,218,0.0,0.0,0.0,many,SR,2
0,342,8267,5425,57,51.4054,28.612,6.5487,6.5334,6.2669,1586,955.0,953.0,1115.0,-14.35,11.36,11.35,11.74,163,0.0,0.0,116.0,many,SR,3
0,352,5955,5074,0,27.8232,14.1282,5.8007,5.8736,0.0,2009,799.0,815.0,0.0,2.91,10.04,10.17,0.0,277,0.0,0.0,0.0,many,SR,2
0,356,8940,5924,823,59.377,34.0462,5.4948,5.5115,10.4432,1962,736.0,738.0,1933.0,-14.33,9.5,9.53,19.79,61,0.0,-1.0,39.0,many,SR,3
0,358,7881,4574,0,36.1918,20.0992,7.0138,6.6031,0.0,1246,1052.0,1246.0,0.0,-9.2,12.19,12.57,0.0,149,0.0,149.0,0.0,many,SR,2
0,360,1622,0,0,16.5655,11.5408,3.644,0.0,0.0,1371,921.0,0.0,0.0,1.97,13.81,0.0,0.0,61,0.0,0.0,0.0,one,SR,1
0,379,7285,5938,0,31.6642,17.5188,5.7921,6.2245,0.0,1249,798.0,1007.0,0.0,-6.04,10.03,11.26,0.0,112,0.0,64.0,0.0,many,SR,2
0,416,9543,7687,1265,52.7301,30.0491,6.4427,6.4427,6.4413,1382,933.0,933.0,933.0,-15.68,11.18,11.18,11.18,10,-1.0,-1.0,0.0,many,SR,3
68,418,3424,3423,0,73.5931,23.7703,23.4443,23.4443,0.0,2991,3517.0,3517.0,0.0,5.0,18.67,18.67,0.0,180,565.0,565.0,0.0,many,TR,2
0,421,6923,4743,4742,46.014,25.6965,6.0988,5.5849,5.5849,1548,1016.0,754.0,754.0,-11.19,11.18,9.65,9.65,119,82.0,0.0,0.0,many,SR,3
128,425,8668,1691,0,72.8528,20.7526,24.1492,25.3877,0.0,2609,3040.0,3610.0,0.0,4.32,17.93,17.71,0.0,158,204.0,580.0,0.0,many,TR,2
0,451,3098,968,0,37.7853,21.4193,6.99,6.9232,0.0,1118,1049.0,1118.0,0.0,-10.34,12.16,12.37,0.0,45,0.0,45.0,0.0,many,SR,2
0,453,7968,7406,0,83.9051,48.8681,14.5241,14.5982,0.0,3281,2943.0,2931.0,0.0,-18.78,29.56,29.59,0.0,298,15.0,0.0,0.0,many,SR,2
0,455,7019,5043,0,52.056,29.0359,9.8032,9.6798,0.0,2335,1694.0,1654.0,0.0,-7.32,17.85,17.52,0.0,191,5.0,0.0,0.0,many,SR,2
181,473,71,0,0,22.8027,10.4676,11.052,0.0,0.0,1485,1818.0,0.0,0.0,4.04,15.83,0.0,0.0,74,143.0,0.0,0.0,one,TR,1
240,482,6612,3084,59,73.1136,18.3682,20.4722,16.5442,15.568,1878,1903.0,2159.0,2545.0,0.27,9.08,9.13,15.4,74,55.0,472.0,463.0,many,RT,3
0,484,3685,3684,910,114.6704,66.6461,13.8993,13.8993,12.2688,3702,2748.0,2748.0,2324.0,-32.74,27.86,27.86,23.85,339,0.0,0.0,0.0,many,SR,3
0,495,6212,0,0,13.3097,8.76,3.3047,0.0,0.0,1276,793.0,0.0,0.0,2.19,12.45,0.0,0.0,167,0.0,0.0,0.0,one,SR,1
0,496,3837,0,0,17.7545,12.5796,3.7518,0.0,0.0,1057,961.0,0.0,0.0,-1.71,14.23,0.0,0.0,16,0.0,0.0,0.0,one,SR,1
0,499,936,0,0,19.458,13.3254,4.4412,0.0,0.0,1766,1214.0,0.0,0.0,3.32,16.91,0.0,0.0,130,0.0,0.0,0.0,one,SR,1
0,516,3165,3164,0,32.1634,17.1061,6.4146,6.4146,0.0,1342,929.0,929.0,0.0,-5.96,11.14,11.14,0.0,201,0.0,0.0,0.0,many,SR,2
185,525,3141,0,0,29.8559,4.0364,25.0836,0.0,0.0,1201,3241.0,0.0,0.0,5.99,12.36,0.0,0.0,177,622.0,0.0,0.0,one,TR,1
0,533,7701,0,0,19.9453,13.7207,4.5045,0.0,0.0,1425,1241.0,0.0,0.0,-0.52,17.2,0.0,0.0,120,0.0,0.0,0.0,one,SR,1
0,537,3644,0,0,25.9233,18.6346,5.2139,0.0,0.0,1562,1561.0,0.0,0.0,-2.27,20.75,0.0,0.0,3,0.0,0.0,0.0,one,SR,1
0,541,1330,1130,0,37.5141,21.2625,6.5497,7.2688,0.0,1187,956.0,1187.0,0.0,-9.44,11.37,12.96,0.0,44,0.0,44.0,0.0,many,SR,2
0,549,1005,1004,0,31.0933,16.3595,6.2783,6.2783,0.0,2172,899.0,899.0,0.0,3.21,10.89,10.89,0.0,221,0.0,0.0,0.0,many,SR,2
0,563,1101,0,0,26.7107,18.8797,5.5223,0.0,0.0,2151,1760.0,0.0,0.0,1.81,23.09,0.0,0.0,130,0.0,0.0,0.0,one,SR,1
0,568,2638,2637,0,30.083,16.7343,5.6895,5.6895,0.0,1870,777.0,777.0,0.0,1.91,9.85,9.85,0.0,68,0.0,0.0,0.0,many,SR,2
0,586,8249,2684,0,51.8696,29.6661,9.8377,8.9117,0.0,2127,1897.0,1455.0,0.0,-8.75,18.9,15.64,0.0,97,97.0,0.0,0.0,many,SR,2
0,601,9997,3334,0,32.2515,17.3037,6.1505,6.4499,0.0,1833,1285.0,934.0,0.0,-1.88,12.29,11.18,0.0,261,221.0,0.0,0.0,many,SR,2
0,610,7512,2372,0,34.4715,17.9491,7.0229,7.0392,0.0,1882,1095.0,1057.0,0.0,-2.38,12.37,12.24,0.0,286,22.0,-1.0,0.0,many,SR,2
0,616,1306,1278,0,39.2407,21.882,7.3898,7.3086,0.0,1377,1130.0,1377.0,0.0,-9.48,12.85,13.75,0.0,141,0.0,141.0,0.0,many,SR,2
0,617,5826,0,0,23.0134,15.6935,5.2358,0.0,0.0,1684,1569.0,0.0,0.0,-1.08,20.84,0.0,0.0,209,0.0,0.0,0.0,one,SR,1
118,619,6075,4659,0,62.7031,14.6163,25.7662,20.2812,0.0,1649,2971.0,2986.0,0.0,-1.04,14.31,14.09,0.0,255,266.0,604.0,0.0,many,TR,2
0,622,3004,0,0,24.4441,16.6673,5.4915,0.0,0.0,2180,1740.0,0.0,0.0,2.32,22.85,0.0,0.0,266,0.0,0.0,0.0,one,SR,1
0,631,7013,3709,0,34.7392,19.0916,6.613,6.7179,0.0,1282,968.0,996.0,0.0,-7.39,11.47,11.69,0.0,120,0.0,2.0,0.0,many,SR,2
43,636,6663,0,0,21.0751,10.398,9.3154,0.0,0.0,1586,2486.0,0.0,0.0,4.4,17.62,0.0,0.0,127,649.0,0.0,0.0,one,RT,1
0,652,6088,1161,0,61.8494,34.4881,11.4854,11.4854,0.0,3081,2123.0,2123.0,0.0,-7.16,21.95,21.95,0.0,343,0.0,0.0,0.0,many,SR,2
0,670,7500,2211,0,33.3094,18.8877,5.74,6.5478,0.0,1461,795.0,956.0,0.0,-3.86,9.97,11.37,0.0,22,4.0,0.0,0.0,many,SR,2
0,688,6281,3309,0,38.5433,20.3185,7.7501,7.7676,0.0,1663,1215.0,1210.0,0.0,-6.9,13.54,13.53,0.0,276,4.0,0.0,0.0,many,SR,2
0,693,282,0,0,16.5575,10.6502,4.2784,0.0,0.0,1833,1155.0,0.0,0.0,4.59,16.29,0.0,0.0,274,0.0,0.0,0.0,one,SR,1
0,699,7098,3256,0,52.4342,30.0577,9.7429,9.2174,0.0,1968,1683.0,1546.0,0.0,-10.08,17.73,16.43,0.0,47,7.0,7.0,0.0,many,SR,2
0,708,170,0,0,21.9327,15.6161,4.5711,0.0,0.0,1396,1265.0,0.0,0.0,-1.05,17.46,0.0,0.0,7,0.0,0.0,0.0,one,SR,1
0,717,6533,6532,0,45.7103,24.5364,9.0021,9.0021,0.0,1737,1477.0,1477.0,0.0,-10.29,15.85,15.85,0.0,272,0.0,0.0,0.0,many,SR,2
22,719,9561,1731,0,43.1598,10.6199,16.467,14.7514,0.0,1322,2094.0,1713.0,0.0,1.99,9.61,9.61,0.0,87,400.0,208.0,0.0,many,TR,2
0,723,6977,6976,0,29.2522,15.1582,6.0069,6.0069,0.0,1466,842.0,842.0,0.0,-3.33,10.4,10.4,0.0,243,0.0,0.0,0.0,many,SR,2
114,728,9078,7639,0,38.4185,14.3397,12.3324,9.8763,0.0,1406,2307.0,1479.0,0.0,-2.07,13.35,11.35,0.0,170,584.0,209.0,0.0,many,RT,2
0,730,4541,0,0,16.0677,11.2307,3.5115,0.0,0.0,1095,869.0,0.0,0.0,-0.43,13.26,0.0,0.0,48,0.0,0.0,0.0,one,SR,1
0,746,2653,2652,0,44.1821,24.9885,8.1714,8.1714,0.0,1547,1295.0,1295.0,0.0,-9.41,14.25,14.25,0.0,46,0.0,0.0,0.0,many,SR,2
0,748,3774,0,0,25.5722,17.5573,5.6274,0.0,0.0,2075,1827.0,0.0,0.0,0.3,23.88,0.0,0.0,268,0.0,0.0,0.0,one,SR,1
0,754,7555,398,397,56.4911,30.7569,10.9036,5.3884,5.3884,2392,2252.0,715.0,715.0,-11.37,21.9,9.32,9.32,391,135.0,0.0,0.0,many,SR,3
0,778,4361,4360,1503,53.7403,30.2966,5.5955,5.5955,8.6812,1657,757.0,757.0,1657.0,-14.74,9.68,9.68,16.36,126,0.0,0.0,126.0,many,SR,3
0,781,9600,8953,0,52.7327,29.9295,10.8451,8.4227,0.0,2593,2014.0,1347.0,0.0,-4.59,20.66,14.7,0.0,129,28.0,0.0,0.0,many,SR,2
0,806,4404,460,0,40.9114,23.3813,7.5039,7.4272,0.0,1517,1155.0,1139.0,0.0,-7.46,13.06,12.93,0.0,1,0.0,0.0,0.0,many,SR,2
0,816,4770,3720,0,58.9248,32.1172,7.3922,14.971,0.0,3431,1209.0,3185.0,0.0,-3.97,13.17,31.28,0.0,538,42.0,75.0,0.0,many,SR,2
0,817,9427,7645,0,47.6274,26.6471,9.6191,8.1742,0.0,1918,1692.0,1294.0,0.0,-8.54,17.62,14.25,0.0,139,27.0,0.0,0.0,many,SR,2
0,824,1693,1692,0,46.7652,25.9732,8.85,8.85,0.0,1714,1436.0,1436.0,0.0,-9.83,15.46,15.46,0.0,127,0.0,0.0,0.0,many,SR,2
0,855,8634,8149,0,35.1907,19.2211,7.5854,6.0165,0.0,1324,1184.0,844.0,0.0,-7.41,13.26,10.42,0.0,143,6.0,0.0,0.0,many,SR,2
0,862,2587,2586,0,34.6979,18.6242,6.847,6.847,0.0,1846,1018.0,1018.0,0.0,-2.03,11.9,11.9,0.0,191,0.0,0.0,0.0,many,SR,2
0,867,1656,1262,0,42.4212,23.8157,8.0,7.7724,0.0,1473,1473.0,1211.0,0.0,-10.03,14.79,13.54,0.0,115,115.0,0.0,0.0,many,SR,2
0,868,6077,2125,0,40.8264,21.7118,8.1379,8.1379,0.0,1642,1288.0,1288.0,0.0,-8.31,14.19,14.19,0.0,262,0.0,0.0,0.0,many,SR,2
0,880,4761,2946,0,44.6053,24.3729,8.6126,8.6126,0.0,2018,1387.0,1387.0,0.0,-5.88,15.04,15.04,0.0,184,0.0,0.0,0.0,many,SR,2
0,889,8892,4734,1694,77.5269,44.6277,7.8492,10.0517,9.882,1908,1227.0,1761.0,1908.0,-26.01,13.68,18.48,19.0,97,0.0,5.0,97.0,many,SR,3
278,900,4841,3043,1643,118.384,22.6425,22.1942,49.1888,21.6642,2040,2369.0,4053.0,3047.0,-2.83,12.82,15.07,13.05,110,97.0,-295.0,631.0,many,RT,3
0,910,7112,2402,2322,60.3674,34.0144,6.0265,7.8635,8.4888,1516,870.0,1295.0,1474.0,-19.85,10.53,13.96,15.26,120,13.0,35.0,61.0,many,SR,3
0,916,417,0,0,47.0796,35.36,7.7279,0.0,0.0,4194,3191.0,0.0,0.0,8.11,39.92,0.0,0.0,39,0.0,0.0,0.0,one,SR,1
0,930,322,0,0,16.593,11.1927,3.9157,0.0,0.0,1362,1019.0,0.0,0.0,0.94,14.85,0.0,0.0,148,0.0,0.0,0.0,one,SR,1
0,937,6621,5355,0,43.8104,23.9975,8.4303,8.4409,0.0,1860,1347.0,1350.0,0.0,-6.95,14.7,14.72,0.0,169,0.0,0.0,0.0,many,SR,2
0,945,7096,7095,5408,68.0872,38.2577,8.4667,8.4667,8.4667,1773,1355.0,1355.0,1355.0,-21.25,14.76,14.76,14.76,110,0.0,0.0,0.0,many,SR,3
0,954,6175,1707,0,54.177,30.5335,9.9958,9.9934,0.0,2159,1733.0,1733.0,0.0,-10.22,18.28,18.27,0.0,161,-1.0,0.0,0.0,many,SR,2
0,959,8632,8631,1813,111.9852,66.7231,12.4652,12.4652,12.9172,2495,2376.0,2376.0,2495.0,-40.53,24.34,24.34,25.46,1,0.0,0.0,1.0,many,SR,3
0,967,8492,0,0,14.1215,9.215,3.5608,0.0,0.0,1452,888.0,0.0,0.0,3.13,13.46,0.0,0.0,198,0.0,0.0,0.0,one,SR,1
0,978,3901,3899,0,44.3249,24.6983,8.3564,8.3564,0.0,1485,1332.0,1332.0,0.0,-10.63,14.57,14.57,0.0,104,0.0,0.0,0.0,many,SR,2
0,998,5741,5740,0,60.7725,34.2071,11.1659,11.1659,0.0,2910,2040.0,2040.0,0.0,-7.55,21.17,21.17,0.0,266,0.0,0.0,0.0,many,SR,2
0,1009,1916,1188,0,35.2137,19.0505,6.5555,7.1787,0.0,1194,1054.0,1098.0,0.0,-9.32,11.76,12.53,0.0,192,52.0,6.0,0.0,many,SR,2
0,1019,7199,3626,0,33.6265,18.5868,6.3957,6.4098,0.0,1430,953.0,928.0,0.0,-5.09,11.21,11.13,0.0,104,16.0,0.0,0.0,many,SR,2
0,1026,5912,1259,0,28.0925,14.8831,5.6301,5.6301,0.0,1333,765.0,765.0,0.0,-3.55,9.75,9.75,0.0,182,0.0,0.0,0.0,many,SR,2
262,1052,8158,1454,0,35.3974,10.548,11.6044,11.7219,0.0,1722,1743.0,1880.0,0.0,4.37,9.34,11.89,0.0,216,426.0,378.0,0.0,many,RT,2
0,1057,5132,5131,2032,76.6888,44.3114,7.9824,7.9824,11.4032,2211,1254.0,1254.0,2211.0,-21.87,13.91,13.91,22.28,53,0.0,0.0,53.0,many,SR,3
0,1060,6414,0,0,21.8343,14.8031,5.0729,0.0,0.0,1814,1462.0,0.0,0.0,1.42,19.58,0.0,0.0,193,0.0,0.0,0.0,one,SR,1
0,1070,5365,5364,0,47.2404,26.7935,8.7037,8.7037,0.0,1570,1406.0,1406.0,0.0,-10.87,15.2,15.2,0.0,39,0.0,0.0,0.0,many,SR,2
262,1075,3999,755,0,77.9412,14.0456,27.8121,34.1343,0.0,1477,2996.0,3041.0,0.0,-2.03,14.88,14.61,0.0,239,135.0,-177.0,0.0,many,RT,2
0,1077,9711,2179,0,32.251,17.3966,6.3339,6.3194,0.0,1274,911.0,924.0,0.0,-6.43,10.99,11.02,0.0,165,0.0,9.0,0.0,many,SR,2
0,1082,8484,8459,2098,99.1262,57.9728,9.5482,12.5914,12.2146,2769,1622.0,2441.0,2769.0,-32.12,17.2,24.82,25.98,220,2.0,15.0,220.0,many,SR,3
0,1085,4846,993,992,52.005,28.342,7.2884,6.3915,6.3915,1760,1378.0,923.0,923.0,-13.84,13.74,11.09,11.09,272,144.0,0.0,0.0,many,SR,3
0,1091,5761,1488,0,58.7571,33.6524,10.5767,10.5845,0.0,2884,1885.0,1888.0,0.0,-5.21,19.7,19.73,0.0,126,0.0,0.0,0.0,many,SR,2
0,1092,3926,0,0,19.5111,13.9023,4.0647,0.0,0.0,1077,1075.0,0.0,0.0,-2.59,15.44,0.0,0.0,0,0.0,0.0,0.0,one,SR,1
0,1094,9495,8874,0,43.8078,24.8676,8.0364,8.0852,0.0,1818,1269.0,1296.0,0.0,-6.28,14.02,14.17,0.0,34,2.0,11.0,0.0,many,SR,2
0,1098,9891,175,0,27.647,14.4998,5.5922,5.6108,0.0,1320,775.0,759.0,0.0,-3.64,9.75,9.7,0.0,205,10.0,0.0,0.0,many,SR,2
0,1101,5037,1770,610,77.9932,44.3407,7.7316,12.8866,7.7595,2682,1201.0,2550.0,1227.0,-19.31,13.46,25.69,13.59,214,-1.0,31.0,10.0,many,SR,3
11,1103,8869,5883,5882,59.2379,12.2208,15.8117,14.8182,14.8182,1209,2340.0,1370.0,1370.0,-1.43,9.72,7.98,7.98,130,618.0,36.0,36.0,many,RT,3
0,1104,5599,0,0,19.0054,13.1732,4.2234,0.0,0.0,1403,1136.0,0.0,0.0,0.25,16.09,0.0,0.0,89,0.0,0.0,0.0,one,SR,1
0,1107,8387,8386,1473,68.3857,38.8869,7.9834,7.9834,9.052,1694,1255.0,1255.0,1694.0,-22.53,13.91,13.91,16.97,98,0.0,0.0,98.0,many,SR,3
0,1113,6260,6257,0,28.2305,15.454,5.446,5.446,0.0,1494,727.0,727.0,0.0,-1.27,9.42,9.42,0.0,103,0.0,0.0,0.0,many,SR,2
0,1139,8652,5940,5939,84.0166,46.0453,10.6538,10.6692,10.6692,3349,1907.0,1910.0,1910.0,-18.65,19.91,19.94,19.94,530,0.0,0.0,0.0,many,SR,3
157,1145,7818,3180,614,45.0821,19.3513,7.7422,7.7441,7.7441,1341,1665.0,1666.0,1666.0,-8.42,11.33,11.33,11.33,215,474.0,474.0,474.0,many,TR,3
0,1169,5604,5603,0,37.2859,20.8284,7.01,7.01,0.0,1679,1052.0,1052.0,0.0,-4.31,12.19,12.19,0.0,76,0.0,0.0,0.0,many,SR,2
0,1175,9792,9791,0,56.6629,30.9109,10.8405,10.8405,0.0,2607,1954.0,1954.0,0.0,-9.27,20.36,20.36,0.0,391,0.0,0.0,0.0,many,SR,2
0,1178,3965,0,0,22.2806,14.4807,5.5087,0.0,0.0,3855,1745.0,0.0,0.0,19.86,22.91,0.0,0.0,419,0.0,0.0,0.0,one,SR,1
0,1188,563,0,0,18.5117,13.0964,3.9243,0.0,0.0,1457,1025.0,0.0,0.0,1.88,14.91,0.0,0.0,22,0.0,0.0,0.0,one,SR,1
0,1203,5555,2826,0,36.6202,20.8373,6.6965,6.7459,0.0,1277,987.0,1010.0,0.0,-7.66,11.63,11.77,0.0,16,0.0,7.0,0.0,many,SR,2
0,1204,6458,4935,0,49.0068,27.49,9.0795,9.0363,0.0,2098,1519.0,1881.0,0.0,-8.58,16.14,17.87,0.0,213,11.0,190.0,0.0,many,SR,2
0,1207,6675,6674,0,64.4051,37.7611,11.1985,11.1985,0.0,2529,2047.0,2047.0,0.0,-11.67,21.23,21.23,0.0,32,0.0,0.0,0.0,many,SR,2
0,1214,6251,0,0,14.3508,9.9475,3.2007,0.0,0.0,1092,753.0,0.0,0.0,0.64,12.03,0.0,0.0,60,0.0,0.0,0.0,one,SR,1
0,1229,4100,3447,0,44.0112,24.3735,8.3661,8.3519,0.0,2342,1336.0,1340.0,0.0,-1.69,14.6,14.59,0.0,130,0.0,5.0,0.0,many,SR,2
25,1249,7125,6728,0,44.3115,16.7443,13.5615,11.8659,0.0,1304,2414.0,2447.0,0.0,-5.57,14.7,13.7,0.0,172,518.0,698.0,0.0,many,RT,2
0,1259,7232,5099,2409,72.5281,41.5,8.8072,8.8053,8.8053,1426,1426.0,1426.0,1426.0,-26.52,15.37,15.37,15.37,0,0.0,0.0,0.0,many,SR,3
0,1265,8910,0,0,17.0659,11.3726,4.1259,0.0,0.0,1402,1097.0,0.0,0.0,0.61,15.67,0.0,0.0,187,0.0,0.0,0.0,one,SR,1
114,1266,9888,5156,0,53.7635,11.293,11.746,29.2013,0.0,1557,2025.0,2923.0,0.0,2.64,11.73,12.5,0.0,165,496.0,136.0,0.0,many,RT,2
0,1270,9578,4972,0,32.5192,17.9173,6.168,6.2363,0.0,1187,978.0,910.0,0.0,-7.31,11.09,10.89,0.0,127,55.0,11.0,0.0,many,SR,2
0,1274,4817,0,0,13.7934,8.9376,3.5227,0.0,0.0,1353,876.0,0.0,0.0,2.21,13.33,0.0,0.0,209,0.0,0.0,0.0,one,SR,1
0,1277,921,0,0,21.1162,15.0249,4.4105,0.0,0.0,1329,1204.0,0.0,0.0,-1.17,16.81,0.0,0.0,7,0.0,0.0,0.0,one,SR,1
0,1279,6406,4318,0,32.7888,18.5646,5.6118,6.5032,0.0,1047,760.0,971.0,0.0,-7.99,9.7,11.39,0.0,29,0.0,13.0,0.0,many,SR,2
0,1281,5703,1375,0,38.7377,21.456,7.3601,7.3601,0.0,1227,1125.0,1125.0,0.0,-10.17,12.81,12.81,0.0,109,0.0,0.0,0.0,many,SR,2
0,1288,5552,1941,0,50.932,28.4519,9.6969,9.2687,0.0,2152,1875.0,1551.0,0.0,-9.03,18.63,16.52,0.0,217,104.0,3.0,0.0,many,SR,2
0,1298,2201,0,0,17.1729,11.5885,4.0478,0.0,0.0,1623,1068.0,0.0,0.0,3.21,15.37,0.0,0.0,153,0.0,0.0,0.0,one,SR,1
0,1302,9437,0,0,15.396,10.3995,3.6243,0.0,0.0,1329,913.0,0.0,0.0,1.6,13.72,0.0,0.0,133,0.0,0.0,0.0,one,SR,1
0,1304,5735,3170,0,38.4252,20.9156,7.2356,7.6639,0.0,1337,1114.0,1216.0,0.0,-9.45,12.65,13.45,0.0,176,8.0,15.0,0.0,many,SR,2
0,1312,4847,0,0,17.563,11.684,4.2566,0.0,0.0,1362,1149.0,0.0,0.0,-0.3,16.23,0.0,0.0,199,0.0,0.0,0.0,one,SR,1
0,1321,2017,2016,1748,70.772,39.591,8.9636,8.9636,8.5591,2503,1466.0,1466.0,1504.0,-15.97,15.74,15.74,15.46,182,0.0,0.0,68.0,many,SR,3
0,1332,7025,309,0,42.835,23.9424,8.0193,8.0506,0.0,1738,1316.0,1269.0,0.0,-7.16,14.19,14.03,0.0,100,28.0,0.0,0.0,many,SR,2
222,1337,8204,8203,0,111.7254,37.8521,34.2614,34.2614,0.0,4759,5254.0,5254.0,0.0,1.81,32.75,32.75,0.0,703,462.0,462.0,0.0,many,RT,2
0,1339,7303,6797,0,38.2849,21.8474,7.1385,6.8624,0.0,1181,1084.0,1022.0,0.0,-9.53,12.43,11.93,0.0,6,3.0,0.0,0.0,many,SR,2
0,1357,616,615,0,30.6503,16.5677,6.0012,6.0012,0.0,1550,842.0,842.0,0.0,-2.45,10.4,10.4,0.0,147,0.0,0.0,0.0,many,SR,2
0,1378,8473,6033,2555,64.3295,36.0585,8.0257,8.0209,8.0257,2190,1265.0,1264.0,1265.0,-14.79,14.0,13.99,14.0,118,0.0,0.0,0.0,many,SR,3
136,1395,6266,1160,674,125.5905,41.0138,24.3446,31.1687,24.1531,2911,3377.0,3208.0,3580.0,-13.63,20.55,20.0,20.56,217,299.0,-189.0,464.0,many,RT,3
0,1399,2376,0,0,15.9572,11.2273,3.4319,0.0,0.0,1209,843.0,0.0,0.0,1.01,12.98,0.0,0.0,31,0.0,0.0,0.0,one,SR,1
262,1405,8732,7204,6183,87.2272,24.0552,19.4015,23.5956,17.4679,1170,3284.0,2122.0,1990.0,-12.08,14.02,13.02,12.02,21,885.0,-183.0,125.0,many,TR,3
0,1410,2782,2034,0,44.2109,23.9557,8.9354,8.1187,0.0,2038,1900.0,1284.0,0.0,-7.41,17.85,14.16,0.0,331,211.0,0.0,0.0,many,SR,2
0,1412,2387,2386,0,32.6766,18.3191,6.1191,6.1191,0.0,1167,865.0,865.0,0.0,-6.82,10.6,10.6,0.0,52,0.0,0.0,0.0,many,SR,2
0,1416,4819,4818,2793,57.4281,32.138,6.8269,6.8269,7.7759,1544,1015.0,1015.0,1544.0,-18.53,11.87,11.87,14.86,178,0.0,0.0,178.0,many,SR,3
0,1418,2455,795,0,44.4437,24.8597,8.2428,8.3884,0.0,1506,1441.0,1342.0,0.0,-10.76,14.89,14.64,0.0,117,71.0,2.0,0.0,many,SR,2
0,1421,7565,1769,859,53.9209,30.4967,6.6687,6.6752,6.5737,1186,982.0,1101.0,961.0,-19.11,11.59,12.06,11.41,73,0.0,64.0,0.0,many,SR,3
0,1423,5057,2720,0,31.8831,18.0544,5.9187,5.8697,0.0,1437,824.0,813.0,0.0,-3.27,10.25,10.15,0.0,21,0.0,0.0,0.0,many,SR,2
0,1439,6324,6322,3810,82.509,46.5592,10.1226,10.1226,10.1226,3052,1769.0,1769.0,1769.0,-18.19,18.61,18.61,18.61,251,0.0,0.0,0.0,many,SR,3
0,1440,7416,7415,0,40.7177,23.2025,7.4598,7.4598,0.0,1485,1145.0,1145.0,0.0,-7.77,12.98,12.98,0.0,11,0.0,0.0,0.0,many,SR,2
0,1444,2579,0,0,17.0074,11.564,3.9439,0.0,0.0,1334,1033.0,0.0,0.0,0.51,14.99,0.0,0.0,132,0.0,0.0,0.0,one,SR,1
0,1453,3454,3453,0,40.2441,22.7102,7.4666,7.4666,0.0,1404,1148.0,1148.0,0.0,-8.66,13.0,13.0,0.0,48,0.0,0.0,0.0,many,SR,2
164,1455,2773,0,0,32.7111,2.735,29.4098,0.0,0.0,1166,2752.0,0.0,0.0,7.15,10.66,0.0,0.0,161,99.0,0.0,0.0,one,RT,1
0,1464,6685,4113,0,36.3856,20.4805,6.9584,6.5603,0.0,1236,1134.0,959.0,0.0,-8.5,12.47,11.4,0.0,68,49.0,0.0,0.0,many,SR,2
0,1466,3234,2886,1720,69.5334,39.4391,8.0472,9.3599,8.0819,1782,1293.0,1713.0,1379.0,-22.74,14.13,17.44,14.49,137,13.0,68.0,56.0,many,SR,3
0,1478,7856,2338,1704,68.4585,38.2065,8.5819,8.5849,8.5819,2028,1381.0,1401.0,1381.0,-19.24,14.99,15.06,14.99,159,0.0,11.0,0.0,many,SR,3
0,1480,9302,0,0,45.14,32.8398,8.0605,0.0,0.0,3818,3402.0,0.0,0.0,1.93,42.4,0.0,0.0,363,0.0,0.0,0.0,one,SR,1
0,1482,4978,2047,0,36.2377,20.4331,6.5334,6.9323,0.0,1412,953.0,1035.0,0.0,-6.22,11.35,12.04,0.0,42,0.0,0.0,0.0,many,SR,2
0,1488,4291,1579,0,33.7675,18.3329,7.3454,5.7547,0.0,1480,1274.0,791.0,0.0,-5.47,13.38,9.97,0.0,183,82.0,0.0,0.0,many,SR,2
0,1513,1924,0,0,14.3944,10.1057,3.118,0.0,0.0,1167,723.0,0.0,0.0,1.72,11.71,0.0,0.0,30,0.0,0.0,0.0,one,SR,1
0,1526,6529,4889,0,37.3137,19.9152,7.4176,7.4022,0.0,1641,1137.0,1133.0,0.0,-5.98,12.91,12.88,0.0,225,0.0,0.0,0.0,many,SR,2
0,1540,746,0,0,17.1745,11.3348,4.2299,0.0,0.0,1430,1137.0,0.0,0.0,0.53,16.1,0.0,0.0,215,0.0,0.0,0.0,one,SR,1
0,1542,804,0,0,18.5606,13.1997,3.888,0.0,0.0,1010,1008.0,0.0,0.0,-2.65,14.73,0.0,0.0,4,0.0,0.0,0.0,one,SR,1
0,1544,347,0,0,16.0979,11.4092,3.4056,0.0,0.0,1054,829.0,0.0,0.0,-0.48,12.83,0.0,0.0,10,0.0,0.0,0.0,one,SR,1
0,1546,9686,3031,98,102.0333,60.3647,9.7257,15.382,9.8363,3157,1680.0,3157.0,1701.0,-27.37,17.7,31.62,17.93,11,7.0,11.0,4.0,many,SR,3
0,1547,8995,0,0,17.6272,12.2268,3.9157,0.0,0.0,1125,1019.0,0.0,0.0,-1.55,14.85,0.0,0.0,78,0.0,0.0,0.0,one,SR,1
0,1559,7431,0,0,15.1728,10.5686,3.3444,0.0,0.0,1471,807.0,0.0,0.0,4.11,12.6,0.0,0.0,53,0.0,0.0,0.0,one,SR,1
0,1560,3055,0,0,20.1362,14.3509,4.1914,0.0,0.0,1122,1122.0,0.0,0.0,-2.56,15.94,0.0,0.0,0,0.0,0.0,0.0,one,SR,1
38,1581,9463,5798,2209,64.8059,18.3254,16.3348,14.2653,13.5527,1345,2108.0,1828.0,2336.0,-6.83,9.07,9.21,16.0,179,449.0,346.0,385.0,many,RT,3
0,1582,2733,967,0,35.2695,18.8044,7.0138,7.0138,0.0,1574,1052.0,1052.0,0.0,-5.41,12.19,12.19,0.0,214,0.0,0.0,0.0,many,SR,2
0,1592,4370,1574,0,31.1361,17.3983,5.4431,6.2562,0.0,1449,726.0,924.0,0.0,-3.13,9.41,10.97,0.0,65,0.0,15.0,0.0,many,SR,2
0,1603,6661,3190,0,36.3159,20.1672,7.4553,6.2083,0.0,1426,1426.0,884.0,0.0,-7.39,14.09,10.76,0.0,150,150.0,0.0,0.0,many,SR,2
0,1611,4151,3118,0,29.8256,16.029,5.8803,5.8803,0.0,2008,816.0,816.0,0.0,2.76,10.18,10.18,0.0,157,0.0,0.0,0.0,many,SR,2
224,1613,8978,4299,4298,64.8872,10.6115,20.1052,16.3382,16.3382,1303,2453.0,1484.0,1484.0,0.23,9.06,7.94,7.94,194,496.0,38.0,38.0,many,TR,3
0,1616,8359,5876,3188,51.4713,28.5644,6.3282,6.3282,6.7305,1391,909.0,909.0,1391.0,-17.08,10.97,10.97,13.26,213,0.0,0.0,213.0,many,SR,3
0,1626,9886,6681,0,33.6105,18.9228,6.4902,6.0059,0.0,1163,948.0,902.0,0.0,-7.51,11.28,10.64,0.0,55,3.0,32.0,0.0,many,SR,2
0,1631,8557,0,0,15.177,10.464,3.4203,0.0,0.0,1132,838.0,0.0,0.0,0.25,12.93,0.0,0.0,80,0.0,0.0,0.0,one,SR,1
0,1634,2218,0,0,23.5927,16.7841,4.9241,0.0,0.0,1715,1396.0,0.0,0.0,1.05,18.84,0.0,0.0,12,0.0,0.0,0.0,one,SR,1
0,1646,9839,9838,1851,45.0319,25.1605,5.6467,5.6467,5.6473,1133,767.0,767.0,767.0,-14.48,9.77,9.77,9.76,83,-1.0,-1.0,0.0,many,SR,3
0,1649,416,415,0,49.5525,27.2874,9.441,9.441,0.0,2099,1590.0,1590.0,0.0,-8.41,16.92,16.92,0.0,216,0.0,0.0,0.0,many,SR,2
0,1681,7222,2155,0,35.809,19.619,6.7563,6.9477,0.0,1295,1263.0,1039.0,0.0,-8.78,12.78,12.08,0.0,188,141.0,0.0,0.0,many,SR,2
0,1687,9540,6030,0,47.5619,27.306,9.2254,7.9987,0.0,1538,1534.0,1257.0,0.0,-11.14,16.39,13.93,0.0,-1,0.0,0.0,0.0,many,SR,2
0,1688,1120,0,0,20.1626,13.399,4.894,0.0,0.0,1536,1382.0,0.0,0.0,-0.7,18.7,0.0,0.0,234,0.0,0.0,0.0,one,SR,1
0,1702,5991,5968,2702,52.2012,29.3286,6.1211,7.2303,6.1211,1244,867.0,1148.0,867.0,-17.54,10.61,12.77,10.61,87,0.0,27.0,0.0,many,SR,3
0,1733,8495,6867,0,32.899,17.9174,6.4129,6.2503,0.0,1249,973.0,1156.0,0.0,-7.75,11.3,11.88,0.0,201,25.0,140.0,0.0,many,SR,2
0,1746,2573,1132,1131,55.0209,30.0305,6.2039,7.5427,7.5427,1849,882.0,1162.0,1162.0,-13.9,10.75,13.13,13.13,224,-1.0,-1.0,-1.0,many,SR,3
0,1757,34,0,0,15.2289,10.4239,3.4858,0.0,0.0,1294,863.0,0.0,0.0,1.71,13.19,0.0,0.0,99,0.0,0.0,0.0,one,SR,1
0,1760,9137,9136,0,59.3966,32.4188,11.3314,11.3314,0.0,3168,2083.0,2083.0,0.0,-5.57,21.57,21.57,0.0,438,0.0,0.0,0.0,many,SR,2
0,1780,6176,5727,53,45.018,25.0096,5.7455,5.6153,5.6233,1389,998.0,769.0,762.0,-12.63,10.78,9.75,9.72,151,112.0,4.0,0.0,many,SR,3
0,1782,8334,0,0,18.0511,12.8123,3.7998,0.0,0.0,1102,976.0,0.0,0.0,-1.38,14.39,0.0,0.0,10,0.0,0.0,0.0,one,SR,1
0,1796,8338,3836,0,39.7579,22.0055,6.7357,8.2492,0.0,1690,994.0,1686.0,0.0,-7.16,11.69,15.98,0.0,198,0.0,195.0,0.0,many,SR,2
0,1813,7780,1857,0,35.3946,19.2213,6.8941,6.8835,0.0,1853,1029.0,1026.0,0.0,-2.11,11.99,11.97,0.0,160,0.0,0.0,0.0,many,SR,2
0,1819,4468,3400,0,29.2026,16.4885,5.4191,5.4206,0.0,1101,721.0,722.0,0.0,-5.31,9.37,9.37,0.0,26,0.0,1.0,0.0,many,SR,2
50,1821,6232,3202,914,47.9086,18.2321,5.6948,15.5461,6.363,1110,1156.0,2363.0,1089.0,-7.0,9.2,11.35,9.17,29,325.0,557.0,238.0,many,RT,3
203,1834,8341,8340,3290,91.9818,31.64,22.2001,22.2001,12.2233,1708,2660.0,2660.0,2097.0,-15.53,17.47,17.47,13.24,125,52.0,52.0,437.0,many,TR,3
0,1835,9073,5585,4593,70.7687,40.395,6.8059,12.0013,6.7166,3295,1042.0,2597.0,990.0,-9.05,11.96,24.88,11.66,222,17.0,164.0,0.0,many,SR,3
0,1841,2784,0,0,19.5614,13.042,4.7177,0.0,0.0,1813,1318.0,0.0,0.0,2.82,18.02,0.0,0.0,217,0.0,0.0,0.0,one,SR,1
0,1871,4551,4550,0,30.2639,15.2402,6.402,6.402,0.0,1965,924.0,924.0,0.0,0.65,11.1,11.1,0.0,323,0.0,0.0,0.0,many,SR,2
68,1874,8821,8444,2187,125.1632,35.4371,19.4531,37.3087,28.99,3228,2732.0,4611.0,2704.0,-1.87,17.27,18.25,17.22,23,276.0,628.0,-289.0,many,RT,3
0,1882,7337,3172,0,28.4025,15.3773,5.5533,5.5533,0.0,1384,747.0,747.0,0.0,-2.74,9.59,9.59,0.0,129,0.0,0.0,0.0,many,SR,2
0,1889,6270,3332,0,42.6099,22.8446,8.416,8.4118,0.0,2019,1346.0,1347.0,0.0,-5.24,14.69,14.69,0.0,245,0.0,1.0,0.0,many,SR,2
0,1892,9207,8335,0,34.4661,19.2531,6.7648,6.1664,0.0,1288,1017.0,952.0,0.0,-7.01,11.82,11.0,0.0,88,8.0,40.0,0.0,many,SR,2
0,1900,5664,0,0,14.5127,9.5217,3.622,0.0,0.0,1314,910.0,0.0,0.0,1.48,13.69,0.0,0.0,191,0.0,0.0,0.0,one,SR,1
0,1902,6459,1164,211,52.9126,29.1002,6.5787,6.1448,7.4157,2449,1038.0,1236.0,1137.0,-7.34,11.73,12.09,12.91,270,40.0,195.0,0.0,many,SR,3
0,1908,7672,0,0,22.4759,15.8589,4.7867,0.0,0.0,1442,1345.0,0.0,0.0,-1.33,18.3,0.0,0.0,42,0.0,0.0,0.0,one,SR,1
0,1911,3689,0,0,17.7266,12.3338,3.9103,0.0,0.0,1389,1017.0,0.0,0.0,1.24,14.83,0.0,0.0,69,0.0,0.0,0.0,one,SR,1
0,1913,4007,1801,0,31.3283,17.271,5.9932,5.9855,0.0,1127,843.0,841.0,0.0,-6.87,10.4,10.38,0.0,98,1.0,1.0,0.0,many,SR,2
0,1924,5663,5662,0,37.6777,20.9265,7.1356,7.1356,0.0,1429,1077.0,1077.0,0.0,-7.32,12.4,12.4,0.0,95,0.0,0.0,0.0,many,SR,2
0,1945,9726,9287,8915,87.7889,51.0551,10.674,10.184,10.1263,2257,1954.0,1783.0,1768.0,-28.05,20.16,18.74,18.6,47,21.0,0.0,0.0,many,SR,3
0,1955,7788,7787,3820,75.5631,42.8991,8.952,8.952,9.6635,2070,1463.0,1463.0,2070.0,-24.13,15.72,15.72,19.53,203,0.0,0.0,203.0,many,SR,3
0,1960,7508,0,0,19.2178,13.0832,4.4431,0.0,0.0,1593,1214.0,0.0,0.0,1.5,16.91,0.0,0.0,146,0.0,0.0,0.0,one,SR,1
0,1964,1867,0,0,15.8605,10.7043,3.7405,0.0,0.0,1263,954.0,0.0,0.0,0.52,14.16,0.0,0.0,139,0.0,0.0,0.0,one,SR,1
0,1965,6885,3647,0,47.629,27.1012,8.6633,8.8129,0.0,2769,1396.0,1432.0,0.0,1.61,15.11,15.4,0.0,25,0.0,2.0,0.0,many,SR,2
118,1975,9431,5294,4955,100.4822,32.8272,24.4419,22.5154,16.8067,2984,3021.0,3332.0,2952.0,-3.69,17.75,17.42,16.74,150,183.0,549.0,625.0,many,RT,3
0,1982,1303,1302,0,49.7845,26.8979,9.6894,9.6894,0.0,2133,1656.0,1656.0,0.0,-9.17,17.54,17.54,0.0,319,0.0,0.0,0.0,many,SR,2
0,1994,5530,5529,0,36.8686,19.9594,7.2018,7.2018,0.0,1431,1092.0,1092.0,0.0,-7.52,12.53,12.53,0.0,177,0.0,0.0,0.0,many,SR,2
0,1995,5391,847,0,34.718,19.0451,5.8745,7.4188,0.0,1621,814.0,1320.0,0.0,-4.4,10.16,13.63,0.0,162,0.0,98.0,0.0,many,SR,2
0,2002,9410,3569,0,38.985,20.7547,8.5665,6.9592,0.0,1582,1377.0,1041.0,0.0,-7.73,14.95,12.09,0.0,245,0.0,0.0,0.0,many,SR,2
0,2009,5106,0,0,16.2496,11.1478,3.702,0.0,0.0,1320,939.0,0.0,0.0,1.26,14.0,0.0,0.0,99,0.0,0.0,0.0,one,SR,1
0,2025,7955,0,0,16.9952,11.379,4.069,0.0,0.0,1239,1078.0,0.0,0.0,-0.92,15.47,0.0,0.0,174,0.0,0.0,0.0,one,SR,1
0,2027,8851,0,0,18.1838,12.9318,3.8076,0.0,0.0,1351,981.0,0.0,0.0,1.19,14.44,0.0,0.0,5,0.0,0.0,0.0,one,SR,1
1,2031,6641,673,672,73.5426,25.0812,15.0988,15.1054,15.1054,1842,2200.0,2200.0,2200.0,-9.03,13.51,13.5,13.5,224,335.0,335.0,335.0,many,RT,3
50,2038,9944,9816,2353,55.942,15.2811,6.1956,15.415,17.1291,1168,1041.0,2226.0,2149.0,-5.03,8.35,10.51,10.35,137,258.0,509.0,361.0,many,RT,3
0,2045,9179,5944,0,32.9412,18.1688,6.2399,6.345,0.0,1383,891.0,926.0,0.0,-5.17,10.82,11.06,0.0,104,0.0,7.0,0.0,many,SR,2
0,2047,8289,0,0,31.0765,22.6731,5.8476,0.0,0.0,2227,1970.0,0.0,0.0,0.38,25.56,0.0,0.0,23,0.0,0.0,0.0,one,SR,1
277,2063,208,207,0,48.8445,12.0707,17.6793,17.6793,0.0,1192,2782.0,2782.0,0.0,-0.22,11.08,11.08,0.0,46,770.0,770.0,0.0,many,TR,2
0,2064,8121,0,0,30.4866,21.5119,6.1733,0.0,0.0,2689,2179.0,0.0,0.0,3.02,28.02,0.0,0.0,253,0.0,0.0,0.0,one,SR,1
0,2065,7647,5017,0,37.0668,20.986,6.7787,6.9055,0.0,1376,1049.0,1031.0,0.0,-7.12,11.96,12.01,0.0,40,24.0,0.0,0.0,many,SR,2
0,2071,2468,2467,0,51.8278,28.477,9.8761,9.8761,0.0,2509,1704.0,1704.0,0.0,-6.04,17.99,17.99,0.0,267,0.0,0.0,0.0,many,SR,2
0,2072,6519,0,0,16.2216,11.5367,3.4018,0.0,0.0,1122,829.0,0.0,0.0,0.23,12.83,0.0,0.0,1,0.0,0.0,0.0,one,SR,1
0,2084,6172,0,0,15.766,11.1412,3.3575,0.0,0.0,1066,814.0,0.0,0.0,-0.21,12.67,0.0,0.0,18,0.0,0.0,0.0,one,SR,1
0,2089,503,502,0,41.5251,22.4706,8.1129,8.1129,0.0,2877,1282.0,1282.0,0.0,4.75,14.14,14.14,0.0,204,0.0,0.0,0.0,many,SR,2
0,2090,3434,2172,0,31.1674,16.8433,6.4552,5.6687,0.0,1583,1189.0,770.0,0.0,-3.18,12.2,9.8,0.0,202,135.0,-1.0,0.0,many,SR,2
0,2114,9634,6571,0,30.9238,17.01,5.9602,5.8947,0.0,1881,848.0,819.0,0.0,1.22,10.38,10.21,0.0,104,8.0,0.0,0.0,many,SR,2
0,2121,3057,0,0,24.006,16.4574,5.3621,0.0,0.0,2087,1656.0,0.0,0.0,2.24,21.86,0.0,0.0,220,0.0,0.0,0.0,one,SR,1
0,2125,4152,1107,1106,64.91,37.0683,8.9169,7.3822,7.3822,1509,1509.0,1130.0,1130.0,-21.6,15.9,12.85,12.85,26,26.0,0.0,0.0,many,SR,3
0,2127,6950,2907,154,64.6625,35.1021,8.39,8.3919,8.39,2319,1339.0,1339.0,1339.0,-15.15,14.63,14.63,14.63,300,0.0,0.0,0.0,many,SR,3
0,2131,4263,4260,0,47.5331,27.18,8.6652,8.6652,0.0,1833,1396.0,1396.0,0.0,-7.96,15.11,15.11,0.0,2,0.0,0.0,0.0,many,SR,2
0,2136,6014,2142,0,44.0035,24.1738,8.4418,8.4418,0.0,1606,1351.0,1351.0,0.0,-9.65,14.73,14.73,0.0,160,0.0,0.0,0.0,many,SR,2
247,2145,7598,0,0,14.8179,6.2691,7.4947,0.0,0.0,1848,1604.0,0.0,0.0,9.92,12.54,0.0,0.0,220,372.0,0.0,0.0,one,RT,1
0,2149,6783,4435,1566,62.3294,34.5683,7.8789,7.8808,7.8808,2521,1234.0,1234.0,1234.0,-10.61,13.74,13.74,13.74,172,0.0,0.0,0.0,many,SR,3
0,2150,4212,0,0,22.0582,15.7283,4.5833,0.0,0.0,1266,1266.0,0.0,0.0,-2.43,17.47,0.0,0.0,0,0.0,0.0,0.0,one,SR,1
0,2154,6839,3431,2755,54.2441,29.6341,6.0223,8.9116,6.021,3250,846.0,1453.0,860.0,1.23,10.44,15.62,10.49,223,0.0,0.0,7.0,many,SR,3
0,2187,1085,0,0,24.472,16.4885,5.6112,0.0,0.0,1999,1814.0,0.0,0.0,-0.36,23.72,0.0,0.0,332,0.0,0.0,0.0,one,SR,1
197,2198,8181,4968,0,42.4496,8.7198,20.4159,12.3053,0.0,1139,2835.0,1699.0,0.0,2.88,9.96,8.13,0.0,25,718.0,422.0,0.0,many,RT,2
0,2212,7655,693,0,34.7808,19.7667,6.3954,6.3982,0.0,1399,925.0,924.0,0.0,-5.3,11.11,11.1,0.0,15,0.0,0.0,0.0,many,SR,2
0,2234,4524,1468,1467,78.5085,44.4549,9.6162,9.6162,9.6162,2692,1636.0,1636.0,1636.0,-18.58,17.35,17.35,17.35,163,0.0,0.0,0.0,many,SR,3
0,2248,5925,5333,5000,60.2669,34.4268,6.435,7.8051,7.7686,1404,931.0,1219.0,1211.0,-19.74,11.17,13.61,13.54,4,-1.0,0.0,0.0,many,SR,3
0,2259,4414,2022,0,35.7557,20.1985,6.5613,6.6571,0.0,1068,1068.0,978.0,0.0,-9.84,11.83,11.56,0.0,58,58.0,0.0,0.0,many,SR,2
0,2261,8878,7156,0,32.8106,18.6158,6.0513,6.0462,0.0,1727,855.0,851.0,0.0,-0.74,10.49,10.48,0.0,18,2.0,0.0,0.0,many,SR,2
0,2263,4497,0,0,31.9878,22.5983,6.4092,0.0,0.0,2583,2331.0,0.0,0.0,0.3,29.8,0.0,0.0,288,0.0,0.0,0.0,one,SR,1
96,2296,2990,1183,133,117.9587,35.8359,29.2358,26.3331,22.5252,3030,3138.0,3339.0,2988.0,-4.44,17.04,18.55,16.7,29,38.0,271.0,328.0,many,RT,3
0,2305,8155,663,0,35.6096,19.8394,7.572,5.8084,0.0,1363,1337.0,801.0,0.0,-7.2,13.85,10.05,0.0,114,90.0,0.0,0.0,many,SR,2
224,2333,3850,2961,0,29.9947,6.4477,10.9297,11.601,0.0,1682,1476.0,1445.0,0.0,8.51,8.12,8.04,0.0,184,331.0,274.0,0.0,many,RT,2
0,2337,4900,3645,260,55.6607,30.155,7.2454,7.2454,7.2363,1642,1100.0,1100.0,1098.0,-16.77,12.6,12.6,12.58,263,-1.0,-1.0,0.0,many,SR,3
0,2342,6400,2192,0,43.388,23.2988,9.104,7.9613,0.0,1799,1557.0,1250.0,0.0,-8.33,16.37,13.87,0.0,267,25.0,0.0,0.0,many,SR,2
0,2347,9766,9765,94,51.2552,29.0341,5.7077,5.7077,7.5212,1192,780.0,780.0,1159.0,-17.04,9.87,9.87,13.1,36,0.0,0.0,0.0,many,SR,3
0,2353,6667,5838,5837,49.6217,27.4473,7.1504,5.8017,5.8017,1507,1507.0,800.0,800.0,-14.96,14.12,10.04,10.04,228,228.0,0.0,0.0,many,SR,3
0,2359,5378,0,0,15.897,10.3295,4.0362,0.0,0.0,1479,1063.0,0.0,0.0,1.75,15.31,0.0,0.0,236,0.0,0.0,0.0,one,SR,1
0,2361,2857,2856,0,29.8484,16.462,5.7058,5.7058,0.0,1422,780.0,780.0,0.0,-2.84,9.87,9.87,0.0,90,0.0,0.0,0.0,many,SR,2
184,2373,7899,4506,0,44.421,15.7111,15.8652,10.9941,0.0,2003,2136.0,1789.0,0.0,4.38,12.21,12.3,0.0,65,317.0,327.0,0.0,many,TR,2
0,2374,7744,4187,0,36.0425,19.5713,6.7042,7.3219,0.0,1220,989.0,1132.0,0.0,-9.2,11.65,12.8,0.0,166,0.0,8.0,0.0,many,SR,2
0,2411,961,0,0,16.496,11.4243,3.6793,0.0,0.0,1258,932.0,0.0,0.0,0.68,13.92,0.0,0.0,76,0.0,0.0,0.0,one,SR,1
0,2425,4199,0,0,15.6526,11.0335,3.3529,0.0,0.0,1061,813.0,0.0,0.0,-0.26,12.66,0.0,0.0,25,0.0,0.0,0.0,one,SR,1
0,2439,7665,1426,0,44.4543,25.2762,9.5611,6.635,0.0,1844,1844.0,973.0,0.0,-7.48,18.3,11.52,0.0,107,107.0,0.0,0.0,many,SR,2
0,2454,5064,5063,0,30.7481,17.4823,5.654,5.654,0.0,1166,770.0,770.0,0.0,-5.38,9.79,9.79,0.0,10,0.0,0.0,0.0,many,SR,2
0,2469,6208,4822,0,42.5941,24.2625,7.175,8.4224,0.0,1732,1086.0,1391.0,0.0,-6.42,12.48,14.87,0.0,24,0.0,24.0,0.0,many,SR,2
0,2475,8517,6244,2947,48.126,26.2356,6.2365,6.2102,6.2102,1263,890.0,884.0,884.0,-15.84,10.82,10.76,10.76,196,-1.0,0.0,0.0,many,SR,3
0,2487,8783,0,0,14.7899,9.7595,3.6486,0.0,0.0,1360,922.0,0.0,0.0,1.84,13.82,0.0,0.0,183,0.0,0.0,0.0,one,SR,1
0,2508,4903,1882,0,35.6311,19.6242,6.4181,7.1011,0.0,1281,1281.0,1071.0,0.0,-8.94,12.53,12.35,0.0,189,189.0,0.0,0.0,many,SR,2
0,2511,8518,0,0,23.0907,15.7431,5.2482,0.0,0.0,1713,1582.0,0.0,0.0,-0.91,20.99,0.0,0.0,215,0.0,0.0,0.0,one,SR,1
0,2514,6524,5708,2735,43.0514,23.6573,5.5703,5.4814,5.4814,1914,754.0,734.0,734.0,-5.65,9.64,9.48,9.48,143,1.0,0.0,0.0,many,SR,3
0,2515,452,451,0,42.5304,22.9113,8.3535,8.3535,0.0,1718,1331.0,1331.0,0.0,-8.17,14.56,14.56,0.0,225,0.0,0.0,0.0,many,SR,2
0,2536,1635,0,0,24.773,16.6207,5.7037,0.0,0.0,2510,1879.0,0.0,0.0,4.32,24.49,0.0,0.0,370,0.0,0.0,0.0,one,SR,1
0,2542,3359,820,0,33.2661,18.5021,6.2917,6.2917,0.0,1324,901.0,901.0,0.0,-5.72,10.9,10.9,0.0,77,0.0,0.0,0.0,many,SR,2
0,2543,4001,0,0,20.8833,14.6492,4.514,0.0,0.0,1418,1241.0,0.0,0.0,-0.59,17.2,0.0,0.0,57,0.0,0.0,0.0,one,SR,1
0,2553,2390,2389,0,35.8068,19.7219,6.8518,6.8518,0.0,1326,1019.0,1019.0,0.0,-7.51,11.91,11.91,0.0,117,0.0,0.0,0.0,many,SR,2
0,2561,1211,0,0,19.3412,13.6649,4.111,0.0,0.0,1320,1095.0,0.0,0.0,-0.23,15.65,0.0,0.0,29,0.0,0.0,0.0,one,SR,1
0,2562,4231,4229,3261,56.7458,32.4504,5.8046,5.8046,9.0645,1515,801.0,801.0,1515.0,-16.69,10.05,10.05,16.11,10,0.0,0.0,10.0,many,SR,3
0,2569,8206,1668,0,66.1196,37.7131,11.9069,11.9069,0.0,3164,2230.0,2230.0,0.0,-8.11,22.96,22.96,0.0,247,0.0,0.0,0.0,many,SR,2
0,2570,5240,1448,1421,76.209,43.9602,10.8323,5.5307,10.6584,2330,2196.0,742.0,2166.0,-22.58,21.54,9.56,21.18,211,117.0,-1.0,125.0,many,SR,3
0,2587,8911,0,0,20.3373,14.1277,4.4948,0.0,0.0,1470,1236.0,0.0,0.0,0.0,17.15,0.0,0.0,89,0.0,0.0,0.0,one,SR,1
0,2590,7554,6778,0,51.7262,28.5106,9.7009,9.8972,0.0,2265,1659.0,1824.0,0.0,-8.77,17.57,18.61,0.0,276,0.0,55.0,0.0,many,SR,2
0,2596,4652,4651,0,56.2908,31.818,10.3266,10.3266,0.0,3149,1821.0,1821.0,0.0,-1.31,19.1,19.1,0.0,175,0.0,0.0,0.0,many,SR,2
0,2634,5382,594,0,46.5886,25.5527,9.069,8.7171,0.0,2002,1561.0,1608.0,0.0,-8.23,16.34,16.16,0.0,252,32.0,98.0,0.0,many,SR,2
0,2636,6084,0,0,17.5534,11.2781,4.5414,0.0,0.0,1891,1254.0,0.0,0.0,4.25,17.34,0.0,0.0,295,0.0,0.0,0.0,one,SR,1
0,2644,6125,421,0,38.9243,20.7318,9.2763,6.1748,0.0,1734,1583.0,879.0,0.0,-6.47,16.7,10.72,0.0,269,16.0,0.0,0.0,many,SR,2
0,2661,8699,0,0,14.8943,10.4535,3.2255,0.0,0.0,1216,765.0,0.0,0.0,1.83,12.15,0.0,0.0,33,0.0,0.0,0.0,one,SR,1
0,2669,6073,3915,3914,57.3195,32.4907,7.7387,6.6859,6.6859,1328,1328.0,984.0,984.0,-19.52,13.96,11.61,11.61,67,67.0,0.0,0.0,many,SR,3
0,2675,7975,6548,2109,55.263,30.9452,6.9935,6.8566,6.8566,1181,1081.0,1020.0,1020.0,-20.1,12.28,11.92,11.92,106,18.0,0.0,0.0,many,SR,3
10,2676,8136,223,222,88.1151,26.6192,13.6414,22.3658,22.3658,2125,2421.0,2898.0,2898.0,-5.79,13.41,15.41,15.41,102,593.0,342.0,342.0,many,TR,3
0,2681,6490,6489,3924,52.725,30.0262,6.4747,6.4747,6.3781,2450,962.0,962.0,921.0,-4.62,11.32,11.32,11.07,22,12.0,12.0,0.0,many,SR,3
0,2686,5696,5695,0,33.0745,18.6004,6.168,6.168,0.0,1163,876.0,876.0,0.0,-7.03,10.69,10.69,0.0,44,0.0,0.0,0.0,many,SR,2
0,2696,7417,3584,0,41.6066,22.2028,8.1472,8.3487,0.0,1890,1371.0,1330.0,0.0,-6.33,14.53,14.55,0.0,271,44.0,0.0,0.0,many,SR,2
0,2702,9729,9728,0,46.7057,26.5937,8.5617,8.5617,0.0,1674,1376.0,1376.0,0.0,-9.32,14.94,14.94,0.0,21,0.0,0.0,0.0,many,SR,2
136,2710,6018,6017,4078,63.1261,14.7568,13.5341,13.5341,19.4208,1330,1383.0,1383.0,3180.0,-2.96,9.27,9.27,12.27,148,46.0,46.0,905.0,many,RT,3
0,2721,7331,3504,3503,102.7792,60.4568,13.0048,11.1831,11.1831,2816,2816.0,2042.0,2042.0,-32.99,27.14,21.19,21.19,144,144.0,0.0,0.0,many,SR,3
0,2735,1283,0,0,17.1618,11.9943,3.7486,0.0,0.0,1193,957.0,0.0,0.0,-0.24,14.19,0.0,0.0,53,0.0,0.0,0.0,one,SR,1
0,2747,7605,3266,0,38.7502,22.1421,7.0743,7.0743,0.0,1065,1065.0,1065.0,0.0,-10.95,12.3,12.3,0.0,0,0.0,0.0,0.0,many,SR,2
0,2769,7109,7108,0,99.0752,57.8487,17.0525,17.0525,0.0,4426,3568.0,3568.0,0.0,-17.62,35.61,35.61,0.0,426,0.0,0.0,0.0,many,SR,2
0,2771,7741,7740,0,43.0742,23.0148,8.5396,8.5396,0.0,1900,1371.0,1371.0,0.0,-6.87,14.9,14.9,0.0,260,0.0,0.0,0.0,many,SR,2
0,2781,3283,2399,0,49.6584,26.779,9.944,9.3804,0.0,2397,1843.0,1581.0,0.0,-6.83,18.75,16.8,0.0,356,59.0,3.0,0.0,many,SR,2
0,2795,8802,0,0,14.5277,9.5649,3.599,0.0,0.0,1344,905.0,0.0,0.0,1.84,13.64,0.0,0.0,185,0.0,0.0,0.0,one,SR,1
0,2800,7553,0,0,36.6514,26.4389,6.8759,0.0,0.0,3491,2634.0,0.0,0.0,6.63,33.37,0.0,0.0,245,0.0,0.0,0.0,one,SR,1
0,2815,7835,5547,4740,67.306,37.882,8.3476,8.2175,8.1896,1861,1586.0,1861.0,1298.0,-22.48,15.61,16.8,14.28,283,134.0,283.0,0.0,many,SR,3
0,2826,4788,0,0,37.5289,26.2474,7.4804,0.0,0.0,3776,3029.0,0.0,0.0,5.44,38.01,0.0,0.0,543,0.0,0.0,0.0,one,SR,1
0,2830,6392,0,0,15.8959,10.8054,3.6917,0.0,0.0,1137,938.0,0.0,0.0,-0.65,13.99,0.0,0.0,122,0.0,0.0,0.0,one,SR,1
0,2833,8284,0,0,16.7618,11.7577,3.6297,0.0,0.0,1494,915.0,0.0,0.0,3.32,13.74,0.0,0.0,42,0.0,0.0,0.0,one,SR,1
0,2836,9010,7387,0,40.9164,21.8168,8.1312,8.1312,0.0,1959,1287.0,1287.0,0.0,-4.97,14.19,14.19,0.0,254,0.0,0.0,0.0,many,SR,2
0,2839,9448,6843,1944,64.391,35.6362,8.1598,8.1666,8.1598,3441,1291.0,1294.0,1291.0,-2.29,14.22,14.25,14.22,190,0.0,0.0,0.0,many,SR,3
246,2841,3988,0,0,26.3119,10.0987,14.7116,0.0,0.0,1669,2646.0,0.0,0.0,4.01,18.02,0.0,0.0,233,439.0,0.0,0.0,one,RT,1
262,2851,7308,7220,0,76.5154,15.5136,16.072,43.0078,0.0,1133,2897.0,3618.0,0.0,-5.4,13.66,15.56,0.0,122,802.0,-300.0,0.0,many,RT,2
0,2862,4103,0,0,41.74,30.71,7.3394,0.0,0.0,3422,2935.0,0.0,0.0,2.72,36.91,0.0,0.0,171,0.0,0.0,0.0,one,SR,1
0,2883,2772,0,0,18.6776,13.2417,3.9385,0.0,0.0,1047,1031.0,0.0,0.0,-2.48,14.97,0.0,0.0,16,0.0,0.0,0.0,one,SR,1
0,2888,6653,0,0,22.9971,16.1529,4.9503,0.0,0.0,1624,1405.0,0.0,0.0,0.01,18.94,0.0,0.0,61,0.0,0.0,0.0,one,SR,1
0,2892,7959,5755,4345,146.4838,88.6382,12.4305,17.5026,17.8539,3954,2366.0,3954.0,3924.0,-49.01,24.25,38.04,38.3,129,0.0,129.0,71.0,many,SR,3
0,2896,5762,2420,2417,56.3122,31.7626,7.4669,6.6907,6.6907,1345,1345.0,985.0,985.0,-19.19,13.78,11.62,11.62,106,106.0,0.0,0.0,many,SR,3
0,2899,4246,1866,1864,61.2014,34.9813,7.4473,7.4435,7.4435,1142,1142.0,1142.0,1142.0,-22.98,12.95,12.95,12.95,0,0.0,0.0,0.0,many,SR,3
78,2918,5823,4087,523,61.9423,20.5884,11.4661,13.8645,13.6845,1131,2019.0,2131.0,1992.0,-9.17,10.81,10.8,10.78,32,560.0,509.0,414.0,many,RT,3
0,2919,6795,6794,0,107.673,61.8605,18.8928,18.8928,0.0,4466,4047.0,4047.0,0.0,-25.35,40.13,40.13,0.0,708,0.0,0.0,0.0,many,SR,2
0,2920,7249,7248,0,42.8344,22.5642,8.6298,8.6298,0.0,1891,1389.0,1389.0,0.0,-7.24,15.05,15.05,0.0,309,0.0,0.0,0.0,many,SR,2
0,2926,8115,7944,7943,77.0248,43.2145,9.5547,9.547,9.547,2374,1622.0,1620.0,1620.0,-21.53,17.22,17.2,17.2,221,0.0,0.0,0.0,many,SR,3
0,2929,7301,5693,0,49.9769,27.6178,11.0117,7.7254,0.0,2532,2405.0,1200.0,0.0,-6.01,22.77,13.45,0.0,340,195.0,0.0,0.0,many,SR,2
262,2942,7227,0,0,25.6979,9.443,15.1881,0.0,0.0,1538,2936.0,0.0,0.0,6.55,14.67,0.0,0.0,11,824.0,0.0,0.0,one,TR,1
0,2944,3021,196,0,32.4452,17.0606,7.6592,5.4275,0.0,1491,1205.0,768.0,0.0,-5.03,13.41,9.57,0.0,247,9.0,24.0,0.0,many,SR,2
0,2951,7409,5118,1497,76.7186,44.1315,8.7337,10.1941,8.7094,1846,1410.0,1846.0,1406.0,-25.17,15.24,19.06,15.2,29,-1.0,29.0,0.0,many,SR,3
0,2953,4245,4243,0,39.8407,22.4385,7.4109,7.4109,0.0,1532,1136.0,1136.0,0.0,-7.14,12.9,12.9,0.0,54,0.0,0.0,0.0,many,SR,2
0,2960,7566,2506,2289,70.9253,40.6889,7.9796,8.2503,9.4742,1609,1255.0,1314.0,1599.0,-23.9,13.91,14.4,17.01,7,0.0,2.0,-1.0,many,SR,3
0,2974,6057,5918,0,37.4885,20.4775,7.31,7.1674,0.0,1248,1149.0,1086.0,0.0,-9.7,12.86,12.48,0.0,159,18.0,0.0,0.0,many,SR,2
0,2982,6743,2216,0,38.0965,21.1181,5.584,8.6999,0.0,1853,755.0,1842.0,0.0,-4.79,9.66,17.28,0.0,214,0.0,213.0,0.0,many,SR,2
0,2985,2551,457,0,27.3589,14.3597,5.5591,5.5096,0.0,1361,749.0,781.0,0.0,-3.08,9.61,9.7,0.0,206,0.0,22.0,0.0,many,SR,2
0,2991,3759,2474,0,29.7443,16.3109,5.7227,5.7282,0.0,1334,785.0,784.0,0.0,-3.83,9.91,9.92,0.0,105,1.0,-1.0,0.0,many,SR,2
0,2996,5572,1996,0,33.2,18.348,6.3288,6.3273,0.0,1158,911.0,910.0,0.0,-7.6,10.98,10.98,0.0,97,1.0,0.0,0.0,many,SR,2
0,2999,8311,0,0,16.1728,11.2813,3.55,0.0,0.0,1154,884.0,0.0,0.0,0.04,13.41,0.0,0.0,54,0.0,0.0,0.0,one,SR,1
0,3011,7203,2545,0,28.8291,15.6174,5.639,5.6243,0.0,1153,765.0,763.0,0.0,-5.43,9.75,9.73,0.0,131,-1.0,0.0,0.0,many,SR,2
0,3039,1028,0,0,16.1712,11.321,3.5214,0.0,0.0,1169,872.0,0.0,0.0,0.32,13.29,0.0,0.0,44,0.0,0.0,0.0,one,SR,1
0,3040,7596,6026,0,49.0164,28.056,8.1857,9.568,0.0,1739,1296.0,1739.0,0.0,-10.6,14.26,17.8,0.0,55,0.0,55.0,0.0,many,SR,2
0,3042,6494,2975,0,33.6119,18.227,6.5545,6.5545,0.0,1391,957.0,957.0,0.0,-5.88,11.38,11.38,0.0,154,0.0,0.0,0.0,many,SR,2
0,3044,1027,0,0,26.6765,18.4486,5.7498,0.0,0.0,2153,1904.0,0.0,0.0,0.3,24.78,0.0,0.0,263,0.0,0.0,0.0,one,SR,1
52,3047,8746,1984,0,26.1835,8.0202,9.2991,7.7076,0.0,1182,1465.0,1336.0,0.0,2.0,8.78,8.78,0.0,163,378.0,371.0,0.0,many,TR,2
0,3050,7854,0,0,16.0393,11.3037,3.4376,0.0,0.0,1038,843.0,0.0,0.0,-0.78,12.98,0.0,0.0,26,0.0,0.0,0.0,one,SR,1
0,3053,8933,7269,7268,96.024,55.9053,12.3917,10.6056,10.6056,2844,2652.0,1892.0,1892.0,-28.78,25.62,19.77,19.77,187,141.0,0.0,0.0,many,SR,3
0,3058,5587,1549,0,27.8727,14.6594,5.6329,5.6329,0.0,1255,764.0,764.0,0.0,-4.35,9.74,9.74,0.0,196,0.0,0.0,0.0,many,SR,2
0,3076,1239,0,0,20.3901,14.3532,4.3731,0.0,0.0,1369,1188.0,0.0,0.0,-0.6,16.64,0.0,0.0,43,0.0,0.0,0.0,one,SR,1
265,3120,8980,7447,4599,88.407,24.5973,34.7246,11.9225,14.368,1382,2852.0,2022.0,1932.0,-10.64,13.38,12.77,12.8,38,-284.0,424.0,214.0,many,RT,3
0,3127,6203,5523,1918,53.1302,29.776,8.3178,5.7714,5.7048,1621,1621.0,793.0,779.0,-15.02,15.74,9.99,9.87,155,155.0,-1.0,0.0,many,SR,3
262,3128,7869,7868,0,32.7421,13.3453,8.8836,8.8836,0.0,1113,1655.0,1655.0,0.0,-2.98,10.15,10.15,0.0,90,469.0,469.0,0.0,many,TR,2
0,3137,6233,1836,0,34.055,19.3784,7.0038,5.4938,0.0,1081,1081.0,735.0,0.0,-8.26,12.3,9.49,0.0,16,16.0,0.0,0.0,many,SR,2
0,3140,2164,0,0,27.9597,19.4486,5.9096,0.0,0.0,2523,2009.0,0.0,0.0,3.08,26.02,0.0,0.0,271,0.0,0.0,0.0,one,SR,1
0,3148,7068,5473,0,36.8549,20.1086,7.5308,6.7109,0.0,1535,1173.0,1045.0,0.0,-6.42,13.17,11.88,0.0,166,6.0,29.0,0.0,many,SR,2
1,3149,9438,2903,2902,86.8836,28.1518,27.3231,14.0944,14.0944,1225,4089.0,2599.0,2599.0,-16.12,16.23,13.49,13.49,57,918.0,698.0,698.0,many,RT,3
0,3155,7444,0,0,24.0016,16.3272,5.4326,0.0,0.0,2151,1703.0,0.0,0.0,2.41,22.42,0.0,0.0,263,0.0,0.0,0.0,one,SR,1
0,3156,9701,3754,0,59.07,33.4772,10.777,10.777,0.0,2372,1937.0,1937.0,0.0,-11.44,20.19,20.19,0.0,196,0.0,0.0,0.0,many,SR,2
0,3170,9363,9362,7506,57.8021,32.5584,6.1508,6.1508,9.1753,1848,874.0,874.0,1533.0,-14.5,10.67,10.67,16.32,92,0.0,0.0,6.0,many,SR,3
0,3174,1680,0,0,21.0213,14.6839,4.5887,0.0,0.0,1926,1268.0,0.0,0.0,4.48,17.49,0.0,0.0,72,0.0,0.0,0.0,one,SR,1
0,3177,8329,6869,0,34.0146,18.3959,6.6544,6.645,0.0,1595,998.0,980.0,0.0,-4.13,11.63,11.56,0.0,169,11.0,2.0,0.0,many,SR,2
0,3178,3291,2766,514,60.5318,33.0502,7.821,7.8171,7.7654,2085,1223.0,1221.0,1211.0,-14.81,13.63,13.62,13.53,249,1.0,1.0,1.0,many,SR,3
195,3182,7455,2424,0,31.1465,8.4123,10.9152,10.8554,0.0,1104,1226.0,1228.0,0.0,2.92,7.81,7.82,0.0,18,159.0,164.0,0.0,many,RT,2
0,3202,9973,0,0,20.1673,13.4488,4.8616,0.0,0.0,1802,1370.0,0.0,0.0,2.21,18.57,0.0,0.0,223,0.0,0.0,0.0,one,SR,1
0,3210,6388,1979,1978,95.3072,55.3414,11.8869,10.7404,10.7404,2800,2800.0,1929.0,1929.0,-29.98,25.74,20.12,20.12,276,276.0,0.0,0.0,many,SR,3
0,3263,8133,0,0,30.4109,22.0174,5.8437,0.0,0.0,2488,1965.0,0.0,0.0,3.18,25.5,0.0,0.0,64,0.0,0.0,0.0,one,SR,1
0,3271,855,0,0,18.9742,13.3523,4.0736,0.0,0.0,1295,1079.0,0.0,0.0,-0.34,15.48,0.0,0.0,40,0.0,0.0,0.0,one,SR,1
0,3273,6258,5187,0,69.0987,40.7308,10.9282,12.8206,0.0,2634,1985.0,2539.0,0.0,-13.92,20.62,25.57,0.0,58,3.0,33.0,0.0,many,SR,2
0,3275,4410,0,0,16.659,11.1009,4.0289,0.0,0.0,1343,1061.0,0.0,0.0,0.34,15.29,0.0,0.0,182,0.0,0.0,0.0,one,SR,1
0,3282,3241,0,0,15.3076,10.2246,3.6885,0.0,0.0,1218,934.0,0.0,0.0,0.24,13.95,0.0,0.0,159,0.0,0.0,0.0,one,SR,1
0,3286,7456,0,0,16.1067,10.5317,4.0416,0.0,0.0,1338,1065.0,0.0,0.0,0.25,15.33,0.0,0.0,223,0.0,0.0,0.0,one,SR,1
0,3290,6376,2219,842,74.0503,39.3027,9.8619,9.7509,9.7748,4230,1703.0,1670.0,1723.0,-3.83,17.96,17.67,17.96,610,2.0,0.0,22.0,many,SR,3
0,3298,7048,0,0,15.8371,11.0077,3.5039,0.0,0.0,1208,869.0,0.0,0.0,0.75,13.26,0.0,0.0,63,0.0,0.0,0.0,one,SR,1
0,3301,6565,6564,0,39.9596,22.7192,7.3428,7.3428,0.0,2142,1121.0,1121.0,0.0,-0.5,12.77,12.77,0.0,19,0.0,0.0,0.0,many,SR,2
0,3322,8038,6632,0,37.0815,20.9994,5.7433,7.926,0.0,1335,789.0,1335.0,0.0,-7.7,9.95,14.18,0.0,49,0.0,49.0,0.0,many,SR,2
0,3338,5749,722,0,39.2568,20.2836,8.1503,7.9908,0.0,2208,1291.0,1301.0,0.0,-2.3,14.22,14.1,0.0,355,0.0,24.0,0.0,many,SR,2
0,3343,3636,1345,0,48.0058,26.1363,9.2817,9.2812,0.0,2448,1549.0,1549.0,0.0,-4.05,16.54,16.53,0.0,247,-1.0,0.0,0.0,many,SR,2
233,3353,9560,5514,0,61.5215,21.7321,18.5057,18.4959,0.0,2526,2543.0,2543.0,0.0,1.43,16.94,16.94,0.0,229,205.0,206.0,0.0,many,RT,2
0,3378,337,0,0,16.7097,11.1272,4.0448,0.0,0.0,1227,1069.0,0.0,0.0,-0.96,15.38,0.0,0.0,185,0.0,0.0,0.0,one,SR,1
78,3379,313,0,0,18.4713,5.3457,12.4278,0.0,0.0,1117,1744.0,0.0,0.0,5.45,10.98,0.0,0.0,64,286.0,0.0,0.0,one,RT,1
203,3392,9268,9100,0,69.6302,27.5152,19.2454,19.5915,0.0,1674,3398.0,3421.0,0.0,-11.93,21.69,21.09,0.0,136,542.0,574.0,0.0,many,RT,2
0,3396,6828,6827,5951,67.1235,38.5226,7.3015,7.3015,9.7006,2497,1112.0,1112.0,1661.0,-12.46,12.7,12.7,17.58,11,0.0,0.0,1.0,many,SR,3
0,3403,9149,2398,0,85.9498,49.9792,15.8536,14.0264,0.0,3823,3268.0,2782.0,0.0,-14.67,32.73,28.18,0.0,330,5.0,0.0,0.0,many,SR,2
0,3415,1187,1171,0,34.8843,18.8993,7.4803,6.0451,0.0,1574,1347.0,933.0,0.0,-5.61,13.79,10.8,0.0,221,106.0,44.0,0.0,many,SR,2
0,3421,499,0,0,11.7676,7.3362,3.2193,0.0,0.0,1464,762.0,0.0,0.0,4.46,12.12,0.0,0.0,244,0.0,0.0,0.0,one,SR,1
181,3437,6174,6173,6117,53.9335,14.227,12.0504,12.0504,13.9124,1164,1692.0,1692.0,1990.0,-3.02,8.43,8.43,10.08,69,414.0,414.0,440.0,many,TR,3
0,3443,6535,0,0,20.3186,14.0282,4.5544,0.0,0.0,1822,1256.0,0.0,0.0,3.51,17.36,0.0,0.0,109,0.0,0.0,0.0,one,SR,1
0,3444,5870,5869,0,51.9973,28.984,9.7395,9.7395,0.0,1787,1670.0,1670.0,0.0,-13.05,17.67,17.67,0.0,193,0.0,0.0,0.0,many,SR,2
0,3453,7662,0,0,29.3956,20.3768,6.1949,0.0,0.0,2540,2198.0,0.0,0.0,1.26,28.24,0.0,0.0,344,0.0,0.0,0.0,one,SR,1
0,3466,6945,3348,494,54.6815,30.733,7.9468,6.1901,6.1844,1491,1491.0,881.0,881.0,-16.99,14.81,10.73,10.73,131,131.0,0.0,0.0,many,SR,3
0,3469,7107,0,0,26.0509,18.492,5.3713,0.0,0.0,2473,1657.0,0.0,0.0,6.28,21.88,0.0,0.0,82,0.0,0.0,0.0,one,SR,1
0,3473,7062,2916,2393,78.6393,44.3843,9.4238,9.4008,10.1356,2661,1588.0,1607.0,1864.0,-19.71,16.9,16.96,19.09,223,0.0,12.0,44.0,many,SR,3
0,3475,9854,9853,0,30.0272,15.7603,6.0789,6.0789,0.0,1416,859.0,859.0,0.0,-4.11,10.55,10.55,0.0,220,0.0,0.0,0.0,many,SR,2
0,3478,8301,6980,0,45.8746,25.9321,7.9475,9.0061,0.0,1552,1273.0,1492.0,0.0,-10.6,13.96,15.93,0.0,66,13.0,6.0,0.0,many,SR,2
0,3479,6943,792,0,37.475,20.2348,8.4958,6.1853,0.0,1716,1372.0,880.0,0.0,-5.01,14.87,10.72,0.0,191,5.0,0.0,0.0,many,SR,2
0,3491,6699,0,0,23.2773,16.6019,4.8312,0.0,0.0,1727,1358.0,0.0,0.0,1.54,18.44,0.0,0.0,0,0.0,0.0,0.0,one,SR,1
0,3499,3381,396,0,34.1318,16.8906,7.391,7.2877,0.0,2914,1134.0,1129.0,0.0,7.53,12.87,12.76,0.0,421,2.0,10.0,0.0,many,SR,2
0,3507,5753,0,0,15.2549,10.1908,3.6717,0.0,0.0,1284,932.0,0.0,0.0,0.95,13.92,0.0,0.0,160,0.0,0.0,0.0,one,SR,1
0,3510,4716,4281,0,29.9011,16.9533,5.4398,5.5877,0.0,1257,744.0,771.0,0.0,-4.08,9.48,9.72,0.0,23,10.0,9.0,0.0,many,SR,2
0,3523,5832,0,0,17.988,12.6403,3.8758,0.0,0.0,1222,1007.0,0.0,0.0,-0.42,14.72,0.0,0.0,42,0.0,0.0,0.0,one,SR,1
0,3552,4920,4919,0,65.0396,38.0716,11.3294,11.3294,0.0,2943,2080.0,2080.0,0.0,-7.88,21.55,21.55,0.0,49,0.0,0.0,0.0,many,SR,2
0,3566,1641,124,0,50.8107,28.3321,9.0618,9.9695,0.0,1947,1492.0,1783.0,0.0,-10.58,15.99,18.48,0.0,184,0.0,27.0,0.0,many,SR,2
0,3578,3637,202,0,64.0227,36.8486,12.4168,10.3687,0.0,3090,2391.0,1897.0,0.0,-7.05,24.36,19.52,0.0,181,13.0,31.0,0.0,many,SR,2
0,3602,2100,2099,732,64.1193,36.8356,6.7655,6.7655,9.6509,1660,1001.0,1001.0,1659.0,-19.49,11.75,11.75,17.51,6,0.0,0.0,6.0,many,SR,3
0,3628,6875,1075,0,42.7199,23.3515,9.8554,6.3969,0.0,2478,2113.0,944.0,0.0,-2.03,19.98,11.18,0.0,320,199.0,10.0,0.0,many,SR,2
0,3631,1682,0,0,18.6253,12.9695,4.099,0.0,0.0,1597,1087.0,0.0,0.0,2.76,15.57,0.0,0.0,71,0.0,0.0,0.0,one,SR,1
198,3632,3286,1116,844,125.6971,29.2033,31.2651,32.724,28.9898,3026,3452.0,3648.0,4097.0,0.14,16.81,16.6,16.74,166,174.0,252.0,800.0,many,RT,3
0,3634,6711,5624,2825,47.2393,25.754,6.1038,6.1038,6.1038,1682,863.0,863.0,863.0,-10.9,10.58,10.58,10.58,192,0.0,0.0,0.0,many,SR,3
0,3638,6762,6637,0,31.9195,17.5126,6.3455,5.8833,0.0,1387,1011.0,866.0,0.0,-5.04,11.4,10.38,0.0,143,52.0,26.0,0.0,many,SR,2
0,3641,7344,5768,0,92.1367,53.8985,16.5963,14.6413,0.0,5269,3450.0,4127.0,0.0,-7.68,34.49,35.51,0.0,621,0.0,569.0,0.0,many,SR,2
0,3658,7155,4591,0,39.5566,21.8245,7.4134,7.632,0.0,2009,1144.0,1345.0,0.0,-3.09,12.94,13.93,0.0,161,4.0,88.0,0.0,many,SR,2
0,3662,9693,9691,0,72.7854,40.4546,13.4816,13.4816,0.0,4501,2640.0,2640.0,0.0,-1.05,26.84,26.84,0.0,536,0.0,0.0,0.0,many,SR,2
0,3664,4944,2479,0,38.4952,20.6334,7.6136,7.6007,0.0,1808,1176.0,1174.0,0.0,-4.84,13.25,13.22,0.0,218,-1.0,0.0,0.0,many,SR,2
0,3676,8619,2318,0,77.7927,45.4836,11.5961,15.1479,0.0,3684,2449.0,3283.0,0.0,-11.4,23.68,31.97,0.0,314,143.0,100.0,0.0,many,SR,2
0,3677,3527,3526,0,41.4277,22.2001,8.1867,8.1867,0.0,1769,1297.0,1297.0,0.0,-7.11,14.27,14.27,0.0,238,0.0,0.0,0.0,many,SR,2
0,3679,3958,0,0,25.6893,18.4319,5.2003,0.0,0.0,1779,1546.0,0.0,0.0,0.17,20.57,0.0,0.0,6,0.0,0.0,0.0,one,SR,1
0,3688,4756,4684,0,34.6113,19.0271,6.9006,6.3397,0.0,1225,1142.0,913.0,0.0,-8.23,12.43,11.01,0.0,141,61.0,0.0,0.0,many,SR,2
0,3689,8536,619,0,37.3936,21.0531,7.6368,6.2774,0.0,1434,1201.0,900.0,0.0,-6.78,13.37,10.89,0.0,54,10.0,0.0,0.0,many,SR,2
106,3699,9005,0,0,10.5677,5.5609,4.1966,0.0,0.0,1126,870.0,0.0,0.0,4.53,10.1,0.0,0.0,118,142.0,0.0,0.0,one,RT,1
0,3706,6016,0,0,18.5946,13.1305,3.9604,0.0,0.0,1162,1037.0,0.0,0.0,-1.33,15.04,0.0,0.0,28,0.0,0.0,0.0,one,SR,1
0,3728,7024,5201,5200,51.0464,27.9183,6.5689,6.5689,6.5689,1309,960.0,960.0,960.0,-17.05,11.4,11.4,11.4,196,0.0,0.0,0.0,many,SR,3
0,3745,2824,0,0,18.1836,12.2087,4.3258,0.0,0.0,1485,1174.0,0.0,0.0,0.75,16.49,0.0,0.0,180,0.0,0.0,0.0,one,SR,1
0,3762,834,833,0,31.0123,16.7829,6.0635,6.0635,0.0,1643,855.0,855.0,0.0,-1.67,10.51,10.51,0.0,146,0.0,0.0,0.0,many,SR,2
0,3784,7851,333,0,37.9557,21.1396,6.7317,7.5645,0.0,1306,997.0,1248.0,0.0,-8.97,11.71,13.49,0.0,105,1.0,43.0,0.0,many,SR,2
247,3792,9103,7201,0,46.679,14.4861,11.1065,19.4577,0.0,1295,1580.0,2650.0,0.0,-1.06,10.27,12.01,0.0,12,277.0,514.0,0.0,many,RT,2
0,3796,3499,0,0,14.4912,9.9603,3.2891,0.0,0.0,1187,790.0,0.0,0.0,1.29,12.42,0.0,0.0,83,0.0,0.0,0.0,one,SR,1
0,3812,1358,0,0,21.1348,15.036,4.417,0.0,0.0,1249,1205.0,0.0,0.0,-2.02,16.82,0.0,0.0,7,0.0,0.0,0.0,one,SR,1
0,3844,9105,0,0,16.343,11.2638,3.6836,0.0,0.0,1688,935.0,0.0,0.0,5.16,13.96,0.0,0.0,89,0.0,0.0,0.0,one,SR,1
0,3864,7882,954,0,31.9753,17.6449,6.4137,5.7029,0.0,1218,1218.0,779.0,0.0,-7.13,12.27,9.87,0.0,156,156.0,0.0,0.0,many,SR,2
0,3872,5683,3609,0,84.0912,50.1556,14.142,14.0377,0.0,3261,2813.0,2964.0,0.0,-17.56,28.47,29.09,0.0,113,0.0,86.0,0.0,many,SR,2
0,3881,9052,8232,0,49.1925,28.2136,9.3828,8.4256,0.0,1694,1619.0,1348.0,0.0,-10.75,17.0,14.7,0.0,22,20.0,0.0,0.0,many,SR,2
0,3886,5179,2921,0,43.8819,24.1518,8.3996,8.3997,0.0,1726,1341.0,1343.0,0.0,-8.25,14.65,14.66,0.0,152,0.0,0.0,0.0,many,SR,2
0,3920,8201,0,0,33.4532,23.4947,6.7278,0.0,0.0,3851,2544.0,0.0,0.0,11.36,32.31,0.0,0.0,381,0.0,0.0,0.0,one,SR,1
0,3923,4648,0,0,18.3198,13.0303,3.8345,0.0,0.0,1057,991.0,0.0,0.0,-2.0,14.55,0.0,0.0,5,0.0,0.0,0.0,one,SR,1
0,3929,8000,5904,3801,45.4014,25.0699,6.3316,5.4268,5.4357,1315,1315.0,723.0,723.0,-14.43,12.59,9.39,9.4,216,216.0,0.0,-1.0,many,SR,3
0,3931,7885,4230,2618,73.8537,41.9428,9.0529,9.0386,9.033,2830,1499.0,1485.0,1485.0,-13.36,16.02,15.92,15.92,78,4.0,0.0,0.0,many,SR,3
0,3966,8675,8362,0,59.7837,34.6688,9.9146,11.1679,0.0,2940,1715.0,2255.0,0.0,-5.42,18.1,22.23,0.0,111,0.0,103.0,0.0,many,SR,2
0,3970,5019,4974,0,48.1941,26.707,8.9295,9.289,0.0,1708,1555.0,1551.0,0.0,-11.48,16.14,16.55,0.0,185,47.0,0.0,0.0,many,SR,2
0,3980,2324,0,0,39.9228,28.3423,7.6524,0.0,0.0,3754,3137.0,0.0,0.0,4.06,39.28,0.0,0.0,478,0.0,0.0,0.0,one,SR,1
0,3982,8105,7467,0,45.2557,24.9025,7.9029,9.1985,0.0,1811,1811.0,1528.0,0.0,-10.25,16.19,16.33,0.0,298,298.0,0.0,0.0,many,SR,2
0,4001,5516,0,0,18.0963,12.2566,4.2288,0.0,0.0,1231,1138.0,0.0,0.0,-1.57,16.11,0.0,0.0,153,0.0,0.0,0.0,one,SR,1
0,4003,2917,0,0,20.1493,14.3245,4.2202,0.0,0.0,1852,1132.0,0.0,0.0,5.01,16.04,0.0,0.0,8,0.0,0.0,0.0,one,SR,1
88,4006,9512,9260,6511,78.2362,10.7112,16.5242,41.0757,8.5126,1155,1937.0,2784.0,1142.0,-0.59,8.52,10.85,7.75,137,339.0,-555.0,236.0,many,RT,3
0,4045,8022,3704,0,41.0204,23.4527,6.754,8.2079,0.0,1303,999.0,1303.0,0.0,-9.77,11.74,14.32,0.0,0,0.0,0.0,0.0,many,SR,2
0,4056,848,0,0,14.8293,10.5237,3.1307,0.0,0.0,1004,727.0,0.0,0.0,-0.03,11.75,0.0,0.0,4,0.0,0.0,0.0,one,SR,1
0,4063,9486,0,0,21.3389,15.0543,4.5476,0.0,0.0,1621,1257.0,0.0,0.0,1.39,17.37,0.0,0.0,40,0.0,0.0,0.0,one,SR,1
0,4082,9069,8781,0,33.473,18.2603,6.333,6.6241,0.0,1275,912.0,985.0,0.0,-6.91,11.0,11.56,0.0,139,0.0,7.0,0.0,many,SR,2
0,4089,8475,2344,0,36.2026,19.5361,7.1308,7.0676,0.0,1363,1076.0,1064.0,0.0,-7.9,12.39,12.29,0.0,183,0.0,0.0,0.0,many,SR,2
0,4112,4674,0,0,14.0019,9.4127,3.3336,0.0,0.0,1305,803.0,0.0,0.0,2.4,12.56,0.0,0.0,129,0.0,0.0,0.0,one,SR,1
0,4127,6949,3795,0,32.8208,17.4634,6.6064,6.4625,0.0,1309,969.0,986.0,0.0,-6.85,11.48,11.4,0.0,214,0.0,26.0,0.0,many,SR,2
0,4131,5411,4327,0,51.8426,28.956,8.9964,10.3323,0.0,2099,1476.0,1950.0,0.0,-9.98,15.84,19.74,0.0,209,0.0,61.0,0.0,many,SR,2
195,4132,3664,0,0,20.7334,9.5165,10.0621,0.0,0.0,1553,2024.0,0.0,0.0,5.91,14.55,0.0,0.0,60,430.0,0.0,0.0,one,TR,1
0,4135,7752,7482,0,27.4902,14.7516,5.4044,5.4028,0.0,1601,876.0,718.0,0.0,-0.57,9.97,9.35,0.0,180,85.0,0.0,0.0,many,SR,2
0,4142,6557,3612,0,43.3864,23.4391,8.1244,8.8268,0.0,1692,1284.0,1509.0,0.0,-9.2,14.16,15.8,0.0,241,0.0,37.0,0.0,many,SR,2
0,4162,5237,1738,0,32.2165,18.0191,6.0712,6.0281,0.0,1334,857.0,848.0,0.0,-4.88,10.53,10.45,0.0,59,0.0,0.0,0.0,many,SR,2
0,4174,6849,6848,0,32.4848,17.3935,6.4298,6.4298,0.0,1224,931.0,931.0,0.0,-7.23,11.16,11.16,0.0,184,0.0,0.0,0.0,many,SR,2
0,4196,8576,2535,2534,68.9772,39.5928,9.9456,7.4857,7.4857,1810,1810.0,1152.0,1152.0,-21.2,18.6,13.04,13.04,42,42.0,0.0,0.0,many,SR,3
0,4198,6104,5734,0,31.9906,17.1429,6.8465,5.6598,0.0,1803,1426.0,801.0,0.0,-2.14,13.51,9.91,0.0,268,219.0,17.0,0.0,many,SR,2
0,4199,7906,7905,0,28.9348,15.4957,5.7279,5.7279,0.0,1171,785.0,785.0,0.0,-5.55,9.92,9.92,0.0,161,0.0,0.0,0.0,many,SR,2
0,4203,4012,0,0,34.9214,25.1769,6.6113,0.0,0.0,2913,2461.0,0.0,0.0,2.39,31.33,0.0,0.0,206,0.0,0.0,0.0,one,SR,1
0,4209,6665,6664,0,54.6443,30.8219,10.0666,10.0666,0.0,2181,1752.0,1752.0,0.0,-10.3,18.45,18.45,0.0,163,0.0,0.0,0.0,many,SR,2
0,4228,4722,4721,0,32.9396,17.5849,6.5411,6.5411,0.0,1275,955.0,955.0,0.0,-7.06,11.36,11.36,0.0,196,0.0,0.0,0.0,many,SR,2
0,4229,6994,6993,2408,50.3203,26.8015,6.2198,6.2198,7.5898,2031,886.0,886.0,1204.0,-10.08,10.78,10.78,13.34,314,0.0,0.0,16.0,many,SR,3
0,4232,6120,3872,2385,64.4136,35.3897,8.2405,8.25,8.2223,2344,1309.0,1311.0,1306.0,-14.19,14.37,14.39,14.35,233,0.0,0.0,0.0,many,SR,3
114,4233,7663,5860,0,61.6531,16.6279,17.7722,25.3165,0.0,1545,1708.0,2493.0,0.0,-1.21,12.7,13.66,0.0,55,-146.0,-35.0,0.0,many,RT,2
0,4238,8543,8542,0,35.7153,19.5176,6.8988,6.8988,0.0,1451,1030.0,1030.0,0.0,-6.36,12.0,12.0,0.0,142,0.0,0.0,0.0,many,SR,2
0,4240,6726,5096,0,34.5675,19.5535,6.404,6.3869,0.0,1292,926.0,931.0,0.0,-6.44,11.12,11.12,0.0,31,0.0,5.0,0.0,many,SR,2
0,4256,7230,4076,4075,79.7889,44.0981,10.0532,10.0532,10.0532,3100,1751.0,1751.0,1751.0,-17.23,18.44,18.44,18.44,388,0.0,0.0,0.0,many,SR,3
0,4257,5233,4379,1757,58.0562,32.5994,8.0267,5.3841,8.1526,1523,1464.0,828.0,1337.0,-19.05,14.78,9.75,14.4,167,107.0,62.0,25.0,many,SR,3
0,4270,691,0,0,15.6656,10.423,3.8014,0.0,0.0,1248,978.0,0.0,0.0,0.13,14.41,0.0,0.0,174,0.0,0.0,0.0,one,SR,1
0,4300,7511,7510,0,32.1511,17.1803,6.3781,6.3781,0.0,1605,921.0,921.0,0.0,-3.08,11.07,11.07,0.0,188,0.0,0.0,0.0,many,SR,2
0,4307,5054,0,0,16.0427,10.4226,4.0728,0.0,0.0,1541,1078.0,0.0,0.0,2.26,15.47,0.0,0.0,239,0.0,0.0,0.0,one,SR,1
0,4310,5029,2352,0,47.3291,25.5877,9.2312,9.2312,0.0,2699,1535.0,1535.0,0.0,-1.17,16.4,16.4,0.0,268,0.0,0.0,0.0,many,SR,2
0,4312,8776,933,932,48.2802,27.3513,6.8218,5.4938,5.4938,1105,1105.0,735.0,735.0,-16.47,12.21,9.49,9.49,50,50.0,0.0,0.0,many,SR,3
78,4320,4641,0,0,23.6586,10.7472,11.6856,0.0,0.0,1257,2154.0,0.0,0.0,2.17,16.26,0.0,0.0,20,338.0,0.0,0.0,one,RT,1
72,4348,3432,0,0,54.5675,10.1459,43.1225,0.0,0.0,1292,4671.0,0.0,0.0,1.87,18.99,0.0,0.0,106,299.0,0.0,0.0,one,TR,1
0,4358,5688,550,0,32.8153,17.7451,6.9085,5.8535,0.0,1511,1267.0,812.0,0.0,-4.91,12.94,10.15,0.0,207,127.0,0.0,0.0,many,SR,2
0,4367,2151,0,0,15.401,10.5377,3.5281,0.0,0.0,1270,878.0,0.0,0.0,1.32,13.35,0.0,0.0,101,0.0,0.0,0.0,one,SR,1
0,4383,3878,0,0,17.7895,12.56,3.7925,0.0,0.0,1369,974.0,0.0,0.0,1.44,14.37,0.0,0.0,26,0.0,0.0,0.0,one,SR,1
0,4385,8025,0,0,14.1431,9.8262,3.1388,0.0,0.0,1216,730.0,0.0,0.0,2.16,11.78,0.0,0.0,53,0.0,0.0,0.0,one,SR,1
0,4388,698,0,0,20.004,13.9184,4.4059,0.0,0.0,1497,1203.0,0.0,0.0,0.6,16.8,0.0,0.0,82,0.0,0.0,0.0,one,SR,1
184,4398,8610,7534,1335,93.8753,22.6021,16.9842,41.6407,10.0416,1291,2819.0,3798.0,1942.0,-9.9,12.58,14.58,11.9,59,752.0,-29.0,520.0,many,TR,3
231,4413,3492,1222,1221,92.7743,24.666,34.0321,15.5847,15.5847,1138,3788.0,1674.0,1674.0,-14.21,14.7,12.69,12.69,102,393.0,-46.0,-46.0,many,TR,3
0,4421,9253,495,0,42.9875,23.9646,8.6881,7.4572,0.0,1710,1538.0,1149.0,0.0,-7.94,15.78,13.0,0.0,132,68.0,2.0,0.0,many,SR,2
0,4436,6542,2568,0,38.3588,21.4751,7.0289,7.3127,0.0,2033,1161.0,1129.0,0.0,-1.53,12.64,12.78,0.0,96,56.0,7.0,0.0,many,SR,2
0,4439,6753,17,0,36.5154,20.5362,5.6943,7.8831,0.0,1777,778.0,1341.0,0.0,-2.96,9.86,14.16,0.0,74,0.0,57.0,0.0,many,SR,2
0,4451,6169,2165,0,36.1054,20.1202,6.8748,6.707,0.0,1357,1137.0,988.0,0.0,-7.38,12.39,11.64,0.0,103,61.0,0.0,0.0,many,SR,2
0,4467,697,0,0,17.1152,11.7581,3.882,0.0,0.0,1315,1010.0,0.0,0.0,0.53,14.75,0.0,0.0,104,0.0,0.0,0.0,one,SR,1
0,4475,9797,28,0,57.3525,33.0204,9.7626,10.7677,0.0,2603,1676.0,1958.0,0.0,-6.88,17.73,20.29,0.0,82,0.0,11.0,0.0,many,SR,2
0,4493,9532,9531,0,27.6569,14.8312,5.468,5.468,0.0,1247,730.0,730.0,0.0,-3.91,9.45,9.45,0.0,149,0.0,0.0,0.0,many,SR,2
0,4499,7831,5148,3073,46.4251,26.0263,5.7279,5.7279,5.8983,1191,785.0,785.0,920.0,-14.9,9.92,9.92,10.61,94,0.0,0.0,53.0,many,SR,3
0,4558,4059,381,0,41.2891,22.915,7.8229,7.8195,0.0,1939,1235.0,1222.0,0.0,-4.23,13.68,13.63,0.0,114,7.0,0.0,0.0,many,SR,2
0,4561,991,358,357,70.0388,39.1641,9.1007,8.5838,8.5838,1629,1502.0,1381.0,1381.0,-24.35,16.09,14.99,14.99,157,-1.0,0.0,0.0,many,SR,3
0,4586,4625,4624,1501,49.8721,27.7657,6.2821,6.2821,6.2764,2370,899.0,899.0,899.0,-4.51,10.89,10.89,10.89,111,0.0,0.0,0.0,many,SR,3
0,4587,8535,8534,0,46.7093,26.187,8.7362,8.7362,0.0,1905,1412.0,1412.0,0.0,-7.45,15.25,15.25,0.0,86,0.0,0.0,0.0,many,SR,2
0,4600,5990,4639,0,36.1314,19.273,7.176,7.1846,0.0,1742,1087.0,1088.0,0.0,-4.19,12.48,12.49,0.0,219,0.0,0.0,0.0,many,SR,2
0,4623,7140,5250,437,47.977,27.2125,5.8967,5.8967,5.9043,1570,821.0,821.0,821.0,-11.12,10.22,10.22,10.22,27,0.0,0.0,0.0,many,SR,3
0,4656,5209,376,0,36.4479,20.7694,6.6792,6.6792,0.0,1568,983.0,983.0,0.0,-4.42,11.6,11.6,0.0,8,0.0,0.0,0.0,many,SR,2
0,4662,9451,7499,2724,83.2208,47.8612,9.9569,9.9765,9.965,2767,1724.0,1728.0,1725.0,-20.1,18.18,18.23,18.2,88,0.0,-1.0,-1.0,many,SR,3
0,4666,8987,0,0,27.9819,19.5262,5.8765,0.0,0.0,2351,1990.0,0.0,0.0,1.47,25.79,0.0,0.0,252,0.0,0.0,0.0,one,SR,1
0,4678,4774,4773,0,49.4114,27.852,9.1562,9.1562,0.0,1973,1518.0,1518.0,0.0,-8.51,16.24,16.24,0.0,94,0.0,0.0,0.0,many,SR,2
0,4683,240,0,0,15.4443,10.4253,3.6394,0.0,0.0,1181,920.0,0.0,0.0,-0.02,13.8,0.0,0.0,136,0.0,0.0,0.0,one,SR,1
0,4685,5184,2923,0,37.3996,20.5941,7.1364,7.0947,0.0,1712,1334.0,1067.0,0.0,-5.19,13.42,12.32,0.0,176,137.0,-1.0,0.0,many,SR,2
0,4689,9859,348,0,34.2774,18.7329,7.7081,5.4831,0.0,1624,1208.0,882.0,0.0,-4.13,13.46,10.07,0.0,167,6.0,79.0,0.0,many,SR,2
0,4703,8221,1441,0,41.0665,23.3476,7.4041,7.6808,0.0,1498,1133.0,1215.0,0.0,-7.98,12.88,13.46,0.0,25,0.0,13.0,0.0,many,SR,2
0,4712,2769,2767,0,34.0491,18.2428,6.7329,6.7329,0.0,1416,995.0,995.0,0.0,-6.2,11.7,11.7,0.0,193,0.0,0.0,0.0,many,SR,2
0,4723,877,0,0,14.9385,9.8161,3.7141,0.0,0.0,1398,947.0,0.0,0.0,2.0,14.08,0.0,0.0,195,0.0,0.0,0.0,one,SR,1
0,4730,5849,0,0,14.5535,9.6696,3.5446,0.0,0.0,1374,882.0,0.0,0.0,2.37,13.39,0.0,0.0,163,0.0,0.0,0.0,one,SR,1
0,4753,6895,0,0,20.582,13.7658,4.9317,0.0,0.0,1861,1396.0,0.0,0.0,2.58,18.84,0.0,0.0,218,0.0,0.0,0.0,one,SR,1
0,4781,4703,1266,0,36.2955,20.1038,7.2003,6.5463,0.0,1465,1091.0,1098.0,0.0,-6.62,12.53,11.92,0.0,130,-1.0,77.0,0.0,many,SR,2
0,4784,2815,2814,0,36.4986,19.8981,7.0705,7.0705,0.0,1637,1065.0,1065.0,0.0,-4.95,12.3,12.3,0.0,153,0.0,0.0,0.0,many,SR,2
0,4788,3562,1166,0,33.3115,17.9265,5.7074,7.3779,0.0,1593,783.0,1196.0,0.0,-3.97,9.89,13.11,0.0,189,1.0,36.0,0.0,many,SR,2
0,4790,4041,0,0,21.1989,14.2664,5.0142,0.0,0.0,1719,1428.0,0.0,0.0,0.78,19.18,0.0,0.0,205,0.0,0.0,0.0,one,SR,1
0,4793,9355,5417,0,30.392,17.1374,5.6425,5.6543,0.0,1109,766.0,779.0,0.0,-5.98,9.75,9.82,0.0,33,0.0,5.0,0.0,many,SR,2
0,4794,5511,2051,0,48.0327,26.8659,8.998,9.0002,0.0,1972,1478.0,1476.0,0.0,-7.81,15.85,15.84,0.0,113,1.0,0.0,0.0,many,SR,2
162,4797,1626,0,0,11.5608,4.3033,6.668,0.0,0.0,1178,863.0,0.0,0.0,7.06,8.9,0.0,0.0,69,64.0,0.0,0.0,one,TR,1
0,4798,2156,0,0,23.3139,15.862,5.309,0.0,0.0,2200,1619.0,0.0,0.0,3.81,21.43,0.0,0.0,234,0.0,0.0,0.0,one,SR,1
0,4801,5774,5773,2989,61.3138,34.2094,7.7178,7.7178,7.6478,2023,1200.0,1200.0,1185.0,-14.95,13.45,13.45,13.32,135,0.0,0.0,0.0,many,SR,3
0,4803,5745,3444,0,31.7822,17.4419,6.1173,6.1002,0.0,1442,867.0,872.0,0.0,-3.96,10.61,10.61,0.0,114,0.0,5.0,0.0,many,SR,2
0,4811,5920,5381,107,59.417,33.3445,7.9142,7.4734,6.8025,1344,1263.0,1168.0,1021.0,-20.83,13.88,13.08,11.86,109,12.0,11.0,7.0,many,SR,3
0,4813,3150,0,0,18.1632,12.0456,4.4293,0.0,0.0,1375,1211.0,0.0,0.0,-0.76,16.88,0.0,0.0,215,0.0,0.0,0.0,one,SR,1
0,4814,2392,1236,0,74.8879,43.8565,13.6623,12.1168,0.0,3789,3043.0,2286.0,0.0,-7.49,29.03,23.49,0.0,233,171.0,0.0,0.0,many,SR,2
0,4817,9673,4137,1108,59.1729,33.2807,8.2024,6.8835,6.8797,1563,1563.0,1026.0,1026.0,-18.93,15.33,11.97,11.97,141,141.0,0.0,0.0,many,SR,3
86,4820,6680,0,0,20.9059,8.4308,11.2142,0.0,0.0,1875,2479.0,0.0,0.0,8.34,15.61,0.0,0.0,199,650.0,0.0,0.0,one,RT,1
0,4850,1242,0,0,18.3048,12.4707,4.2253,0.0,0.0,1353,1136.0,0.0,0.0,-0.27,16.09,0.0,0.0,137,0.0,0.0,0.0,one,SR,1
181,4859,7548,4928,0,35.9458,13.9093,10.4088,9.7319,0.0,1520,1903.0,1883.0,0.0,-1.1,12.67,12.29,0.0,215,426.0,471.0,0.0,many,RT,2
0,4873,1594,0,0,13.2577,8.2518,3.6305,0.0,0.0,1835,916.0,0.0,0.0,6.89,13.75,0.0,0.0,282,0.0,0.0,0.0,one,SR,1
0,4878,9818,8164,0,41.7742,22.8423,7.6799,8.2692,0.0,1703,1703.0,1315.0,0.0,-8.96,15.4,14.42,0.0,273,273.0,0.0,0.0,many,SR,2
0,4908,6440,3515,0,66.2701,37.1163,12.1951,12.2111,0.0,2654,2322.0,2310.0,0.0,-14.86,23.76,23.72,0.0,383,8.0,0.0,0.0,many,SR,2
0,4911,1389,644,0,37.7387,21.3522,7.3457,6.5795,0.0,1224,1224.0,963.0,0.0,-9.3,13.18,11.43,0.0,55,55.0,0.0,0.0,many,SR,2
0,4922,7631,2925,557,49.521,27.9342,6.1317,6.1317,6.1317,1681,870.0,870.0,870.0,-11.08,10.64,10.64,10.64,54,0.0,0.0,0.0,many,SR,3
0,4941,7370,5580,0,46.8086,25.1685,9.221,9.1504,0.0,2525,1551.0,1516.0,0.0,-2.91,16.47,16.22,0.0,290,8.0,0.0,0.0,many,SR,2
0,4951,6479,290,0,29.8775,15.9165,6.1038,5.7498,0.0,1335,863.0,926.0,0.0,-4.95,10.58,10.49,0.0,208,0.0,73.0,0.0,many,SR,2
0,4969,6454,6453,0,48.5288,27.6293,8.8924,8.8924,0.0,3210,1448.0,1448.0,0.0,5.67,15.57,15.57,0.0,28,0.0,0.0,0.0,many,SR,2
0,4993,6320,0,0,15.3916,10.1247,3.8184,0.0,0.0,1299,985.0,0.0,0.0,0.6,14.49,0.0,0.0,199,0.0,0.0,0.0,one,SR,1
79,2194,9074,8420,4065,112.8174,30.898,20.7819,18.4349,39.1434,3394,3533.0,2500.0,4158.0,3.6,15.81,15.22,17.56,78,893.0,275.0,218.0,many,RT,3
0,1264,4573,4572,2423,106.2492,62.4314,10.6788,10.6788,15.1346,3567,1912.0,1912.0,3567.0,-28.48,19.96,19.96,33.34,239,0.0,0.0,239.0,many,SR,3
114,2831,3205,1112,0,96.029,27.3986,30.0865,34.8357,0.0,2606,3969.0,3795.0,0.0,-6.01,22.55,23.53,0.0,408,307.0,-154.0,0.0,many,RT,2
204,1690,8224,5614,12,101.2379,16.9093,31.3809,27.5313,23.4604,2476,3089.0,2999.0,2788.0,8.39,10.84,11.86,11.85,48,233.0,326.0,399.0,many,RT,3
94,899,6020,4206,2655,90.8566,17.906,27.4648,24.0109,19.4075,2436,2434.0,2726.0,1410.0,6.97,9.41,11.6,10.66,48,40.0,335.0,-350.0,many,TR,3
184,4250,7568,6397,4297,74.056,20.8404,14.9551,20.4295,15.4659,1438,2542.0,2561.0,2372.0,-6.19,11.59,12.64,11.42,31,714.0,355.0,565.0,many,RT,3
150,4012,9458,7953,3540,73.4329,17.5456,20.9624,13.4452,19.2208,1670,3041.0,2534.0,2824.0,-2.79,9.68,13.95,9.95,190,859.0,659.0,778.0,many,TR,3
79,1727,9469,3394,3089,73.7063,19.4086,15.4554,16.9065,19.4006,2326,1782.0,2218.0,1917.0,1.61,9.39,15.62,10.34,233,233.0,125.0,55.0,many,RT,3
86,837,7388,5448,830,70.5226,15.4427,21.4524,14.9604,16.8233,1862,2472.0,2141.0,1786.0,2.96,10.28,9.28,8.87,79,363.0,540.0,187.0,many,TR,3
26,133,4642,3614,279,94.117,30.3453,19.017,22.3143,19.0199,2415,2927.0,2908.0,2935.0,-5.43,15.6,15.0,15.61,30,545.0,376.0,550.0,many,RT,3
0,3492,6609,4712,0,70.7543,38.9044,10.1667,16.3865,0.0,4420,1778.0,3457.0,0.0,-1.26,18.69,34.28,0.0,598,0.0,30.0,0.0,many,SR,2
0,2100,9144,4377,1336,67.6728,38.7898,9.205,7.1626,8.1895,1551,1551.0,1085.0,1314.0,-22.65,16.45,12.47,14.34,10,10.0,0.0,9.0,many,SR,3
0,2576,7891,4274,2823,66.9215,38.18,7.4877,6.8557,9.9849,2018,1183.0,1021.0,1892.0,-18.53,13.16,11.92,19.05,105,17.0,0.0,76.0,many,SR,3
0,704,4357,3303,0,65.3997,38.0994,11.1466,11.6375,0.0,2772,2387.0,2162.0,0.0,-11.54,22.84,22.32,0.0,174,170.0,0.0,0.0,many,SR,2
0,3276,597,596,0,63.8606,36.693,11.4084,11.4084,0.0,4467,2102.0,2102.0,0.0,7.75,21.75,21.75,0.0,168,0.0,0.0,0.0,many,SR,2
0,1261,4250,4249,0,62.8564,35.591,11.4469,11.4469,0.0,3620,2113.0,2113.0,0.0,-1.33,21.86,21.86,0.0,256,0.0,0.0,0.0,many,SR,2
0,859,1805,1561,0,62.5192,36.9509,15.3799,5.9465,0.0,3754,3258.0,831.0,0.0,1.24,32.11,10.31,0.0,84,60.0,0.0,0.0,many,SR,2
0,1738,7450,3428,3364,60.2149,33.6924,8.2641,8.6012,5.5053,1895,1358.0,1895.0,737.0,-17.47,14.59,17.43,9.51,251,24.0,251.0,0.0,many,SR,3
0,1721,8898,1607,0,60.1277,33.5237,13.2286,8.6815,0.0,4189,3654.0,1466.0,0.0,1.74,31.52,15.42,0.0,595,519.0,34.0,0.0,many,SR,2
0,376,4815,4588,4587,59.3124,33.0707,7.8503,7.2268,7.2268,1461,1363.0,1098.0,1098.0,-20.1,14.22,12.58,12.58,162,72.0,0.0,0.0,many,SR,3
95,3517,6127,6126,346,83.0341,23.8295,17.8187,17.8187,20.1687,3104,3102.0,3102.0,2905.0,2.01,15.33,15.33,15.33,461,762.0,762.0,478.0,many,TR,3
0,2310,1534,660,0,57.4713,33.3501,10.4817,9.8415,0.0,1980,1980.0,1696.0,0.0,-13.39,20.06,17.92,0.0,57,57.0,0.0,0.0,many,SR,2
0,4206,6274,6273,0,57.2571,32.4391,10.4651,10.4651,0.0,2741,1857.0,1857.0,0.0,-6.21,19.44,19.44,0.0,174,0.0,0.0,0.0,many,SR,2
0,4433,8860,8770,0,56.7395,33.4157,13.2902,6.2937,0.0,2848,2611.0,903.0,0.0,-3.76,26.48,10.92,0.0,17,9.0,0.0,0.0,many,SR,2
164,2657,8288,4838,1582,80.836,18.4685,20.3551,12.6364,27.0542,1358,3126.0,2387.0,3064.0,-6.64,12.19,12.6,12.42,166,815.0,671.0,371.0,many,RT,3
0,4094,7235,7234,0,55.9592,32.5183,9.9126,9.9126,0.0,2412,1713.0,1713.0,0.0,-7.21,18.08,18.08,0.0,2,0.0,0.0,0.0,many,SR,2
0,979,2540,2539,0,55.8709,32.0502,10.0647,10.0647,0.0,3425,1753.0,1753.0,0.0,2.74,18.46,18.46,0.0,80,0.0,0.0,0.0,many,SR,2
160,3530,7867,909,769,54.4373,18.9496,8.8062,11.1221,13.1169,1596,1323.0,2035.0,1952.0,-5.22,10.34,11.07,11.01,207,209.0,577.0,403.0,many,RT,3
1,1708,9406,9405,2582,54.1153,18.6507,9.5767,9.5767,14.1084,1165,1085.0,1085.0,2689.0,-7.59,8.26,8.26,14.5,80,103.0,103.0,708.0,many,TR,3
0,3973,8368,7839,0,55.3461,30.0204,10.6692,10.6696,0.0,3041,1909.0,1909.0,0.0,-3.95,19.93,19.94,0.0,400,0.0,-1.0,0.0,many,SR,2
0,1220,9000,8401,0,54.6244,30.1715,10.3807,10.2591,0.0,2679,1832.0,1802.0,0.0,-6.19,19.21,18.92,0.0,283,-1.0,0.0,0.0,many,SR,2
0,4889,345,344,0,54.7418,27.9944,11.2409,11.2409,0.0,4435,2057.0,2057.0,0.0,8.18,21.33,21.33,0.0,709,0.0,0.0,0.0,many,SR,2
252,1100,4289,3755,0,52.3505,16.5028,17.6698,16.2694,0.0,1595,2414.0,2237.0,0.0,-0.43,15.55,10.53,0.0,46,234.0,467.0,0.0,many,TR,2
184,3300,8642,5056,0,51.8283,9.7553,18.2158,22.3434,0.0,1685,2802.0,2741.0,0.0,4.07,11.65,11.49,0.0,264,722.0,448.0,0.0,many,TR,2
0,2580,6549,1409,745,53.5425,29.9068,7.5737,6.3474,6.0805,1524,1522.0,915.0,909.0,-16.7,14.58,11.02,10.74,191,189.0,0.0,27.0,many,SR,3
0,1401,1560,1559,0,53.3738,30.044,9.8666,9.8666,0.0,2384,1703.0,1703.0,0.0,-7.34,17.98,17.98,0.0,159,0.0,0.0,0.0,many,SR,2
120,3339,4966,4965,2739,77.6778,19.6518,21.2873,21.2873,13.0683,1226,2505.0,2505.0,2288.0,-8.57,11.54,11.54,11.76,123,326.0,326.0,619.0,many,TR,3
0,3635,8673,7558,6268,51.4311,28.8209,6.124,6.124,7.0174,4202,868.0,868.0,1055.0,14.02,10.62,10.62,12.2,88,0.0,0.0,1.0,many,SR,3
0,1836,6006,1703,0,51.7714,29.2493,6.3014,12.4924,0.0,3618,905.0,2776.0,0.0,4.43,10.94,26.35,0.0,294,0.0,188.0,0.0,many,SR,2
0,288,6318,3349,0,51.2348,28.5667,10.0577,9.0079,0.0,2457,2101.0,1479.0,0.0,-6.62,20.16,15.87,0.0,263,168.0,0.0,0.0,many,SR,2
0,4118,8510,5186,0,49.5599,27.655,8.5645,10.0118,0.0,1836,1375.0,1745.0,0.0,-10.68,14.93,18.35,0.0,157,0.0,3.0,0.0,many,SR,2
0,571,2278,1184,0,49.4158,27.9606,9.177,9.05,0.0,2492,1525.0,1493.0,0.0,-2.89,16.29,15.99,0.0,75,1.0,1.0,0.0,many,SR,2
0,2358,8569,4771,316,49.286,27.2061,6.9679,5.8592,5.9896,2217,1044.0,812.0,838.0,-6.09,12.12,10.15,10.37,148,0.0,0.0,0.0,many,SR,3
0,3814,6787,1394,0,48.9413,27.9754,8.9033,8.9289,0.0,2884,1467.0,1457.0,0.0,2.08,15.68,15.66,0.0,16,8.0,0.0,0.0,many,SR,2
272,4809,6606,5423,0,47.0956,9.9706,21.7253,14.0458,0.0,1604,2046.0,2041.0,0.0,4.66,10.84,10.7,0.0,151,-8.0,435.0,0.0,many,TR,2
0,193,8099,7378,898,49.0069,26.5668,6.488,6.1962,6.4374,1908,945.0,880.0,937.0,-9.83,11.27,10.73,11.18,225,1.0,-1.0,3.0,many,SR,3
0,3340,5760,2476,0,48.9206,26.6923,9.2058,9.5893,0.0,2767,1671.0,1630.0,0.0,-1.85,17.04,17.29,0.0,287,68.0,0.0,0.0,many,SR,2
0,3830,5902,5577,5280,48.807,26.8334,6.4094,5.9877,6.2239,1814,1247.0,838.0,885.0,-11.13,12.38,10.37,10.78,228,172.0,0.0,-1.0,many,SR,3
0,1461,8947,2803,0,48.6652,27.0954,9.1466,9.1441,0.0,2533,1516.0,1592.0,0.0,-2.92,16.22,16.58,0.0,165,0.0,38.0,0.0,many,SR,2
233,1685,9539,5208,2040,56.6211,15.3382,7.85,14.878,16.2926,2217,1308.0,2151.0,2747.0,2.92,8.49,8.46,14.68,343,359.0,600.0,617.0,many,RT,3
0,2233,9998,9188,0,48.4608,27.9113,6.4601,10.8516,0.0,2109,1064.0,2013.0,0.0,-7.0,11.71,20.67,0.0,84,68.0,26.0,0.0,many,SR,2
0,1352,5892,5891,2463,48.5472,24.349,6.0069,6.0069,8.6022,3377,842.0,842.0,1387.0,3.22,10.4,10.4,15.02,538,0.0,0.0,2.0,many,SR,3
0,1714,9660,6693,0,48.0735,26.9399,9.0194,8.9521,0.0,3664,1481.0,1465.0,0.0,10.01,15.89,15.73,0.0,104,0.0,0.0,0.0,many,SR,2
0,123,6301,553,0,47.8218,26.9894,8.8577,8.8732,0.0,3126,1438.0,1444.0,0.0,4.91,15.48,15.54,0.0,63,0.0,0.0,0.0,many,SR,2
66,3056,8711,6633,6199,111.0532,16.4341,24.4078,25.4175,42.8292,1663,3036.0,2615.0,3218.0,-0.22,11.93,11.43,12.28,85,529.0,180.0,-407.0,many,TR,3
0,2188,7454,7453,0,47.9868,26.1685,9.2601,9.2601,0.0,1807,1545.0,1545.0,0.0,-10.71,16.49,16.49,0.0,240,0.0,0.0,0.0,many,SR,2
0,469,3338,1586,0,47.3837,26.5608,8.2395,9.4035,0.0,2590,1308.0,1703.0,0.0,-1.42,14.36,17.44,0.0,141,0.0,58.0,0.0,many,SR,2
0,3072,1135,1134,0,47.0292,25.8688,8.9964,8.9964,0.0,3039,1476.0,1476.0,0.0,3.4,15.84,15.84,0.0,180,0.0,0.0,0.0,many,SR,2
0,3251,6752,1878,0,47.1486,25.1734,9.2387,9.3798,0.0,2283,1602.0,1586.0,0.0,-6.24,16.74,16.83,0.0,344,31.0,5.0,0.0,many,SR,2
0,3414,1432,0,0,47.801,35.8922,7.8361,0.0,0.0,3673,3260.0,0.0,0.0,1.91,40.73,0.0,0.0,52,0.0,0.0,0.0,one,SR,1
0,1722,5836,3388,0,46.7569,26.6959,7.5797,9.4112,0.0,1717,1170.0,1717.0,0.0,-9.6,13.19,17.51,0.0,64,0.0,64.0,0.0,many,SR,2
0,3368,6749,2308,0,46.757,26.7646,9.8296,7.0686,0.0,1847,1847.0,1065.0,0.0,-8.45,18.64,12.3,0.0,74,74.0,0.0,0.0,many,SR,2
0,1063,5521,0,0,47.1842,35.1977,7.8785,0.0,0.0,3402,3290.0,0.0,0.0,-1.25,41.08,0.0,0.0,121,0.0,0.0,0.0,one,SR,1
227,2036,8330,1500,0,44.618,16.564,11.1465,14.954,0.0,1803,1970.0,2102.0,0.0,1.35,13.14,12.4,0.0,70,408.0,333.0,0.0,many,RT,2
260,1372,7226,6227,0,43.7916,9.6067,11.4271,21.5757,0.0,1604,1769.0,2440.0,0.0,6.2,8.91,9.91,0.0,71,481.0,353.0,0.0,many,TR,2
0,3557,6145,4047,4046,66.8415,35.8525,6.0616,10.0878,10.0878,3153,855.0,1758.0,1758.0,-9.66,10.51,18.5,18.5,472,0.0,0.0,0.0,many,SR,3
0,3545,3624,3623,0,44.9544,24.6917,8.6269,8.6269,0.0,1767,1388.0,1388.0,0.0,-8.53,15.04,15.04,0.0,163,0.0,0.0,0.0,many,SR,2
0,2372,5532,918,0,48.1282,27.8127,5.6416,11.4239,0.0,3303,767.0,2297.0,0.0,5.43,9.76,22.74,0.0,98,0.0,91.0,0.0,many,SR,2
0,1109,1901,1900,0,44.4792,24.7096,8.4169,8.4169,0.0,3193,1345.0,1345.0,0.0,7.1,14.68,14.68,0.0,117,0.0,0.0,0.0,many,SR,2
0,2820,8879,1453,0,44.3544,25.5146,9.976,5.9704,0.0,2130,1794.0,846.0,0.0,-3.68,18.55,10.38,0.0,36,31.0,6.0,0.0,many,SR,2
0,3412,7171,7170,0,44.1962,24.0842,8.5617,8.5617,0.0,2389,1376.0,1376.0,0.0,-1.81,14.94,14.94,0.0,192,0.0,0.0,0.0,many,SR,2
0,4926,8692,7374,0,43.6478,24.4426,7.6701,8.6067,0.0,2124,1193.0,1584.0,0.0,-4.05,13.37,15.91,0.0,131,2.0,100.0,0.0,many,SR,2
50,459,9423,9238,364,52.7886,16.0563,17.2502,6.6939,10.8806,1410,2139.0,982.0,1156.0,-2.36,10.71,8.91,8.46,76,326.0,153.0,71.0,many,RT,3
0,442,6582,3117,0,43.6269,23.1412,8.7075,8.7233,0.0,2487,1406.0,1440.0,0.0,-1.38,15.2,15.35,0.0,297,0.0,16.0,0.0,many,SR,2
85,725,9146,4797,0,42.3479,15.0357,11.9822,13.5279,0.0,1438,2064.0,2085.0,0.0,-1.12,11.68,12.34,0.0,81,515.0,405.0,0.0,many,RT,2
0,3810,4706,3468,3467,58.4916,31.432,9.069,6.9794,6.9794,2207,1500.0,1046.0,1046.0,-13.11,16.05,12.14,12.14,331,2.0,0.0,0.0,many,SR,3
0,1802,7845,7844,0,43.3132,23.9576,8.2405,8.2405,0.0,1925,1309.0,1309.0,0.0,-5.66,14.37,14.37,0.0,131,0.0,0.0,0.0,many,SR,2
0,487,9911,3889,0,43.2652,23.4777,7.4311,9.3085,0.0,1859,1237.0,1670.0,0.0,-7.91,13.32,17.16,0.0,270,52.0,54.0,0.0,many,SR,2
0,4097,6497,3008,0,42.6977,23.3695,8.3383,8.0958,0.0,1832,1329.0,1352.0,0.0,-6.81,14.54,14.4,0.0,183,0.0,40.0,0.0,many,SR,2
0,1628,5840,2757,0,42.717,22.4061,11.7337,5.3903,0.0,3140,2186.0,715.0,0.0,4.29,22.55,9.32,0.0,428,0.0,0.0,0.0,many,SR,2
0,2911,7330,4942,0,42.3086,23.3049,8.7238,7.4598,0.0,2910,1409.0,1145.0,0.0,5.17,15.22,12.98,0.0,142,0.0,0.0,0.0,many,SR,2
0,1938,5276,4784,0,51.4299,28.6202,9.1423,10.1614,0.0,1952,1514.0,1814.0,0.0,-11.06,16.19,18.87,0.0,200,1.0,17.0,0.0,many,SR,2
0,1775,1477,0,0,42.7792,31.9307,7.2332,0.0,0.0,3675,2871.0,0.0,0.0,6.05,36.15,0.0,0.0,42,0.0,0.0,0.0,one,SR,1
0,951,9412,9411,0,41.9257,22.9353,8.0851,8.0851,0.0,2048,1277.0,1277.0,0.0,-3.88,14.1,14.1,0.0,167,0.0,0.0,0.0,many,SR,2
114,2649,7225,4842,4091,82.2043,20.9608,24.5214,20.4024,13.7717,2339,3062.0,2214.0,2027.0,1.63,13.37,12.06,12.05,135,460.0,125.0,363.0,many,RT,3
0,2170,6581,1816,0,41.6428,23.5639,7.2872,8.1094,0.0,2110,1109.0,1285.0,0.0,-1.99,12.67,14.15,0.0,40,0.0,2.0,0.0,many,SR,2
0,2289,4014,3351,0,41.7423,21.6335,7.3764,9.6677,0.0,2762,1128.0,1717.0,0.0,1.42,12.83,17.81,0.0,406,0.0,32.0,0.0,many,SR,2
0,1021,8094,6616,0,41.5721,21.4382,6.9842,10.0858,0.0,3440,1047.0,1757.0,0.0,8.55,12.14,18.49,0.0,419,0.0,0.0,0.0,many,SR,2
0,1409,8139,4043,0,41.3275,22.2113,8.179,8.088,0.0,1469,1295.0,1313.0,0.0,-10.22,14.25,14.24,0.0,234,0.0,20.0,0.0,many,SR,2
0,3424,4493,2764,0,41.4214,22.6219,6.7058,9.1392,0.0,1931,1408.0,1523.0,0.0,-6.32,13.31,16.24,0.0,271,224.0,5.0,0.0,many,SR,2
0,2695,2880,0,0,42.3711,30.6132,7.7521,0.0,0.0,5056,3203.0,0.0,0.0,17.04,40.06,0.0,0.0,371,0.0,0.0,0.0,one,SR,1
0,1241,7128,7127,0,40.816,23.3198,7.4503,7.4503,0.0,1748,1145.0,1145.0,0.0,-5.01,12.98,12.98,0.0,3,0.0,0.0,0.0,many,SR,2
0,2893,7319,6781,0,40.7116,22.9381,7.1165,8.0153,0.0,1366,1075.0,1277.0,0.0,-9.43,12.38,14.03,0.0,57,0.0,8.0,0.0,many,SR,2
0,225,5655,1156,0,40.2283,22.2844,7.3071,7.8974,0.0,1717,1268.0,1313.0,0.0,-6.63,13.33,14.07,0.0,162,82.0,40.0,0.0,many,SR,2
0,2488,7858,5578,0,39.827,21.9092,7.6296,7.6296,0.0,1710,1182.0,1182.0,0.0,-5.97,13.29,13.29,0.0,138,0.0,0.0,0.0,many,SR,2
0,3916,6019,3405,0,39.7642,22.2226,7.4713,7.4713,0.0,3450,1147.0,1147.0,0.0,12.83,13.0,13.0,0.0,80,0.0,0.0,0.0,many,SR,2
0,2122,6296,957,0,39.6505,22.2813,7.197,7.5732,0.0,1601,1150.0,1184.0,0.0,-6.58,12.75,13.24,0.0,76,32.0,8.0,0.0,many,SR,2
0,2483,8197,76,0,39.5542,22.4627,6.1433,8.4011,0.0,2044,897.0,1360.0,0.0,-1.46,10.75,14.72,0.0,32,14.0,10.0,0.0,many,SR,2
0,3038,7634,2805,0,39.7292,21.2371,8.9412,6.7953,0.0,1701,1470.0,1008.0,0.0,-6.94,15.74,11.81,0.0,243,4.0,0.0,0.0,many,SR,2
0,2332,3186,569,0,39.438,22.4571,9.0244,5.395,0.0,1567,1564.0,714.0,0.0,-6.6,16.3,9.31,0.0,41,39.0,0.0,0.0,many,SR,2
0,1953,1308,568,0,39.3347,21.4328,6.8178,8.3625,0.0,1799,1157.0,1386.0,0.0,-5.6,12.43,14.79,0.0,209,77.0,28.0,0.0,many,SR,2
0,2969,8533,6938,0,39.3004,21.6662,8.1512,6.7845,0.0,2151,1416.0,1129.0,0.0,-1.7,14.71,12.27,0.0,179,67.0,67.0,0.0,many,SR,2
0,4471,8431,7401,0,38.8484,22.1547,8.593,5.6233,0.0,2100,1396.0,762.0,0.0,-0.25,15.05,9.72,0.0,10,7.0,0.0,0.0,many,SR,2
136,1779,6573,5757,5722,89.7156,18.6793,23.5777,20.1595,25.1491,1571,2626.0,2162.0,3783.0,-2.85,12.59,10.3,12.6,46,227.0,200.0,1017.0,many,TR,3
0,2461,9780,9779,0,38.7208,21.4615,7.3514,7.3514,0.0,3823,1122.0,1122.0,0.0,17.13,12.78,12.78,0.0,106,0.0,0.0,0.0,many,SR,2
0,2680,9577,9032,0,38.4792,21.7363,6.4567,7.7976,0.0,2179,937.0,1238.0,0.0,0.48,11.21,13.68,0.0,45,0.0,11.0,0.0,many,SR,2
0,1909,7479,5113,0,38.4761,21.684,7.8882,6.3797,0.0,1993,1292.0,971.0,0.0,-1.79,13.97,11.27,0.0,71,30.0,27.0,0.0,many,SR,2
0,2013,3502,2208,0,38.5177,20.827,7.5813,7.4815,0.0,1463,1179.0,1157.0,0.0,-8.29,13.23,13.05,0.0,193,4.0,4.0,0.0,many,SR,2
0,2818,7699,7651,0,38.4048,21.1759,6.8403,7.8312,0.0,2130,1017.0,1233.0,0.0,-0.65,11.89,13.68,0.0,126,0.0,5.0,0.0,many,SR,2
0,2264,3134,2609,0,38.3259,21.4919,8.3229,6.0175,0.0,2444,1325.0,845.0,0.0,3.22,14.51,10.43,0.0,65,0.0,0.0,0.0,many,SR,2
0,4140,4054,4053,0,38.3007,21.5571,7.1318,7.1318,0.0,1181,1077.0,1077.0,0.0,-9.92,12.4,12.4,0.0,52,0.0,0.0,0.0,many,SR,2
0,2901,6214,0,0,39.2713,28.7772,7.0364,0.0,0.0,3840,2737.0,0.0,0.0,9.2,34.58,0.0,0.0,160,0.0,0.0,0.0,one,SR,1
0,3405,3543,3542,0,38.2692,19.6175,7.9413,7.9413,0.0,2224,1247.0,1247.0,0.0,-1.57,13.85,13.85,0.0,362,0.0,0.0,0.0,many,SR,2
0,802,6475,6474,0,38.1954,19.777,7.8425,7.8425,0.0,2349,1226.0,1226.0,0.0,0.06,13.67,13.67,0.0,329,0.0,0.0,0.0,many,SR,2
0,3150,2030,41,0,37.987,20.6772,8.1531,6.5679,0.0,2928,1361.0,959.0,0.0,7.44,14.49,11.4,0.0,179,38.0,0.0,0.0,many,SR,2
0,3278,5895,994,0,46.2047,25.3551,9.9361,7.7495,0.0,2864,1718.0,1207.0,0.0,1.6,18.13,13.51,0.0,213,-1.0,0.0,0.0,many,SR,2
0,4789,4428,2872,0,38.1643,20.0983,10.2416,4.9795,0.0,2341,1814.0,854.0,0.0,-1.02,18.97,9.48,0.0,376,7.0,120.0,0.0,many,SR,2
0,3449,9314,3116,0,37.6277,21.0642,6.6465,7.4412,0.0,1939,975.0,1210.0,0.0,-1.92,11.53,13.22,0.0,83,0.0,36.0,0.0,many,SR,2
0,3252,8333,8332,0,37.5901,20.5982,7.2364,7.2364,0.0,2081,1100.0,1100.0,0.0,-0.82,12.6,12.6,0.0,142,0.0,0.0,0.0,many,SR,2
0,4,277,123,0,37.542,19.518,7.4231,7.893,0.0,1991,1183.0,1293.0,0.0,-3.47,13.1,13.98,0.0,331,24.0,30.0,0.0,many,SR,2
0,2931,7737,5539,0,37.3378,20.0805,8.51,6.1891,0.0,1565,1366.0,880.0,0.0,-6.59,14.86,10.72,0.0,201,0.0,0.0,0.0,many,SR,2
0,2943,5861,5189,0,37.2916,20.7116,6.9811,7.0474,0.0,1333,1333.0,1059.0,0.0,-8.97,13.27,12.25,0.0,154,154.0,0.0,0.0,many,SR,2
0,3574,1315,1314,0,37.1259,20.4727,7.0935,7.0935,0.0,2080,1069.0,1069.0,0.0,-0.36,12.33,12.33,0.0,118,0.0,0.0,0.0,many,SR,2
0,1707,5692,0,0,37.9779,27.5911,6.9714,0.0,0.0,3197,2701.0,0.0,0.0,2.83,34.15,0.0,0.0,215,0.0,0.0,0.0,one,SR,1
0,1804,8009,7920,0,36.9955,20.4648,6.659,7.3712,0.0,2024,978.0,1285.0,0.0,-1.25,11.56,13.45,0.0,139,0.0,85.0,0.0,many,SR,2
0,1659,6135,6134,0,36.7757,20.9391,6.7472,6.7472,0.0,1476,996.0,996.0,0.0,-5.58,11.71,11.71,0.0,10,0.0,0.0,0.0,many,SR,2
0,4724,9452,8153,0,36.9272,19.9906,8.9156,5.5035,0.0,2280,1456.0,739.0,0.0,1.28,15.65,9.53,0.0,182,0.0,0.0,0.0,many,SR,2
0,4145,8667,0,0,37.8721,27.2876,7.0868,0.0,0.0,3601,2771.0,0.0,0.0,6.33,34.98,0.0,0.0,286,0.0,0.0,0.0,one,SR,1
0,15,8429,3470,0,36.7468,20.8076,6.5507,7.0097,0.0,2512,957.0,1108.0,0.0,4.97,11.38,12.41,0.0,41,0.0,30.0,0.0,many,SR,2
0,2544,8481,6760,0,41.2566,23.064,7.7724,7.7216,0.0,2585,1211.0,1200.0,0.0,2.86,13.54,13.45,0.0,84,0.0,0.0,0.0,many,SR,2
0,2088,9141,8964,0,36.5133,20.4716,7.8088,5.8236,0.0,1763,1241.0,886.0,0.0,-3.17,13.69,10.4,0.0,83,12.0,44.0,0.0,many,SR,2
0,1452,7721,7720,0,36.343,20.2356,6.8605,6.8605,0.0,2400,1022.0,1022.0,0.0,3.72,11.93,11.93,0.0,85,0.0,0.0,0.0,many,SR,2
0,4971,6441,3634,0,36.377,19.6565,6.0963,8.1442,0.0,1396,870.0,1290.0,0.0,-7.66,10.6,14.2,0.0,182,5.0,1.0,0.0,many,SR,2
0,4618,6739,2287,0,36.2266,20.2167,6.8407,6.7982,0.0,2144,1016.0,1009.0,0.0,1.17,11.89,11.82,0.0,77,-1.0,0.0,0.0,many,SR,2
0,1198,5486,2310,0,36.1453,20.6371,6.0673,7.1447,0.0,1085,855.0,1085.0,0.0,-9.27,10.51,12.45,0.0,2,0.0,2.0,0.0,many,SR,2
0,2523,9542,9541,0,36.143,20.6263,6.6111,6.6111,0.0,1596,968.0,968.0,0.0,-3.89,11.47,11.47,0.0,2,0.0,0.0,0.0,many,SR,2
0,1481,8729,2889,0,36.0188,20.2757,7.2575,6.1366,0.0,1402,1147.0,884.0,0.0,-6.42,12.8,10.69,0.0,59,23.0,8.0,0.0,many,SR,2
134,3328,6464,0,0,34.8588,10.6505,22.9633,0.0,0.0,1771,3211.0,0.0,0.0,7.39,17.45,0.0,0.0,38,429.0,0.0,0.0,one,TR,1
0,4477,8896,3094,0,35.5439,20.1485,7.2618,5.8109,0.0,1674,1177.0,864.0,0.0,-3.33,12.92,10.31,0.0,52,39.0,33.0,0.0,many,SR,2
0,3956,760,295,0,45.3757,25.8412,9.418,7.1068,0.0,1763,1763.0,1071.0,0.0,-8.57,17.75,12.35,0.0,85,85.0,0.0,0.0,many,SR,2
0,673,9104,5765,0,35.374,20.0124,6.0986,6.9744,0.0,1120,881.0,1073.0,0.0,-8.84,10.65,12.24,0.0,40,10.0,15.0,0.0,many,SR,2
0,2887,9912,5289,0,35.4511,19.4997,6.6821,6.8199,0.0,1366,984.0,1274.0,0.0,-7.7,11.61,12.88,0.0,174,0.0,140.0,0.0,many,SR,2
0,1315,1962,0,0,36.1123,26.3499,6.6199,0.0,0.0,3267,2469.0,0.0,0.0,6.02,31.43,0.0,0.0,132,0.0,0.0,0.0,one,SR,1
0,829,9419,5998,0,39.3861,20.6403,6.2927,9.6147,0.0,2286,902.0,1660.0,0.0,-1.54,10.91,17.47,0.0,335,0.0,11.0,0.0,many,SR,2
0,3436,3665,2804,0,35.0813,19.6571,6.5987,6.4952,0.0,1109,967.0,1086.0,0.0,-9.33,11.46,11.84,0.0,90,0.0,75.0,0.0,many,SR,2
0,3930,4637,1930,0,34.7981,19.7219,6.4232,6.4232,0.0,2765,930.0,930.0,0.0,8.96,11.15,11.15,0.0,24,0.0,0.0,0.0,many,SR,2
0,3666,7425,39,0,34.8609,19.3673,6.7626,6.3565,0.0,1238,1000.0,1162.0,0.0,-8.37,11.74,12.0,0.0,137,0.0,132.0,0.0,many,SR,2
92,3615,5654,3299,0,33.7787,9.4441,9.7559,13.2248,0.0,1286,1399.0,1796.0,0.0,1.32,7.79,11.75,0.0,187,359.0,236.0,0.0,many,TR,2
0,58,5718,3530,0,34.5625,19.6725,6.3406,6.3492,0.0,2045,912.0,913.0,0.0,1.67,11.0,11.01,0.0,9,0.0,0.0,0.0,many,SR,2
0,1538,9023,7111,0,34.5788,19.416,6.4596,6.4596,0.0,1939,938.0,938.0,0.0,0.17,11.22,11.22,0.0,53,0.0,0.0,0.0,many,SR,2
0,1250,9143,4102,0,34.7554,18.1268,5.6013,8.5507,0.0,1910,759.0,1410.0,0.0,-2.23,9.7,15.07,0.0,284,0.0,19.0,0.0,many,SR,2
0,131,6757,0,0,35.2834,25.6978,6.5171,0.0,0.0,3659,2406.0,0.0,0.0,10.8,30.68,0.0,0.0,131,0.0,0.0,0.0,one,SR,1
0,4863,6810,5483,0,34.199,19.326,6.3368,6.3368,0.0,2071,912.0,912.0,0.0,1.95,11.0,11.0,0.0,32,0.0,0.0,0.0,many,SR,2
0,4638,9354,7806,0,34.1643,19.3405,7.1818,5.4239,0.0,1167,1167.0,722.0,0.0,-7.71,12.8,9.38,0.0,43,43.0,0.0,0.0,many,SR,2
263,2609,9271,0,0,33.6786,12.1159,19.8097,0.0,0.0,2428,3624.0,0.0,0.0,9.72,21.53,0.0,0.0,250,691.0,0.0,0.0,one,TR,1
0,3287,8756,4714,0,33.9061,19.3365,6.208,6.2083,0.0,1499,887.0,884.0,0.0,-3.64,10.78,10.76,0.0,3,1.0,0.0,0.0,many,SR,2
0,1977,5456,2986,0,33.9774,19.0281,5.7528,6.9274,0.0,1213,789.0,1213.0,0.0,-7.68,9.95,12.74,0.0,95,0.0,96.0,0.0,many,SR,2
0,4231,3390,1407,0,42.9234,23.9666,7.2056,8.8144,0.0,2076,1092.0,1725.0,0.0,-4.63,12.53,16.84,0.0,168,0.0,143.0,0.0,many,SR,2
0,3348,5508,2027,0,33.8501,18.8844,6.3563,6.3915,0.0,1756,931.0,923.0,0.0,-1.52,11.09,11.09,0.0,74,8.0,0.0,0.0,many,SR,2
50,851,6517,3062,3061,77.6083,13.0443,13.6481,24.7075,24.7075,2124,1818.0,2547.0,2547.0,8.79,8.96,10.03,10.03,32,388.0,249.0,249.0,many,TR,3
32,1051,9244,0,0,32.462,9.9467,21.3997,0.0,0.0,1588,2541.0,0.0,0.0,6.63,15.16,0.0,0.0,7,140.0,0.0,0.0,one,RT,1
0,4998,9083,3401,0,33.6354,18.0235,6.7069,6.5236,0.0,1452,994.0,1158.0,0.0,-6.19,11.67,12.14,0.0,233,3.0,111.0,0.0,many,SR,2
0,831,8943,7429,0,41.5913,23.6747,7.8891,7.3579,0.0,1365,1236.0,1163.0,0.0,-9.69,13.74,12.95,0.0,24,1.0,21.0,0.0,many,SR,2
0,59,5347,3207,0,33.1221,18.5201,6.2218,6.2218,0.0,1145,888.0,888.0,0.0,-7.4,10.79,10.79,0.0,62,0.0,0.0,0.0,many,SR,2
0,1917,8113,3326,0,33.2533,17.9634,5.7154,7.2552,0.0,1522,782.0,1274.0,0.0,-4.89,9.89,13.3,0.0,199,0.0,91.0,0.0,many,SR,2
104,2152,6570,0,0,31.8143,6.4415,24.3739,0.0,0.0,2738,2899.0,0.0,0.0,19.76,13.99,0.0,0.0,174,309.0,0.0,0.0,one,TR,1
0,4657,2933,132,0,33.1556,16.9812,6.3358,7.4129,0.0,2114,911.0,1228.0,0.0,0.37,10.99,13.27,0.0,331,0.0,49.0,0.0,many,SR,2
0,3407,4999,3342,0,32.8675,18.401,6.1642,6.1642,0.0,1360,876.0,876.0,0.0,-4.96,10.69,10.69,0.0,58,0.0,0.0,0.0,many,SR,2
0,932,3882,3881,0,32.9274,18.013,6.3541,6.3541,0.0,2362,916.0,916.0,0.0,4.95,11.03,11.03,0.0,126,0.0,0.0,0.0,many,SR,2
0,2989,7690,1119,0,32.8362,17.9745,6.332,6.332,0.0,1672,911.0,911.0,0.0,-2.22,10.99,10.99,0.0,123,0.0,0.0,0.0,many,SR,2
0,1470,7773,5706,0,32.7516,18.5474,5.781,6.309,0.0,1252,795.0,954.0,0.0,-5.88,10.01,11.13,0.0,33,-1.0,26.0,0.0,many,SR,2
0,3157,4908,2003,0,32.8568,17.5829,7.3256,5.6885,0.0,1242,1119.0,776.0,0.0,-7.3,12.76,9.84,0.0,188,0.0,0.0,0.0,many,SR,2
0,30,682,681,0,32.6275,18.4922,6.0233,6.0233,0.0,1880,847.0,847.0,0.0,0.94,10.44,10.44,0.0,21,0.0,0.0,0.0,many,SR,2
0,119,7463,242,0,32.7174,18.3046,5.4325,6.7904,0.0,1186,723.0,1186.0,0.0,-7.26,9.39,12.51,0.0,96,0.0,96.0,0.0,many,SR,2
0,3410,2760,2759,0,32.6892,17.8464,6.3235,6.3235,0.0,2607,910.0,910.0,0.0,7.61,10.98,10.98,0.0,131,0.0,0.0,0.0,many,SR,2
0,2720,7795,6065,0,32.5233,18.0835,5.7586,6.5295,0.0,1371,828.0,969.0,0.0,-4.97,10.11,11.4,0.0,88,20.0,9.0,0.0,many,SR,2
212,472,2449,0,0,31.6936,11.9289,18.437,0.0,0.0,2840,3002.0,0.0,0.0,17.87,17.28,0.0,0.0,2,539.0,0.0,0.0,one,TR,1
0,1392,9566,8585,0,32.2708,18.1578,6.2782,5.7035,0.0,1399,1025.0,793.0,0.0,-4.49,11.39,9.92,0.0,70,67.0,7.0,0.0,many,SR,2
0,2245,6269,1844,0,32.0869,17.3419,6.2822,6.2822,0.0,1752,901.0,901.0,0.0,-1.23,10.9,10.9,0.0,156,0.0,0.0,0.0,many,SR,2
0,2725,9593,461,0,32.1268,17.3561,5.7181,6.8269,0.0,2104,907.0,1015.0,0.0,2.06,10.38,11.87,0.0,183,67.0,0.0,0.0,many,SR,2
0,821,2306,0,0,32.6832,23.6606,6.1987,0.0,0.0,2661,2198.0,0.0,0.0,2.53,28.24,0.0,0.0,120,0.0,0.0,0.0,one,SR,1
0,3659,7103,2147,0,31.8605,17.9567,6.086,5.7528,0.0,1340,896.0,789.0,0.0,-4.51,10.7,9.95,0.0,43,19.0,0.0,0.0,many,SR,2
0,2380,8033,2501,0,31.9735,17.4382,6.1416,6.1987,0.0,1847,1014.0,882.0,0.0,-0.36,11.21,10.74,0.0,158,77.0,0.0,0.0,many,SR,2
0,4550,2951,0,0,32.564,23.5495,6.1941,0.0,0.0,2571,2195.0,0.0,0.0,1.61,28.2,0.0,0.0,125,0.0,0.0,0.0,one,SR,1
0,278,8766,4985,0,38.6665,21.6099,8.0014,6.4979,0.0,1942,1351.0,944.0,0.0,-2.63,14.31,11.27,0.0,96,50.0,0.0,0.0,many,SR,2
0,3043,3918,3322,0,31.732,17.5835,6.0006,6.0575,0.0,1232,840.0,856.0,0.0,-5.88,10.39,10.51,0.0,84,-1.0,1.0,0.0,many,SR,2
50,4592,5308,5023,2548,65.2928,13.7605,21.5915,10.4558,17.9202,2078,2552.0,1212.0,1703.0,7.74,10.18,8.23,9.24,22,422.0,151.0,40.0,many,TR,3
0,4658,9829,1379,0,31.7943,17.1411,5.9724,6.4186,0.0,1404,836.0,1215.0,0.0,-5.62,10.35,12.27,0.0,220,0.0,153.0,0.0,many,SR,2
0,2687,5269,1862,0,31.7058,16.9051,6.1486,6.463,0.0,1612,875.0,939.0,0.0,-2.78,10.67,11.22,0.0,191,1.0,1.0,0.0,many,SR,2
0,2107,5698,1821,0,31.4265,17.5753,5.4584,6.3474,0.0,1848,728.0,915.0,0.0,1.0,9.43,11.02,0.0,57,0.0,0.0,0.0,many,SR,2
0,3863,6265,1933,0,31.466,17.334,5.7581,6.2604,0.0,1676,822.0,942.0,0.0,-1.42,10.1,11.04,0.0,115,16.0,25.0,0.0,many,SR,2
0,2377,8491,4635,0,31.5785,17.1464,5.4478,6.7118,0.0,1411,725.0,1411.0,0.0,-5.64,9.41,13.32,0.0,226,0.0,226.0,0.0,many,SR,2
0,1071,9562,6620,0,31.3764,17.4437,5.8226,6.0213,0.0,1965,899.0,845.0,0.0,1.83,10.46,10.43,0.0,93,50.0,0.0,0.0,many,SR,2
0,1141,5151,5150,0,31.3327,17.3968,5.9389,5.9389,0.0,1902,829.0,829.0,0.0,1.45,10.29,10.29,0.0,77,0.0,0.0,0.0,many,SR,2
0,2689,6325,0,0,32.0007,23.1989,6.0743,0.0,0.0,3010,2116.0,0.0,0.0,7.06,27.27,0.0,0.0,92,0.0,0.0,0.0,one,SR,1
0,3074,4668,1716,0,31.2295,17.1507,5.7844,6.1079,0.0,1186,796.0,1186.0,0.0,-7.23,10.01,11.86,0.0,173,0.0,173.0,0.0,many,SR,2
0,388,5896,5850,0,31.3607,15.8167,6.6997,6.5233,0.0,2178,1022.0,980.0,0.0,1.98,11.77,11.44,0.0,346,19.0,16.0,0.0,many,SR,2
0,787,5443,0,0,31.8609,22.8014,6.218,0.0,0.0,2675,2213.0,0.0,0.0,2.51,28.41,0.0,0.0,189,0.0,0.0,0.0,one,SR,1
0,2443,6679,6678,0,31.0288,17.1192,5.9283,5.9283,0.0,1727,826.0,826.0,0.0,-0.34,10.27,10.27,0.0,93,0.0,0.0,0.0,many,SR,2
0,3367,5677,3949,0,31.1418,17.0868,6.6628,5.215,0.0,1221,1045.0,915.0,0.0,-6.77,11.83,9.94,0.0,171,35.0,127.0,0.0,many,SR,2
0,456,5806,3968,0,35.2373,19.0052,7.2649,6.4677,0.0,1594,1301.0,1029.0,0.0,-5.76,13.41,11.58,0.0,238,105.0,48.0,0.0,many,SR,2
0,3944,6113,5957,0,31.1533,15.7321,6.6451,6.4816,0.0,2047,1017.0,941.0,0.0,0.84,11.7,11.24,0.0,336,22.0,0.0,0.0,many,SR,2
0,1539,6276,1715,0,30.7806,16.6769,6.2246,5.7428,0.0,2019,887.0,951.0,0.0,1.97,10.78,10.58,0.0,174,0.0,88.0,0.0,many,SR,2
0,4844,8403,7572,0,30.9513,16.3865,6.2912,5.9161,0.0,2221,901.0,1435.0,0.0,2.1,10.91,12.66,0.0,330,-1.0,327.0,0.0,many,SR,2
0,1881,7726,3741,0,34.3554,19.1008,6.6399,6.3473,0.0,1333,1011.0,913.0,0.0,-6.41,11.67,11.01,0.0,89,20.0,0.0,0.0,many,SR,2
0,4011,6876,1105,0,30.6325,16.022,6.1364,6.2663,0.0,1721,871.0,1040.0,0.0,-1.8,10.65,11.43,0.0,263,0.0,77.0,0.0,many,SR,2
0,1705,7954,3099,0,30.59,15.8552,6.9039,5.5984,0.0,1804,1191.0,758.0,0.0,-1.15,12.64,9.69,0.0,289,86.0,0.0,0.0,many,SR,2
0,4545,7786,2674,0,30.2487,17.1314,5.5926,5.5907,0.0,1145,756.0,756.0,0.0,-5.38,9.67,9.67,0.0,19,0.0,0.0,0.0,many,SR,2
0,3369,1621,1620,0,30.2315,17.1537,5.5753,5.5753,0.0,1626,752.0,752.0,0.0,-0.27,9.64,9.64,0.0,13,0.0,0.0,0.0,many,SR,2
0,4871,4719,1775,0,30.3048,16.4537,5.9015,5.9034,0.0,1744,822.0,822.0,0.0,-0.1,10.23,10.23,0.0,134,0.0,0.0,0.0,many,SR,2
0,3172,5061,521,0,30.2597,16.9396,6.0076,5.3114,0.0,1364,899.0,749.0,0.0,-3.69,10.63,9.38,0.0,73,30.0,27.0,0.0,many,SR,2
0,4254,3972,0,0,30.9485,22.2101,6.0393,0.0,0.0,2385,2092.0,0.0,0.0,0.75,26.99,0.0,0.0,142,0.0,0.0,0.0,one,SR,1
0,4766,4571,0,0,31.0123,21.9979,6.1941,0.0,0.0,2606,2195.0,0.0,0.0,1.98,28.2,0.0,0.0,231,0.0,0.0,0.0,one,SR,1
0,3710,9174,4409,0,30.4177,16.1561,6.1949,5.8147,0.0,1955,882.0,1237.0,0.0,0.26,10.74,11.78,0.0,281,0.0,233.0,0.0,many,SR,2
0,384,6496,1368,0,30.1443,16.6875,5.8141,5.6569,0.0,1389,807.0,769.0,0.0,-3.29,10.08,9.78,0.0,81,3.0,0.0,0.0,many,SR,2
0,2819,6234,3443,0,34.4686,18.7593,6.8969,6.4711,0.0,1470,1077.0,940.0,0.0,-5.64,12.18,11.23,0.0,158,26.0,0.0,0.0,many,SR,2
0,1300,9879,4272,0,30.1025,16.0447,6.2065,5.7387,0.0,1360,994.0,785.0,0.0,-4.73,11.2,9.92,0.0,203,58.0,-1.0,0.0,many,SR,2
0,3321,9477,0,0,30.673,21.7738,6.1272,0.0,0.0,3150,2154.0,0.0,0.0,8.13,27.72,0.0,0.0,217,0.0,0.0,0.0,one,SR,1
0,1189,831,829,0,29.8829,16.2969,5.7911,5.7911,0.0,1252,797.0,797.0,0.0,-4.89,10.02,10.02,0.0,119,0.0,0.0,0.0,many,SR,2
0,1048,6180,0,0,30.6953,21.5757,6.2545,0.0,0.0,2907,2233.0,0.0,0.0,4.74,28.65,0.0,0.0,287,0.0,0.0,0.0,one,SR,1
0,624,9696,0,0,30.4454,21.8699,5.9469,0.0,0.0,2578,2032.0,0.0,0.0,3.41,26.29,0.0,0.0,122,0.0,0.0,0.0,one,SR,1
0,3573,9488,3738,0,29.8468,16.3232,5.6958,5.7738,0.0,2197,954.0,793.0,0.0,4.58,10.55,9.98,0.0,148,94.0,0.0,0.0,many,SR,2
0,2567,7693,5969,0,29.748,16.4835,5.7905,5.4651,0.0,1306,952.0,731.0,0.0,-4.37,10.63,9.46,0.0,109,83.0,0.0,0.0,many,SR,2
281,1140,8743,373,0,28.9594,11.2309,6.3696,10.0739,0.0,1848,1105.0,1034.0,0.0,7.84,8.53,9.32,0.0,23,286.0,-25.0,0.0,many,TR,2
0,4632,7191,0,0,30.1558,21.6829,5.8854,0.0,0.0,2488,1997.0,0.0,0.0,2.84,25.87,0.0,0.0,110,0.0,0.0,0.0,one,SR,1
0,4885,6115,2150,0,29.293,16.286,5.5488,5.5412,0.0,1310,745.0,745.0,0.0,-3.5,9.58,9.58,0.0,66,-1.0,-1.0,0.0,many,SR,2
0,3183,1009,0,0,29.8346,21.488,5.8179,0.0,0.0,2440,1947.0,0.0,0.0,2.86,25.29,0.0,0.0,87,0.0,0.0,0.0,one,SR,1
0,1129,5039,2664,0,29.1667,15.0249,5.8724,6.173,0.0,1752,817.0,898.0,0.0,-0.47,10.18,10.78,0.0,262,1.0,11.0,0.0,many,SR,2
0,4567,3828,2553,0,29.0985,15.2793,6.2812,5.4986,0.0,1723,900.0,736.0,0.0,-0.26,10.89,9.5,0.0,210,0.0,0.0,0.0,many,SR,2
0,2257,3344,1181,0,29.2063,15.166,5.9649,5.916,0.0,1773,1083.0,832.0,0.0,-0.82,11.32,10.27,0.0,291,133.0,5.0,0.0,many,SR,2
0,2961,4700,4169,0,28.9757,16.1316,5.514,5.3954,0.0,1489,848.0,731.0,0.0,-1.78,9.96,9.39,0.0,88,58.0,8.0,0.0,many,SR,2
0,4002,7139,0,0,29.3307,21.3057,5.6339,0.0,0.0,2112,1830.0,0.0,0.0,0.66,23.91,0.0,0.0,15,0.0,0.0,0.0,one,SR,1
0,4725,9678,27,0,36.972,19.6216,7.1673,7.5509,0.0,1826,1084.0,1345.0,0.0,-4.52,12.46,13.86,0.0,278,0.0,96.0,0.0,many,SR,2
0,3739,5694,0,0,29.2977,21.0443,5.7659,0.0,0.0,2328,1912.0,0.0,0.0,2.06,24.88,0.0,0.0,92,0.0,0.0,0.0,one,SR,1
0,4208,5606,525,0,28.6338,14.8146,5.9159,5.863,0.0,2103,825.0,812.0,0.0,3.72,10.26,10.15,0.0,242,0.0,0.0,0.0,many,SR,2
0,3925,7041,0,0,29.5114,20.1368,6.3967,0.0,0.0,2892,2329.0,0.0,0.0,3.56,29.78,0.0,0.0,455,0.0,0.0,0.0,one,SR,1
0,3913,9076,5792,0,28.5229,14.6863,5.8549,5.8887,0.0,1832,902.0,875.0,0.0,0.4,10.5,10.43,0.0,283,48.0,30.0,0.0,many,SR,2
0,2134,3539,0,0,28.7281,20.5665,5.7105,0.0,0.0,2173,1881.0,0.0,0.0,0.76,24.51,0.0,0.0,102,0.0,0.0,0.0,one,SR,1
0,2219,1972,0,0,28.891,20.2783,5.9688,0.0,0.0,2522,2045.0,0.0,0.0,2.69,26.44,0.0,0.0,240,0.0,0.0,0.0,one,SR,1
0,2507,8927,5146,0,28.4318,14.6472,5.4891,6.0655,0.0,2711,736.0,1434.0,0.0,8.4,9.5,12.8,0.0,370,0.0,310.0,0.0,many,SR,2
0,4719,4609,1353,0,28.0936,14.8863,5.0503,6.1057,0.0,1627,951.0,863.0,0.0,-1.38,9.93,10.58,0.0,244,164.0,0.0,0.0,many,SR,2
0,756,4826,0,0,28.5206,20.2469,5.7733,0.0,0.0,2469,1923.0,0.0,0.0,3.42,25.0,0.0,0.0,154,0.0,0.0,0.0,one,SR,1
0,3971,1818,1145,0,27.8515,15.0485,5.4584,5.4584,0.0,1678,728.0,728.0,0.0,0.64,9.43,9.43,0.0,132,0.0,0.0,0.0,many,SR,2
0,4698,8558,0,0,28.3835,20.28,5.6759,0.0,0.0,2244,1861.0,0.0,0.0,1.71,24.28,0.0,0.0,107,0.0,0.0,0.0,one,SR,1
0,468,1198,0,0,28.1742,20.191,5.6085,0.0,0.0,2216,1816.0,0.0,0.0,1.9,23.75,0.0,0.0,81,0.0,0.0,0.0,one,SR,1
0,4384,5105,0,0,28.5126,19.5821,6.149,0.0,0.0,2499,2162.0,0.0,0.0,1.21,27.82,0.0,0.0,372,0.0,0.0,0.0,one,SR,1
231,836,472,0,0,27.3582,15.0131,10.6706,0.0,0.0,1838,2915.0,0.0,0.0,4.23,19.74,0.0,0.0,4,776.0,0.0,0.0,one,RT,1
0,4058,7442,0,0,27.9702,20.1161,5.5395,0.0,0.0,2336,1765.0,0.0,0.0,3.7,23.15,0.0,0.0,49,0.0,0.0,0.0,one,SR,1
0,4245,6987,6226,0,31.9991,17.5629,5.5246,6.6936,0.0,1461,743.0,1239.0,0.0,-4.62,9.56,12.62,0.0,164,0.0,136.0,0.0,many,SR,2
0,1717,7439,3662,0,27.51,14.1349,5.3979,6.005,0.0,1911,715.0,842.0,0.0,2.32,9.32,10.4,0.0,247,0.0,0.0,0.0,many,SR,2
0,1474,7498,7399,0,34.3404,19.421,6.7092,6.004,0.0,1489,987.0,847.0,0.0,-4.22,11.64,10.42,0.0,30,-1.0,3.0,0.0,many,SR,2
0,2631,6864,0,0,27.8036,19.7349,5.6612,0.0,0.0,2544,1844.0,0.0,0.0,5.04,24.08,0.0,0.0,132,0.0,0.0,0.0,one,SR,1
0,3953,4631,0,0,27.6379,19.8109,5.5241,0.0,0.0,2180,1755.0,0.0,0.0,2.16,23.03,0.0,0.0,63,0.0,0.0,0.0,one,SR,1
0,1359,1850,0,0,27.6578,19.745,5.5711,0.0,0.0,2493,1788.0,0.0,0.0,5.1,23.42,0.0,0.0,91,0.0,0.0,0.0,one,SR,1
0,2656,8264,0,0,27.6475,19.7194,5.5781,0.0,0.0,2041,1795.0,0.0,0.0,0.28,23.5,0.0,0.0,98,0.0,0.0,0.0,one,SR,1
0,2907,8464,7659,0,44.2206,25.2528,8.0755,8.0755,0.0,1664,1275.0,1275.0,0.0,-7.88,14.08,14.08,0.0,7,0.0,0.0,0.0,many,SR,2
0,3804,874,0,0,27.7933,19.3572,5.8687,0.0,0.0,2949,1980.0,0.0,0.0,7.86,25.67,0.0,0.0,256,0.0,0.0,0.0,one,SR,1
0,2783,8383,0,0,27.9862,18.9859,6.1894,0.0,0.0,2653,2187.0,0.0,0.0,2.56,28.11,0.0,0.0,431,0.0,0.0,0.0,one,SR,1
0,1120,7057,0,0,27.7547,19.0814,6.0023,0.0,0.0,2472,2068.0,0.0,0.0,1.92,26.71,0.0,0.0,338,0.0,0.0,0.0,one,SR,1
162,3962,9153,7452,6338,53.7823,17.0593,9.934,12.0549,12.7687,1440,1536.0,1995.0,1622.0,-2.57,8.5,10.08,10.08,43,412.0,550.0,225.0,many,RT,3
241,3998,1462,1461,88,63.1835,13.4641,14.9603,14.9603,17.8929,2503,2418.0,2418.0,2681.0,9.13,10.35,10.35,11.35,252,690.0,690.0,665.0,many,TR,3
0,2714,5138,0,0,27.1818,19.4536,5.4664,0.0,0.0,3248,1720.0,0.0,0.0,13.75,22.62,0.0,0.0,62,0.0,0.0,0.0,one,SR,1
0,3879,9754,0,0,27.3968,19.1344,5.7701,0.0,0.0,2595,1916.0,0.0,0.0,4.82,24.92,0.0,0.0,225,0.0,0.0,0.0,one,SR,1
0,2268,5728,0,0,27.0229,19.4749,5.3651,0.0,0.0,2231,1653.0,0.0,0.0,3.78,21.83,0.0,0.0,12,0.0,0.0,0.0,one,SR,1
0,545,307,0,0,27.1932,19.1115,5.6636,0.0,0.0,2841,1853.0,0.0,0.0,8.07,24.18,0.0,0.0,181,0.0,0.0,0.0,one,SR,1
0,1712,3605,0,0,27.2525,19.0086,5.7564,0.0,0.0,2181,1912.0,0.0,0.0,0.51,24.88,0.0,0.0,231,0.0,0.0,0.0,one,SR,1
0,962,7324,7323,0,44.0589,24.7071,8.2386,8.2386,0.0,2480,1309.0,1309.0,0.0,0.17,14.37,14.37,0.0,80,0.0,0.0,0.0,many,SR,2
0,4831,2283,0,0,26.9051,19.3416,5.3747,0.0,0.0,2520,1658.0,0.0,0.0,6.76,21.89,0.0,0.0,25,0.0,0.0,0.0,one,SR,1
0,435,5076,0,0,27.0121,19.1329,5.5504,0.0,0.0,2182,1777.0,0.0,0.0,1.95,23.29,0.0,0.0,125,0.0,0.0,0.0,one,SR,1
0,695,4394,0,0,26.9754,19.1544,5.5158,0.0,0.0,3683,1757.0,0.0,0.0,17.92,23.05,0.0,0.0,109,0.0,0.0,0.0,one,SR,1
0,4733,5711,0,0,26.9778,19.0514,5.5788,0.0,0.0,2352,1793.0,0.0,0.0,3.57,23.48,0.0,0.0,142,0.0,0.0,0.0,one,SR,1
231,3717,3596,0,0,25.901,9.1898,15.3739,0.0,0.0,1526,3166.0,0.0,0.0,3.99,17.37,0.0,0.0,194,834.0,0.0,0.0,one,RT,1
205,3041,4149,0,0,25.8774,11.3704,13.1517,0.0,0.0,1314,2338.0,0.0,0.0,1.6,16.55,0.0,0.0,57,378.0,0.0,0.0,one,RT,1
127,411,4924,4923,0,45.6663,11.6975,16.2232,16.2232,0.0,1927,1914.0,1914.0,0.0,6.53,10.61,10.61,0.0,137,219.0,219.0,0.0,many,TR,2
0,4599,3749,0,0,26.6973,18.779,5.5742,0.0,0.0,2054,1790.0,0.0,0.0,0.47,23.44,0.0,0.0,158,0.0,0.0,0.0,one,SR,1
0,1770,6160,0,0,26.4135,19.0156,5.2808,0.0,0.0,1702,1597.0,0.0,0.0,-1.18,21.17,0.0,0.0,3,0.0,0.0,0.0,one,SR,1
0,3947,4628,0,0,26.4755,18.9204,5.3675,0.0,0.0,2077,1657.0,0.0,0.0,2.12,21.88,0.0,0.0,53,0.0,0.0,0.0,one,SR,1
0,3489,2519,0,0,26.549,18.6881,5.5392,0.0,0.0,2444,1771.0,0.0,0.0,4.77,23.22,0.0,0.0,151,0.0,0.0,0.0,one,SR,1
0,4072,2264,0,0,26.3455,18.8909,5.3105,0.0,0.0,2132,1620.0,0.0,0.0,3.09,21.44,0.0,0.0,28,0.0,0.0,0.0,one,SR,1
0,2637,197,0,0,26.5172,18.4825,5.6378,0.0,0.0,2451,1835.0,0.0,0.0,4.16,23.97,0.0,0.0,211,0.0,0.0,0.0,one,SR,1
0,2870,8499,0,0,26.3377,18.646,5.4441,0.0,0.0,2242,1708.0,0.0,0.0,3.31,22.48,0.0,0.0,108,0.0,0.0,0.0,one,SR,1
0,706,9335,7371,0,45.9252,23.9562,9.2663,9.3564,0.0,2753,1594.0,1570.0,0.0,-1.21,16.74,16.73,0.0,420,23.0,0.0,0.0,many,SR,2
0,4464,2600,0,0,26.3718,18.3493,5.635,0.0,0.0,2378,1827.0,0.0,0.0,3.48,23.88,0.0,0.0,214,0.0,0.0,0.0,one,SR,1
0,2510,1392,0,0,26.1832,18.237,5.5892,0.0,0.0,2153,1801.0,0.0,0.0,1.39,23.57,0.0,0.0,203,0.0,0.0,0.0,one,SR,1
0,3205,8555,0,0,25.9424,18.336,5.3941,0.0,0.0,2391,1678.0,0.0,0.0,5.19,22.12,0.0,0.0,108,0.0,0.0,0.0,one,SR,1
0,4672,8720,0,0,25.8677,18.0956,5.4881,0.0,0.0,2296,1739.0,0.0,0.0,3.55,22.84,0.0,0.0,168,0.0,0.0,0.0,one,SR,1
0,2845,8917,0,0,25.7607,17.6803,5.667,0.0,0.0,2528,1849.0,0.0,0.0,4.82,24.13,0.0,0.0,276,0.0,0.0,0.0,one,SR,1
208,3173,9923,1609,0,60.8029,12.963,21.5408,24.7888,0.0,1495,2625.0,2396.0,0.0,2.1,11.55,11.55,0.0,43,402.0,42.0,0.0,many,TR,2
0,2700,1322,0,0,25.4446,18.0209,5.2913,0.0,0.0,2462,1610.0,0.0,0.0,6.66,21.32,0.0,0.0,80,0.0,0.0,0.0,one,SR,1
136,1136,8655,8654,5931,73.967,17.8684,20.6848,20.6848,12.6445,1225,3416.0,3416.0,1650.0,-5.9,13.16,13.16,7.52,61,961.0,961.0,400.0,many,RT,3
0,3113,1250,0,0,25.3702,17.9675,5.2786,0.0,0.0,2399,1603.0,0.0,0.0,6.07,21.24,0.0,0.0,79,0.0,0.0,0.0,one,SR,1
0,1624,9623,0,0,25.3121,18.0305,5.2116,0.0,0.0,2100,1557.0,0.0,0.0,3.42,20.7,0.0,0.0,41,0.0,0.0,0.0,one,SR,1
0,1160,90,0,0,25.3244,17.9483,5.2685,0.0,0.0,2188,1589.0,0.0,0.0,4.01,21.08,0.0,0.0,70,0.0,0.0,0.0,one,SR,1
0,886,1189,0,0,25.3597,17.8201,5.3579,0.0,0.0,2438,1652.0,0.0,0.0,5.96,21.82,0.0,0.0,124,0.0,0.0,0.0,one,SR,1
0,267,368,0,0,25.0468,17.9048,5.1308,0.0,0.0,1776,1507.0,0.0,0.0,0.55,20.11,0.0,0.0,14,0.0,0.0,0.0,one,SR,1
243,2498,8344,0,0,23.6931,5.5096,17.5218,0.0,0.0,1112,2146.0,0.0,0.0,5.72,10.62,0.0,0.0,31,321.0,0.0,0.0,one,TR,1
0,82,3203,0,0,25.4482,17.361,5.6667,0.0,0.0,2279,1855.0,0.0,0.0,2.15,24.2,0.0,0.0,302,0.0,0.0,0.0,one,SR,1
0,1043,473,0,0,25.3567,17.4053,5.5897,0.0,0.0,2405,1805.0,0.0,0.0,4.0,23.62,0.0,0.0,263,0.0,0.0,0.0,one,SR,1
0,2765,7059,3719,0,40.4647,22.1932,7.7801,7.7801,0.0,2366,1213.0,1213.0,0.0,0.44,13.56,13.56,0.0,151,0.0,0.0,0.0,many,SR,2
0,3553,8465,0,0,24.9965,17.8045,5.1608,0.0,0.0,2008,1524.0,0.0,0.0,2.8,20.31,0.0,0.0,33,0.0,0.0,0.0,one,SR,1
0,671,7113,0,0,24.9437,17.8104,5.1291,0.0,0.0,1876,1501.0,0.0,0.0,1.66,20.04,0.0,0.0,16,0.0,0.0,0.0,one,SR,1
0,370,2108,0,0,24.9559,17.7365,5.1788,0.0,0.0,1881,1532.0,0.0,0.0,1.38,20.41,0.0,0.0,43,0.0,0.0,0.0,one,SR,1
0,4371,6041,0,0,25.161,17.4157,5.4753,0.0,0.0,2569,1727.0,0.0,0.0,6.54,22.7,0.0,0.0,206,0.0,0.0,0.0,one,SR,1
0,2148,2220,0,0,24.9544,17.4109,5.3617,0.0,0.0,2228,1652.0,0.0,0.0,3.76,21.82,0.0,0.0,152,0.0,0.0,0.0,one,SR,1
0,2169,6316,703,0,32.2515,16.8757,7.3327,5.7221,0.0,1969,1258.0,783.0,0.0,-0.21,13.31,9.9,0.0,274,74.0,0.0,0.0,many,SR,2
0,2175,4796,0,0,24.8643,17.4773,5.2746,0.0,0.0,2336,1593.0,0.0,0.0,5.52,21.12,0.0,0.0,105,0.0,0.0,0.0,one,SR,1
0,155,210,0,0,24.8295,17.53,5.2201,0.0,0.0,2045,1565.0,0.0,0.0,2.76,20.79,0.0,0.0,81,0.0,0.0,0.0,one,SR,1
0,970,3082,0,0,25.0329,17.2171,5.5153,0.0,0.0,1903,1753.0,0.0,0.0,-0.72,23.01,0.0,0.0,238,0.0,0.0,0.0,one,SR,1
0,1128,8036,0,0,25.0301,17.1418,5.5573,0.0,0.0,2833,1779.0,0.0,0.0,8.77,23.31,0.0,0.0,262,0.0,0.0,0.0,one,SR,1
0,4212,8960,0,0,24.8129,17.399,5.2874,0.0,0.0,2181,1605.0,0.0,0.0,3.76,21.26,0.0,0.0,119,0.0,0.0,0.0,one,SR,1
0,179,7627,0,0,24.811,17.3113,5.3344,0.0,0.0,2019,1638.0,0.0,0.0,1.71,21.65,0.0,0.0,149,0.0,0.0,0.0,one,SR,1
0,2788,65,0,0,24.984,17.0332,5.5927,0.0,0.0,1958,1802.0,0.0,0.0,-0.66,23.58,0.0,0.0,286,0.0,0.0,0.0,one,SR,1
0,4390,7825,0,0,24.9611,17.0084,5.5946,0.0,0.0,2574,1802.0,0.0,0.0,5.8,23.58,0.0,0.0,288,0.0,0.0,0.0,one,SR,1
0,335,3269,0,0,24.6591,17.4057,5.1939,0.0,0.0,2443,1548.0,0.0,0.0,7.12,20.59,0.0,0.0,77,0.0,0.0,0.0,one,SR,1
0,3547,9502,0,0,24.9272,16.9242,5.619,0.0,0.0,2250,1824.0,0.0,0.0,2.17,23.84,0.0,0.0,309,0.0,0.0,0.0,one,SR,1
0,2330,8994,3445,0,30.9568,16.2995,6.0036,6.468,0.0,1518,872.0,967.0,0.0,-3.73,10.52,11.34,0.0,230,16.0,15.0,0.0,many,SR,2
0,2362,4321,0,0,24.4136,17.1793,5.1831,0.0,0.0,1874,1541.0,0.0,0.0,1.22,20.51,0.0,0.0,88,0.0,0.0,0.0,one,SR,1
0,844,5476,0,0,24.9798,16.417,5.9388,0.0,0.0,3009,2028.0,0.0,0.0,7.98,26.24,0.0,0.0,491,0.0,0.0,0.0,one,SR,1
0,768,7366,0,0,24.3226,17.0883,5.1831,0.0,0.0,1766,1541.0,0.0,0.0,0.08,20.51,0.0,0.0,94,0.0,0.0,0.0,one,SR,1
0,4728,873,0,0,24.2901,16.9802,5.2292,0.0,0.0,1976,1566.0,0.0,0.0,2.02,20.81,0.0,0.0,119,0.0,0.0,0.0,one,SR,1
0,1740,862,0,0,24.1872,17.1066,5.0976,0.0,0.0,1655,1483.0,0.0,0.0,-0.47,19.83,0.0,0.0,51,0.0,0.0,0.0,one,SR,1
0,2177,4261,0,0,24.5536,16.5832,5.6005,0.0,0.0,2501,1812.0,0.0,0.0,4.93,23.7,0.0,0.0,324,0.0,0.0,0.0,one,SR,1
0,2717,1137,0,0,24.1823,16.7546,5.2977,0.0,0.0,2517,1608.0,0.0,0.0,7.26,21.3,0.0,0.0,165,0.0,0.0,0.0,one,SR,1
0,4341,552,0,0,24.112,16.8211,5.2185,0.0,0.0,1939,1559.0,0.0,0.0,1.71,20.72,0.0,0.0,125,0.0,0.0,0.0,one,SR,1
0,327,5343,0,0,23.8989,17.0227,4.9737,0.0,0.0,2100,1413.0,0.0,0.0,4.93,19.02,0.0,0.0,7,0.0,0.0,0.0,one,SR,1
0,3663,6933,0,0,24.0233,16.7833,5.1888,0.0,0.0,1849,1541.0,0.0,0.0,0.95,20.51,0.0,0.0,115,0.0,0.0,0.0,one,SR,1
0,2104,1710,0,0,24.1071,16.6432,5.3174,0.0,0.0,2785,1622.0,0.0,0.0,9.92,21.46,0.0,0.0,183,0.0,0.0,0.0,one,SR,1
0,4546,8172,0,0,24.0456,16.7096,5.2424,0.0,0.0,2160,1577.0,0.0,0.0,3.84,20.94,0.0,0.0,146,0.0,0.0,0.0,one,SR,1
0,3099,4823,0,0,23.9496,16.7494,5.1654,0.0,0.0,2001,1527.0,0.0,0.0,2.7,20.35,0.0,0.0,107,0.0,0.0,0.0,one,SR,1
0,4688,2993,1238,0,29.8208,15.9316,5.9459,5.8928,0.0,2416,829.0,819.0,0.0,6.91,10.3,10.21,0.0,172,-1.0,0.0,0.0,many,SR,2
76,1473,6835,6319,0,56.9428,10.307,24.5109,20.7811,0.0,2315,3192.0,2564.0,0.0,12.21,11.68,11.75,0.0,122,656.0,388.0,0.0,many,RT,2
0,532,4910,0,0,24.0478,16.4283,5.4048,0.0,0.0,2091,1680.0,0.0,0.0,2.02,22.15,0.0,0.0,239,0.0,0.0,0.0,one,SR,1
0,4294,5485,0,0,23.8182,16.6425,5.1515,0.0,0.0,1856,1518.0,0.0,0.0,1.27,20.24,0.0,0.0,108,0.0,0.0,0.0,one,SR,1
0,1971,4809,0,0,23.6207,16.8552,4.8948,0.0,0.0,1595,1383.0,0.0,0.0,-0.09,18.71,0.0,0.0,-1,0.0,0.0,0.0,one,SR,1
0,1173,6216,0,0,23.9024,16.3318,5.3771,0.0,0.0,2472,1662.0,0.0,0.0,6.21,21.94,0.0,0.0,233,0.0,0.0,0.0,one,SR,1
0,3089,2631,0,0,23.7924,16.4491,5.2474,0.0,0.0,1754,1579.0,0.0,0.0,-0.45,20.96,0.0,0.0,165,0.0,0.0,0.0,one,SR,1
0,4088,4180,0,0,23.8443,16.3536,5.3302,0.0,0.0,1859,1634.0,0.0,0.0,0.07,21.61,0.0,0.0,211,0.0,0.0,0.0,one,SR,1
1,1950,4698,0,0,22.7618,8.4084,13.2728,0.0,0.0,1180,2569.0,0.0,0.0,2.66,13.81,0.0,0.0,90,704.0,0.0,0.0,one,TR,1
116,4653,7313,0,0,22.5108,6.4535,15.1729,0.0,0.0,1935,2092.0,0.0,0.0,12.36,11.84,0.0,0.0,103,344.0,0.0,0.0,one,TR,1
0,4456,1783,0,0,23.5646,16.5845,5.0406,0.0,0.0,1774,1446.0,0.0,0.0,1.17,19.39,0.0,0.0,60,0.0,0.0,0.0,one,SR,1
0,4048,7541,294,0,29.5474,15.4989,5.9656,6.0094,0.0,2134,833.0,844.0,0.0,3.75,10.32,10.41,0.0,216,0.0,1.0,0.0,many,SR,2
0,295,1999,0,0,23.3614,16.4721,4.9815,0.0,0.0,2481,1418.0,0.0,0.0,8.88,19.08,0.0,0.0,48,0.0,0.0,0.0,one,SR,1
0,2713,3474,0,0,23.3259,16.5172,4.9263,0.0,0.0,1649,1394.0,0.0,0.0,0.37,18.82,0.0,0.0,29,0.0,0.0,0.0,one,SR,1
0,4776,323,0,0,23.8085,15.8159,5.618,0.0,0.0,2530,1816.0,0.0,0.0,5.19,23.75,0.0,0.0,379,0.0,0.0,0.0,one,SR,1
0,3580,8868,0,0,23.4537,16.1949,5.197,0.0,0.0,1823,1550.0,0.0,0.0,0.59,20.62,0.0,0.0,161,0.0,0.0,0.0,one,SR,1
0,1615,6389,0,0,23.7929,15.6202,5.7193,0.0,0.0,3298,1883.0,0.0,0.0,12.55,24.53,0.0,0.0,441,0.0,0.0,0.0,one,SR,1
191,1973,8814,0,0,22.7167,11.513,9.8059,0.0,0.0,1240,2593.0,0.0,0.0,0.44,16.98,0.0,0.0,73,739.0,0.0,0.0,one,TR,1
0,171,1637,0,0,23.1215,16.4969,4.7921,0.0,0.0,1706,1347.0,0.0,0.0,1.42,18.32,0.0,0.0,0,0.0,0.0,0.0,one,SR,1
0,3179,5484,0,0,23.3348,16.0841,5.1924,0.0,0.0,1906,1547.0,0.0,0.0,1.49,20.58,0.0,0.0,167,0.0,0.0,0.0,one,SR,1
0,458,5140,0,0,23.3344,15.7043,5.4083,0.0,0.0,2272,1686.0,0.0,0.0,3.86,22.22,0.0,0.0,293,0.0,0.0,0.0,one,SR,1
0,2447,6854,1525,0,38.032,21.0439,7.2345,7.2345,0.0,2008,1100.0,1100.0,0.0,-1.59,12.6,12.6,0.0,111,0.0,0.0,0.0,many,SR,2
0,3873,3321,0,0,23.0216,16.0178,5.0549,0.0,0.0,2300,1454.0,0.0,0.0,6.61,19.49,0.0,0.0,104,0.0,0.0,0.0,one,SR,1
0,4765,8260,0,0,22.9532,16.1258,4.9387,0.0,0.0,1577,1400.0,0.0,0.0,-0.44,18.89,0.0,0.0,60,0.0,0.0,0.0,one,SR,1
0,1872,2971,0,0,23.2394,15.6862,5.3656,0.0,0.0,1985,1657.0,0.0,0.0,1.15,21.88,0.0,0.0,273,0.0,0.0,0.0,one,SR,1
0,371,7042,0,0,23.2972,15.593,5.4496,0.0,0.0,1954,1714.0,0.0,0.0,0.23,22.55,0.0,0.0,321,0.0,0.0,0.0,one,SR,1
0,266,8353,0,0,23.1403,15.6819,5.3143,0.0,0.0,1968,1620.0,0.0,0.0,1.37,21.44,0.0,0.0,247,0.0,0.0,0.0,one,SR,1
0,1112,827,0,0,22.7656,16.0528,4.8548,0.0,0.0,1928,1371.0,0.0,0.0,3.52,18.58,0.0,0.0,46,0.0,0.0,0.0,one,SR,1
127,737,1853,1459,0,36.9745,8.5483,9.853,17.3774,0.0,1306,1699.0,2076.0,0.0,2.95,9.97,8.99,0.0,151,457.0,369.0,0.0,many,TR,2
0,4710,8191,0,0,22.6782,16.0386,4.804,0.0,0.0,2292,1350.0,0.0,0.0,7.54,18.36,0.0,0.0,33,0.0,0.0,0.0,one,SR,1
278,1769,4126,4125,1517,56.0912,10.44,14.7655,14.7655,14.7655,1518,1853.0,1853.0,1853.0,3.75,8.52,8.52,8.52,120,376.0,376.0,376.0,many,TR,3
0,2412,1520,0,0,23.0177,15.4754,5.3594,0.0,0.0,1795,1653.0,0.0,0.0,-0.8,21.83,0.0,0.0,285,0.0,0.0,0.0,one,SR,1
0,3612,388,0,0,22.689,15.7733,5.0026,0.0,0.0,2452,1423.0,0.0,0.0,8.53,19.13,0.0,0.0,99,0.0,0.0,0.0,one,SR,1
25,4530,9133,7305,0,30.1986,10.8364,8.9731,8.8514,0.0,1388,1655.0,1651.0,0.0,0.74,10.12,11.26,0.0,205,465.0,404.0,0.0,many,RT,2
0,2389,4949,0,0,22.7904,15.5949,5.1619,0.0,0.0,1837,1526.0,0.0,0.0,0.99,20.34,0.0,0.0,185,0.0,0.0,0.0,one,SR,1
0,1633,4617,0,0,22.5738,15.814,4.8913,0.0,0.0,1567,1381.0,0.0,0.0,-0.36,18.69,0.0,0.0,69,0.0,0.0,0.0,one,SR,1
0,4800,1741,0,0,22.5048,15.9233,4.7638,0.0,0.0,2214,1333.0,0.0,0.0,6.89,18.18,0.0,0.0,30,0.0,0.0,0.0,one,SR,1
0,1192,509,0,0,22.6549,15.6014,5.0822,0.0,0.0,1890,1473.0,0.0,0.0,2.1,19.71,0.0,0.0,146,0.0,0.0,0.0,one,SR,1
0,346,4051,4050,0,36.4692,20.6139,6.754,6.754,0.0,1362,999.0,999.0,0.0,-6.82,11.74,11.74,0.0,35,0.0,0.0,0.0,many,SR,2
0,1992,4915,0,0,22.4882,15.7304,4.8872,0.0,0.0,1750,1383.0,0.0,0.0,1.54,18.71,0.0,0.0,76,0.0,0.0,0.0,one,SR,1
0,4159,8108,0,0,22.4413,15.8224,4.7886,0.0,0.0,1784,1345.0,0.0,0.0,2.26,18.3,0.0,0.0,45,0.0,0.0,0.0,one,SR,1
0,4565,2202,0,0,22.5977,15.3688,5.1801,0.0,0.0,2390,1539.0,0.0,0.0,6.66,20.49,0.0,0.0,210,0.0,0.0,0.0,one,SR,1
0,2116,6363,0,0,22.4959,15.4497,5.0772,0.0,0.0,1872,1471.0,0.0,0.0,1.94,19.69,0.0,0.0,155,0.0,0.0,0.0,one,SR,1
0,4962,9102,0,0,22.441,15.4837,5.0261,0.0,0.0,2047,1439.0,0.0,0.0,4.11,19.31,0.0,0.0,130,0.0,0.0,0.0,one,SR,1
0,4614,8724,0,0,22.8024,14.9493,5.5372,0.0,0.0,2417,1766.0,0.0,0.0,4.54,23.16,0.0,0.0,402,0.0,0.0,0.0,one,SR,1
0,3315,629,0,0,22.2278,15.6878,4.732,0.0,0.0,1946,1324.0,0.0,0.0,4.16,18.08,0.0,0.0,40,0.0,0.0,0.0,one,SR,1
0,1248,7116,0,0,22.4276,15.1759,5.1946,0.0,0.0,1800,1546.0,0.0,0.0,0.39,20.57,0.0,0.0,228,0.0,0.0,0.0,one,SR,1
0,4369,1624,0,0,22.1061,15.6656,4.66,0.0,0.0,2883,1298.0,0.0,0.0,14.25,17.81,0.0,0.0,25,0.0,0.0,0.0,one,SR,1
0,1976,8045,0,0,22.1501,15.5142,4.8013,0.0,0.0,1672,1349.0,0.0,0.0,1.04,18.35,0.0,0.0,68,0.0,0.0,0.0,one,SR,1
0,3329,6004,0,0,22.2439,15.2774,5.0329,0.0,0.0,2252,1441.0,0.0,0.0,6.24,19.34,0.0,0.0,145,0.0,0.0,0.0,one,SR,1
0,4441,7082,0,0,22.2436,15.198,5.0802,0.0,0.0,2132,1468.0,0.0,0.0,4.7,19.65,0.0,0.0,170,0.0,0.0,0.0,one,SR,1
0,2324,9935,0,0,22.127,15.2489,4.9745,0.0,0.0,1776,1414.0,0.0,0.0,1.52,19.04,0.0,0.0,129,0.0,0.0,0.0,one,SR,1
0,3799,2483,0,0,22.0029,15.4554,4.7363,0.0,0.0,1663,1327.0,0.0,0.0,1.16,18.11,0.0,0.0,58,0.0,0.0,0.0,one,SR,1
0,701,3016,0,0,22.0024,15.2295,4.8991,0.0,0.0,2022,1386.0,0.0,0.0,4.37,18.74,0.0,0.0,112,0.0,0.0,0.0,one,SR,1
0,2115,5433,0,0,21.9612,15.3178,4.8066,0.0,0.0,1860,1351.0,0.0,0.0,3.0,18.37,0.0,0.0,83,0.0,0.0,0.0,one,SR,1
262,4419,1115,0,0,21.4645,8.7376,11.3802,0.0,0.0,1500,2267.0,0.0,0.0,3.63,16.47,0.0,0.0,231,430.0,0.0,0.0,one,RT,1
0,2345,9402,0,0,21.857,15.3788,4.6881,0.0,0.0,1758,1307.0,0.0,0.0,2.35,17.9,0.0,0.0,50,0.0,0.0,0.0,one,SR,1
0,833,8207,0,0,22.1597,14.7956,5.26,0.0,0.0,2241,1586.0,0.0,0.0,4.59,21.04,0.0,0.0,283,0.0,0.0,0.0,one,SR,1
0,4573,6920,0,0,21.9264,15.1553,4.8983,0.0,0.0,1662,1385.0,0.0,0.0,0.6,18.73,0.0,0.0,116,0.0,0.0,0.0,one,SR,1
0,3325,7521,0,0,21.7851,15.5154,4.5379,0.0,0.0,1481,1252.0,0.0,0.0,-0.04,17.32,0.0,0.0,5,0.0,0.0,0.0,one,SR,1
0,2990,9098,0,0,21.8884,15.2188,4.8255,0.0,0.0,2065,1358.0,0.0,0.0,5.09,18.44,0.0,0.0,94,0.0,0.0,0.0,one,SR,1
0,3336,854,0,0,21.7959,15.3516,4.6638,0.0,0.0,1673,1298.0,0.0,0.0,1.54,17.81,0.0,0.0,46,0.0,0.0,0.0,one,SR,1
0,236,2490,0,0,21.9954,14.867,5.1231,0.0,0.0,1802,1502.0,0.0,0.0,0.87,20.05,0.0,0.0,217,0.0,0.0,0.0,one,SR,1
0,3825,8847,0,0,21.9397,14.8493,5.1015,0.0,0.0,2068,1488.0,0.0,0.0,3.81,19.89,0.0,0.0,208,0.0,0.0,0.0,one,SR,1
0,2371,8515,0,0,21.7253,15.0538,4.8263,0.0,0.0,1648,1359.0,0.0,0.0,0.7,18.45,0.0,0.0,106,0.0,0.0,0.0,one,SR,1
0,4492,3927,0,0,21.6774,15.0603,4.7878,0.0,0.0,1590,1344.0,0.0,0.0,0.23,18.29,0.0,0.0,96,0.0,0.0,0.0,one,SR,1
0,2674,1,0,0,21.6493,15.1092,4.7331,0.0,0.0,1972,1323.0,0.0,0.0,4.44,18.07,0.0,0.0,79,0.0,0.0,0.0,one,SR,1
0,3029,8219,0,0,21.6422,14.9462,4.8455,0.0,0.0,2034,1364.0,0.0,0.0,4.7,18.51,0.0,0.0,117,0.0,0.0,0.0,one,SR,1
0,77,3027,0,0,21.703,14.7131,5.0445,0.0,0.0,2122,1451.0,0.0,0.0,4.77,19.45,0.0,0.0,191,0.0,0.0,0.0,one,SR,1
0,684,7922,0,0,21.4586,15.1964,4.5337,0.0,0.0,1752,1249.0,0.0,0.0,2.84,17.29,0.0,0.0,25,0.0,0.0,0.0,one,SR,1
0,4091,8093,0,0,21.6806,14.6524,5.0687,0.0,0.0,1976,1463.0,0.0,0.0,3.11,19.59,0.0,0.0,204,0.0,0.0,0.0,one,SR,1
0,2218,1036,0,0,21.5093,15.0217,4.6965,0.0,0.0,2040,1308.0,0.0,0.0,5.3,17.91,0.0,0.0,75,0.0,0.0,0.0,one,SR,1
0,1158,8006,0,0,21.6821,14.6221,5.0876,0.0,0.0,1766,1474.0,0.0,0.0,0.79,19.72,0.0,0.0,214,0.0,0.0,0.0,one,SR,1
0,4804,8347,0,0,21.6959,14.5852,5.1172,0.0,0.0,2000,1492.0,0.0,0.0,3.06,19.94,0.0,0.0,229,0.0,0.0,0.0,one,SR,1
0,1888,8616,0,0,21.4415,15.0948,4.5937,0.0,0.0,1771,1272.0,0.0,0.0,2.82,17.53,0.0,0.0,47,0.0,0.0,0.0,one,SR,1
0,700,3114,0,0,21.3811,15.224,4.4582,0.0,0.0,1476,1221.0,0.0,0.0,0.21,16.99,0.0,0.0,5,0.0,0.0,0.0,one,SR,1
0,4446,6085,0,0,21.6666,14.567,5.1084,0.0,0.0,1651,1490.0,0.0,0.0,-0.59,19.91,0.0,0.0,229,0.0,0.0,0.0,one,SR,1
0,383,7362,0,0,21.4194,14.9206,4.7012,0.0,0.0,1543,1314.0,0.0,0.0,0.02,17.97,0.0,0.0,86,0.0,0.0,0.0,one,SR,1
0,2135,8421,5404,0,34.6344,19.5769,6.4155,6.4155,0.0,1982,928.0,928.0,0.0,0.77,11.13,11.13,0.0,32,0.0,0.0,0.0,many,SR,2
0,2128,8135,0,0,21.3165,15.0167,4.5595,0.0,0.0,1470,1260.0,0.0,0.0,-0.23,17.4,0.0,0.0,44,0.0,0.0,0.0,one,SR,1
0,1895,8309,0,0,21.5219,14.5192,5.0526,0.0,0.0,1845,1455.0,0.0,0.0,1.82,19.5,0.0,0.0,207,0.0,0.0,0.0,one,SR,1
0,4323,2444,0,0,21.2954,15.0218,4.5428,0.0,0.0,1454,1251.0,0.0,0.0,-0.31,17.31,0.0,0.0,38,0.0,0.0,0.0,one,SR,1
0,1484,742,0,0,21.4769,14.5394,5.0156,0.0,0.0,2323,1431.0,0.0,0.0,7.09,19.22,0.0,0.0,188,0.0,0.0,0.0,one,SR,1
0,1509,5490,0,0,21.5037,14.2001,5.2265,0.0,0.0,2514,1563.0,0.0,0.0,7.7,20.77,0.0,0.0,307,0.0,0.0,0.0,one,SR,1
0,444,5207,0,0,21.1575,14.7582,4.6326,0.0,0.0,1501,1285.0,0.0,0.0,-0.14,17.67,0.0,0.0,78,0.0,0.0,0.0,one,SR,1
0,1877,4705,0,0,21.0693,14.9722,4.4162,0.0,0.0,1829,1204.0,0.0,0.0,4.08,16.81,0.0,0.0,11,0.0,0.0,0.0,one,SR,1
0,2522,6806,0,0,21.3832,14.2336,5.1384,0.0,0.0,1834,1507.0,0.0,0.0,1.16,20.11,0.0,0.0,264,0.0,0.0,0.0,one,SR,1
0,1083,1196,0,0,21.2152,14.4103,4.9236,0.0,0.0,1874,1393.0,0.0,0.0,2.75,18.81,0.0,0.0,172,0.0,0.0,0.0,one,SR,1
0,4732,6589,2167,0,36.5497,19.0021,7.4476,7.4924,0.0,2301,1159.0,1153.0,0.0,0.69,13.03,13.05,0.0,305,8.0,0.0,0.0,many,SR,2
0,3416,9390,0,0,21.2294,14.3081,5.0061,0.0,0.0,2470,1425.0,0.0,0.0,8.7,19.15,0.0,0.0,200,0.0,0.0,0.0,one,SR,1
0,755,3603,0,0,21.2841,14.2287,5.0841,0.0,0.0,1624,1473.0,0.0,0.0,-0.69,19.71,0.0,0.0,240,0.0,0.0,0.0,one,SR,1
0,3546,1276,0,0,20.8557,14.8488,4.3515,0.0,0.0,1352,1180.0,0.0,0.0,-0.7,16.55,0.0,0.0,4,0.0,0.0,0.0,one,SR,1
0,2035,9371,0,0,21.1479,14.1045,5.0757,0.0,0.0,1742,1470.0,0.0,0.0,0.58,19.68,0.0,0.0,246,0.0,0.0,0.0,one,SR,1
0,1781,5810,0,0,21.2056,14.0207,5.1584,0.0,0.0,1837,1520.0,0.0,0.0,1.05,20.27,0.0,0.0,288,0.0,0.0,0.0,one,SR,1
0,3023,4961,0,0,20.8883,14.6881,4.4875,0.0,0.0,1916,1234.0,0.0,0.0,4.7,17.13,0.0,0.0,50,0.0,0.0,0.0,one,SR,1
0,892,4921,0,0,21.1874,13.9194,5.2039,0.0,0.0,1955,1552.0,0.0,0.0,1.95,20.64,0.0,0.0,318,0.0,0.0,0.0,one,SR,1
0,1854,9936,0,0,20.7495,14.7878,4.3158,0.0,0.0,1654,1171.0,0.0,0.0,2.55,16.46,0.0,0.0,2,0.0,0.0,0.0,one,SR,1
0,3991,7777,0,0,21.0169,14.0595,5.0261,0.0,0.0,1706,1439.0,0.0,0.0,0.53,19.31,0.0,0.0,227,0.0,0.0,0.0,one,SR,1
0,3455,8712,0,0,20.7798,14.358,4.6465,0.0,0.0,1807,1293.0,0.0,0.0,3.0,17.75,0.0,0.0,111,0.0,0.0,0.0,one,SR,1
0,2119,960,0,0,20.9953,13.7769,5.1765,0.0,0.0,2509,1533.0,0.0,0.0,7.97,20.42,0.0,0.0,314,0.0,0.0,0.0,one,SR,1
0,1718,7050,0,0,20.6556,14.4592,4.4859,0.0,0.0,1668,1232.0,0.0,0.0,2.12,17.11,0.0,0.0,64,0.0,0.0,0.0,one,SR,1
0,4746,4386,0,0,20.5406,14.6088,4.2965,0.0,0.0,1415,1161.0,0.0,0.0,0.14,16.35,0.0,0.0,8,0.0,0.0,0.0,one,SR,1
0,3487,1414,0,0,20.6891,14.2166,4.6835,0.0,0.0,1642,1306.0,0.0,0.0,1.14,17.89,0.0,0.0,129,0.0,0.0,0.0,one,SR,1
0,1258,1754,0,0,20.7219,14.1179,4.78,0.0,0.0,1943,1339.0,0.0,0.0,3.99,18.24,0.0,0.0,157,0.0,0.0,0.0,one,SR,1
0,2451,7030,0,0,20.5258,14.6072,4.2876,0.0,0.0,1633,1157.0,0.0,0.0,2.47,16.31,0.0,0.0,5,0.0,0.0,0.0,one,SR,1
0,1545,2225,0,0,20.6165,14.3354,4.5482,0.0,0.0,1613,1253.0,0.0,0.0,1.34,17.33,0.0,0.0,86,0.0,0.0,0.0,one,SR,1
0,2792,4252,0,0,20.5565,14.4764,4.4035,0.0,0.0,1472,1200.0,0.0,0.0,0.37,16.77,0.0,0.0,42,0.0,0.0,0.0,one,SR,1
0,4966,623,0,0,20.6531,14.1581,4.6996,0.0,0.0,1505,1312.0,0.0,0.0,-0.36,17.95,0.0,0.0,137,0.0,0.0,0.0,one,SR,1
277,1260,9177,4323,0,38.2023,12.9542,11.8416,11.8416,0.0,1239,1901.0,1901.0,0.0,-1.07,10.82,10.82,0.0,77,448.0,448.0,0.0,many,TR,2
0,2273,9900,0,0,20.7811,13.6527,5.1231,0.0,0.0,2532,1502.0,0.0,0.0,8.54,20.05,0.0,0.0,300,0.0,0.0,0.0,one,SR,1
0,2531,7700,0,0,20.4387,14.4037,4.3701,0.0,0.0,1606,1189.0,0.0,0.0,1.88,16.65,0.0,0.0,40,0.0,0.0,0.0,one,SR,1
0,177,2154,0,0,20.6768,13.78,4.988,0.0,0.0,2351,1419.0,0.0,0.0,7.51,19.09,0.0,0.0,232,0.0,0.0,0.0,one,SR,1
0,3669,9526,0,0,20.3725,14.5234,4.2372,0.0,0.0,1520,1139.0,0.0,0.0,1.45,16.12,0.0,0.0,-1,0.0,0.0,0.0,one,SR,1
0,3130,6642,0,0,20.5437,14.0881,4.6719,0.0,0.0,1590,1301.0,0.0,0.0,0.64,17.84,0.0,0.0,134,0.0,0.0,0.0,one,SR,1
0,1257,6246,0,0,20.3865,14.3589,4.3658,0.0,0.0,1827,1186.0,0.0,0.0,4.23,16.62,0.0,0.0,41,0.0,0.0,0.0,one,SR,1
0,501,599,0,0,20.4808,14.0778,4.6342,0.0,0.0,1882,1287.0,0.0,0.0,3.84,17.69,0.0,0.0,126,0.0,0.0,0.0,one,SR,1
0,1343,2821,0,0,20.3612,14.3187,4.3754,0.0,0.0,1614,1191.0,0.0,0.0,1.94,16.67,0.0,0.0,47,0.0,0.0,0.0,one,SR,1
0,2376,9871,0,0,20.572,13.6234,5.0244,0.0,0.0,2605,1433.0,0.0,0.0,10.03,19.24,0.0,0.0,252,0.0,0.0,0.0,one,SR,1
0,413,2480,0,0,20.5419,13.6487,4.9875,0.0,0.0,2661,1416.0,0.0,0.0,10.79,19.06,0.0,0.0,239,0.0,0.0,0.0,one,SR,1
0,2492,4578,0,0,20.2986,14.2636,4.369,0.0,0.0,1702,1190.0,0.0,0.0,2.88,16.66,0.0,0.0,50,0.0,0.0,0.0,one,SR,1
0,585,3265,0,0,20.2939,14.2534,4.3724,0.0,0.0,1711,1192.0,0.0,0.0,2.95,16.68,0.0,0.0,52,0.0,0.0,0.0,one,SR,1
0,2320,3211,0,0,20.4373,13.7676,4.8244,0.0,0.0,1707,1359.0,0.0,0.0,1.32,18.45,0.0,0.0,194,0.0,0.0,0.0,one,SR,1
0,4621,5859,0,0,20.3909,13.7983,4.7686,0.0,0.0,2044,1339.0,0.0,0.0,5.05,18.24,0.0,0.0,179,0.0,0.0,0.0,one,SR,1
0,986,9832,0,0,20.2646,14.0588,4.491,0.0,0.0,1907,1236.0,0.0,0.0,4.59,17.15,0.0,0.0,94,0.0,0.0,0.0,one,SR,1
0,780,3421,0,0,20.3738,13.7586,4.787,0.0,0.0,1787,1343.0,0.0,0.0,2.31,18.28,0.0,0.0,184,0.0,0.0,0.0,one,SR,1
0,1162,6788,0,0,20.4208,13.6234,4.9171,0.0,0.0,1656,1392.0,0.0,0.0,0.47,18.8,0.0,0.0,225,0.0,0.0,0.0,one,SR,1
0,1402,9864,0,0,20.3247,13.6569,4.8236,0.0,0.0,2018,1358.0,0.0,0.0,4.59,18.44,0.0,0.0,201,0.0,0.0,0.0,one,SR,1
0,4622,3956,0,0,20.1358,13.9525,4.476,0.0,0.0,1763,1229.0,0.0,0.0,3.15,17.07,0.0,0.0,97,0.0,0.0,0.0,one,SR,1
11,4992,139,0,0,19.5415,9.8091,8.5829,0.0,0.0,1096,2088.0,0.0,0.0,1.16,14.5,0.0,0.0,37,567.0,0.0,0.0,one,TR,1
0,4128,5095,0,0,20.0195,13.9638,4.3843,0.0,0.0,1798,1195.0,0.0,0.0,3.84,16.71,0.0,0.0,74,0.0,0.0,0.0,one,SR,1
0,1393,5427,0,0,20.0575,13.7708,4.5517,0.0,0.0,1764,1255.0,0.0,0.0,2.91,17.35,0.0,0.0,126,0.0,0.0,0.0,one,SR,1
0,2619,2686,0,0,20.1231,13.5999,4.7204,0.0,0.0,1729,1319.0,0.0,0.0,1.93,18.03,0.0,0.0,179,0.0,0.0,0.0,one,SR,1
0,4823,3068,0,0,20.1729,13.4657,4.8536,0.0,0.0,1586,1367.0,0.0,0.0,-0.03,18.54,0.0,0.0,220,0.0,0.0,0.0,one,SR,1
0,3118,199,0,0,19.8892,14.1791,4.1353,0.0,0.0,1414,1104.0,0.0,0.0,0.67,15.75,0.0,0.0,0,0.0,0.0,0.0,one,SR,1
0,273,6142,0,0,20.0247,13.6047,4.648,0.0,0.0,1561,1290.0,0.0,0.0,0.44,17.72,0.0,0.0,160,0.0,0.0,0.0,one,SR,1
0,4069,3023,0,0,19.8468,14.054,4.1979,0.0,0.0,2139,1123.0,0.0,0.0,8.11,15.95,0.0,0.0,21,0.0,0.0,0.0,one,SR,1
0,4862,4026,0,0,19.9947,13.6047,4.6264,0.0,0.0,1435,1282.0,0.0,0.0,-0.8,17.64,0.0,0.0,155,0.0,0.0,0.0,one,SR,1
0,4480,5919,0,0,19.8567,13.9363,4.2862,0.0,0.0,1726,1160.0,0.0,0.0,3.42,16.34,0.0,0.0,53,0.0,0.0,0.0,one,SR,1
0,1533,927,0,0,19.7678,13.8943,4.2553,0.0,0.0,1407,1145.0,0.0,0.0,0.21,16.18,0.0,0.0,46,0.0,0.0,0.0,one,SR,1
0,3811,4894,0,0,19.7072,14.044,4.1032,0.0,0.0,1090,1090.0,0.0,0.0,-2.59,15.6,0.0,0.0,0,0.0,0.0,0.0,one,SR,1
0,17,4515,0,0,19.7352,13.8561,4.2566,0.0,0.0,1364,1149.0,0.0,0.0,-0.28,16.23,0.0,0.0,51,0.0,0.0,0.0,one,SR,1
0,2603,4095,0,0,19.7718,13.7218,4.3808,0.0,0.0,1647,1193.0,0.0,0.0,2.27,16.69,0.0,0.0,89,0.0,0.0,0.0,one,SR,1
0,2740,3111,0,0,19.8514,13.3338,4.7158,0.0,0.0,1574,1318.0,0.0,0.0,0.31,18.02,0.0,0.0,197,0.0,0.0,0.0,one,SR,1
0,1,1152,0,0,19.7018,13.6593,4.3766,0.0,0.0,2135,1190.0,0.0,0.0,7.42,16.66,0.0,0.0,91,0.0,0.0,0.0,one,SR,1
0,3847,3517,0,0,19.589,13.937,4.0963,0.0,0.0,1355,1086.0,0.0,0.0,0.23,15.56,0.0,0.0,5,0.0,0.0,0.0,one,SR,1
0,2444,1505,0,0,19.8038,13.3125,4.6969,0.0,0.0,1457,1311.0,0.0,0.0,-0.85,17.94,0.0,0.0,194,0.0,0.0,0.0,one,SR,1
0,4549,6379,0,0,19.674,13.5227,4.4525,0.0,0.0,1409,1221.0,0.0,0.0,-0.5,16.99,0.0,0.0,121,0.0,0.0,0.0,one,SR,1
0,3239,5178,0,0,19.7377,13.299,4.6614,0.0,0.0,1651,1295.0,0.0,0.0,1.34,17.77,0.0,0.0,184,0.0,0.0,0.0,one,SR,1
176,3721,5787,4208,3737,50.5467,13.8244,11.4977,11.4977,12.1909,1273,1553.0,1553.0,1296.0,-0.46,9.07,9.07,8.22,0,303.0,303.0,116.0,many,RT,3
0,4944,9436,0,0,19.491,13.824,4.107,0.0,0.0,1612,1090.0,0.0,0.0,2.89,15.6,0.0,0.0,15,0.0,0.0,0.0,one,SR,1
78,3815,6343,0,0,19.1109,10.2473,7.6769,0.0,0.0,1119,1956.0,0.0,0.0,1.07,14.87,0.0,0.0,30,497.0,0.0,0.0,one,RT,1
246,9,7179,0,0,19.1781,7.9851,9.9215,0.0,0.0,1490,1910.0,0.0,0.0,4.2,15.71,0.0,0.0,236,285.0,0.0,0.0,one,RT,1
0,993,9551,0,0,19.5809,13.4652,4.4274,0.0,0.0,1668,1211.0,0.0,0.0,2.32,16.88,0.0,0.0,118,0.0,0.0,0.0,one,SR,1
0,2040,2396,0,0,19.5186,13.615,4.2757,0.0,0.0,1376,1154.0,0.0,0.0,-0.2,16.28,0.0,0.0,71,0.0,0.0,0.0,one,SR,1
0,3258,979,0,0,19.7081,13.0986,4.7813,0.0,0.0,2110,1343.0,0.0,0.0,5.7,18.28,0.0,0.0,229,0.0,0.0,0.0,one,SR,1
0,2857,4216,0,0,19.3804,13.7718,4.0625,0.0,0.0,1319,1077.0,0.0,0.0,-0.07,15.46,0.0,0.0,10,0.0,0.0,0.0,one,SR,1
0,4883,6102,0,0,19.7745,12.7908,5.0418,0.0,0.0,2083,1448.0,0.0,0.0,4.39,19.42,0.0,0.0,320,0.0,0.0,0.0,one,SR,1
0,51,1293,0,0,19.5208,13.3957,4.4336,0.0,0.0,1740,1214.0,0.0,0.0,3.05,16.91,0.0,0.0,125,0.0,0.0,0.0,one,SR,1
0,1926,3371,0,0,19.6017,13.1874,4.6411,0.0,0.0,1743,1291.0,0.0,0.0,2.34,17.73,0.0,0.0,189,0.0,0.0,0.0,one,SR,1
0,3187,2357,0,0,19.6455,13.0678,4.76,0.0,0.0,1970,1333.0,0.0,0.0,4.33,18.18,0.0,0.0,225,0.0,0.0,0.0,one,SR,1
0,1748,5183,0,0,19.6023,13.1655,4.6595,0.0,0.0,1833,1295.0,0.0,0.0,3.25,17.77,0.0,0.0,193,0.0,0.0,0.0,one,SR,1
0,920,5592,0,0,19.3898,13.7098,4.1137,0.0,0.0,1685,1096.0,0.0,0.0,3.6,15.66,0.0,0.0,27,0.0,0.0,0.0,one,SR,1
0,4299,7434,0,0,19.3687,13.5122,4.2415,0.0,0.0,1667,1142.0,0.0,0.0,2.97,16.15,0.0,0.0,70,0.0,0.0,0.0,one,SR,1
0,2835,7938,0,0,19.5204,13.0761,4.6627,0.0,0.0,1909,1299.0,0.0,0.0,4.01,17.82,0.0,0.0,202,0.0,0.0,0.0,one,SR,1
0,2538,8811,0,0,19.3015,13.5463,4.1687,0.0,0.0,1871,1115.0,0.0,0.0,5.37,15.86,0.0,0.0,50,0.0,0.0,0.0,one,SR,1
0,396,8571,0,0,19.301,13.4031,4.2711,0.0,0.0,1866,1153.0,0.0,0.0,4.95,16.27,0.0,0.0,85,0.0,0.0,0.0,one,SR,1
0,1741,6081,0,0,19.2376,13.5124,4.1472,0.0,0.0,1681,1107.0,0.0,0.0,3.45,15.78,0.0,0.0,47,0.0,0.0,0.0,one,SR,1
0,2074,9481,0,0,19.2336,13.4934,4.1579,0.0,0.0,1633,1111.0,0.0,0.0,2.91,15.82,0.0,0.0,51,0.0,0.0,0.0,one,SR,1
0,2683,5890,0,0,19.2101,13.53,4.117,0.0,0.0,1641,1093.0,0.0,0.0,3.16,15.63,0.0,0.0,37,0.0,0.0,0.0,one,SR,1
0,48,3796,0,0,19.4012,13.0377,4.6053,0.0,0.0,1895,1277.0,0.0,0.0,4.07,17.58,0.0,0.0,190,0.0,0.0,0.0,one,SR,1
0,4752,6060,0,0,19.437,12.9289,4.7085,0.0,0.0,1866,1316.0,0.0,0.0,3.4,18.0,0.0,0.0,223,0.0,0.0,0.0,one,SR,1
0,2564,4083,0,0,19.4487,12.8748,4.7573,0.0,0.0,1909,1332.0,0.0,0.0,3.7,18.17,0.0,0.0,237,0.0,0.0,0.0,one,SR,1
0,1662,2517,0,0,19.1615,13.5847,4.0402,0.0,0.0,1224,1068.0,0.0,0.0,-0.98,15.37,0.0,0.0,17,0.0,0.0,0.0,one,SR,1
0,314,2007,0,0,19.3075,13.1391,4.4663,0.0,0.0,2005,1224.0,0.0,0.0,5.73,17.02,0.0,0.0,149,0.0,0.0,0.0,one,SR,1
0,3888,8127,0,0,19.1528,13.5328,4.0717,0.0,0.0,1720,1079.0,0.0,0.0,4.13,15.48,0.0,0.0,28,0.0,0.0,0.0,one,SR,1
0,1349,8163,0,0,19.1063,13.4638,4.0879,0.0,0.0,2018,1085.0,0.0,0.0,7.2,15.55,0.0,0.0,36,0.0,0.0,0.0,one,SR,1
0,4109,9741,0,0,19.3756,12.7021,4.8293,0.0,0.0,1769,1358.0,0.0,0.0,1.98,18.44,0.0,0.0,266,0.0,0.0,0.0,one,SR,1
0,2865,5568,0,0,19.3727,12.6918,4.8325,0.0,0.0,1751,1362.0,0.0,0.0,1.75,18.48,0.0,0.0,269,0.0,0.0,0.0,one,SR,1
0,184,2651,0,0,19.1612,13.1731,4.338,0.0,0.0,1759,1175.0,0.0,0.0,3.62,16.5,0.0,0.0,115,0.0,0.0,0.0,one,SR,1
0,3978,1602,0,0,19.3465,12.6054,4.8778,0.0,0.0,1970,1376.0,0.0,0.0,3.92,18.63,0.0,0.0,284,0.0,0.0,0.0,one,SR,1
0,3568,4913,0,0,19.318,12.6784,4.804,0.0,0.0,1650,1350.0,0.0,0.0,0.8,18.36,0.0,0.0,262,0.0,0.0,0.0,one,SR,1
0,2902,8410,0,0,19.0147,13.4453,4.037,0.0,0.0,1422,1064.0,0.0,0.0,1.14,15.32,0.0,0.0,24,0.0,0.0,0.0,one,SR,1
0,3511,7105,0,0,18.8991,13.418,3.9731,0.0,0.0,1440,1041.0,0.0,0.0,1.55,15.08,0.0,0.0,11,0.0,0.0,0.0,one,SR,1
0,4620,6385,0,0,19.0729,12.9308,4.4485,0.0,0.0,1499,1216.0,0.0,0.0,0.5,16.94,0.0,0.0,158,0.0,0.0,0.0,one,SR,1
0,3133,5519,0,0,19.009,13.0548,4.3116,0.0,0.0,1314,1168.0,0.0,0.0,-0.99,16.43,0.0,0.0,118,0.0,0.0,0.0,one,SR,1
0,440,7935,0,0,19.0726,12.8592,4.4986,0.0,0.0,1552,1236.0,0.0,0.0,0.86,17.15,0.0,0.0,176,0.0,0.0,0.0,one,SR,1
0,3715,1121,0,0,18.9346,13.138,4.2006,0.0,0.0,1799,1124.0,0.0,0.0,4.53,15.96,0.0,0.0,84,0.0,0.0,0.0,one,SR,1
0,1272,8613,0,0,18.8857,13.2,4.1183,0.0,0.0,1894,1097.0,0.0,0.0,5.78,15.67,0.0,0.0,62,0.0,0.0,0.0,one,SR,1
0,321,4316,0,0,19.007,12.8706,4.4428,0.0,0.0,1593,1216.0,0.0,0.0,1.48,16.94,0.0,0.0,162,0.0,0.0,0.0,one,SR,1
0,2615,7674,0,0,18.8663,13.1525,4.1391,0.0,0.0,2208,1104.0,0.0,0.0,9.01,15.75,0.0,0.0,70,0.0,0.0,0.0,one,SR,1
0,2924,4695,0,0,18.8032,13.2057,4.0577,0.0,0.0,1271,1071.0,0.0,0.0,-0.51,15.4,0.0,0.0,45,0.0,0.0,0.0,one,SR,1
0,924,8820,0,0,19.0413,12.5782,4.6762,0.0,0.0,1784,1304.0,0.0,0.0,2.65,17.87,0.0,0.0,239,0.0,0.0,0.0,one,SR,1
0,4303,7377,0,0,19.1126,12.3716,4.8767,0.0,0.0,2011,1377.0,0.0,0.0,4.34,18.64,0.0,0.0,301,0.0,0.0,0.0,one,SR,1
0,921,6805,0,0,18.6792,13.0385,4.0882,0.0,0.0,1366,1083.0,0.0,0.0,0.37,15.53,0.0,0.0,64,0.0,0.0,0.0,one,SR,1
0,4915,8671,0,0,18.5985,13.0404,4.0278,0.0,0.0,2025,1062.0,0.0,0.0,7.49,15.3,0.0,0.0,50,0.0,0.0,0.0,one,SR,1
0,698,7646,0,0,18.5391,13.0938,3.9458,0.0,0.0,1269,1033.0,0.0,0.0,-0.17,14.99,0.0,0.0,28,0.0,0.0,0.0,one,SR,1
0,3683,1401,0,0,18.5642,12.9629,4.0604,0.0,0.0,1451,1072.0,0.0,0.0,1.37,15.41,0.0,0.0,62,0.0,0.0,0.0,one,SR,1
0,2699,3293,0,0,18.5515,12.8751,4.1143,0.0,0.0,1364,1092.0,0.0,0.0,0.26,15.62,0.0,0.0,81,0.0,0.0,0.0,one,SR,1
0,751,188,0,0,18.7624,12.3463,4.6419,0.0,0.0,1791,1292.0,0.0,0.0,2.84,17.74,0.0,0.0,247,0.0,0.0,0.0,one,SR,1
0,4417,6825,0,0,18.6818,12.5135,4.4652,0.0,0.0,1571,1225.0,0.0,0.0,1.17,17.03,0.0,0.0,192,0.0,0.0,0.0,one,SR,1
0,4849,204,0,0,18.4485,13.0312,3.9273,0.0,0.0,1202,1024.0,0.0,0.0,-0.79,14.9,0.0,0.0,26,0.0,0.0,0.0,one,SR,1
0,3280,449,0,0,18.6681,12.4529,4.4983,0.0,0.0,1598,1238.0,0.0,0.0,1.33,17.17,0.0,0.0,205,0.0,0.0,0.0,one,SR,1
0,4181,4329,0,0,18.7472,12.2447,4.7039,0.0,0.0,1870,1315.0,0.0,0.0,3.45,17.99,0.0,0.0,269,0.0,0.0,0.0,one,SR,1
0,3870,622,0,0,18.409,13.018,3.9095,0.0,0.0,1576,1016.0,0.0,0.0,3.21,14.81,0.0,0.0,22,0.0,0.0,0.0,one,SR,1
0,2811,5137,0,0,18.5283,12.7018,4.2188,0.0,0.0,1639,1135.0,0.0,0.0,2.74,16.08,0.0,0.0,121,0.0,0.0,0.0,one,SR,1
0,2222,5923,0,0,18.4392,12.8887,4.0213,0.0,0.0,1575,1061.0,0.0,0.0,2.77,15.29,0.0,0.0,60,0.0,0.0,0.0,one,SR,1
0,3795,6405,0,0,18.5519,12.5301,4.3601,0.0,0.0,1817,1186.0,0.0,0.0,4.12,16.62,0.0,0.0,166,0.0,0.0,0.0,one,SR,1
0,1027,8370,0,0,18.4124,12.86,4.0243,0.0,0.0,1535,1060.0,0.0,0.0,2.36,15.28,0.0,0.0,61,0.0,0.0,0.0,one,SR,1
0,1243,478,0,0,18.3619,12.9653,3.913,0.0,0.0,1458,1018.0,0.0,0.0,1.96,14.84,0.0,0.0,27,0.0,0.0,0.0,one,SR,1
0,573,1584,0,0,18.4443,12.7455,4.1272,0.0,0.0,1582,1101.0,0.0,0.0,2.47,15.72,0.0,0.0,96,0.0,0.0,0.0,one,SR,1
180,2809,6597,2498,0,44.4763,9.5625,16.0646,17.7454,0.0,1259,2215.0,1363.0,0.0,3.28,9.57,8.47,0.0,26,517.0,-165.0,0.0,many,RT,2
0,2946,5922,0,0,18.3006,12.9885,3.8518,0.0,0.0,1288,996.0,0.0,0.0,0.38,14.6,0.0,0.0,11,0.0,0.0,0.0,one,SR,1
0,842,72,0,0,18.2916,12.9232,3.89,0.0,0.0,1490,1013.0,0.0,0.0,2.34,14.78,0.0,0.0,26,0.0,0.0,0.0,one,SR,1
0,600,570,0,0,18.301,12.6529,4.0914,0.0,0.0,1364,1087.0,0.0,0.0,0.31,15.57,0.0,0.0,93,0.0,0.0,0.0,one,SR,1
0,3751,7863,0,0,18.2682,12.6951,4.0375,0.0,0.0,1140,1067.0,0.0,0.0,-1.85,15.36,0.0,0.0,77,0.0,0.0,0.0,one,SR,1
0,4834,700,0,0,18.2857,12.5905,4.1267,0.0,0.0,1374,1098.0,0.0,0.0,0.31,15.68,0.0,0.0,104,0.0,0.0,0.0,one,SR,1
0,3080,7218,0,0,18.1298,12.906,3.7868,0.0,0.0,1400,974.0,0.0,0.0,1.77,14.37,0.0,0.0,2,0.0,0.0,0.0,one,SR,1
0,1565,101,0,0,18.3776,12.2713,4.4202,0.0,0.0,1505,1209.0,0.0,0.0,0.63,16.86,0.0,0.0,198,0.0,0.0,0.0,one,SR,1
0,3496,303,0,0,18.1701,12.7905,3.8981,0.0,0.0,1433,1016.0,0.0,0.0,1.71,14.81,0.0,0.0,37,0.0,0.0,0.0,one,SR,1
0,767,3782,0,0,18.1699,12.6363,4.0108,0.0,0.0,1315,1055.0,0.0,0.0,0.1,15.23,0.0,0.0,73,0.0,0.0,0.0,one,SR,1
0,4216,3182,0,0,18.1876,12.5977,4.049,0.0,0.0,1999,1072.0,0.0,0.0,7.12,15.41,0.0,0.0,87,0.0,0.0,0.0,one,SR,1
0,4706,7317,0,0,18.3042,12.2654,4.3739,0.0,0.0,1350,1189.0,0.0,0.0,-0.81,16.65,0.0,0.0,186,0.0,0.0,0.0,one,SR,1
0,250,7618,0,0,18.4241,11.9572,4.6811,0.0,0.0,1882,1303.0,0.0,0.0,3.69,17.86,0.0,0.0,281,0.0,0.0,0.0,one,SR,1
0,3983,7122,0,0,18.3284,12.1564,4.4679,0.0,0.0,1533,1226.0,0.0,0.0,0.76,17.04,0.0,0.0,217,0.0,0.0,0.0,one,SR,1
0,4591,37,0,0,18.2008,12.4457,4.1676,0.0,0.0,1700,1116.0,0.0,0.0,3.56,15.88,0.0,0.0,126,0.0,0.0,0.0,one,SR,1
0,377,7114,0,0,18.1754,12.4559,4.1426,0.0,0.0,1362,1106.0,0.0,0.0,0.11,15.77,0.0,0.0,119,0.0,0.0,0.0,one,SR,1
0,4438,6239,0,0,18.4326,11.7949,4.8032,0.0,0.0,2025,1349.0,0.0,0.0,4.75,18.35,0.0,0.0,322,0.0,0.0,0.0,one,SR,1
0,2850,8380,0,0,18.1158,12.5389,4.0424,0.0,0.0,1110,1066.0,0.0,0.0,-2.16,15.34,0.0,0.0,87,0.0,0.0,0.0,one,SR,1
0,1487,3854,0,0,18.1558,12.4382,4.1407,0.0,0.0,1710,1106.0,0.0,0.0,3.76,15.77,0.0,0.0,120,0.0,0.0,0.0,one,SR,1
0,3532,9537,0,0,18.1279,12.4271,4.1313,0.0,0.0,1447,1099.0,0.0,0.0,1.07,15.69,0.0,0.0,116,0.0,0.0,0.0,one,SR,1
0,1309,1662,0,0,18.1424,12.3759,4.1779,0.0,0.0,1637,1117.0,0.0,0.0,2.89,15.89,0.0,0.0,131,0.0,0.0,0.0,one,SR,1
0,2756,4901,0,0,18.0904,12.4159,4.1124,0.0,0.0,1224,1092.0,0.0,0.0,-1.21,15.62,0.0,0.0,112,0.0,0.0,0.0,one,SR,1
0,1424,2900,0,0,18.1436,12.2194,4.2911,0.0,0.0,1428,1159.0,0.0,0.0,0.3,16.33,0.0,0.0,169,0.0,0.0,0.0,one,SR,1
0,4161,8228,0,0,18.0861,12.3553,4.1529,0.0,0.0,1721,1107.0,0.0,0.0,3.87,15.78,0.0,0.0,126,0.0,0.0,0.0,one,SR,1
0,3716,9783,0,0,18.2846,11.8215,4.6762,0.0,0.0,2091,1304.0,0.0,0.0,5.87,17.87,0.0,0.0,291,0.0,0.0,0.0,one,SR,1
0,1671,4228,0,0,18.0007,12.5158,3.9769,0.0,0.0,1253,1041.0,0.0,0.0,-0.42,15.08,0.0,0.0,72,0.0,0.0,0.0,one,SR,1
0,2106,5885,0,0,18.1328,12.1186,4.3536,0.0,0.0,1984,1185.0,0.0,0.0,5.89,16.61,0.0,0.0,193,0.0,0.0,0.0,one,SR,1
0,4496,1772,0,0,18.1749,11.9183,4.5302,0.0,0.0,1703,1247.0,0.0,0.0,2.34,17.26,0.0,0.0,247,0.0,0.0,0.0,one,SR,1
0,1663,8800,0,0,18.0635,12.1769,4.2619,0.0,0.0,1621,1151.0,0.0,0.0,2.4,16.25,0.0,0.0,167,0.0,0.0,0.0,one,SR,1
0,3713,1450,0,0,17.8852,12.5938,3.8353,0.0,0.0,1190,992.0,0.0,0.0,-0.61,14.56,0.0,0.0,35,0.0,0.0,0.0,one,SR,1
0,1239,6690,0,0,17.8582,12.5893,3.8214,0.0,0.0,1088,984.0,0.0,0.0,-1.6,14.48,0.0,0.0,30,0.0,0.0,0.0,one,SR,1
0,912,1117,0,0,17.9866,12.2613,4.1494,0.0,0.0,1483,1105.0,0.0,0.0,1.39,15.76,0.0,0.0,131,0.0,0.0,0.0,one,SR,1
0,1295,3933,0,0,17.861,12.5171,3.8742,0.0,0.0,1422,1005.0,0.0,0.0,1.7,14.7,0.0,0.0,49,0.0,0.0,0.0,one,SR,1
0,2873,217,0,0,17.9683,12.1699,4.2003,0.0,0.0,1791,1126.0,0.0,0.0,4.42,15.98,0.0,0.0,151,0.0,0.0,0.0,one,SR,1
0,875,1364,0,0,17.8501,12.4628,3.9068,0.0,0.0,1640,1015.0,0.0,0.0,3.9,14.8,0.0,0.0,59,0.0,0.0,0.0,one,SR,1
0,764,8730,0,0,17.76,12.5306,3.7903,0.0,0.0,1830,976.0,0.0,0.0,6.26,14.39,0.0,0.0,29,0.0,0.0,0.0,one,SR,1
0,1017,2928,0,0,17.755,12.4691,3.8341,0.0,0.0,1349,988.0,0.0,0.0,1.1,14.52,0.0,0.0,41,0.0,0.0,0.0,one,SR,1
0,4262,8902,0,0,17.9899,11.8666,4.435,0.0,0.0,1539,1211.0,0.0,0.0,0.97,16.88,0.0,0.0,227,0.0,0.0,0.0,one,SR,1
0,248,145,0,0,17.965,11.7948,4.4671,0.0,0.0,1689,1225.0,0.0,0.0,2.41,17.03,0.0,0.0,241,0.0,0.0,0.0,one,SR,1
0,2622,4134,0,0,17.7071,12.4514,3.8103,0.0,0.0,1884,982.0,0.0,0.0,6.77,14.45,0.0,0.0,38,0.0,0.0,0.0,one,SR,1
43,186,1451,0,0,16.8562,5.3711,10.8892,0.0,0.0,1505,1733.0,0.0,0.0,10.44,9.96,0.0,0.0,0,424.0,0.0,0.0,one,RT,1
0,3849,4195,0,0,17.7689,12.2089,4.0297,0.0,0.0,1342,1062.0,0.0,0.0,0.32,15.3,0.0,0.0,107,0.0,0.0,0.0,one,SR,1
0,3851,3007,0,0,17.5976,12.4584,3.7256,0.0,0.0,1457,952.0,0.0,0.0,2.58,14.14,0.0,0.0,18,0.0,0.0,0.0,one,SR,1
0,4445,4567,0,0,17.8508,11.7896,4.3889,0.0,0.0,1385,1196.0,0.0,0.0,-0.51,16.72,0.0,0.0,223,0.0,0.0,0.0,one,SR,1
0,3126,8808,0,0,17.8201,11.8734,4.3051,0.0,0.0,1415,1167.0,0.0,0.0,0.08,16.42,0.0,0.0,198,0.0,0.0,0.0,one,SR,1
0,375,8319,0,0,17.6013,12.4001,3.7707,0.0,0.0,1143,968.0,0.0,0.0,-0.87,14.31,0.0,0.0,33,0.0,0.0,0.0,one,SR,1
0,4370,1717,0,0,17.6224,12.3159,3.8472,0.0,0.0,1262,995.0,0.0,0.0,0.12,14.59,0.0,0.0,56,0.0,0.0,0.0,one,SR,1
0,540,6912,0,0,17.7151,11.9186,4.1995,0.0,0.0,1590,1125.0,0.0,0.0,2.32,15.97,0.0,0.0,168,0.0,0.0,0.0,one,SR,1
0,2438,1989,0,0,17.6969,11.9492,4.1633,0.0,0.0,1661,1113.0,0.0,0.0,3.18,15.84,0.0,0.0,158,0.0,0.0,0.0,one,SR,1
0,361,815,0,0,17.5155,12.3837,3.7225,0.0,0.0,1309,948.0,0.0,0.0,1.06,14.09,0.0,0.0,21,0.0,0.0,0.0,one,SR,1
0,2316,9318,0,0,17.7597,11.7547,4.3485,0.0,0.0,1534,1181.0,0.0,0.0,1.2,16.56,0.0,0.0,215,0.0,0.0,0.0,one,SR,1
0,2280,1599,0,0,17.6359,12.0234,4.0663,0.0,0.0,1791,1077.0,0.0,0.0,4.89,15.46,0.0,0.0,129,0.0,0.0,0.0,one,SR,1
0,1861,5929,0,0,17.4375,12.4184,3.6394,0.0,0.0,1891,920.0,0.0,0.0,7.44,13.8,0.0,0.0,0,0.0,0.0,0.0,one,SR,1
0,3470,7241,0,0,17.6411,11.7882,4.241,0.0,0.0,1458,1139.0,0.0,0.0,0.8,16.12,0.0,0.0,186,0.0,0.0,0.0,one,SR,1
0,4735,4699,0,0,17.5618,11.9342,4.0793,0.0,0.0,1580,1079.0,0.0,0.0,2.66,15.48,0.0,0.0,137,0.0,0.0,0.0,one,SR,1
0,3687,2094,0,0,17.3893,12.3438,3.6616,0.0,0.0,1205,924.0,0.0,0.0,0.2,13.84,0.0,0.0,8,0.0,0.0,0.0,one,SR,1
0,129,7012,0,0,17.674,11.609,4.3905,0.0,0.0,1611,1198.0,0.0,0.0,1.85,16.74,0.0,0.0,236,0.0,0.0,0.0,one,SR,1
0,343,9374,0,0,17.4244,12.2401,3.758,0.0,0.0,1220,964.0,0.0,0.0,-0.03,14.26,0.0,0.0,41,0.0,0.0,0.0,one,SR,1
0,74,6481,0,0,17.3745,12.3554,3.6416,0.0,0.0,1202,918.0,0.0,0.0,0.22,13.78,0.0,0.0,3,0.0,0.0,0.0,one,SR,1
0,1447,9022,0,0,17.392,12.2546,3.7259,0.0,0.0,1527,950.0,0.0,0.0,3.33,14.11,0.0,0.0,31,0.0,0.0,0.0,one,SR,1
0,210,5110,0,0,17.3647,12.2648,3.699,0.0,0.0,1254,940.0,0.0,0.0,0.56,14.01,0.0,0.0,24,0.0,0.0,0.0,one,SR,1
0,3960,2969,0,0,17.5569,11.7417,4.2107,0.0,0.0,1315,1132.0,0.0,0.0,-0.63,16.04,0.0,0.0,184,0.0,0.0,0.0,one,SR,1
0,1593,8220,0,0,17.4473,12.0113,3.9408,0.0,0.0,1341,1029.0,0.0,0.0,0.62,14.95,0.0,0.0,99,0.0,0.0,0.0,one,SR,1
0,1495,2462,0,0,17.3768,12.1793,3.7702,0.0,0.0,1347,965.0,0.0,0.0,1.3,14.27,0.0,0.0,46,0.0,0.0,0.0,one,SR,1
7,2056,6499,4356,0,43.2183,10.4765,16.6497,14.8743,0.0,1607,2454.0,1577.0,0.0,5.91,10.09,9.09,0.0,33,636.0,127.0,0.0,many,TR,2
0,3701,2193,0,0,17.3562,12.2244,3.7214,0.0,0.0,1264,949.0,0.0,0.0,0.58,14.1,0.0,0.0,32,0.0,0.0,0.0,one,SR,1
0,2803,6995,0,0,17.4668,11.9032,4.0302,0.0,0.0,1217,1065.0,0.0,0.0,-1.02,15.33,0.0,0.0,130,0.0,0.0,0.0,one,SR,1
0,3108,9352,0,0,17.5472,11.6869,4.2442,0.0,0.0,1490,1143.0,0.0,0.0,1.1,16.16,0.0,0.0,195,0.0,0.0,0.0,one,SR,1
0,4461,982,0,0,17.3204,12.2148,3.7047,0.0,0.0,1172,940.0,0.0,0.0,-0.3,14.01,0.0,0.0,27,0.0,0.0,0.0,one,SR,1
0,1206,6092,0,0,17.5166,11.705,4.2114,0.0,0.0,1616,1128.0,0.0,0.0,2.57,16.0,0.0,0.0,184,0.0,0.0,0.0,one,SR,1
0,1711,3030,0,0,17.3603,12.0519,3.8491,0.0,0.0,1166,995.0,0.0,0.0,-0.89,14.59,0.0,0.0,74,0.0,0.0,0.0,one,SR,1
0,4230,528,0,0,17.2627,12.206,3.6686,0.0,0.0,1195,928.0,0.0,0.0,0.05,13.88,0.0,0.0,20,0.0,0.0,0.0,one,SR,1
0,4649,6345,0,0,17.235,12.2497,3.6163,0.0,0.0,1131,910.0,0.0,0.0,-0.45,13.69,0.0,0.0,5,0.0,0.0,0.0,one,SR,1
0,4918,6290,0,0,17.3168,11.9898,3.8604,0.0,0.0,1398,1002.0,0.0,0.0,1.48,14.67,0.0,0.0,83,0.0,0.0,0.0,one,SR,1
0,31,7536,0,0,17.2134,12.2432,3.6044,0.0,0.0,1392,907.0,0.0,0.0,2.32,13.66,0.0,0.0,4,0.0,0.0,0.0,one,SR,1
0,2098,321,0,0,17.4938,11.5077,4.335,0.0,0.0,1743,1176.0,0.0,0.0,3.44,16.51,0.0,0.0,229,0.0,0.0,0.0,one,SR,1
0,2182,4438,0,0,17.4191,11.6602,4.1703,0.0,0.0,1678,1117.0,0.0,0.0,3.32,15.89,0.0,0.0,180,0.0,0.0,0.0,one,SR,1
0,4671,6703,0,0,17.2932,11.9266,3.8914,0.0,0.0,1276,1010.0,0.0,0.0,0.12,14.75,0.0,0.0,92,0.0,0.0,0.0,one,SR,1
0,4025,7281,0,0,17.2039,12.1509,3.6659,0.0,0.0,1174,927.0,0.0,0.0,-0.16,13.87,0.0,0.0,23,0.0,0.0,0.0,one,SR,1
0,3954,1858,0,0,17.3828,11.6989,4.1175,0.0,0.0,1512,1096.0,0.0,0.0,1.78,15.66,0.0,0.0,164,0.0,0.0,0.0,one,SR,1
0,2579,6292,0,0,17.6485,11.0145,4.7994,0.0,0.0,2384,1349.0,0.0,0.0,8.52,18.35,0.0,0.0,375,0.0,0.0,0.0,one,SR,1
0,4263,9656,0,0,17.575,11.1701,4.635,0.0,0.0,2171,1288.0,0.0,0.0,6.87,17.7,0.0,0.0,325,0.0,0.0,0.0,one,SR,1
0,1086,8772,0,0,17.2517,11.9828,3.8203,0.0,0.0,1240,985.0,0.0,0.0,-0.02,14.49,0.0,0.0,72,0.0,0.0,0.0,one,SR,1
0,2000,9908,0,0,17.3124,11.7899,4.0038,0.0,0.0,1608,1051.0,0.0,0.0,3.22,15.19,0.0,0.0,128,0.0,0.0,0.0,one,SR,1
0,3541,9868,0,0,17.1408,12.1968,3.5877,0.0,0.0,1152,898.0,0.0,0.0,-0.11,13.56,0.0,0.0,1,0.0,0.0,0.0,one,SR,1
0,219,7250,0,0,17.1344,12.1603,3.6093,0.0,0.0,1237,906.0,0.0,0.0,0.71,13.65,0.0,0.0,9,0.0,0.0,0.0,one,SR,1
0,1443,9240,0,0,17.3245,11.6481,4.1132,0.0,0.0,1463,1093.0,0.0,0.0,1.29,15.63,0.0,0.0,165,0.0,0.0,0.0,one,SR,1
0,1449,9503,0,0,17.4127,11.4153,4.342,0.0,0.0,2133,1180.0,0.0,0.0,7.5,16.55,0.0,0.0,238,0.0,0.0,0.0,one,SR,1
0,3037,4526,0,0,17.1379,12.085,3.6637,0.0,0.0,1162,929.0,0.0,0.0,-0.3,13.89,0.0,0.0,29,0.0,0.0,0.0,one,SR,1
0,4221,4037,0,0,17.1962,11.9235,3.823,0.0,0.0,1616,986.0,0.0,0.0,3.92,14.5,0.0,0.0,77,0.0,0.0,0.0,one,SR,1
0,1817,7862,0,0,17.2934,11.6753,4.0709,0.0,0.0,1155,1078.0,0.0,0.0,-1.8,15.47,0.0,0.0,154,0.0,0.0,0.0,one,SR,1
0,1758,962,0,0,17.1991,11.8964,3.8456,0.0,0.0,1713,993.0,0.0,0.0,4.87,14.57,0.0,0.0,83,0.0,0.0,0.0,one,SR,1
0,4751,1730,0,0,17.321,11.4757,4.2334,0.0,0.0,1693,1139.0,0.0,0.0,3.27,16.12,0.0,0.0,207,0.0,0.0,0.0,one,SR,1
0,1729,8198,0,0,17.113,11.9436,3.7494,0.0,0.0,1454,958.0,0.0,0.0,2.49,14.2,0.0,0.0,57,0.0,0.0,0.0,one,SR,1
0,1235,2965,0,0,17.0984,11.9592,3.7267,0.0,0.0,1326,951.0,0.0,0.0,1.21,14.13,0.0,0.0,52,0.0,0.0,0.0,one,SR,1
228,840,5261,4850,0,32.383,8.3975,12.0168,10.6479,0.0,1449,1776.0,1525.0,0.0,3.33,9.66,10.54,0.0,238,409.0,246.0,0.0,many,TR,2
0,3852,7451,0,0,17.1316,11.7858,3.875,0.0,0.0,1538,1006.0,0.0,0.0,2.91,14.71,0.0,0.0,99,0.0,0.0,0.0,one,SR,1
0,4340,2789,0,0,16.9949,12.0903,3.56,0.0,0.0,1315,887.0,0.0,0.0,1.71,13.45,0.0,0.0,1,0.0,0.0,0.0,one,SR,1
0,2307,3718,0,0,17.0062,12.0472,3.5963,0.0,0.0,1480,904.0,0.0,0.0,3.28,13.63,0.0,0.0,15,0.0,0.0,0.0,one,SR,1
0,1653,6291,0,0,16.9868,11.9639,3.6454,0.0,0.0,1447,918.0,0.0,0.0,2.8,13.78,0.0,0.0,30,0.0,0.0,0.0,one,SR,1
0,4644,4101,0,0,17.0038,11.8908,3.7079,0.0,0.0,1782,944.0,0.0,0.0,6.06,14.05,0.0,0.0,52,0.0,0.0,0.0,one,SR,1
0,635,7023,0,0,17.047,11.7424,3.8453,0.0,0.0,1702,995.0,0.0,0.0,4.74,14.59,0.0,0.0,95,0.0,0.0,0.0,one,SR,1
0,315,167,0,0,17.2209,11.229,4.3407,0.0,0.0,1680,1176.0,0.0,0.0,2.78,16.51,0.0,0.0,248,0.0,0.0,0.0,one,SR,1
0,2400,8633,0,0,16.9646,11.8854,3.6836,0.0,0.0,1110,935.0,0.0,0.0,-0.91,13.96,0.0,0.0,46,0.0,0.0,0.0,one,SR,1
240,735,5509,1910,0,37.0766,8.1773,13.9981,13.993,0.0,1067,2045.0,2036.0,0.0,3.03,8.54,8.54,0.0,0,565.0,558.0,0.0,many,RT,2
0,2195,3069,0,0,17.0728,11.4904,4.0459,0.0,0.0,1635,1068.0,0.0,0.0,3.34,15.37,0.0,0.0,160,0.0,0.0,0.0,one,SR,1
0,3445,2097,0,0,16.9276,11.8408,3.6901,0.0,0.0,1489,936.0,0.0,0.0,3.06,13.97,0.0,0.0,50,0.0,0.0,0.0,one,SR,1
0,947,7540,0,0,16.8818,11.9285,3.5928,0.0,0.0,1335,902.0,0.0,0.0,1.77,13.61,0.0,0.0,22,0.0,0.0,0.0,one,SR,1
0,4182,1532,0,0,17.0416,11.5042,4.0124,0.0,0.0,1180,1057.0,0.0,0.0,-1.33,15.25,0.0,0.0,152,0.0,0.0,0.0,one,SR,1
0,1007,1762,0,0,16.9015,11.8129,3.6898,0.0,0.0,1081,938.0,0.0,0.0,-1.24,13.99,0.0,0.0,53,0.0,0.0,0.0,one,SR,1
0,1253,7870,0,0,16.837,11.8779,3.5996,0.0,0.0,1211,901.0,0.0,0.0,0.48,13.6,0.0,0.0,25,0.0,0.0,0.0,one,SR,1
0,125,4073,0,0,17.0982,11.1965,4.2738,0.0,0.0,1857,1154.0,0.0,0.0,4.85,16.28,0.0,0.0,236,0.0,0.0,0.0,one,SR,1
0,1286,4542,0,0,16.7971,11.8324,3.6031,0.0,0.0,1093,903.0,0.0,0.0,-0.78,13.62,0.0,0.0,29,0.0,0.0,0.0,one,SR,1
0,1246,8280,0,0,16.8818,11.6147,3.8206,0.0,0.0,1145,983.0,0.0,0.0,-1.0,14.46,0.0,0.0,96,0.0,0.0,0.0,one,SR,1
0,4030,6997,0,0,17.0037,11.3124,4.1218,0.0,0.0,1408,1099.0,0.0,0.0,0.66,15.69,0.0,0.0,192,0.0,0.0,0.0,one,SR,1
0,1993,2331,0,0,16.794,11.681,3.7079,0.0,0.0,1848,944.0,0.0,0.0,6.76,14.05,0.0,0.0,66,0.0,0.0,0.0,one,SR,1
0,992,3336,0,0,16.9551,11.2393,4.1421,0.0,0.0,1560,1103.0,0.0,0.0,2.22,15.74,0.0,0.0,200,0.0,0.0,0.0,one,SR,1
0,53,8972,0,0,16.9539,11.2193,4.1556,0.0,0.0,2194,1108.0,0.0,0.0,8.83,15.79,0.0,0.0,204,0.0,0.0,0.0,one,SR,1
0,1442,3037,0,0,16.8096,11.5201,3.8334,0.0,0.0,1347,992.0,0.0,0.0,1.04,14.56,0.0,0.0,108,0.0,0.0,0.0,one,SR,1
0,907,9300,0,0,16.6949,11.7903,3.5589,0.0,0.0,1652,888.0,0.0,0.0,5.23,13.46,0.0,0.0,22,0.0,0.0,0.0,one,SR,1
0,2541,9883,0,0,16.846,11.3537,3.979,0.0,0.0,1426,1046.0,0.0,0.0,1.35,15.13,0.0,0.0,155,0.0,0.0,0.0,one,SR,1
0,3839,8626,0,0,16.8376,11.3266,3.9924,0.0,0.0,1602,1051.0,0.0,0.0,3.15,15.19,0.0,0.0,160,0.0,0.0,0.0,one,SR,1
0,2592,8551,0,0,16.6559,11.772,3.5435,0.0,0.0,1136,883.0,0.0,0.0,-0.14,13.4,0.0,0.0,20,0.0,0.0,0.0,one,SR,1
0,4332,1654,0,0,16.6364,11.7975,3.5123,0.0,0.0,1229,870.0,0.0,0.0,0.96,13.27,0.0,0.0,10,0.0,0.0,0.0,one,SR,1
0,990,68,0,0,16.6984,11.5403,3.7424,0.0,0.0,1338,954.0,0.0,0.0,1.31,14.16,0.0,0.0,82,0.0,0.0,0.0,one,SR,1
0,2244,7297,0,0,16.9356,10.9231,4.3539,0.0,0.0,1694,1183.0,0.0,0.0,2.86,16.59,0.0,0.0,273,0.0,0.0,0.0,one,SR,1
0,1766,4016,0,0,16.6699,11.587,3.6863,0.0,0.0,1629,936.0,0.0,0.0,4.53,13.97,0.0,0.0,67,0.0,0.0,0.0,one,SR,1
0,4160,9994,0,0,16.7211,11.441,3.8284,0.0,0.0,1645,988.0,0.0,0.0,4.21,14.52,0.0,0.0,111,0.0,0.0,0.0,one,SR,1
0,2556,2725,0,0,16.6981,11.4124,3.8307,0.0,0.0,1549,991.0,0.0,0.0,3.17,14.55,0.0,0.0,115,0.0,0.0,0.0,one,SR,1
0,2094,4398,0,0,16.8051,11.0968,4.1367,0.0,0.0,1628,1101.0,0.0,0.0,2.95,15.72,0.0,0.0,208,0.0,0.0,0.0,one,SR,1
0,1114,9080,0,0,16.6129,11.483,3.7206,0.0,0.0,1338,948.0,0.0,0.0,1.36,14.09,0.0,0.0,82,0.0,0.0,0.0,one,SR,1
0,2927,6229,0,0,16.5986,11.4312,3.7464,0.0,0.0,1957,959.0,0.0,0.0,7.76,14.21,0.0,0.0,93,0.0,0.0,0.0,one,SR,1
0,4768,2612,0,0,16.6573,11.2157,3.9454,0.0,0.0,1682,1030.0,0.0,0.0,4.19,14.96,0.0,0.0,154,0.0,0.0,0.0,one,SR,1
0,1863,5831,0,0,16.7028,11.1016,4.0582,0.0,0.0,1404,1074.0,0.0,0.0,0.86,15.43,0.0,0.0,190,0.0,0.0,0.0,one,SR,1
0,162,3990,0,0,16.6365,11.1856,3.9493,0.0,0.0,1535,1035.0,0.0,0.0,2.6,15.02,0.0,0.0,159,0.0,0.0,0.0,one,SR,1
0,3448,8265,0,0,16.6832,10.804,4.2588,0.0,0.0,1648,1147.0,0.0,0.0,2.72,16.2,0.0,0.0,258,0.0,0.0,0.0,one,SR,1
0,4522,3330,0,0,16.3527,11.5965,3.4507,0.0,0.0,1581,850.0,0.0,0.0,4.85,13.05,0.0,0.0,11,0.0,0.0,0.0,one,SR,1
0,277,3482,0,0,16.3729,11.5021,3.5346,0.0,0.0,1095,879.0,0.0,0.0,-0.53,13.36,0.0,0.0,36,0.0,0.0,0.0,one,SR,1
0,659,2639,0,0,16.3827,11.4386,3.5877,0.0,0.0,1496,898.0,0.0,0.0,3.5,13.56,0.0,0.0,53,0.0,0.0,0.0,one,SR,1
0,4078,1832,0,0,16.5621,10.9872,4.0383,0.0,0.0,1580,1068.0,0.0,0.0,2.76,15.37,0.0,0.0,194,0.0,0.0,0.0,one,SR,1
0,2546,9193,0,0,16.46,11.163,3.8399,0.0,0.0,1581,993.0,0.0,0.0,3.49,14.57,0.0,0.0,133,0.0,0.0,0.0,one,SR,1
0,2876,3910,0,0,16.538,10.9367,4.0593,0.0,0.0,1507,1073.0,0.0,0.0,1.95,15.42,0.0,0.0,201,0.0,0.0,0.0,one,SR,1
0,3259,9408,0,0,16.3629,11.3457,3.6386,0.0,0.0,1087,919.0,0.0,0.0,-0.99,13.79,0.0,0.0,73,0.0,0.0,0.0,one,SR,1
0,4418,7918,0,0,16.3488,11.3221,3.6481,0.0,0.0,1505,919.0,0.0,0.0,3.4,13.79,0.0,0.0,74,0.0,0.0,0.0,one,SR,1
0,62,8069,0,0,16.4246,11.0825,3.8745,0.0,0.0,1501,1003.0,0.0,0.0,2.55,14.68,0.0,0.0,145,0.0,0.0,0.0,one,SR,1
0,2775,667,0,0,16.2649,11.488,3.4672,0.0,0.0,1889,854.0,0.0,0.0,8.05,13.1,0.0,0.0,21,0.0,0.0,0.0,one,SR,1
0,3529,80,0,0,16.237,11.5559,3.398,0.0,0.0,1500,829.0,0.0,0.0,4.2,12.83,0.0,0.0,0,0.0,0.0,0.0,one,SR,1
0,933,9595,0,0,16.5276,10.7912,4.1552,0.0,0.0,1615,1110.0,0.0,0.0,2.73,15.81,0.0,0.0,235,0.0,0.0,0.0,one,SR,1
0,4087,9808,0,0,16.4275,10.9803,3.9477,0.0,0.0,1686,1033.0,0.0,0.0,4.21,14.99,0.0,0.0,172,0.0,0.0,0.0,one,SR,1
0,2386,5492,0,0,16.3836,11.0284,3.8812,0.0,0.0,1437,1009.0,0.0,0.0,1.82,14.74,0.0,0.0,153,0.0,0.0,0.0,one,SR,1
0,1042,8450,0,0,16.4818,10.7134,4.1787,0.0,0.0,1995,1118.0,0.0,0.0,6.64,15.9,0.0,0.0,245,0.0,0.0,0.0,one,SR,1
0,1825,6515,0,0,16.4024,10.88,4.0027,0.0,0.0,1350,1052.0,0.0,0.0,0.5,15.2,0.0,0.0,191,0.0,0.0,0.0,one,SR,1
0,3986,902,0,0,16.3863,10.926,3.9566,0.0,0.0,2090,1037.0,0.0,0.0,8.41,15.04,0.0,0.0,178,0.0,0.0,0.0,one,SR,1
0,2728,4704,0,0,16.2375,11.2991,3.582,0.0,0.0,1163,898.0,0.0,0.0,0.0,13.56,0.0,0.0,62,0.0,0.0,0.0,one,SR,1
0,3949,1319,0,0,16.3891,10.8405,4.0205,0.0,0.0,2027,1060.0,0.0,0.0,7.53,15.28,0.0,0.0,199,0.0,0.0,0.0,one,SR,1
0,3941,6688,0,0,16.1226,11.4715,3.3775,0.0,0.0,1132,820.0,0.0,0.0,0.42,12.74,0.0,0.0,0,0.0,0.0,0.0,one,SR,1
0,953,9749,0,0,16.266,11.0347,3.7944,0.0,0.0,1578,974.0,0.0,0.0,3.64,14.37,0.0,0.0,130,0.0,0.0,0.0,one,SR,1
0,2140,2890,0,0,16.2129,11.0849,3.7176,0.0,0.0,1421,949.0,0.0,0.0,2.23,14.1,0.0,0.0,110,0.0,0.0,0.0,one,SR,1
0,4177,1351,0,0,16.2009,11.101,3.6979,0.0,0.0,1367,941.0,0.0,0.0,1.74,14.02,0.0,0.0,104,0.0,0.0,0.0,one,SR,1
0,281,3602,0,0,16.2143,11.0468,3.7464,0.0,0.0,1192,959.0,0.0,0.0,-0.27,14.21,0.0,0.0,119,0.0,0.0,0.0,one,SR,1
0,566,2509,0,0,16.1259,11.2645,3.5273,0.0,0.0,1250,877.0,0.0,0.0,1.12,13.34,0.0,0.0,51,0.0,0.0,0.0,one,SR,1
0,4780,3699,0,0,16.0934,11.3259,3.461,0.0,0.0,1819,851.0,0.0,0.0,7.34,13.06,0.0,0.0,30,0.0,0.0,0.0,one,SR,1
0,3195,1889,0,0,16.1913,10.8867,3.8464,0.0,0.0,2254,994.0,0.0,0.0,10.54,14.58,0.0,0.0,153,0.0,0.0,0.0,one,SR,1
0,3678,5290,0,0,16.3038,10.558,4.1625,0.0,0.0,1937,1112.0,0.0,0.0,6.09,15.83,0.0,0.0,252,0.0,0.0,0.0,one,SR,1
0,191,6870,0,0,16.0793,11.0977,3.6158,0.0,0.0,1518,907.0,0.0,0.0,3.65,13.66,0.0,0.0,82,0.0,0.0,0.0,one,SR,1
0,3314,6447,0,0,16.2889,10.5206,4.1776,0.0,0.0,1808,1119.0,0.0,0.0,4.67,15.91,0.0,0.0,259,0.0,0.0,0.0,one,SR,1
0,874,1817,0,0,16.2271,10.6653,4.0305,0.0,0.0,1475,1063.0,0.0,0.0,1.71,15.31,0.0,0.0,213,0.0,0.0,0.0,one,SR,1
0,1676,1011,0,0,16.093,10.98,3.7079,0.0,0.0,2056,944.0,0.0,0.0,8.94,14.05,0.0,0.0,114,0.0,0.0,0.0,one,SR,1
0,3500,757,0,0,15.9663,11.2627,3.4141,0.0,0.0,1311,835.0,0.0,0.0,2.16,12.9,0.0,0.0,24,0.0,0.0,0.0,one,SR,1
0,3984,6409,0,0,16.0104,11.1246,3.5465,0.0,0.0,1952,882.0,0.0,0.0,8.44,13.39,0.0,0.0,64,0.0,0.0,0.0,one,SR,1
0,1980,6309,0,0,16.0008,11.115,3.5454,0.0,0.0,1076,883.0,0.0,0.0,-0.77,13.4,0.0,0.0,65,0.0,0.0,0.0,one,SR,1
0,1795,5215,0,0,15.9817,10.8874,3.6955,0.0,0.0,1486,938.0,0.0,0.0,3.01,13.99,0.0,0.0,116,0.0,0.0,0.0,one,SR,1
0,2435,6221,0,0,15.8821,11.1278,3.45,0.0,0.0,1201,849.0,0.0,0.0,0.87,13.04,0.0,0.0,42,0.0,0.0,0.0,one,SR,1
0,1806,7530,0,0,15.833,11.1575,3.3934,0.0,0.0,1473,828.0,0.0,0.0,3.93,12.82,0.0,0.0,26,0.0,0.0,0.0,one,SR,1
0,3233,2729,0,0,16.0745,10.5296,4.0189,0.0,0.0,1415,1058.0,0.0,0.0,1.12,15.26,0.0,0.0,219,0.0,0.0,0.0,one,SR,1
0,36,2244,0,0,15.9945,10.7069,3.8326,0.0,0.0,1230,991.0,0.0,0.0,-0.18,14.55,0.0,0.0,163,0.0,0.0,0.0,one,SR,1
0,1974,9196,0,0,16.0955,10.4191,4.1132,0.0,0.0,1654,1093.0,0.0,0.0,3.3,15.63,0.0,0.0,249,0.0,0.0,0.0,one,SR,1
0,1504,5314,0,0,15.9254,10.8143,3.7082,0.0,0.0,1650,942.0,0.0,0.0,4.7,14.03,0.0,0.0,124,0.0,0.0,0.0,one,SR,1
0,3540,3595,0,0,15.9734,10.6857,3.8337,0.0,0.0,1230,990.0,0.0,0.0,-0.17,14.54,0.0,0.0,164,0.0,0.0,0.0,one,SR,1
0,4423,809,0,0,15.7917,11.1011,3.4052,0.0,0.0,1206,831.0,0.0,0.0,1.1,12.85,0.0,0.0,32,0.0,0.0,0.0,one,SR,1
109,3538,8463,0,0,15.1162,4.258,10.2474,0.0,0.0,1322,1287.0,0.0,0.0,8.38,9.11,0.0,0.0,85,170.0,0.0,0.0,one,TR,1
0,3606,4656,0,0,15.9799,10.5965,3.9019,0.0,0.0,1190,1016.0,0.0,0.0,-0.84,14.81,0.0,0.0,187,0.0,0.0,0.0,one,SR,1
0,287,8369,0,0,16.0506,10.3292,4.1445,0.0,0.0,1868,1106.0,0.0,0.0,5.42,15.77,0.0,0.0,264,0.0,0.0,0.0,one,SR,1
0,4488,5222,0,0,16.0423,10.3021,4.1579,0.0,0.0,1651,1111.0,0.0,0.0,3.1,15.82,0.0,0.0,269,0.0,0.0,0.0,one,SR,1
0,1656,8146,0,0,15.8964,10.665,3.7944,0.0,0.0,1512,974.0,0.0,0.0,2.94,14.37,0.0,0.0,155,0.0,0.0,0.0,one,SR,1
0,3485,4437,0,0,15.7456,11.0514,3.4068,0.0,0.0,1126,833.0,0.0,0.0,0.24,12.87,0.0,0.0,37,0.0,0.0,0.0,one,SR,1
0,2499,365,0,0,15.7058,11.1149,3.3322,0.0,0.0,1129,806.0,0.0,0.0,0.53,12.59,0.0,0.0,15,0.0,0.0,0.0,one,SR,1
11,4985,8395,4833,0,52.1402,11.3887,21.7773,17.2095,0.0,2037,2831.0,2904.0,0.0,5.51,13.81,12.84,0.0,307,416.0,789.0,0.0,many,RT,2
0,1798,9750,0,0,15.6444,11.1248,3.2821,0.0,0.0,1686,786.0,0.0,0.0,6.57,12.38,0.0,0.0,1,0.0,0.0,0.0,one,SR,1
0,3976,2741,0,0,15.6473,11.0526,3.3349,0.0,0.0,1394,807.0,0.0,0.0,3.3,12.6,0.0,0.0,20,0.0,0.0,0.0,one,SR,1
0,424,3124,0,0,15.6109,11.0538,3.3079,0.0,0.0,1236,797.0,0.0,0.0,1.74,12.49,0.0,0.0,13,0.0,0.0,0.0,one,SR,1
0,438,3219,0,0,15.6466,10.9524,3.4079,0.0,0.0,1631,832.0,0.0,0.0,5.55,12.86,0.0,0.0,43,0.0,0.0,0.0,one,SR,1
0,4569,2309,0,0,15.5826,11.0122,3.3201,0.0,0.0,1201,798.0,0.0,0.0,1.36,12.5,0.0,0.0,17,0.0,0.0,0.0,one,SR,1
0,1851,7055,0,0,15.5871,11.0018,3.3287,0.0,0.0,1206,804.0,0.0,0.0,1.35,12.57,0.0,0.0,21,0.0,0.0,0.0,one,SR,1
0,4028,6466,0,0,15.6072,10.9355,3.3907,0.0,0.0,1520,827.0,0.0,0.0,4.43,12.81,0.0,0.0,41,0.0,0.0,0.0,one,SR,1
0,4090,9801,0,0,15.5617,11.0383,3.2859,0.0,0.0,1026,786.0,0.0,0.0,-0.36,12.38,0.0,0.0,7,0.0,0.0,0.0,one,SR,1
49,2012,4256,0,0,15.1284,6.8841,7.4299,0.0,0.0,1140,1523.0,0.0,0.0,4.64,11.14,0.0,0.0,31,394.0,0.0,0.0,one,TR,1
0,3384,6833,0,0,15.5705,10.9645,3.3441,0.0,0.0,1298,809.0,0.0,0.0,2.27,12.62,0.0,0.0,27,0.0,0.0,0.0,one,SR,1
0,1693,9116,0,0,15.5949,10.8462,3.4465,0.0,0.0,1075,847.0,0.0,0.0,-0.43,13.02,0.0,0.0,60,0.0,0.0,0.0,one,SR,1
0,4738,8762,0,0,15.5898,10.7584,3.508,0.0,0.0,1257,867.0,0.0,0.0,1.29,13.23,0.0,0.0,79,0.0,0.0,0.0,one,SR,1
0,4553,271,0,0,15.4757,10.9992,3.2527,0.0,0.0,1227,773.0,0.0,0.0,1.87,12.24,0.0,0.0,1,0.0,0.0,0.0,one,SR,1
0,1438,9877,0,0,15.6261,10.6239,3.6278,0.0,0.0,1276,915.0,0.0,0.0,1.03,13.74,0.0,0.0,119,0.0,0.0,0.0,one,SR,1
0,1193,136,0,0,15.5682,10.7218,3.5187,0.0,0.0,1351,871.0,0.0,0.0,2.24,13.28,0.0,0.0,84,0.0,0.0,0.0,one,SR,1
0,3908,517,0,0,15.7219,10.3216,3.9135,0.0,0.0,1624,1021.0,0.0,0.0,3.67,14.87,0.0,0.0,209,0.0,0.0,0.0,one,SR,1
0,4151,4527,0,0,15.8191,10.0734,4.1614,0.0,0.0,1763,1113.0,0.0,0.0,4.25,15.84,0.0,0.0,286,0.0,0.0,0.0,one,SR,1
0,4021,3890,0,0,15.7148,10.3163,3.9149,0.0,0.0,1422,1018.0,0.0,0.0,1.58,14.84,0.0,0.0,207,0.0,0.0,0.0,one,SR,1
0,1414,4052,0,0,15.5435,10.7458,3.4837,0.0,0.0,1483,858.0,0.0,0.0,3.75,13.14,0.0,0.0,74,0.0,0.0,0.0,one,SR,1
0,686,3422,0,0,15.4472,10.9801,3.2454,0.0,0.0,1070,771.0,0.0,0.0,0.24,12.22,0.0,0.0,1,0.0,0.0,0.0,one,SR,1
0,420,8873,0,0,15.4162,10.9641,3.2347,0.0,0.0,1195,767.0,0.0,0.0,1.59,12.17,0.0,0.0,0,0.0,0.0,0.0,one,SR,1
0,3257,2578,0,0,15.4828,10.7792,3.413,0.0,0.0,1461,836.0,0.0,0.0,3.73,12.91,0.0,0.0,57,0.0,0.0,0.0,one,SR,1
0,4281,886,0,0,15.4457,10.7871,3.3818,0.0,0.0,1070,823.0,0.0,0.0,-0.26,12.77,0.0,0.0,48,0.0,0.0,0.0,one,SR,1
0,744,5736,0,0,15.4777,10.6352,3.5127,0.0,0.0,1404,873.0,0.0,0.0,2.77,13.3,0.0,0.0,91,0.0,0.0,0.0,one,SR,1
0,3565,4139,0,0,15.6279,10.2313,3.913,0.0,0.0,1288,1018.0,0.0,0.0,0.17,14.84,0.0,0.0,213,0.0,0.0,0.0,one,SR,1
0,589,1675,0,0,15.3785,10.8156,3.3147,0.0,0.0,1192,796.0,0.0,0.0,1.28,12.48,0.0,0.0,29,0.0,0.0,0.0,one,SR,1
0,4219,4500,0,0,15.3918,10.7783,3.3494,0.0,0.0,1248,811.0,0.0,0.0,1.73,12.64,0.0,0.0,41,0.0,0.0,0.0,one,SR,1
0,2881,8179,0,0,15.4063,10.7308,3.3956,0.0,0.0,1478,826.0,0.0,0.0,4.0,12.8,0.0,0.0,54,0.0,0.0,0.0,one,SR,1
0,4995,1865,0,0,15.6163,10.1428,3.9655,0.0,0.0,1511,1041.0,0.0,0.0,2.29,15.08,0.0,0.0,234,0.0,0.0,0.0,one,SR,1
0,3889,7251,0,0,15.3009,10.8658,3.222,0.0,0.0,1467,763.0,0.0,0.0,4.49,12.13,0.0,0.0,4,0.0,0.0,0.0,one,SR,1
0,2938,6547,0,0,15.5017,10.3267,3.754,0.0,0.0,2053,959.0,0.0,0.0,8.77,14.21,0.0,0.0,168,0.0,0.0,0.0,one,SR,1
0,4758,6010,0,0,15.4613,10.4291,3.6494,0.0,0.0,1630,923.0,0.0,0.0,4.67,13.83,0.0,0.0,138,0.0,0.0,0.0,one,SR,1
0,1127,5441,0,0,15.3946,10.5801,3.4942,0.0,0.0,1537,864.0,0.0,0.0,4.26,13.2,0.0,0.0,89,0.0,0.0,0.0,one,SR,1
0,1199,6192,0,0,15.2884,10.8402,3.2298,0.0,0.0,1282,768.0,0.0,0.0,2.49,12.18,0.0,0.0,9,0.0,0.0,0.0,one,SR,1
0,2024,6245,0,0,15.3,10.8029,3.2648,0.0,0.0,1361,781.0,0.0,0.0,3.2,12.32,0.0,0.0,20,0.0,0.0,0.0,one,SR,1
0,765,7073,0,0,15.265,10.8561,3.2031,0.0,0.0,1022,756.0,0.0,0.0,-0.12,12.06,0.0,0.0,0,0.0,0.0,0.0,one,SR,1
0,1059,2929,0,0,15.5754,10.0418,4.0108,0.0,0.0,1510,1055.0,0.0,0.0,2.15,15.23,0.0,0.0,250,0.0,0.0,0.0,one,SR,1
0,2465,8589,0,0,15.397,10.4623,3.5815,0.0,0.0,1359,895.0,0.0,0.0,2.09,13.53,0.0,0.0,117,0.0,0.0,0.0,one,SR,1
0,4249,2000,0,0,15.4102,10.423,3.6193,0.0,0.0,1368,909.0,0.0,0.0,2.05,13.68,0.0,0.0,129,0.0,0.0,0.0,one,SR,1
0,644,4933,0,0,15.2622,10.797,3.2435,0.0,0.0,1243,771.0,0.0,0.0,2.06,12.22,0.0,0.0,14,0.0,0.0,0.0,one,SR,1
0,4489,9536,0,0,15.4195,10.4004,3.6394,0.0,0.0,1921,920.0,0.0,0.0,7.75,13.8,0.0,0.0,138,0.0,0.0,0.0,one,SR,1
0,1376,1167,0,0,15.4368,10.3426,3.6944,0.0,0.0,1224,939.0,0.0,0.0,0.25,14.0,0.0,0.0,154,0.0,0.0,0.0,one,SR,1
0,3372,4509,0,0,15.3592,10.526,3.5066,0.0,0.0,1228,870.0,0.0,0.0,0.95,13.27,0.0,0.0,97,0.0,0.0,0.0,one,SR,1
0,2298,2792,0,0,15.2877,10.691,3.3379,0.0,0.0,1139,806.0,0.0,0.0,0.63,12.59,0.0,0.0,44,0.0,0.0,0.0,one,SR,1
0,2626,5419,0,0,15.5169,10.1015,3.9265,0.0,0.0,1431,1023.0,0.0,0.0,1.63,14.89,0.0,0.0,225,0.0,0.0,0.0,one,SR,1
0,1146,5059,0,0,15.3662,10.4879,3.5389,0.0,0.0,1378,882.0,0.0,0.0,2.41,13.39,0.0,0.0,107,0.0,0.0,0.0,one,SR,1
0,662,1442,0,0,15.2419,10.7881,3.2344,0.0,0.0,1169,769.0,0.0,0.0,1.3,12.2,0.0,0.0,13,0.0,0.0,0.0,one,SR,1
0,466,469,0,0,15.2444,10.6872,3.3101,0.0,0.0,1728,795.0,0.0,0.0,6.92,12.47,0.0,0.0,37,0.0,0.0,0.0,one,SR,1
0,3857,821,0,0,15.4625,10.1241,3.8718,0.0,0.0,1390,1002.0,0.0,0.0,1.4,14.67,0.0,0.0,210,0.0,0.0,0.0,one,SR,1
0,621,8449,0,0,15.2338,10.7048,3.2883,0.0,0.0,1625,789.0,0.0,0.0,5.9,12.41,0.0,0.0,32,0.0,0.0,0.0,one,SR,1
0,1436,86,0,0,15.2524,10.6032,3.3756,0.0,0.0,1370,820.0,0.0,0.0,2.92,12.74,0.0,0.0,59,0.0,0.0,0.0,one,SR,1
223,2948,3935,1464,0,39.5857,9.6026,10.4783,18.3873,0.0,1259,1624.0,1767.0,0.0,3.16,8.67,9.5,0.0,31,438.0,47.0,0.0,many,TR,2
0,4356,6742,0,0,15.5883,9.6134,4.3269,0.0,0.0,2192,1173.0,0.0,0.0,8.18,16.48,0.0,0.0,356,0.0,0.0,0.0,one,SR,1
0,546,4859,0,0,15.2339,10.4665,3.4588,0.0,0.0,1279,853.0,0.0,0.0,1.65,13.09,0.0,0.0,90,0.0,0.0,0.0,one,SR,1
0,3159,9916,0,0,15.1853,10.5699,3.3513,0.0,0.0,1273,811.0,0.0,0.0,1.99,12.64,0.0,0.0,55,0.0,0.0,0.0,one,SR,1
0,2392,3163,0,0,15.1441,10.6057,3.2967,0.0,0.0,1323,790.0,0.0,0.0,2.72,12.42,0.0,0.0,39,0.0,0.0,0.0,one,SR,1
0,1014,2203,0,0,15.116,10.4537,3.3845,0.0,0.0,1229,824.0,0.0,0.0,1.4,12.78,0.0,0.0,72,0.0,0.0,0.0,one,SR,1
0,3726,5971,0,0,15.1916,10.2439,3.5882,0.0,0.0,1565,901.0,0.0,0.0,4.2,13.6,0.0,0.0,136,0.0,0.0,0.0,one,SR,1
0,2205,3289,0,0,15.1336,10.3548,3.4702,0.0,0.0,1172,853.0,0.0,0.0,0.53,13.09,0.0,0.0,97,0.0,0.0,0.0,one,SR,1
0,137,6717,0,0,15.2324,10.0292,3.7737,0.0,0.0,1424,967.0,0.0,0.0,2.09,14.3,0.0,0.0,194,0.0,0.0,0.0,one,SR,1
0,196,6205,0,0,15.1764,10.1554,3.6435,0.0,0.0,1330,918.0,0.0,0.0,1.57,13.78,0.0,0.0,153,0.0,0.0,0.0,one,SR,1
0,4308,8356,0,0,15.0255,10.5001,3.2878,0.0,0.0,1289,786.0,0.0,0.0,2.4,12.38,0.0,0.0,44,0.0,0.0,0.0,one,SR,1
0,2450,7233,0,0,15.2286,9.9202,3.8502,0.0,0.0,1384,994.0,0.0,0.0,1.41,14.58,0.0,0.0,219,0.0,0.0,0.0,one,SR,1
0,4115,7398,0,0,14.9667,10.5804,3.187,0.0,0.0,1281,750.0,0.0,0.0,2.66,11.99,0.0,0.0,15,0.0,0.0,0.0,one,SR,1
0,2654,9288,0,0,15.1943,9.9404,3.8106,0.0,0.0,1488,980.0,0.0,0.0,2.63,14.43,0.0,0.0,208,0.0,0.0,0.0,one,SR,1
0,2141,9372,0,0,15.1341,10.0925,3.6556,0.0,0.0,1427,926.0,0.0,0.0,2.51,13.86,0.0,0.0,163,0.0,0.0,0.0,one,SR,1
0,1493,8498,0,0,15.1729,9.9603,3.781,0.0,0.0,1334,969.0,0.0,0.0,1.12,14.32,0.0,0.0,200,0.0,0.0,0.0,one,SR,1
0,323,7197,0,0,15.1182,10.0559,3.672,0.0,0.0,1199,930.0,0.0,0.0,0.08,13.9,0.0,0.0,168,0.0,0.0,0.0,one,SR,1
0,4606,7803,0,0,15.1973,9.8308,3.8914,0.0,0.0,1785,1010.0,0.0,0.0,5.47,14.75,0.0,0.0,235,0.0,0.0,0.0,one,SR,1
0,4185,7307,0,0,15.0481,10.1622,3.5465,0.0,0.0,1425,882.0,0.0,0.0,2.91,13.39,0.0,0.0,129,0.0,0.0,0.0,one,SR,1
0,2529,840,0,0,14.8866,10.5603,3.1449,0.0,0.0,1061,733.0,0.0,0.0,0.51,11.81,0.0,0.0,5,0.0,0.0,0.0,one,SR,1
0,3620,9168,0,0,15.0801,10.0309,3.6632,0.0,0.0,1433,926.0,0.0,0.0,2.57,13.86,0.0,0.0,167,0.0,0.0,0.0,one,SR,1
0,3337,9645,0,0,14.8899,10.4792,3.2028,0.0,0.0,1037,758.0,0.0,0.0,0.02,12.08,0.0,0.0,27,0.0,0.0,0.0,one,SR,1
0,1391,8376,0,0,15.0055,10.1403,3.5322,0.0,0.0,1178,876.0,0.0,0.0,0.37,13.33,0.0,0.0,127,0.0,0.0,0.0,one,SR,1
0,57,8073,0,0,15.0297,9.9993,3.6497,0.0,0.0,1260,921.0,0.0,0.0,0.8,13.81,0.0,0.0,166,0.0,0.0,0.0,one,SR,1
0,4218,7815,0,0,14.8135,10.5023,3.1331,0.0,0.0,1469,730.0,0.0,0.0,4.82,11.78,0.0,0.0,7,0.0,0.0,0.0,one,SR,1
0,1116,1391,0,0,14.8656,10.3366,3.2883,0.0,0.0,1221,789.0,0.0,0.0,1.65,12.41,0.0,0.0,57,0.0,0.0,0.0,one,SR,1
0,4953,2452,0,0,14.9582,10.0516,3.5619,0.0,0.0,1405,887.0,0.0,0.0,2.65,13.45,0.0,0.0,140,0.0,0.0,0.0,one,SR,1
0,690,6823,0,0,14.9699,9.8325,3.7248,0.0,0.0,1225,951.0,0.0,0.0,0.15,14.13,0.0,0.0,197,0.0,0.0,0.0,one,SR,1
0,4517,9234,0,0,15.0918,9.5206,4.0367,0.0,0.0,2030,1066.0,0.0,0.0,7.5,15.34,0.0,0.0,293,0.0,0.0,0.0,one,SR,1
0,653,8650,0,0,14.8522,10.0997,3.4503,0.0,0.0,1533,847.0,0.0,0.0,4.38,13.02,0.0,0.0,111,0.0,0.0,0.0,one,SR,1
0,923,9873,0,0,14.807,10.1783,3.3624,0.0,0.0,1099,813.0,0.0,0.0,0.14,12.66,0.0,0.0,83,0.0,0.0,0.0,one,SR,1
0,2143,47,0,0,15.0495,9.4333,4.0679,0.0,0.0,2055,1079.0,0.0,0.0,7.64,15.48,0.0,0.0,307,0.0,0.0,0.0,one,SR,1
0,1783,6654,0,0,14.833,9.9415,3.5489,0.0,0.0,1154,885.0,0.0,0.0,0.03,13.43,0.0,0.0,146,0.0,0.0,0.0,one,SR,1
0,4382,8485,0,0,14.6566,10.2628,3.1934,0.0,0.0,1462,751.0,0.0,0.0,4.55,12.0,0.0,0.0,37,0.0,0.0,0.0,one,SR,1
0,1764,6051,0,0,14.7689,9.9582,3.4926,0.0,0.0,1180,862.0,0.0,0.0,0.53,13.18,0.0,0.0,130,0.0,0.0,0.0,one,SR,1
0,3018,7468,0,0,14.5764,10.316,3.095,0.0,0.0,1218,718.0,0.0,0.0,2.3,11.65,0.0,0.0,12,0.0,0.0,0.0,one,SR,1
0,446,1768,0,0,14.5769,10.3015,3.1058,0.0,0.0,1163,722.0,0.0,0.0,1.68,11.7,0.0,0.0,16,0.0,0.0,0.0,one,SR,1
0,565,7061,0,0,14.6196,10.1713,3.232,0.0,0.0,1053,766.0,0.0,0.0,0.11,12.16,0.0,0.0,53,0.0,0.0,0.0,one,SR,1
0,3782,374,0,0,14.5762,10.2707,3.1274,0.0,0.0,1423,730.0,0.0,0.0,4.34,11.78,0.0,0.0,23,0.0,0.0,0.0,one,SR,1
0,1053,5628,0,0,14.5351,10.2633,3.1064,0.0,0.0,1163,718.0,0.0,0.0,1.72,11.65,0.0,0.0,16,0.0,0.0,0.0,one,SR,1
0,1566,3178,0,0,14.5298,10.2448,3.1142,0.0,0.0,1090,723.0,0.0,0.0,0.91,11.71,0.0,0.0,20,0.0,0.0,0.0,one,SR,1
0,1311,9003,0,0,14.5165,10.196,3.1381,0.0,0.0,1153,734.0,0.0,0.0,1.46,11.82,0.0,0.0,31,0.0,0.0,0.0,one,SR,1
0,4330,7492,0,0,14.5568,10.0184,3.2955,0.0,0.0,1546,791.0,0.0,0.0,5.05,12.43,0.0,0.0,80,0.0,0.0,0.0,one,SR,1
0,4739,113,0,0,14.5622,9.9468,3.3513,0.0,0.0,1423,811.0,0.0,0.0,3.56,12.64,0.0,0.0,98,0.0,0.0,0.0,one,SR,1
0,4838,7104,0,0,14.5523,9.8524,3.4136,0.0,0.0,1172,832.0,0.0,0.0,0.73,12.86,0.0,0.0,118,0.0,0.0,0.0,one,SR,1
0,4782,8326,0,0,14.4529,10.0985,3.1646,0.0,0.0,1084,741.0,0.0,0.0,0.67,11.9,0.0,0.0,42,0.0,0.0,0.0,one,SR,1
0,2993,1796,0,0,14.5348,9.8836,3.3786,0.0,0.0,1633,819.0,0.0,0.0,5.69,12.73,0.0,0.0,107,0.0,0.0,0.0,one,SR,1
0,4074,8792,0,0,14.4639,9.9969,3.2443,0.0,0.0,1748,772.0,0.0,0.0,7.35,12.23,0.0,0.0,69,0.0,0.0,0.0,one,SR,1
0,895,7561,0,0,14.4537,9.9172,3.2936,0.0,0.0,1500,791.0,0.0,0.0,4.56,12.43,0.0,0.0,87,0.0,0.0,0.0,one,SR,1
0,915,1647,0,0,14.3762,10.1025,3.1072,0.0,0.0,1221,719.0,0.0,0.0,2.32,11.66,0.0,0.0,27,0.0,0.0,0.0,one,SR,1
0,1754,8114,0,0,14.5057,9.7682,3.4395,0.0,0.0,1246,843.0,0.0,0.0,1.4,12.98,0.0,0.0,131,0.0,0.0,0.0,one,SR,1
0,3279,2778,0,0,14.4205,9.9703,3.2317,0.0,0.0,1229,768.0,0.0,0.0,1.94,12.18,0.0,0.0,68,0.0,0.0,0.0,one,SR,1
0,3993,4104,0,0,14.7204,9.183,4.0135,0.0,0.0,1931,1056.0,0.0,0.0,6.56,15.24,0.0,0.0,309,0.0,0.0,0.0,one,SR,1
0,3608,846,0,0,14.3251,10.0739,3.0899,0.0,0.0,1516,714.0,0.0,0.0,5.47,11.61,0.0,0.0,26,0.0,0.0,0.0,one,SR,1
0,4148,162,0,0,14.5836,9.4123,3.7513,0.0,0.0,1511,958.0,0.0,0.0,3.09,14.2,0.0,0.0,230,0.0,0.0,0.0,one,SR,1
0,2069,6346,0,0,14.3566,9.9966,3.167,0.0,0.0,1067,744.0,0.0,0.0,0.47,11.93,0.0,0.0,51,0.0,0.0,0.0,one,SR,1
0,4741,1381,0,0,14.4941,9.5933,3.5551,0.0,0.0,1301,888.0,0.0,0.0,1.55,13.46,0.0,0.0,172,0.0,0.0,0.0,one,SR,1
0,3260,5793,0,0,14.2817,10.0212,3.0972,0.0,0.0,1219,716.0,0.0,0.0,2.33,11.63,0.0,0.0,31,0.0,0.0,0.0,one,SR,1
0,2750,4660,0,0,14.4966,9.4756,3.6424,0.0,0.0,1436,919.0,0.0,0.0,2.67,13.79,0.0,0.0,200,0.0,0.0,0.0,one,SR,1
0,2079,8293,0,0,14.499,9.4611,3.6551,0.0,0.0,1744,923.0,0.0,0.0,5.87,13.83,0.0,0.0,204,0.0,0.0,0.0,one,SR,1
0,783,1436,0,0,14.3409,9.8174,3.287,0.0,0.0,1744,785.0,0.0,0.0,7.18,12.36,0.0,0.0,90,0.0,0.0,0.0,one,SR,1
0,3134,4896,0,0,14.3869,9.6889,3.4106,0.0,0.0,1506,833.0,0.0,0.0,4.23,12.87,0.0,0.0,130,0.0,0.0,0.0,one,SR,1
0,514,7622,0,0,14.2684,9.9289,3.1549,0.0,0.0,1280,736.0,0.0,0.0,2.78,11.85,0.0,0.0,50,0.0,0.0,0.0,one,SR,1
0,4597,5264,0,0,14.3249,9.7734,3.3044,0.0,0.0,1400,795.0,0.0,0.0,3.48,12.47,0.0,0.0,99,0.0,0.0,0.0,one,SR,1
0,603,5801,0,0,14.3425,9.5431,3.4834,0.0,0.0,1646,860.0,0.0,0.0,5.44,13.16,0.0,0.0,157,0.0,0.0,0.0,one,SR,1
0,1001,5829,0,0,14.4441,9.2767,3.7464,0.0,0.0,1740,959.0,0.0,0.0,5.48,14.21,0.0,0.0,240,0.0,0.0,0.0,one,SR,1
0,1876,180,0,0,14.2122,9.8352,3.1819,0.0,0.0,1223,746.0,0.0,0.0,2.09,11.95,0.0,0.0,63,0.0,0.0,0.0,one,SR,1
72,3576,9938,0,0,13.7349,5.8463,7.14,0.0,0.0,1109,934.0,0.0,0.0,4.91,9.49,0.0,0.0,61,57.0,0.0,0.0,one,TR,1
0,3107,3408,0,0,14.1416,9.8511,3.1166,0.0,0.0,1328,726.0,0.0,0.0,3.38,11.74,0.0,0.0,49,0.0,0.0,0.0,one,SR,1
0,678,852,0,0,14.3543,9.2712,3.6885,0.0,0.0,1533,934.0,0.0,0.0,3.55,13.95,0.0,0.0,224,0.0,0.0,0.0,one,SR,1
0,1898,7832,0,0,14.265,9.4187,3.5154,0.0,0.0,1259,874.0,0.0,0.0,1.24,13.31,0.0,0.0,175,0.0,0.0,0.0,one,SR,1
0,4594,5853,0,0,14.1493,9.6654,3.257,0.0,0.0,1155,776.0,0.0,0.0,1.08,12.27,0.0,0.0,94,0.0,0.0,0.0,one,SR,1
0,135,7793,0,0,14.3322,9.1197,3.7787,0.0,0.0,2085,971.0,0.0,0.0,8.99,14.34,0.0,0.0,258,0.0,0.0,0.0,one,SR,1
0,1648,6820,0,0,14.0522,9.7747,3.1099,0.0,0.0,1262,720.0,0.0,0.0,2.74,11.68,0.0,0.0,50,0.0,0.0,0.0,one,SR,1
0,825,3884,0,0,14.0486,9.7675,3.1115,0.0,0.0,1223,722.0,0.0,0.0,2.31,11.7,0.0,0.0,52,0.0,0.0,0.0,one,SR,1
0,4117,6091,0,0,14.1422,9.4987,3.3699,0.0,0.0,1197,820.0,0.0,0.0,1.11,12.74,0.0,0.0,134,0.0,0.0,0.0,one,SR,1
0,3094,9308,0,0,14.1642,9.4155,3.4476,0.0,0.0,1408,846.0,0.0,0.0,3.07,13.01,0.0,0.0,157,0.0,0.0,0.0,one,SR,1
0,464,3300,0,0,14.0176,9.7608,3.0945,0.0,0.0,1280,715.0,0.0,0.0,2.98,11.62,0.0,0.0,48,0.0,0.0,0.0,one,SR,1
0,2539,797,0,0,14.099,9.5155,3.3301,0.0,0.0,1324,801.0,0.0,0.0,2.62,12.53,0.0,0.0,121,0.0,0.0,0.0,one,SR,1
0,2602,2552,0,0,14.0215,9.684,3.1508,0.0,0.0,1547,738.0,0.0,0.0,5.56,11.87,0.0,0.0,68,0.0,0.0,0.0,one,SR,1
0,668,1365,0,0,14.1541,9.3246,3.505,0.0,0.0,1262,868.0,0.0,0.0,1.33,13.25,0.0,0.0,177,0.0,0.0,0.0,one,SR,1
166,4379,5562,2585,0,29.9443,8.8162,10.0487,10.0487,0.0,1556,1451.0,1451.0,0.0,7.06,8.15,8.15,0.0,32,361.0,361.0,0.0,many,TR,2
0,66,6544,0,0,14.0396,9.5613,3.2535,0.0,0.0,1606,774.0,0.0,0.0,5.84,12.25,0.0,0.0,100,0.0,0.0,0.0,one,SR,1
0,3084,8157,0,0,13.9735,9.7204,3.0918,0.0,0.0,1263,714.0,0.0,0.0,2.81,11.61,0.0,0.0,50,0.0,0.0,0.0,one,SR,1
0,4641,6069,0,0,13.9955,9.6468,3.1589,0.0,0.0,1282,741.0,0.0,0.0,2.75,11.9,0.0,0.0,73,0.0,0.0,0.0,one,SR,1
0,98,1162,0,0,14.1069,9.3057,3.4831,0.0,0.0,1854,862.0,0.0,0.0,7.6,13.18,0.0,0.0,175,0.0,0.0,0.0,one,SR,1
0,526,3048,0,0,14.0482,9.3857,3.3867,0.0,0.0,1703,822.0,0.0,0.0,6.4,12.76,0.0,0.0,143,0.0,0.0,0.0,one,SR,1
0,1179,3451,0,0,14.0447,9.3353,3.4198,0.0,0.0,1456,835.0,0.0,0.0,3.68,12.9,0.0,0.0,155,0.0,0.0,0.0,one,SR,1
0,2794,8643,0,0,14.0558,9.277,3.4702,0.0,0.0,1326,853.0,0.0,0.0,2.15,13.09,0.0,0.0,171,0.0,0.0,0.0,one,SR,1
0,4668,963,0,0,13.8645,9.6097,3.0926,0.0,0.0,1198,715.0,0.0,0.0,2.12,11.62,0.0,0.0,58,0.0,0.0,0.0,one,SR,1
0,4808,6333,0,0,13.8243,9.5,3.1408,0.0,0.0,1538,735.0,0.0,0.0,5.5,11.83,0.0,0.0,79,0.0,0.0,0.0,one,SR,1
0,4624,942,0,0,13.8847,9.2355,3.3745,0.0,0.0,1453,821.0,0.0,0.0,3.78,12.75,0.0,0.0,153,0.0,0.0,0.0,one,SR,1
10,1222,1722,0,0,13.2067,4.9046,7.704,0.0,0.0,1300,975.0,0.0,0.0,8.27,8.98,0.0,0.0,33,85.0,0.0,0.0,one,TR,1
0,665,3227,0,0,13.9364,9.0711,3.5322,0.0,0.0,1316,876.0,0.0,0.0,1.82,13.33,0.0,0.0,200,0.0,0.0,0.0,one,SR,1
0,109,2246,0,0,13.8016,9.3477,3.2344,0.0,0.0,1251,769.0,0.0,0.0,2.16,12.2,0.0,0.0,111,0.0,0.0,0.0,one,SR,1
0,4460,6508,0,0,13.8075,9.3009,3.2743,0.0,0.0,1696,781.0,0.0,0.0,6.72,12.32,0.0,0.0,122,0.0,0.0,0.0,one,SR,1
0,4234,6500,0,0,13.8403,9.2061,3.3659,0.0,0.0,1167,815.0,0.0,0.0,0.84,12.68,0.0,0.0,151,0.0,0.0,0.0,one,SR,1
0,3087,9389,0,0,13.7352,9.4559,3.1107,0.0,0.0,1231,721.0,0.0,0.0,2.41,11.69,0.0,0.0,73,0.0,0.0,0.0,one,SR,1
0,2684,1932,0,0,13.8113,9.2447,3.3163,0.0,0.0,1276,798.0,0.0,0.0,2.15,12.5,0.0,0.0,137,0.0,0.0,0.0,one,SR,1
0,803,5147,0,0,13.8002,9.2674,3.2921,0.0,0.0,1169,789.0,0.0,0.0,1.11,12.41,0.0,0.0,130,0.0,0.0,0.0,one,SR,1
0,1407,7711,0,0,13.7308,9.4309,3.125,0.0,0.0,1384,727.0,0.0,0.0,3.96,11.75,0.0,0.0,78,0.0,0.0,0.0,one,SR,1
0,275,2627,0,0,14.006,8.6676,3.8718,0.0,0.0,1891,1002.0,0.0,0.0,6.66,14.67,0.0,0.0,309,0.0,0.0,0.0,one,SR,1
0,1153,1563,0,0,13.7589,9.2506,3.2729,0.0,0.0,1272,784.0,0.0,0.0,2.24,12.35,0.0,0.0,128,0.0,0.0,0.0,one,SR,1
31,1144,3743,0,0,13.2259,4.6079,7.9139,0.0,0.0,1148,1238.0,0.0,0.0,5.72,9.04,0.0,0.0,118,270.0,0.0,0.0,one,TR,1
0,2274,2542,0,0,13.7067,9.1889,3.2824,0.0,0.0,1226,784.0,0.0,0.0,1.75,12.35,0.0,0.0,132,0.0,0.0,0.0,one,SR,1
0,2375,4747,0,0,13.6198,9.3612,3.0953,0.0,0.0,1158,716.0,0.0,0.0,1.69,11.63,0.0,0.0,76,0.0,0.0,0.0,one,SR,1
0,3640,1911,0,0,13.6505,9.1909,3.2401,0.0,0.0,1358,769.0,0.0,0.0,3.28,12.2,0.0,0.0,122,0.0,0.0,0.0,one,SR,1
0,34,9775,0,0,13.6261,9.2004,3.2136,0.0,0.0,1493,762.0,0.0,0.0,4.77,12.12,0.0,0.0,117,0.0,0.0,0.0,one,SR,1
0,3051,8047,0,0,13.6392,9.1308,3.274,0.0,0.0,1406,783.0,0.0,0.0,3.65,12.34,0.0,0.0,135,0.0,0.0,0.0,one,SR,1
0,2712,1502,0,0,13.5767,9.149,3.2177,0.0,0.0,1218,760.0,0.0,0.0,1.9,12.1,0.0,0.0,119,0.0,0.0,0.0,one,SR,1
0,283,931,0,0,13.7135,8.7976,3.5669,0.0,0.0,1624,891.0,0.0,0.0,4.91,13.49,0.0,0.0,228,0.0,0.0,0.0,one,SR,1
0,838,183,0,0,13.7168,8.7276,3.6212,0.0,0.0,1709,909.0,0.0,0.0,5.63,13.68,0.0,0.0,245,0.0,0.0,0.0,one,SR,1
0,2077,8607,0,0,13.6627,8.7543,3.5627,0.0,0.0,1657,888.0,0.0,0.0,5.29,13.46,0.0,0.0,229,0.0,0.0,0.0,one,SR,1
0,271,9810,0,0,13.654,8.7625,3.5489,0.0,0.0,1447,885.0,0.0,0.0,3.11,13.43,0.0,0.0,227,0.0,0.0,0.0,one,SR,1
0,1516,1886,0,0,13.5627,8.9002,3.3867,0.0,0.0,1635,822.0,0.0,0.0,5.69,12.76,0.0,0.0,176,0.0,0.0,0.0,one,SR,1
0,4921,2360,0,0,13.631,8.7301,3.5562,0.0,0.0,1972,887.0,0.0,0.0,8.6,13.45,0.0,0.0,230,0.0,0.0,0.0,one,SR,1
0,3308,3473,0,0,13.5689,8.8821,3.4037,0.0,0.0,1472,829.0,0.0,0.0,3.91,12.83,0.0,0.0,182,0.0,0.0,0.0,one,SR,1
0,4508,1201,0,0,13.6735,8.6074,3.6747,0.0,0.0,1785,931.0,0.0,0.0,6.22,13.91,0.0,0.0,267,0.0,0.0,0.0,one,SR,1
0,2217,2611,0,0,13.4762,9.0054,3.2459,0.0,0.0,1228,774.0,0.0,0.0,1.87,12.25,0.0,0.0,138,0.0,0.0,0.0,one,SR,1
0,2947,9065,0,0,13.5443,8.8068,3.4406,0.0,0.0,1451,842.0,0.0,0.0,3.56,12.97,0.0,0.0,196,0.0,0.0,0.0,one,SR,1
0,784,8044,0,0,13.5059,8.8848,3.357,0.0,0.0,1554,811.0,0.0,0.0,4.94,12.64,0.0,0.0,170,0.0,0.0,0.0,one,SR,1
0,1623,5304,0,0,13.4095,8.8823,3.2897,0.0,0.0,1245,786.0,0.0,0.0,1.93,12.38,0.0,0.0,154,0.0,0.0,0.0,one,SR,1
0,4855,3559,0,0,13.3823,8.872,3.277,0.0,0.0,1272,782.0,0.0,0.0,2.26,12.33,0.0,0.0,152,0.0,0.0,0.0,one,SR,1
0,2949,4917,0,0,13.4999,8.5353,3.6009,0.0,0.0,1655,905.0,0.0,0.0,5.1,13.64,0.0,0.0,255,0.0,0.0,0.0,one,SR,1
0,2847,3953,0,0,13.4443,8.6186,3.5023,0.0,0.0,1913,867.0,0.0,0.0,8.18,13.23,0.0,0.0,225,0.0,0.0,0.0,one,SR,1
0,4013,7848,0,0,13.3025,8.8506,3.2325,0.0,0.0,1465,769.0,0.0,0.0,4.41,12.2,0.0,0.0,145,0.0,0.0,0.0,one,SR,1
0,2863,5575,0,0,13.4552,8.4342,3.6424,0.0,0.0,1689,919.0,0.0,0.0,5.33,13.79,0.0,0.0,271,0.0,0.0,0.0,one,SR,1
0,727,6811,0,0,13.4398,8.3794,3.6701,0.0,0.0,1698,930.0,0.0,0.0,5.32,13.9,0.0,0.0,282,0.0,0.0,0.0,one,SR,1
0,3295,9235,0,0,13.2264,8.8963,3.1476,0.0,0.0,1268,734.0,0.0,0.0,2.67,11.82,0.0,0.0,119,0.0,0.0,0.0,one,SR,1
0,3390,3615,0,0,13.2306,8.8649,3.1738,0.0,0.0,1261,743.0,0.0,0.0,2.51,11.92,0.0,0.0,127,0.0,0.0,0.0,one,SR,1
0,4974,8823,0,0,13.3555,8.5429,3.4923,0.0,0.0,1558,864.0,0.0,0.0,4.48,13.2,0.0,0.0,228,0.0,0.0,0.0,one,SR,1
0,4552,6179,0,0,13.201,8.8899,3.1319,0.0,0.0,1299,731.0,0.0,0.0,3.03,11.79,0.0,0.0,118,0.0,0.0,0.0,one,SR,1
183,4494,3060,0,0,12.541,4.2889,7.6826,0.0,0.0,1325,1142.0,0.0,0.0,8.79,8.69,0.0,0.0,57,230.0,0.0,0.0,one,TR,1
0,1076,153,0,0,13.1123,8.6058,3.2721,0.0,0.0,1415,783.0,0.0,0.0,3.75,12.34,0.0,0.0,171,0.0,0.0,0.0,one,SR,1
85,4927,4576,2020,0,52.4732,11.7734,15.1163,24.1045,0.0,1214,2167.0,2230.0,0.0,-0.56,10.42,11.37,0.0,105,486.0,-35.0,0.0,many,RT,2
0,2086,3876,0,0,13.1443,8.3975,3.4457,0.0,0.0,1437,846.0,0.0,0.0,3.38,13.01,0.0,0.0,226,0.0,0.0,0.0,one,SR,1
0,2235,5027,0,0,13.0351,8.6751,3.167,0.0,0.0,1450,744.0,0.0,0.0,4.49,11.93,0.0,0.0,141,0.0,0.0,0.0,one,SR,1
0,1605,9569,0,0,13.0408,8.6319,3.2042,0.0,0.0,1194,755.0,0.0,0.0,1.69,12.05,0.0,0.0,151,0.0,0.0,0.0,one,SR,1
227,2519,9872,6803,0,50.3972,9.4222,19.4894,20.4343,0.0,1201,2027.0,2232.0,0.0,3.15,9.26,9.26,0.0,3,196.0,298.0,0.0,many,TR,2
0,3200,9,0,0,13.1244,8.3756,3.4476,0.0,0.0,1615,846.0,0.0,0.0,5.25,13.01,0.0,0.0,228,0.0,0.0,0.0,one,SR,1
0,4574,1142,0,0,13.0259,8.555,3.2481,0.0,0.0,1188,772.0,0.0,0.0,1.47,12.23,0.0,0.0,167,0.0,0.0,0.0,one,SR,1
0,3786,9564,0,0,12.9721,8.5688,3.2007,0.0,0.0,1440,753.0,0.0,0.0,4.3,12.03,0.0,0.0,154,0.0,0.0,0.0,one,SR,1
140,2612,9075,0,0,12.327,5.1089,6.6424,0.0,0.0,1426,1009.0,0.0,0.0,9.79,7.76,0.0,0.0,5,242.0,0.0,0.0,one,TR,1
0,908,7373,0,0,12.8709,8.4546,3.2074,0.0,0.0,1287,759.0,0.0,0.0,2.63,12.09,0.0,0.0,166,0.0,0.0,0.0,one,SR,1
27,3801,8451,0,0,12.3191,4.2489,7.4075,0.0,0.0,1724,1339.0,0.0,0.0,12.14,9.63,0.0,0.0,117,342.0,0.0,0.0,one,RT,1
0,2301,843,0,0,12.9442,8.2142,3.4352,0.0,0.0,1486,840.0,0.0,0.0,3.95,12.95,0.0,0.0,235,0.0,0.0,0.0,one,SR,1
11,1111,6996,3461,0,30.0986,7.7339,10.6959,10.6959,0.0,1264,1223.0,1223.0,0.0,4.52,7.86,7.86,0.0,70,167.0,167.0,0.0,many,TR,2
0,4360,9376,0,0,12.8522,8.325,3.2897,0.0,0.0,1340,786.0,0.0,0.0,2.93,12.38,0.0,0.0,192,0.0,0.0,0.0,one,SR,1
0,2733,9434,0,0,12.81,8.3767,3.2223,0.0,0.0,1252,761.0,0.0,0.0,2.25,12.11,0.0,0.0,172,0.0,0.0,0.0,one,SR,1
0,399,6677,0,0,12.7658,8.3964,3.1743,0.0,0.0,1291,746.0,0.0,0.0,2.8,11.95,0.0,0.0,161,0.0,0.0,0.0,one,SR,1
0,4247,8985,0,0,12.8342,8.1662,3.3891,0.0,0.0,1749,825.0,0.0,0.0,6.85,12.79,0.0,0.0,228,0.0,0.0,0.0,one,SR,1
0,1562,8256,0,0,12.7414,8.2706,3.2459,0.0,0.0,1264,774.0,0.0,0.0,2.25,12.25,0.0,0.0,188,0.0,0.0,0.0,one,SR,1
0,4288,4849,0,0,12.8584,7.9594,3.5554,0.0,0.0,1877,886.0,0.0,0.0,7.62,13.44,0.0,0.0,282,0.0,0.0,0.0,one,SR,1
275,615,5041,0,0,12.0781,4.8961,6.6168,0.0,0.0,1054,1062.0,0.0,0.0,5.98,7.65,0.0,0.0,13,290.0,0.0,0.0,one,RT,1
0,3214,2798,0,0,12.686,8.3297,3.1643,0.0,0.0,1449,743.0,0.0,0.0,4.49,11.92,0.0,0.0,164,0.0,0.0,0.0,one,SR,1
0,1961,1763,0,0,12.672,8.3157,3.1654,0.0,0.0,1370,742.0,0.0,0.0,3.67,11.91,0.0,0.0,164,0.0,0.0,0.0,one,SR,1
0,3381,5816,0,0,12.6417,8.3399,3.1269,0.0,0.0,1406,727.0,0.0,0.0,4.19,11.75,0.0,0.0,153,0.0,0.0,0.0,one,SR,1
0,2267,1087,0,0,12.5993,8.2299,3.1732,0.0,0.0,1316,747.0,0.0,0.0,3.05,11.96,0.0,0.0,173,0.0,0.0,0.0,one,SR,1
0,2366,8012,0,0,12.6383,7.9947,3.3732,0.0,0.0,1540,817.0,0.0,0.0,4.74,12.7,0.0,0.0,235,0.0,0.0,0.0,one,SR,1
0,102,7288,0,0,12.5593,8.0002,3.312,0.0,0.0,1455,795.0,0.0,0.0,4.05,12.47,0.0,0.0,220,0.0,0.0,0.0,one,SR,1
208,4130,2119,2118,0,38.8633,8.5498,14.6754,14.6754,0.0,1059,1106.0,1106.0,0.0,2.46,7.81,7.81,0.0,8,-147.0,-147.0,0.0,many,RT,2
39,2973,189,187,0,25.1634,8.1449,7.9097,7.9097,0.0,1270,1285.0,1285.0,0.0,2.54,8.0,8.0,0.0,181,366.0,366.0,0.0,many,TR,2
0,722,6442,0,0,12.4543,7.8501,3.3433,0.0,0.0,1667,808.0,0.0,0.0,6.16,12.61,0.0,0.0,239,0.0,0.0,0.0,one,SR,1
0,1389,5070,0,0,12.4351,7.831,3.3433,0.0,0.0,1450,808.0,0.0,0.0,3.88,12.61,0.0,0.0,240,0.0,0.0,0.0,one,SR,1
0,1893,83,0,0,12.3785,7.8475,3.2924,0.0,0.0,1828,787.0,0.0,0.0,8.05,12.39,0.0,0.0,225,0.0,0.0,0.0,one,SR,1
0,285,1430,0,0,12.3268,7.9198,3.2012,0.0,0.0,1207,756.0,0.0,0.0,1.82,12.06,0.0,0.0,200,0.0,0.0,0.0,one,SR,1
66,4409,4436,0,0,11.781,5.5713,5.5395,0.0,0.0,1310,941.0,0.0,0.0,7.72,8.7,0.0,0.0,32,199.0,0.0,0.0,one,TR,1
0,591,8411,0,0,12.1993,7.9313,3.1026,0.0,0.0,1298,718.0,0.0,0.0,3.14,11.65,0.0,0.0,175,0.0,0.0,0.0,one,SR,1
0,2594,9182,0,0,12.1784,7.9085,3.1034,0.0,0.0,1230,719.0,0.0,0.0,2.42,11.66,0.0,0.0,177,0.0,0.0,0.0,one,SR,1
0,3232,4785,0,0,12.1388,7.8257,3.1327,0.0,0.0,1266,732.0,0.0,0.0,2.67,11.8,0.0,0.0,191,0.0,0.0,0.0,one,SR,1
0,4720,7884,0,0,12.0657,7.8014,3.0999,0.0,0.0,1584,717.0,0.0,0.0,6.15,11.64,0.0,0.0,183,0.0,0.0,0.0,one,SR,1
0,569,5894,0,0,11.7359,7.4341,3.1258,0.0,0.0,1452,728.0,0.0,0.0,4.66,11.76,0.0,0.0,215,0.0,0.0,0.0,one,SR,1
223,2404,4147,0,0,11.4189,5.651,4.894,0.0,0.0,1508,1148.0,0.0,0.0,7.97,10.74,0.0,0.0,151,277.0,0.0,0.0,one,RT,1
176,4960,3103,3102,0,46.3928,7.949,18.7652,18.7652,0.0,1122,2101.0,2101.0,0.0,3.56,9.57,9.57,0.0,19,276.0,276.0,0.0,many,TR,2
140,478,3511,0,0,14.6964,5.5879,8.4691,0.0,0.0,1203,1388.0,0.0,0.0,6.88,9.39,0.0,0.0,12,332.0,0.0,0.0,one,TR,1
25,2782,4806,0,0,15.0054,7.7123,6.2931,0.0,0.0,1179,1453.0,0.0,0.0,3.38,12.0,0.0,0.0,88,357.0,0.0,0.0,one,RT,1
85,3284,1861,0,0,19.808,9.3902,9.3468,0.0,0.0,1062,2053.0,0.0,0.0,1.51,13.71,0.0,0.0,17,541.0,0.0,0.0,one,RT,1
0,4785,3337,0,0,10.8277,6.4546,3.1759,0.0,0.0,1829,748.0,0.0,0.0,8.43,11.97,0.0,0.0,295,0.0,0.0,0.0,one,SR,1
234,672,3331,1443,0,47.7181,7.9205,9.9336,28.9481,0.0,1054,1220.0,2405.0,0.0,2.82,7.52,9.64,0.0,22,228.0,-80.0,0.0,many,RT,2
281,852,5785,0,0,10.0781,4.3412,4.9468,0.0,0.0,1500,1137.0,0.0,0.0,8.64,9.9,0.0,0.0,189,314.0,0.0,0.0,one,RT,1
35,209,9329,0,0,17.3873,5.1162,11.6996,0.0,0.0,1362,1552.0,0.0,0.0,9.16,8.72,0.0,0.0,2,311.0,0.0,0.0,one,RT,1
69,3327,4533,4532,0,47.4531,8.5147,18.9955,18.9955,0.0,1354,2019.0,2019.0,0.0,5.69,8.74,8.74,0.0,1,248.0,248.0,0.0,many,TR,2
223,2694,8192,3789,0,29.0823,8.6304,9.681,9.781,0.0,1128,925.0,901.0,0.0,2.93,7.95,7.95,0.0,19,-7.0,-31.0,0.0,many,TR,2
181,3912,4837,4752,0,31.8962,6.686,7.6093,16.5208,0.0,1384,909.0,2061.0,0.0,4.81,7.37,9.43,0.0,207,132.0,382.0,0.0,many,RT,2
0,103,2132,0,0,9.1725,4.8895,3.1134,0.0,0.0,2385,722.0,0.0,0.0,14.52,11.7,0.0,0.0,385,0.0,0.0,0.0,one,SR,1
181,4541,1097,0,0,16.1004,5.0128,10.5298,0.0,0.0,1268,1489.0,0.0,0.0,8.29,8.58,0.0,0.0,1,338.0,0.0,0.0,one,RT,1
147,777,8816,0,0,19.8068,6.8471,12.0849,0.0,0.0,1356,1869.0,0.0,0.0,6.36,11.75,0.0,0.0,70,357.0,0.0,0.0,one,TR,1
281,4721,4287,0,0,12.2455,5.6638,5.7503,0.0,0.0,1299,1393.0,0.0,0.0,6.16,11.31,0.0,0.0,124,382.0,0.0,0.0,one,RT,1
238,3274,9529,4183,0,33.8709,6.4544,7.7354,18.6435,0.0,1349,1121.0,2841.0,0.0,4.83,8.12,10.26,0.0,197,244.0,807.0,0.0,many,RT,2
191,2613,8323,0,0,37.5594,5.0995,31.8809,0.0,0.0,1065,3561.0,0.0,0.0,5.97,11.79,0.0,0.0,8,509.0,0.0,0.0,one,TR,1
195,987,9636,0,0,11.7771,5.0725,5.8233,0.0,0.0,1270,1372.0,0.0,0.0,5.4,10.81,0.0,0.0,195,390.0,0.0,0.0,one,TR,1
64,4295,9504,7722,0,39.1925,5.4376,20.0188,12.7342,0.0,1863,2835.0,1974.0,0.0,10.55,10.02,9.0,0.0,244,737.0,557.0,0.0,many,TR,2
277,2975,9898,0,0,14.7258,3.492,10.659,0.0,0.0,1335,1680.0,0.0,0.0,8.84,8.75,0.0,0.0,115,466.0,0.0,0.0,one,RT,1
9,3703,9745,0,0,17.0289,5.4539,10.9027,0.0,0.0,1087,1651.0,0.0,0.0,5.36,9.72,0.0,0.0,41,374.0,0.0,0.0,one,TR,1
88,3333,1755,129,0,56.4215,6.12,27.2682,22.023,0.0,1302,2038.0,2855.0,0.0,4.58,10.03,10.07,0.0,203,-286.0,635.0,0.0,many,RT,2
35,2890,9813,0,0,21.5788,4.8045,16.2166,0.0,0.0,1525,2192.0,0.0,0.0,10.99,10.58,0.0,0.0,15,433.0,0.0,0.0,one,RT,1
75,1828,4168,0,0,16.3124,4.6635,11.0933,0.0,0.0,1031,1187.0,0.0,0.0,5.82,8.56,0.0,0.0,23,77.0,0.0,0.0,one,RT,1
98,4979,8625,0,0,19.4228,3.2744,15.4135,0.0,0.0,1392,2365.0,0.0,0.0,8.0,11.35,0.0,0.0,228,567.0,0.0,0.0,one,TR,1
0,433,4856,2556,0,83.517,50.1485,12.0148,15.7772,0.0,3248,2261.0,3243.0,0.0,-16.08,23.26,32.51,0.0,3,0.0,3.0,0.0,many,SR,2
262,1365,8657,650,0,80.1183,22.0125,21.8473,33.4085,0.0,1731,3276.0,4111.0,0.0,-7.47,16.92,21.58,0.0,248,573.0,280.0,0.0,many,RT,2
76,649,8417,7759,0,71.3591,14.1399,25.1297,30.3639,0.0,2594,3102.0,3809.0,0.0,11.71,14.16,13.1,0.0,95,411.0,710.0,0.0,many,RT,2
0,1124,7115,2190,908,69.5215,39.9491,8.482,10.3161,6.2338,1948,1369.0,1948.0,904.0,-20.41,14.83,19.7,10.87,63,6.0,63.0,7.0,many,SR,3
0,1411,9574,2783,256,68.6002,38.7104,7.1808,10.6773,7.1986,2592,1088.0,2592.0,1098.0,-16.28,12.49,23.29,12.54,327,0.0,327.0,4.0,many,SR,3
0,3288,9579,6556,0,62.6175,36.7903,10.7885,10.9526,0.0,1983,1940.0,1983.0,0.0,-15.95,20.22,20.64,0.0,-1,0.0,-1.0,0.0,many,SR,2
0,4745,9533,7299,7261,61.4881,35.1198,10.0471,5.7096,6.3416,2219,2219.0,780.0,1190.0,-15.13,20.72,9.87,12.1,226,226.0,0.0,148.0,many,SR,3
0,3646,6005,2056,0,61.5834,35.9598,11.2928,10.2341,0.0,2272,2199.0,1797.0,0.0,-13.01,22.09,18.87,0.0,62,61.0,0.0,0.0,many,SR,2
0,494,9631,4828,0,55.1201,30.876,9.7933,10.4516,0.0,2593,1681.0,2425.0,0.0,-8.77,17.78,22.22,0.0,349,0.0,274.0,0.0,many,SR,2
0,3267,330,329,0,48.9846,27.1165,9.2812,9.2812,0.0,1940,1549.0,1549.0,0.0,-9.38,16.53,16.53,0.0,180,0.0,0.0,0.0,many,SR,2
0,843,6225,2256,0,62.4358,34.7977,14.3554,8.827,0.0,3074,2896.0,1432.0,0.0,-7.82,29.13,15.42,0.0,362,13.0,0.0,0.0,many,SR,2
0,4853,9724,5458,0,48.6801,27.6291,8.9539,8.9539,0.0,1769,1463.0,1463.0,0.0,-9.71,15.72,15.72,0.0,45,0.0,0.0,0.0,many,SR,2
0,2986,8216,8215,0,48.0354,25.546,9.5314,9.5314,0.0,3509,1613.0,1613.0,0.0,6.01,17.13,17.13,0.0,361,0.0,0.0,0.0,many,SR,2
0,4791,9628,6308,0,44.4786,25.3027,8.8288,7.456,0.0,1535,1535.0,1145.0,0.0,-9.9,15.93,12.98,0.0,49,49.0,0.0,0.0,many,SR,2
14,2489,8936,6133,3655,77.475,13.2311,22.7257,19.0261,20.8303,2075,2528.0,2371.0,2309.0,6.83,10.36,9.89,10.37,118,329.0,448.0,270.0,many,RT,3
0,2778,9443,3895,0,61.8201,34.0242,11.7549,11.5314,0.0,2773,2192.0,2223.0,0.0,-11.47,22.6,22.49,0.0,448,0.0,43.0,0.0,many,SR,2
0,2153,3861,2294,0,41.8477,23.5798,6.2835,9.1923,0.0,1950,905.0,1667.0,0.0,-4.65,10.92,17.0,0.0,106,2.0,68.0,0.0,many,SR,2
0,3899,5731,43,0,41.8957,22.4672,8.7888,7.6986,0.0,1670,1559.0,1196.0,0.0,-8.93,16.0,13.41,0.0,273,66.0,0.0,0.0,many,SR,2
0,4166,6695,5352,0,41.3396,22.6947,9.9722,5.809,0.0,1948,1794.0,809.0,0.0,-5.32,18.55,10.09,0.0,210,31.0,4.0,0.0,many,SR,2
0,3311,4636,2371,0,40.5396,21.3299,8.181,8.1719,0.0,2078,1297.0,1307.0,0.0,-3.89,14.27,14.3,0.0,299,0.0,7.0,0.0,many,SR,2
0,3208,8061,526,0,48.0394,27.0126,9.3695,8.4984,0.0,2098,1575.0,1362.0,0.0,-6.4,16.76,14.82,0.0,97,1.0,0.0,0.0,many,SR,2
233,1177,9714,6165,1803,70.0146,23.4896,13.9375,14.9317,14.9317,1718,2691.0,2371.0,2371.0,-6.48,14.69,10.77,10.77,70,708.0,632.0,632.0,many,RT,3
0,2436,9087,2171,0,39.1001,21.7203,7.1145,7.5863,0.0,1478,1073.0,1478.0,0.0,-8.59,12.37,14.42,0.0,163,0.0,163.0,0.0,many,SR,2
157,2692,4331,3682,2064,87.1225,14.4698,34.4631,18.6973,17.879,1517,2733.0,2251.0,2056.0,1.41,10.47,9.2,9.47,4,-193.0,415.0,298.0,many,RT,3
0,2363,3475,1305,0,40.7127,20.6496,8.5406,8.5406,0.0,2856,1372.0,1372.0,0.0,3.15,14.91,14.91,0.0,422,0.0,0.0,0.0,many,SR,2
0,2776,6425,6424,0,38.2192,21.186,7.2537,7.2537,0.0,1434,1104.0,1104.0,0.0,-7.68,12.63,12.63,0.0,106,0.0,0.0,0.0,many,SR,2
0,1612,7502,4708,0,38.1696,19.5848,7.3994,8.4017,0.0,2617,1134.0,1417.0,0.0,2.43,12.88,14.95,0.0,373,0.0,40.0,0.0,many,SR,2
0,796,7908,1824,0,51.1155,28.3351,13.1019,6.0043,0.0,3789,2584.0,899.0,0.0,6.72,26.12,10.62,0.0,323,20.0,31.0,0.0,many,SR,2
0,544,8189,218,0,37.3638,19.5223,7.5331,7.6286,0.0,2081,1262.0,1181.0,0.0,-2.27,13.51,13.28,0.0,314,54.0,0.0,0.0,many,SR,2
0,42,6816,738,0,44.7255,25.5347,8.7573,7.5768,0.0,1440,1440.0,1169.0,0.0,-10.59,15.39,13.18,0.0,12,12.0,0.0,0.0,many,SR,2
0,3946,6819,4655,2746,48.6357,26.2462,6.4033,6.2706,6.4071,2530,924.0,897.0,924.0,-3.21,11.11,10.87,11.11,241,-1.0,0.0,-1.0,many,SR,3
0,2003,1371,0,0,42.1694,30.6337,7.6229,0.0,0.0,4619,3124.0,0.0,0.0,13.28,39.13,0.0,0.0,313,0.0,0.0,0.0,one,SR,1
128,2723,4830,4510,2554,79.376,11.8607,16.8444,25.26,23.9056,1502,1347.0,1875.0,1853.0,2.22,8.9,8.57,9.58,115,-150.0,-211.0,-208.0,many,TR,3
78,3753,8578,1591,0,60.5622,17.5232,16.0552,24.9835,0.0,1791,2420.0,2668.0,0.0,0.8,13.71,14.3,0.0,33,437.0,81.0,0.0,many,RT,2
0,2279,3877,3279,0,52.4676,30.2638,9.416,9.416,0.0,2285,1584.0,1584.0,0.0,-6.35,16.86,16.86,0.0,6,0.0,0.0,0.0,many,SR,2
0,4024,2080,1479,0,32.9918,17.7516,6.6456,6.1682,0.0,1790,1410.0,956.0,0.0,-3.04,13.26,11.01,0.0,279,232.0,43.0,0.0,many,SR,2
0,898,4594,0,0,52.4339,36.7674,10.3137,0.0,0.0,6503,4409.0,0.0,0.0,20.11,53.53,0.0,0.0,778,0.0,0.0,0.0,one,SR,1
0,1454,5327,0,0,35.8337,25.7826,6.7827,0.0,0.0,3911,2576.0,0.0,0.0,11.65,32.68,0.0,0.0,248,0.0,0.0,0.0,one,SR,1
0,1108,2049,144,0,37.44,20.9439,8.1836,5.8487,0.0,2112,1354.0,811.0,0.0,0.0,14.5,10.14,0.0,84,30.0,0.0,0.0,many,SR,2
0,1788,7927,0,0,34.4086,24.2942,6.8178,0.0,0.0,3526,2600.0,0.0,0.0,7.35,32.97,0.0,0.0,367,0.0,0.0,0.0,one,SR,1
0,4429,4079,2250,0,31.2237,17.2371,5.959,5.9618,0.0,1546,834.0,833.0,0.0,-2.36,10.33,10.32,0.0,93,0.0,0.0,0.0,many,SR,2
0,4580,6937,1204,0,40.392,22.6071,9.666,5.4283,0.0,1732,1652.0,730.0,0.0,-6.03,17.49,9.41,0.0,110,1.0,4.0,0.0,many,SR,2
0,1072,8042,0,0,31.2665,21.8446,6.4251,0.0,0.0,3435,2345.0,0.0,0.0,9.1,29.97,0.0,0.0,350,0.0,0.0,0.0,one,SR,1
79,3341,5457,1585,826,58.9565,13.1141,14.8286,13.7068,15.7108,1295,1819.0,1679.0,2315.0,-0.77,9.24,8.39,10.33,86,305.0,311.0,570.0,many,RT,3
151,2139,3032,149,0,44.1706,12.4213,16.3386,13.8051,0.0,1686,1686.0,2346.0,0.0,3.25,9.63,12.42,0.0,139,95.0,583.0,0.0,many,TR,2
0,161,3538,110,0,46.3642,25.8146,8.8079,8.5915,0.0,2154,1655.0,1383.0,0.0,-5.73,16.5,15.0,0.0,173,109.0,0.0,0.0,many,SR,2
0,1552,3694,573,0,29.594,15.9708,5.8128,5.7998,0.0,1452,803.0,800.0,0.0,-2.85,10.06,10.04,0.0,145,1.0,0.0,0.0,many,SR,2
260,4576,8544,3548,1128,83.7716,13.5152,22.0401,21.7028,24.7403,1510,1995.0,3122.0,2209.0,-0.1,9.91,10.91,10.91,167,-12.0,808.0,-61.0,many,TR,3
0,4042,7934,565,0,36.9225,20.6895,7.487,6.3383,0.0,1413,1150.0,925.0,0.0,-6.83,13.03,11.05,0.0,67,-1.0,7.0,0.0,many,SR,2
0,3463,7789,0,0,38.6269,27.4812,7.4034,0.0,0.0,4707,2979.0,0.0,0.0,15.74,37.42,0.0,0.0,423,0.0,0.0,0.0,one,SR,1
0,61,6701,0,0,29.5629,20.3065,6.3338,0.0,0.0,2522,2282.0,0.0,0.0,0.18,29.23,0.0,0.0,409,0.0,0.0,0.0,one,SR,1
0,4917,8470,5271,0,46.8933,25.8698,8.9691,8.9133,0.0,4176,1470.0,1456.0,0.0,15.58,15.77,15.64,0.0,164,1.0,1.0,0.0,many,SR,2
0,2228,9959,8014,0,45.7066,25.0218,8.0907,9.2639,0.0,2435,1892.0,1545.0,0.0,-4.4,16.81,16.49,0.0,338,313.0,0.0,0.0,many,SR,2
15,3704,6897,4154,3095,87.3126,16.7581,20.0034,31.3159,17.1278,1817,2841.0,3472.0,2383.0,0.11,12.0,11.98,11.09,151,629.0,463.0,497.0,many,RT,3
0,108,9385,6299,0,38.8004,21.4559,6.7742,7.9901,0.0,2331,1004.0,1280.0,0.0,1.25,11.78,14.02,0.0,121,0.0,12.0,0.0,many,SR,2
0,2945,3714,770,713,62.5169,35.4419,7.5745,7.3793,8.0679,1364,1225.0,1129.0,1328.0,-22.16,13.4,12.84,14.29,71,30.0,0.0,29.0,many,SR,3
0,3438,9558,5671,0,27.4513,13.6821,5.8305,5.8993,0.0,2151,806.0,842.0,0.0,4.23,10.1,10.3,0.0,319,0.0,12.0,0.0,many,SR,2
0,4470,7549,3723,0,33.359,18.6587,6.2931,6.2351,0.0,1699,901.0,890.0,0.0,-1.71,10.91,10.81,0.0,61,-1.0,0.0,0.0,many,SR,2
0,4744,8757,0,0,27.4629,18.7864,6.0009,0.0,0.0,2678,2072.0,0.0,0.0,4.04,26.76,0.0,0.0,361,0.0,0.0,0.0,one,SR,1
0,3893,4643,0,0,26.9246,19.3152,5.3983,0.0,0.0,2244,1677.0,0.0,0.0,3.66,22.11,0.0,0.0,40,0.0,0.0,0.0,one,SR,1
184,4100,5590,1808,0,44.4834,14.1407,17.5291,11.1092,0.0,1348,2929.0,1642.0,0.0,-1.18,12.5,11.55,0.0,82,809.0,251.0,0.0,many,RT,2
0,4629,9333,8861,0,37.8262,21.5079,8.1976,5.6857,0.0,1352,1352.0,777.0,0.0,-7.72,14.5,9.85,0.0,28,28.0,0.0,0.0,many,SR,2
117,1212,8490,4303,3893,106.2996,11.938,37.8958,17.099,37.8939,1252,3364.0,2400.0,3364.0,-0.11,9.88,8.97,9.88,90,124.0,633.0,124.0,many,TR,3
0,3238,2966,0,0,26.2391,17.5932,5.9843,0.0,0.0,2689,2060.0,0.0,0.0,4.28,26.62,0.0,0.0,434,0.0,0.0,0.0,one,SR,1
0,2662,9760,0,0,25.7506,18.2238,5.3498,0.0,0.0,1947,1648.0,0.0,0.0,0.85,21.77,0.0,0.0,94,0.0,0.0,0.0,one,SR,1
0,4047,2962,0,0,25.0428,17.8582,5.1558,0.0,0.0,2029,1522.0,0.0,0.0,3.04,20.29,0.0,0.0,28,0.0,0.0,0.0,one,SR,1
0,2729,7247,7246,0,41.6238,22.8366,7.9997,7.9997,0.0,2421,1258.0,1258.0,0.0,0.33,13.94,13.94,0.0,154,0.0,0.0,0.0,many,SR,2
0,3191,9650,6350,0,35.0912,19.6544,5.5734,7.5169,0.0,1345,752.0,1345.0,0.0,-7.0,9.64,13.83,0.0,100,0.0,100.0,0.0,many,SR,2
0,1614,1642,157,0,40.4523,21.0896,9.325,6.9699,0.0,3319,1932.0,1069.0,0.0,7.24,18.47,12.21,0.0,445,178.0,14.0,0.0,many,SR,2
0,178,4159,4158,0,55.0751,29.4707,10.7808,10.7808,0.0,3286,1939.0,1939.0,0.0,-1.88,20.21,20.21,0.0,472,0.0,0.0,0.0,many,SR,2
0,3661,836,0,0,23.2825,16.3856,4.9891,0.0,0.0,1871,1418.0,0.0,0.0,2.48,19.08,0.0,0.0,54,0.0,0.0,0.0,one,SR,1
0,2565,5817,0,0,23.6414,15.8263,5.5157,0.0,0.0,2263,1752.0,0.0,0.0,3.07,22.99,0.0,0.0,332,0.0,0.0,0.0,one,SR,1
203,2595,6418,3051,0,44.0698,8.9856,18.8491,15.2181,0.0,1115,2116.0,2184.0,0.0,2.55,9.23,8.94,0.0,12,302.0,578.0,0.0,many,RT,2
184,1494,9553,9323,591,73.9642,17.9269,13.4129,22.0565,18.3984,1367,1947.0,2992.0,2867.0,-5.17,11.36,12.08,12.25,109,362.0,622.0,727.0,many,RT,3
0,522,5366,0,0,22.6333,15.6858,5.0222,0.0,0.0,1671,1434.0,0.0,0.0,0.22,19.25,0.0,0.0,112,0.0,0.0,0.0,one,SR,1
0,3707,9607,0,0,22.6643,15.5454,5.1218,0.0,0.0,2091,1495.0,0.0,0.0,3.98,19.97,0.0,0.0,166,0.0,0.0,0.0,one,SR,1
233,313,9580,3669,2102,76.0721,16.5972,18.6979,18.8007,19.9257,1412,1574.0,2562.0,2137.0,-3.63,9.47,11.26,10.77,127,-116.0,528.0,168.0,many,RT,3
1,480,4348,4347,0,51.1613,19.2661,14.8011,14.8011,0.0,1218,2340.0,2340.0,0.0,-7.85,14.46,14.46,0.0,94,404.0,404.0,0.0,many,RT,2
0,3600,9038,1090,0,40.8307,21.2111,7.3716,9.2654,0.0,2558,1127.0,1649.0,0.0,0.02,12.83,17.0,0.0,384,0.0,50.0,0.0,many,SR,2
0,697,5553,0,0,36.8339,26.3662,7.0206,0.0,0.0,3808,2728.0,0.0,0.0,8.96,34.47,0.0,0.0,318,0.0,0.0,0.0,one,SR,1
184,4491,4290,1061,0,42.0149,14.844,12.6044,12.903,0.0,1345,1514.0,2035.0,0.0,-0.85,11.84,10.79,0.0,9,51.0,491.0,0.0,many,TR,2
26,4331,3875,3579,2997,110.6473,24.1623,31.4709,20.6108,31.4709,2642,2608.0,2600.0,2608.0,1.35,14.94,13.44,14.94,152,-373.0,328.0,-373.0,many,RT,3
0,1630,1927,1926,0,34.043,19.3206,6.2726,6.2726,0.0,1784,899.0,899.0,0.0,-0.86,10.89,10.89,0.0,19,0.0,0.0,0.0,many,SR,2
227,4404,7091,3231,2594,52.5742,14.0973,14.0654,9.9481,12.8927,1188,1381.0,1346.0,1449.0,-1.66,8.26,7.26,8.2,3,72.0,338.0,194.0,many,TR,3
0,4304,2665,0,0,28.1009,19.0919,6.191,0.0,0.0,2592,2193.0,0.0,0.0,1.85,28.18,0.0,0.0,428,0.0,0.0,0.0,one,SR,1
0,3009,7767,3215,0,33.5741,18.8162,6.2914,6.285,0.0,1224,904.0,900.0,0.0,-6.78,10.92,10.89,0.0,56,1.0,0.0,0.0,many,SR,2
0,2816,4726,2457,0,36.3366,20.5627,6.6534,6.7732,0.0,2854,1015.0,1003.0,0.0,8.84,11.7,11.77,0.0,39,20.0,0.0,0.0,many,SR,2
0,4037,3353,1045,0,37.0255,20.594,6.9823,7.0152,0.0,1606,1047.0,1052.0,0.0,-5.04,12.14,12.2,0.0,90,0.0,-1.0,0.0,many,SR,2
0,410,9527,0,0,20.9685,14.218,4.884,0.0,0.0,1786,1379.0,0.0,0.0,1.96,18.66,0.0,0.0,176,0.0,0.0,0.0,one,SR,1
0,1367,5822,1975,0,43.3657,24.839,6.5401,9.2081,0.0,1907,960.0,1542.0,0.0,-4.98,11.38,16.41,0.0,12,3.0,6.0,0.0,many,SR,2
0,4321,6567,5556,0,45.5162,24.7621,9.4715,8.0065,0.0,2677,1966.0,1261.0,0.0,-1.38,18.8,13.96,0.0,322,177.0,0.0,0.0,many,SR,2
224,3061,9026,7079,0,36.2172,10.7411,12.5465,11.4584,0.0,1982,1710.0,1552.0,0.0,7.57,10.11,9.6,0.0,171,303.0,274.0,0.0,many,RT,2
0,883,2239,0,0,20.563,14.1299,4.6568,0.0,0.0,1900,1294.0,0.0,0.0,3.96,17.76,0.0,0.0,127,0.0,0.0,0.0,one,SR,1
0,430,7538,0,0,20.4218,14.0037,4.646,0.0,0.0,2026,1290.0,0.0,0.0,5.32,17.72,0.0,0.0,133,0.0,0.0,0.0,one,SR,1
0,2751,2788,0,0,20.1543,14.2076,4.3062,0.0,0.0,1886,1166.0,0.0,0.0,5.04,16.41,0.0,0.0,38,0.0,0.0,0.0,one,SR,1
0,111,6812,1697,0,33.802,18.1969,6.2758,6.9506,0.0,1328,1107.0,1040.0,0.0,-7.46,11.7,12.09,0.0,219,112.0,0.0,0.0,many,SR,2
0,2874,1719,0,0,22.0246,15.3362,4.8379,0.0,0.0,2007,1364.0,0.0,0.0,4.42,18.51,0.0,0.0,90,0.0,0.0,0.0,one,SR,1
114,4750,8871,7636,2217,79.1431,21.1195,17.8416,19.1671,18.6447,2775,2675.0,2587.0,2710.0,7.81,11.9,11.9,11.9,15,632.0,489.0,613.0,many,TR,3
136,3626,9392,4143,0,49.0227,13.5052,14.4296,19.4311,0.0,1293,2577.0,2444.0,0.0,-1.33,12.22,12.34,0.0,96,734.0,340.0,0.0,many,RT,2
0,793,8695,0,0,19.4738,13.6661,4.2053,0.0,0.0,1607,1130.0,0.0,0.0,2.45,16.02,0.0,0.0,52,0.0,0.0,0.0,one,SR,1
0,2959,4277,0,0,19.3897,13.5576,4.2234,0.0,0.0,1750,1136.0,0.0,0.0,3.9,16.09,0.0,0.0,63,0.0,0.0,0.0,one,SR,1
186,1297,7811,2546,775,57.2222,9.6483,15.2027,14.8749,16.094,1303,2063.0,1712.0,1856.0,1.06,8.71,7.62,8.69,203,500.0,314.0,292.0,many,RT,3
0,2840,7531,0,0,19.2153,13.2668,4.307,0.0,0.0,1967,1167.0,0.0,0.0,5.88,16.42,0.0,0.0,103,0.0,0.0,0.0,one,SR,1
0,3459,9259,0,0,33.3111,24.1837,6.2565,0.0,0.0,2654,2238.0,0.0,0.0,2.03,28.71,0.0,0.0,113,0.0,0.0,0.0,one,SR,1
0,4963,8339,0,0,29.8871,20.5255,6.3942,0.0,0.0,3059,2320.0,0.0,0.0,5.41,29.67,0.0,0.0,422,0.0,0.0,0.0,one,SR,1
0,2317,383,0,0,24.9618,17.8117,5.1354,0.0,0.0,1923,1510.0,0.0,0.0,2.06,20.15,0.0,0.0,22,0.0,0.0,0.0,one,SR,1
0,4297,685,0,0,18.7371,13.2917,3.948,0.0,0.0,1528,1031.0,0.0,0.0,2.57,14.97,0.0,0.0,13,0.0,0.0,0.0,one,SR,1
9,3514,6417,2213,0,27.4715,8.1156,9.0724,9.0724,0.0,1339,1530.0,1530.0,0.0,3.16,9.06,9.06,0.0,190,425.0,425.0,0.0,many,RT,2
0,3309,1954,0,0,33.0111,23.9239,6.2387,0.0,0.0,4044,2219.0,0.0,0.0,16.83,28.49,0.0,0.0,117,0.0,0.0,0.0,one,SR,1
0,917,4092,0,0,23.5776,15.7436,5.5265,0.0,0.0,3231,1759.0,0.0,0.0,13.16,23.08,0.0,0.0,343,0.0,0.0,0.0,one,SR,1
0,733,7560,0,0,18.6319,13.0326,4.0574,0.0,0.0,1886,1073.0,0.0,0.0,5.93,15.42,0.0,0.0,58,0.0,0.0,0.0,one,SR,1
0,4886,5775,0,0,18.568,13.0513,3.9981,0.0,0.0,1134,1051.0,0.0,0.0,-1.76,15.19,0.0,0.0,42,0.0,0.0,0.0,one,SR,1
0,1460,8402,0,0,21.9646,15.1973,4.8956,0.0,0.0,1884,1384.0,0.0,0.0,2.94,18.72,0.0,0.0,113,0.0,0.0,0.0,one,SR,1
181,2017,8046,1224,0,24.8043,7.5157,8.3087,8.0095,0.0,1137,884.0,888.0,0.0,3.21,7.0,6.7,0.0,83,95.0,132.0,0.0,many,TR,2
0,578,5719,0,0,18.4294,12.6817,4.1644,0.0,0.0,1810,1112.0,0.0,0.0,4.76,15.83,0.0,0.0,107,0.0,0.0,0.0,one,SR,1
0,195,4519,0,0,18.5317,12.3295,4.4916,0.0,0.0,1784,1232.0,0.0,0.0,3.34,17.11,0.0,0.0,209,0.0,0.0,0.0,one,SR,1
180,3373,7528,5660,5659,58.7235,13.1667,25.9214,9.0544,9.0544,1754,2862.0,1254.0,1254.0,4.68,10.08,8.09,8.09,39,416.0,271.0,271.0,many,RT,3
0,2912,5914,228,0,38.7101,20.4988,8.603,6.9055,0.0,1846,1385.0,1031.0,0.0,-4.94,15.02,12.01,0.0,261,0.0,0.0,0.0,many,SR,2
210,2323,4161,1445,0,37.8977,10.9384,12.5042,12.5042,0.0,3109,2104.0,2104.0,0.0,15.09,12.75,12.75,0.0,452,454.0,454.0,0.0,many,TR,2
166,1465,8126,2829,1799,58.0653,12.646,18.0095,9.4373,16.4502,2115,2078.0,1344.0,1652.0,8.51,9.1,7.84,9.28,72,328.0,332.0,83.0,many,RT,3
0,2243,9278,5570,0,33.9882,19.2575,6.1857,6.3679,0.0,1878,879.0,917.0,0.0,0.12,10.72,11.05,0.0,23,-1.0,-1.0,0.0,many,SR,2
0,1777,3566,1067,0,30.4334,16.7183,6.2543,5.4325,0.0,2419,906.0,723.0,0.0,7.14,10.89,9.39,0.0,105,6.0,0.0,0.0,many,SR,2
0,713,7539,0,0,18.1405,11.5667,4.7551,0.0,0.0,2072,1334.0,0.0,0.0,5.39,18.19,0.0,0.0,328,0.0,0.0,0.0,one,SR,1
49,144,3038,0,0,22.4595,5.5969,16.0471,0.0,0.0,1350,2408.0,0.0,0.0,6.84,12.15,0.0,0.0,119,517.0,0.0,0.0,one,TR,1
0,3862,390,0,0,17.3882,11.8151,4.0375,0.0,0.0,1143,1067.0,0.0,0.0,-1.82,15.36,0.0,0.0,137,0.0,0.0,0.0,one,SR,1
213,2618,5197,0,0,16.7484,8.9489,6.7826,0.0,0.0,1299,1698.0,0.0,0.0,4.49,13.17,0.0,0.0,14,449.0,0.0,0.0,one,TR,1
0,2995,9112,0,0,17.2079,11.5915,4.0712,0.0,0.0,1562,1076.0,0.0,0.0,2.5,15.45,0.0,0.0,158,0.0,0.0,0.0,one,SR,1
0,3345,6191,0,0,17.2218,11.5455,4.1132,0.0,0.0,1459,1093.0,0.0,0.0,1.25,15.63,0.0,0.0,172,0.0,0.0,0.0,one,SR,1
0,944,6608,0,0,17.0926,11.8369,3.8103,0.0,0.0,1182,982.0,0.0,0.0,-0.6,14.45,0.0,0.0,80,0.0,0.0,0.0,one,SR,1
0,2193,4220,0,0,31.1794,22.357,6.0844,0.0,0.0,2712,2125.0,0.0,0.0,3.83,27.38,0.0,0.0,156,0.0,0.0,0.0,one,SR,1
0,434,9733,0,0,17.3649,11.1102,4.5283,0.0,0.0,2030,1247.0,0.0,0.0,5.78,17.26,0.0,0.0,302,0.0,0.0,0.0,one,SR,1
0,2482,9884,0,0,17.0921,11.3763,4.141,0.0,0.0,1469,1104.0,0.0,0.0,1.25,15.75,0.0,0.0,191,0.0,0.0,0.0,one,SR,1
0,1632,1056,0,0,32.6215,23.958,5.9984,0.0,0.0,3345,2063.0,0.0,0.0,11.14,26.65,0.0,0.0,2,0.0,0.0,0.0,one,SR,1
0,3869,1885,0,0,16.6707,11.783,3.5462,0.0,0.0,1198,884.0,0.0,0.0,0.51,13.41,0.0,0.0,20,0.0,0.0,0.0,one,SR,1
0,2343,3937,0,0,16.6972,11.6668,3.6497,0.0,0.0,1237,921.0,0.0,0.0,0.56,13.81,0.0,0.0,52,0.0,0.0,0.0,one,SR,1
0,402,4395,0,0,26.6687,18.2154,5.8776,0.0,0.0,2709,1987.0,0.0,0.0,5.26,25.76,0.0,0.0,339,0.0,0.0,0.0,one,SR,1
161,2666,9789,0,0,16.2264,7.4612,7.8013,0.0,0.0,1137,1355.0,0.0,0.0,3.26,11.64,0.0,0.0,83,217.0,0.0,0.0,one,TR,1
0,3539,5073,0,0,16.5968,11.7148,3.5416,0.0,0.0,1133,883.0,0.0,0.0,-0.17,13.4,0.0,0.0,24,0.0,0.0,0.0,one,SR,1
0,2745,9441,0,0,31.3158,22.5632,6.044,0.0,0.0,2874,2100.0,0.0,0.0,5.8,27.09,0.0,0.0,124,0.0,0.0,0.0,one,SR,1
0,3004,8453,0,0,29.455,20.2956,6.278,0.0,0.0,2675,2247.0,0.0,0.0,2.15,28.81,0.0,0.0,385,0.0,0.0,0.0,one,SR,1
0,1152,3983,0,0,16.3994,11.2376,3.7429,0.0,0.0,1118,957.0,0.0,0.0,-1.03,14.19,0.0,0.0,105,0.0,0.0,0.0,one,SR,1
0,2295,8372,0,0,29.2292,21.1488,5.667,0.0,0.0,3758,1849.0,0.0,0.0,17.74,24.13,0.0,0.0,39,0.0,0.0,0.0,one,SR,1
0,2118,5172,0,0,23.9616,16.7596,5.1673,0.0,0.0,2419,1527.0,0.0,0.0,7.09,20.35,0.0,0.0,106,0.0,0.0,0.0,one,SR,1
0,330,241,0,0,16.2665,11.069,3.768,0.0,0.0,1206,967.0,0.0,0.0,-0.2,14.3,0.0,0.0,123,0.0,0.0,0.0,one,SR,1
0,4588,9885,0,0,16.3985,10.5626,4.2272,0.0,0.0,1819,1136.0,0.0,0.0,4.62,16.09,0.0,0.0,267,0.0,0.0,0.0,one,SR,1
140,1012,3345,0,0,20.6467,5.5472,14.4154,0.0,0.0,1082,1888.0,0.0,0.0,5.21,9.84,0.0,0.0,42,347.0,0.0,0.0,one,RT,1
50,4414,6408,6380,733,48.1292,11.7123,7.7581,18.3532,8.5954,1582,875.0,1658.0,1092.0,1.22,7.32,8.32,8.46,251,101.0,33.0,153.0,many,RT,3
0,3924,6615,0,0,16.0659,10.9229,3.7294,0.0,0.0,1190,952.0,0.0,0.0,-0.23,14.14,0.0,0.0,123,0.0,0.0,0.0,one,SR,1
0,2779,5440,0,0,15.8435,11.0348,3.4885,0.0,0.0,1873,864.0,0.0,0.0,7.78,13.2,0.0,0.0,58,0.0,0.0,0.0,one,SR,1
0,2925,870,0,0,15.9738,10.5716,3.9165,0.0,0.0,1359,1020.0,0.0,0.0,0.9,14.86,0.0,0.0,191,0.0,0.0,0.0,one,SR,1
50,3647,9770,6718,4483,61.2635,10.4927,19.095,19.2064,11.107,1235,2447.0,2291.0,1295.0,0.71,8.49,8.46,7.68,121,582.0,459.0,209.0,many,RT,3
0,3055,4184,0,0,15.7979,10.3394,3.9569,0.0,0.0,1375,1035.0,0.0,0.0,0.92,15.02,0.0,0.0,217,0.0,0.0,0.0,one,SR,1
0,2628,3757,0,0,27.9743,19.8777,5.6762,0.0,0.0,2005,1855.0,0.0,0.0,-0.73,24.2,0.0,0.0,130,0.0,0.0,0.0,one,SR,1
0,4526,7044,0,0,24.4294,17.0228,5.2824,0.0,0.0,2008,1603.0,0.0,0.0,1.97,21.24,0.0,0.0,143,0.0,0.0,0.0,one,SR,1
0,871,2642,1907,0,42.2055,23.9411,7.4368,8.09,0.0,1470,1141.0,1362.0,0.0,-9.2,12.94,14.43,0.0,48,0.0,46.0,0.0,many,SR,2
0,2715,654,0,0,15.417,10.9143,3.2705,0.0,0.0,1490,781.0,0.0,0.0,4.55,12.32,0.0,0.0,12,0.0,0.0,0.0,one,SR,1
0,2102,7254,0,0,29.046,19.971,6.2276,0.0,0.0,3776,2218.0,0.0,0.0,14.02,28.47,0.0,0.0,386,0.0,0.0,0.0,one,SR,1
0,1122,712,0,0,24.2215,16.7053,5.3463,0.0,0.0,2701,1642.0,0.0,0.0,8.83,21.7,0.0,0.0,193,0.0,0.0,0.0,one,SR,1
0,4568,1051,0,0,15.1179,10.7542,3.1697,0.0,0.0,1241,745.0,0.0,0.0,2.28,11.94,0.0,0.0,0,0.0,0.0,0.0,one,SR,1
0,2640,6692,0,0,15.3046,10.2179,3.689,0.0,0.0,1245,937.0,0.0,0.0,0.49,13.98,0.0,0.0,161,0.0,0.0,0.0,one,SR,1
0,2620,6948,0,0,23.2385,16.1994,5.0749,0.0,0.0,2533,1467.0,0.0,0.0,8.92,19.64,0.0,0.0,101,0.0,0.0,0.0,one,SR,1
200,3945,8647,7280,7279,88.5203,15.0028,23.3038,24.1186,24.1186,3147,3108.0,2670.0,2670.0,15.26,12.02,11.37,11.37,190,642.0,299.0,299.0,many,RT,3
152,25,9270,6043,0,30.586,10.5562,9.6538,9.2041,0.0,1234,1260.0,1522.0,0.0,2.41,8.83,8.89,0.0,0,199.0,421.0,0.0,many,RT,2
0,2939,6070,2131,0,40.8161,22.8919,5.9475,9.2703,0.0,1942,873.0,1566.0,0.0,-3.97,10.47,16.59,0.0,100,23.0,10.0,0.0,many,SR,2
0,1290,9834,0,0,15.2579,9.8894,3.8934,0.0,0.0,1392,1010.0,0.0,0.0,1.34,14.75,0.0,0.0,231,0.0,0.0,0.0,one,SR,1
0,1305,5145,0,0,14.9721,10.3924,3.3241,0.0,0.0,1403,803.0,0.0,0.0,3.43,12.56,0.0,0.0,62,0.0,0.0,0.0,one,SR,1
0,3468,4813,0,0,14.9203,10.4195,3.2675,0.0,0.0,1528,782.0,0.0,0.0,4.94,12.33,0.0,0.0,47,0.0,0.0,0.0,one,SR,1
0,3943,7504,0,0,14.9171,10.3637,3.3074,0.0,0.0,1215,794.0,0.0,0.0,1.54,12.46,0.0,0.0,58,0.0,0.0,0.0,one,SR,1
0,2643,7327,0,0,19.836,13.9493,4.2653,0.0,0.0,1590,1148.0,0.0,0.0,2.1,16.21,0.0,0.0,44,0.0,0.0,0.0,one,SR,1
42,1831,934,367,0,46.0882,13.9755,18.7793,11.3365,0.0,2618,2424.0,1705.0,0.0,9.52,14.05,12.92,0.0,273,264.0,208.0,0.0,many,RT,2
0,2249,8798,0,0,26.5218,18.5989,5.5776,0.0,0.0,2168,1791.0,0.0,0.0,1.66,23.45,0.0,0.0,171,0.0,0.0,0.0,one,SR,1
176,1715,9865,8187,0,37.2197,10.3286,15.9156,9.8231,0.0,1288,2188.0,1669.0,0.0,3.15,8.47,10.05,0.0,3,568.0,431.0,0.0,many,RT,2
0,1585,8761,0,0,14.7284,10.4342,3.1193,0.0,0.0,1039,727.0,0.0,0.0,0.33,11.75,0.0,0.0,10,0.0,0.0,0.0,one,SR,1
0,1422,9121,0,0,23.2926,16.4126,4.9753,0.0,0.0,2170,1415.0,0.0,0.0,5.64,19.05,0.0,0.0,50,0.0,0.0,0.0,one,SR,1
0,4066,2204,0,0,14.8586,9.8658,3.6205,0.0,0.0,1482,913.0,0.0,0.0,3.21,13.72,0.0,0.0,170,0.0,0.0,0.0,one,SR,1
0,3229,6435,0,0,20.0269,13.8511,4.4706,0.0,0.0,1825,1227.0,0.0,0.0,3.82,17.05,0.0,0.0,102,0.0,0.0,0.0,one,SR,1
0,3010,8325,0,0,21.4653,14.0704,5.2766,0.0,0.0,2584,1598.0,0.0,0.0,8.07,21.18,0.0,0.0,341,0.0,0.0,0.0,one,SR,1
213,4227,7588,6635,0,27.8407,7.6367,12.4942,6.8075,0.0,1301,1698.0,1060.0,0.0,5.54,7.46,7.57,0.0,33,449.0,282.0,0.0,many,TR,2
0,4686,3729,0,0,27.8464,19.9906,5.5388,0.0,0.0,2023,1767.0,0.0,0.0,0.39,23.17,0.0,0.0,59,0.0,0.0,0.0,one,SR,1
0,572,3109,0,0,23.9197,17.0491,4.9702,0.0,0.0,2000,1411.0,0.0,0.0,3.9,19.0,0.0,0.0,4,0.0,0.0,0.0,one,SR,1
0,1541,2199,0,0,14.4599,10.0304,3.2174,0.0,0.0,1171,762.0,0.0,0.0,1.39,12.12,0.0,0.0,60,0.0,0.0,0.0,one,SR,1
0,3767,4927,2566,0,43.1567,22.8429,8.7299,8.5655,0.0,1848,1410.0,1376.0,0.0,-7.76,15.24,14.94,0.0,295,-1.0,0.0,0.0,many,SR,2
0,4912,1976,0,0,14.5112,9.6892,3.4985,0.0,0.0,1431,867.0,0.0,0.0,3.11,13.23,0.0,0.0,152,0.0,0.0,0.0,one,SR,1
106,3534,1088,0,0,18.9559,7.135,10.9811,0.0,0.0,1332,1849.0,0.0,0.0,6.43,11.4,0.0,0.0,29,425.0,0.0,0.0,one,RT,1
0,4004,7965,0,0,14.475,9.4559,3.6416,0.0,0.0,1216,918.0,0.0,0.0,0.37,13.78,0.0,0.0,201,0.0,0.0,0.0,one,SR,1
0,3143,7470,2589,0,41.4496,22.7739,7.8442,8.0113,0.0,1696,1368.0,1262.0,0.0,-7.57,14.23,13.97,0.0,178,76.0,0.0,0.0,many,SR,2
0,3310,9364,0,0,14.2484,9.3344,3.5673,0.0,0.0,1389,889.0,0.0,0.0,2.46,13.47,0.0,0.0,190,0.0,0.0,0.0,one,SR,1
0,194,8271,0,0,21.954,15.1079,4.9511,0.0,0.0,1631,1406.0,0.0,0.0,0.07,18.95,0.0,0.0,133,0.0,0.0,0.0,one,SR,1
0,2155,2937,0,0,40.8804,29.6226,7.4661,0.0,0.0,3968,3021.0,0.0,0.0,7.54,37.92,0.0,0.0,307,0.0,0.0,0.0,one,SR,1
10,364,8423,8422,2088,41.788,11.7707,8.0506,8.0506,12.3972,1301,1096.0,1096.0,1484.0,-0.01,8.06,8.06,8.07,130,210.0,210.0,256.0,many,RT,3
0,4440,7587,0,0,23.9165,16.7387,5.156,0.0,0.0,1937,1516.0,0.0,0.0,2.14,20.22,0.0,0.0,100,0.0,0.0,0.0,one,SR,1
0,896,4097,0,0,23.5741,16.7768,4.9171,0.0,0.0,1840,1392.0,0.0,0.0,2.4,18.8,0.0,0.0,10,0.0,0.0,0.0,one,SR,1
0,4487,6402,0,0,13.8735,9.258,3.3525,0.0,0.0,1179,810.0,0.0,0.0,1.01,12.63,0.0,0.0,144,0.0,0.0,0.0,one,SR,1
0,2210,9384,8306,0,47.3654,26.2535,8.9617,8.9929,0.0,2127,1466.0,1474.0,0.0,-6.08,15.74,15.83,0.0,148,0.0,-1.0,0.0,many,SR,2
0,3793,8882,0,0,13.6391,9.1608,3.2535,0.0,0.0,1569,774.0,0.0,0.0,5.45,12.25,0.0,0.0,127,0.0,0.0,0.0,one,SR,1
0,2396,5502,0,0,19.0317,12.5197,4.7123,0.0,0.0,1966,1316.0,0.0,0.0,4.45,18.0,0.0,0.0,251,0.0,0.0,0.0,one,SR,1
0,3668,3011,0,0,39.4945,29.1202,6.966,0.0,0.0,3417,2695.0,0.0,0.0,5.2,34.08,0.0,0.0,106,0.0,0.0,0.0,one,SR,1
0,3720,6112,5003,0,35.2398,19.3945,6.636,6.8483,0.0,1250,974.0,1065.0,0.0,-8.12,11.52,12.09,0.0,127,0.0,25.0,0.0,many,SR,2
0,1154,4452,0,0,18.5993,13.2328,3.8903,0.0,0.0,1821,1011.0,0.0,0.0,5.84,14.76,0.0,0.0,4,0.0,0.0,0.0,one,SR,1
50,4727,6360,4707,2647,50.1041,12.8313,11.9178,11.9216,11.9333,1202,1307.0,1307.0,1307.0,-0.88,8.0,8.0,8.0,46,153.0,153.0,152.0,many,RT,3
0,4679,1640,0,0,13.1176,8.5416,3.3247,0.0,0.0,1373,799.0,0.0,0.0,3.15,12.51,0.0,0.0,186,0.0,0.0,0.0,one,SR,1
0,143,1564,0,0,20.8086,13.8312,5.0391,0.0,0.0,1746,1445.0,0.0,0.0,0.89,19.38,0.0,0.0,247,0.0,0.0,0.0,one,SR,1
0,1197,8159,0,0,17.6505,12.2465,3.9162,0.0,0.0,1797,1022.0,0.0,0.0,5.48,14.88,0.0,0.0,78,0.0,0.0,0.0,one,SR,1
0,2440,7333,3848,0,33.8213,18.7763,7.5128,5.2623,0.0,2791,1165.0,815.0,0.0,8.88,13.11,9.59,0.0,113,5.0,68.0,0.0,many,SR,2
0,3197,5619,0,0,19.1712,13.4385,4.1537,0.0,0.0,1933,1108.0,0.0,0.0,6.09,15.79,0.0,0.0,53,0.0,0.0,0.0,one,SR,1
0,555,9565,0,0,22.5415,15.0796,5.3155,0.0,0.0,2378,1622.0,0.0,0.0,5.65,21.46,0.0,0.0,289,0.0,0.0,0.0,one,SR,1
0,3152,839,0,0,12.6228,8.2234,3.1958,0.0,0.0,1182,754.0,0.0,0.0,1.58,12.04,0.0,0.0,178,0.0,0.0,0.0,one,SR,1
0,4466,8670,0,0,19.3818,13.5326,4.2383,0.0,0.0,1472,1138.0,0.0,0.0,0.96,16.11,0.0,0.0,66,0.0,0.0,0.0,one,SR,1
243,255,7973,0,0,12.2219,7.0129,4.3256,0.0,0.0,1101,1166.0,0.0,0.0,3.61,10.83,0.0,0.0,64,318.0,0.0,0.0,one,RT,1
0,3550,548,0,0,23.1449,15.6223,5.349,0.0,0.0,2465,1645.0,0.0,0.0,6.32,21.74,0.0,0.0,269,0.0,0.0,0.0,one,SR,1
0,2467,9639,0,0,23.7385,16.2013,5.359,0.0,0.0,2376,1649.0,0.0,0.0,5.34,21.78,0.0,0.0,232,0.0,0.0,0.0,one,SR,1
0,4762,7335,0,0,26.2582,18.6096,5.4221,0.0,0.0,3217,1690.0,0.0,0.0,13.74,22.26,0.0,0.0,98,0.0,0.0,0.0,one,SR,1
272,1451,9089,7446,0,42.7559,7.2483,17.6356,16.9187,0.0,1504,1915.0,1919.0,0.0,7.21,9.86,8.67,0.0,91,182.0,294.0,0.0,many,RT,2
42,2843,5478,5477,0,46.8072,19.4225,12.5893,12.5893,0.0,1579,2605.0,2605.0,0.0,-3.28,15.03,15.03,0.0,30,700.0,700.0,0.0,many,TR,2
263,3000,8721,6731,0,50.583,8.549,24.8662,16.1838,0.0,1206,2310.0,2028.0,0.0,3.81,10.32,8.52,0.0,21,43.0,428.0,0.0,many,RT,2
0,242,1601,0,0,18.776,11.9581,4.9303,0.0,0.0,2121,1399.0,0.0,0.0,5.28,18.88,0.0,0.0,343,0.0,0.0,0.0,one,SR,1
117,758,5506,1524,0,32.3541,5.8537,8.3029,17.2399,0.0,1398,1155.0,2337.0,0.0,6.06,7.49,10.09,0.0,189,273.0,513.0,0.0,many,TR,2
79,1558,8118,7438,1383,61.0969,18.2569,14.2326,12.7179,13.6035,2110,1965.0,1555.0,2237.0,1.58,13.49,9.14,10.23,158,207.0,231.0,637.0,many,RT,3
181,2448,3688,0,0,17.3849,6.0819,10.1142,0.0,0.0,2105,2135.0,0.0,0.0,11.4,14.89,0.0,0.0,315,492.0,0.0,0.0,one,RT,1
213,2433,7984,2196,0,56.4544,8.254,26.797,20.428,0.0,1430,2708.0,2977.0,0.0,6.24,9.8,9.96,0.0,36,265.0,825.0,0.0,many,RT,2
0,4458,6008,0,0,15.564,10.4321,3.7236,0.0,0.0,2076,947.0,0.0,0.0,9.12,14.08,0.0,0.0,153,0.0,0.0,0.0,one,SR,1
117,2547,2688,0,0,15.9759,5.463,9.882,0.0,0.0,1369,1656.0,0.0,0.0,8.7,10.31,0.0,0.0,15,403.0,0.0,0.0,one,RT,1
0,1336,7135,0,0,24.1378,17.2011,5.016,0.0,0.0,1514,1430.0,0.0,0.0,-1.39,19.21,0.0,0.0,6,0.0,0.0,0.0,one,SR,1
0,1394,2572,0,0,21.1699,15.0223,4.4498,0.0,0.0,2528,1220.0,0.0,0.0,11.26,16.98,0.0,0.0,18,0.0,0.0,0.0,one,SR,1
0,3763,4803,0,0,23.7042,15.9264,5.4938,0.0,0.0,2489,1739.0,0.0,0.0,5.58,22.84,0.0,0.0,316,0.0,0.0,0.0,one,SR,1
0,3596,4376,0,0,33.0274,23.331,6.5833,0.0,0.0,3104,2444.0,0.0,0.0,4.57,31.13,0.0,0.0,320,0.0,0.0,0.0,one,SR,1
0,170,5809,2676,0,43.2455,24.2403,8.0678,8.0832,0.0,2114,1369.0,1277.0,0.0,-3.49,14.44,14.1,0.0,99,52.0,0.0,0.0,many,SR,2
147,52,9248,0,0,23.19,5.5586,16.7682,0.0,0.0,1431,2364.0,0.0,0.0,7.26,12.63,0.0,0.0,151,415.0,0.0,0.0,one,TR,1
52,217,193,0,0,19.4513,8.6172,9.7026,0.0,0.0,1163,2170.0,0.0,0.0,2.03,14.32,0.0,0.0,107,575.0,0.0,0.0,one,RT,1
0,812,3730,0,0,24.5273,16.9339,5.3917,0.0,0.0,2135,1669.0,0.0,0.0,2.6,22.02,0.0,0.0,197,0.0,0.0,0.0,one,SR,1
0,2087,1576,0,0,26.0904,18.4867,5.3926,0.0,0.0,2038,1677.0,0.0,0.0,1.5,22.11,0.0,0.0,97,0.0,0.0,0.0,one,SR,1
0,4207,3446,0,0,19.7599,13.6442,4.4274,0.0,0.0,1908,1211.0,0.0,0.0,4.84,16.88,0.0,0.0,106,0.0,0.0,0.0,one,SR,1
0,4143,9730,4495,0,35.8226,20.1345,6.6191,6.7447,0.0,1471,975.0,1000.0,0.0,-5.47,11.52,11.73,0.0,54,2.0,2.0,0.0,many,SR,2
0,172,6271,2059,0,29.2329,14.5988,5.5617,6.7532,0.0,2781,753.0,1459.0,0.0,8.33,9.64,13.56,0.0,428,1.0,246.0,0.0,many,SR,2
0,369,4200,0,0,19.2248,13.6799,4.0189,0.0,0.0,1619,1058.0,0.0,0.0,3.27,15.26,0.0,0.0,4,0.0,0.0,0.0,one,SR,1
257,4711,4535,491,0,43.7953,8.5985,14.2355,19.6873,0.0,1329,2237.0,1960.0,0.0,2.49,10.35,10.39,0.0,196,594.0,69.0,0.0,many,TR,2
0,590,887,0,0,26.2187,18.8059,5.2851,0.0,0.0,2326,1606.0,0.0,0.0,5.27,21.28,0.0,0.0,24,0.0,0.0,0.0,one,SR,1
0,674,5687,0,0,18.3353,11.5605,4.9021,0.0,0.0,2645,1385.0,0.0,0.0,10.92,18.73,0.0,0.0,361,0.0,0.0,0.0,one,SR,1
0,2232,7178,0,0,20.1409,13.6928,4.6676,0.0,0.0,1748,1298.0,0.0,0.0,2.33,17.81,0.0,0.0,159,0.0,0.0,0.0,one,SR,1
0,6,7166,0,0,23.6647,16.0064,5.426,0.0,0.0,2021,1695.0,0.0,0.0,1.13,22.32,0.0,0.0,279,0.0,0.0,0.0,one,SR,1
0,2719,5377,0,0,29.7485,20.2922,6.4455,0.0,0.0,3414,2357.0,0.0,0.0,8.75,30.11,0.0,0.0,464,0.0,0.0,0.0,one,SR,1
0,2020,2143,0,0,18.4545,12.4552,4.3439,0.0,0.0,1508,1180.0,0.0,0.0,0.94,16.55,0.0,0.0,167,0.0,0.0,0.0,one,SR,1
0,3696,8182,0,0,18.4405,12.3323,4.4209,0.0,0.0,2381,1210.0,0.0,0.0,9.82,16.87,0.0,0.0,195,0.0,0.0,0.0,one,SR,1
266,969,5420,0,0,24.5282,5.1426,18.6093,0.0,0.0,1176,2238.0,0.0,0.0,5.36,11.76,0.0,0.0,126,263.0,0.0,0.0,one,TR,1
0,233,8111,0,0,17.1153,11.6192,3.9828,0.0,0.0,1595,1046.0,0.0,0.0,3.13,15.13,0.0,0.0,137,0.0,0.0,0.0,one,SR,1
98,492,3907,0,0,21.0347,5.8926,14.3818,0.0,0.0,1643,2369.0,0.0,0.0,10.41,11.6,0.0,0.0,65,614.0,0.0,0.0,one,TR,1
0,2026,4146,0,0,18.3518,12.7657,4.0463,0.0,0.0,1382,1071.0,0.0,0.0,0.65,15.4,0.0,0.0,75,0.0,0.0,0.0,one,SR,1
0,1922,928,0,0,25.8028,18.4117,5.2728,0.0,0.0,2793,1598.0,0.0,0.0,10.26,21.18,0.0,0.0,45,0.0,0.0,0.0,one,SR,1
117,4876,1428,0,0,20.8978,6.3472,13.5145,0.0,0.0,1319,2540.0,0.0,0.0,4.52,14.36,0.0,0.0,203,636.0,0.0,0.0,one,TR,1
157,4452,8430,4547,0,31.6642,9.158,9.7328,11.7189,0.0,1318,962.0,1107.0,0.0,4.35,8.32,8.22,0.0,23,-3.0,-1.0,0.0,many,RT,2
0,439,8098,7809,0,35.6656,19.0083,6.8602,7.2585,0.0,1968,1229.0,1105.0,0.0,-2.18,12.75,12.64,0.0,262,111.0,0.0,0.0,many,SR,2
224,1400,5946,0,0,13.928,3.5849,9.7736,0.0,0.0,1701,1438.0,0.0,0.0,12.74,8.69,0.0,0.0,105,336.0,0.0,0.0,one,TR,1
0,386,2482,0,0,20.7198,14.4858,4.5129,0.0,0.0,1756,1242.0,0.0,0.0,2.95,17.21,0.0,0.0,69,0.0,0.0,0.0,one,SR,1
0,2431,2751,0,0,25.1939,17.5815,5.4024,0.0,0.0,2310,1676.0,0.0,0.0,4.37,22.1,0.0,0.0,158,0.0,0.0,0.0,one,SR,1
0,3994,450,0,0,12.3558,7.9996,3.1643,0.0,0.0,1808,743.0,0.0,0.0,8.26,11.92,0.0,0.0,186,0.0,0.0,0.0,one,SR,1
0,936,8710,0,0,24.3521,16.8855,5.3189,0.0,0.0,2205,1623.0,0.0,0.0,3.82,21.48,0.0,0.0,167,0.0,0.0,0.0,one,SR,1
0,801,3578,0,0,30.3289,22.0114,5.8006,0.0,0.0,2070,1937.0,0.0,0.0,-0.92,25.17,0.0,0.0,44,0.0,0.0,0.0,one,SR,1
0,1907,1342,0,0,25.8834,17.8831,5.6174,0.0,0.0,2018,1823.0,0.0,0.0,-0.26,23.83,0.0,0.0,243,0.0,0.0,0.0,one,SR,1
262,2698,7673,0,0,21.8672,10.094,10.5919,0.0,0.0,1323,2380.0,0.0,0.0,3.26,14.81,0.0,0.0,37,656.0,0.0,0.0,one,RT,1
124,4184,8357,0,0,19.5448,5.3219,13.542,0.0,0.0,1224,1775.0,0.0,0.0,6.72,9.81,0.0,0.0,55,313.0,0.0,0.0,one,TR,1
0,3637,2036,0,0,19.6451,13.4955,4.4539,0.0,0.0,1438,1218.0,0.0,0.0,-0.16,16.96,0.0,0.0,121,0.0,0.0,0.0,one,SR,1
0,1699,3898,0,0,23.2605,16.5383,4.8621,0.0,0.0,1660,1373.0,0.0,0.0,0.69,18.6,0.0,0.0,14,0.0,0.0,0.0,one,SR,1
0,4251,4156,0,0,31.9436,23.2475,6.0169,0.0,0.0,2397,2075.0,0.0,0.0,1.06,26.79,0.0,0.0,59,0.0,0.0,0.0,one,SR,1
0,3299,4112,2615,0,44.5244,24.9698,8.3564,8.2845,0.0,2743,1362.0,1317.0,0.0,2.58,14.7,14.44,0.0,86,15.0,0.0,0.0,many,SR,2
0,4258,10000,0,0,20.6889,14.6069,4.4054,0.0,0.0,1418,1200.0,0.0,0.0,-0.2,16.77,0.0,0.0,33,0.0,0.0,0.0,one,SR,1
0,21,4179,0,0,16.453,11.0921,3.8858,0.0,0.0,1272,1010.0,0.0,0.0,0.08,14.75,0.0,0.0,149,0.0,0.0,0.0,one,SR,1
197,1320,8525,0,0,17.2154,4.9393,11.5826,0.0,0.0,1139,1563.0,0.0,0.0,5.72,10.94,0.0,0.0,89,199.0,0.0,0.0,one,RT,1
0,2672,1689,0,0,17.6455,11.9636,4.1167,0.0,0.0,1555,1095.0,0.0,0.0,2.24,15.65,0.0,0.0,145,0.0,0.0,0.0,one,SR,1
224,426,7739,5743,0,57.4996,8.0243,23.8843,24.5713,0.0,1572,2383.0,2590.0,0.0,7.33,9.24,9.96,0.0,79,216.0,293.0,0.0,many,TR,2
0,4608,8738,0,0,31.2771,22.4778,6.0754,0.0,0.0,2467,2113.0,0.0,0.0,1.39,27.24,0.0,0.0,139,0.0,0.0,0.0,one,SR,1
184,3180,5422,5421,2577,50.8042,11.2989,12.4686,12.4686,13.0986,1672,1698.0,1698.0,1717.0,4.33,8.9,8.9,7.9,132,368.0,368.0,403.0,many,RT,3
0,503,7085,0,0,15.3112,10.1493,3.7451,0.0,0.0,1798,955.0,0.0,0.0,6.13,14.17,0.0,0.0,178,0.0,0.0,0.0,one,SR,1
166,1441,5841,0,0,12.8133,5.6894,6.4399,0.0,0.0,1056,1095.0,0.0,0.0,4.93,9.84,0.0,0.0,32,200.0,0.0,0.0,one,RT,1
0,3097,6047,0,0,20.0836,13.7388,4.5907,0.0,0.0,1712,1273.0,0.0,0.0,2.19,17.54,0.0,0.0,140,0.0,0.0,0.0,one,SR,1
0,2082,6561,0,0,20.7051,13.919,4.9091,0.0,0.0,2136,1389.0,0.0,0.0,5.53,18.77,0.0,0.0,203,0.0,0.0,0.0,one,SR,1
79,4469,3923,0,0,21.5531,3.3998,17.5594,0.0,0.0,1340,2269.0,0.0,0.0,8.73,10.94,0.0,0.0,133,394.0,0.0,0.0,one,TR,1
223,3400,1709,1708,0,51.9282,7.9251,21.499,21.499,0.0,1103,1632.0,1632.0,0.0,2.53,9.03,9.03,0.0,77,-207.0,-207.0,0.0,many,RT,2
7,1262,6954,0,0,12.2231,5.8265,5.7222,0.0,0.0,1354,1050.0,0.0,0.0,8.15,8.74,0.0,0.0,17,269.0,0.0,0.0,one,TR,1
0,2410,4008,0,0,24.1497,16.5519,5.3925,0.0,0.0,2965,1672.0,0.0,0.0,11.29,22.05,0.0,0.0,225,0.0,0.0,0.0,one,SR,1
0,1024,5865,0,0,27.6119,19.902,5.4553,0.0,0.0,2207,1714.0,0.0,0.0,2.88,22.55,0.0,0.0,27,0.0,0.0,0.0,one,SR,1
252,1704,5828,0,0,12.4422,4.593,7.2501,0.0,0.0,1311,1291.0,0.0,0.0,8.37,8.99,0.0,0.0,55,351.0,0.0,0.0,one,TR,1
243,4213,1275,0,0,12.4537,4.9302,6.8639,0.0,0.0,1155,1247.0,0.0,0.0,6.19,9.6,0.0,0.0,69,305.0,0.0,0.0,one,RT,1
0,3362,3086,1868,0,33.2843,18.6379,6.0663,6.3969,0.0,1142,854.0,981.0,0.0,-7.66,10.5,11.33,0.0,69,0.0,30.0,0.0,many,SR,2
0,4274,4293,3514,0,32.288,17.6295,6.2466,6.2466,0.0,1444,892.0,892.0,0.0,-4.33,10.83,10.83,0.0,127,0.0,0.0,0.0,many,SR,2
224,576,8942,3747,0,42.4103,6.0828,18.437,16.9397,0.0,1903,2054.0,1841.0,0.0,11.42,8.75,7.75,0.0,169,305.0,286.0,0.0,many,RT,2
0,807,9651,0,0,14.6428,10.001,3.3713,0.0,0.0,1936,817.0,0.0,0.0,8.89,12.7,0.0,0.0,98,0.0,0.0,0.0,one,SR,1
0,4479,6156,0,0,14.8153,10.0139,3.4853,0.0,0.0,1362,860.0,0.0,0.0,2.46,13.16,0.0,0.0,125,0.0,0.0,0.0,one,SR,1
0,282,4508,0,0,31.9702,23.2238,6.0413,0.0,0.0,2678,2097.0,0.0,0.0,3.77,27.05,0.0,0.0,77,0.0,0.0,0.0,one,SR,1
0,4771,1825,1447,0,28.364,14.9685,5.9347,5.4248,0.0,1385,830.0,896.0,0.0,-3.78,10.29,10.07,0.0,229,1.0,93.0,0.0,many,SR,2
0,2019,8709,0,0,20.9385,14.558,4.6169,0.0,0.0,2551,1282.0,0.0,0.0,10.91,17.64,0.0,0.0,90,0.0,0.0,0.0,one,SR,1
252,1079,29,0,0,19.6583,6.8924,11.9228,0.0,0.0,1317,2238.0,0.0,0.0,6.24,12.43,0.0,0.0,48,608.0,0.0,0.0,one,RT,1
0,3231,7346,0,0,25.9348,18.0921,5.5281,0.0,0.0,3343,1765.0,0.0,0.0,14.27,23.15,0.0,0.0,187,0.0,0.0,0.0,one,SR,1
0,2356,1406,0,0,28.2008,19.6119,5.952,0.0,0.0,3005,2039.0,0.0,0.0,7.82,26.37,0.0,0.0,281,0.0,0.0,0.0,one,SR,1
116,1429,6218,5345,0,38.6179,10.45,12.3881,14.4191,0.0,1251,1767.0,2374.0,0.0,0.89,9.8,10.8,0.0,123,373.0,662.0,0.0,many,RT,2
0,1689,5974,0,0,15.6714,10.6504,3.6424,0.0,0.0,1811,919.0,0.0,0.0,6.61,13.79,0.0,0.0,120,0.0,0.0,0.0,one,SR,1
124,2203,3726,0,0,16.9233,5.5542,10.7149,0.0,0.0,1085,1444.0,0.0,0.0,5.5,9.54,0.0,0.0,23,238.0,0.0,0.0,one,RT,1
0,4792,9178,0,0,28.0029,18.8138,6.2923,0.0,0.0,3108,2260.0,0.0,0.0,6.56,28.97,0.0,0.0,495,0.0,0.0,0.0,one,SR,1
0,2393,2871,0,0,16.6986,11.8635,3.5107,0.0,0.0,1282,868.0,0.0,0.0,1.54,13.25,0.0,0.0,4,0.0,0.0,0.0,one,SR,1
0,1745,9176,0,0,17.8931,12.6318,3.8138,0.0,0.0,1232,984.0,0.0,0.0,-0.09,14.48,0.0,0.0,27,0.0,0.0,0.0,one,SR,1
0,2635,7432,0,0,19.6919,13.2157,4.6862,0.0,0.0,2128,1307.0,0.0,0.0,6.23,17.9,0.0,0.0,198,0.0,0.0,0.0,one,SR,1
150,2453,2949,0,0,12.2995,5.4376,5.9223,0.0,0.0,1323,1286.0,0.0,0.0,5.44,11.4,0.0,0.0,206,286.0,0.0,0.0,one,RT,1
160,4150,6808,0,0,12.1839,7.3852,3.8072,0.0,0.0,1568,1185.0,0.0,0.0,7.54,11.92,0.0,0.0,105,300.0,0.0,0.0,one,TR,1
0,140,6730,4701,0,31.6677,17.4013,6.486,5.6483,0.0,1497,1016.0,768.0,0.0,-3.47,11.55,9.77,0.0,122,39.0,0.0,0.0,many,SR,2
0,2532,2141,0,0,20.3599,13.692,4.8258,0.0,0.0,1604,1356.0,0.0,0.0,0.26,18.42,0.0,0.0,197,0.0,0.0,0.0,one,SR,1
0,1500,7802,5,0,37.1262,20.868,7.0434,6.7578,0.0,1210,1207.0,999.0,0.0,-9.41,12.83,11.74,0.0,85,79.0,0.0,0.0,many,SR,2
0,4267,2544,0,0,17.0041,11.4273,4.0424,0.0,0.0,1461,1066.0,0.0,0.0,1.53,15.34,0.0,0.0,163,0.0,0.0,0.0,one,SR,1
0,2608,2214,0,0,16.2685,11.0953,3.7521,0.0,0.0,1220,959.0,0.0,0.0,0.02,14.21,0.0,0.0,116,0.0,0.0,0.0,one,SR,1
0,1505,1782,0,0,26.2624,18.0862,5.7205,0.0,0.0,2534,1885.0,0.0,0.0,4.51,24.56,0.0,0.0,274,0.0,0.0,0.0,one,SR,1
49,2817,2777,0,0,11.3767,4.684,6.0745,0.0,0.0,1322,1164.0,0.0,0.0,8.32,9.18,0.0,0.0,60,311.0,0.0,0.0,one,RT,1
7,1330,4010,0,0,11.8209,4.0349,7.05,0.0,0.0,1183,1251.0,0.0,0.0,5.8,10.36,0.0,0.0,177,254.0,0.0,0.0,one,RT,1
69,463,6023,0,0,17.3438,5.1009,11.6703,0.0,0.0,1328,1318.0,0.0,0.0,8.79,8.73,0.0,0.0,4,134.0,0.0,0.0,one,RT,1
0,897,6282,0,0,14.6,9.4964,3.7017,0.0,0.0,1877,941.0,0.0,0.0,7.09,14.02,0.0,0.0,213,0.0,0.0,0.0,one,SR,1
72,3326,8741,8740,0,43.9892,9.2397,16.7956,16.7956,0.0,1320,2463.0,2463.0,0.0,3.44,9.79,9.79,0.0,81,651.0,651.0,0.0,many,TR,2
234,4155,137,0,0,11.1503,4.7281,5.7329,0.0,0.0,1334,1191.0,0.0,0.0,7.8,9.89,0.0,0.0,101,310.0,0.0,0.0,one,RT,1
0,3878,2447,0,0,13.4325,9.0331,3.1958,0.0,0.0,1567,754.0,0.0,0.0,5.62,12.04,0.0,0.0,123,0.0,0.0,0.0,one,SR,1
0,574,3442,0,0,21.6638,15.0879,4.7592,0.0,0.0,1867,1332.0,0.0,0.0,3.25,18.17,0.0,0.0,86,0.0,0.0,0.0,one,SR,1
0,1589,8202,0,0,17.6985,12.4784,3.7863,0.0,0.0,1497,971.0,0.0,0.0,2.81,14.34,0.0,0.0,29,0.0,0.0,0.0,one,SR,1
0,902,5739,0,0,38.819,28.7627,6.7832,0.0,0.0,3728,2580.0,0.0,0.0,9.69,32.73,0.0,0.0,48,0.0,0.0,0.0,one,SR,1
0,4318,5905,5117,0,35.541,19.5905,6.2287,7.2886,0.0,1495,953.0,1260.0,0.0,-6.2,11.06,13.28,0.0,158,34.0,80.0,0.0,many,SR,2
0,441,209,0,0,24.6267,17.1631,5.3148,0.0,0.0,2090,1624.0,0.0,0.0,2.61,21.49,0.0,0.0,149,0.0,0.0,0.0,one,SR,1
32,752,8110,2654,0,32.6714,6.6432,13.5945,11.4515,0.0,1183,2003.0,1619.0,0.0,3.58,8.86,7.97,0.0,150,538.0,419.0,0.0,many,RT,2
0,2081,2461,0,0,27.8612,19.5765,5.7795,0.0,0.0,3591,1927.0,0.0,0.0,15.16,25.05,0.0,0.0,203,0.0,0.0,0.0,one,SR,1
0,4604,9906,0,0,14.4605,10.1211,3.1549,0.0,0.0,1220,736.0,0.0,0.0,2.15,11.85,0.0,0.0,37,0.0,0.0,0.0,one,SR,1
0,3093,9340,0,0,12.0611,7.5658,3.2651,0.0,0.0,1531,779.0,0.0,0.0,5.0,12.3,0.0,0.0,239,0.0,0.0,0.0,one,SR,1
0,527,3274,0,0,16.8743,11.7332,3.7286,0.0,0.0,1152,951.0,0.0,0.0,-0.62,14.13,0.0,0.0,67,0.0,0.0,0.0,one,SR,1
0,4179,7606,0,0,24.1328,16.6762,5.3124,0.0,0.0,2228,1620.0,0.0,0.0,4.1,21.44,0.0,0.0,179,0.0,0.0,0.0,one,SR,1
0,1231,7351,0,0,14.6793,10.2987,3.1813,0.0,0.0,1386,750.0,0.0,0.0,3.76,11.99,0.0,0.0,34,0.0,0.0,0.0,one,SR,1
0,1932,1173,0,0,26.132,18.2798,5.5376,0.0,0.0,2716,1765.0,0.0,0.0,7.69,23.15,0.0,0.0,174,0.0,0.0,0.0,one,SR,1
0,4286,9771,0,0,24.5089,16.7357,5.4903,0.0,0.0,2371,1738.0,0.0,0.0,4.35,22.83,0.0,0.0,260,0.0,0.0,0.0,one,SR,1
0,4642,7106,0,0,14.2647,9.6774,3.3328,0.0,0.0,1270,802.0,0.0,0.0,2.04,12.55,0.0,0.0,110,0.0,0.0,0.0,one,SR,1
0,2688,8734,0,0,14.7365,9.6854,3.664,0.0,0.0,1753,927.0,0.0,0.0,5.92,13.87,0.0,0.0,191,0.0,0.0,0.0,one,SR,1
0,448,1804,0,0,16.0666,11.1582,3.5627,0.0,0.0,1509,888.0,0.0,0.0,3.73,13.46,0.0,0.0,65,0.0,0.0,0.0,one,SR,1
0,3242,2005,1700,0,31.6252,17.4238,6.426,5.6654,0.0,1181,931.0,806.0,0.0,-6.59,11.16,9.94,0.0,107,0.0,18.0,0.0,many,SR,2
213,2812,7142,1129,0,46.6675,6.3728,24.3794,15.0001,0.0,1241,2923.0,1858.0,0.0,4.79,9.53,7.62,0.0,127,582.0,418.0,0.0,many,RT,2
243,4343,6720,0,0,13.8205,5.6826,7.4847,0.0,0.0,1163,1375.0,0.0,0.0,6.33,9.53,0.0,0.0,14,371.0,0.0,0.0,one,TR,1
0,2364,5020,0,0,16.8988,11.8891,3.6343,0.0,0.0,1383,916.0,0.0,0.0,2.14,13.75,0.0,0.0,34,0.0,0.0,0.0,one,SR,1
266,2875,4397,0,0,24.1941,5.0988,18.5216,0.0,0.0,1346,1624.0,0.0,0.0,8.97,9.74,0.0,0.0,5,-83.0,0.0,0.0,one,TR,1
0,903,7579,0,0,15.7473,10.7282,3.6405,0.0,0.0,1296,919.0,0.0,0.0,1.2,13.79,0.0,0.0,115,0.0,0.0,0.0,one,SR,1
66,305,8586,940,0,73.4042,11.219,18.0109,42.8977,0.0,1087,2059.0,2584.0,0.0,-0.08,10.51,12.26,0.0,19,233.0,-892.0,0.0,many,RT,2
243,3569,5084,0,0,14.1713,4.7583,8.8521,0.0,0.0,1082,1522.0,0.0,0.0,6.31,9.61,0.0,0.0,20,400.0,0.0,0.0,one,RT,1
0,2123,3,0,0,16.0473,10.5549,3.9823,0.0,0.0,1738,1043.0,0.0,0.0,4.66,15.1,0.0,0.0,207,0.0,0.0,0.0,one,SR,1
160,3747,9974,5854,466,42.7758,17.1344,6.8717,9.8897,6.8168,2013,1231.0,1767.0,1242.0,2.57,8.77,10.03,8.83,98,340.0,503.0,348.0,many,RT,3
181,4556,2009,0,0,16.3626,5.1724,10.5136,0.0,0.0,1446,1804.0,0.0,0.0,9.09,9.77,0.0,0.0,63,511.0,0.0,0.0,one,TR,1
181,1044,8082,8081,0,29.793,4.9483,11.9674,11.9674,0.0,1382,1725.0,1725.0,0.0,6.32,8.55,8.55,0.0,221,437.0,437.0,0.0,many,TR,2
0,645,4758,0,0,17.6493,11.65,4.3439,0.0,0.0,1851,1180.0,0.0,0.0,4.54,16.55,0.0,0.0,222,0.0,0.0,0.0,one,SR,1
106,4156,1596,0,0,15.8001,5.2178,9.8368,0.0,0.0,1435,1271.0,0.0,0.0,8.36,10.45,0.0,0.0,102,104.0,0.0,0.0,one,RT,1
0,106,9055,0,0,18.5028,12.9824,3.9997,0.0,0.0,1897,1053.0,0.0,0.0,6.23,15.21,0.0,0.0,48,0.0,0.0,0.0,one,SR,1
0,431,6901,6531,0,39.1755,21.7362,7.2495,7.5193,0.0,1427,1152.0,1363.0,0.0,-9.05,12.81,13.9,0.0,157,27.0,110.0,0.0,many,SR,2
233,2334,7876,7119,2367,78.9948,14.1441,31.7394,17.4369,13.9173,1392,2433.0,1575.0,2173.0,-1.2,11.19,8.66,9.71,114,-307.0,3.0,600.0,many,RT,3
124,1899,9990,0,0,14.3702,5.5359,8.179,0.0,0.0,1091,1500.0,0.0,0.0,5.56,9.55,0.0,0.0,25,425.0,0.0,0.0,one,TR,1
0,4478,3167,0,0,17.8676,11.7332,4.4398,0.0,0.0,1786,1217.0,0.0,0.0,3.5,16.95,0.0,0.0,240,0.0,0.0,0.0,one,SR,1
0,429,9201,0,0,14.1971,9.0258,3.7502,0.0,0.0,1707,959.0,0.0,0.0,5.13,14.21,0.0,0.0,257,0.0,0.0,0.0,one,SR,1
0,2302,2290,0,0,16.192,10.8537,3.8685,0.0,0.0,1483,1005.0,0.0,0.0,2.34,14.7,0.0,0.0,162,0.0,0.0,0.0,one,SR,1
0,3684,6196,0,0,19.9391,13.0723,4.9653,0.0,0.0,2079,1412.0,0.0,0.0,4.72,19.01,0.0,0.0,276,0.0,0.0,0.0,one,SR,1
178,1523,4088,0,0,18.8883,4.4223,13.8531,0.0,0.0,1479,1565.0,0.0,0.0,10.01,10.13,0.0,0.0,75,117.0,0.0,0.0,one,TR,1
247,3244,784,0,0,15.7373,4.4013,10.4208,0.0,0.0,1631,1752.0,0.0,0.0,8.89,12.15,0.0,0.0,262,340.0,0.0,0.0,one,TR,1
3,849,7703,0,0,12.4466,5.6627,6.0586,0.0,0.0,1089,1316.0,0.0,0.0,4.91,10.25,0.0,0.0,59,366.0,0.0,0.0,one,TR,1
0,4937,2505,0,0,14.9158,9.5135,3.9176,0.0,0.0,1796,1019.0,0.0,0.0,5.5,14.85,0.0,0.0,263,0.0,0.0,0.0,one,SR,1
0,594,7581,7580,0,26.6776,13.9688,5.4172,5.4172,0.0,1232,721.0,721.0,0.0,-3.93,9.37,9.37,0.0,198,0.0,0.0,0.0,many,SR,2
0,980,5921,4914,0,30.0473,16.7825,5.6655,5.6142,0.0,1225,772.0,845.0,0.0,-5.0,9.81,10.04,0.0,74,0.0,45.0,0.0,many,SR,2
0,1180,2827,108,0,40.0544,21.8001,7.7433,7.7955,0.0,2392,1224.0,1217.0,0.0,0.68,13.57,13.59,0.0,180,10.0,0.0,0.0,many,SR,2
0,4907,5545,0,0,17.4942,12.4319,3.672,0.0,0.0,1167,930.0,0.0,0.0,-0.26,13.9,0.0,0.0,6,0.0,0.0,0.0,one,SR,1
0,3100,9208,0,0,18.7019,12.3908,4.5698,0.0,0.0,1498,1261.0,0.0,0.0,0.06,17.41,0.0,0.0,224,0.0,0.0,0.0,one,SR,1
0,4434,8240,0,0,19.215,12.2392,5.0398,0.0,0.0,2321,1443.0,0.0,0.0,6.95,19.36,0.0,0.0,354,0.0,0.0,0.0,one,SR,1
281,373,5086,0,0,23.38,4.7315,17.8564,0.0,0.0,1165,2278.0,0.0,0.0,5.1,11.92,0.0,0.0,164,328.0,0.0,0.0,one,TR,1
117,1801,4614,0,0,12.0636,4.2422,7.2329,0.0,0.0,1092,1117.0,0.0,0.0,6.17,8.89,0.0,0.0,72,226.0,0.0,0.0,one,RT,1
0,1150,3635,0,0,23.4888,16.7196,4.8975,0.0,0.0,2929,1384.0,0.0,0.0,13.91,18.72,0.0,0.0,9,0.0,0.0,0.0,one,SR,1
31,1901,1258,0,0,11.3179,5.029,5.5721,0.0,0.0,1526,1048.0,0.0,0.0,9.57,9.17,0.0,0.0,97,252.0,0.0,0.0,one,RT,1
0,1887,6798,2979,0,28.6198,15.0985,5.6495,5.8723,0.0,1273,772.0,823.0,0.0,-4.63,9.79,10.21,0.0,198,2.0,4.0,0.0,many,SR,2
0,2559,647,0,0,12.5165,8.2335,3.1134,0.0,0.0,1239,722.0,0.0,0.0,2.48,11.7,0.0,0.0,157,0.0,0.0,0.0,one,SR,1
0,1361,715,0,0,21.6926,15.1224,4.7546,0.0,0.0,2013,1331.0,0.0,0.0,4.8,18.16,0.0,0.0,83,0.0,0.0,0.0,one,SR,1
66,3896,8676,6792,0,51.9581,9.832,22.7779,18.0741,0.0,1458,3108.0,2846.0,0.0,3.84,11.49,11.25,0.0,112,703.0,786.0,0.0,many,TR,2
275,1803,2450,0,0,17.405,4.0418,12.8054,0.0,0.0,1710,1935.0,0.0,0.0,12.94,8.58,0.0,0.0,67,547.0,0.0,0.0,one,RT,1
0,1577,1114,0,0,19.7933,13.3847,4.6366,0.0,0.0,1656,1290.0,0.0,0.0,1.44,17.72,0.0,0.0,175,0.0,0.0,0.0,one,SR,1
0,71,7753,4114,0,31.0921,16.14,6.3713,6.3713,0.0,1806,918.0,918.0,0.0,-0.92,11.05,11.05,0.0,256,0.0,0.0,0.0,many,SR,2
238,3486,7008,5424,0,68.2226,15.3361,11.1813,39.8529,0.0,1765,1971.0,3853.0,0.0,1.86,13.94,12.59,0.0,91,361.0,230.0,0.0,many,RT,2
151,2370,8659,0,0,16.5644,4.6118,11.379,0.0,0.0,1188,1683.0,0.0,0.0,7.31,8.74,0.0,0.0,38,428.0,0.0,0.0,one,TR,1
0,1515,2106,0,0,17.9425,11.6465,4.5579,0.0,0.0,1744,1258.0,0.0,0.0,2.67,17.38,0.0,0.0,273,0.0,0.0,0.0,one,SR,1
0,1726,952,0,0,21.5386,15.1374,4.6334,0.0,0.0,1966,1286.0,0.0,0.0,4.73,17.68,0.0,0.0,53,0.0,0.0,0.0,one,SR,1
163,4919,6702,6450,0,68.3789,14.1741,24.8688,27.3298,0.0,3135,3171.0,3547.0,0.0,14.86,15.04,15.03,0.0,265,428.0,574.0,0.0,many,TR,2
0,881,4862,0,0,12.0559,7.3955,3.3826,0.0,0.0,1786,824.0,0.0,0.0,7.25,12.78,0.0,0.0,280,0.0,0.0,0.0,one,SR,1
173,4905,6809,0,0,24.1947,4.3031,19.3148,0.0,0.0,1336,2019.0,0.0,0.0,8.84,9.77,0.0,0.0,61,170.0,0.0,0.0,one,RT,1
39,854,2157,220,0,52.5777,12.0684,16.2256,22.6762,0.0,1437,1470.0,3440.0,0.0,0.62,8.94,15.13,0.0,164,-24.0,753.0,0.0,many,RT,2
0,4694,8678,0,0,17.4454,11.5456,4.2741,0.0,0.0,2880,1152.0,0.0,0.0,15.61,16.26,0.0,0.0,211,0.0,0.0,0.0,one,SR,1
197,1833,6393,2878,0,29.9615,12.826,7.7605,7.851,0.0,1277,1322.0,1283.0,0.0,-0.31,9.76,9.48,0.0,61,301.0,283.0,0.0,many,RT,2
0,4601,6116,0,0,18.782,13.1245,4.0975,0.0,0.0,1322,1090.0,0.0,0.0,-0.16,15.6,0.0,0.0,63,0.0,0.0,0.0,one,SR,1
272,3477,3943,0,0,22.6224,2.3838,19.613,0.0,0.0,1644,2134.0,0.0,0.0,11.63,10.26,0.0,0.0,222,213.0,0.0,0.0,one,TR,1
0,190,8122,0,0,12.1855,7.6021,3.3268,0.0,0.0,2133,804.0,0.0,0.0,11.09,12.57,0.0,0.0,253,0.0,0.0,0.0,one,SR,1
0,949,1807,0,0,20.9286,14.8599,4.3932,0.0,0.0,1872,1199.0,0.0,0.0,4.58,16.76,0.0,0.0,15,0.0,0.0,0.0,one,SR,1
1,4014,6715,0,0,14.5145,6.2022,7.6209,0.0,0.0,1444,1308.0,0.0,0.0,8.94,9.91,0.0,0.0,2,290.0,0.0,0.0,one,RT,1
21,1010,7282,0,0,18.3202,4.3111,13.2223,0.0,0.0,1605,2388.0,0.0,0.0,9.77,11.87,0.0,0.0,189,680.0,0.0,0.0,one,TR,1
0,724,9037,0,0,18.1923,12.2344,4.3143,0.0,0.0,1831,1169.0,0.0,0.0,4.43,16.44,0.0,0.0,175,0.0,0.0,0.0,one,SR,1
0,4036,4737,0,0,12.542,8.2326,3.1323,0.0,0.0,1502,729.0,0.0,0.0,5.18,11.77,0.0,0.0,161,0.0,0.0,0.0,one,SR,1
0,3401,2911,0,0,15.0316,10.4783,3.3052,0.0,0.0,1518,796.0,0.0,0.0,4.71,12.48,0.0,0.0,52,0.0,0.0,0.0,one,SR,1
0,3675,5123,0,0,11.8113,7.5433,3.1015,0.0,0.0,1684,719.0,0.0,0.0,7.18,11.66,0.0,0.0,202,0.0,0.0,0.0,one,SR,1
195,2418,9712,0,0,29.9299,3.8287,25.5148,0.0,0.0,1277,2031.0,0.0,0.0,8.13,10.86,0.0,0.0,99,-238.0,0.0,0.0,one,RT,1
0,3914,3387,0,0,17.8357,12.4598,3.8954,0.0,0.0,1461,1015.0,0.0,0.0,2.02,14.8,0.0,0.0,59,0.0,0.0,0.0,one,SR,1
0,304,9647,0,0,16.7215,11.7738,3.5882,0.0,0.0,1450,901.0,0.0,0.0,2.99,13.6,0.0,0.0,32,0.0,0.0,0.0,one,SR,1
0,1013,9682,0,0,15.8709,10.2547,4.0679,0.0,0.0,1676,1079.0,0.0,0.0,3.66,15.48,0.0,0.0,251,0.0,0.0,0.0,one,SR,1
0,4595,1766,0,0,13.7163,9.1253,3.3333,0.0,0.0,1546,805.0,0.0,0.0,4.91,12.58,0.0,0.0,150,0.0,0.0,0.0,one,SR,1
275,4328,8550,0,0,21.2502,7.0021,13.2948,0.0,0.0,1374,2361.0,0.0,0.0,5.85,12.53,0.0,0.0,108,617.0,0.0,0.0,one,RT,1
0,2742,3171,0,0,12.4853,8.2135,3.1053,0.0,0.0,1484,719.0,0.0,0.0,5.08,11.66,0.0,0.0,156,0.0,0.0,0.0,one,SR,1
193,1987,7717,0,0,24.9693,3.8185,20.5474,0.0,0.0,1819,1816.0,0.0,0.0,13.67,10.03,0.0,0.0,110,-70.0,0.0,0.0,one,TR,1
176,4073,5797,0,0,12.845,3.6208,8.5975,0.0,0.0,1242,1600.0,0.0,0.0,7.4,10.27,0.0,0.0,138,436.0,0.0,0.0,one,RT,1
0,2417,2800,0,0,14.3052,9.4495,3.5227,0.0,0.0,1465,876.0,0.0,0.0,3.39,13.33,0.0,0.0,174,0.0,0.0,0.0,one,SR,1
0,3228,8663,0,0,17.5074,12.3493,3.7413,0.0,0.0,1198,955.0,0.0,0.0,-0.17,14.17,0.0,0.0,28,0.0,0.0,0.0,one,SR,1
0,1507,1839,0,0,16.6191,11.7201,3.5554,0.0,0.0,1263,886.0,0.0,0.0,1.17,13.44,0.0,0.0,26,0.0,0.0,0.0,one,SR,1
197,3904,5332,0,0,15.5257,2.9896,11.9667,0.0,0.0,1312,1833.0,0.0,0.0,8.65,8.69,0.0,0.0,146,511.0,0.0,0.0,one,TR,1
39,1018,7497,0,0,16.9892,8.491,7.5215,0.0,0.0,1128,1400.0,0.0,0.0,3.05,11.77,0.0,0.0,21,260.0,0.0,0.0,one,TR,1
0,939,6847,0,0,14.3124,9.6726,3.3672,0.0,0.0,1432,819.0,0.0,0.0,3.58,12.73,0.0,0.0,122,0.0,0.0,0.0,one,SR,1
0,1486,2603,0,0,14.3367,9.941,3.1942,0.0,0.0,1821,752.0,0.0,0.0,8.31,12.01,0.0,0.0,60,0.0,0.0,0.0,one,SR,1
0,3885,6404,0,0,15.3031,10.8247,3.2546,0.0,0.0,1775,773.0,0.0,0.0,7.62,12.24,0.0,0.0,13,0.0,0.0,0.0,one,SR,1
0,4659,4982,1877,0,41.1253,21.2467,8.462,8.462,0.0,2375,1356.0,1356.0,0.0,-1.65,14.77,14.77,0.0,365,0.0,0.0,0.0,many,SR,2
0,2211,731,0,0,14.571,10.2692,3.1258,0.0,0.0,1407,728.0,0.0,0.0,4.19,11.76,0.0,0.0,22,0.0,0.0,0.0,one,SR,1
0,500,5515,0,0,11.6951,7.4158,3.1107,0.0,0.0,1398,721.0,0.0,0.0,4.16,11.69,0.0,0.0,212,0.0,0.0,0.0,one,SR,1
265,3673,8843,302,0,26.8023,9.4075,8.001,7.9855,0.0,1403,1329.0,1322.0,0.0,2.06,9.08,9.01,0.0,223,332.0,332.0,0.0,many,RT,2
0,4842,7357,2756,0,33.1636,16.8415,6.9525,6.9525,0.0,2222,1040.0,1040.0,0.0,1.58,12.09,12.09,0.0,335,0.0,0.0,0.0,many,SR,2
263,891,4786,0,0,19.4427,2.1501,16.7073,0.0,0.0,1492,1772.0,0.0,0.0,10.4,9.85,0.0,0.0,213,127.0,0.0,0.0,one,RT,1
0,2578,7519,5715,0,45.6079,25.6338,7.9439,8.9832,0.0,2413,1286.0,1609.0,0.0,-2.09,14.0,16.47,0.0,122,21.0,66.0,0.0,many,SR,2
18,919,7724,3732,0,53.2949,7.6584,26.4286,18.0972,0.0,1610,2720.0,2000.0,0.0,6.91,10.55,9.55,0.0,160,252.0,238.0,0.0,many,TR,2
0,128,9191,4441,0,38.0478,20.5251,7.8329,7.0925,0.0,2392,1224.0,1068.0,0.0,1.74,13.65,12.32,0.0,195,0.0,0.0,0.0,many,SR,2
42,3616,8890,8889,0,74.7917,14.936,29.011,29.011,0.0,1572,2998.0,2998.0,0.0,0.0,14.17,14.17,0.0,107,109.0,109.0,0.0,many,TR,2
0,1325,5192,2065,0,29.129,16.1748,5.5129,5.4852,0.0,1198,877.0,734.0,0.0,-5.03,10.08,9.48,0.0,98,73.0,0.0,0.0,many,SR,2
0,1682,4873,3643,0,55.2587,31.6083,8.1963,11.763,0.0,2534,1299.0,2193.0,0.0,-6.61,14.29,22.62,0.0,110,0.0,-1.0,0.0,many,SR,2
165,3819,7961,0,0,18.5165,5.0411,12.7914,0.0,0.0,1218,1628.0,0.0,0.0,6.63,9.84,0.0,0.0,76,242.0,0.0,0.0,one,TR,1
140,2101,6554,0,0,20.2227,5.7746,13.6931,0.0,0.0,1436,2322.0,0.0,0.0,8.28,11.55,0.0,0.0,70,621.0,0.0,0.0,one,TR,1
0,2426,7960,4895,0,29.5828,15.746,6.2045,5.5878,0.0,1258,890.0,755.0,0.0,-5.19,10.78,9.66,0.0,181,3.0,0.0,0.0,many,SR,2
238,3446,3707,0,0,13.8238,6.2045,6.9162,0.0,0.0,1140,888.0,0.0,0.0,5.64,9.03,0.0,0.0,9,61.0,0.0,0.0,one,RT,1
14,3933,8938,2692,1237,82.3733,20.764,24.143,16.9953,18.0319,1566,2305.0,2115.0,2694.0,-5.51,12.62,11.73,12.04,81,-52.0,264.0,628.0,many,RT,3
0,3897,7936,7212,7211,87.9129,51.29,11.1527,9.8723,9.8723,2070,2070.0,1703.0,1703.0,-29.8,21.29,17.98,17.98,17,17.0,0.0,0.0,many,SR,3
89,1185,9386,8560,0,68.9275,4.583,18.7818,44.6103,0.0,2526,2719.0,3812.0,0.0,17.95,9.74,11.79,0.0,272,736.0,-28.0,0.0,many,TR,2
0,4812,9785,9784,2085,62.1003,34.9441,7.7705,7.7705,7.4937,1589,1211.0,1211.0,1428.0,-20.41,13.54,13.54,14.13,147,0.0,0.0,147.0,many,SR,3
0,2132,2895,1942,0,68.6846,40.177,11.0445,12.8231,0.0,2727,2006.0,2535.0,0.0,-13.13,20.85,25.55,0.0,108,0.0,31.0,0.0,many,SR,2
14,363,8846,8845,6128,100.6436,22.4488,27.3498,27.3498,20.9217,2496,2214.0,2214.0,2821.0,3.05,12.73,12.73,12.27,49,-311.0,-311.0,546.0,many,RT,3
79,3386,6552,3120,0,68.8621,19.0988,28.4084,18.9226,0.0,1977,3545.0,2791.0,0.0,-1.13,17.04,16.28,0.0,191,395.0,408.0,0.0,many,RT,2
0,828,3764,3763,0,53.0417,29.6736,9.882,9.882,0.0,2776,1707.0,1707.0,0.0,-3.29,18.02,18.02,0.0,189,0.0,0.0,0.0,many,SR,2
15,3694,4863,2412,0,69.3142,21.0824,28.2424,17.4117,0.0,2887,4143.0,2674.0,0.0,7.11,17.9,16.88,0.0,145,811.0,371.0,0.0,many,RT,2
0,3708,4545,3076,0,44.7228,24.6683,8.6623,8.4027,0.0,1662,1401.0,1369.0,0.0,-9.45,15.13,14.76,0.0,153,3.0,14.0,0.0,many,SR,2
0,1927,1212,338,0,49.8215,27.8996,8.406,10.1677,0.0,3112,1351.0,1797.0,0.0,2.54,14.7,18.79,0.0,153,4.0,9.0,0.0,many,SR,2
136,4157,5325,5324,0,43.4417,15.1588,13.0656,13.0656,0.0,1782,2462.0,2462.0,0.0,-0.65,13.76,13.76,0.0,287,637.0,637.0,0.0,many,TR,2
0,4667,9492,7312,0,43.1634,24.6972,5.7748,9.8682,0.0,2540,794.0,1755.0,0.0,1.26,9.99,18.24,0.0,49,0.0,25.0,0.0,many,SR,2
140,2004,639,184,0,41.0718,8.5499,13.772,17.7599,0.0,1141,1913.0,1473.0,0.0,3.07,8.94,8.96,0.0,25,454.0,-110.0,0.0,many,TR,2
0,4346,2475,988,0,42.5762,23.8144,8.1933,7.7781,0.0,1621,1320.0,1211.0,0.0,-8.09,14.36,13.54,0.0,89,12.0,0.0,0.0,many,SR,2
0,3001,8737,6817,0,41.0099,23.1956,7.768,7.403,0.0,1559,1209.0,1137.0,0.0,-7.42,13.53,12.9,0.0,41,-1.0,1.0,0.0,many,SR,2
0,3735,9456,1947,0,40.0313,22.8712,7.9288,6.6859,0.0,1536,1250.0,984.0,0.0,-6.78,13.85,11.61,0.0,3,3.0,0.0,0.0,many,SR,2
0,974,8683,4378,0,40.2593,21.7974,6.3675,9.2726,0.0,1775,918.0,1681.0,0.0,-6.76,11.05,17.17,0.0,246,0.0,64.0,0.0,many,SR,2
0,2303,8849,8848,0,39.3784,21.4116,7.6507,7.6507,0.0,2394,1186.0,1186.0,0.0,1.15,13.33,13.33,0.0,176,0.0,0.0,0.0,many,SR,2
0,234,4802,82,0,38.1153,20.5476,8.0426,6.9064,0.0,1470,1311.0,1030.0,0.0,-8.13,14.19,12.0,0.0,206,24.0,0.0,0.0,many,SR,2
0,1849,9464,3758,0,38.2019,20.2951,7.6613,7.3217,0.0,2584,1189.0,1888.0,0.0,0.82,13.35,15.89,0.0,411,0.0,407.0,0.0,many,SR,2
0,3439,8921,6951,0,43.2347,23.7256,8.5917,7.8469,0.0,2314,1816.0,1228.0,0.0,-3.34,17.03,13.68,0.0,267,214.0,1.0,0.0,many,SR,2
0,1943,6734,4494,0,41.6256,22.9477,7.8588,8.0321,0.0,2066,1229.0,1310.0,0.0,-3.39,13.69,14.18,0.0,146,0.0,24.0,0.0,many,SR,2
0,2067,5646,2316,0,35.7857,20.1232,6.6462,6.6945,0.0,3489,990.0,985.0,0.0,15.74,11.6,11.62,0.0,53,7.0,0.0,0.0,many,SR,2
50,609,7958,574,327,104.1783,33.0876,24.1399,23.2524,19.7394,2684,3069.0,3027.0,2960.0,-7.45,17.01,17.27,17.31,174,279.0,283.0,431.0,many,RT,3
38,4970,9099,5220,5194,61.0782,12.4428,14.0195,18.7234,14.4306,1199,1407.0,2389.0,1821.0,-0.57,7.65,9.0,8.97,49,129.0,530.0,345.0,many,TR,3
0,1002,636,635,0,32.568,18.0337,6.193,6.193,0.0,1883,882.0,882.0,0.0,0.44,10.74,10.74,0.0,89,0.0,0.0,0.0,many,SR,2
265,2080,9107,5673,5672,48.2567,13.244,10.7319,11.2011,11.2011,2039,1283.0,1814.0,1814.0,4.5,9.44,9.17,9.17,250,120.0,513.0,513.0,many,RT,3
0,4271,4548,3316,0,31.5378,17.9689,5.7816,5.7835,0.0,1321,797.0,797.0,0.0,-4.16,10.02,10.02,0.0,5,0.0,0.0,0.0,many,SR,2
0,1322,2434,0,0,32.655,22.7839,6.6815,0.0,0.0,2885,2509.0,0.0,0.0,1.59,31.9,0.0,0.0,404,0.0,0.0,0.0,one,SR,1
0,798,1994,1539,0,39.3689,22.4513,6.4557,7.9487,0.0,1269,936.0,1269.0,0.0,-9.29,11.2,13.93,0.0,12,0.0,12.0,0.0,many,SR,2
0,3380,9135,9134,0,36.7664,20.9901,6.7213,6.7213,0.0,2461,991.0,991.0,0.0,4.84,11.67,11.67,0.0,1,0.0,0.0,0.0,many,SR,2
0,3834,2116,2115,0,30.4998,16.8951,5.7988,5.7988,0.0,2228,799.0,799.0,0.0,5.33,10.04,10.04,0.0,80,0.0,0.0,0.0,many,SR,2
0,4682,5618,0,0,31.1351,21.5368,6.5252,0.0,0.0,2685,2410.0,0.0,0.0,0.53,30.73,0.0,0.0,418,0.0,0.0,0.0,one,SR,1
0,1247,7644,5315,0,29.9294,16.1459,5.6925,6.0286,0.0,2468,862.0,848.0,0.0,7.35,10.18,10.44,0.0,165,46.0,1.0,0.0,many,SR,2
0,1773,6583,2037,0,29.9257,15.9748,5.9455,5.9455,0.0,1936,830.0,830.0,0.0,1.79,10.3,10.3,0.0,175,0.0,0.0,0.0,many,SR,2
0,2557,7243,6076,0,42.7783,23.8279,8.8484,7.2234,0.0,1957,1573.0,1120.0,0.0,-5.36,16.13,12.66,0.0,142,66.0,13.0,0.0,many,SR,2
0,4663,8248,7379,0,36.5291,20.1778,7.2719,6.551,0.0,1523,1107.0,1274.0,0.0,-6.76,12.66,12.63,0.0,176,0.0,170.0,0.0,many,SR,2
0,4554,6594,6593,0,29.1149,15.6532,5.7384,5.7384,0.0,1375,786.0,786.0,0.0,-3.43,9.92,9.92,0.0,151,0.0,0.0,0.0,many,SR,2
0,4079,9467,774,0,34.8308,18.7683,5.7675,7.8405,0.0,1516,791.0,1454.0,0.0,-6.17,9.98,14.57,0.0,227,-1.0,122.0,0.0,many,SR,2
86,3563,6263,3986,0,37.7303,5.9004,13.3261,17.3448,0.0,1903,1853.0,2390.0,0.0,9.55,8.78,9.81,0.0,309,443.0,563.0,0.0,many,RT,2
11,2315,4048,2446,2130,58.982,12.5254,15.9718,13.1801,15.5893,1385,2322.0,1875.0,2259.0,-0.9,10.15,9.34,8.67,199,571.0,437.0,629.0,many,RT,3
0,3175,9744,4667,0,27.5956,14.504,5.5724,5.5869,0.0,1310,757.0,756.0,0.0,-3.64,9.65,9.67,0.0,197,3.0,0.0,0.0,many,SR,2
0,2932,3604,0,0,28.2556,19.2662,6.1832,0.0,0.0,2488,2183.0,0.0,0.0,0.87,28.06,0.0,0.0,409,0.0,0.0,0.0,one,SR,1
0,4611,2374,2373,0,26.701,13.5931,5.5878,5.5878,0.0,1771,755.0,755.0,0.0,1.21,9.66,9.66,0.0,259,0.0,0.0,0.0,many,SR,2
0,4315,819,0,0,27.5621,18.5349,6.2022,0.0,0.0,3293,2199.0,0.0,0.0,9.15,28.25,0.0,0.0,470,0.0,0.0,0.0,one,SR,1
0,3227,6427,4420,0,42.9377,24.5484,8.3961,7.2633,0.0,1344,1344.0,1106.0,0.0,-10.46,14.65,12.65,0.0,2,2.0,0.0,0.0,many,SR,2
117,885,6297,2899,0,53.6538,8.0387,32.2832,12.4178,0.0,1192,3453.0,1683.0,0.0,4.29,10.58,7.56,0.0,13,473.0,436.0,0.0,many,TR,2
26,651,1787,1657,0,59.5062,17.9322,20.99,18.4094,0.0,2433,2337.0,2424.0,0.0,5.97,13.74,14.01,0.0,112,89.0,288.0,0.0,many,TR,2
0,4010,8266,2693,0,42.2845,22.3769,8.4814,8.4495,0.0,2343,1416.0,1353.0,0.0,-2.19,15.02,14.75,0.0,301,31.0,0.0,0.0,many,SR,2
25,3940,1487,0,0,26.9936,5.9473,20.1874,0.0,0.0,1163,2589.0,0.0,0.0,4.48,12.59,0.0,0.0,122,393.0,0.0,0.0,one,TR,1
0,1433,588,0,0,24.3334,16.5382,5.5053,0.0,0.0,1938,1744.0,0.0,0.0,-0.26,22.9,0.0,0.0,278,0.0,0.0,0.0,one,SR,1
0,476,6419,0,0,23.0383,15.9098,5.1231,0.0,0.0,2013,1502.0,0.0,0.0,3.09,20.05,0.0,0.0,146,0.0,0.0,0.0,one,SR,1
0,4796,334,0,0,22.7276,15.4493,5.213,0.0,0.0,2017,1553.0,0.0,0.0,2.59,20.65,0.0,0.0,214,0.0,0.0,0.0,one,SR,1
0,2738,7143,0,0,22.6842,15.4441,5.1888,0.0,0.0,1892,1541.0,0.0,0.0,1.41,20.51,0.0,0.0,206,0.0,0.0,0.0,one,SR,1
38,1284,9414,4938,0,27.4249,9.7324,8.2082,8.2366,0.0,1203,1216.0,1204.0,0.0,1.4,8.29,8.18,0.0,102,279.0,275.0,0.0,many,RT,2
0,4447,200,0,0,22.3946,15.4395,5.0298,0.0,0.0,2089,1434.0,0.0,0.0,4.61,19.25,0.0,0.0,129,0.0,0.0,0.0,one,SR,1
34,2823,4601,0,0,27.5102,11.3794,14.8127,0.0,0.0,1420,2986.0,0.0,0.0,3.05,17.18,0.0,0.0,33,740.0,0.0,0.0,one,TR,1
262,1049,1169,0,0,20.7168,4.8906,15.0892,0.0,0.0,1145,2462.0,0.0,0.0,5.39,11.37,0.0,0.0,119,658.0,0.0,0.0,one,RT,1
0,3820,255,0,0,28.282,19.3211,6.1629,0.0,0.0,2635,2176.0,0.0,0.0,2.49,27.98,0.0,0.0,400,0.0,0.0,0.0,one,SR,1
150,2277,7078,6725,1474,46.0476,15.3357,9.2405,8.7466,10.8147,1384,1535.0,1488.0,1487.0,-2.66,9.56,9.57,8.98,127,391.0,383.0,297.0,many,RT,3
152,192,9331,0,0,19.875,4.558,14.7571,0.0,0.0,1686,2174.0,0.0,0.0,12.66,9.6,0.0,0.0,33,559.0,0.0,0.0,one,RT,1
213,2327,8250,0,0,19.8729,6.2427,12.9228,0.0,0.0,1132,2117.0,0.0,0.0,5.52,11.07,0.0,0.0,9,536.0,0.0,0.0,one,RT,1
124,2478,866,865,0,38.6224,8.0474,14.71,14.71,0.0,1177,2018.0,2018.0,0.0,1.96,8.77,8.77,0.0,160,490.0,490.0,0.0,many,TR,2
0,4425,8841,0,0,20.4613,14.2686,4.4844,0.0,0.0,1525,1230.0,0.0,0.0,0.64,17.08,0.0,0.0,76,0.0,0.0,0.0,one,SR,1
48,2095,5947,0,0,31.61,12.902,16.9486,0.0,0.0,1682,3863.0,0.0,0.0,1.83,22.59,0.0,0.0,200,976.0,0.0,0.0,one,RT,1
52,1823,5442,0,0,29.2995,9.8168,18.3767,0.0,0.0,1657,2213.0,0.0,0.0,7.44,15.06,0.0,0.0,10,69.0,0.0,0.0,one,RT,1
0,4408,5217,0,0,50.3057,37.2265,8.4972,0.0,0.0,4836,3693.0,0.0,0.0,9.54,45.82,0.0,0.0,274,0.0,0.0,0.0,one,SR,1
278,2972,8827,6215,3418,96.5476,16.8479,34.8343,21.4309,21.4309,1794,3067.0,2202.0,2202.0,0.8,12.63,10.7,10.7,81,-84.0,135.0,135.0,many,RT,3
0,3474,841,0,0,30.7291,21.3595,6.3988,0.0,0.0,2897,2323.0,0.0,0.0,3.68,29.71,0.0,0.0,367,0.0,0.0,0.0,one,SR,1
0,2151,9265,0,0,18.7649,12.6886,4.3997,0.0,0.0,1776,1200.0,0.0,0.0,3.56,16.77,0.0,0.0,164,0.0,0.0,0.0,one,SR,1
0,1362,3409,0,0,18.5451,13.2143,3.8642,0.0,0.0,1731,1002.0,0.0,0.0,4.98,14.67,0.0,0.0,-1,0.0,0.0,0.0,one,SR,1
265,4566,6584,2330,0,44.7709,13.3272,11.1467,18.5528,0.0,1233,1541.0,1930.0,0.0,-2.75,11.69,11.75,0.0,162,164.0,33.0,0.0,many,RT,2
0,2763,3127,0,0,18.1766,12.9002,3.8268,0.0,0.0,1985,986.0,0.0,0.0,7.8,14.5,0.0,0.0,10,0.0,0.0,0.0,one,SR,1
0,2476,8835,150,0,31.1449,17.0013,5.7096,6.2313,0.0,1340,1118.0,890.0,0.0,-5.75,11.22,10.81,0.0,193,180.0,0.0,0.0,many,SR,2
0,345,7460,5410,0,33.5005,17.3482,6.8825,6.8783,0.0,2311,1025.0,1026.0,0.0,2.74,11.96,11.96,0.0,285,0.0,1.0,0.0,many,SR,2
0,1130,5644,684,0,52.4521,28.3629,12.457,7.8262,0.0,2659,2392.0,1223.0,0.0,-6.33,24.42,13.64,0.0,402,8.0,0.0,0.0,many,SR,2
0,2144,5926,0,0,17.9066,12.4894,3.9262,0.0,0.0,1802,1025.0,0.0,0.0,5.5,14.91,0.0,0.0,64,0.0,0.0,0.0,one,SR,1
88,2660,6132,1248,312,100.9189,13.7972,29.4979,44.2652,11.7393,1122,3160.0,3737.0,1855.0,-2.79,9.88,10.88,10.43,53,450.0,-14.0,441.0,many,TR,3
0,3332,5546,4349,0,33.4093,18.3793,5.5907,7.2067,0.0,1338,756.0,1124.0,0.0,-6.04,9.67,12.66,0.0,117,0.0,17.0,0.0,many,SR,2
0,3374,6157,0,0,17.6217,12.4241,3.7702,0.0,0.0,1885,965.0,0.0,0.0,6.95,14.27,0.0,0.0,29,0.0,0.0,0.0,one,SR,1
0,3805,690,0,0,17.7162,11.7657,4.31,0.0,0.0,1682,1166.0,0.0,0.0,2.9,16.41,0.0,0.0,205,0.0,0.0,0.0,one,SR,1
213,4081,9837,0,0,16.5839,4.5881,11.4391,0.0,0.0,1165,1841.0,0.0,0.0,7.22,9.57,0.0,0.0,29,497.0,0.0,0.0,one,RT,1
66,2176,109,0,0,16.7518,4.8302,11.156,0.0,0.0,1448,2116.0,0.0,0.0,8.31,11.66,0.0,0.0,141,603.0,0.0,0.0,one,TR,1
42,4736,318,0,0,25.9273,9.1789,15.5394,0.0,0.0,1347,3170.0,0.0,0.0,3.26,17.09,0.0,0.0,116,844.0,0.0,0.0,one,TR,1
109,3780,8384,0,0,16.4807,4.1041,11.8199,0.0,0.0,1601,1739.0,0.0,0.0,11.8,8.57,0.0,0.0,62,455.0,0.0,0.0,one,RT,1
0,3181,6149,0,0,17.4283,11.7538,4.1113,0.0,0.0,1181,1093.0,0.0,0.0,-1.67,15.63,0.0,0.0,158,0.0,0.0,0.0,one,SR,1
0,4453,3462,0,0,17.3628,11.739,4.0755,0.0,0.0,1520,1079.0,0.0,0.0,2.03,15.48,0.0,0.0,150,0.0,0.0,0.0,one,SR,1
0,4764,3556,0,0,17.2984,11.8493,3.9507,0.0,0.0,2233,1032.0,0.0,0.0,9.96,14.98,0.0,0.0,112,0.0,0.0,0.0,one,SR,1
0,4137,2701,1797,0,29.3753,15.7289,5.5748,5.9751,0.0,1302,752.0,1081.0,0.0,-5.2,9.64,11.32,0.0,214,-1.0,131.0,0.0,many,SR,2
0,3988,5964,0,0,16.9226,11.7683,3.7375,0.0,0.0,1187,955.0,0.0,0.0,-0.29,14.17,0.0,0.0,67,0.0,0.0,0.0,one,SR,1
213,198,8523,8522,0,31.5472,11.4165,9.3034,9.3034,0.0,1468,1379.0,1379.0,0.0,1.7,9.62,9.62,0.0,157,265.0,265.0,0.0,many,RT,2
0,4381,5730,0,0,16.5614,11.6774,3.5446,0.0,0.0,1146,882.0,0.0,0.0,-0.02,13.39,0.0,0.0,26,0.0,0.0,0.0,one,SR,1
0,1875,2957,0,0,16.0725,10.5595,3.9966,0.0,0.0,1887,1049.0,0.0,0.0,6.17,15.16,0.0,0.0,211,0.0,0.0,0.0,one,SR,1
203,607,8579,0,0,25.0042,10.7955,12.8385,0.0,0.0,1260,2460.0,0.0,0.0,0.9,16.7,0.0,0.0,105,480.0,0.0,0.0,one,RT,1
0,2502,6,0,0,50.002,36.6669,8.6472,0.0,0.0,4572,3783.0,0.0,0.0,5.82,46.88,0.0,0.0,377,0.0,0.0,0.0,one,SR,1
0,587,3733,0,0,15.7995,11.0113,3.4742,0.0,0.0,1314,858.0,0.0,0.0,1.97,13.14,0.0,0.0,56,0.0,0.0,0.0,one,SR,1
0,2043,8497,0,0,15.7444,10.9732,3.4615,0.0,0.0,1743,854.0,0.0,0.0,6.51,13.1,0.0,0.0,56,0.0,0.0,0.0,one,SR,1
0,4334,4528,0,0,15.8026,10.4248,3.8984,0.0,0.0,1543,1014.0,0.0,0.0,2.89,14.79,0.0,0.0,197,0.0,0.0,0.0,one,SR,1
0,3351,2272,0,0,15.6125,10.9032,3.4198,0.0,0.0,1111,835.0,0.0,0.0,0.06,12.9,0.0,0.0,48,0.0,0.0,0.0,one,SR,1
0,1156,6572,0,0,34.9962,24.3677,7.1085,0.0,0.0,4062,2790.0,0.0,0.0,10.97,35.2,0.0,0.0,499,0.0,0.0,0.0,one,SR,1
0,4126,571,0,0,15.4897,10.6207,3.5349,0.0,0.0,1834,877.0,0.0,0.0,7.25,13.34,0.0,0.0,95,0.0,0.0,0.0,one,SR,1
0,4584,5649,4930,0,45.1244,24.3631,8.8357,8.8251,0.0,2144,1464.0,1432.0,0.0,-5.39,15.58,15.42,0.0,242,15.0,0.0,0.0,many,SR,2
0,4457,238,0,0,15.3295,10.7855,3.299,0.0,0.0,1293,793.0,0.0,0.0,2.37,12.45,0.0,0.0,29,0.0,0.0,0.0,one,SR,1
0,539,4693,0,0,15.1182,10.6606,3.2382,0.0,0.0,1341,769.0,0.0,0.0,3.1,12.2,0.0,0.0,22,0.0,0.0,0.0,one,SR,1
0,1607,5093,0,0,15.345,9.8321,3.9943,0.0,0.0,2272,1051.0,0.0,0.0,10.19,15.19,0.0,0.0,262,0.0,0.0,0.0,one,SR,1
0,667,6969,0,0,14.8425,10.2459,3.3368,0.0,0.0,1237,807.0,0.0,0.0,1.65,12.6,0.0,0.0,75,0.0,0.0,0.0,one,SR,1
201,2827,1272,310,0,65.7628,13.192,20.75,30.1972,0.0,2596,3588.0,3432.0,0.0,12.65,15.47,12.76,0.0,97,956.0,452.0,0.0,many,RT,2
186,4866,9599,7302,3553,70.6476,10.4344,16.0626,18.4969,24.0923,1677,1762.0,1948.0,2807.0,3.56,9.32,9.15,10.15,247,187.0,199.0,475.0,many,RT,3
0,2997,5554,0,0,14.4318,10.053,3.1805,0.0,0.0,1254,749.0,0.0,0.0,2.38,11.98,0.0,0.0,50,0.0,0.0,0.0,one,SR,1
0,4775,7093,0,0,14.5149,9.7624,3.4503,0.0,0.0,1241,847.0,0.0,0.0,1.31,13.02,0.0,0.0,134,0.0,0.0,0.0,one,SR,1
0,1445,6399,0,0,14.5578,9.4167,3.7275,0.0,0.0,2132,952.0,0.0,0.0,9.66,14.14,0.0,0.0,226,0.0,0.0,0.0,one,SR,1
0,4000,8298,0,0,20.6237,14.2601,4.6064,0.0,0.0,1660,1276.0,0.0,0.0,1.62,17.57,0.0,0.0,106,0.0,0.0,0.0,one,SR,1
0,3248,6773,5221,0,33.5055,18.5732,5.033,7.5885,0.0,1484,880.0,1241.0,0.0,-5.21,9.63,13.48,0.0,152,129.0,37.0,0.0,many,SR,2
234,4854,9910,3357,3356,58.4391,12.1027,14.8293,15.0243,15.0243,1269,1909.0,1899.0,1899.0,0.2,8.89,8.85,8.85,70,394.0,377.0,377.0,many,RT,3
0,4747,2361,0,0,14.3696,9.3523,3.6408,0.0,0.0,1395,917.0,0.0,0.0,2.26,13.76,0.0,0.0,207,0.0,0.0,0.0,one,SR,1
0,3121,4119,0,0,14.0728,9.2432,3.5061,0.0,0.0,1214,867.0,0.0,0.0,0.84,13.23,0.0,0.0,182,0.0,0.0,0.0,one,SR,1
78,393,8769,0,0,13.7492,6.3894,6.2866,0.0,0.0,1421,1773.0,0.0,0.0,5.26,13.73,0.0,0.0,223,502.0,0.0,0.0,one,TR,1
0,707,3725,0,0,13.9183,9.2766,3.3691,0.0,0.0,1266,819.0,0.0,0.0,1.84,12.73,0.0,0.0,149,0.0,0.0,0.0,one,SR,1
0,1830,2974,0,0,13.5924,9.2098,3.1843,0.0,0.0,1563,749.0,0.0,0.0,5.63,11.98,0.0,0.0,108,0.0,0.0,0.0,one,SR,1
0,2591,4445,0,0,49.4933,37.0358,8.1472,0.0,0.0,3972,3462.0,0.0,0.0,2.91,43.1,0.0,0.0,120,0.0,0.0,0.0,one,SR,1
0,262,8092,0,0,25.4714,17.9443,5.3524,0.0,0.0,3554,1646.0,0.0,0.0,17.74,21.75,0.0,0.0,111,0.0,0.0,0.0,one,SR,1
85,423,9349,9348,0,46.2214,7.7691,18.7474,18.7474,0.0,1632,2431.0,2431.0,0.0,8.52,8.79,8.79,0.0,58,573.0,573.0,0.0,many,RT,2
233,3079,9862,0,0,19.1383,6.7033,11.435,0.0,0.0,1352,2060.0,0.0,0.0,5.2,13.0,0.0,0.0,157,468.0,0.0,0.0,one,TR,1
0,4936,2641,0,0,37.1889,26.188,7.3221,0.0,0.0,3746,2925.0,0.0,0.0,6.22,36.79,0.0,0.0,472,0.0,0.0,0.0,one,SR,1
0,3408,8251,3080,0,39.5286,22.5431,5.4287,9.0236,0.0,1576,723.0,1492.0,0.0,-6.25,9.39,15.94,0.0,18,0.0,5.0,0.0,many,SR,2
190,770,9690,8002,0,53.7714,7.8415,24.2592,20.56,0.0,2489,3152.0,2511.0,0.0,16.14,10.38,10.72,0.0,147,715.0,419.0,0.0,many,RT,2
157,1763,4077,0,0,31.4791,3.3357,27.5676,0.0,0.0,1187,2963.0,0.0,0.0,7.28,10.76,0.0,0.0,126,360.0,0.0,0.0,one,TR,1
0,4705,7522,0,0,21.1614,14.6983,4.6773,0.0,0.0,3049,1303.0,0.0,0.0,15.94,17.86,0.0,0.0,94,0.0,0.0,0.0,one,SR,1
38,3370,2425,0,0,24.1302,12.048,10.7143,0.0,0.0,1631,2184.0,0.0,0.0,4.81,16.68,0.0,0.0,18,393.0,0.0,0.0,one,RT,1
191,2290,9084,3022,0,70.3642,8.041,34.561,26.8497,0.0,1695,2860.0,2985.0,0.0,9.58,10.59,9.53,0.0,12,-109.0,488.0,0.0,many,RT,2
0,3926,1733,0,0,12.52,7.8896,3.361,0.0,0.0,1665,816.0,0.0,0.0,6.06,12.69,0.0,0.0,241,0.0,0.0,0.0,one,SR,1
181,4981,7000,0,0,11.785,4.404,6.75,0.0,0.0,1438,930.0,0.0,0.0,9.42,8.31,0.0,0.0,87,144.0,0.0,0.0,one,TR,1
0,757,1611,0,0,18.7305,12.7293,4.3458,0.0,0.0,1774,1180.0,0.0,0.0,3.73,16.55,0.0,0.0,148,0.0,0.0,0.0,one,SR,1
0,73,3413,0,0,22.4409,15.8801,4.7485,0.0,0.0,2066,1328.0,0.0,0.0,5.38,18.12,0.0,0.0,30,0.0,0.0,0.0,one,SR,1
0,1172,7879,2053,0,33.1414,18.0654,6.4309,6.3471,0.0,1428,963.0,1085.0,0.0,-5.69,11.29,11.69,0.0,179,17.0,91.0,0.0,many,SR,2
79,1157,1551,1550,0,41.3393,7.1933,16.4692,16.4692,0.0,1568,2382.0,2382.0,0.0,5.6,10.04,10.04,0.0,251,594.0,594.0,0.0,many,TR,2
66,3992,4512,3375,0,36.5341,9.3043,8.6613,17.2742,0.0,1207,1542.0,2681.0,0.0,1.02,9.52,10.42,0.0,160,431.0,754.0,0.0,many,TR,2
48,1310,7002,6659,1431,42.0341,10.3899,10.4958,10.4686,9.2325,1205,999.0,972.0,1159.0,-0.37,7.82,7.82,7.83,180,10.0,-9.0,204.0,many,TR,3
140,726,1986,1411,0,25.2558,9.426,7.3621,7.3639,0.0,1493,1130.0,1129.0,0.0,5.74,7.53,7.51,0.0,35,306.0,306.0,0.0,many,RT,2
0,1865,3630,0,0,44.6786,33.5074,7.4195,0.0,0.0,4325,2987.0,0.0,0.0,11.65,37.52,0.0,0.0,18,0.0,0.0,0.0,one,SR,1
252,222,3572,0,0,25.0461,13.5284,9.8379,0.0,0.0,1518,3040.0,0.0,0.0,0.82,20.8,0.0,0.0,109,859.0,0.0,0.0,one,RT,1
0,1369,6916,3867,0,36.0072,19.9696,8.5291,4.862,0.0,2118,1769.0,949.0,0.0,-1.58,16.73,9.74,0.0,263,199.0,185.0,0.0,many,SR,2
0,4959,6543,4958,0,36.0734,20.3125,7.639,5.7729,0.0,2516,1212.0,812.0,0.0,5.28,13.42,10.07,0.0,57,15.0,9.0,0.0,many,SR,2
0,347,284,0,0,26.759,19.0005,5.4804,0.0,0.0,2043,1734.0,0.0,0.0,0.95,22.78,0.0,0.0,103,0.0,0.0,0.0,one,SR,1
0,1608,7707,0,0,18.7005,12.8646,4.2261,0.0,0.0,1706,1137.0,0.0,0.0,3.42,16.1,0.0,0.0,111,0.0,0.0,0.0,one,SR,1
0,3054,5489,2176,0,54.0343,30.1385,11.2747,8.9092,0.0,2473,2075.0,1458.0,0.0,-7.44,21.47,15.65,0.0,223,3.0,2.0,0.0,many,SR,2
0,1730,3346,0,0,26.3304,17.9216,5.8507,0.0,0.0,2409,1972.0,0.0,0.0,2.27,25.58,0.0,0.0,348,0.0,0.0,0.0,one,SR,1
0,2921,3208,0,0,20.5879,14.6337,4.3105,0.0,0.0,1686,1169.0,0.0,0.0,2.91,16.44,0.0,0.0,11,0.0,0.0,0.0,one,SR,1
0,1677,7153,0,0,27.7368,19.2547,5.8923,0.0,0.0,2329,1999.0,0.0,0.0,1.15,25.9,0.0,0.0,277,0.0,0.0,0.0,one,SR,1
26,943,8764,6927,1806,89.2758,26.5635,18.5554,18.5535,22.4882,2638,2603.0,2603.0,2738.0,-0.34,13.76,13.76,15.63,101,430.0,430.0,201.0,many,RT,3
0,1089,169,0,0,22.7354,14.9123,5.5203,0.0,0.0,3046,1755.0,0.0,0.0,11.26,23.03,0.0,0.0,397,0.0,0.0,0.0,one,SR,1
195,808,4931,0,0,14.1085,7.2831,5.994,0.0,0.0,1211,1323.0,0.0,0.0,5.23,10.31,0.0,0.0,14,372.0,0.0,0.0,one,TR,1
140,3360,6194,6193,0,34.9102,9.365,12.179,12.179,0.0,1332,1602.0,1602.0,0.0,3.3,8.94,8.94,0.0,90,309.0,309.0,0.0,many,RT,2
0,4354,7294,0,0,49.6723,36.8764,8.3374,0.0,0.0,4771,3588.0,0.0,0.0,9.97,44.58,0.0,0.0,222,0.0,0.0,0.0,one,SR,1
25,2774,7422,0,0,41.5536,10.7873,29.4683,0.0,0.0,1144,3129.0,0.0,0.0,0.33,17.98,0.0,0.0,61,-36.0,0.0,0.0,one,RT,1
0,4172,1059,0,0,28.902,19.6204,6.3473,0.0,0.0,3153,2292.0,0.0,0.0,6.7,29.34,0.0,0.0,463,0.0,0.0,0.0,one,SR,1
0,4524,9306,0,0,15.3134,10.7487,3.3133,0.0,0.0,1333,799.0,0.0,0.0,2.73,12.51,0.0,0.0,35,0.0,0.0,0.0,one,SR,1
0,2739,9972,0,0,26.4777,18.3932,5.6652,0.0,0.0,2228,1854.0,0.0,0.0,1.62,24.19,0.0,0.0,231,0.0,0.0,0.0,one,SR,1
49,116,7349,7348,0,47.195,8.467,18.8818,18.8818,0.0,1062,2453.0,2453.0,0.0,2.47,8.82,8.82,0.0,15,580.0,580.0,0.0,many,TR,2
157,398,9336,0,0,9.4103,3.7735,4.8595,0.0,0.0,2012,1194.0,0.0,0.0,14.13,10.77,0.0,0.0,220,312.0,0.0,0.0,one,TR,1
0,2585,6769,2550,0,38.1807,21.4672,7.1193,7.1193,0.0,1717,1074.0,1074.0,0.0,-4.25,12.37,12.37,0.0,55,0.0,0.0,0.0,many,SR,2
265,2705,4307,0,0,41.2926,5.8039,34.8005,0.0,0.0,1135,2398.0,0.0,0.0,5.72,11.88,0.0,0.0,27,-549.0,0.0,0.0,one,RT,1
0,3729,860,0,0,22.2506,15.3369,4.9996,0.0,0.0,2290,1424.0,0.0,0.0,6.82,19.14,0.0,0.0,129,0.0,0.0,0.0,one,SR,1
0,3077,2159,0,0,27.0945,18.3188,6.0612,0.0,0.0,2686,2105.0,0.0,0.0,3.77,27.14,0.0,0.0,417,0.0,0.0,0.0,one,SR,1
0,3022,9505,0,0,24.7891,17.2522,5.3563,0.0,0.0,2395,1651.0,0.0,0.0,5.52,21.81,0.0,0.0,162,0.0,0.0,0.0,one,SR,1
124,1983,8705,8447,0,40.2871,6.8167,24.0267,8.5185,0.0,1441,2208.0,1144.0,0.0,6.8,9.62,7.63,0.0,103,53.0,244.0,0.0,many,RT,2
0,1211,2263,1552,0,28.4315,15.5861,5.3488,5.5533,0.0,2231,858.0,747.0,0.0,5.94,9.84,9.59,0.0,130,82.0,0.0,0.0,many,SR,2
0,2246,2629,0,0,10.3258,6.0071,3.1384,0.0,0.0,1920,732.0,0.0,0.0,9.54,11.8,0.0,0.0,315,0.0,0.0,0.0,one,SR,1
0,4520,4634,2096,0,47.7418,27.0655,8.8192,8.7851,0.0,1965,1429.0,1421.0,0.0,-7.02,15.39,15.33,0.0,40,0.0,0.0,0.0,many,SR,2
0,4665,8587,0,0,26.0382,17.8503,5.7263,0.0,0.0,2803,1890.0,0.0,0.0,7.28,24.62,0.0,0.0,294,0.0,0.0,0.0,one,SR,1
127,2955,6913,0,0,16.0267,4.7577,10.6901,0.0,0.0,1267,1660.0,0.0,0.0,8.09,8.79,0.0,0.0,31,447.0,0.0,0.0,one,TR,1
0,3587,5977,0,0,20.8555,14.5446,4.5665,0.0,0.0,2070,1264.0,0.0,0.0,6.03,17.44,0.0,0.0,79,0.0,0.0,0.0,one,SR,1
0,18,30,0,0,19.9933,14.2474,4.1636,0.0,0.0,1111,1111.0,0.0,0.0,-2.57,15.82,0.0,0.0,0,0.0,0.0,0.0,one,SR,1
0,2137,4427,0,0,24.6291,16.8909,5.4729,0.0,0.0,2350,1723.0,0.0,0.0,4.29,22.65,0.0,0.0,239,0.0,0.0,0.0,one,SR,1
0,4459,5622,0,0,26.3022,18.7699,5.3529,0.0,0.0,2940,1650.0,0.0,0.0,11.26,21.79,0.0,0.0,58,0.0,0.0,0.0,one,SR,1
0,99,9663,6772,0,34.2439,18.4789,6.6427,6.7895,0.0,1339,975.0,1006.0,0.0,-6.94,11.53,11.8,0.0,172,0.0,0.0,0.0,many,SR,2
151,3207,1048,0,0,19.1596,5.1802,13.4047,0.0,0.0,1453,2074.0,0.0,0.0,10.08,9.75,0.0,0.0,0,552.0,0.0,0.0,one,TR,1
86,1680,9015,3311,427,53.5613,11.0464,13.6627,13.6367,13.6532,1569,1720.0,1720.0,1720.0,2.41,8.2,8.21,8.2,206,356.0,357.0,356.0,many,RT,3
10,1942,7315,0,0,13.7888,6.0529,6.8101,0.0,0.0,1679,1324.0,0.0,0.0,9.3,11.26,0.0,0.0,156,272.0,0.0,0.0,one,TR,1
0,4051,8237,0,0,16.7616,11.7913,3.6066,0.0,0.0,1403,905.0,0.0,0.0,2.46,13.64,0.0,0.0,33,0.0,0.0,0.0,one,SR,1
0,4362,1747,0,0,21.8173,15.4293,4.6223,0.0,0.0,1906,1284.0,0.0,0.0,4.12,17.66,0.0,0.0,32,0.0,0.0,0.0,one,SR,1
0,4202,1841,0,0,22.8898,15.7992,5.1041,0.0,0.0,1983,1486.0,0.0,0.0,2.94,19.87,0.0,0.0,142,0.0,0.0,0.0,one,SR,1
0,1896,9220,0,0,28.2794,19.3869,6.1274,0.0,0.0,3315,2148.0,0.0,0.0,9.92,27.65,0.0,0.0,375,0.0,0.0,0.0,one,SR,1
114,1268,1726,1725,0,44.7911,9.0495,17.3299,17.3299,0.0,1211,1985.0,1985.0,0.0,2.98,9.41,9.41,0.0,47,279.0,279.0,0.0,many,RT,2
228,2470,9068,0,0,17.1829,9.4561,6.677,0.0,0.0,1171,1760.0,0.0,0.0,2.85,13.5,0.0,0.0,0,483.0,0.0,0.0,one,RT,1
0,4484,1388,0,0,14.4121,9.6727,3.4414,0.0,0.0,1197,843.0,0.0,0.0,0.89,12.98,0.0,0.0,137,0.0,0.0,0.0,one,SR,1
0,3483,9790,0,0,15.5204,10.3436,3.7526,0.0,0.0,1287,962.0,0.0,0.0,0.7,14.24,0.0,0.0,169,0.0,0.0,0.0,one,SR,1
0,4564,4664,0,0,16.6611,10.72,4.3027,0.0,0.0,2378,1164.0,0.0,0.0,10.22,16.38,0.0,0.0,275,0.0,0.0,0.0,one,SR,1
0,4577,536,0,0,20.3283,13.5216,4.9233,0.0,0.0,1792,1395.0,0.0,0.0,1.87,18.83,0.0,0.0,234,0.0,0.0,0.0,one,SR,1
0,4176,4975,0,0,28.9722,20.6949,5.7745,0.0,0.0,3027,1925.0,0.0,0.0,9.26,25.03,0.0,0.0,125,0.0,0.0,0.0,one,SR,1
0,4909,8804,0,0,25.9226,17.5054,5.8579,0.0,0.0,2689,1973.0,0.0,0.0,5.2,25.59,0.0,0.0,377,0.0,0.0,0.0,one,SR,1
88,4675,7489,7488,0,45.0683,5.1107,19.4856,19.4856,0.0,1618,2784.0,2784.0,0.0,8.11,9.93,9.93,0.0,257,734.0,734.0,0.0,many,TR,2
15,1832,9275,1699,1698,88.1744,11.563,19.8972,27.556,27.556,1782,2478.0,3213.0,3213.0,4.29,10.37,10.32,10.32,195,452.0,576.0,576.0,many,RT,3
0,3062,9197,0,0,16.6506,11.3516,3.8429,0.0,0.0,1931,992.0,0.0,0.0,7.17,14.56,0.0,0.0,120,0.0,0.0,0.0,one,SR,1
0,604,3528,0,0,26.3488,18.4689,5.55,0.0,0.0,2334,1778.0,0.0,0.0,3.54,23.3,0.0,0.0,171,0.0,0.0,0.0,one,SR,1
0,4882,8853,0,0,21.3011,14.8098,4.6992,0.0,0.0,1600,1309.0,0.0,0.0,0.67,17.92,0.0,0.0,90,0.0,0.0,0.0,one,SR,1
213,1859,8979,0,0,13.1729,4.4688,8.1336,0.0,0.0,1058,1320.0,0.0,0.0,5.97,8.7,0.0,0.0,46,339.0,0.0,0.0,one,RT,1
0,1292,2212,0,0,14.7791,10.3721,3.2012,0.0,0.0,1331,756.0,0.0,0.0,3.12,12.06,0.0,0.0,33,0.0,0.0,0.0,one,SR,1
7,3319,1170,0,0,9.9801,3.9502,5.3141,0.0,0.0,1261,1165.0,0.0,0.0,6.8,10.16,0.0,0.0,170,299.0,0.0,0.0,one,RT,1
0,1941,6398,0,0,18.24,12.513,4.148,0.0,0.0,1606,1108.0,0.0,0.0,2.65,15.79,0.0,0.0,116,0.0,0.0,0.0,one,SR,1
0,2582,7310,0,0,18.2047,12.0289,4.4717,0.0,0.0,1755,1226.0,0.0,0.0,3.09,17.04,0.0,0.0,226,0.0,0.0,0.0,one,SR,1
252,493,1300,0,0,15.623,4.5089,10.5532,0.0,0.0,1089,1384.0,0.0,0.0,6.39,8.61,0.0,0.0,37,255.0,0.0,0.0,one,RT,1
181,4099,7812,0,0,12.4742,4.5805,7.2204,0.0,0.0,1235,1283.0,0.0,0.0,6.91,9.73,0.0,0.0,101,304.0,0.0,0.0,one,RT,1
35,3013,3046,0,0,14.0904,3.9081,9.5705,0.0,0.0,1132,1405.0,0.0,0.0,6.38,9.12,0.0,0.0,109,298.0,0.0,0.0,one,TR,1
162,419,7948,4610,2919,68.6279,16.0524,15.9367,15.1494,19.6235,1830,2091.0,2237.0,2714.0,2.42,7.82,12.94,8.9,51,530.0,393.0,732.0,many,RT,3
0,4661,2964,0,0,18.9724,12.7271,4.5199,0.0,0.0,1463,1246.0,0.0,0.0,-0.17,17.25,0.0,0.0,191,0.0,0.0,0.0,one,SR,1
254,4848,9746,0,0,11.548,4.0721,6.7601,0.0,0.0,1247,987.0,0.0,0.0,6.65,10.16,0.0,0.0,162,81.0,0.0,0.0,one,TR,1
52,3846,87,0,0,18.8222,4.2357,13.999,0.0,0.0,1360,1599.0,0.0,0.0,8.99,9.87,0.0,0.0,72,149.0,0.0,0.0,one,TR,1
39,2773,3713,470,0,43.0534,14.4232,16.8072,9.8873,0.0,1378,2054.0,2071.0,0.0,-2.95,12.68,13.67,0.0,205,174.0,526.0,0.0,many,RT,2
0,1742,3438,1957,130,60.9533,35.0772,10.5442,5.6779,5.6793,1976,1976.0,773.0,773.0,-15.02,20.11,9.81,9.82,48,48.0,0.0,-1.0,many,SR,3
0,4901,7785,0,0,16.0945,11.1824,3.5654,0.0,0.0,1877,889.0,0.0,0.0,7.59,13.47,0.0,0.0,64,0.0,0.0,0.0,one,SR,1
66,4272,7567,0,0,32.4825,4.2912,27.6186,0.0,0.0,1150,2875.0,0.0,0.0,6.92,10.73,0.0,0.0,59,292.0,0.0,0.0,one,RT,1
0,2895,7290,0,0,17.4981,11.9888,3.9939,0.0,0.0,1998,1048.0,0.0,0.0,7.34,15.15,0.0,0.0,113,0.0,0.0,0.0,one,SR,1
165,4407,8255,0,0,39.3449,4.1843,34.3684,0.0,0.0,1309,3194.0,0.0,0.0,6.62,12.92,0.0,0.0,201,23.0,0.0,0.0,one,TR,1
0,3892,127,0,0,14.4587,9.4433,3.6389,0.0,0.0,2005,917.0,0.0,0.0,8.66,13.76,0.0,0.0,201,0.0,0.0,0.0,one,SR,1
170,988,9830,0,0,24.0987,3.571,19.9699,0.0,0.0,1207,2594.0,0.0,0.0,7.65,10.58,0.0,0.0,99,524.0,0.0,0.0,one,RT,1
147,2806,1863,0,0,12.5002,3.8037,8.1249,0.0,0.0,1162,1361.0,0.0,0.0,7.06,8.72,0.0,0.0,92,370.0,0.0,0.0,one,RT,1
75,276,9216,0,0,18.8151,3.39,14.7867,0.0,0.0,1384,1938.0,0.0,0.0,8.79,10.38,0.0,0.0,161,333.0,0.0,0.0,one,TR,1
0,247,1393,0,0,15.8394,11.0962,3.4441,0.0,0.0,1533,844.0,0.0,0.0,4.4,12.99,0.0,0.0,41,0.0,0.0,0.0,one,SR,1
0,3106,5164,0,0,16.5069,11.4915,3.6378,0.0,0.0,1691,918.0,0.0,0.0,5.36,13.78,0.0,0.0,62,0.0,0.0,0.0,one,SR,1
0,4690,9732,0,0,16.2496,11.2474,3.6278,0.0,0.0,1610,915.0,0.0,0.0,4.54,13.74,0.0,0.0,77,0.0,0.0,0.0,one,SR,1
224,4832,3642,0,0,14.3361,2.9334,10.7982,0.0,0.0,1411,1253.0,0.0,0.0,9.38,9.04,0.0,0.0,171,116.0,0.0,0.0,one,RT,1
117,4669,9615,182,0,61.7905,9.6044,12.7428,38.3598,0.0,1245,1507.0,2386.0,0.0,3.32,9.34,10.49,0.0,10,181.0,-682.0,0.0,many,RT,2
238,4906,8273,0,0,17.7164,5.081,11.9365,0.0,0.0,1216,1783.0,0.0,0.0,6.48,10.99,0.0,0.0,83,343.0,0.0,0.0,one,TR,1
227,3021,6056,0,0,19.1318,3.4361,15.1316,0.0,0.0,1268,1726.0,0.0,0.0,8.24,9.64,0.0,0.0,112,194.0,0.0,0.0,one,TR,1
0,2034,4671,0,0,17.3674,12.2056,3.7429,0.0,0.0,1681,957.0,0.0,0.0,4.88,14.19,0.0,0.0,39,0.0,0.0,0.0,one,SR,1
0,3516,119,0,0,14.5232,10.212,3.1331,0.0,0.0,1257,730.0,0.0,0.0,2.6,11.78,0.0,0.0,27,0.0,0.0,0.0,one,SR,1
0,2033,2988,0,0,13.5592,9.1446,3.2088,0.0,0.0,1185,756.0,0.0,0.0,1.59,12.06,0.0,0.0,117,0.0,0.0,0.0,one,SR,1
0,2057,9788,9787,0,29.9459,16.3977,5.7748,5.7748,0.0,1725,794.0,794.0,0.0,0.13,9.99,9.99,0.0,109,0.0,0.0,0.0,many,SR,2
31,3361,7390,5389,0,34.2709,8.7224,9.1923,15.3289,0.0,1155,858.0,1639.0,0.0,2.88,6.88,8.39,0.0,36,31.0,188.0,0.0,many,RT,2
231,56,7182,773,0,58.5382,7.9926,12.6956,36.9299,0.0,1032,1277.0,3784.0,0.0,2.55,7.48,10.72,0.0,20,115.0,451.0,0.0,many,RT,2
0,1308,7543,6858,0,34.943,18.5194,7.1705,6.7118,0.0,2941,1408.0,991.0,0.0,8.01,13.74,11.67,0.0,297,173.0,0.0,0.0,many,SR,2
0,4910,8148,7694,0,47.0949,26.1964,7.8377,9.8513,0.0,1982,1225.0,1799.0,0.0,-8.08,13.66,18.44,0.0,184,0.0,48.0,0.0,many,SR,2
86,3963,6603,0,0,21.3679,2.0896,18.712,0.0,0.0,1867,1918.0,0.0,0.0,14.51,9.66,0.0,0.0,205,134.0,0.0,0.0,one,RT,1
38,3921,6626,0,0,25.8379,1.8434,23.4218,0.0,0.0,1431,2477.0,0.0,0.0,9.87,10.73,0.0,0.0,226,229.0,0.0,0.0,one,RT,1
184,1291,5685,1597,1155,86.3053,20.5918,12.9617,33.212,17.1339,1440,2245.0,4272.0,2758.0,-6.53,12.25,13.59,12.22,73,564.0,872.0,717.0,many,RT,3
92,995,7853,0,0,12.2721,4.3776,7.2614,0.0,0.0,1185,1313.0,0.0,0.0,6.74,9.33,0.0,0.0,90,348.0,0.0,0.0,one,RT,1
53,381,325,0,0,17.6045,1.4248,15.6018,0.0,0.0,1596,1928.0,0.0,0.0,11.56,9.78,0.0,0.0,258,313.0,0.0,0.0,one,RT,1
162,1215,1881,897,38,54.2658,13.4585,11.6101,15.9676,11.6146,1419,1642.0,1794.0,1645.0,0.36,8.41,8.31,8.43,74,402.0,274.0,403.0,many,RT,3
92,4121,7465,7464,0,27.4066,8.5119,8.9464,8.9464,0.0,1423,1162.0,1162.0,0.0,5.93,8.01,8.01,0.0,35,212.0,212.0,0.0,many,RT,2
11,1759,9773,9772,9398,65.0428,17.1303,14.9435,14.9435,16.0627,1161,2138.0,2138.0,2404.0,-5.47,9.79,9.79,12.05,37,510.0,510.0,519.0,many,RT,3
260,687,5844,1218,556,76.7263,24.1112,18.829,18.8435,12.0408,1784,2540.0,2539.0,2138.0,-7.38,13.48,13.47,13.06,137,382.0,381.0,489.0,many,RT,3
184,2341,6328,3510,2137,77.1877,24.6959,17.5476,18.4384,13.73,1978,2932.0,2337.0,2442.0,-4.21,13.56,12.5,14.7,20,750.0,306.0,530.0,many,RT,3
0,1820,9035,7677,0,60.1153,35.1997,8.3535,12.6112,0.0,2465,1331.0,2465.0,0.0,-9.67,14.56,24.95,0.0,25,0.0,25.0,0.0,many,SR,2
184,3211,7334,2992,440,72.0434,20.099,13.9597,18.089,17.4931,1401,2277.0,2888.0,2633.0,-6.91,11.92,13.19,11.92,104,550.0,706.0,619.0,many,RT,3
186,4904,9850,3312,0,64.079,18.7179,18.4571,24.7378,0.0,2143,2200.0,2424.0,0.0,3.01,14.08,14.58,0.0,53,110.0,-107.0,0.0,many,TR,2
31,3526,9049,802,0,56.9892,17.5536,21.3159,16.1628,0.0,1546,3053.0,2091.0,0.0,-1.38,13.4,13.17,0.0,4,635.0,211.0,0.0,many,RT,2
39,2416,9066,1284,0,54.1121,15.7485,13.3055,23.2015,0.0,1247,2423.0,2529.0,0.0,-3.62,12.27,13.3,0.0,66,679.0,134.0,0.0,many,RT,2
0,2452,9294,6153,5783,62.6225,35.5893,6.59,8.538,7.8927,1408,964.0,1374.0,1241.0,-21.33,11.44,14.91,13.78,36,0.0,2.0,2.0,many,SR,3
262,1370,9662,7535,7469,77.1725,24.0586,17.7398,15.1785,17.4452,2096,2835.0,2710.0,2032.0,-2.75,13.17,13.17,12.17,48,687.0,739.0,150.0,many,TR,3
0,1883,8906,2708,0,54.5529,29.9203,8.8992,11.8391,0.0,2434,1530.0,2244.0,0.0,-9.49,15.98,22.96,0.0,350,39.0,14.0,0.0,many,SR,2
0,1296,6140,5526,2002,70.9795,40.5754,8.0225,9.8411,7.7834,2006,1369.0,2002.0,1260.0,-21.75,14.41,19.42,13.74,153,56.0,147.0,25.0,many,SR,3
0,3859,6983,539,0,39.1508,22.3583,7.152,7.152,0.0,1884,1082.0,1082.0,0.0,-2.61,12.44,12.44,0.0,3,0.0,0.0,0.0,many,SR,2
213,1004,7691,1031,0,43.9608,13.6767,9.307,19.1809,0.0,1291,1772.0,2019.0,0.0,-2.61,11.76,12.2,0.0,170,441.0,39.0,0.0,many,RT,2
246,3627,6569,5469,0,45.562,10.6718,22.46,10.9402,0.0,1271,2817.0,1297.0,0.0,-0.06,11.11,9.79,0.0,187,521.0,99.0,0.0,many,TR,2
0,1067,6007,4070,0,36.1034,20.3529,6.7223,6.6928,0.0,1579,992.0,1000.0,0.0,-4.44,11.68,11.68,0.0,46,0.0,8.0,0.0,many,SR,2
66,1756,9951,9460,0,45.6523,9.838,12.8154,21.7709,0.0,1166,2090.0,2452.0,0.0,1.19,10.14,11.14,0.0,83,575.0,281.0,0.0,many,TR,2
0,618,5185,0,0,44.8487,33.4179,7.5651,0.0,0.0,3885,3084.0,0.0,0.0,6.0,38.66,0.0,0.0,94,0.0,0.0,0.0,one,SR,1
0,792,7816,2267,0,38.0952,20.5842,6.9083,7.9883,0.0,1803,1030.0,1311.0,0.0,-4.6,12.0,14.14,0.0,201,0.0,29.0,0.0,many,SR,2
0,2791,4987,3858,0,31.8726,17.4849,6.0405,6.1104,0.0,1289,851.0,1194.0,0.0,-6.6,10.48,11.89,0.0,181,0.0,177.0,0.0,many,SR,2
0,3979,3608,2662,0,37.8891,19.5687,8.2196,7.3793,0.0,2052,1314.0,1129.0,0.0,-2.95,14.37,12.84,0.0,336,5.0,0.0,0.0,many,SR,2
0,1940,766,0,0,32.9135,23.0957,6.6529,0.0,0.0,3571,2488.0,0.0,0.0,9.01,31.65,0.0,0.0,368,0.0,0.0,0.0,one,SR,1
0,961,5747,0,0,28.2307,20.1242,5.6801,0.0,0.0,2221,1860.0,0.0,0.0,1.48,24.26,0.0,0.0,117,0.0,0.0,0.0,one,SR,1
38,2821,8554,6148,0,75.5013,10.7599,13.9886,49.5265,0.0,1141,1881.0,3011.0,0.0,0.94,10.08,12.18,0.0,19,352.0,-942.0,0.0,many,RT,2
136,4900,8454,4793,4792,65.6198,14.1034,11.5082,19.0418,19.0418,1380,1951.0,2823.0,2823.0,-2.83,10.32,9.96,9.96,220,534.0,787.0,787.0,many,RT,3
0,2039,9589,0,0,41.8295,29.8546,7.8727,0.0,0.0,3964,3285.0,0.0,0.0,4.7,41.02,0.0,0.0,482,0.0,0.0,0.0,one,SR,1
0,3802,8553,0,0,37.8482,27.2454,7.098,0.0,0.0,3686,2777.0,0.0,0.0,7.16,35.05,0.0,0.0,293,0.0,0.0,0.0,one,SR,1
0,2718,6899,0,0,27.467,19.5775,5.5595,0.0,0.0,2020,1778.0,0.0,0.0,0.24,23.3,0.0,0.0,95,0.0,0.0,0.0,one,SR,1
0,1989,783,0,0,26.524,17.9349,5.9546,0.0,0.0,2533,2037.0,0.0,0.0,2.89,26.35,0.0,0.0,394,0.0,0.0,0.0,one,SR,1
234,596,3328,3310,0,55.5135,9.5479,31.0796,13.8205,0.0,1309,1973.0,1731.0,0.0,4.15,10.6,8.05,0.0,3,-586.0,364.0,0.0,many,RT,2
0,2496,6493,4679,0,37.2015,20.3993,5.7742,8.4919,0.0,1560,859.0,1435.0,0.0,-6.44,10.26,15.1,0.0,166,34.0,40.0,0.0,many,SR,2
0,1318,9778,0,0,24.048,16.6241,5.2939,0.0,0.0,2010,1608.0,0.0,0.0,1.93,21.3,0.0,0.0,174,0.0,0.0,0.0,one,SR,1
0,2808,2645,0,0,23.859,16.7241,5.1284,0.0,0.0,1670,1503.0,0.0,0.0,-0.52,20.07,0.0,0.0,91,0.0,0.0,0.0,one,SR,1
0,2503,4301,441,0,34.6368,18.5777,7.476,6.1287,0.0,1519,1382.0,867.0,0.0,-6.14,13.93,10.61,0.0,240,125.0,0.0,0.0,many,SR,2
0,1594,4887,3158,0,38.9053,21.2565,7.3188,7.7139,0.0,1370,1116.0,1198.0,0.0,-9.16,12.73,13.43,0.0,156,0.0,0.0,0.0,many,SR,2
0,3900,3173,0,0,27.6116,19.9712,5.4175,0.0,0.0,1934,1687.0,0.0,0.0,0.3,22.23,0.0,0.0,3,0.0,0.0,0.0,one,SR,1
0,1081,6911,0,0,22.3436,15.5106,4.9411,0.0,0.0,1869,1403.0,0.0,0.0,2.6,18.92,0.0,0.0,104,0.0,0.0,0.0,one,SR,1
0,3829,6617,0,0,27.4556,19.2714,5.7225,0.0,0.0,2587,1890.0,0.0,0.0,5.01,24.62,0.0,0.0,197,0.0,0.0,0.0,one,SR,1
0,320,3185,1542,0,31.9233,17.1997,7.0185,5.5006,0.0,2790,1136.0,738.0,0.0,9.46,12.53,9.52,0.0,180,44.0,0.0,0.0,many,SR,2
0,4187,7552,7551,0,34.2377,19.2105,6.4021,6.4021,0.0,1200,926.0,926.0,0.0,-7.41,11.12,11.12,0.0,55,0.0,0.0,0.0,many,SR,2
0,2980,6891,0,0,25.2154,18.0707,5.1323,0.0,0.0,1920,1508.0,0.0,0.0,2.05,20.12,0.0,0.0,3,0.0,0.0,0.0,one,SR,1
114,436,1321,1320,0,68.1155,23.3556,20.992,20.992,0.0,3039,3464.0,3464.0,0.0,6.93,17.88,17.88,0.0,111,710.0,710.0,0.0,many,RT,2
1,1967,7020,0,0,19.2125,5.2474,13.1316,0.0,0.0,1170,2397.0,0.0,0.0,4.78,12.34,0.0,0.0,154,665.0,0.0,0.0,one,TR,1
79,4639,6446,5571,2435,59.3471,14.5483,13.9656,15.0288,14.0023,1643,1970.0,1739.0,1964.0,1.03,10.0,9.01,10.0,114,426.0,246.0,419.0,many,RT,3
231,4193,64,63,0,38.4491,13.6999,11.4051,11.4051,0.0,1614,1791.0,1791.0,0.0,-0.5,12.7,12.7,0.0,256,282.0,282.0,0.0,many,RT,2
184,1358,2819,810,0,59.4496,11.7283,16.4615,29.7374,0.0,1462,2686.0,2979.0,0.0,1.65,11.69,12.54,0.0,135,732.0,146.0,0.0,many,TR,2
9,3718,9012,0,0,34.8412,16.4689,16.4942,0.0,0.0,2058,3853.0,0.0,0.0,4.71,22.78,0.0,0.0,30,983.0,0.0,0.0,one,RT,1
281,3593,6209,0,0,18.0268,6.8129,10.3921,0.0,0.0,1053,1886.0,0.0,0.0,3.66,11.22,0.0,0.0,40,497.0,0.0,0.0,one,RT,1
0,2885,5702,2282,0,39.7727,21.8241,7.1424,8.0053,0.0,1848,1080.0,1661.0,0.0,-5.8,12.43,15.58,0.0,231,0.0,212.0,0.0,many,SR,2
0,1561,1042,0,0,44.7081,31.7071,8.4578,0.0,0.0,4235,3660.0,0.0,0.0,3.58,45.43,0.0,0.0,626,0.0,0.0,0.0,one,SR,1
0,4874,1208,0,0,18.3141,12.8875,3.9346,0.0,0.0,1455,1026.0,0.0,0.0,1.85,14.92,0.0,0.0,37,0.0,0.0,0.0,one,SR,1
262,3975,8649,0,0,17.966,7.6038,9.1575,0.0,0.0,1840,1964.0,0.0,0.0,8.48,15.05,0.0,0.0,221,408.0,0.0,0.0,one,TR,1
0,1532,1533,0,0,33.5225,23.3057,6.8767,0.0,0.0,2873,2637.0,0.0,0.0,0.11,33.4,0.0,0.0,461,0.0,0.0,0.0,one,SR,1
0,1498,4401,0,0,21.7737,14.8316,5.0191,0.0,0.0,2269,1432.0,0.0,0.0,6.52,19.23,0.0,0.0,169,0.0,0.0,0.0,one,SR,1
0,2028,3809,0,0,37.9319,26.4286,7.607,0.0,0.0,3885,3110.0,0.0,0.0,5.73,38.96,0.0,0.0,589,0.0,0.0,0.0,one,SR,1
0,2191,8141,8019,4211,55.4617,29.8689,7.8155,7.8523,6.0571,2634,1273.0,1290.0,965.0,-7.15,13.82,13.92,10.94,337,29.0,34.0,60.0,many,SR,3
0,2105,5004,0,0,21.2027,14.3189,4.9802,0.0,0.0,2492,1414.0,0.0,0.0,9.03,19.04,0.0,0.0,192,0.0,0.0,0.0,one,SR,1
0,265,8175,0,0,23.0139,15.415,5.3947,0.0,0.0,2111,1671.0,0.0,0.0,2.33,22.04,0.0,0.0,302,0.0,0.0,0.0,one,SR,1
0,1807,9970,7495,0,29.1374,15.5596,5.7271,5.8343,0.0,1665,823.0,806.0,0.0,-0.67,10.07,10.1,0.0,177,20.0,0.0,0.0,many,SR,2
0,4107,58,0,0,17.2184,11.2773,4.3027,0.0,0.0,1963,1164.0,0.0,0.0,5.87,16.38,0.0,0.0,237,0.0,0.0,0.0,one,SR,1
0,1350,8193,0,0,17.6456,10.85,4.9174,0.0,0.0,2485,1390.0,0.0,0.0,9.19,18.78,0.0,0.0,413,0.0,0.0,0.0,one,SR,1
0,4373,6237,0,0,21.8985,14.8078,5.1041,0.0,0.0,2512,1486.0,0.0,0.0,8.5,19.87,0.0,0.0,210,0.0,0.0,0.0,one,SR,1
0,4154,2860,0,0,30.5559,20.6137,6.7185,0.0,0.0,4310,2538.0,0.0,0.0,16.24,32.24,0.0,0.0,573,0.0,0.0,0.0,one,SR,1
0,3254,9941,0,0,16.5069,11.1705,3.8688,0.0,0.0,1575,1003.0,0.0,0.0,3.33,14.68,0.0,0.0,139,0.0,0.0,0.0,one,SR,1
0,475,5541,0,0,16.4856,11.1961,3.8357,0.0,0.0,1996,990.0,0.0,0.0,7.87,14.54,0.0,0.0,129,0.0,0.0,0.0,one,SR,1
0,4374,532,0,0,16.5204,10.5285,4.3396,0.0,0.0,1907,1177.0,0.0,0.0,5.15,16.52,0.0,0.0,296,0.0,0.0,0.0,one,SR,1
166,4893,8677,549,0,46.7984,9.5071,16.4384,19.6776,0.0,1145,1960.0,2335.0,0.0,1.44,10.01,9.74,0.0,73,276.0,392.0,0.0,many,TR,2
0,1984,7102,0,0,32.3293,22.5017,6.6568,0.0,0.0,3080,2493.0,0.0,0.0,3.8,31.71,0.0,0.0,412,0.0,0.0,0.0,one,SR,1
191,1736,4717,203,0,37.7352,6.4696,17.3307,13.0045,0.0,1305,2196.0,1839.0,0.0,5.33,9.62,7.69,0.0,130,427.0,514.0,0.0,many,RT,2
86,3797,6662,0,0,20.5549,4.5396,15.2624,0.0,0.0,1944,1884.0,0.0,0.0,13.64,10.53,0.0,0.0,153,256.0,0.0,0.0,one,TR,1
0,4925,9305,0,0,27.6442,18.9576,6.0074,0.0,0.0,2270,2075.0,0.0,0.0,-0.28,26.79,0.0,0.0,352,0.0,0.0,0.0,one,SR,1
0,3955,8041,2303,0,50.1554,29.1039,10.7619,7.0388,0.0,1956,1956.0,1058.0,0.0,-8.72,20.27,12.24,0.0,11,11.0,0.0,0.0,many,SR,2
0,3377,3222,0,0,14.9571,9.6151,3.8712,0.0,0.0,1486,1006.0,0.0,0.0,2.37,14.71,0.0,0.0,247,0.0,0.0,0.0,one,SR,1
0,3294,8247,8246,0,26.0749,13.3698,5.4162,5.4162,0.0,1621,720.0,720.0,0.0,0.17,9.36,9.36,0.0,238,0.0,0.0,0.0,many,SR,2
0,3868,9054,0,0,14.6758,10.0246,3.3786,0.0,0.0,1365,819.0,0.0,0.0,2.88,12.73,0.0,0.0,98,0.0,0.0,0.0,one,SR,1
0,818,8945,359,0,29.5607,15.592,6.4292,5.4601,0.0,1291,941.0,768.0,0.0,-5.16,11.2,9.59,0.0,213,5.0,21.0,0.0,many,SR,2
0,1812,7274,0,0,14.4327,10.1065,3.1438,0.0,0.0,1086,734.0,0.0,0.0,0.76,11.82,0.0,0.0,37,0.0,0.0,0.0,one,SR,1
195,721,9768,0,0,13.7738,7.2656,5.662,0.0,0.0,1303,1123.0,0.0,0.0,6.07,10.46,0.0,0.0,24,230.0,0.0,0.0,one,RT,1
0,2409,5997,0,0,13.8301,9.288,3.2971,0.0,0.0,1548,793.0,0.0,0.0,5.05,12.45,0.0,0.0,131,0.0,0.0,0.0,one,SR,1
195,4714,8102,0,0,29.7981,5.1331,24.0882,0.0,0.0,1166,2646.0,0.0,0.0,7.05,10.77,0.0,0.0,4,317.0,0.0,0.0,one,TR,1
175,956,9039,2280,0,65.2092,9.8737,46.2336,7.8882,0.0,1186,3863.0,997.0,0.0,1.53,11.95,8.18,0.0,72,-92.0,137.0,0.0,many,RT,2
275,3528,4099,3296,0,60.6105,10.3484,40.6433,8.3211,0.0,1148,2809.0,1427.0,0.0,0.37,12.07,9.91,0.0,91,-581.0,341.0,0.0,many,RT,2
0,2577,2564,0,0,13.527,8.9624,3.3133,0.0,0.0,1262,799.0,0.0,0.0,1.99,12.51,0.0,0.0,157,0.0,0.0,0.0,one,SR,1
0,1485,3487,0,0,13.2025,8.7129,3.2616,0.0,0.0,1197,777.0,0.0,0.0,1.52,12.28,0.0,0.0,160,0.0,0.0,0.0,one,SR,1
26,4351,5888,4959,0,90.1356,19.2785,26.0562,42.4868,0.0,2532,2897.0,4091.0,0.0,5.76,16.63,17.52,0.0,106,60.0,-22.0,0.0,many,RT,2
0,2401,583,0,0,13.1301,8.7419,3.1877,0.0,0.0,1221,751.0,0.0,0.0,2.02,12.0,0.0,0.0,141,0.0,0.0,0.0,one,SR,1
0,2168,739,0,0,13.0826,8.469,3.3506,0.0,0.0,1597,810.0,0.0,0.0,5.4,12.63,0.0,0.0,198,0.0,0.0,0.0,one,SR,1
0,2068,6917,0,0,30.2361,20.8745,6.3942,0.0,0.0,3058,2320.0,0.0,0.0,5.4,29.67,0.0,0.0,398,0.0,0.0,0.0,one,SR,1
227,2367,3232,0,0,16.4679,5.4646,10.3554,0.0,0.0,1602,1179.0,0.0,0.0,10.99,9.48,0.0,0.0,25,60.0,0.0,0.0,one,TR,1
116,1625,2426,0,0,30.5572,12.0725,16.8813,0.0,0.0,2197,2606.0,0.0,0.0,8.64,20.03,0.0,0.0,161,169.0,0.0,0.0,one,RT,1
0,2225,4836,0,0,29.6217,21.2081,5.8567,0.0,0.0,2144,1971.0,0.0,0.0,-0.5,25.57,0.0,0.0,123,0.0,0.0,0.0,one,SR,1
273,241,9978,0,0,16.642,6.4489,9.4741,0.0,0.0,1166,1585.0,0.0,0.0,5.77,11.19,0.0,0.0,2,322.0,0.0,0.0,one,TR,1
140,4557,8511,5560,0,30.9838,8.9627,10.0302,10.9754,0.0,1142,830.0,1325.0,0.0,2.85,7.0,8.15,0.0,12,-45.0,212.0,0.0,many,TR,2
0,4700,9914,0,0,12.5956,7.9953,3.3395,0.0,0.0,1378,808.0,0.0,0.0,3.12,12.61,0.0,0.0,229,0.0,0.0,0.0,one,SR,1
124,2558,7650,3435,0,26.3252,8.1986,8.599,8.5981,0.0,1235,1117.0,1118.0,0.0,4.6,7.64,7.65,0.0,12,219.0,219.0,0.0,many,RT,2
0,2534,5436,4945,0,40.2427,22.8879,6.5458,8.2193,0.0,1358,954.0,1358.0,0.0,-9.05,11.35,14.54,0.0,29,0.0,29.0,0.0,many,SR,2
38,1385,6710,6709,0,22.7279,5.4637,8.1822,8.1822,0.0,1220,821.0,821.0,0.0,4.71,6.5,6.5,0.0,180,83.0,83.0,0.0,many,RT,2
35,1346,2415,0,0,29.2264,16.87,9.8253,0.0,0.0,2828,4184.0,0.0,0.0,6.91,30.31,0.0,0.0,403,1186.0,0.0,0.0,one,TR,1
0,3026,4964,1875,0,29.7625,16.1975,5.7425,5.8104,0.0,1206,815.0,803.0,0.0,-5.45,10.05,10.07,0.0,131,14.0,0.0,0.0,many,SR,2
0,3590,8225,0,0,19.7447,13.2515,4.7,0.0,0.0,2543,1310.0,0.0,0.0,10.56,17.93,0.0,0.0,197,0.0,0.0,0.0,one,SR,1
0,1138,7768,0,0,22.8167,15.7841,5.0695,0.0,0.0,2693,1466.0,0.0,0.0,10.61,19.63,0.0,0.0,129,0.0,0.0,0.0,one,SR,1
0,2495,6970,0,0,24.3427,17.1722,5.1511,0.0,0.0,1718,1514.0,0.0,0.0,-0.14,20.19,0.0,0.0,69,0.0,0.0,0.0,one,SR,1
0,742,4672,0,0,43.841,32.0628,7.7596,0.0,0.0,3896,3214.0,0.0,0.0,4.74,40.19,0.0,0.0,280,0.0,0.0,0.0,one,SR,1
0,3672,7461,0,0,20.9213,14.8337,4.4078,0.0,0.0,1530,1203.0,0.0,0.0,0.95,16.8,0.0,0.0,20,0.0,0.0,0.0,one,SR,1
243,4616,7295,2818,0,28.7325,9.2561,9.2056,9.1976,0.0,1144,847.0,847.0,0.0,2.35,7.37,7.37,0.0,28,-6.0,-5.0,0.0,many,RT,2
213,3429,420,0,0,16.3065,2.9964,12.5784,0.0,0.0,1836,2204.0,0.0,0.0,12.69,11.32,0.0,0.0,245,608.0,0.0,0.0,one,TR,1
0,2891,8594,475,0,30.6475,15.5532,6.7743,5.8928,0.0,2855,1583.0,819.0,0.0,8.13,14.07,10.21,0.0,429,310.0,0.0,0.0,many,SR,2
69,2164,8919,8704,0,26.8458,8.0237,9.0255,8.868,0.0,1295,1350.0,850.0,0.0,5.24,7.64,6.64,0.0,23,372.0,57.0,0.0,many,RT,2
0,4462,4852,0,0,18.9697,12.5686,4.6323,0.0,0.0,1595,1287.0,0.0,0.0,0.83,17.69,0.0,0.0,229,0.0,0.0,0.0,one,SR,1
0,3771,134,0,0,20.0836,13.9829,4.4167,0.0,0.0,1977,1207.0,0.0,0.0,5.6,16.84,0.0,0.0,80,0.0,0.0,0.0,one,SR,1
257,1837,7916,0,0,10.3346,3.744,5.9013,0.0,0.0,1431,1153.0,0.0,0.0,8.82,8.89,0.0,0.0,168,329.0,0.0,0.0,one,RT,1
0,2008,3675,0,0,19.9721,13.1615,4.9282,0.0,0.0,1778,1394.0,0.0,0.0,1.73,18.82,0.0,0.0,258,0.0,0.0,0.0,one,SR,1
247,2251,9755,7364,0,36.4776,12.9681,8.8831,12.9128,0.0,1879,1277.0,1871.0,0.0,4.31,10.41,11.73,0.0,168,166.0,312.0,0.0,many,RT,2
0,4020,7732,0,0,19.6905,13.0284,4.819,0.0,0.0,1542,1357.0,0.0,0.0,-0.4,18.43,0.0,0.0,243,0.0,0.0,0.0,one,SR,1
262,1126,9299,0,0,17.8422,1.6577,15.6277,0.0,0.0,1646,1540.0,0.0,0.0,12.27,9.57,0.0,0.0,229,28.0,0.0,0.0,one,RT,1
0,1789,8658,0,0,22.9911,15.4604,5.3536,0.0,0.0,2537,1648.0,0.0,0.0,7.05,21.77,0.0,0.0,282,0.0,0.0,0.0,one,SR,1
140,811,6507,4905,0,59.2043,8.4822,17.8952,31.8804,0.0,1943,1842.0,2421.0,0.0,11.88,8.74,9.73,0.0,3,176.0,-241.0,0.0,many,RT,2
281,2956,9345,0,0,18.067,6.9206,10.2091,0.0,0.0,2141,1483.0,0.0,0.0,14.04,12.37,0.0,0.0,104,134.0,0.0,0.0,one,RT,1
0,3709,2063,0,0,21.8953,15.2387,4.8177,0.0,0.0,1830,1353.0,0.0,0.0,2.67,18.39,0.0,0.0,90,0.0,0.0,0.0,one,SR,1
0,3203,2254,0,0,18.2491,12.092,4.4593,0.0,0.0,1805,1220.0,0.0,0.0,3.67,16.98,0.0,0.0,218,0.0,0.0,0.0,one,SR,1
136,3138,5504,5503,0,52.1001,11.9724,19.3699,19.3699,0.0,1161,2850.0,2850.0,0.0,-0.3,10.94,10.94,0.0,36,733.0,733.0,0.0,many,TR,2
0,2338,9895,0,0,25.9615,18.163,5.5038,0.0,0.0,2561,1748.0,0.0,0.0,6.24,22.95,0.0,0.0,170,0.0,0.0,0.0,one,SR,1
0,3313,6585,0,0,16.5174,10.8204,4.1286,0.0,0.0,1950,1098.0,0.0,0.0,6.36,15.68,0.0,0.0,225,0.0,0.0,0.0,one,SR,1
76,3842,6630,6629,0,61.9326,7.2836,26.7003,26.7003,0.0,2362,3156.0,3156.0,0.0,13.56,11.24,11.24,0.0,270,529.0,529.0,0.0,many,RT,2
0,1088,7015,0,0,24.398,16.2209,5.7201,0.0,0.0,2667,1886.0,0.0,0.0,5.89,24.57,0.0,0.0,402,0.0,0.0,0.0,one,SR,1
0,1164,5142,0,0,17.7317,11.0038,4.8667,0.0,0.0,3659,1374.0,0.0,0.0,21.67,18.61,0.0,0.0,392,0.0,0.0,0.0,one,SR,1
0,1805,5772,0,0,19.5496,13.3907,4.4601,0.0,0.0,2661,1221.0,0.0,0.0,12.65,16.99,0.0,0.0,130,0.0,0.0,0.0,one,SR,1
243,4510,339,0,0,9.4237,3.8082,4.8849,0.0,0.0,1337,1055.0,0.0,0.0,7.46,9.31,0.0,0.0,189,289.0,0.0,0.0,one,TR,1
0,2537,3712,0,0,27.3143,19.2991,5.63,0.0,0.0,2376,1825.0,0.0,0.0,3.48,23.85,0.0,0.0,148,0.0,0.0,0.0,one,SR,1
0,940,407,0,0,18.3698,12.5169,4.2388,0.0,0.0,1288,1141.0,0.0,0.0,-1.0,16.14,0.0,0.0,137,0.0,0.0,0.0,one,SR,1
0,3736,3066,401,0,39.06,21.2554,8.5906,6.4554,0.0,2176,1595.0,1047.0,0.0,-1.98,15.94,11.64,0.0,244,108.0,59.0,0.0,many,SR,2
151,2299,5119,0,0,12.6134,4.436,7.5825,0.0,0.0,1120,1356.0,0.0,0.0,6.41,8.95,0.0,0.0,63,384.0,0.0,0.0,one,RT,1
0,1355,6444,724,0,30.3302,16.6294,6.2227,5.3783,0.0,1310,887.0,946.0,0.0,-5.14,10.78,10.21,0.0,155,0.0,126.0,0.0,many,SR,2
246,1920,8999,778,0,69.6172,17.4125,35.7178,14.4415,0.0,2353,3255.0,2793.0,0.0,6.3,13.33,16.12,0.0,68,-32.0,675.0,0.0,many,RT,2
0,83,5670,0,0,15.3664,10.2985,3.6744,0.0,0.0,1372,933.0,0.0,0.0,1.86,13.93,0.0,0.0,153,0.0,0.0,0.0,one,SR,1
281,2866,3766,0,0,12.1428,5.6681,5.7399,0.0,0.0,1083,1148.0,0.0,0.0,4.76,9.35,0.0,0.0,65,308.0,0.0,0.0,one,RT,1
227,2663,8606,0,0,12.5897,2.306,9.6496,0.0,0.0,1532,1143.0,0.0,0.0,10.38,9.34,0.0,0.0,232,81.0,0.0,0.0,one,RT,1
224,577,5052,5051,0,45.9779,7.8534,18.5494,18.5494,0.0,1915,2057.0,2057.0,0.0,10.88,8.13,8.13,0.0,94,337.0,337.0,0.0,many,TR,2
0,3513,2985,948,0,31.0257,16.3029,6.2914,6.2524,0.0,2534,910.0,894.0,0.0,7.0,10.95,10.84,0.0,226,4.0,0.0,0.0,many,SR,2
0,3209,8300,0,0,19.2109,12.8135,4.6307,0.0,0.0,1685,1285.0,0.0,0.0,1.79,17.67,0.0,0.0,211,0.0,0.0,0.0,one,SR,1
224,2403,9042,0,0,19.9156,10.0464,8.7451,0.0,0.0,2333,1786.0,0.0,0.0,14.38,14.24,0.0,0.0,5,342.0,0.0,0.0,one,TR,1
254,614,1331,0,0,25.1211,6.0187,18.3527,0.0,0.0,1555,2427.0,0.0,0.0,9.58,11.5,0.0,0.0,50,437.0,0.0,0.0,one,RT,1
0,3835,6198,0,0,22.6376,15.784,4.9565,0.0,0.0,2071,1408.0,0.0,0.0,4.67,18.97,0.0,0.0,88,0.0,0.0,0.0,one,SR,1
117,1489,7071,0,0,21.6874,5.0629,15.9013,0.0,0.0,1140,2418.0,0.0,0.0,5.46,11.23,0.0,0.0,99,586.0,0.0,0.0,one,TR,1
0,1237,161,0,0,32.4191,23.755,5.9954,0.0,0.0,3587,2066.0,0.0,0.0,13.65,26.69,0.0,0.0,18,0.0,0.0,0.0,one,SR,1
31,3621,4596,1681,0,35.1448,8.3948,17.253,8.4169,0.0,1358,1557.0,1127.0,0.0,4.54,8.34,7.46,0.0,91,18.0,247.0,0.0,many,TR,2
0,4108,4496,0,0,15.2337,10.3216,3.5654,0.0,0.0,1152,889.0,0.0,0.0,-0.03,13.47,0.0,0.0,123,0.0,0.0,0.0,one,SR,1
0,254,1034,0,0,29.9644,21.6887,5.7752,0.0,0.0,3165,1923.0,0.0,0.0,10.73,25.0,0.0,0.0,56,0.0,0.0,0.0,one,SR,1
254,664,7594,0,0,20.7019,6.8478,13.0662,0.0,0.0,1359,2122.0,0.0,0.0,7.18,11.88,0.0,0.0,17,486.0,0.0,0.0,one,TR,1
164,511,9757,7126,2619,83.0733,20.6852,17.8905,21.4125,20.7191,1737,2855.0,2773.0,2582.0,-3.06,12.78,11.27,11.61,42,716.0,538.0,413.0,many,TR,3
0,318,5286,0,0,16.1713,10.9231,3.8049,0.0,0.0,1343,980.0,0.0,0.0,1.11,14.43,0.0,0.0,141,0.0,0.0,0.0,one,SR,1
252,2588,2875,0,0,22.2739,4.1269,17.5829,0.0,0.0,1422,1528.0,0.0,0.0,9.85,9.64,0.0,0.0,65,-97.0,0.0,0.0,one,RT,1
150,3617,1041,0,0,14.2218,6.0936,7.2883,0.0,0.0,1364,1176.0,0.0,0.0,6.76,10.4,0.0,0.0,100,181.0,0.0,0.0,one,RT,1
140,3164,84,0,0,15.4525,5.8529,8.9273,0.0,0.0,1132,1221.0,0.0,0.0,5.84,9.72,0.0,0.0,14,160.0,0.0,0.0,one,RT,1
0,70,4223,0,0,18.8583,12.9849,4.2531,0.0,0.0,1314,1147.0,0.0,0.0,-0.79,16.2,0.0,0.0,109,0.0,0.0,0.0,one,SR,1
0,3357,6139,1376,0,32.5543,18.0015,5.7211,6.6366,0.0,1143,782.0,1108.0,0.0,-7.75,9.89,12.06,0.0,120,0.0,71.0,0.0,many,SR,2
0,3996,1333,0,0,23.978,16.7029,5.2062,0.0,0.0,2409,1556.0,0.0,0.0,6.67,20.69,0.0,0.0,131,0.0,0.0,0.0,one,SR,1
184,3695,9132,9131,5881,71.0313,18.9826,17.54,17.54,14.5941,1549,2285.0,2285.0,2327.0,-5.11,11.45,11.45,12.84,163,378.0,378.0,499.0,many,RT,3
195,274,9095,0,0,18.8088,8.5384,9.0986,0.0,0.0,1269,2112.0,0.0,0.0,2.78,14.72,0.0,0.0,137,543.0,0.0,0.0,one,RT,1
49,2241,5564,4204,0,57.4981,5.4631,34.7348,16.3086,0.0,1475,2248.0,2018.0,0.0,6.56,9.94,8.98,0.0,236,-548.0,387.0,0.0,many,RT,2
50,95,7988,4240,4239,55.7253,11.8782,10.5997,15.8306,15.8306,1522,1517.0,1691.0,1691.0,1.71,8.23,9.32,9.32,164,375.0,146.0,146.0,many,RT,3
184,3871,6868,5669,4022,76.4983,21.3044,18.1516,19.686,14.9,1258,2841.0,2369.0,2283.0,-8.9,12.78,11.78,13.0,55,690.0,300.0,439.0,many,RT,3
227,3722,1543,0,0,22.7667,2.5687,19.635,0.0,0.0,1289,2909.0,0.0,0.0,8.47,10.63,0.0,0.0,171,780.0,0.0,0.0,one,RT,1
10,2471,3613,0,0,16.7167,5.9393,9.8293,0.0,0.0,1282,1680.0,0.0,0.0,4.93,12.48,0.0,0.0,177,300.0,0.0,0.0,one,RT,1
0,1069,6784,0,0,19.3149,13.6686,4.0928,0.0,0.0,1634,1084.0,0.0,0.0,3.17,15.54,0.0,0.0,22,0.0,0.0,0.0,one,SR,1
178,1852,9330,0,0,18.3017,2.6616,15.0823,0.0,0.0,1669,1863.0,0.0,0.0,12.5,9.58,0.0,0.0,161,305.0,0.0,0.0,one,TR,1
0,4317,5821,0,0,17.4121,11.2925,4.4323,0.0,0.0,1798,1210.0,0.0,0.0,3.69,16.87,0.0,0.0,266,0.0,0.0,0.0,one,SR,1
0,749,4372,0,0,20.4782,14.5559,4.2892,0.0,0.0,1409,1159.0,0.0,0.0,0.1,16.33,0.0,0.0,10,0.0,0.0,0.0,one,SR,1
0,3364,8147,0,0,14.8277,9.7692,3.6694,0.0,0.0,1302,929.0,0.0,0.0,1.17,13.89,0.0,0.0,187,0.0,0.0,0.0,one,SR,1
234,3761,4618,0,0,23.8244,4.8127,18.3734,0.0,0.0,1073,1931.0,0.0,0.0,5.52,10.38,0.0,0.0,64,122.0,0.0,0.0,one,RT,1
0,2457,7556,2493,0,37.1919,20.5783,7.9361,6.2069,0.0,1341,1247.0,910.0,0.0,-8.16,13.84,10.87,0.0,113,1.0,13.0,0.0,many,SR,2
0,1794,5868,0,0,15.6039,10.2825,3.8569,0.0,0.0,1621,1000.0,0.0,0.0,3.84,14.64,0.0,0.0,198,0.0,0.0,0.0,one,SR,1
128,3504,9222,0,0,16.0547,4.0897,11.0233,0.0,0.0,1831,2126.0,0.0,0.0,10.75,12.42,0.0,0.0,299,575.0,0.0,0.0,one,TR,1
0,2759,6068,0,0,18.2769,12.3508,4.2919,0.0,0.0,1467,1160.0,0.0,0.0,0.7,16.34,0.0,0.0,161,0.0,0.0,0.0,one,SR,1
0,148,6467,0,0,19.6685,13.3669,4.5614,0.0,0.0,1674,1260.0,0.0,0.0,1.91,17.4,0.0,0.0,157,0.0,0.0,0.0,one,SR,1
38,4948,1840,1295,0,34.6547,7.6308,12.9282,13.1161,0.0,1381,1967.0,1753.0,0.0,5.68,8.96,8.84,0.0,81,543.0,376.0,0.0,many,RT,2
0,4527,5845,0,0,15.6972,11.0425,3.378,0.0,0.0,1397,823.0,0.0,0.0,3.18,12.77,0.0,0.0,31,0.0,0.0,0.0,one,SR,1
0,1501,6034,0,0,15.3774,10.7132,3.3864,0.0,0.0,1487,824.0,0.0,0.0,4.11,12.78,0.0,0.0,54,0.0,0.0,0.0,one,SR,1
224,2516,9273,0,0,12.1484,3.7976,7.7856,0.0,0.0,1360,1242.0,0.0,0.0,9.19,8.65,0.0,0.0,88,303.0,0.0,0.0,one,RT,1
0,3105,4702,0,0,15.9982,11.1237,3.5362,0.0,0.0,1692,881.0,0.0,0.0,5.72,13.38,0.0,0.0,63,0.0,0.0,0.0,one,SR,1
10,4313,1481,1480,0,39.495,14.2974,11.6497,11.6497,0.0,1510,1847.0,1847.0,0.0,-1.23,12.49,12.49,0.0,190,322.0,322.0,0.0,many,RT,2
32,3861,2240,0,0,19.9277,3.8506,15.3528,0.0,0.0,1542,1943.0,0.0,0.0,9.67,11.24,0.0,0.0,182,255.0,0.0,0.0,one,RT,1
247,745,3362,0,0,11.4067,2.6566,8.1764,0.0,0.0,1185,1378.0,0.0,0.0,7.28,8.74,0.0,0.0,171,379.0,0.0,0.0,one,TR,1
0,2784,9082,0,0,15.0907,9.9664,3.7171,0.0,0.0,1669,946.0,0.0,0.0,4.86,14.07,0.0,0.0,184,0.0,0.0,0.0,one,SR,1
201,3927,7667,7367,5450,114.3048,12.6062,29.2682,31.9244,38.697,2643,3219.0,3713.0,3891.0,11.47,12.69,10.64,13.75,251,347.0,688.0,258.0,many,RT,3
92,3450,3285,0,0,21.3573,10.1577,10.0172,0.0,0.0,1416,1949.0,0.0,0.0,4.23,14.82,0.0,0.0,33,360.0,0.0,0.0,one,TR,1
67,1574,1014,1013,0,57.5061,10.3367,22.9299,22.9299,0.0,2084,2244.0,2244.0,0.0,10.09,11.55,11.55,0.0,99,33.0,33.0,0.0,many,RT,2
0,1386,3242,0,0,13.6187,9.2661,3.1638,0.0,0.0,1412,740.0,0.0,0.0,4.13,11.89,0.0,0.0,98,0.0,0.0,0.0,one,SR,1
52,1323,519,0,0,12.5875,7.6913,3.8825,0.0,0.0,1703,1343.0,0.0,0.0,8.76,13.14,0.0,0.0,98,346.0,0.0,0.0,one,RT,1
0,4120,6761,0,0,12.3044,7.7941,3.277,0.0,0.0,1614,782.0,0.0,0.0,5.85,12.33,0.0,0.0,226,0.0,0.0,0.0,one,SR,1
0,372,261,0,0,14.765,10.465,3.125,0.0,0.0,1090,727.0,0.0,0.0,0.87,11.75,0.0,0.0,8,0.0,0.0,0.0,one,SR,1
120,524,9387,6242,0,30.1063,6.6413,14.5159,7.8904,0.0,1239,1810.0,1136.0,0.0,3.48,9.25,8.34,0.0,197,316.0,234.0,0.0,many,RT,2
76,1554,6898,2262,0,72.8309,14.9359,32.3226,23.6266,0.0,2435,3015.0,2544.0,0.0,8.05,14.73,14.73,0.0,176,-100.0,39.0,0.0,many,RT,2
117,3418,2174,0,0,13.7493,6.3633,6.4231,0.0,0.0,1408,1448.0,0.0,0.0,6.12,11.63,0.0,0.0,157,367.0,0.0,0.0,one,RT,1
175,1078,8419,0,0,11.3328,3.2385,7.4835,0.0,0.0,1250,889.0,0.0,0.0,7.63,8.11,0.0,0.0,154,82.0,0.0,0.0,one,RT,1
0,1753,6903,0,0,13.358,9.0956,3.0969,0.0,0.0,1154,718.0,0.0,0.0,1.63,11.65,0.0,0.0,95,0.0,0.0,0.0,one,SR,1
247,1952,2355,0,0,21.399,11.8483,8.2103,0.0,0.0,1644,2309.0,0.0,0.0,5.2,16.4,0.0,0.0,15,647.0,0.0,0.0,one,RT,1
0,2308,7652,2994,0,34.6642,19.3659,7.5252,5.4488,0.0,1353,1343.0,726.0,0.0,-6.71,13.83,9.41,0.0,106,98.0,0.0,0.0,many,SR,2
176,4095,8407,4163,2999,61.8757,10.5176,24.0219,15.1336,10.6888,1950,2825.0,2197.0,1323.0,6.85,10.32,10.35,7.46,212,483.0,512.0,266.0,many,RT,3
69,3651,9866,0,0,15.2723,2.5592,12.1256,0.0,0.0,1210,1624.0,0.0,0.0,7.42,8.87,0.0,0.0,186,332.0,0.0,0.0,one,TR,1
157,4534,8131,0,0,37.014,2.1954,34.2545,0.0,0.0,1454,2940.0,0.0,0.0,10.19,10.64,0.0,0.0,197,-34.0,0.0,0.0,one,TR,1
53,4432,3957,0,0,17.4962,1.8445,14.973,0.0,0.0,1816,2084.0,0.0,0.0,12.96,10.79,0.0,0.0,291,410.0,0.0,0.0,one,TR,1
0,1282,7163,1546,0,29.2264,15.6766,6.0444,5.4549,0.0,1218,1002.0,727.0,0.0,-5.67,11.07,9.43,0.0,190,81.0,-1.0,0.0,many,SR,2
134,3163,3866,3865,2269,66.6731,11.5369,17.1297,17.1297,19.266,1415,2033.0,2033.0,2258.0,0.36,9.03,9.03,10.04,202,348.0,348.0,340.0,many,RT,3
227,1064,6655,0,0,17.7503,8.6291,8.1276,0.0,0.0,1153,1552.0,0.0,0.0,3.16,11.94,0.0,0.0,22,331.0,0.0,0.0,one,RT,1
281,1073,1660,0,0,19.5875,8.4834,9.8602,0.0,0.0,1695,2412.0,0.0,0.0,6.6,15.44,0.0,0.0,185,686.0,0.0,0.0,one,TR,1
186,3136,7683,6087,1925,97.1479,11.8948,21.2381,36.5572,25.8862,1961,2954.0,3253.0,3757.0,6.45,9.89,11.37,11.46,154,765.0,31.0,1021.0,many,RT,3
38,4551,6477,4402,0,37.9296,6.0641,20.4283,10.5051,0.0,1340,2241.0,1093.0,0.0,5.68,9.67,7.65,0.0,159,281.0,91.0,0.0,many,RT,2
0,984,7007,2522,0,42.7249,24.2365,6.1076,9.5028,0.0,2088,863.0,1835.0,0.0,-3.98,10.58,18.2,0.0,114,0.0,109.0,0.0,many,SR,2
1,4734,9122,5295,111,94.0132,32.1767,17.6144,20.1293,20.173,2551,2377.0,3165.0,3151.0,-8.49,13.46,17.41,17.33,212,329.0,559.0,550.0,many,RT,3
161,2744,9142,3354,0,56.137,11.7982,30.0643,12.9087,0.0,1489,2760.0,2128.0,0.0,3.34,10.86,10.8,0.0,34,57.0,561.0,0.0,many,TR,2
79,4060,7080,3940,0,43.9846,6.5907,10.6748,25.6663,0.0,1268,1350.0,2700.0,0.0,3.84,8.25,10.28,0.0,197,243.0,296.0,0.0,many,TR,2
181,166,3818,0,0,16.7695,4.8201,11.0936,0.0,0.0,1315,1442.0,0.0,0.0,6.11,11.56,0.0,0.0,197,99.0,0.0,0.0,one,RT,1
0,4190,6786,2260,0,39.017,21.6486,6.6552,8.1388,0.0,2464,978.0,1287.0,0.0,2.7,11.56,14.19,0.0,104,0.0,0.0,0.0,many,SR,2
96,2524,7883,5083,5081,116.2791,20.6343,21.9488,35.4915,35.4915,4029,3216.0,3364.0,3364.0,17.89,14.1,14.01,14.01,258,683.0,25.0,25.0,many,TR,3
0,2253,6364,6362,0,47.5759,25.911,9.1986,9.1986,0.0,3492,1529.0,1529.0,0.0,7.26,16.34,16.34,0.0,239,0.0,0.0,0.0,many,SR,2
0,1797,8665,8664,0,62.9947,34.8987,11.78,11.78,0.0,2676,2200.0,2200.0,0.0,-12.73,22.68,22.68,0.0,404,0.0,0.0,0.0,many,SR,2
0,4420,741,0,0,43.6806,32.4844,7.4304,0.0,0.0,4043,2999.0,0.0,0.0,8.56,37.66,0.0,0.0,96,0.0,0.0,0.0,one,SR,1
47,1068,9195,370,0,57.0907,11.0202,22.1042,22.6336,0.0,2247,2435.0,2689.0,0.0,11.6,11.25,10.07,0.0,67,242.0,473.0,0.0,many,RT,2
262,4391,9009,6370,1471,68.3301,20.132,10.1625,18.2718,17.0568,2057,1653.0,1995.0,2967.0,-2.76,11.02,12.02,13.02,289,344.0,83.0,835.0,many,TR,3
0,3382,7743,3295,0,45.0633,24.489,8.3022,9.0676,0.0,2096,1682.0,1495.0,0.0,-6.83,16.03,16.02,0.0,297,186.0,0.0,0.0,many,SR,2
49,4215,2317,492,0,55.186,6.8796,12.7397,34.5759,0.0,1497,1631.0,2359.0,0.0,6.8,8.04,9.86,0.0,139,350.0,-450.0,0.0,many,RT,2
0,1584,8583,3105,0,36.8877,20.6782,6.9995,6.7471,0.0,1187,1049.0,1187.0,0.0,-9.7,12.16,12.47,0.0,102,0.0,102.0,0.0,many,SR,2
50,3188,9932,6028,695,79.5164,16.7617,20.1185,22.3911,18.2754,1400,1778.0,3001.0,2238.0,-3.03,10.34,11.34,11.02,66,-92.0,652.0,325.0,many,RT,3
0,1437,3136,1307,0,54.6795,30.5516,10.3616,9.94,0.0,2333,2019.0,1719.0,0.0,-9.94,20.12,18.14,0.0,265,90.0,-1.0,0.0,many,SR,2
0,583,1046,0,0,46.2139,34.4153,7.7752,0.0,0.0,3683,3218.0,0.0,0.0,2.46,40.23,0.0,0.0,123,0.0,0.0,0.0,one,SR,1
0,2255,7298,5016,0,38.2196,21.1169,7.4366,7.0628,0.0,1410,1344.0,1063.0,0.0,-8.62,13.75,12.28,0.0,158,108.0,0.0,0.0,many,SR,2
11,4116,4649,0,0,39.6884,12.4127,25.3538,0.0,0.0,2346,2991.0,0.0,0.0,7.34,23.22,0.0,0.0,333,-205.0,0.0,0.0,one,TR,1
9,2855,2745,923,0,31.722,10.644,7.0514,12.6565,0.0,1307,1341.0,1569.0,0.0,1.39,9.81,9.89,0.0,115,354.0,202.0,0.0,many,RT,2
0,4978,9164,0,0,28.2623,19.4467,6.0847,0.0,0.0,2688,2119.0,0.0,0.0,3.65,27.31,0.0,0.0,350,0.0,0.0,0.0,one,SR,1
88,284,8653,4326,0,33.7474,8.2031,12.333,12.2699,0.0,1547,1623.0,1379.0,0.0,7.77,7.63,7.78,0.0,19,391.0,200.0,0.0,many,TR,2
213,2190,1774,0,0,25.2675,4.5969,20.1011,0.0,0.0,1094,3065.0,0.0,0.0,6.36,10.69,0.0,0.0,36,869.0,0.0,0.0,one,TR,1
278,3524,156,155,0,97.5792,19.9495,37.6276,37.6276,0.0,2374,3642.0,3642.0,0.0,3.56,16.87,16.87,0.0,97,-49.0,-49.0,0.0,many,RT,2
0,2743,1124,0,0,35.4982,25.6456,6.6677,0.0,0.0,4381,2505.0,0.0,0.0,17.34,31.85,0.0,0.0,206,0.0,0.0,0.0,one,SR,1
0,4246,7258,2255,0,31.9699,17.4101,6.6797,5.725,0.0,1443,995.0,784.0,0.0,-4.24,11.64,9.91,0.0,136,7.0,0.0,0.0,many,SR,2
51,3352,935,0,0,39.9287,18.2953,19.5116,0.0,0.0,2576,3741.0,0.0,0.0,7.95,25.22,0.0,0.0,55,586.0,0.0,0.0,one,RT,1
0,2910,2305,0,0,23.7422,16.8623,4.9764,0.0,0.0,2088,1414.0,0.0,0.0,4.79,19.04,0.0,0.0,19,0.0,0.0,0.0,one,SR,1
247,3562,6058,2970,0,38.7648,11.4902,11.9298,13.8156,0.0,1325,1827.0,2095.0,0.0,0.15,10.97,10.32,0.0,155,378.0,511.0,0.0,many,RT,2
0,3243,7513,5371,0,36.922,20.3414,7.252,6.8095,0.0,1755,1172.0,1129.0,0.0,-4.24,12.89,12.3,0.0,159,37.0,64.0,0.0,many,SR,2
88,4825,9689,5202,0,36.3468,7.4641,11.9806,15.8748,0.0,1296,1489.0,1441.0,0.0,4.36,7.75,8.52,0.0,122,302.0,-1.0,0.0,many,RT,2
42,2473,8753,5650,0,40.0294,13.3495,13.06,11.8867,0.0,1475,1389.0,2273.0,0.0,-0.11,10.39,12.94,0.0,154,13.0,607.0,0.0,many,RT,2
160,769,1784,0,0,32.3274,12.2039,18.4352,0.0,0.0,1862,2675.0,0.0,0.0,4.36,20.88,0.0,0.0,204,84.0,0.0,0.0,one,TR,1
0,3460,6336,0,0,21.8431,14.8024,5.0742,0.0,0.0,2631,1469.0,0.0,0.0,9.93,19.67,0.0,0.0,198,0.0,0.0,0.0,one,SR,1
262,2387,4537,2663,510,76.4445,22.766,19.0128,15.0625,16.8962,2390,2716.0,1734.0,2082.0,0.73,13.02,12.02,12.02,109,532.0,68.0,228.0,many,TR,3
0,4016,9960,7766,0,36.2972,20.3848,6.8395,6.707,0.0,2057,1049.0,988.0,0.0,0.3,12.02,11.64,0.0,62,17.0,0.0,0.0,many,SR,2
0,2623,91,0,0,33.0992,24.0728,6.2025,0.0,0.0,3039,2198.0,0.0,0.0,6.49,28.24,0.0,0.0,92,0.0,0.0,0.0,one,SR,1
265,3599,5012,0,0,26.6463,12.8479,12.3127,0.0,0.0,1892,2510.0,0.0,0.0,6.49,17.86,0.0,0.0,36,482.0,0.0,0.0,one,RT,1
0,4169,8217,0,0,19.7919,14.1006,4.1218,0.0,0.0,1304,1099.0,0.0,0.0,-0.43,15.69,0.0,0.0,2,0.0,0.0,0.0,one,SR,1
124,1698,5609,0,0,18.8651,6.2845,11.6528,0.0,0.0,1273,2111.0,0.0,0.0,5.02,12.28,0.0,0.0,141,535.0,0.0,0.0,one,RT,1
0,4133,6255,0,0,19.3902,12.6473,4.8786,0.0,0.0,1861,1377.0,0.0,0.0,2.76,18.64,0.0,0.0,282,0.0,0.0,0.0,one,SR,1
208,1483,8458,0,0,18.0033,3.6363,13.6618,0.0,0.0,1205,1841.0,0.0,0.0,6.31,10.05,0.0,0.0,185,342.0,0.0,0.0,one,RT,1
0,3304,9849,0,0,53.1926,39.9016,8.6173,0.0,0.0,4822,3771.0,0.0,0.0,8.57,46.74,0.0,0.0,148,0.0,0.0,0.0,one,SR,1
193,199,7846,3169,0,54.1636,14.9373,18.6908,18.5352,0.0,2840,2684.0,2732.0,0.0,11.82,13.0,13.0,0.0,209,527.0,573.0,0.0,many,TR,2
0,4168,8528,6981,0,31.906,17.7356,6.3412,5.6588,0.0,1142,1142.0,771.0,0.0,-7.54,11.91,9.8,0.0,123,123.0,0.0,0.0,many,SR,2
0,4687,7375,6078,3314,48.4659,27.2952,5.988,5.8362,6.1767,1193,849.0,922.0,879.0,-16.0,10.42,10.56,10.72,84,5.0,61.0,0.0,many,SR,3
0,669,2935,0,0,47.1181,34.5305,8.2185,0.0,0.0,4667,3512.0,0.0,0.0,9.68,43.69,0.0,0.0,327,0.0,0.0,0.0,one,SR,1
150,2146,8194,2656,0,40.2815,12.9654,13.3045,12.2622,0.0,1551,2350.0,1776.0,0.0,0.54,11.96,11.53,0.0,190,641.0,288.0,0.0,many,RT,2
0,1784,633,0,0,17.5334,11.8214,4.1383,0.0,0.0,1414,1103.0,0.0,0.0,0.68,15.74,0.0,0.0,160,0.0,0.0,0.0,one,SR,1
0,3270,3992,3552,0,43.7978,25.0806,9.5796,6.311,0.0,2171,1638.0,907.0,0.0,-2.64,17.31,10.95,0.0,25,6.0,0.0,0.0,many,SR,2
112,4253,6785,0,0,29.3761,12.1873,15.5515,0.0,0.0,2210,3268.0,0.0,0.0,8.47,20.37,0.0,0.0,174,730.0,0.0,0.0,one,TR,1
136,2113,2520,0,0,26.3663,14.6802,9.5796,0.0,0.0,2378,3431.0,0.0,0.0,6.01,25.06,0.0,0.0,292,927.0,0.0,0.0,one,RT,1
0,3758,9163,0,0,17.0384,11.0354,4.3455,0.0,0.0,1781,1182.0,0.0,0.0,3.78,16.58,0.0,0.0,265,0.0,0.0,0.0,one,SR,1
0,3261,951,0,0,38.3697,28.1472,6.8824,0.0,0.0,2816,2637.0,0.0,0.0,-0.49,33.4,0.0,0.0,131,0.0,0.0,0.0,one,SR,1
0,3016,60,0,0,35.2225,25.5397,6.5756,0.0,0.0,3017,2439.0,0.0,0.0,3.71,31.07,0.0,0.0,166,0.0,0.0,0.0,one,SR,1
0,3237,6818,0,0,15.4819,10.3332,3.7351,0.0,0.0,1253,952.0,0.0,0.0,0.43,14.14,0.0,0.0,163,0.0,0.0,0.0,one,SR,1
0,1148,9016,0,0,33.616,23.466,6.8404,0.0,0.0,2902,2611.0,0.0,0.0,0.69,33.1,0.0,0.0,431,0.0,0.0,0.0,one,SR,1
0,2041,605,0,0,21.4074,15.2466,4.4587,0.0,0.0,1269,1224.0,0.0,0.0,-1.99,17.02,0.0,0.0,5,0.0,0.0,0.0,one,SR,1
181,2076,2089,0,0,19.0525,4.4413,14.0046,0.0,0.0,1749,2123.0,0.0,0.0,12.91,9.07,0.0,0.0,70,594.0,0.0,0.0,one,TR,1
151,1110,8572,0,0,13.7599,6.3756,6.5168,0.0,0.0,1273,1233.0,0.0,0.0,5.56,10.67,0.0,0.0,98,253.0,0.0,0.0,one,RT,1
0,1904,1897,0,0,31.4344,22.2119,6.3104,0.0,0.0,3078,2273.0,0.0,0.0,6.11,29.12,0.0,0.0,273,0.0,0.0,0.0,one,SR,1
114,298,5818,3829,1025,76.813,16.061,24.3571,17.9218,16.1029,2502,3073.0,2639.0,2599.0,4.94,12.9,11.9,11.9,360,505.0,600.0,674.0,many,TR,3
176,2838,9555,1240,0,29.7219,7.4314,9.5577,11.6094,0.0,1628,1547.0,1620.0,0.0,6.98,8.6,9.64,0.0,183,437.0,315.0,0.0,many,RT,2
160,861,8812,3864,0,51.7659,17.6356,11.6599,20.374,0.0,1353,2226.0,2426.0,0.0,-4.66,13.69,14.27,0.0,84,542.0,162.0,0.0,many,RT,2
0,4947,4124,0,0,13.1357,8.6687,3.2432,0.0,0.0,1431,773.0,0.0,0.0,4.01,12.24,0.0,0.0,160,0.0,0.0,0.0,one,SR,1
180,2173,7866,1378,1377,54.0921,11.1622,12.7238,14.3258,14.3258,1335,1990.0,1774.0,1774.0,0.03,9.43,8.06,8.06,193,545.0,367.0,367.0,many,RT,3
0,2287,4342,0,0,19.3306,13.6992,4.082,0.0,0.0,1577,1080.0,0.0,0.0,2.61,15.49,0.0,0.0,17,0.0,0.0,0.0,one,SR,1
284,157,6590,1143,0,87.6974,23.121,46.1204,15.6247,0.0,3458,4271.0,3069.0,0.0,10.83,22.93,15.38,0.0,161,-403.0,860.0,0.0,many,TR,2
281,3014,505,0,0,21.4609,9.7057,10.4519,0.0,0.0,1267,2419.0,0.0,0.0,1.57,16.03,0.0,0.0,138,624.0,0.0,0.0,one,RT,1
0,223,5732,3240,0,39.9441,21.7863,9.2086,6.0416,0.0,1844,1627.0,1303.0,0.0,-6.81,16.82,12.26,0.0,299,47.0,243.0,0.0,many,SR,2
164,1119,9128,0,0,17.8256,10.5481,6.0696,0.0,0.0,1325,1649.0,0.0,0.0,3.04,15.08,0.0,0.0,22,343.0,0.0,0.0,one,RT,1
0,1490,7942,0,0,27.311,18.7583,5.9323,0.0,0.0,2266,2025.0,0.0,0.0,0.21,26.2,0.0,0.0,329,0.0,0.0,0.0,one,SR,1
0,146,4308,74,0,32.7804,17.0504,6.6888,6.7118,0.0,1645,991.0,989.0,0.0,-3.69,11.64,11.65,0.0,267,3.0,0.0,0.0,many,SR,2
0,2325,9301,0,0,29.3761,20.0281,6.3865,0.0,0.0,2802,2315.0,0.0,0.0,2.77,29.61,0.0,0.0,452,0.0,0.0,0.0,one,SR,1
0,2600,9799,8937,0,42.5766,23.9386,7.9019,7.904,0.0,1437,1413.0,1259.0,0.0,-10.4,14.47,13.85,0.0,106,93.0,11.0,0.0,many,SR,2
0,486,3652,0,0,14.5223,9.5971,3.5742,0.0,0.0,1207,893.0,0.0,0.0,0.51,13.51,0.0,0.0,175,0.0,0.0,0.0,one,SR,1
0,1936,5468,0,0,16.8908,10.9948,4.2692,0.0,0.0,1512,1153.0,0.0,0.0,1.24,16.27,0.0,0.0,249,0.0,0.0,0.0,one,SR,1
0,4422,5712,1485,0,39.1888,21.4855,9.0403,5.9341,0.0,2177,1592.0,967.0,0.0,-1.7,16.46,10.83,0.0,210,50.0,75.0,0.0,many,SR,2
0,1959,2224,0,0,16.8167,11.7207,3.6952,0.0,0.0,1269,940.0,0.0,0.0,0.72,14.01,0.0,0.0,61,0.0,0.0,0.0,one,SR,1
0,4942,1630,0,0,19.3042,13.6034,4.1313,0.0,0.0,1823,1099.0,0.0,0.0,5.02,15.69,0.0,0.0,36,0.0,0.0,0.0,one,SR,1
0,154,689,0,0,19.3667,13.1721,4.4851,0.0,0.0,1492,1231.0,0.0,0.0,0.28,17.09,0.0,0.0,151,0.0,0.0,0.0,one,SR,1
0,4075,2333,0,0,10.6616,6.2508,3.205,0.0,0.0,1993,756.0,0.0,0.0,10.07,12.06,0.0,0.0,314,0.0,0.0,0.0,one,SR,1
72,348,6354,2894,0,74.6347,8.6886,40.6838,23.9322,0.0,1352,2866.0,2956.0,0.0,2.23,12.6,11.7,0.0,224,-570.0,509.0,0.0,many,TR,2
10,2952,6801,0,0,25.7685,7.0578,17.751,0.0,0.0,1256,1985.0,0.0,0.0,4.55,13.6,0.0,0.0,108,15.0,0.0,0.0,one,RT,1
117,3917,5223,767,0,40.3286,7.5348,22.492,9.2812,0.0,1173,2972.0,1339.0,0.0,3.13,9.94,8.26,0.0,113,704.0,313.0,0.0,many,RT,2
88,4292,244,0,0,9.2464,3.1258,5.5618,0.0,0.0,1344,1043.0,0.0,0.0,9.08,8.59,0.0,0.0,130,282.0,0.0,0.0,one,TR,1
206,3934,6650,0,0,29.0926,4.932,23.4714,0.0,0.0,1523,2690.0,0.0,0.0,9.79,11.89,0.0,0.0,87,322.0,0.0,0.0,one,RT,1
140,1517,9598,9597,0,62.1005,8.0621,26.4885,26.4885,0.0,1119,2613.0,2613.0,0.0,2.2,10.31,10.31,0.0,102,181.0,181.0,0.0,many,RT,2
0,174,7437,5218,0,27.6476,14.1717,5.6616,5.8259,0.0,1686,770.0,808.0,0.0,-0.19,9.79,10.1,0.0,254,0.0,2.0,0.0,many,SR,2
260,2621,6390,4387,0,35.2028,10.3306,11.7022,11.7022,0.0,1277,1599.0,1599.0,0.0,0.2,10.34,10.34,0.0,197,254.0,254.0,0.0,many,TR,2
272,3162,6775,4953,0,61.0917,6.9295,26.5943,26.5848,0.0,1510,3278.0,3276.0,0.0,7.01,9.92,9.91,0.0,131,703.0,703.0,0.0,many,RT,2
0,4655,828,0,0,19.5698,13.2663,4.5622,0.0,0.0,2079,1261.0,0.0,0.0,6.16,17.41,0.0,0.0,164,0.0,0.0,0.0,one,SR,1
0,3409,5152,0,0,40.0582,29.2447,7.2158,0.0,0.0,3530,2856.0,0.0,0.0,4.69,35.98,0.0,0.0,214,0.0,0.0,0.0,one,SR,1
0,2563,618,0,0,20.7008,14.6414,4.3859,0.0,0.0,1446,1197.0,0.0,0.0,0.12,16.73,0.0,0.0,29,0.0,0.0,0.0,one,SR,1
117,4052,8505,0,0,15.8388,4.8463,10.4231,0.0,0.0,1763,1570.0,0.0,0.0,13.39,8.69,0.0,0.0,19,399.0,0.0,0.0,one,RT,1
0,4593,2191,0,0,15.8991,10.4369,3.9574,0.0,0.0,2308,1038.0,0.0,0.0,10.69,15.05,0.0,0.0,212,0.0,0.0,0.0,one,SR,1
0,485,3281,0,0,12.7734,8.387,3.1881,0.0,0.0,1333,749.0,0.0,0.0,3.21,11.98,0.0,0.0,164,0.0,0.0,0.0,one,SR,1
164,2269,6151,2091,0,28.8297,8.7202,8.4427,10.3461,0.0,1305,1137.0,1760.0,0.0,1.82,8.6,9.61,0.0,216,188.0,496.0,0.0,many,RT,2
157,2799,8541,0,0,16.1689,3.0221,12.5456,0.0,0.0,1273,1762.0,0.0,0.0,7.96,10.01,0.0,0.0,163,348.0,0.0,0.0,one,RT,1
0,3883,8629,0,0,17.2265,11.691,4.0116,0.0,0.0,1634,1056.0,0.0,0.0,3.44,15.24,0.0,0.0,138,0.0,0.0,0.0,one,SR,1
0,3700,4049,0,0,13.104,8.6708,3.219,0.0,0.0,1526,764.0,0.0,0.0,5.1,12.14,0.0,0.0,154,0.0,0.0,0.0,one,SR,1
165,197,8825,0,0,12.5372,5.1655,6.7885,0.0,0.0,1317,1019.0,0.0,0.0,8.58,7.83,0.0,0.0,6,237.0,0.0,0.0,one,RT,1
0,80,2625,0,0,23.9007,16.3329,5.3755,0.0,0.0,2377,1661.0,0.0,0.0,5.23,21.92,0.0,0.0,232,0.0,0.0,0.0,one,SR,1
0,4997,5474,0,0,15.3282,10.6282,3.4136,0.0,0.0,1238,832.0,0.0,0.0,1.42,12.86,0.0,0.0,65,0.0,0.0,0.0,one,SR,1
0,550,6935,6538,1149,75.5048,43.4613,6.8268,9.7777,10.3893,2119,1013.0,1731.0,2119.0,-23.2,11.86,18.01,20.63,136,0.0,25.0,136.0,many,SR,3
210,3318,8489,1562,0,54.3357,6.021,24.8821,22.5022,0.0,1380,1758.0,1692.0,0.0,6.12,8.65,8.65,0.0,161,-283.0,-197.0,0.0,many,TR,2
0,1435,7962,0,0,20.8559,14.821,4.369,0.0,0.0,1408,1190.0,0.0,0.0,-0.21,16.66,0.0,0.0,12,0.0,0.0,0.0,one,SR,1
0,3467,9465,0,0,21.341,13.5968,5.473,0.0,0.0,2818,1728.0,0.0,0.0,9.15,22.71,0.0,0.0,467,0.0,0.0,0.0,one,SR,1
0,2216,2358,0,0,15.4699,10.7362,3.4357,0.0,0.0,1339,843.0,0.0,0.0,2.38,12.98,0.0,0.0,65,0.0,0.0,0.0,one,SR,1
0,2647,6857,0,0,13.7181,8.6633,3.6678,0.0,0.0,1709,927.0,0.0,0.0,5.46,13.87,0.0,0.0,261,0.0,0.0,0.0,one,SR,1
86,2517,1463,0,0,14.6648,3.5785,10.503,0.0,0.0,1386,1514.0,0.0,0.0,9.3,8.83,0.0,0.0,114,344.0,0.0,0.0,one,TR,1
103,1873,3070,876,0,61.1864,7.4132,23.6264,29.1297,0.0,2692,2557.0,2321.0,0.0,19.11,9.11,10.06,0.0,119,371.0,-178.0,0.0,many,TR,2
265,93,8864,0,0,12.8197,7.1042,4.8863,0.0,0.0,1048,947.0,0.0,0.0,3.54,10.29,0.0,0.0,25,150.0,0.0,0.0,one,RT,1
0,1808,7738,0,0,21.8037,15.4795,4.5765,0.0,0.0,1535,1267.0,0.0,0.0,0.39,17.48,0.0,0.0,17,0.0,0.0,0.0,one,SR,1
88,2598,9053,0,0,16.8658,3.109,13.13,0.0,0.0,1250,1836.0,0.0,0.0,7.48,9.27,0.0,0.0,173,414.0,0.0,0.0,one,TR,1
86,2390,1929,0,0,14.294,2.9294,10.5968,0.0,0.0,2236,1874.0,0.0,0.0,16.57,10.68,0.0,0.0,272,507.0,0.0,0.0,one,TR,1
181,2044,1531,0,0,19.6566,2.7801,16.2127,0.0,0.0,1391,2007.0,0.0,0.0,8.63,10.64,0.0,0.0,218,289.0,0.0,0.0,one,TR,1
0,1273,35,0,0,17.2497,11.2072,4.3743,0.0,0.0,1897,1192.0,0.0,0.0,4.91,16.68,0.0,0.0,260,0.0,0.0,0.0,one,SR,1
38,991,1367,0,0,12.3666,7.011,4.4479,0.0,0.0,1095,957.0,0.0,0.0,3.33,11.08,0.0,0.0,79,138.0,0.0,0.0,one,RT,1
0,2964,6164,0,0,14.5228,9.6783,3.5157,0.0,0.0,1212,872.0,0.0,0.0,0.77,13.29,0.0,0.0,156,0.0,0.0,0.0,one,SR,1
206,3790,6396,4064,4063,93.0991,14.5889,25.619,25.619,25.619,1615,3381.0,3381.0,3381.0,2.08,10.51,10.51,10.51,20,804.0,804.0,804.0,many,TR,3
0,1647,243,0,0,15.9356,11.2243,3.4217,0.0,0.0,1461,835.0,0.0,0.0,3.73,12.9,0.0,0.0,26,0.0,0.0,0.0,one,SR,1
49,309,4177,0,0,8.8453,2.239,6.0114,0.0,0.0,1360,1142.0,0.0,0.0,8.93,8.95,0.0,0.0,213,311.0,0.0,0.0,one,RT,1
0,3571,4032,0,0,11.2558,6.999,3.0945,0.0,0.0,1479,715.0,0.0,0.0,5.07,11.62,0.0,0.0,236,0.0,0.0,0.0,one,SR,1
0,4248,7748,3783,0,48.9274,27.2566,9.2119,9.1892,0.0,2851,1530.0,1535.0,0.0,0.51,16.35,16.35,0.0,148,0.0,5.0,0.0,many,SR,2
109,2381,5680,0,0,21.4601,2.9719,17.8604,0.0,0.0,1271,2074.0,0.0,0.0,7.7,10.28,0.0,0.0,183,266.0,0.0,0.0,one,RT,1
168,4444,1666,0,0,14.3353,5.5272,8.0775,0.0,0.0,1437,1523.0,0.0,0.0,8.51,10.31,0.0,0.0,72,405.0,0.0,0.0,one,TR,1
200,4805,901,900,0,83.4244,10.1382,35.9772,35.9772,0.0,2724,3782.0,3782.0,0.0,16.62,12.66,12.66,0.0,126,393.0,393.0,0.0,many,RT,2
257,14,5177,5176,0,37.0435,15.5217,9.8279,9.8279,0.0,1800,2023.0,2023.0,0.0,2.11,12.33,12.33,0.0,87,570.0,570.0,0.0,many,TR,2
0,4352,409,408,0,29.177,14.5637,6.2266,6.2266,0.0,2011,889.0,889.0,0.0,1.67,10.8,10.8,0.0,333,0.0,0.0,0.0,many,SR,2
0,4865,3350,2313,0,28.6628,15.1631,5.6962,5.8117,0.0,1441,778.0,801.0,0.0,-2.8,9.86,10.06,0.0,189,0.0,-1.0,0.0,many,SR,2
268,1744,966,0,0,32.1445,10.5726,20.0619,0.0,0.0,2906,3584.0,0.0,0.0,16.92,20.1,0.0,0.0,206,728.0,0.0,0.0,one,TR,1
36,385,4482,3823,0,40.0829,13.4774,10.3259,14.6229,0.0,1879,2013.0,2045.0,0.0,4.82,13.06,9.51,0.0,98,492.0,474.0,0.0,many,TR,2
257,4630,7931,7930,7911,87.9719,13.2665,23.3885,23.3885,26.3747,1358,3293.0,3293.0,2597.0,0.28,10.32,10.32,9.91,49,876.0,876.0,198.0,many,RT,3
277,2432,9646,0,0,16.9131,7.3111,8.674,0.0,0.0,1104,1633.0,0.0,0.0,3.24,12.28,0.0,0.0,71,342.0,0.0,0.0,one,RT,1
88,4031,9124,0,0,15.8361,4.1274,11.0374,0.0,0.0,1490,1385.0,0.0,0.0,9.6,9.71,0.0,0.0,131,165.0,0.0,0.0,one,TR,1
0,3119,2180,1829,0,35.9239,20.3579,6.7025,6.5536,0.0,1520,1004.0,958.0,0.0,-4.83,11.71,11.39,0.0,30,8.0,0.0,0.0,many,SR,2
117,3582,9751,3179,0,38.3157,8.4778,8.4383,20.3638,0.0,1997,922.0,2220.0,0.0,11.65,7.9,9.46,0.0,58,65.0,281.0,0.0,many,RT,2
42,39,9320,5466,0,42.4117,12.0394,14.5878,14.1176,0.0,1303,1575.0,2373.0,0.0,-1.32,11.4,11.27,0.0,202,9.0,652.0,0.0,many,RT,2
157,1858,4027,1518,0,45.1863,8.2059,18.9706,17.0531,0.0,1039,2498.0,2109.0,0.0,2.3,8.66,8.91,0.0,28,618.0,418.0,0.0,many,RT,2
78,158,8336,4162,0,35.5922,8.4431,10.444,15.4464,0.0,1199,1700.0,1996.0,0.0,1.26,9.15,9.44,0.0,197,471.0,393.0,0.0,many,RT,2
52,344,504,0,0,17.2322,4.2467,12.3301,0.0,0.0,1126,1464.0,0.0,0.0,5.92,10.55,0.0,0.0,113,103.0,0.0,0.0,one,RT,1
117,2165,2560,0,0,14.5371,5.0243,8.5627,0.0,0.0,1856,1903.0,0.0,0.0,10.94,12.5,0.0,0.0,241,541.0,0.0,0.0,one,RT,1
38,858,9933,9622,3155,62.6582,12.9907,27.0271,13.6715,7.4619,1175,2945.0,1498.0,1162.0,-1.23,9.68,8.05,8.34,39,439.0,195.0,278.0,many,RT,3
0,3201,6369,5254,0,101.0149,61.0705,18.8175,14.1728,0.0,4242,4242.0,2821.0,0.0,-18.05,40.99,28.55,0.0,104,104.0,0.0,0.0,many,SR,2
0,2859,6124,2915,2012,78.5883,44.5689,9.187,9.9426,9.2794,2600,1739.0,2550.0,1549.0,-23.19,17.35,22.23,16.53,404,103.0,398.0,0.0,many,SR,3
50,1595,7843,4313,0,59.9863,15.7765,28.3297,14.1282,0.0,2116,3366.0,2867.0,0.0,6.45,10.96,15.56,0.0,0,612.0,781.0,0.0,many,TR,2
53,4861,9033,1588,0,59.2624,19.2532,19.3338,18.3621,0.0,2488,3149.0,2709.0,0.0,5.3,15.74,14.4,0.0,107,688.0,485.0,0.0,many,RT,2
0,2573,5021,4167,0,50.6575,29.1541,10.0053,8.2001,0.0,1814,1814.0,1299.0,0.0,-10.64,18.69,14.29,0.0,36,36.0,0.0,0.0,many,SR,2
157,1897,1055,0,0,47.938,3.9641,43.203,0.0,0.0,1235,3804.0,0.0,0.0,6.03,14.71,0.0,0.0,203,-121.0,0.0,0.0,one,TR,1
113,1038,7782,1971,0,68.2542,23.6274,17.4795,24.2344,0.0,3067,3396.0,2923.0,0.0,5.99,17.85,19.27,0.0,177,861.0,33.0,0.0,many,RT,2
26,4645,9361,2492,2487,74.1485,24.5215,17.6091,16.9062,12.2771,2260,2773.0,2603.0,1951.0,-1.78,14.33,12.98,12.03,68,581.0,569.0,392.0,many,RT,3
136,60,4994,4787,875,63.0805,15.9585,15.5212,14.8038,14.8104,1348,1979.0,2069.0,2069.0,-3.73,10.31,10.28,10.28,131,326.0,437.0,437.0,many,RT,3
11,4851,9459,9094,4209,61.1736,12.7727,12.5252,14.8997,19.367,1634,1915.0,2113.0,2136.0,2.68,9.26,9.44,9.39,117,509.0,513.0,278.0,many,RT,3
18,2172,9108,6485,3770,112.8483,8.4137,32.0789,35.6534,35.3459,1802,2583.0,2535.0,2551.0,6.71,9.59,9.51,9.46,259,-121.0,-357.0,-325.0,many,RT,3
210,1276,1743,1742,0,59.0703,10.3658,23.5443,23.5443,0.0,1797,2706.0,2706.0,0.0,4.33,12.08,12.08,0.0,285,319.0,319.0,0.0,many,TR,2
85,1448,4090,2799,0,39.6014,11.1012,20.6107,6.5364,0.0,1113,2800.0,1073.0,0.0,-0.49,10.36,9.17,0.0,74,657.0,216.0,0.0,many,RT,2
0,863,8751,1296,0,51.8446,29.4738,9.6215,9.2944,0.0,2093,1753.0,1566.0,0.0,-9.12,17.93,16.62,0.0,111,56.0,7.0,0.0,many,SR,2
0,1151,8282,7615,0,38.5119,21.2411,8.9203,5.7691,0.0,1948,1461.0,835.0,0.0,-2.78,15.67,10.15,0.0,136,3.0,23.0,0.0,many,SR,2
210,4627,9958,8452,0,45.5568,6.3793,21.7646,16.4851,0.0,1664,2299.0,2117.0,0.0,9.12,8.63,8.65,0.0,135,309.0,471.0,0.0,many,TR,2
88,332,6528,4662,0,29.2911,10.7501,10.3148,7.0262,0.0,1223,1618.0,1077.0,0.0,2.04,8.85,8.15,0.0,4,433.0,249.0,0.0,many,RT,2
0,32,7485,4911,0,52.325,28.0768,10.559,9.7533,0.0,3259,2277.0,1683.0,0.0,-1.2,21.61,17.75,0.0,501,190.0,5.0,0.0,many,SR,2
0,4977,5011,0,0,26.2655,18.8506,5.2897,0.0,0.0,2357,1604.0,0.0,0.0,5.62,21.25,0.0,0.0,19,0.0,0.0,0.0,one,SR,1
0,3060,7217,3994,0,29.8549,16.1739,5.6157,5.9562,0.0,1299,762.0,1098.0,0.0,-5.34,9.72,11.37,0.0,192,0.0,142.0,0.0,many,SR,2
231,2061,3586,0,0,26.4118,8.8871,16.1089,0.0,0.0,1848,2737.0,0.0,0.0,6.66,18.16,0.0,0.0,263,420.0,0.0,0.0,one,TR,1
0,4602,5999,2001,0,34.0791,18.5153,6.894,6.3684,0.0,2409,1027.0,917.0,0.0,4.58,11.97,11.04,0.0,150,0.0,0.0,0.0,many,SR,2
0,1190,1118,0,0,34.6057,24.5336,6.7954,0.0,0.0,3509,2583.0,0.0,0.0,7.36,32.77,0.0,0.0,338,0.0,0.0,0.0,one,SR,1
0,3656,6063,5970,0,83.7214,47.5494,11.5028,18.5144,0.0,4363,2127.0,4020.0,0.0,-9.58,21.99,39.56,0.0,535,0.0,34.0,0.0,many,SR,2
150,1668,9166,0,0,32.9559,13.1458,17.8353,0.0,0.0,2756,3484.0,0.0,0.0,11.17,23.75,0.0,0.0,316,570.0,0.0,0.0,one,RT,1
0,4660,7855,0,0,25.3342,18.1609,5.1526,0.0,0.0,1934,1515.0,0.0,0.0,2.12,20.21,0.0,0.0,2,0.0,0.0,0.0,one,SR,1
0,850,7490,3143,0,42.3302,23.484,5.9708,9.8532,0.0,2348,839.0,2090.0,0.0,-2.55,10.36,19.86,0.0,254,2.0,188.0,0.0,many,SR,2
162,3625,6586,5015,0,43.6691,14.7839,14.5267,12.5938,0.0,1670,2437.0,2207.0,0.0,1.65,12.88,11.77,0.0,75,585.0,584.0,0.0,many,TR,2
0,1958,5210,4111,0,27.0932,13.6078,5.7857,5.7096,0.0,1927,800.0,780.0,0.0,2.32,10.03,9.87,0.0,294,2.0,0.0,0.0,many,SR,2
260,1934,8297,0,0,47.694,15.5179,30.2378,0.0,0.0,2081,4979.0,0.0,0.0,4.41,25.38,0.0,0.0,132,905.0,0.0,0.0,one,RT,1
0,1586,5518,2195,0,33.4355,16.8219,6.872,7.2796,0.0,2523,1024.0,1109.0,0.0,4.33,11.95,12.67,0.0,364,0.0,0.0,0.0,many,SR,2
0,3556,8614,6841,0,48.4119,26.9243,5.7306,12.346,0.0,2939,802.0,2359.0,0.0,0.16,9.98,24.13,0.0,258,9.0,6.0,0.0,many,SR,2
0,3697,7266,0,0,25.6437,17.462,5.7236,0.0,0.0,2912,1887.0,0.0,0.0,8.45,24.58,0.0,0.0,318,0.0,0.0,0.0,one,SR,1
0,4673,3287,0,0,16.608,11.3879,3.7852,0.0,0.0,1442,972.0,0.0,0.0,2.23,14.35,0.0,0.0,104,0.0,0.0,0.0,one,SR,1
85,357,6111,0,0,22.6327,9.2538,11.8147,0.0,0.0,2007,2518.0,0.0,0.0,7.0,18.64,0.0,0.0,329,472.0,0.0,0.0,one,RT,1
151,2934,2924,0,0,18.0021,6.6672,10.2066,0.0,0.0,1651,2072.0,0.0,0.0,7.18,14.28,0.0,0.0,238,474.0,0.0,0.0,one,TR,1
262,3222,6694,0,0,21.3255,6.8542,13.4819,0.0,0.0,1513,2507.0,0.0,0.0,6.98,13.89,0.0,0.0,140,640.0,0.0,0.0,one,TR,1
0,4226,7475,4595,0,31.7516,17.525,5.7744,6.2214,0.0,1751,921.0,1148.0,0.0,-1.69,10.49,11.81,0.0,174,68.0,140.0,0.0,many,SR,2
203,4528,3931,0,0,24.4805,9.0771,14.2581,0.0,0.0,2025,2499.0,0.0,0.0,10.95,15.45,0.0,0.0,84,500.0,0.0,0.0,one,RT,1
0,3383,1507,0,0,15.8339,10.5837,3.8079,0.0,0.0,1740,979.0,0.0,0.0,5.29,14.42,0.0,0.0,164,0.0,0.0,0.0,one,SR,1
114,628,9093,0,0,41.7931,4.1467,36.868,0.0,0.0,1332,2698.0,0.0,0.0,6.98,12.78,0.0,0.0,195,-490.0,0.0,0.0,one,TR,1
178,4521,7620,0,0,14.5718,1.3065,12.6948,0.0,0.0,1940,1665.0,0.0,0.0,15.24,8.7,0.0,0.0,261,341.0,0.0,0.0,one,RT,1
0,349,6986,0,0,14.8058,10.3181,3.2586,0.0,0.0,1217,778.0,0.0,0.0,1.72,12.29,0.0,0.0,51,0.0,0.0,0.0,one,SR,1
31,257,8758,1317,0,37.1008,13.7546,11.1867,10.3515,0.0,1489,2073.0,2055.0,0.0,-0.64,12.01,12.07,0.0,172,549.0,579.0,0.0,many,RT,2
0,3085,488,0,0,13.931,9.0301,3.5573,0.0,0.0,1422,886.0,0.0,0.0,2.84,13.44,0.0,0.0,209,0.0,0.0,0.0,one,SR,1
0,1571,5470,1232,0,30.0812,16.6574,5.5724,5.8365,0.0,1323,751.0,913.0,0.0,-4.24,9.63,10.52,0.0,101,0.0,57.0,0.0,many,SR,2
0,4243,1362,0,0,13.6052,9.0255,3.3263,0.0,0.0,1319,801.0,0.0,0.0,2.57,12.53,0.0,0.0,154,0.0,0.0,0.0,one,SR,1
0,3987,4783,4782,0,41.9076,22.7514,8.157,8.157,0.0,1817,1290.0,1290.0,0.0,-6.5,14.21,14.21,0.0,193,0.0,0.0,0.0,many,SR,2
0,2668,8509,0,0,13.073,8.3863,3.4014,0.0,0.0,1378,831.0,0.0,0.0,2.9,12.85,0.0,0.0,217,0.0,0.0,0.0,one,SR,1
0,4715,3929,0,0,12.9433,8.5213,3.212,0.0,0.0,1686,760.0,0.0,0.0,6.81,12.1,0.0,0.0,162,0.0,0.0,0.0,one,SR,1
0,395,5075,0,0,20.4389,13.8969,4.7339,0.0,0.0,1584,1324.0,0.0,0.0,0.36,18.08,0.0,0.0,162,0.0,0.0,0.0,one,SR,1
140,1005,2761,0,0,20.8114,5.7469,14.4198,0.0,0.0,1178,1663.0,0.0,0.0,6.57,9.45,0.0,0.0,4,198.0,0.0,0.0,one,TR,1
195,4872,5499,0,0,16.5977,6.9593,8.8378,0.0,0.0,1619,1697.0,0.0,0.0,9.79,11.01,0.0,0.0,17,454.0,0.0,0.0,one,RT,1
195,289,4270,0,0,16.9348,5.7272,10.2818,0.0,0.0,1246,1718.0,0.0,0.0,4.75,12.26,0.0,0.0,178,316.0,0.0,0.0,one,RT,1
0,1334,3537,0,0,16.2198,10.6016,4.0709,0.0,0.0,1503,1078.0,0.0,0.0,1.86,15.47,0.0,0.0,227,0.0,0.0,0.0,one,SR,1
0,3464,1639,0,0,20.5308,13.7109,4.9322,0.0,0.0,1676,1399.0,0.0,0.0,0.61,18.88,0.0,0.0,224,0.0,0.0,0.0,one,SR,1
109,856,2342,0,0,15.8485,3.5244,11.5256,0.0,0.0,1595,2015.0,0.0,0.0,9.56,11.99,0.0,0.0,250,486.0,0.0,0.0,one,RT,1
151,1218,4201,0,0,18.9631,8.1944,9.5291,0.0,0.0,1555,2156.0,0.0,0.0,5.17,15.4,0.0,0.0,202,513.0,0.0,0.0,one,TR,1
0,4502,92,0,0,17.6977,10.8196,4.9745,0.0,0.0,2630,1414.0,0.0,0.0,10.48,19.04,0.0,0.0,431,0.0,0.0,0.0,one,SR,1
14,1055,3606,0,0,14.5321,1.0316,12.9353,0.0,0.0,1957,1355.0,0.0,0.0,15.46,8.65,0.0,0.0,277,94.0,0.0,0.0,one,RT,1
0,2722,8382,0,0,31.5931,22.8584,6.0355,0.0,0.0,3112,2092.0,0.0,0.0,8.38,26.99,0.0,0.0,98,0.0,0.0,0.0,one,SR,1
227,663,4406,0,0,13.3657,5.3479,7.3901,0.0,0.0,1120,1186.0,0.0,0.0,6.11,8.28,0.0,0.0,21,304.0,0.0,0.0,one,RT,1
0,2349,8226,0,0,37.7317,26.8905,7.2283,0.0,0.0,4017,2869.0,0.0,0.0,9.66,36.13,0.0,0.0,384,0.0,0.0,0.0,one,SR,1
0,2415,7278,0,0,17.988,11.724,4.5344,0.0,0.0,1684,1250.0,0.0,0.0,2.12,17.3,0.0,0.0,262,0.0,0.0,0.0,one,SR,1
0,4816,2291,0,0,42.742,31.0387,7.7187,0.0,0.0,3559,3185.0,0.0,0.0,1.51,39.85,0.0,0.0,329,0.0,0.0,0.0,one,SR,1
49,1771,7338,425,0,43.5049,8.1586,22.4521,11.8719,0.0,1109,3012.0,1434.0,0.0,2.44,10.11,8.11,0.0,71,727.0,246.0,0.0,many,RT,2
0,2408,335,0,0,22.5764,14.9504,5.4101,0.0,0.0,2122,1681.0,0.0,0.0,2.34,22.16,0.0,0.0,341,0.0,0.0,0.0,one,SR,1
0,1345,5100,0,0,13.9538,8.8145,3.7267,0.0,0.0,1622,951.0,0.0,0.0,4.32,14.13,0.0,0.0,266,0.0,0.0,0.0,one,SR,1
162,2398,1638,0,0,16.1618,6.8615,8.19,0.0,0.0,2149,2052.0,0.0,0.0,12.57,14.1,0.0,0.0,214,584.0,0.0,0.0,one,TR,1
0,814,8107,4970,0,37.5852,20.7255,6.8856,7.4635,0.0,1996,1029.0,1181.0,0.0,-1.64,11.97,13.13,0.0,128,2.0,18.0,0.0,many,SR,2
0,1381,9338,0,0,27.642,19.0157,5.9765,0.0,0.0,2752,2050.0,0.0,0.0,5.05,26.5,0.0,0.0,330,0.0,0.0,0.0,one,SR,1
0,152,6988,2200,0,32.9835,18.5644,6.1725,6.1144,0.0,1533,880.0,866.0,0.0,-3.09,10.72,10.61,0.0,43,1.0,0.0,0.0,many,SR,2
49,2611,3476,0,0,14.8875,5.3529,8.9057,0.0,0.0,1166,1453.0,0.0,0.0,6.58,9.29,0.0,0.0,21,363.0,0.0,0.0,one,RT,1
0,3935,1684,0,0,26.9025,18.9601,5.5854,0.0,0.0,2622,1801.0,0.0,0.0,6.32,23.57,0.0,0.0,154,0.0,0.0,0.0,one,SR,1
0,1430,7304,0,0,18.1538,12.0418,4.427,0.0,0.0,2407,1208.0,0.0,0.0,10.11,16.85,0.0,0.0,213,0.0,0.0,0.0,one,SR,1
0,3660,5648,0,0,21.063,14.63,4.6546,0.0,0.0,2630,1296.0,0.0,0.0,11.61,17.78,0.0,0.0,94,0.0,0.0,0.0,one,SR,1
0,1824,1674,0,0,15.7392,11.0675,3.3907,0.0,0.0,1383,827.0,0.0,0.0,2.99,12.81,0.0,0.0,32,0.0,0.0,0.0,one,SR,1
72,460,7215,0,0,20.2249,3.3501,16.2704,0.0,0.0,1213,2111.0,0.0,0.0,7.3,10.04,0.0,0.0,143,399.0,0.0,0.0,one,RT,1
31,365,5942,5941,0,61.7134,19.1111,20.1249,20.1249,0.0,2494,2872.0,2872.0,0.0,5.02,15.76,15.76,0.0,141,430.0,430.0,0.0,many,RT,2
203,3690,8797,0,0,14.5926,4.5401,9.3887,0.0,0.0,1348,1763.0,0.0,0.0,8.18,10.64,0.0,0.0,98,494.0,0.0,0.0,one,RT,1
79,3850,7084,3259,2672,81.2518,14.591,14.3136,15.9567,34.5918,2179,1791.0,2199.0,3033.0,6.69,8.99,10.01,11.99,109,328.0,486.0,-59.0,many,RT,3
0,1095,8929,0,0,14.105,8.5977,3.9898,0.0,0.0,2167,1050.0,0.0,0.0,9.1,15.18,0.0,0.0,345,0.0,0.0,0.0,one,SR,1
0,2180,8504,0,0,17.2787,11.4785,4.2011,0.0,0.0,1674,1127.0,0.0,0.0,3.18,15.99,0.0,0.0,199,0.0,0.0,0.0,one,SR,1
0,1417,9575,0,0,23.0342,16.3101,4.8629,0.0,0.0,2187,1374.0,0.0,0.0,6.21,18.61,0.0,0.0,30,0.0,0.0,0.0,one,SR,1
0,2335,984,0,0,18.5359,12.0634,4.6857,0.0,0.0,2045,1304.0,0.0,0.0,5.39,17.87,0.0,0.0,274,0.0,0.0,0.0,one,SR,1
0,1347,2622,895,0,48.527,27.2976,9.0752,8.8231,0.0,1878,1878.0,1430.0,0.0,-10.26,17.91,15.4,0.0,183,183.0,0.0,0.0,many,SR,2
140,1046,3335,0,0,23.5354,4.9168,18.0535,0.0,0.0,1152,1760.0,0.0,0.0,7.01,9.65,0.0,0.0,12,52.0,0.0,0.0,one,RT,1
0,1657,2595,0,0,18.0472,11.8865,4.4587,0.0,0.0,2081,1224.0,0.0,0.0,6.53,17.02,0.0,0.0,234,0.0,0.0,0.0,one,SR,1
0,2110,762,0,0,19.1671,12.3228,4.9514,0.0,0.0,2164,1404.0,0.0,0.0,5.69,18.93,0.0,0.0,322,0.0,0.0,0.0,one,SR,1
0,415,2181,0,0,13.0031,8.6751,3.1435,0.0,0.0,1380,736.0,0.0,0.0,3.83,11.85,0.0,0.0,136,0.0,0.0,0.0,one,SR,1
234,1434,55,0,0,16.3634,5.0042,10.7674,0.0,0.0,1070,1657.0,0.0,0.0,5.91,8.92,0.0,0.0,22,433.0,0.0,0.0,one,TR,1
0,4406,6097,0,0,17.2494,12.1532,3.6974,0.0,0.0,1560,938.0,0.0,0.0,3.79,13.99,0.0,0.0,30,0.0,0.0,0.0,one,SR,1
234,259,2350,0,0,25.016,8.2537,15.6828,0.0,0.0,1566,2708.0,0.0,0.0,6.73,14.8,0.0,0.0,100,615.0,0.0,0.0,one,RT,1
252,4702,9262,6079,0,42.3559,6.8263,19.8661,14.6626,0.0,1491,2456.0,1516.0,0.0,6.65,9.08,7.93,0.0,149,511.0,159.0,0.0,many,TR,2
0,3611,3535,0,0,14.4447,10.064,3.1813,0.0,0.0,1404,750.0,0.0,0.0,3.95,11.99,0.0,0.0,50,0.0,0.0,0.0,one,SR,1
152,2856,2443,0,0,24.1967,4.6916,18.9367,0.0,0.0,1087,1757.0,0.0,0.0,6.3,9.68,0.0,0.0,29,-3.0,0.0,0.0,one,RT,1
85,1467,6129,1577,0,36.4104,8.0314,10.5377,16.8107,0.0,1148,1516.0,2527.0,0.0,2.78,7.9,9.41,0.0,85,397.0,721.0,0.0,many,RT,2
0,3225,6892,0,0,17.0844,11.5189,4.0321,0.0,0.0,1598,1065.0,0.0,0.0,2.98,15.33,0.0,0.0,156,0.0,0.0,0.0,one,SR,1
181,2913,4031,0,0,10.2578,2.6793,7.0037,0.0,0.0,1206,1132.0,0.0,0.0,7.49,8.75,0.0,0.0,170,258.0,0.0,0.0,one,RT,1
121,2992,3775,592,0,38.9647,15.3425,10.9232,10.9232,0.0,2655,2036.0,2036.0,0.0,11.9,11.88,11.88,0.0,44,543.0,543.0,0.0,many,TR,2
0,3146,4853,0,0,15.8994,10.7601,3.7278,0.0,0.0,1166,950.0,0.0,0.0,-0.46,14.11,0.0,0.0,133,0.0,0.0,0.0,one,SR,1
0,3303,4476,1548,0,31.6097,16.7457,5.9128,6.6133,0.0,2530,1243.0,967.0,0.0,5.52,11.91,11.47,0.0,293,224.0,-1.0,0.0,many,SR,2
0,4858,4296,0,0,14.2216,9.4352,3.4756,0.0,0.0,1611,855.0,0.0,0.0,5.12,13.11,0.0,0.0,161,0.0,0.0,0.0,one,SR,1
231,3773,3678,0,0,25.3676,6.3708,18.017,0.0,0.0,1583,3209.0,0.0,0.0,7.8,14.8,0.0,0.0,167,863.0,0.0,0.0,one,RT,1
0,3391,9988,0,0,14.7043,10.2315,3.25,0.0,0.0,1354,772.0,0.0,0.0,3.21,12.23,0.0,0.0,53,0.0,0.0,0.0,one,SR,1
120,1022,6768,3374,0,57.313,9.8196,14.1573,32.1489,0.0,1144,1974.0,3408.0,0.0,1.33,8.94,11.94,0.0,59,479.0,369.0,0.0,many,TR,2
0,973,5771,3288,0,40.8418,22.9368,7.6128,7.6353,0.0,1491,1184.0,1182.0,0.0,-8.26,13.28,13.29,0.0,67,4.0,0.0,0.0,many,SR,2
85,3289,9213,0,0,23.1647,10.4183,11.5523,0.0,0.0,1562,2364.0,0.0,0.0,5.65,14.94,0.0,0.0,23,581.0,0.0,0.0,one,RT,1
52,2083,8480,0,0,17.4627,2.4116,14.4901,0.0,0.0,1206,1494.0,0.0,0.0,7.61,9.61,0.0,0.0,180,56.0,0.0,0.0,one,RT,1
21,2073,3807,0,0,15.9924,2.8175,12.5874,0.0,0.0,1470,1350.0,0.0,0.0,10.15,9.87,0.0,0.0,169,40.0,0.0,0.0,one,TR,1
238,2994,1217,0,0,18.3917,6.5039,11.101,0.0,0.0,1063,1934.0,0.0,0.0,4.08,10.87,0.0,0.0,40,513.0,0.0,0.0,one,TR,1
50,2197,4765,0,0,11.5884,2.3501,8.6646,0.0,0.0,1253,1286.0,0.0,0.0,7.99,8.74,0.0,0.0,192,281.0,0.0,0.0,one,RT,1
165,983,8531,0,0,11.4719,6.4621,4.0671,0.0,0.0,1292,1268.0,0.0,0.0,5.08,12.43,0.0,0.0,138,319.0,0.0,0.0,one,TR,1
268,642,3627,0,0,37.4442,13.7463,21.7749,0.0,0.0,3029,3745.0,0.0,0.0,14.5,24.23,0.0,0.0,243,516.0,0.0,0.0,one,TR,1
210,4635,4017,0,0,31.0832,3.7006,26.7612,0.0,0.0,1243,2000.0,0.0,0.0,7.46,11.21,0.0,0.0,129,-353.0,0.0,0.0,one,RT,1
201,4964,9956,1199,0,67.573,8.1774,25.9541,32.1216,0.0,3117,2829.0,3377.0,0.0,20.85,11.89,13.31,0.0,253,285.0,269.0,0.0,many,RT,2
186,3642,5738,5737,1815,106.2147,25.1679,31.2957,31.2957,15.6336,3275,3448.0,3448.0,2396.0,8.99,14.41,14.41,13.41,16,307.0,307.0,460.0,many,RT,3
31,3525,6241,4477,3110,74.8166,26.8569,13.5854,15.108,16.2709,1887,2472.0,2153.0,2198.0,-7.14,14.95,11.05,13.96,7,547.0,440.0,241.0,many,RT,3
128,432,9969,1553,0,50.4711,7.6233,22.6424,19.0982,0.0,1663,1781.0,2591.0,0.0,7.5,9.47,9.6,0.0,160,-184.0,628.0,0.0,many,RT,2
128,4217,8245,8071,2683,72.6058,14.0403,16.0081,13.6029,26.8472,2201,2129.0,1689.0,3041.0,4.14,11.5,9.95,11.62,336,344.0,236.0,411.0,many,RT,3
186,3554,8373,2247,1263,97.5172,23.8503,18.626,34.6407,17.5986,2003,2867.0,4191.0,2692.0,-4.18,13.34,15.34,13.34,93,651.0,628.0,577.0,many,TR,3
157,2548,7907,2913,0,48.2512,11.4764,14.396,21.0146,0.0,1908,1975.0,3031.0,0.0,7.76,9.71,11.93,0.0,55,422.0,720.0,0.0,many,TR,2
262,4102,7986,0,0,49.6264,16.587,31.0035,0.0,0.0,1790,4100.0,0.0,0.0,0.47,25.36,0.0,0.0,119,193.0,0.0,0.0,one,RT,1
0,1905,3054,3053,0,34.4617,18.5801,6.7646,6.7646,0.0,1743,1002.0,1002.0,0.0,-2.87,11.76,11.76,0.0,177,0.0,0.0,0.0,many,SR,2
0,1368,7577,0,0,32.89,23.0806,6.6457,0.0,0.0,3578,2487.0,0.0,0.0,9.1,31.64,0.0,0.0,368,0.0,0.0,0.0,one,SR,1
233,3440,4085,2906,851,49.8742,11.6406,14.441,14.441,7.6142,1907,1638.0,1638.0,1209.0,4.39,8.74,8.74,7.89,273,218.0,218.0,331.0,many,TR,3
184,564,8124,7686,3580,58.316,11.3034,17.5276,20.5245,7.5489,1404,2413.0,2174.0,1145.0,2.04,8.7,8.7,7.71,96,634.0,280.0,296.0,many,RT,3
88,4952,9962,9266,186,54.9981,12.361,11.6188,12.8399,16.6962,1332,1545.0,1997.0,2069.0,0.65,7.85,9.05,8.92,67,360.0,565.0,407.0,many,RT,3
40,3551,5716,0,0,24.9088,6.864,17.1169,0.0,0.0,2236,2255.0,0.0,0.0,15.13,13.28,0.0,0.0,102,275.0,0.0,0.0,one,TR,1
134,1921,6167,6166,0,72.8005,24.6088,22.4648,22.4648,0.0,3472,3869.0,3869.0,0.0,7.1,20.31,20.31,0.0,324,795.0,795.0,0.0,many,RT,2
48,4222,8690,3778,0,47.6488,12.432,20.7776,13.0343,0.0,1149,2438.0,1777.0,0.0,-0.58,11.72,9.33,0.0,15,294.0,371.0,0.0,many,RT,2
0,2491,9395,6747,0,35.5229,18.7513,6.9172,7.3284,0.0,2243,1156.0,1118.0,0.0,0.82,12.51,12.75,0.0,272,66.0,0.0,0.0,many,SR,2
50,3560,4141,2279,0,45.8008,10.5744,24.9286,8.9065,0.0,1187,2527.0,1165.0,0.0,-0.06,13.1,7.82,0.0,133,45.0,228.0,0.0,many,RT,2
0,4057,9510,8608,0,46.9972,26.7497,8.2606,8.969,0.0,1831,1314.0,1469.0,0.0,-7.93,14.42,15.76,0.0,28,0.0,1.0,0.0,many,SR,2
0,3221,3857,0,0,20.8721,13.651,5.1781,0.0,0.0,1996,1534.0,0.0,0.0,2.57,20.43,0.0,0.0,323,0.0,0.0,0.0,one,SR,1
162,2906,5242,3036,0,78.1961,13.8609,30.6346,31.8712,0.0,1802,3104.0,2380.0,0.0,2.46,14.21,14.08,0.0,178,94.0,-521.0,0.0,many,TR,2
157,559,7827,5277,0,54.6203,6.8436,36.3853,10.2944,0.0,1391,2591.0,1567.0,0.0,4.73,11.45,8.52,0.0,207,-468.0,414.0,0.0,many,RT,2
252,2614,9823,0,0,19.0262,5.3756,13.0377,0.0,0.0,1067,1153.0,0.0,0.0,5.69,9.13,0.0,0.0,10,-93.0,0.0,0.0,one,TR,1
49,3393,4352,0,0,30.3828,12.1997,16.3528,0.0,0.0,2207,3354.0,0.0,0.0,6.7,22.3,0.0,0.0,292,639.0,0.0,0.0,one,TR,1
0,2272,4455,1440,0,41.2501,23.1632,8.6806,6.615,0.0,1672,1672.0,970.0,0.0,-7.57,16.42,11.49,0.0,134,134.0,0.0,0.0,many,SR,2
99,1986,2421,0,0,18.5185,3.7603,14.1962,0.0,0.0,2065,2195.0,0.0,0.0,16.62,9.62,0.0,0.0,89,606.0,0.0,0.0,one,RT,1
0,1230,8859,0,0,25.5188,17.7502,5.4869,0.0,0.0,1882,1737.0,0.0,0.0,-0.77,22.82,0.0,0.0,190,0.0,0.0,0.0,one,SR,1
272,3743,7424,4449,0,38.9073,8.6835,15.533,13.6499,0.0,1115,2400.0,1669.0,0.0,2.34,9.7,8.71,0.0,47,681.0,289.0,0.0,many,RT,2
0,4027,1225,0,0,18.1027,11.9833,4.4301,0.0,0.0,1852,1212.0,0.0,0.0,4.24,16.89,0.0,0.0,220,0.0,0.0,0.0,one,SR,1
86,3559,6353,3863,3100,59.4419,16.0107,13.807,13.8681,13.8681,2244,1926.0,1934.0,1934.0,6.57,9.26,9.31,9.31,67,444.0,444.0,444.0,many,RT,3
0,2455,4373,0,0,26.5722,18.189,5.8346,0.0,0.0,2255,1964.0,0.0,0.0,0.74,25.49,0.0,0.0,324,0.0,0.0,0.0,one,SR,1
85,683,8796,5493,0,42.5054,10.8438,23.7364,6.6359,0.0,1169,2073.0,1207.0,0.0,0.67,10.01,8.88,0.0,52,-56.0,329.0,0.0,many,RT,2
0,4840,9841,5766,0,37.3583,20.2335,6.1521,8.3274,0.0,1694,878.0,1623.0,0.0,-6.02,10.69,15.76,0.0,244,2.0,155.0,0.0,many,SR,2
0,1811,8866,0,0,16.0361,10.6677,3.8922,0.0,0.0,1333,1011.0,0.0,0.0,0.71,14.76,0.0,0.0,179,0.0,0.0,0.0,one,SR,1
38,3649,9928,4904,4602,85.5315,19.2234,29.2807,16.9207,17.825,1298,3264.0,2973.0,2279.0,-6.91,10.85,17.45,8.52,90,486.0,594.0,525.0,many,RT,3
0,4337,5795,0,0,15.4394,10.3864,3.6659,0.0,0.0,1676,927.0,0.0,0.0,5.11,13.87,0.0,0.0,143,0.0,0.0,0.0,one,SR,1
203,1244,8962,0,0,27.3348,11.9549,13.7309,0.0,0.0,1707,3248.0,0.0,0.0,3.08,20.49,0.0,0.0,197,812.0,0.0,0.0,one,RT,1
0,173,5155,4462,0,34.5096,19.5238,6.0405,6.7196,0.0,1376,851.0,1018.0,0.0,-5.58,10.48,11.78,0.0,35,0.0,14.0,0.0,many,SR,2
176,249,9326,7277,0,36.4811,6.7198,10.0422,18.8024,0.0,1397,1038.0,2094.0,0.0,6.42,7.6,9.57,0.0,105,78.0,268.0,0.0,many,TR,2
0,4943,949,0,0,13.9775,9.4654,3.2756,0.0,0.0,1708,785.0,0.0,0.0,6.81,12.36,0.0,0.0,114,0.0,0.0,0.0,one,SR,1
164,4503,9554,2820,0,50.5439,12.9676,14.8039,21.0596,0.0,1245,2524.0,3346.0,0.0,-2.34,12.78,12.35,0.0,167,641.0,933.0,0.0,many,RT,2
0,893,6289,801,0,32.138,17.4261,6.0379,6.4918,0.0,1515,865.0,951.0,0.0,-3.73,10.53,11.29,0.0,151,8.0,4.0,0.0,many,SR,2
0,3484,9954,3236,0,30.7857,17.2388,5.5868,5.9479,0.0,1358,778.0,848.0,0.0,-3.85,9.75,10.37,0.0,60,12.0,10.0,0.0,many,SR,2
0,4188,7670,0,0,19.6034,13.8462,4.1717,0.0,0.0,1949,1114.0,0.0,0.0,6.2,15.85,0.0,0.0,29,0.0,0.0,0.0,one,SR,1
0,2677,2868,0,0,45.6711,34.3437,7.5039,0.0,0.0,3973,3048.0,0.0,0.0,7.31,38.23,0.0,0.0,5,0.0,0.0,0.0,one,SR,1
50,2704,7747,3870,0,42.1453,7.2429,11.4148,22.5062,0.0,1217,1678.0,2133.0,0.0,3.95,8.79,10.03,0.0,109,419.0,60.0,0.0,many,TR,2
0,2650,6469,3571,0,32.7428,16.848,6.7703,6.7722,0.0,1931,1002.0,1002.0,0.0,-0.9,11.76,11.76,0.0,295,0.0,0.0,0.0,many,SR,2
0,4038,6631,0,0,12.2027,7.8596,3.1543,0.0,0.0,1226,740.0,0.0,0.0,2.17,11.89,0.0,0.0,194,0.0,0.0,0.0,one,SR,1
281,779,8540,4557,0,43.1664,10.2411,8.2069,23.5414,0.0,1214,1266.0,2301.0,0.0,2.15,8.89,9.88,0.0,24,283.0,137.0,0.0,many,RT,2
0,2807,545,0,0,22.677,15.8177,4.9599,0.0,0.0,1634,1410.0,0.0,0.0,0.06,18.99,0.0,0.0,87,0.0,0.0,0.0,one,SR,1
0,1456,7494,0,0,22.8646,15.3559,5.3387,0.0,0.0,3426,1642.0,0.0,0.0,16.44,21.7,0.0,0.0,285,0.0,0.0,0.0,one,SR,1
117,3144,507,0,0,10.9206,4.1782,6.1072,0.0,0.0,1113,869.0,0.0,0.0,5.97,9.35,0.0,0.0,105,75.0,0.0,0.0,one,RT,1
48,608,7957,0,0,10.4527,4.4181,5.3188,0.0,0.0,1175,1182.0,0.0,0.0,5.9,10.16,0.0,0.0,138,312.0,0.0,0.0,one,TR,1
7,1673,5952,0,0,18.5929,8.0691,9.4941,0.0,0.0,1248,1442.0,0.0,0.0,3.84,13.3,0.0,0.0,82,91.0,0.0,0.0,one,TR,1
0,3537,2893,0,0,34.9251,24.2954,7.1108,0.0,0.0,3797,2789.0,0.0,0.0,8.2,35.19,0.0,0.0,503,0.0,0.0,0.0,one,SR,1
0,4415,1078,0,0,14.3997,9.4257,3.6082,0.0,0.0,1401,907.0,0.0,0.0,2.42,13.66,0.0,0.0,196,0.0,0.0,0.0,one,SR,1
36,4774,3879,3668,0,71.8398,12.1006,20.8259,37.516,0.0,1248,2945.0,3774.0,0.0,0.53,10.77,14.2,0.0,33,731.0,211.0,0.0,many,RT,2
278,2007,9148,5058,0,62.3734,11.1081,43.9447,5.7005,0.0,1861,4074.0,1137.0,0.0,4.96,14.27,10.93,0.0,237,67.0,212.0,0.0,many,RT,2
0,2204,9031,0,0,29.506,21.1643,5.8118,0.0,0.0,3558,1948.0,0.0,0.0,14.59,25.3,0.0,0.0,110,0.0,0.0,0.0,one,SR,1
31,319,4883,4549,0,84.861,14.714,22.7981,45.5791,0.0,1434,2925.0,4111.0,0.0,-0.87,14.3,14.39,0.0,83,401.0,-5.0,0.0,many,RT,2
0,3527,6840,0,0,13.1175,8.4889,3.3602,0.0,0.0,1330,815.0,0.0,0.0,2.55,12.68,0.0,0.0,200,0.0,0.0,0.0,one,SR,1
234,3826,9394,5496,0,52.9161,7.115,23.2495,21.6136,0.0,1144,1698.0,1995.0,0.0,3.57,8.72,8.66,0.0,91,-239.0,84.0,0.0,many,RT,2
0,3046,7038,7037,0,30.0982,16.9604,5.5994,5.5994,0.0,1121,759.0,759.0,0.0,-5.68,9.7,9.7,0.0,34,0.0,0.0,0.0,many,SR,2
0,2053,9457,0,0,42.3069,31.3457,7.3013,0.0,0.0,4392,2909.0,0.0,0.0,13.18,36.6,0.0,0.0,109,0.0,0.0,0.0,one,SR,1
79,3481,9588,9587,6887,61.733,10.2936,16.0332,16.0332,17.9085,1279,1957.0,1957.0,2173.0,0.25,8.88,8.88,8.88,197,362.0,362.0,419.0,many,RT,3
0,3919,2300,0,0,10.6594,6.0271,3.3651,0.0,0.0,2368,814.0,0.0,0.0,13.46,12.67,0.0,0.0,367,0.0,0.0,0.0,one,SR,1
0,2513,1908,0,0,18.2441,12.6447,4.0585,0.0,0.0,2117,1072.0,0.0,0.0,8.36,15.41,0.0,0.0,84,0.0,0.0,0.0,one,SR,1
0,3808,1688,0,0,38.1025,27.675,6.9945,0.0,0.0,3451,2716.0,0.0,0.0,5.34,34.33,0.0,0.0,220,0.0,0.0,0.0,one,SR,1
0,3853,2359,0,0,24.4965,16.5614,5.5805,0.0,0.0,2765,1799.0,0.0,0.0,7.84,23.55,0.0,0.0,316,0.0,0.0,0.0,one,SR,1
0,1846,2904,0,0,24.6947,17.6611,5.0718,0.0,0.0,1838,1465.0,0.0,0.0,1.64,19.62,0.0,0.0,0,0.0,0.0,0.0,one,SR,1
68,142,5778,5777,0,51.8272,10.7246,19.717,19.717,0.0,1985,2177.0,2177.0,0.0,5.83,12.34,12.34,0.0,293,120.0,120.0,0.0,many,RT,2
0,1374,9281,0,0,27.685,19.0218,5.9958,0.0,0.0,2424,2065.0,0.0,0.0,1.45,26.67,0.0,0.0,340,0.0,0.0,0.0,one,SR,1
72,3887,4778,0,0,12.1132,4.9282,6.5657,0.0,0.0,1309,903.0,0.0,0.0,8.17,8.19,0.0,0.0,44,141.0,0.0,0.0,one,RT,1
0,1283,9971,0,0,20.1959,13.9731,4.5048,0.0,0.0,1615,1239.0,0.0,0.0,1.5,17.18,0.0,0.0,102,0.0,0.0,0.0,one,SR,1
0,4954,8507,3753,0,29.9768,16.805,5.3934,5.8155,0.0,1762,778.0,801.0,0.0,0.84,9.57,10.06,0.0,59,34.0,-1.0,0.0,many,SR,2
0,4392,9282,0,0,22.0282,15.0845,5.0184,0.0,0.0,1940,1434.0,0.0,0.0,3.04,19.25,0.0,0.0,153,0.0,0.0,0.0,one,SR,1
32,3742,4998,751,0,40.5374,7.2882,16.3679,15.7137,0.0,1950,1576.0,1911.0,0.0,9.97,9.85,9.83,0.0,220,-3.0,291.0,0.0,many,RT,2
48,2300,8057,2963,0,33.2418,8.4353,10.0397,13.8126,0.0,1059,1146.0,1155.0,0.0,2.53,7.72,7.82,0.0,11,154.0,-61.0,0.0,many,TR,2
0,4562,8056,0,0,19.6192,13.8002,4.2156,0.0,0.0,1826,1131.0,0.0,0.0,4.74,16.03,0.0,0.0,43,0.0,0.0,0.0,one,SR,1
0,4110,9876,0,0,16.7081,11.4468,3.8138,0.0,0.0,1349,984.0,0.0,0.0,1.14,14.48,0.0,0.0,108,0.0,0.0,0.0,one,SR,1
181,3800,7141,0,0,10.3303,3.95,5.6857,0.0,0.0,1241,1245.0,0.0,0.0,6.78,9.95,0.0,0.0,157,351.0,0.0,0.0,one,RT,1
0,4386,103,0,0,18.8716,13.2065,4.1051,0.0,0.0,1293,1090.0,0.0,0.0,-0.46,15.6,0.0,0.0,57,0.0,0.0,0.0,one,SR,1
162,3142,8371,7028,4235,62.4675,14.8148,16.4587,18.8479,10.4751,1395,2175.0,2367.0,1615.0,-2.19,10.12,10.29,9.29,138,432.0,432.0,396.0,many,RT,3
0,2732,9708,0,0,13.9477,9.1764,3.4637,0.0,0.0,1541,852.0,0.0,0.0,4.41,13.08,0.0,0.0,177,0.0,0.0,0.0,one,SR,1
0,238,8406,0,0,16.2634,10.9044,3.8838,0.0,0.0,1381,1010.0,0.0,0.0,1.22,14.75,0.0,0.0,162,0.0,0.0,0.0,one,SR,1
0,4537,632,0,0,14.3781,9.7458,3.364,0.0,0.0,1327,815.0,0.0,0.0,2.52,12.68,0.0,0.0,114,0.0,0.0,0.0,one,SR,1
0,1353,2931,0,0,17.7066,12.0829,4.0744,0.0,0.0,1708,1080.0,0.0,0.0,3.99,15.49,0.0,0.0,127,0.0,0.0,0.0,one,SR,1
85,3493,4608,4607,0,37.7776,13.0941,11.4811,11.4811,0.0,1688,2055.0,2055.0,0.0,2.23,11.61,11.61,0.0,164,541.0,541.0,0.0,many,RT,2
0,1617,4040,0,0,13.8513,9.035,3.495,0.0,0.0,1518,865.0,0.0,0.0,4.05,13.21,0.0,0.0,195,0.0,0.0,0.0,one,SR,1
0,2930,9202,0,0,16.9108,11.7603,3.7348,0.0,0.0,1830,954.0,0.0,0.0,6.47,14.16,0.0,0.0,67,0.0,0.0,0.0,one,SR,1
104,3057,6455,0,0,30.7921,5.7069,24.274,0.0,0.0,2541,3085.0,0.0,0.0,19.38,13.11,0.0,0.0,109,507.0,0.0,0.0,one,TR,1
0,2667,2942,0,0,16.4846,11.7246,3.4557,0.0,0.0,1226,849.0,0.0,0.0,1.13,13.04,0.0,0.0,1,0.0,0.0,0.0,one,SR,1
32,4214,620,0,0,20.507,3.9093,15.8735,0.0,0.0,1665,2479.0,0.0,0.0,10.96,11.24,0.0,0.0,178,633.0,0.0,0.0,one,RT,1
88,2616,7765,117,0,46.0968,9.3446,20.1905,15.4519,0.0,1103,1974.0,1782.0,0.0,1.59,9.54,8.56,0.0,44,99.0,280.0,0.0,many,RT,2
272,3836,5796,0,0,30.6993,3.6624,26.4367,0.0,0.0,1271,3628.0,0.0,0.0,7.94,12.0,0.0,0.0,119,860.0,0.0,0.0,one,RT,1
234,1242,36,0,0,17.3682,3.5053,13.2733,0.0,0.0,1179,1885.0,0.0,0.0,7.07,9.9,0.0,0.0,123,407.0,0.0,0.0,one,RT,1
224,2023,2801,0,0,12.7932,3.2696,8.8917,0.0,0.0,1571,881.0,0.0,0.0,10.81,9.32,0.0,0.0,165,-74.0,0.0,0.0,one,RT,1
0,2787,5540,4337,0,39.3948,20.895,6.3192,9.3987,0.0,2004,915.0,1581.0,0.0,-3.99,10.99,16.83,0.0,283,4.0,0.0,0.0,many,SR,2
48,3145,4224,699,0,69.8677,23.2646,31.2828,12.2242,0.0,2240,4508.0,2259.0,0.0,-4.35,25.7,13.26,0.0,314,468.0,559.0,0.0,many,RT,2
88,4023,7609,428,0,33.49,8.4175,7.576,16.5194,0.0,1217,1152.0,1695.0,0.0,3.98,7.64,9.13,0.0,26,304.0,120.0,0.0,many,RT,2
66,4579,5127,1598,0,75.8045,12.0376,19.74,42.6722,0.0,1057,2666.0,2624.0,0.0,-1.09,10.95,12.6,0.0,11,571.0,-868.0,0.0,many,RT,2
86,3153,2297,0,0,23.8896,7.0661,15.9922,0.0,0.0,3078,2417.0,0.0,0.0,24.84,12.31,0.0,0.0,29,518.0,0.0,0.0,one,TR,1
0,3417,9694,6386,0,37.5781,20.6275,7.2075,7.2316,0.0,1941,1092.0,1099.0,0.0,-2.22,12.53,12.59,0.0,135,0.0,0.0,0.0,many,SR,2
0,187,2044,413,0,40.3267,23.0419,5.9983,8.724,0.0,1412,841.0,1412.0,0.0,-8.24,10.39,15.23,0.0,2,0.0,2.0,0.0,many,SR,2
0,218,6691,463,446,63.1971,36.177,7.3168,9.6007,6.0037,1734,1126.0,1734.0,844.0,-18.68,12.77,17.81,10.41,49,6.0,49.0,1.0,many,SR,3
227,2385,2158,78,0,50.278,13.8834,19.2295,15.2644,0.0,1874,2623.0,2026.0,0.0,2.57,14.07,11.94,0.0,220,389.0,283.0,0.0,many,RT,2
0,1944,8693,4055,0,48.3791,27.054,9.593,8.4511,0.0,1984,1757.0,1391.0,0.0,-8.7,17.92,14.89,0.0,169,61.0,21.0,0.0,many,SR,2
246,130,4795,791,0,46.3219,16.2079,18.306,10.0007,0.0,1711,1833.0,1933.0,0.0,1.7,12.12,11.96,0.0,4,-48.0,513.0,0.0,many,RT,2
184,4924,4009,3015,1422,91.7047,27.5745,21.1069,16.8714,23.0001,1776,2519.0,3025.0,2908.0,-9.72,14.58,14.47,15.47,54,173.0,807.0,310.0,many,RT,3
227,1200,8241,3125,0,49.884,7.1269,24.1872,17.5655,0.0,1223,2693.0,2549.0,0.0,3.8,10.2,8.85,0.0,131,380.0,727.0,0.0,many,TR,2
66,716,7271,4627,0,29.2411,10.2124,7.7455,9.965,0.0,1204,1189.0,1414.0,0.0,0.78,8.59,9.59,0.0,113,268.0,255.0,0.0,many,RT,2
263,804,8787,7952,5864,58.9521,15.6395,13.7067,13.287,14.4939,1336,1871.0,1976.0,2082.0,-2.4,9.79,9.9,8.57,54,378.0,475.0,563.0,many,RT,3
262,4931,4604,2133,1511,84.3096,22.8085,15.994,19.3348,23.4653,2083,2815.0,2302.0,2225.0,-2.49,13.02,13.02,13.02,106,780.0,198.0,-97.0,many,TR,3
26,1531,9585,4121,2510,84.9669,19.9669,21.3069,19.4443,21.5324,2173,2028.0,1892.0,2126.0,-1.63,12.98,12.97,13.21,306,-121.0,-117.0,-72.0,many,RT,3
0,1570,3253,0,0,23.0928,15.6882,5.2805,0.0,0.0,1910,1603.0,0.0,0.0,0.94,21.24,0.0,0.0,234,0.0,0.0,0.0,one,SR,1
22,2016,8959,3386,0,40.286,11.4282,14.4804,13.0592,0.0,1198,1571.0,1979.0,0.0,0.72,9.71,9.47,0.0,30,109.0,515.0,0.0,many,RT,2
97,2981,3975,0,0,27.0764,4.5227,21.5219,0.0,0.0,2923,2703.0,0.0,0.0,21.41,14.32,0.0,0.0,325,304.0,0.0,0.0,one,TR,1
102,740,9918,9917,5370,85.0618,15.7905,22.443,22.443,22.2847,2235,2391.0,2391.0,2796.0,4.56,12.0,12.0,11.01,213,147.0,147.0,521.0,many,RT,3
0,957,5165,0,0,15.5281,11.0047,3.2837,0.0,0.0,1223,788.0,0.0,0.0,1.68,12.4,0.0,0.0,11,0.0,0.0,0.0,one,SR,1
0,3457,7158,0,0,45.1061,33.6763,7.5628,0.0,0.0,4012,3085.0,0.0,0.0,7.32,38.67,0.0,0.0,77,0.0,0.0,0.0,one,SR,1
15,2754,1960,0,0,20.6019,6.8509,12.5241,0.0,0.0,1851,2613.0,0.0,0.0,8.39,16.27,0.0,0.0,286,639.0,0.0,0.0,one,RT,1
0,731,1880,1837,0,40.8314,21.4442,10.1571,6.189,0.0,2665,1777.0,1132.0,0.0,0.61,18.68,11.73,0.0,404,0.0,134.0,0.0,many,SR,2
0,1102,5236,0,0,14.3304,9.3508,3.6117,0.0,0.0,1937,909.0,0.0,0.0,8.03,13.68,0.0,0.0,202,0.0,0.0,0.0,one,SR,1
68,1468,5078,4389,3175,89.2982,17.5277,18.9061,22.5214,28.256,2071,2049.0,2877.0,3058.0,2.96,11.07,10.79,12.02,86,142.0,582.0,321.0,many,RT,3
69,3198,1732,286,0,63.027,9.0168,19.2685,33.7271,0.0,1057,1905.0,3698.0,0.0,1.97,8.58,11.56,0.0,8,154.0,521.0,0.0,many,RT,2
0,104,2940,0,0,12.2646,7.8107,3.2344,0.0,0.0,1585,769.0,0.0,0.0,5.67,12.2,0.0,0.0,216,0.0,0.0,0.0,one,SR,1
0,2575,1580,0,0,20.2836,14.0458,4.5167,0.0,0.0,1957,1242.0,0.0,0.0,5.06,17.21,0.0,0.0,99,0.0,0.0,0.0,one,SR,1
0,946,7026,0,0,11.3607,6.764,3.339,0.0,0.0,2315,805.0,0.0,0.0,12.99,12.58,0.0,0.0,311,0.0,0.0,0.0,one,SR,1
0,2940,5068,0,0,22.4863,15.7208,4.8959,0.0,0.0,1711,1382.0,0.0,0.0,1.14,18.7,0.0,0.0,76,0.0,0.0,0.0,one,SR,1
0,782,8291,3146,0,43.7274,25.0713,5.7988,10.0204,0.0,1772,799.0,1740.0,0.0,-6.93,10.04,18.33,0.0,32,0.0,0.0,0.0,many,SR,2
0,2284,6826,0,0,16.8639,11.6644,3.7721,0.0,0.0,3285,965.0,0.0,0.0,21.65,14.27,0.0,0.0,81,0.0,0.0,0.0,one,SR,1
0,1503,4066,0,0,12.1241,7.7547,3.1754,0.0,0.0,1584,745.0,0.0,0.0,5.89,11.94,0.0,0.0,204,0.0,0.0,0.0,one,SR,1
0,3520,9881,0,0,15.4529,10.7191,3.4368,0.0,0.0,1183,842.0,0.0,0.0,0.75,12.97,0.0,0.0,65,0.0,0.0,0.0,one,SR,1
0,623,6383,0,0,20.1986,13.5234,4.829,0.0,0.0,2667,1360.0,0.0,0.0,11.39,18.46,0.0,0.0,211,0.0,0.0,0.0,one,SR,1
117,96,7086,5231,0,28.5305,7.9813,11.6006,7.9732,0.0,1590,1599.0,927.0,0.0,7.92,7.86,7.9,0.0,55,402.0,95.0,0.0,many,RT,2
11,4191,9226,3565,269,68.606,20.4052,14.6829,11.7949,19.0653,2383,2136.0,2111.0,2914.0,1.1,11.9,11.61,13.07,240,402.0,566.0,677.0,many,RT,3
0,4068,1091,0,0,12.7049,8.313,3.1904,0.0,0.0,1294,752.0,0.0,0.0,2.77,12.01,0.0,0.0,171,0.0,0.0,0.0,one,SR,1
0,2270,3177,0,0,15.6096,10.8835,3.4292,0.0,0.0,1170,842.0,0.0,0.0,0.61,12.97,0.0,0.0,54,0.0,0.0,0.0,one,SR,1
0,3036,5033,0,0,28.5743,20.2497,5.8029,0.0,0.0,3297,1941.0,0.0,0.0,11.92,25.22,0.0,0.0,167,0.0,0.0,0.0,one,SR,1
164,1847,8077,2093,0,38.9081,11.0011,11.875,14.6798,0.0,1349,1788.0,2284.0,0.0,1.99,9.68,10.85,0.0,80,426.0,576.0,0.0,many,RT,2
50,866,2853,105,104,42.721,12.0976,8.6047,10.2422,10.2422,1286,941.0,1282.0,1282.0,-0.3,7.43,7.96,7.96,117,97.0,232.0,232.0,many,TR,3
0,2434,1174,0,0,20.3215,13.4096,4.9999,0.0,0.0,2037,1422.0,0.0,0.0,4.18,19.12,0.0,0.0,259,0.0,0.0,0.0,one,SR,1
0,226,1018,0,0,21.3743,14.0354,5.2465,0.0,0.0,3011,1576.0,0.0,0.0,12.78,20.92,0.0,0.0,327,0.0,0.0,0.0,one,SR,1
0,3548,8292,0,0,14.6766,9.9354,3.4411,0.0,0.0,1755,845.0,0.0,0.0,6.73,13.0,0.0,0.0,121,0.0,0.0,0.0,one,SR,1
0,3575,9070,0,0,17.7689,11.9875,4.1865,0.0,0.0,3162,1123.0,0.0,0.0,18.85,15.95,0.0,0.0,162,0.0,0.0,0.0,one,SR,1
234,3942,5418,0,0,10.8791,4.6186,5.5913,0.0,0.0,1250,851.0,0.0,0.0,7.1,8.69,0.0,0.0,96,128.0,0.0,0.0,one,RT,1
0,4378,332,0,0,19.8194,12.7415,5.0961,0.0,0.0,2820,1482.0,0.0,0.0,11.77,19.82,0.0,0.0,348,0.0,0.0,0.0,one,SR,1
92,3246,798,214,0,57.4464,8.1989,39.1914,9.0985,0.0,1056,3172.0,1373.0,0.0,2.47,10.75,7.82,0.0,29,-146.0,375.0,0.0,many,RT,2
184,3937,7921,4848,3589,56.1161,18.6789,12.5285,9.9709,12.5285,1794,1922.0,1820.0,1922.0,-2.85,11.18,10.73,11.18,205,404.0,499.0,404.0,many,RT,3
88,1269,5122,4136,2439,73.5844,15.2016,19.3903,17.8647,19.3903,1966,2290.0,1740.0,2290.0,5.01,10.09,9.2,10.09,30,354.0,74.0,354.0,many,RT,3
0,1916,8364,0,0,13.6638,8.9358,3.4311,0.0,0.0,1241,842.0,0.0,0.0,1.36,12.97,0.0,0.0,187,0.0,0.0,0.0,one,SR,1
0,3349,8303,0,0,15.3042,10.6495,3.378,0.0,0.0,1125,823.0,0.0,0.0,0.32,12.77,0.0,0.0,58,0.0,0.0,0.0,one,SR,1
92,4996,5247,0,0,15.7456,7.2336,7.5087,0.0,0.0,1152,1652.0,0.0,0.0,3.07,12.03,0.0,0.0,123,437.0,0.0,0.0,one,RT,1
92,3776,9915,9067,8684,69.126,10.5895,9.2318,17.9763,29.869,1343,1257.0,1853.0,2942.0,0.97,8.01,8.77,9.81,174,268.0,178.0,266.0,many,RT,3
50,4536,5495,5494,0,35.2255,10.6634,11.6228,11.6228,0.0,1389,1653.0,1653.0,0.0,2.74,9.58,9.58,0.0,81,343.0,343.0,0.0,many,TR,2
53,2126,9126,0,0,20.8597,3.6812,16.3885,0.0,0.0,1766,2687.0,0.0,0.0,11.43,12.9,0.0,0.0,234,667.0,0.0,0.0,one,RT,1
168,3601,1370,0,0,13.4259,5.2784,7.5643,0.0,0.0,1098,1277.0,0.0,0.0,6.28,8.83,0.0,0.0,-2,332.0,0.0,0.0,one,TR,1
120,4336,2384,1200,0,56.5193,5.3737,14.8914,35.3289,0.0,1248,2048.0,2973.0,0.0,4.78,8.59,9.66,0.0,202,513.0,-14.0,0.0,many,RT,2
89,2070,2884,465,0,85.9545,15.2446,36.9566,31.7743,0.0,2541,3373.0,3248.0,0.0,8.87,14.61,15.18,0.0,175,-86.0,83.0,0.0,many,RT,2
79,4368,8865,3583,1508,96.4182,18.2964,19.4075,24.5603,32.0433,2120,2631.0,2212.0,3229.0,3.26,11.02,11.06,12.02,48,559.0,-57.0,234.0,many,RT,3
39,1627,9856,1923,0,73.4876,24.358,29.1595,16.6323,0.0,2660,4235.0,3665.0,0.0,-2.11,21.22,21.16,0.0,388,639.0,925.0,0.0,many,RT,2
15,3293,3564,3006,2072,74.217,18.4211,15.0146,20.3534,18.3324,2058,2094.0,2312.0,2510.0,2.75,9.86,10.99,12.1,30,468.0,264.0,467.0,many,RT,3
257,4046,4810,4000,0,65.5235,21.7449,19.4206,21.605,0.0,1900,3849.0,2760.0,0.0,-4.83,21.15,15.38,0.0,207,906.0,282.0,0.0,many,TR,2
0,3073,8441,2643,0,52.8662,30.2382,11.3795,7.7048,0.0,2845,2106.0,1269.0,0.0,-2.02,21.74,13.7,0.0,113,6.0,39.0,0.0,many,SR,2
42,2078,6601,0,0,37.3438,11.7028,24.0461,0.0,0.0,1483,3815.0,0.0,0.0,1.22,20.95,0.0,0.0,181,627.0,0.0,0.0,one,RT,1
184,4424,9500,2590,69,72.9705,17.5621,20.4164,17.728,14.8801,1925,2559.0,2454.0,2030.0,-1.24,13.55,11.5,10.79,266,302.0,493.0,374.0,many,RT,3
0,1137,8425,6504,0,47.6288,25.8968,9.8125,8.5866,0.0,3099,1791.0,1380.0,0.0,2.54,18.35,14.98,0.0,280,49.0,0.0,0.0,many,SR,2
281,4442,5733,2525,0,43.9718,7.9456,14.8886,20.0159,0.0,1231,1852.0,2216.0,0.0,2.83,8.67,9.54,0.0,147,359.0,293.0,0.0,many,TR,2
0,1210,6643,1361,0,30.15,16.1919,6.1091,5.7816,0.0,1327,882.0,797.0,0.0,-4.67,10.66,10.02,0.0,165,10.0,0.0,0.0,many,SR,2
277,213,5635,378,0,38.7614,17.6332,8.585,10.4068,0.0,1461,1544.0,2446.0,0.0,-3.89,10.82,15.54,0.0,109,363.0,675.0,0.0,many,RT,2
0,3395,9450,7964,0,35.2183,18.2235,7.7644,6.7079,0.0,1858,1210.0,1001.0,0.0,-3.19,13.52,11.7,0.0,306,1.0,6.0,0.0,many,SR,2
273,4856,406,0,0,23.6504,4.2894,18.6262,0.0,0.0,1562,2940.0,0.0,0.0,9.79,12.35,0.0,0.0,159,763.0,0.0,0.0,one,RT,1
124,324,2718,2061,1482,69.2905,14.0822,9.8524,9.1731,34.2948,1315,1546.0,1274.0,2916.0,-3.18,8.83,7.88,12.18,199,406.0,292.0,-142.0,many,RT,3
53,1163,4589,0,0,18.394,1.5227,16.2393,0.0,0.0,2013,1859.0,0.0,0.0,15.45,10.32,0.0,0.0,284,193.0,0.0,0.0,one,RT,1
0,4389,6207,1625,0,30.2683,16.545,5.8506,5.8487,0.0,1621,809.0,809.0,0.0,-1.2,10.12,10.12,0.0,114,0.0,0.0,0.0,many,SR,2
233,4903,9375,4876,0,30.4116,11.4644,8.7935,8.8253,0.0,1525,1412.0,1554.0,0.0,4.06,9.81,9.47,0.0,34,308.0,434.0,0.0,many,RT,2
136,1209,9060,2742,0,37.4937,12.5142,8.2157,15.2424,0.0,1136,1617.0,2168.0,0.0,-1.77,10.6,10.61,0.0,81,452.0,469.0,0.0,many,RT,2
0,4029,2028,0,0,35.3391,24.99,6.9525,0.0,0.0,2942,2685.0,0.0,0.0,0.32,33.97,0.0,0.0,381,0.0,0.0,0.0,one,SR,1
0,1475,6448,0,0,16.5442,11.6416,3.5559,0.0,0.0,1946,889.0,0.0,0.0,8.31,13.47,0.0,0.0,33,0.0,0.0,0.0,one,SR,1
0,1030,9984,0,0,17.6144,12.3305,3.8311,0.0,0.0,1407,989.0,0.0,0.0,1.7,14.53,0.0,0.0,51,0.0,0.0,0.0,one,SR,1
180,822,4629,2938,0,37.3047,11.6746,8.7879,15.5359,0.0,1287,1411.0,1256.0,0.0,1.76,11.19,7.87,0.0,6,229.0,-86.0,0.0,many,TR,2
0,507,1780,0,0,35.9283,25.2055,7.1628,0.0,0.0,3274,2824.0,0.0,0.0,2.34,35.6,0.0,0.0,466,0.0,0.0,0.0,one,SR,1
252,1340,6452,2407,0,47.4241,16.2219,14.5575,14.7891,0.0,2147,2656.0,2688.0,0.0,5.84,13.28,13.28,0.0,33,727.0,738.0,0.0,many,TR,2
36,4173,3966,1185,0,38.9287,9.1337,11.74,16.8244,0.0,1267,1833.0,2526.0,0.0,2.23,9.5,9.81,0.0,133,478.0,697.0,0.0,many,RT,2
260,2804,6331,4768,4766,92.0345,17.4128,44.8175,13.9096,13.9096,1580,3566.0,2153.0,2153.0,-1.27,13.46,10.69,10.69,31,-323.0,529.0,529.0,many,RT,3
114,877,3594,0,0,25.2435,5.1997,19.3492,0.0,0.0,1093,1811.0,0.0,0.0,5.23,11.95,0.0,0.0,72,-115.0,0.0,0.0,one,RT,1
79,2445,6359,6358,4890,76.8484,21.8215,16.8372,16.8372,18.5987,2384,2275.0,2275.0,2355.0,0.25,13.11,13.11,13.32,202,316.0,316.0,264.0,many,RT,3
120,1866,9426,0,0,14.6947,5.9697,7.8108,0.0,0.0,1258,1484.0,0.0,0.0,4.98,11.14,0.0,0.0,154,343.0,0.0,0.0,one,RT,1
165,3007,9120,0,0,14.3428,7.6336,5.6795,0.0,0.0,1213,1529.0,0.0,0.0,3.47,12.3,0.0,0.0,112,433.0,0.0,0.0,one,RT,1
34,965,2442,0,0,20.2159,9.9713,8.9434,0.0,0.0,1384,2360.0,0.0,0.0,2.82,16.01,0.0,0.0,119,666.0,0.0,0.0,one,RT,1
0,175,4997,0,0,22.5412,15.7363,4.9236,0.0,0.0,1645,1393.0,0.0,0.0,0.34,18.81,0.0,0.0,82,0.0,0.0,0.0,one,SR,1
0,1642,8064,5042,0,33.7284,17.7099,8.0818,5.3992,0.0,2217,1735.0,719.0,0.0,0.44,16.04,9.34,0.0,350,238.0,2.0,0.0,many,SR,2
0,1319,7928,0,0,33.8142,23.6113,6.8664,0.0,0.0,3644,2634.0,0.0,0.0,8.23,33.37,0.0,0.0,438,0.0,0.0,0.0,one,SR,1
0,3494,9705,0,0,24.2706,17.1927,5.0961,0.0,0.0,1707,1482.0,0.0,0.0,0.09,19.82,0.0,0.0,44,0.0,0.0,0.0,one,SR,1
212,1735,2722,0,0,25.786,11.7111,12.7398,0.0,0.0,2551,2684.0,0.0,0.0,14.77,17.35,0.0,0.0,21,619.0,0.0,0.0,one,TR,1
86,4578,5219,0,0,32.0038,11.9521,18.532,0.0,0.0,2911,2391.0,0.0,0.0,16.89,18.2,0.0,0.0,118,16.0,0.0,0.0,one,TR,1
0,1672,3715,0,0,27.4199,18.6173,6.074,0.0,0.0,3255,2117.0,0.0,0.0,9.62,27.29,0.0,0.0,405,0.0,0.0,0.0,one,SR,1
0,3702,7898,0,0,11.6587,7.047,3.3498,0.0,0.0,1789,809.0,0.0,0.0,7.43,12.62,0.0,0.0,294,0.0,0.0,0.0,one,SR,1
0,452,718,0,0,14.5065,9.8573,3.3767,0.0,0.0,1632,819.0,0.0,0.0,5.68,12.73,0.0,0.0,109,0.0,0.0,0.0,one,SR,1
0,1316,7146,0,0,16.167,10.9093,3.8133,0.0,0.0,1878,981.0,0.0,0.0,6.72,14.44,0.0,0.0,143,0.0,0.0,0.0,one,SR,1
0,1408,3318,0,0,15.2993,10.4886,3.4915,0.0,0.0,1438,863.0,0.0,0.0,3.23,13.19,0.0,0.0,95,0.0,0.0,0.0,one,SR,1
0,1041,8238,0,0,19.9496,14.0067,4.3024,0.0,0.0,1990,1166.0,0.0,0.0,6.13,16.41,0.0,0.0,52,0.0,0.0,0.0,one,SR,1
208,38,4207,0,0,21.3656,4.9801,15.8055,0.0,0.0,1046,1976.0,0.0,0.0,5.76,9.8,0.0,0.0,17,337.0,0.0,0.0,one,RT,1
94,4395,7817,5426,1026,79.746,16.7921,14.1269,32.6507,14.1182,1988,1884.0,3284.0,1881.0,2.35,9.85,11.91,9.82,118,360.0,247.0,360.0,many,RT,3
0,865,4757,0,0,15.802,10.6552,3.7321,0.0,0.0,1311,953.0,0.0,0.0,1.03,14.15,0.0,0.0,142,0.0,0.0,0.0,one,SR,1
0,3787,6918,2314,0,39.8743,22.387,8.1809,6.6878,0.0,1821,1374.0,984.0,0.0,-4.45,14.58,11.61,0.0,81,41.0,0.0,0.0,many,SR,2
238,1508,8895,0,0,22.2257,3.2357,18.3834,0.0,0.0,1376,1657.0,0.0,0.0,8.99,10.07,0.0,0.0,152,-69.0,0.0,0.0,one,RT,1
88,2530,2327,0,0,15.7191,4.0379,11.01,0.0,0.0,1203,1563.0,0.0,0.0,6.59,9.71,0.0,0.0,137,302.0,0.0,0.0,one,RT,1
166,4080,5216,0,0,37.4966,14.523,21.2577,0.0,0.0,1599,2836.0,0.0,0.0,1.35,21.16,0.0,0.0,63,29.0,0.0,0.0,one,RT,1
247,1514,7525,0,0,20.2102,11.143,7.6473,0.0,0.0,1534,2277.0,0.0,0.0,3.33,17.2,0.0,0.0,112,609.0,0.0,0.0,one,RT,1
88,3609,5887,0,0,16.0379,1.598,13.8492,0.0,0.0,1617,1686.0,0.0,0.0,11.66,9.91,0.0,0.0,254,222.0,0.0,0.0,one,RT,1
191,3813,7445,5756,0,40.3338,13.488,15.9399,9.3258,0.0,1119,2619.0,1677.0,0.0,-2.47,11.75,11.05,0.0,50,707.0,408.0,0.0,many,RT,2
257,389,5814,5813,0,24.1185,7.2032,7.9185,7.9185,0.0,1199,1002.0,1002.0,0.0,2.88,8.39,8.39,0.0,171,127.0,127.0,0.0,many,TR,2
10,4244,7257,0,0,36.5293,6.2568,29.4804,0.0,0.0,1177,3151.0,0.0,0.0,5.23,12.92,0.0,0.0,60,270.0,0.0,0.0,one,RT,1
40,528,1178,1177,0,58.4633,12.4766,22.2492,22.2492,0.0,1678,2589.0,2589.0,0.0,4.22,12.44,12.44,0.0,63,283.0,283.0,0.0,many,TR,2
0,4026,6921,1350,0,35.5702,19.4536,6.005,7.726,0.0,1292,842.0,1202.0,0.0,-7.9,10.4,13.45,0.0,138,0.0,1.0,0.0,many,SR,2
157,4050,5550,5066,4486,56.7182,11.531,14.2325,16.0072,13.4848,1147,1776.0,2199.0,1722.0,-1.12,8.96,8.97,7.7,112,323.0,543.0,396.0,many,RT,3
231,112,3245,771,0,66.3656,23.027,15.8795,24.8751,0.0,3161,2339.0,3654.0,0.0,9.93,13.58,20.26,0.0,16,393.0,496.0,0.0,many,TR,2
262,518,6588,4035,0,59.0689,14.857,25.108,16.9437,0.0,1912,3196.0,3019.0,0.0,0.63,14.51,14.09,0.0,313,463.0,820.0,0.0,many,RT,2
0,1728,2528,423,0,30.8559,17.2405,5.7902,5.8122,0.0,1129,798.0,813.0,0.0,-6.26,10.03,10.1,0.0,60,0.0,6.0,0.0,many,SR,2
260,1171,4733,2460,0,42.0927,13.6357,11.447,15.4545,0.0,1527,2255.0,1737.0,0.0,2.03,12.61,8.94,0.0,25,638.0,224.0,0.0,many,RT,2
191,2652,9524,3945,0,39.8826,9.7381,14.3332,14.631,0.0,1070,1858.0,1814.0,0.0,0.61,9.01,8.79,0.0,61,376.0,338.0,0.0,many,RT,2
252,2355,9759,0,0,28.2128,5.831,21.5568,0.0,0.0,1239,3542.0,0.0,0.0,5.58,13.25,0.0,0.0,109,1002.0,0.0,0.0,one,RT,1
0,3067,3090,0,0,25.053,17.7315,5.235,0.0,0.0,2281,1571.0,0.0,0.0,5.17,20.86,0.0,0.0,72,0.0,0.0,0.0,one,SR,1
114,3633,296,0,0,20.8929,2.3192,18.0169,0.0,0.0,1417,1961.0,0.0,0.0,9.87,9.57,0.0,0.0,184,212.0,0.0,0.0,one,RT,1
164,4098,6578,5398,0,44.1995,14.2507,11.6545,16.6367,0.0,1745,2060.0,2694.0,0.0,3.4,10.85,12.73,0.0,46,578.0,668.0,0.0,many,RT,2
0,1463,6658,0,0,41.5289,30.9881,7.0596,0.0,0.0,3715,2757.0,0.0,0.0,7.68,34.81,0.0,0.0,24,0.0,0.0,0.0,one,SR,1
121,611,6530,0,0,26.8761,11.4512,14.1258,0.0,0.0,1817,2892.0,0.0,0.0,7.39,16.99,0.0,0.0,17,719.0,0.0,0.0,one,RT,1
203,4505,4381,0,0,25.8638,8.3135,16.1579,0.0,0.0,1782,2548.0,0.0,0.0,6.18,16.92,0.0,0.0,288,344.0,0.0,0.0,one,RT,1
32,4884,7841,6644,0,44.1461,12.1373,17.3393,12.8094,0.0,2945,2905.0,2072.0,0.0,14.18,13.46,12.14,0.0,314,747.0,447.0,0.0,many,TR,2
0,3772,6992,0,0,37.6779,25.4103,8.042,0.0,0.0,5179,3390.0,0.0,0.0,16.35,42.26,0.0,0.0,861,0.0,0.0,0.0,one,SR,1
0,553,4579,2169,0,45.9678,26.2295,5.843,10.8317,0.0,2039,809.0,1987.0,0.0,-6.16,10.12,20.52,0.0,92,0.0,16.0,0.0,many,SR,2
23,3750,4058,0,0,36.4343,13.2617,21.5882,0.0,0.0,2718,4068.0,0.0,0.0,14.28,20.84,0.0,0.0,68,966.0,0.0,0.0,one,TR,1
157,773,9310,0,0,23.8722,9.6648,12.973,0.0,0.0,1158,2861.0,0.0,0.0,1.05,16.34,0.0,0.0,99,798.0,0.0,0.0,one,TR,1
195,3650,3938,0,0,20.7073,7.3804,12.1668,0.0,0.0,1726,1780.0,0.0,0.0,7.68,14.6,0.0,0.0,209,121.0,0.0,0.0,one,RT,1
124,1939,677,0,0,21.3786,7.5703,12.7267,0.0,0.0,1355,2206.0,0.0,0.0,4.49,14.82,0.0,0.0,148,401.0,0.0,0.0,one,TR,1
0,4939,649,0,0,19.2173,13.1053,4.427,0.0,0.0,1999,1208.0,0.0,0.0,5.82,16.85,0.0,0.0,141,0.0,0.0,0.0,one,SR,1
160,4892,8137,4514,1092,51.6032,15.6524,15.8844,8.975,9.2009,2568,1632.0,1564.0,1430.0,9.95,10.29,9.26,9.35,93,42.0,445.0,325.0,many,RT,3
82,4194,8166,0,0,41.209,19.458,19.4023,0.0,0.0,3929,4718.0,0.0,0.0,20.12,28.49,0.0,0.0,115,1149.0,0.0,0.0,one,TR,1
0,753,349,0,0,12.9427,8.3254,3.3544,0.0,0.0,1284,810.0,0.0,0.0,2.11,12.63,0.0,0.0,208,0.0,0.0,0.0,one,SR,1
0,2490,7533,1565,0,31.7789,16.7246,5.7806,7.0267,0.0,2210,808.0,1103.0,0.0,2.98,10.06,12.41,0.0,239,6.0,25.0,0.0,many,SR,2
0,3256,8503,4338,0,35.0851,18.302,5.7233,8.5118,0.0,2058,962.0,1370.0,0.0,-1.32,10.61,14.87,0.0,316,95.0,3.0,0.0,many,SR,2
0,3775,4432,2588,965,55.6958,31.4881,6.7142,6.5506,7.2034,1386,1184.0,955.0,1364.0,-19.1,12.43,11.36,13.6,148,103.0,0.0,146.0,many,SR,3
275,2736,2859,0,0,15.4206,5.0333,9.8168,0.0,0.0,1147,1536.0,0.0,0.0,6.91,8.7,0.0,0.0,7,407.0,0.0,0.0,one,RT,1
0,3794,5533,0,0,25.3909,17.2752,5.687,0.0,0.0,2248,1862.0,0.0,0.0,1.75,24.29,0.0,0.0,313,0.0,0.0,0.0,one,SR,1
0,1641,4205,0,0,25.3311,17.4145,5.5749,0.0,0.0,2117,1788.0,0.0,0.0,1.15,23.42,0.0,0.0,250,0.0,0.0,0.0,one,SR,1
35,4674,5252,0,0,15.4815,6.0333,8.7738,0.0,0.0,1199,1168.0,0.0,0.0,6.52,9.74,0.0,0.0,3,127.0,0.0,0.0,one,RT,1
0,996,9737,0,0,26.6922,17.3204,6.3951,0.0,0.0,3933,2328.0,0.0,0.0,14.51,29.77,0.0,0.0,646,0.0,0.0,0.0,one,SR,1
233,4454,4400,3460,0,46.8331,14.5302,15.3903,15.2329,0.0,1284,2516.0,2065.0,0.0,-1.63,11.14,11.66,0.0,40,695.0,331.0,0.0,many,RT,2
0,1991,6706,0,0,32.6285,23.9235,6.0212,0.0,0.0,2419,2079.0,0.0,0.0,1.24,26.84,0.0,0.0,16,0.0,0.0,0.0,one,SR,1
195,1205,5273,2558,0,86.0083,18.9731,22.3066,42.4077,0.0,2789,3854.0,2923.0,0.0,8.4,16.68,16.53,0.0,131,1001.0,-851.0,0.0,many,RT,2
0,3075,7576,0,0,20.5404,14.3176,4.5048,0.0,0.0,1452,1239.0,0.0,0.0,-0.22,17.18,0.0,0.0,78,0.0,0.0,0.0,one,SR,1
0,3995,1952,0,0,16.0542,11.3806,3.3937,0.0,0.0,1838,826.0,0.0,0.0,7.78,12.8,0.0,0.0,10,0.0,0.0,0.0,one,SR,1
0,1338,4804,0,0,20.6752,14.4336,4.5194,0.0,0.0,1885,1243.0,0.0,0.0,4.29,17.22,0.0,0.0,73,0.0,0.0,0.0,one,SR,1
150,2624,6267,0,0,11.8244,4.4587,6.7613,0.0,0.0,1076,1152.0,0.0,0.0,5.86,9.04,0.0,0.0,67,270.0,0.0,0.0,one,RT,1
0,1036,2507,0,0,25.96,18.0103,5.5904,0.0,0.0,2978,1803.0,0.0,0.0,10.04,23.59,0.0,0.0,220,0.0,0.0,0.0,one,SR,1
0,2965,4864,0,0,23.6047,16.8092,4.9174,0.0,0.0,2524,1390.0,0.0,0.0,9.6,18.78,0.0,0.0,7,0.0,0.0,0.0,one,SR,1
0,1620,6832,0,0,28.1596,20.2324,5.5785,0.0,0.0,2098,1794.0,0.0,0.0,0.89,23.49,0.0,0.0,62,0.0,0.0,0.0,one,SR,1
92,3413,9368,5281,2876,60.5977,12.1042,9.7463,14.2101,23.1483,1165,1271.0,1724.0,2630.0,-0.27,7.8,8.54,9.54,27,261.0,308.0,429.0,many,RT,3
117,2032,2406,0,0,13.663,4.5558,8.5441,0.0,0.0,1120,1304.0,0.0,0.0,6.69,8.63,0.0,0.0,35,308.0,0.0,0.0,one,TR,1
15,4890,6317,5598,2575,65.0287,12.2029,18.0406,19.7771,13.2145,1721,2572.0,2124.0,1813.0,1.93,12.08,10.31,8.54,269,532.0,193.0,433.0,many,RT,3
0,2633,1219,0,0,15.5315,10.9631,3.3171,0.0,0.0,1236,799.0,0.0,0.0,1.72,12.51,0.0,0.0,21,0.0,0.0,0.0,one,SR,1
0,4153,7940,0,0,16.0062,11.2349,3.4648,0.0,0.0,1119,851.0,0.0,0.0,-0.01,13.06,0.0,0.0,36,0.0,0.0,0.0,one,SR,1
176,207,5549,0,0,23.3986,3.2267,19.5759,0.0,0.0,1152,2623.0,0.0,0.0,6.73,10.96,0.0,0.0,146,547.0,0.0,0.0,one,TR,1
234,454,7306,2610,0,55.8405,8.4488,19.5856,26.8544,0.0,1228,1418.0,1958.0,0.0,4.33,8.5,9.02,0.0,8,-230.0,-265.0,0.0,many,RT,2
247,1956,9904,6321,0,47.8995,12.5836,15.2609,18.5395,0.0,1614,1798.0,1937.0,0.0,3.31,9.79,11.37,0.0,72,233.0,61.0,0.0,many,RT,2
186,1906,5804,2403,0,49.9426,5.5863,27.1215,16.2704,0.0,1897,2843.0,2259.0,0.0,11.24,9.8,8.85,0.0,211,349.0,580.0,0.0,many,RT,2
86,307,7915,0,0,22.5275,3.1759,18.6273,0.0,0.0,1965,2527.0,0.0,0.0,14.11,11.24,0.0,0.0,228,512.0,0.0,0.0,one,RT,1
0,650,7903,7224,0,46.3809,26.1235,7.8021,9.354,0.0,2292,1397.0,1569.0,0.0,-3.85,14.31,16.71,0.0,122,96.0,1.0,0.0,many,SR,2
0,901,480,0,0,31.9273,23.0702,6.1074,0.0,0.0,3763,2135.0,0.0,0.0,14.76,27.5,0.0,0.0,115,0.0,0.0,0.0,one,SR,1
0,4519,4539,0,0,34.2101,24.7047,6.4758,0.0,0.0,2928,2373.0,0.0,0.0,3.48,30.3,0.0,0.0,175,0.0,0.0,0.0,one,SR,1
231,1360,1325,0,0,25.8275,9.7041,14.8519,0.0,0.0,1149,2649.0,0.0,0.0,0.62,15.71,0.0,0.0,119,565.0,0.0,0.0,one,RT,1
124,86,7176,2614,0,36.204,9.6441,7.9962,17.232,0.0,1186,974.0,2166.0,0.0,0.47,8.89,10.43,0.0,160,73.0,364.0,0.0,many,TR,2
0,3806,6846,0,0,23.6378,16.1416,5.3332,0.0,0.0,1821,1636.0,0.0,0.0,-0.35,21.63,0.0,0.0,227,0.0,0.0,0.0,one,SR,1
184,2242,8315,7797,587,60.9091,13.1279,22.1749,14.6695,9.4205,1122,2241.0,1674.0,1447.0,-1.87,9.85,8.64,8.67,36,171.0,238.0,364.0,many,RT,3
66,1294,9307,0,0,19.4602,3.3775,15.3722,0.0,0.0,1252,2452.0,0.0,0.0,6.75,12.1,0.0,0.0,206,592.0,0.0,0.0,one,RT,1
72,2397,924,0,0,21.3522,4.7837,15.7541,0.0,0.0,1196,2309.0,0.0,0.0,5.23,12.14,0.0,0.0,174,459.0,0.0,0.0,one,RT,1
0,934,8287,0,0,22.9456,15.7851,5.1445,0.0,0.0,2511,1511.0,0.0,0.0,8.22,20.16,0.0,0.0,161,0.0,0.0,0.0,one,SR,1
48,3549,8486,5874,0,30.8666,8.7493,12.9171,8.2027,0.0,1040,1599.0,1298.0,0.0,1.94,7.87,8.1,0.0,16,325.0,353.0,0.0,many,RT,2
92,3160,2453,0,0,24.0486,8.2601,14.7312,0.0,0.0,1328,2797.0,0.0,0.0,4.43,14.57,0.0,0.0,86,750.0,0.0,0.0,one,RT,1
124,1816,3212,0,0,22.6884,8.1363,13.6296,0.0,0.0,1013,1939.0,0.0,0.0,2.33,12.23,0.0,0.0,12,294.0,0.0,0.0,one,TR,1
38,3837,3976,2620,0,51.5037,8.3508,21.0364,21.0364,0.0,1096,2731.0,2731.0,0.0,1.79,9.4,9.4,0.0,94,635.0,635.0,0.0,many,TR,2
243,1387,5839,0,0,25.2452,11.0089,12.8566,0.0,0.0,1206,2382.0,0.0,0.0,0.25,16.8,0.0,0.0,96,414.0,0.0,0.0,one,RT,1
50,775,8446,768,0,39.9774,7.4692,14.6231,16.8519,0.0,1133,2104.0,1968.0,0.0,2.6,9.13,9.2,0.0,125,540.0,305.0,0.0,many,RT,2
223,4636,671,0,0,26.3906,12.9366,11.963,0.0,0.0,1524,2876.0,0.0,0.0,2.58,17.91,0.0,0.0,33,778.0,0.0,0.0,one,RT,1
277,3583,1913,0,0,25.6085,14.0337,9.9459,0.0,0.0,1877,2915.0,0.0,0.0,5.05,20.29,0.0,0.0,43,787.0,0.0,0.0,one,RT,1
136,786,9640,9192,3226,53.5076,16.6812,11.2588,8.3876,15.1286,1893,1982.0,1165.0,2191.0,1.41,11.92,7.58,11.02,122,480.0,271.0,469.0,many,RT,3
157,1132,7462,5251,4171,82.8811,11.9893,11.2941,46.714,11.2941,1201,1494.0,3359.0,1494.0,-1.69,8.22,11.45,8.22,158,318.0,-474.0,318.0,many,RT,3
22,4695,3262,0,0,20.4359,10.6564,8.2418,0.0,0.0,3790,2155.0,0.0,0.0,25.96,18.38,0.0,0.0,217,415.0,0.0,0.0,one,TR,1
0,2167,9929,0,0,18.6597,12.1084,4.7401,0.0,0.0,2276,1327.0,0.0,0.0,7.6,18.11,0.0,0.0,286,0.0,0.0,0.0,one,SR,1
0,1050,4984,0,0,17.7257,12.0193,4.1348,0.0,0.0,1533,1101.0,0.0,0.0,1.95,15.72,0.0,0.0,145,0.0,0.0,0.0,one,SR,1
0,3597,7221,0,0,19.3215,12.9973,4.5776,0.0,0.0,1644,1266.0,0.0,0.0,1.54,17.47,0.0,0.0,186,0.0,0.0,0.0,one,SR,1
0,2313,7755,0,0,22.9797,15.782,5.1665,0.0,0.0,2124,1524.0,0.0,0.0,4.02,20.31,0.0,0.0,171,0.0,0.0,0.0,one,SR,1
0,2085,1509,0,0,20.5702,13.5716,5.0544,0.0,0.0,2475,1450.0,0.0,0.0,8.49,19.44,0.0,0.0,268,0.0,0.0,0.0,one,SR,1
0,1530,6189,3284,0,30.4029,17.3006,5.5811,5.5897,0.0,1391,754.0,755.0,0.0,-2.78,9.65,9.66,0.0,6,0.0,0.0,0.0,many,SR,2
0,4220,7991,0,0,21.5548,14.1027,5.3116,0.0,0.0,3023,1617.0,0.0,0.0,12.48,21.41,0.0,0.0,352,0.0,0.0,0.0,one,SR,1
0,1406,8079,4128,0,37.4333,20.8004,6.2399,7.9207,0.0,1546,891.0,1267.0,0.0,-6.02,10.82,13.91,0.0,99,0.0,13.0,0.0,many,SR,2
0,417,1434,0,0,19.2426,13.2207,4.3623,0.0,0.0,1561,1184.0,0.0,0.0,1.45,16.6,0.0,0.0,117,0.0,0.0,0.0,one,SR,1
170,3505,7610,0,0,11.9241,4.1091,6.9837,0.0,0.0,1607,1397.0,0.0,0.0,9.39,11.31,0.0,0.0,230,314.0,0.0,0.0,one,RT,1
0,4186,6394,0,0,20.8853,14.854,4.3685,0.0,0.0,2244,1187.0,0.0,0.0,8.6,16.63,0.0,0.0,8,0.0,0.0,0.0,one,SR,1
0,3059,4799,0,0,17.7955,11.8507,4.3043,0.0,0.0,1922,1166.0,0.0,0.0,5.42,16.41,0.0,0.0,199,0.0,0.0,0.0,one,SR,1
0,270,99,0,0,17.9965,12.6074,3.9076,0.0,0.0,1184,1016.0,0.0,0.0,-0.9,14.81,0.0,0.0,50,0.0,0.0,0.0,one,SR,1
50,1990,5480,5479,1264,59.5365,16.3207,15.3933,15.3933,10.5284,1218,2188.0,2188.0,1463.0,-4.32,10.19,10.19,9.62,54,499.0,499.0,258.0,many,RT,3
0,1999,2583,0,0,13.5365,9.1182,3.2104,0.0,0.0,1296,758.0,0.0,0.0,2.74,12.08,0.0,0.0,120,0.0,0.0,0.0,one,SR,1
117,1695,9594,3970,0,77.7223,7.7074,34.4232,34.4946,0.0,1409,2396.0,2423.0,0.0,4.92,10.38,10.59,0.0,148,-443.0,-438.0,0.0,many,RT,2
88,75,7210,0,0,21.3579,4.6091,16.0722,0.0,0.0,1201,2128.0,0.0,0.0,6.52,10.77,0.0,0.0,101,382.0,0.0,0.0,one,RT,1
164,3045,5009,4801,0,61.0714,7.4189,24.4636,28.2457,0.0,1348,3234.0,3963.0,0.0,5.67,10.7,10.73,0.0,73,747.0,1084.0,0.0,many,TR,2
181,1925,8408,6968,0,32.0601,11.2731,12.6887,6.7597,0.0,1592,1568.0,1201.0,0.0,4.67,9.7,8.68,0.0,53,210.0,328.0,0.0,many,RT,2
117,4305,2221,0,0,17.5066,0.3694,16.5688,0.0,0.0,1996,2559.0,0.0,0.0,15.84,10.68,0.0,0.0,324,686.0,0.0,0.0,one,RT,1
184,2446,7131,3946,0,62.6882,16.2543,29.3517,15.0359,0.0,1407,3526.0,2451.0,0.0,-3.64,15.26,14.21,0.0,148,429.0,490.0,0.0,many,RT,2
240,776,2516,0,0,27.6955,9.4272,17.1654,0.0,0.0,1401,3256.0,0.0,0.0,4.78,16.03,0.0,0.0,34,877.0,0.0,0.0,one,TR,1
268,110,5819,983,0,76.9896,24.409,26.2681,23.195,0.0,2779,4521.0,3746.0,0.0,1.12,20.43,19.74,0.0,249,1067.0,692.0,0.0,many,RT,2
124,2651,9242,678,0,44.4703,6.1864,22.838,14.4654,0.0,1218,2432.0,1929.0,0.0,3.96,9.28,8.52,0.0,180,311.0,451.0,0.0,many,TR,2
124,2178,8584,5597,0,52.2556,17.8323,11.1818,21.0516,0.0,1940,1854.0,3297.0,0.0,0.66,11.62,17.28,0.0,128,404.0,614.0,0.0,many,RT,2
164,2420,5608,3856,0,44.4028,10.0066,26.7215,6.3693,0.0,1430,3061.0,1095.0,0.0,3.27,11.53,8.52,0.0,119,439.0,279.0,0.0,many,RT,2
50,1644,6147,1340,0,43.908,11.5419,16.9513,14.1102,0.0,1099,2253.0,2126.0,0.0,-0.2,10.69,10.35,0.0,14,431.0,516.0,0.0,many,RT,2
198,1683,4565,2754,2753,109.7707,28.9292,26.4164,25.3696,25.3696,5032,3654.0,3569.0,3569.0,19.66,17.45,17.2,17.2,290,569.0,578.0,578.0,many,TR,3
134,72,4322,389,0,49.6885,15.9074,20.9189,11.0745,0.0,2049,3169.0,1840.0,0.0,5.43,13.8,12.07,0.0,13,723.0,374.0,0.0,many,TR,2
0,4319,6979,6522,0,61.3053,35.6707,11.0456,10.4536,0.0,2230,2228.0,1854.0,0.0,-13.8,21.94,19.41,0.0,106,106.0,0.0,0.0,many,SR,2
0,2383,5638,1536,0,35.7522,19.5281,5.8493,7.8812,0.0,1336,1082.0,1233.0,0.0,-8.41,11.2,13.74,0.0,199,146.0,-1.0,0.0,many,SR,2
79,4973,8777,0,0,34.2798,15.8531,16.661,0.0,0.0,1880,3058.0,0.0,0.0,3.85,21.66,0.0,0.0,3,433.0,0.0,0.0,one,RT,1
0,2597,5886,0,0,19.0561,12.7714,4.5487,0.0,0.0,2226,1256.0,0.0,0.0,7.75,17.36,0.0,0.0,195,0.0,0.0,0.0,one,SR,1
0,2480,6807,0,0,15.7661,10.4634,3.8434,0.0,0.0,1618,995.0,0.0,0.0,3.86,14.59,0.0,0.0,182,0.0,0.0,0.0,one,SR,1
0,4704,5071,1444,0,36.1021,19.8017,8.0184,5.7748,0.0,2923,1527.0,806.0,0.0,8.13,15.03,10.04,0.0,189,141.0,6.0,0.0,many,SR,2
152,819,947,0,0,28.3352,12.9945,13.7882,0.0,0.0,1909,2377.0,0.0,0.0,6.07,18.53,0.0,0.0,67,258.0,0.0,0.0,one,TR,1
0,2707,9417,8975,0,59.7465,34.2939,11.5066,9.8399,0.0,2381,2128.0,1931.0,0.0,-11.95,22.0,19.06,0.0,182,0.0,114.0,0.0,many,SR,2
262,4449,8976,3406,0,58.7183,17.3497,11.1348,28.0949,0.0,1838,2253.0,3127.0,0.0,0.05,13.68,15.71,0.0,130,593.0,171.0,0.0,many,RT,2
0,3817,9501,0,0,19.5708,13.7124,4.2423,0.0,0.0,2044,1143.0,0.0,0.0,6.92,16.16,0.0,0.0,57,0.0,0.0,0.0,one,SR,1
0,4708,522,0,0,17.7837,11.9384,4.2323,0.0,0.0,1603,1140.0,0.0,0.0,2.31,16.13,0.0,0.0,176,0.0,0.0,0.0,one,SR,1
0,3730,6759,0,0,18.5567,12.0635,4.7,0.0,0.0,1990,1310.0,0.0,0.0,4.76,17.93,0.0,0.0,278,0.0,0.0,0.0,one,SR,1
140,2474,9021,0,0,11.875,5.2958,5.9524,0.0,0.0,1027,1072.0,0.0,0.0,5.14,8.27,0.0,0.0,24,300.0,0.0,0.0,one,RT,1
0,3719,9040,0,0,20.0161,13.754,4.5326,0.0,0.0,1765,1250.0,0.0,0.0,2.97,17.3,0.0,0.0,124,0.0,0.0,0.0,one,SR,1
0,2625,5229,0,0,14.0715,9.3903,3.3991,0.0,0.0,1182,828.0,0.0,0.0,0.87,12.82,0.0,0.0,147,0.0,0.0,0.0,one,SR,1
0,3217,6407,3113,0,74.6266,44.2371,14.2044,11.1274,0.0,3010,3010.0,2030.0,0.0,-13.91,29.5,21.07,0.0,88,88.0,0.0,0.0,many,SR,2
0,1636,4170,0,0,15.7274,10.9561,3.4626,0.0,0.0,1778,853.0,0.0,0.0,6.89,13.09,0.0,0.0,56,0.0,0.0,0.0,one,SR,1
0,3212,3951,0,0,14.8871,10.1422,3.4427,0.0,0.0,1284,847.0,0.0,0.0,1.76,13.02,0.0,0.0,108,0.0,0.0,0.0,one,SR,1
88,2678,1946,1945,0,69.2752,5.4604,31.3997,31.3997,0.0,1713,2734.0,2734.0,0.0,8.85,10.08,10.08,0.0,251,5.0,5.0,0.0,many,TR,2
14,4482,5339,4238,0,66.402,12.0644,16.7136,36.0932,0.0,1763,2080.0,3436.0,0.0,4.73,9.94,15.37,0.0,117,356.0,-32.0,0.0,many,RT,2
124,4836,5357,0,0,12.5047,4.7388,6.961,0.0,0.0,1229,1380.0,0.0,0.0,5.66,10.05,0.0,0.0,171,375.0,0.0,0.0,one,TR,1
0,4839,7138,0,0,20.5051,14.2204,4.5487,0.0,0.0,1546,1256.0,0.0,0.0,0.61,17.36,0.0,0.0,96,0.0,0.0,0.0,one,SR,1
257,1684,3189,0,0,24.0474,3.6865,19.6324,0.0,0.0,1244,2072.0,0.0,0.0,6.51,11.29,0.0,0.0,196,106.0,0.0,0.0,one,TR,1
23,299,5847,0,0,29.2557,9.8022,18.3305,0.0,0.0,2086,2488.0,0.0,0.0,11.8,15.23,0.0,0.0,21,271.0,0.0,0.0,one,TR,1
281,1208,9119,0,0,22.3259,3.1817,18.3075,0.0,0.0,1891,2319.0,0.0,0.0,12.33,12.37,0.0,0.0,297,308.0,0.0,0.0,one,TR,1
157,4852,9516,5548,0,49.0762,7.8681,8.4126,31.7317,0.0,1383,1130.0,2945.0,0.0,4.95,7.37,10.27,0.0,117,255.0,136.0,0.0,many,RT,2
164,1527,6040,6039,0,51.2935,9.4643,20.31,20.31,0.0,1673,2699.0,2699.0,0.0,6.68,10.05,10.05,0.0,97,615.0,615.0,0.0,many,RT,2
68,677,5959,3489,0,55.8944,11.4861,25.4279,17.5789,0.0,1399,2943.0,2035.0,0.0,2.08,11.97,11.04,0.0,77,398.0,209.0,0.0,many,RT,2
246,2265,3582,1724,224,77.2089,22.9836,22.0341,9.0833,20.4502,2443,2998.0,1557.0,3026.0,1.73,13.51,9.56,13.51,64,546.0,416.0,658.0,many,RT,3
39,4463,464,0,0,38.4129,13.9725,22.6355,0.0,0.0,1892,3821.0,0.0,0.0,3.62,23.05,0.0,0.0,155,592.0,0.0,0.0,one,RT,1
162,3803,5729,5035,2616,70.9792,11.7389,19.7993,16.5113,21.5103,1598,1691.0,1990.0,2045.0,4.0,8.8,7.51,8.88,71,-52.0,438.0,115.0,many,RT,3
0,4035,4764,141,0,54.2623,29.3031,10.5209,10.5165,0.0,2917,1871.0,1887.0,0.0,-4.67,19.57,19.65,0.0,409,0.0,8.0,0.0,many,SR,2
0,2042,6342,6341,0,41.0092,23.3775,7.5078,7.5078,0.0,1525,1157.0,1157.0,0.0,-7.53,13.08,13.08,0.0,12,0.0,0.0,0.0,many,SR,2
231,1660,8908,0,0,29.195,6.8287,21.5891,0.0,0.0,1056,2611.0,0.0,0.0,4.09,12.77,0.0,0.0,12,319.0,0.0,0.0,one,TR,1
0,1090,4553,0,0,26.6562,18.0009,5.9938,0.0,0.0,2536,2060.0,0.0,0.0,2.67,26.62,0.0,0.0,406,0.0,0.0,0.0,one,SR,1
231,4731,2743,0,0,36.8273,11.9506,23.2988,0.0,0.0,2150,2446.0,0.0,0.0,8.37,19.78,0.0,0.0,154,-306.0,0.0,0.0,one,RT,1
164,3766,9366,540,0,38.4517,12.4825,14.6602,9.7859,0.0,1906,2057.0,1348.0,0.0,6.3,10.55,10.68,0.0,84,421.0,153.0,0.0,many,RT,2
242,966,6553,0,0,42.4514,14.3421,26.158,0.0,0.0,3432,4814.0,0.0,0.0,18.47,24.51,0.0,0.0,220,1063.0,0.0,0.0,one,TR,1
166,4946,3516,1399,0,41.6117,7.31,14.2356,18.9299,0.0,1271,2268.0,1666.0,0.0,3.12,9.85,9.51,0.0,199,646.0,-62.0,0.0,many,RT,2
0,3354,4457,2581,0,45.2171,25.3924,7.6529,9.1947,0.0,3376,1185.0,1552.0,0.0,8.66,13.33,16.44,0.0,96,-1.0,12.0,0.0,many,SR,2
168,2746,7184,4189,0,34.0402,7.6643,10.988,14.3427,0.0,1259,1364.0,2013.0,0.0,3.81,8.24,9.21,0.0,119,236.0,482.0,0.0,many,RT,2
161,1954,7515,0,0,22.3233,10.7209,10.3511,0.0,0.0,1526,2424.0,0.0,0.0,4.76,15.51,0.0,0.0,37,663.0,0.0,0.0,one,TR,1
176,4846,1826,0,0,12.1735,2.0567,9.5495,0.0,0.0,1799,1344.0,0.0,0.0,13.78,9.67,0.0,0.0,208,221.0,0.0,0.0,one,RT,1
0,3359,7678,0,0,18.7328,12.2358,4.7026,0.0,0.0,2067,1311.0,0.0,0.0,5.55,17.94,0.0,0.0,267,0.0,0.0,0.0,one,SR,1
252,3350,2378,899,0,33.1656,11.453,9.3979,10.8961,0.0,1115,1557.0,1559.0,0.0,-1.06,10.19,9.99,0.0,90,362.0,289.0,0.0,many,RT,2
1,2711,4918,3064,0,46.3724,17.8644,15.0917,11.3165,0.0,1324,2200.0,2320.0,0.0,-5.0,13.5,13.49,0.0,71,336.0,644.0,0.0,many,RT,2
34,2428,5565,0,0,16.5436,7.8011,7.7477,0.0,0.0,1134,1599.0,0.0,0.0,2.95,12.95,0.0,0.0,79,331.0,0.0,0.0,one,RT,1
0,510,2325,0,0,21.3951,15.2474,4.4509,0.0,0.0,1600,1219.0,0.0,0.0,1.53,16.97,0.0,0.0,2,0.0,0.0,0.0,one,SR,1
85,1058,7183,4062,0,48.0488,9.4308,10.5453,26.7384,0.0,1537,1286.0,3276.0,0.0,4.13,9.59,10.75,0.0,176,124.0,646.0,0.0,many,RT,2
0,269,3398,0,0,14.0559,9.5569,3.2678,0.0,0.0,1133,780.0,0.0,0.0,0.82,12.31,0.0,0.0,104,0.0,0.0,0.0,one,SR,1
0,3435,4424,1734,0,30.0647,15.6562,6.1297,6.1502,0.0,1532,868.0,872.0,0.0,-3.07,10.62,10.66,0.0,239,0.0,-1.0,0.0,many,SR,2
212,1767,8021,0,0,33.7773,12.506,19.8025,0.0,0.0,2845,3482.0,0.0,0.0,16.65,18.69,0.0,0.0,49,746.0,0.0,0.0,one,TR,1
181,3958,5791,0,0,12.984,4.9326,7.3632,0.0,0.0,1356,855.0,0.0,0.0,8.04,8.88,0.0,0.0,86,19.0,0.0,0.0,one,RT,1
233,231,9311,6094,1234,63.3747,14.4206,11.9166,14.8038,20.2768,1595,1847.0,2113.0,2975.0,-0.86,10.19,9.19,10.19,218,439.0,533.0,819.0,many,RT,3
0,4896,4096,513,0,50.8472,28.1227,10.0794,8.9453,0.0,2547,2320.0,1468.0,0.0,-6.55,21.26,15.73,0.0,353,270.0,3.0,0.0,many,SR,2
233,2179,7562,1904,0,39.0346,7.4542,13.6629,16.8188,0.0,1272,2016.0,2079.0,0.0,3.47,9.59,9.4,0.0,166,502.0,380.0,0.0,many,RT,2
205,4583,9041,7242,0,26.7455,7.2168,7.994,10.533,0.0,1580,1296.0,1681.0,0.0,7.57,8.01,9.01,0.0,123,369.0,459.0,0.0,many,TR,2
42,1572,8321,2749,0,36.61,11.1808,16.7348,7.4527,0.0,1222,2630.0,1267.0,0.0,1.66,11.16,9.26,0.0,0,704.0,306.0,0.0,many,TR,2
66,4590,6382,4266,0,81.4571,16.1502,17.4502,45.8803,0.0,1680,3169.0,3075.0,0.0,-0.15,14.32,16.44,0.0,112,892.0,-929.0,0.0,many,RT,2
180,2509,8909,2518,0,47.8486,9.2463,23.9746,13.4635,0.0,1342,2525.0,1829.0,0.0,3.61,10.61,9.03,0.0,84,241.0,403.0,0.0,many,RT,2
0,3882,9945,9217,0,40.6398,22.6411,7.2719,8.0563,0.0,2494,1107.0,1271.0,0.0,2.15,12.66,14.05,0.0,95,0.0,0.0,0.0,many,SR,2
42,3272,6740,0,0,22.8965,7.9116,13.9521,0.0,0.0,1127,2560.0,0.0,0.0,2.54,14.33,0.0,0.0,95,628.0,0.0,0.0,one,RT,1
0,3110,1800,0,0,22.4253,14.4962,5.5804,0.0,0.0,2729,1794.0,0.0,0.0,7.52,23.49,0.0,0.0,453,0.0,0.0,0.0,one,SR,1
0,647,1040,0,0,46.5595,34.6048,7.8597,0.0,0.0,3568,3279.0,0.0,0.0,0.61,40.95,0.0,0.0,154,0.0,0.0,0.0,one,SR,1
184,4518,8687,5566,1089,68.7775,21.3373,10.9476,25.0345,9.0275,1291,1635.0,3102.0,1599.0,-8.32,11.2,12.92,11.19,37,275.0,487.0,358.0,many,RT,3
0,4988,893,0,0,39.2636,28.6112,7.1253,0.0,0.0,3981,2796.0,0.0,0.0,10.06,35.27,0.0,0.0,214,0.0,0.0,0.0,one,SR,1
0,3607,7791,0,0,12.0218,7.6148,3.2012,0.0,0.0,2300,756.0,0.0,0.0,13.3,12.06,0.0,0.0,221,0.0,0.0,0.0,one,SR,1
0,2979,8416,0,0,19.3763,13.6079,4.1798,0.0,0.0,1886,1117.0,0.0,0.0,5.51,15.89,0.0,0.0,47,0.0,0.0,0.0,one,SR,1
262,2001,7283,5776,3752,77.486,24.0273,15.927,17.4734,17.3513,2059,2614.0,2629.0,2309.0,-2.74,13.02,13.02,13.02,23,631.0,554.0,317.0,many,TR,3
124,2922,6378,0,0,55.4436,5.408,49.1237,0.0,0.0,1242,3973.0,0.0,0.0,4.83,15.12,0.0,0.0,191,-355.0,0.0,0.0,one,TR,1
268,3928,6652,0,0,34.8621,12.8669,20.4405,0.0,0.0,3013,3494.0,0.0,0.0,17.64,19.55,0.0,0.0,77,669.0,0.0,0.0,one,TR,1
72,3490,5224,2110,0,82.2251,8.6376,40.7397,31.5671,0.0,1572,2623.0,2971.0,0.0,4.98,12.31,11.5,0.0,197,-742.0,95.0,0.0,many,RT,2
176,4289,8086,0,0,15.1837,5.6644,8.7166,0.0,0.0,1333,1496.0,0.0,0.0,6.77,11.03,0.0,0.0,107,307.0,0.0,0.0,one,RT,1
136,4879,7859,3985,2058,72.606,17.2409,13.0502,18.2767,21.9647,1242,1616.0,2844.0,3091.0,-5.62,10.45,10.68,12.61,97,183.0,806.0,672.0,many,RT,3
78,542,8813,1113,0,60.2829,14.1781,21.5714,22.8546,0.0,1395,2443.0,3114.0,0.0,-0.46,12.39,13.39,0.0,64,214.0,594.0,0.0,many,TR,2
38,4344,7207,5040,3648,65.444,11.5255,7.4939,16.9535,28.0774,1145,1193.0,2078.0,3382.0,-0.52,7.65,8.62,9.67,70,339.0,416.0,712.0,many,RT,3
92,4986,9901,0,0,25.0423,9.3608,14.6104,0.0,0.0,1650,2866.0,0.0,0.0,7.69,14.71,0.0,0.0,19,802.0,0.0,0.0,one,TR,1
0,1354,7850,0,0,16.6001,11.6674,3.5785,0.0,0.0,1197,896.0,0.0,0.0,0.38,13.54,0.0,0.0,36,0.0,0.0,0.0,one,SR,1
0,2871,118,0,0,22.325,15.1024,5.1773,0.0,0.0,1864,1536.0,0.0,0.0,1.16,20.45,0.0,0.0,226,0.0,0.0,0.0,one,SR,1
26,1184,6821,6012,1122,90.2369,24.1452,20.4239,25.6091,17.3193,2350,3463.0,2493.0,2518.0,0.02,14.18,13.18,13.04,35,954.0,-24.0,477.0,many,RT,3
262,714,5613,3091,0,35.1061,8.9402,15.865,8.8985,0.0,1534,2234.0,1601.0,0.0,3.49,12.03,9.99,0.0,251,402.0,436.0,0.0,many,RT,2
3,4326,3887,0,0,19.7991,10.5195,8.0856,0.0,0.0,1067,2100.0,0.0,0.0,0.46,14.94,0.0,0.0,16,579.0,0.0,0.0,one,RT,1
257,2029,8080,4060,2146,59.4371,12.4489,14.3143,14.9034,16.1836,1933,1831.0,1622.0,2294.0,6.01,9.18,8.85,8.84,125,347.0,173.0,612.0,many,RT,3
0,2504,8188,0,0,18.8546,13.4054,3.9507,0.0,0.0,1285,1032.0,0.0,0.0,0.01,14.98,0.0,0.0,6,0.0,0.0,0.0,one,SR,1
0,4841,3585,0,0,13.8384,9.1234,3.4244,0.0,0.0,1477,836.0,0.0,0.0,3.89,12.91,0.0,0.0,170,0.0,0.0,0.0,one,SR,1
66,2050,5930,0,0,24.9638,5.5643,18.5554,0.0,0.0,1166,2985.0,0.0,0.0,4.65,13.44,0.0,0.0,139,739.0,0.0,0.0,one,RT,1
242,1725,2640,0,0,46.8344,16.8444,27.9188,0.0,0.0,3594,4002.0,0.0,0.0,19.1,25.71,0.0,0.0,123,275.0,0.0,0.0,one,TR,1
136,4205,8785,1425,580,71.9565,19.4306,14.1532,24.4573,11.6558,1148,1655.0,3078.0,1781.0,-8.28,10.67,12.67,10.25,62,137.0,516.0,400.0,many,RT,3
277,4178,9653,7483,6367,71.0371,14.6812,6.0265,10.3245,38.2666,1844,1038.0,1451.0,3361.0,3.72,8.12,8.55,11.71,66,278.0,322.0,-4.0,many,RT,3
120,4533,5428,5257,5256,90.7774,9.9517,45.9852,16.7195,16.7195,1205,2632.0,1655.0,1655.0,0.04,10.66,8.68,8.68,182,-941.0,104.0,104.0,many,RT,3
0,4754,6872,0,0,25.0904,17.4177,5.4333,0.0,0.0,2139,1701.0,0.0,0.0,2.31,22.39,0.0,0.0,187,0.0,0.0,0.0,one,SR,1
10,474,6991,0,0,12.6725,4.9007,7.1832,0.0,0.0,1112,1028.0,0.0,0.0,6.38,7.89,0.0,0.0,27,218.0,0.0,0.0,one,RT,1
23,4990,2791,0,0,39.5224,11.6527,26.4487,0.0,0.0,2778,3258.0,0.0,0.0,16.38,19.21,0.0,0.0,78,165.0,0.0,0.0,one,TR,1
38,692,9861,4555,0,35.1808,5.806,15.5236,12.9267,0.0,1200,1899.0,1656.0,0.0,4.28,7.67,7.58,0.0,172,416.0,385.0,0.0,many,RT,2
136,3461,4531,3925,0,35.5291,9.1511,15.3137,9.7367,0.0,1323,1911.0,1675.0,0.0,1.94,9.63,9.64,0.0,191,325.0,464.0,0.0,many,RT,2
186,4486,6647,6560,6178,89.4458,9.1976,16.1669,13.9431,48.7759,1935,1984.0,1731.0,4110.0,8.06,8.62,8.46,11.54,209,390.0,333.0,-26.0,many,RT,3
0,2340,3981,687,0,45.5546,26.0387,8.7107,7.9076,0.0,2699,1406.0,1238.0,0.0,2.26,15.21,13.77,0.0,3,-1.0,0.0,0.0,many,SR,2
265,4092,9831,9806,6874,80.2606,26.527,15.504,17.9493,17.3045,2124,2783.0,3068.0,1888.0,-4.48,13.99,13.54,12.23,18,729.0,831.0,45.0,many,RT,3
262,1970,8597,3776,0,43.4165,12.6879,18.0281,11.0446,0.0,1238,1964.0,2379.0,0.0,-1.9,9.06,15.5,0.0,151,243.0,590.0,0.0,many,RT,2
0,1226,1526,0,0,22.7132,14.9853,5.4638,0.0,0.0,2534,1722.0,0.0,0.0,6.23,22.64,0.0,0.0,368,0.0,0.0,0.0,one,SR,1
0,4523,6729,5297,0,43.3737,23.9475,8.5665,7.9732,0.0,2332,1383.0,1251.0,0.0,-1.49,14.98,13.89,0.0,139,3.0,-1.0,0.0,many,SR,2
0,1886,2343,0,0,16.7125,11.2559,3.955,0.0,0.0,2008,1035.0,0.0,0.0,7.57,15.02,0.0,0.0,154,0.0,0.0,0.0,one,SR,1
0,3122,3508,2557,0,44.4478,24.7198,10.2026,6.4261,0.0,2276,1931.0,1021.0,0.0,-4.0,19.49,11.51,0.0,217,69.0,49.0,0.0,many,SR,2
0,2897,4675,0,0,15.7305,11.147,3.329,0.0,0.0,1359,802.0,0.0,0.0,2.98,12.55,0.0,0.0,10,0.0,0.0,0.0,one,SR,1
0,3822,2920,292,0,35.7166,20.0571,7.2012,6.1289,0.0,3358,1096.0,900.0,0.0,14.29,12.54,10.75,0.0,62,2.0,17.0,0.0,many,SR,2
238,4053,6501,0,0,22.067,8.61,12.317,0.0,0.0,1554,1926.0,0.0,0.0,6.06,14.4,0.0,0.0,113,235.0,0.0,0.0,one,RT,1
262,3533,9224,8548,5452,85.9522,22.6618,18.0579,19.1582,23.3672,2042,2065.0,2152.0,2832.0,-2.92,12.02,13.02,14.02,116,148.0,94.0,314.0,many,TR,3
120,3472,7600,6965,4084,67.3956,12.5652,15.215,18.1593,19.9499,1899,2262.0,2285.0,2340.0,6.38,8.86,9.51,8.69,68,642.0,454.0,440.0,many,RT,3
50,4525,1094,0,0,23.7571,5.0053,18.0042,0.0,0.0,1145,2762.0,0.0,0.0,5.29,12.48,0.0,0.0,118,656.0,0.0,0.0,one,RT,1
79,1884,2675,2266,1963,64.3257,13.5253,20.8189,14.961,13.2167,1525,2699.0,2059.0,1575.0,-0.22,10.0,9.06,8.99,185,589.0,491.0,226.0,many,RT,3
0,620,245,0,0,26.1985,18.8017,5.2785,0.0,0.0,2413,1598.0,0.0,0.0,6.27,21.18,0.0,0.0,18,0.0,0.0,0.0,one,SR,1
238,4677,2898,0,0,17.3868,2.5053,14.2728,0.0,0.0,1715,1605.0,0.0,0.0,12.53,9.09,0.0,0.0,203,183.0,0.0,0.0,one,TR,1
0,4615,7919,0,0,27.3643,18.7426,5.9731,0.0,0.0,3503,2049.0,0.0,0.0,12.94,26.49,0.0,0.0,348,0.0,0.0,0.0,one,SR,1
0,4729,5453,0,0,18.1545,12.3374,4.2126,0.0,0.0,1730,1132.0,0.0,0.0,3.72,16.04,0.0,0.0,144,0.0,0.0,0.0,one,SR,1
0,1502,4776,1614,0,34.594,19.1639,7.0176,6.0329,0.0,1341,1341.0,849.0,0.0,-7.34,13.34,10.46,0.0,154,154.0,0.0,0.0,many,SR,2
262,3657,8803,3806,1687,84.7703,19.2373,18.9722,24.2065,19.6473,2754,2974.0,2700.0,2785.0,4.55,13.02,14.02,13.02,350,731.0,165.0,548.0,many,TR,3
136,239,8524,8008,621,65.3705,18.0693,13.5002,12.4489,19.1162,1321,1815.0,1639.0,2474.0,-6.25,10.6,9.84,11.92,140,300.0,270.0,405.0,many,RT,3
0,3891,1937,0,0,29.8856,20.5974,6.3526,0.0,0.0,2617,2293.0,0.0,0.0,1.06,29.36,0.0,0.0,397,0.0,0.0,0.0,one,SR,1
64,1471,2134,0,0,28.8754,13.5132,13.7895,0.0,0.0,2854,2964.0,0.0,0.0,15.81,19.73,0.0,0.0,44,636.0,0.0,0.0,one,TR,1
161,2200,8342,0,0,15.7708,5.2637,9.8591,0.0,0.0,1423,1794.0,0.0,0.0,9.11,10.48,0.0,0.0,39,500.0,0.0,0.0,one,TR,1
88,4822,7746,0,0,9.6439,3.5233,5.5618,0.0,0.0,1116,1043.0,0.0,0.0,6.69,8.59,0.0,0.0,103,282.0,0.0,0.0,one,TR,1
38,316,5087,4165,2414,70.7744,10.5585,23.6829,11.9405,23.1918,1251,2657.0,1719.0,2741.0,0.53,9.64,7.66,9.7,140,413.0,485.0,502.0,many,RT,3
0,4273,262,0,0,11.4085,6.9864,3.2131,0.0,0.0,1599,759.0,0.0,0.0,5.91,12.09,0.0,0.0,266,0.0,0.0,0.0,one,SR,1
0,2540,9072,7813,0,33.1409,18.5149,5.4794,6.92,0.0,1242,732.0,1228.0,0.0,-7.0,9.47,12.8,0.0,104,0.0,104.0,0.0,many,SR,2
257,260,8130,3483,0,36.9293,8.5847,9.0413,18.2836,0.0,1139,1099.0,2019.0,0.0,2.78,8.02,9.18,0.0,41,158.0,263.0,0.0,many,RT,2
246,3176,730,0,0,26.1502,11.453,13.2285,0.0,0.0,1297,2398.0,0.0,0.0,0.4,17.69,0.0,0.0,121,354.0,0.0,0.0,one,RT,1
85,556,9347,3194,0,69.0745,21.9224,15.6436,29.0209,0.0,1459,2657.0,3091.0,0.0,-7.07,13.18,18.7,0.0,32,671.0,-80.0,0.0,many,RT,2
50,2605,7980,6368,838,114.1803,11.8441,21.2034,39.8638,39.8624,1196,2183.0,3241.0,3241.0,-0.1,8.86,10.61,10.6,56,239.0,-124.0,-123.0,many,RT,3
260,4880,8899,3139,719,81.8656,14.9026,33.3116,21.8825,9.7431,1584,3330.0,2675.0,1537.0,-1.6,12.7,11.74,9.82,227,199.0,410.0,348.0,many,RT,3
0,3342,4215,0,0,20.9162,14.1771,4.8748,0.0,0.0,1608,1377.0,0.0,0.0,0.11,18.64,0.0,0.0,178,0.0,0.0,0.0,one,SR,1
0,3724,490,0,0,21.0371,14.4669,4.7546,0.0,0.0,1895,1331.0,0.0,0.0,3.56,18.16,0.0,0.0,128,0.0,0.0,0.0,one,SR,1
0,4773,976,0,0,39.5533,29.1029,7.0091,0.0,0.0,2969,2723.0,0.0,0.0,0.2,34.41,0.0,0.0,128,0.0,0.0,0.0,one,SR,1
180,2708,5049,4646,0,43.0011,14.729,16.1252,10.3218,0.0,1368,2396.0,1542.0,0.0,-2.06,15.99,8.26,0.0,116,284.0,408.0,0.0,many,RT,2
164,1236,8767,8195,0,44.6845,13.4254,19.3121,10.3465,0.0,1108,2861.0,1498.0,0.0,-2.77,11.61,11.39,0.0,67,706.0,194.0,0.0,many,RT,2
164,2957,8850,7710,0,40.4329,12.031,14.2,12.8293,0.0,1297,1615.0,1965.0,0.0,1.26,8.95,10.77,0.0,22,202.0,443.0,0.0,many,RT,2
0,1814,7400,5430,0,33.7075,17.7581,6.7934,6.7934,0.0,2165,1008.0,1008.0,0.0,1.47,11.81,11.81,0.0,239,0.0,0.0,0.0,many,SR,2
136,4701,9632,8786,3909,82.2114,15.3438,10.5363,28.481,25.8408,1376,1491.0,3440.0,3442.0,-3.64,10.33,11.37,11.4,187,239.0,636.0,787.0,many,RT,3
48,1761,5359,0,0,19.5879,9.1029,9.3408,0.0,0.0,1098,2085.0,0.0,0.0,1.23,15.44,0.0,0.0,82,467.0,0.0,0.0,one,RT,1
262,2011,9742,6574,5077,74.6622,23.9954,17.9739,11.9796,17.963,2068,2177.0,1837.0,2637.0,-3.04,13.17,12.17,13.17,52,173.0,314.0,524.0,many,TR,3
39,2923,1374,790,0,33.1884,6.6023,12.3172,13.2671,0.0,1329,1570.0,1493.0,0.0,4.94,9.05,7.97,0.0,165,270.0,219.0,0.0,many,RT,2
231,3433,959,958,0,57.2326,14.2342,20.6632,20.6632,0.0,1557,2317.0,2317.0,0.0,1.3,12.36,12.36,0.0,56,172.0,172.0,0.0,many,RT,2
50,557,8140,8065,0,48.3352,9.156,18.8879,18.8966,0.0,1677,1889.0,1886.0,0.0,5.06,10.97,10.97,0.0,232,27.0,24.0,0.0,many,RT,2
262,509,5594,3085,2395,99.7649,20.7854,18.4453,35.1265,22.6828,2422,2348.0,3680.0,2005.0,0.91,13.17,14.91,13.17,255,276.0,235.0,-228.0,many,TR,3
38,3306,8582,2523,858,94.0455,19.4022,35.4907,18.5873,18.2801,2147,2890.0,2882.0,2288.0,1.98,10.98,16.76,10.11,80,-162.0,469.0,415.0,many,RT,3
0,4509,6958,0,0,29.5459,21.5201,5.6335,0.0,0.0,1880,1831.0,0.0,0.0,-1.79,23.92,0.0,0.0,1,0.0,0.0,0.0,one,SR,1
0,3495,1260,0,0,17.6257,11.7991,4.2199,0.0,0.0,1293,1134.0,0.0,0.0,-0.88,16.07,0.0,0.0,182,0.0,0.0,0.0,one,SR,1
262,2915,9743,6575,6488,75.2962,24.0702,17.9739,11.9796,18.5221,2095,2177.0,1837.0,3275.0,-2.76,13.17,12.17,14.17,47,173.0,314.0,920.0,many,TR,3
50,834,9014,1991,1990,55.1796,19.6463,18.2208,7.4116,7.4116,1430,3804.0,873.0,873.0,-7.39,19.45,7.22,7.22,188,1038.0,125.0,125.0,many,TR,3
136,5,1746,1745,1627,71.3154,14.4015,19.3948,19.3948,16.3809,1585,2008.0,2008.0,2251.0,0.95,9.87,9.87,9.7,88,152.0,152.0,519.0,many,RT,3
42,2462,8854,2261,0,54.2014,14.0756,27.0023,11.5255,0.0,1205,2473.0,1200.0,0.0,-1.73,14.36,8.62,0.0,21,-187.0,58.0,0.0,many,RT,2
0,4403,8931,4006,0,38.9443,22.0812,8.6652,5.6645,0.0,1493,1493.0,771.0,0.0,-7.12,15.54,9.8,0.0,49,49.0,0.0,0.0,many,SR,2
0,139,272,0,0,24.4205,17.005,5.2867,0.0,0.0,3020,1607.0,0.0,0.0,12.55,21.29,0.0,0.0,147,0.0,0.0,0.0,one,SR,1
136,2962,8547,6506,6505,78.0421,16.4864,20.2828,19.624,19.624,1478,2797.0,1997.0,1997.0,-2.71,9.86,11.19,11.19,119,702.0,54.0,54.0,many,RT,3
180,927,7776,7775,0,34.1165,11.824,10.4446,10.4446,0.0,1341,1712.0,1712.0,0.0,1.45,10.02,10.02,0.0,55,430.0,430.0,0.0,many,RT,2
262,2109,9029,7144,6302,74.4126,22.4659,18.8592,15.2289,15.1344,2418,2447.0,2588.0,2593.0,0.87,12.9,13.17,13.17,140,343.0,643.0,652.0,many,TR,3
0,1606,6834,5676,0,39.6802,21.5274,7.6412,7.8037,0.0,1776,1215.0,1231.0,0.0,-5.72,13.43,13.65,0.0,194,17.0,7.0,0.0,many,SR,2
262,2018,8838,2536,1713,79.9278,18.9344,27.736,18.5148,12.2746,2093,2743.0,2802.0,1843.0,-0.24,14.02,13.02,9.63,224,-4.0,626.0,447.0,many,TR,3
136,1732,9152,8020,385,77.4304,19.1303,19.0851,13.3379,23.5892,1394,3070.0,1822.0,3217.0,-5.95,11.64,10.59,12.65,100,877.0,315.0,673.0,many,RT,3
164,1123,8963,3561,0,35.8531,11.4692,9.2059,13.5766,0.0,1377,1437.0,2154.0,0.0,0.05,9.86,11.16,0.0,201,301.0,522.0,0.0,many,RT,2
10,4772,546,0,0,40.7443,10.4413,29.0049,0.0,0.0,1846,3005.0,0.0,0.0,7.7,17.98,0.0,0.0,85,-104.0,0.0,0.0,one,RT,1
262,3167,7471,7284,4536,76.1954,20.7435,17.805,15.927,19.0128,2188,1945.0,2614.0,2716.0,-1.39,12.02,13.02,13.02,247,71.0,631.0,532.0,many,TR,3
262,3624,7860,7633,3420,74.6557,20.3005,18.1229,17.2907,16.2346,1742,2502.0,2548.0,2536.0,-6.07,13.02,13.02,13.02,277,420.0,503.0,554.0,many,TR,3
0,3355,5190,4280,0,38.4012,20.0057,6.5919,9.0617,0.0,3599,964.0,1491.0,0.0,13.11,11.44,15.98,0.0,319,0.0,0.0,0.0,many,SR,2
38,244,4691,0,0,29.3485,15.8299,11.5921,0.0,0.0,2171,3546.0,0.0,0.0,5.46,24.27,0.0,0.0,103,945.0,0.0,0.0,one,RT,1
0,1025,5642,0,0,20.4428,13.8371,4.7786,0.0,0.0,1889,1342.0,0.0,0.0,3.39,18.27,0.0,0.0,178,0.0,0.0,0.0,one,SR,1
277,1061,7397,1891,0,52.9304,15.3587,18.0926,17.5901,0.0,1934,2305.0,2778.0,0.0,3.31,10.34,15.54,0.0,112,425.0,516.0,0.0,many,TR,2
