station,driver,rider1,rider2,rider3,VMT,save_d,save_r1,save_r2,save_r3,T_d,T_r1,T_r2,T_r3,cost_d,cost_r1,cost_r2,cost_r3,detour_d,detour_r1,detour_r2,detour_r3,size,type,num_riders
0,9,6311,0,0,11.4744,7.1913,3.1145,0.0,0.0,1481,721,0,0,5.03,11.69,0.0,0.0,227,0.0,0.0,0.0,one,SR,1
0,14,4151,3118,0,30.1746,16.378,5.8803,5.8803,0.0,1846,816,816,0,1.06,10.18,10.18,0.0,133,0.0,0.0,0.0,many,SR,2
0,15,4842,0,0,30.8296,22.105,6.029,0.0,0.0,2618,2089,0,0,3.23,26.96,0.0,0.0,147,0.0,0.0,0.0,one,SR,1
0,17,4515,0,0,19.7352,13.8561,4.2566,0.0,0.0,1364,1149,0,0,-0.28,16.23,0.0,0.0,51,0.0,0.0,0.0,one,SR,1
0,18,30,0,0,19.9933,14.2474,4.1636,0.0,0.0,1111,1111,0,0,-2.57,15.82,0.0,0.0,0,0.0,0.0,0.0,one,SR,1
0,27,7808,2905,1154,65.5871,36.9941,7.4381,9.1945,7.5787,2633,1182,1769,1171,-11.79,13.11,17.51,13.2,167,22.0,116.0,0.0,many,SR,3
0,28,7671,3769,2707,66.6767,38.1114,8.1618,8.1637,7.9959,2267,1293,1299,1258,-14.39,14.24,14.26,13.94,6,0.0,3.0,0.0,many,SR,3
0,31,7536,0,0,17.2134,12.2432,3.6044,0.0,0.0,1392,907,0,0,2.32,13.66,0.0,0.0,4,0.0,0.0,0.0,one,SR,1
0,36,2244,0,0,15.9945,10.7069,3.8326,0.0,0.0,1230,991,0,0,-0.18,14.55,0.0,0.0,163,0.0,0.0,0.0,one,SR,1
0,41,5916,1814,66,65.8219,37.3861,7.0397,7.0397,9.924,2073,1057,1057,2073,-18.12,12.23,12.23,19.86,171,0.0,0.0,171.0,many,SR,3
0,42,6816,6653,2199,60.6028,34.1393,8.4531,8.6966,5.2843,1573,1513,1406,842,-19.75,15.39,15.19,9.72,145,85.0,1.0,80.0,many,SR,3
0,46,5574,5573,0,49.7096,27.8914,9.2619,9.2619,0.0,1862,1543,1543,0,-10.1,16.47,16.47,0.0,120,0.0,0.0,0.0,many,SR,2
0,47,4265,3549,0,33.7926,19.1191,5.935,6.5588,0.0,1084,827,993,0,-8.24,10.27,11.52,0.0,34,0.0,19.0,0.0,many,SR,2
0,48,3796,0,0,19.4012,13.0377,4.6053,0.0,0.0,1895,1277,0,0,4.07,17.58,0.0,0.0,190,0.0,0.0,0.0,one,SR,1
0,51,1293,0,0,19.5208,13.3957,4.4336,0.0,0.0,1740,1214,0,0,3.05,16.91,0.0,0.0,125,0.0,0.0,0.0,one,SR,1
0,58,4085,2906,0,45.4106,24.8018,8.7727,8.7727,0.0,2225,1420,1420,0,-4.21,15.32,15.32,0.0,189,0.0,0.0,0.0,many,SR,2
0,59,5347,3207,0,33.1221,18.5201,6.2218,6.2218,0.0,1145,888,888,0,-7.4,10.79,10.79,0.0,62,0.0,0.0,0.0,many,SR,2
0,61,6701,0,0,29.5629,20.3065,6.3338,0.0,0.0,2522,2282,0,0,0.18,29.23,0.0,0.0,409,0.0,0.0,0.0,one,SR,1
0,62,8069,0,0,16.4246,11.0825,3.8745,0.0,0.0,1501,1003,0,0,2.55,14.68,0.0,0.0,145,0.0,0.0,0.0,one,SR,1
0,63,6919,3567,0,39.17,21.8733,7.9167,6.8048,0.0,1408,1277,1008,0,-8.39,13.94,11.81,0.0,89,19.0,0.0,0.0,many,SR,2
0,67,7638,7637,6072,60.0581,33.759,8.0083,8.0083,6.3396,1434,1326,1326,911,-20.43,14.22,14.22,10.99,118,35.0,35.0,0.0,many,SR,3
0,69,7889,7888,0,37.6741,21.2354,7.0014,7.0014,0.0,1179,1051,1051,0,-9.54,12.18,12.18,0.0,47,0.0,0.0,0.0,many,SR,2
0,74,6481,0,0,17.3745,12.3554,3.6416,0.0,0.0,1202,918,0,0,0.22,13.78,0.0,0.0,3,0.0,0.0,0.0,one,SR,1
0,75,846,0,0,13.8234,9.5723,3.0899,0.0,0.0,1160,714,0,0,1.73,11.61,0.0,0.0,60,0.0,0.0,0.0,one,SR,1
0,83,5670,0,0,15.3664,10.2985,3.6744,0.0,0.0,1372,933,0,0,1.86,13.93,0.0,0.0,153,0.0,0.0,0.0,one,SR,1
0,84,6815,1349,0,44.153,25.1468,8.061,8.114,0.0,1422,1270,1314,0,-10.55,14.04,14.27,0.0,23,0.0,17.0,0.0,many,SR,2
0,85,9782,0,0,15.3695,10.7972,3.3209,0.0,0.0,1129,799,0,0,0.59,12.51,0.0,0.0,32,0.0,0.0,0.0,one,SR,1
0,88,4454,1523,0,36.5023,19.9324,6.6727,7.3313,0.0,1349,1315,1119,0,-8.93,12.9,12.76,0.0,216,179.0,0.0,0.0,many,SR,2
0,92,1191,0,0,15.6472,11.0393,3.346,0.0,0.0,1156,809,0,0,0.78,12.62,0.0,0.0,22,0.0,0.0,0.0,one,SR,1
0,100,8566,8564,3028,62.3051,35.7104,6.1076,6.1076,10.298,1946,863,863,1940,-16.3,10.58,10.58,19.66,70,0.0,0.0,60.0,many,SR,3
0,101,1463,0,0,18.5994,12.6339,4.3208,0.0,0.0,1576,1170,0,0,1.74,16.45,0.0,0.0,148,0.0,0.0,0.0,one,SR,1
0,106,8571,0,0,19.3947,13.4968,4.2711,0.0,0.0,1927,1153,0,0,5.59,16.27,0.0,0.0,78,0.0,0.0,0.0,one,SR,1
0,108,9385,6299,0,38.8004,21.4559,6.7742,7.9901,0.0,2331,1004,1280,0,1.25,11.78,14.02,0.0,121,0.0,12.0,0.0,many,SR,2
0,110,9484,0,0,33.0906,23.228,6.6742,0.0,0.0,2903,2508,0,0,1.79,31.88,0.0,0.0,373,0.0,0.0,0.0,one,SR,1
0,111,6812,1697,0,33.802,18.1969,6.2758,6.9506,0.0,1328,1107,1040,0,-7.46,11.7,12.09,0.0,219,112.0,0.0,0.0,many,SR,2
0,119,9104,242,0,33.2902,18.3521,6.1402,6.482,0.0,1260,871,1260,0,-7.61,10.65,12.51,0.0,170,0.0,170.0,0.0,many,SR,2
0,120,9481,0,0,16.6011,10.8609,4.1579,0.0,0.0,1461,1111,0,0,1.1,15.82,0.0,0.0,231,0.0,0.0,0.0,one,SR,1
0,125,4073,0,0,17.0982,11.1965,4.2738,0.0,0.0,1857,1154,0,0,4.85,16.28,0.0,0.0,236,0.0,0.0,0.0,one,SR,1
0,127,5397,1608,0,31.9844,17.5689,6.2809,5.8928,0.0,1233,1233,819,0,-7.23,12.21,10.21,0.0,178,178.0,0.0,0.0,many,SR,2
0,129,2483,0,0,21.9251,15.3776,4.7363,0.0,0.0,1438,1327,0,0,-1.2,18.11,0.0,0.0,63,0.0,0.0,0.0,one,SR,1
0,130,791,0,0,23.4204,16.516,4.9945,0.0,0.0,1753,1420,0,0,1.22,19.1,0.0,0.0,46,0.0,0.0,0.0,one,SR,1
0,131,6757,0,0,35.2834,25.6978,6.5171,0.0,0.0,3659,2406,0,0,10.8,30.68,0.0,0.0,131,0.0,0.0,0.0,one,SR,1
0,137,8046,1224,0,29.274,16.1272,5.5922,5.5926,0.0,1335,828,756,0,-3.64,9.95,9.67,0.0,105,39.0,0.0,0.0,many,SR,2
0,143,1564,0,0,20.8086,13.8312,5.0391,0.0,0.0,1746,1445,0,0,0.89,19.38,0.0,0.0,247,0.0,0.0,0.0,one,SR,1
0,144,373,0,0,16.4755,10.9306,4.0178,0.0,0.0,1423,1059,0,0,1.2,15.27,0.0,0.0,192,0.0,0.0,0.0,one,SR,1
0,145,1786,0,0,14.8052,10.4695,3.1522,0.0,0.0,1092,735,0,0,0.81,11.83,0.0,0.0,13,0.0,0.0,0.0,one,SR,1
0,149,9342,308,0,42.4675,23.5641,7.6957,8.2579,0.0,1707,1195,1707,0,-8.62,13.4,16.09,0.0,204,0.0,204.0,0.0,many,SR,2
0,156,5805,676,0,48.2917,26.0237,9.3457,9.4891,0.0,2054,1688,1603,0,-9.33,17.29,17.04,0.0,333,58.0,0.0,0.0,many,SR,2
0,157,7370,5580,0,46.874,25.4588,9.2543,8.8921,0.0,3567,1543,1578,0,8.03,16.47,16.22,0.0,270,0.0,62.0,0.0,many,SR,2
0,164,3209,0,0,18.9744,13.2493,4.1461,0.0,0.0,1433,1108,0,0,0.84,15.79,0.0,0.0,66,0.0,0.0,0.0,one,SR,1
0,166,7815,0,0,14.7315,10.4203,3.1331,0.0,0.0,1131,730,0,0,1.27,11.78,0.0,0.0,13,0.0,0.0,0.0,one,SR,1
0,183,9021,0,0,13.1582,8.693,3.2424,0.0,0.0,1229,772,0,0,1.9,12.23,0.0,0.0,158,0.0,0.0,0.0,one,SR,1
0,187,6018,6017,413,64.7059,35.926,8.3823,8.3823,7.5699,1689,1337,1337,1689,-22.27,14.61,14.61,15.23,279,0.0,0.0,279.0,many,SR,3
0,189,9584,1846,0,67.3762,38.7186,13.5706,10.2476,0.0,4054,3156,1801,0,-0.99,29.48,18.91,0.0,330,236.0,0.0,0.0,many,SR,2
0,191,9217,0,0,21.0137,14.6746,4.5872,0.0,0.0,1511,1271,0,0,0.1,17.52,0.0,0.0,75,0.0,0.0,0.0,one,SR,1
0,192,5562,2585,0,37.3333,20.4391,7.196,7.196,0.0,1795,1090,1090,0,-3.67,12.51,12.51,0.0,142,0.0,0.0,0.0,many,SR,2
0,194,8271,0,0,21.954,15.1079,4.9511,0.0,0.0,1631,1406,0,0,0.07,18.95,0.0,0.0,133,0.0,0.0,0.0,one,SR,1
0,195,4519,428,0,43.8083,24.3774,7.8788,8.5029,0.0,1784,1232,1784,0,-8.71,13.72,16.77,0.0,209,0.0,209.0,0.0,many,SR,2
0,199,3022,0,0,32.4905,22.6539,6.6611,0.0,0.0,3035,2497,0,0,3.29,31.75,0.0,0.0,404,0.0,0.0,0.0,one,SR,1
0,204,7812,0,0,17.4155,12.1749,3.7984,0.0,0.0,1101,979,0,0,-1.42,14.42,0.0,0.0,55,0.0,0.0,0.0,one,SR,1
0,210,5110,0,0,17.3647,12.2648,3.699,0.0,0.0,1254,940,0,0,0.56,14.01,0.0,0.0,24,0.0,0.0,0.0,one,SR,1
0,214,6487,0,0,20.009,14.066,4.3035,0.0,0.0,1537,1165,0,0,1.38,16.39,0.0,0.0,47,0.0,0.0,0.0,one,SR,1
0,218,8331,4337,463,75.7734,43.5514,9.3661,8.6821,9.034,1870,1573,1753,1870,-26.62,16.75,16.83,17.81,185,0.0,172.0,185.0,many,SR,3
0,220,1074,1024,0,32.8229,17.8723,6.7892,5.8813,0.0,1248,1213,817,0,-7.42,12.61,10.19,0.0,181,111.0,0.0,0.0,many,SR,2
0,223,5732,3240,470,64.4506,36.6276,9.2086,6.0416,8.0162,1844,1627,1303,1844,-21.65,16.82,12.26,16.49,299,47.0,243.0,299.0,many,SR,3
0,224,3019,3018,0,41.6407,23.7568,7.6152,7.6152,0.0,1453,1179,1179,0,-8.62,13.27,13.27,0.0,9,0.0,0.0,0.0,many,SR,2
0,225,5655,1156,0,40.2283,22.2844,7.3071,7.8974,0.0,1717,1268,1313,0,-6.63,13.33,14.07,0.0,162,82.0,40.0,0.0,many,SR,2
0,228,7798,1740,0,33.1511,18.44,6.2678,6.2678,0.0,1140,898,898,0,-7.61,10.88,10.88,0.0,78,0.0,0.0,0.0,many,SR,2
0,231,7741,7740,0,44.2167,24.1573,8.5396,8.5396,0.0,1559,1371,1371,0,-10.45,14.9,14.9,0.0,182,0.0,0.0,0.0,many,SR,2
0,233,8111,0,0,17.1153,11.6192,3.9828,0.0,0.0,1595,1046,0,0,3.13,15.13,0.0,0.0,137,0.0,0.0,0.0,one,SR,1
0,237,3268,3267,520,71.1167,40.9488,7.7524,7.7524,10.0959,1784,1208,1208,1784,-22.37,13.51,13.51,18.64,11,0.0,0.0,11.0,many,SR,3
0,243,4666,4665,0,51.9265,28.2689,9.9993,9.9993,0.0,2302,1736,1736,0,-8.76,18.3,18.3,0.0,318,0.0,0.0,0.0,many,SR,2
0,244,6752,1878,0,49.4291,27.4539,9.2387,9.3798,0.0,2256,1602,1586,0,-6.52,16.74,16.83,0.0,188,31.0,5.0,0.0,many,SR,2
0,246,7621,541,0,34.6338,19.1987,6.0377,7.0186,0.0,1336,850,1336,0,-7.38,10.47,13.32,0.0,151,0.0,151.0,0.0,many,SR,2
0,247,6057,5918,0,38.587,21.576,7.31,7.1674,0.0,1576,1149,1086,0,-6.25,12.86,12.48,0.0,84,18.0,0.0,0.0,many,SR,2
0,249,8614,6840,0,29.6184,16.1254,5.6181,5.8592,0.0,1430,829,818,0,-3.13,9.98,10.17,0.0,138,36.0,3.0,0.0,many,SR,2
0,250,5335,0,0,20.3236,14.1928,4.4404,0.0,0.0,1671,1213,0,0,2.33,16.9,0.0,0.0,70,0.0,0.0,0.0,one,SR,1
0,254,5860,0,0,35.0099,25.0854,6.7126,0.0,0.0,3370,2528,0,0,6.48,32.12,0.0,0.0,261,0.0,0.0,0.0,one,SR,1
0,259,7462,4171,0,39.1048,21.2586,7.5989,7.5989,0.0,1642,1176,1176,0,-6.59,13.24,13.24,0.0,176,0.0,0.0,0.0,many,SR,2
0,262,2050,1598,940,111.4668,64.9978,5.4031,16.5031,16.6646,3858,721,3555,3485,-30.58,9.36,34.89,34.74,415,2.0,63.0,9.0,many,SR,3
0,267,368,0,0,25.0468,17.9048,5.1308,0.0,0.0,1776,1507,0,0,0.55,20.11,0.0,0.0,14,0.0,0.0,0.0,one,SR,1
0,269,3398,0,0,14.0559,9.5569,3.2678,0.0,0.0,1133,780,0,0,0.82,12.31,0.0,0.0,104,0.0,0.0,0.0,one,SR,1
0,270,8527,94,0,37.1234,20.7597,6.4327,7.5045,0.0,1208,932,1163,0,-9.15,11.17,13.1,0.0,74,0.0,4.0,0.0,many,SR,2
0,271,9810,0,0,13.654,8.7625,3.5489,0.0,0.0,1447,885,0,0,3.11,13.43,0.0,0.0,227,0.0,0.0,0.0,one,SR,1
0,272,5434,4513,607,74.9025,42.9606,7.8042,9.6598,9.5422,1825,1243,1651,1825,-25.26,13.69,17.47,18.19,100,14.0,2.0,100.0,many,SR,3
0,277,4999,3342,0,31.9244,17.4579,6.1642,6.1642,0.0,1181,876,876,0,-6.84,10.69,10.69,0.0,122,0.0,0.0,0.0,many,SR,2
0,278,8766,4985,620,68.0202,39.0111,8.0014,6.4979,10.019,1942,1351,944,1942,-20.03,14.31,11.27,19.33,96,50.0,0.0,96.0,many,SR,3
0,280,2551,457,0,29.0866,16.0873,5.5591,5.5096,0.0,1365,749,781,0,-3.04,9.61,9.7,0.0,88,0.0,22.0,0.0,many,SR,2
0,281,3602,0,0,16.2143,11.0468,3.7464,0.0,0.0,1192,959,0,0,-0.27,14.21,0.0,0.0,119,0.0,0.0,0.0,one,SR,1
0,285,507,0,0,14.3798,9.8225,3.3112,0.0,0.0,1102,794,0,0,0.36,12.46,0.0,0.0,95,0.0,0.0,0.0,one,SR,1
0,287,5664,0,0,15.8255,10.8345,3.622,0.0,0.0,1706,910,0,0,5.59,13.69,0.0,0.0,102,0.0,0.0,0.0,one,SR,1
0,293,3052,0,0,53.7233,40.7327,8.4487,0.0,0.0,3821,3659,0,0,-0.76,45.42,0.0,0.0,10,0.0,0.0,0.0,one,SR,1
0,296,3287,0,0,15.5535,10.3334,3.7852,0.0,0.0,1226,972,0,0,-0.04,14.35,0.0,0.0,176,0.0,0.0,0.0,one,SR,1
0,299,2300,0,0,10.9513,6.3189,3.3651,0.0,0.0,2412,814,0,0,13.92,12.67,0.0,0.0,347,0.0,0.0,0.0,one,SR,1
0,303,6751,2781,0,30.3793,15.9843,6.1335,6.1335,0.0,1711,870,870,0,-1.19,10.64,10.64,0.0,216,0.0,0.0,0.0,many,SR,2
0,304,9647,8158,0,35.5188,18.8132,6.247,7.9243,0.0,1691,909,1403,0,-5.05,10.9,14.44,0.0,273,8.0,86.0,0.0,many,SR,2
0,313,243,0,0,16.1469,11.4357,3.4217,0.0,0.0,1297,835,0,0,2.01,12.9,0.0,0.0,12,0.0,0.0,0.0,one,SR,1
0,314,8756,4714,0,32.3428,17.7731,6.208,6.2083,0.0,1966,887,884,0,1.26,10.78,10.76,0.0,110,1.0,0.0,0.0,many,SR,2
0,320,3328,0,0,36.9396,26.9328,6.7585,0.0,0.0,2767,2559,0,0,-0.18,32.48,0.0,0.0,157,0.0,0.0,0.0,one,SR,1
0,323,7197,0,0,15.1182,10.0559,3.672,0.0,0.0,1199,930,0,0,0.08,13.9,0.0,0.0,168,0.0,0.0,0.0,one,SR,1
0,327,7445,7432,2350,82.0383,47.3373,10.3625,8.235,10.5052,2301,1987,1306,2301,-26.22,19.96,14.36,21.67,208,75.0,-1.0,208.0,many,SR,3
0,332,7493,5456,0,29.0583,15.3839,5.8891,5.7528,0.0,1418,862,789,0,-3.4,10.38,9.95,0.0,199,23.0,0.0,0.0,many,SR,2
0,334,4870,4507,0,58.7193,33.7335,8.9689,12.0706,0.0,2590,1498,2310,0,-8.32,15.91,23.55,0.0,122,14.0,18.0,0.0,many,SR,2
0,341,9218,1785,0,31.0279,16.3392,6.2591,6.2591,0.0,1551,895,895,0,-3.25,10.85,10.85,0.0,218,0.0,0.0,0.0,many,SR,2
0,342,8267,5425,57,51.4054,28.612,6.5487,6.5334,6.2669,1586,955,953,1115,-14.35,11.36,11.35,11.74,163,0.0,0.0,116.0,many,SR,3
0,343,9374,0,0,17.4244,12.2401,3.758,0.0,0.0,1220,964,0,0,-0.03,14.26,0.0,0.0,41,0.0,0.0,0.0,one,SR,1
0,345,7460,5410,0,33.5005,17.3482,6.8825,6.8783,0.0,2311,1025,1026,0,2.74,11.96,11.96,0.0,285,0.0,1.0,0.0,many,SR,2
0,349,6986,0,0,14.8058,10.3181,3.2586,0.0,0.0,1217,778,0,0,1.72,12.29,0.0,0.0,51,0.0,0.0,0.0,one,SR,1
0,352,5955,5074,0,27.8232,14.1282,5.8007,5.8736,0.0,2009,799,815,0,2.91,10.04,10.17,0.0,277,0.0,0.0,0.0,many,SR,2
0,356,8940,5924,823,59.377,34.0462,5.4948,5.5115,10.4432,1962,736,738,1933,-14.33,9.5,9.53,19.79,61,0.0,-1.0,39.0,many,SR,3
0,358,7881,4574,0,36.1918,20.0992,7.0138,6.6031,0.0,1246,1052,1246,0,-9.2,12.19,12.57,0.0,149,0.0,149.0,0.0,many,SR,2
0,360,1622,0,0,16.5655,11.5408,3.644,0.0,0.0,1371,921,0,0,1.97,13.81,0.0,0.0,61,0.0,0.0,0.0,one,SR,1
0,379,7285,5938,0,31.6642,17.5188,5.7921,6.2245,0.0,1249,798,1007,0,-6.04,10.03,11.26,0.0,112,0.0,64.0,0.0,many,SR,2
0,384,5660,5659,4555,57.3159,32.2966,6.6773,6.6773,7.9397,1392,983,983,1299,-18.91,11.6,11.6,14.05,84,0.0,0.0,28.0,many,SR,3
0,385,1462,1461,0,53.5207,29.9398,9.9685,9.9685,0.0,1976,1728,1728,0,-12.05,18.22,18.22,0.0,195,0.0,0.0,0.0,many,SR,2
0,386,2482,0,0,20.7198,14.4858,4.5129,0.0,0.0,1756,1242,0,0,2.95,17.21,0.0,0.0,69,0.0,0.0,0.0,one,SR,1
0,388,5896,5850,0,31.3607,15.8167,6.6997,6.5233,0.0,2178,1022,980,0,1.98,11.77,11.44,0.0,346,19.0,16.0,0.0,many,SR,2
0,393,5546,0,0,13.9713,9.5625,3.2031,0.0,0.0,1286,756,0,0,2.65,12.06,0.0,0.0,88,0.0,0.0,0.0,one,SR,1
0,400,6677,0,0,12.7658,8.3964,3.1743,0.0,0.0,1291,746,0,0,2.8,11.95,0.0,0.0,161,0.0,0.0,0.0,one,SR,1
0,402,4078,0,0,28.8507,19.6209,6.3154,0.0,0.0,2821,2275,0,0,3.39,29.14,0.0,0.0,451,0.0,0.0,0.0,one,SR,1
0,411,7451,0,0,17.8709,12.5251,3.875,0.0,0.0,1839,1006,0,0,6.07,14.71,0.0,0.0,49,0.0,0.0,0.0,one,SR,1
0,416,9543,7687,1265,52.7301,30.0491,6.4427,6.4427,6.4413,1382,933,933,933,-15.68,11.18,11.18,11.18,10,-1.0,-1.0,0.0,many,SR,3
0,418,7051,0,0,30.4085,20.7132,6.581,0.0,0.0,3310,2445,0,0,6.73,31.14,0.0,0.0,499,0.0,0.0,0.0,one,SR,1
0,420,8873,0,0,15.4162,10.9641,3.2347,0.0,0.0,1195,767,0,0,1.59,12.17,0.0,0.0,0,0.0,0.0,0.0,one,SR,1
0,421,6923,4743,4742,46.014,25.6965,6.0988,5.5849,5.5849,1548,1016,754,754,-11.19,11.18,9.65,9.65,119,82.0,0.0,0.0,many,SR,3
0,423,7767,3215,0,33.7031,18.9452,6.2914,6.285,0.0,1621,904,900,0,-2.61,10.92,10.89,0.0,47,1.0,0.0,0.0,many,SR,2
0,429,210,0,0,22.0458,14.7463,5.2201,0.0,0.0,1721,1565,0,0,-0.64,20.79,0.0,0.0,271,0.0,0.0,0.0,one,SR,1
0,430,4056,3066,0,40.2689,23.0453,5.6258,9.0281,0.0,1899,770,1490,0,-3.19,9.75,15.94,0.0,6,4.0,3.0,0.0,many,SR,2
0,433,8787,7952,2556,98.239,57.937,9.0319,9.0764,15.7355,3258,1502,1504,3253,-23.91,16.0,16.07,32.51,13,9.0,3.0,13.0,many,SR,3
0,434,3359,820,0,34.0096,19.2456,6.2917,6.2917,0.0,1754,901,901,0,-1.21,10.9,10.9,0.0,26,0.0,0.0,0.0,many,SR,2
0,436,6215,3418,0,64.3338,37.5057,11.2718,11.2718,0.0,3000,2067,2067,0,-7.06,21.42,21.42,0.0,72,0.0,0.0,0.0,many,SR,2
0,446,1768,0,0,14.5769,10.3015,3.1058,0.0,0.0,1163,722,0,0,1.68,11.7,0.0,0.0,16,0.0,0.0,0.0,one,SR,1
0,451,3098,968,0,37.7853,21.4193,6.99,6.9232,0.0,1118,1049,1118,0,-10.34,12.16,12.37,0.0,45,0.0,45.0,0.0,many,SR,2
0,453,7968,7406,0,83.9051,48.8681,14.5241,14.5982,0.0,3281,2943,2931,0,-18.78,29.56,29.59,0.0,298,15.0,0.0,0.0,many,SR,2
0,454,797,0,0,15.6462,11.0626,3.3301,0.0,0.0,1235,801,0,0,1.69,12.53,0.0,0.0,15,0.0,0.0,0.0,one,SR,1
0,456,5806,3968,0,35.2373,19.0052,7.2649,6.4677,0.0,1594,1301,1029,0,-5.76,13.41,11.58,0.0,238,105.0,48.0,0.0,many,SR,2
0,459,7690,1119,0,32.5165,17.6548,6.332,6.332,0.0,1479,911,911,0,-4.25,10.99,10.99,0.0,145,0.0,0.0,0.0,many,SR,2
0,463,7455,2424,0,38.234,21.6217,7.0804,7.0714,0.0,1360,1066,1064,0,-7.86,12.31,12.29,0.0,36,-1.0,0.0,0.0,many,SR,2
0,466,678,0,0,20.2695,13.1948,5.0975,0.0,0.0,2005,1478,0,0,3.26,19.77,0.0,0.0,314,0.0,0.0,0.0,one,SR,1
0,484,3685,3684,910,114.6704,66.6461,13.8993,13.8993,12.2688,3702,2748,2748,2324,-32.74,27.86,27.86,23.85,339,0.0,0.0,0.0,many,SR,3
0,486,3652,0,0,14.5223,9.5971,3.5742,0.0,0.0,1207,893,0,0,0.51,13.51,0.0,0.0,175,0.0,0.0,0.0,one,SR,1
0,487,9911,3889,0,43.2652,23.4777,7.4311,9.3085,0.0,1859,1237,1670,0,-7.91,13.32,17.16,0.0,270,52.0,54.0,0.0,many,SR,2
0,495,6212,0,0,13.3097,8.76,3.3047,0.0,0.0,1276,793,0,0,2.19,12.45,0.0,0.0,167,0.0,0.0,0.0,one,SR,1
0,496,3837,0,0,17.7545,12.5796,3.7518,0.0,0.0,1057,961,0,0,-1.71,14.23,0.0,0.0,16,0.0,0.0,0.0,one,SR,1
0,499,936,0,0,19.458,13.3254,4.4412,0.0,0.0,1766,1214,0,0,3.32,16.91,0.0,0.0,130,0.0,0.0,0.0,one,SR,1
0,507,6665,6664,0,56.8207,32.9982,10.0666,10.0666,0.0,2822,1752,1752,0,-3.57,18.45,18.45,0.0,14,0.0,0.0,0.0,many,SR,2
0,522,9884,1474,0,40.3355,22.8781,7.2594,7.599,0.0,1594,1104,1207,0,-6.65,12.63,13.36,0.0,35,0.0,17.0,0.0,many,SR,2
0,533,7701,0,0,19.9453,13.7207,4.5045,0.0,0.0,1425,1241,0,0,-0.52,17.2,0.0,0.0,120,0.0,0.0,0.0,one,SR,1
0,537,3644,0,0,25.9233,18.6346,5.2139,0.0,0.0,1562,1561,0,0,-2.27,20.75,0.0,0.0,3,0.0,0.0,0.0,one,SR,1
0,541,1330,1130,0,37.5141,21.2625,6.5497,7.2688,0.0,1187,956,1187,0,-9.44,11.37,12.96,0.0,44,0.0,44.0,0.0,many,SR,2
0,544,8189,7866,218,61.1733,33.4397,7.5331,8.3376,7.6286,2086,1262,1574,1181,-16.21,13.51,15.55,13.28,319,54.0,129.0,0.0,many,SR,3
0,546,4859,0,0,15.2339,10.4665,3.4588,0.0,0.0,1279,853,0,0,1.65,13.09,0.0,0.0,90,0.0,0.0,0.0,one,SR,1
0,547,5929,0,0,15.066,10.0469,3.6394,0.0,0.0,1286,920,0,0,1.09,13.8,0.0,0.0,162,0.0,0.0,0.0,one,SR,1
0,557,7747,0,0,18.1558,11.8599,4.5568,0.0,0.0,1704,1259,0,0,2.24,17.39,0.0,0.0,259,0.0,0.0,0.0,one,SR,1
0,559,8247,8246,0,27.7029,14.9978,5.4162,5.4162,0.0,1311,720,720,0,-3.09,9.36,9.36,0.0,127,0.0,0.0,0.0,many,SR,2
0,563,1101,0,0,26.7107,18.8797,5.5223,0.0,0.0,2151,1760,0,0,1.81,23.09,0.0,0.0,130,0.0,0.0,0.0,one,SR,1
0,565,7061,0,0,14.6196,10.1713,3.232,0.0,0.0,1053,766,0,0,0.11,12.16,0.0,0.0,53,0.0,0.0,0.0,one,SR,1
0,566,2509,0,0,16.1259,11.2645,3.5273,0.0,0.0,1250,877,0,0,1.12,13.34,0.0,0.0,51,0.0,0.0,0.0,one,SR,1
0,568,2638,2637,0,30.083,16.7343,5.6895,5.6895,0.0,1870,777,777,0,1.91,9.85,9.85,0.0,68,0.0,0.0,0.0,many,SR,2
0,574,7899,4506,0,51.401,28.7842,10.2336,8.9046,0.0,1953,1839,1472,0,-10.8,19.08,15.71,0.0,172,20.0,10.0,0.0,many,SR,2
0,578,8425,0,0,23.9554,16.1752,5.4927,0.0,0.0,2004,1742,0,0,0.45,22.88,0.0,0.0,301,0.0,0.0,0.0,one,SR,1
0,583,7817,5426,1026,94.7723,55.2261,9.1812,14.8752,9.1753,3670,1524,3068,1521,-18.3,16.29,30.59,16.26,110,0.0,31.0,0.0,many,SR,3
0,586,8249,2684,0,51.8696,29.6661,9.8377,8.9117,0.0,2127,1897,1455,0,-8.75,18.9,15.64,0.0,97,97.0,0.0,0.0,many,SR,2
0,587,3733,0,0,15.7995,11.0113,3.4742,0.0,0.0,1314,858,0,0,1.97,13.14,0.0,0.0,56,0.0,0.0,0.0,one,SR,1
0,589,4438,0,0,17.2476,11.4887,4.1703,0.0,0.0,1355,1117,0,0,-0.07,15.89,0.0,0.0,192,0.0,0.0,0.0,one,SR,1
0,594,7581,7580,0,26.6776,13.9688,5.4172,5.4172,0.0,1232,721,721,0,-3.93,9.37,9.37,0.0,198,0.0,0.0,0.0,many,SR,2
0,600,570,0,0,18.301,12.6529,4.0914,0.0,0.0,1364,1087,0,0,0.31,15.57,0.0,0.0,93,0.0,0.0,0.0,one,SR,1
0,601,9997,3334,0,32.2515,17.3037,6.1505,6.4499,0.0,1833,1285,934,0,-1.88,12.29,11.18,0.0,261,221.0,0.0,0.0,many,SR,2
0,604,3528,0,0,26.3488,18.4689,5.55,0.0,0.0,2334,1778,0,0,3.54,23.3,0.0,0.0,171,0.0,0.0,0.0,one,SR,1
0,607,4404,460,0,40.9261,23.3959,7.5039,7.4272,0.0,1155,1155,1139,0,-11.26,13.06,12.93,0.0,0,0.0,0.0,0.0,many,SR,2
0,609,6360,4707,2647,61.6811,35.2499,7.501,7.5048,7.5081,2511,1154,1154,1154,-8.89,13.05,13.05,13.06,1,0.0,0.0,-1.0,many,SR,3
0,610,7512,2372,0,34.4715,17.9491,7.0229,7.0392,0.0,1882,1095,1057,0,-2.38,12.37,12.24,0.0,286,22.0,-1.0,0.0,many,SR,2
0,614,8025,0,0,14.6609,10.344,3.1388,0.0,0.0,1523,730,0,0,5.39,11.78,0.0,0.0,18,0.0,0.0,0.0,one,SR,1
0,616,1306,1278,0,39.2407,21.882,7.3898,7.3086,0.0,1377,1130,1377,0,-9.48,12.85,13.75,0.0,141,0.0,141.0,0.0,many,SR,2
0,617,5826,0,0,23.0134,15.6935,5.2358,0.0,0.0,1684,1569,0,0,-1.08,20.84,0.0,0.0,209,0.0,0.0,0.0,one,SR,1
0,620,1746,1745,1284,91.35,52.7619,10.467,10.467,11.316,2687,1856,1856,2687,-28.83,19.43,19.43,24.52,292,0.0,0.0,292.0,many,SR,3
0,622,3004,0,0,24.4441,16.6673,5.4915,0.0,0.0,2180,1740,0,0,2.32,22.85,0.0,0.0,266,0.0,0.0,0.0,one,SR,1
0,628,6710,6709,0,27.8844,14.9609,5.5101,5.5101,0.0,1285,738,738,0,-3.64,9.52,9.52,0.0,148,0.0,0.0,0.0,many,SR,2
0,631,7013,3709,0,34.7392,19.0916,6.613,6.7179,0.0,1282,968,996,0,-7.39,11.47,11.69,0.0,120,0.0,2.0,0.0,many,SR,2
0,642,7908,0,0,36.184,26.1674,6.7624,0.0,0.0,2999,2564,0,0,2.2,32.54,0.0,0.0,213,0.0,0.0,0.0,one,SR,1
0,644,4933,0,0,15.2622,10.797,3.2435,0.0,0.0,1243,771,0,0,2.06,12.22,0.0,0.0,14,0.0,0.0,0.0,one,SR,1
0,647,6588,609,0,74.4996,44.2092,13.4987,11.7434,0.0,3498,2813,2227,0,-8.7,27.72,22.77,0.0,84,80.0,18.0,0.0,many,SR,2
0,649,8987,12,0,64.5464,37.1871,10.8984,11.9448,0.0,2735,2008,2525,0,-11.93,20.7,24.47,0.0,236,18.0,136.0,0.0,many,SR,2
0,652,6088,1161,0,61.8494,34.4881,11.4854,11.4854,0.0,3081,2123,2123,0,-7.16,21.95,21.95,0.0,343,0.0,0.0,0.0,many,SR,2
0,659,9785,9784,0,39.7692,21.5202,7.7705,7.7705,0.0,1638,1211,1211,0,-7.17,13.54,13.54,0.0,195,0.0,0.0,0.0,many,SR,2
0,665,3227,0,0,13.9364,9.0711,3.5322,0.0,0.0,1316,876,0,0,1.82,13.33,0.0,0.0,200,0.0,0.0,0.0,one,SR,1
0,667,6969,0,0,14.8425,10.2459,3.3368,0.0,0.0,1237,807,0,0,1.65,12.6,0.0,0.0,75,0.0,0.0,0.0,one,SR,1
0,668,1365,0,0,14.1541,9.3246,3.505,0.0,0.0,1262,868,0,0,1.33,13.25,0.0,0.0,177,0.0,0.0,0.0,one,SR,1
0,669,6795,6794,6378,166.6305,99.5074,18.8928,18.8928,17.0462,5098,4047,4047,5066,-57.09,40.13,40.13,42.64,758,0.0,0.0,738.0,many,SR,3
0,670,7500,2211,0,33.3094,18.8877,5.74,6.5478,0.0,1461,795,956,0,-3.86,9.97,11.37,0.0,22,4.0,0.0,0.0,many,SR,2
0,672,6703,0,0,16.4132,11.0466,3.8914,0.0,0.0,1184,1010,0,0,-0.84,14.75,0.0,0.0,152,0.0,0.0,0.0,one,SR,1
0,674,2587,2586,0,35.1289,19.0552,6.847,6.847,0.0,2445,1018,1018,0,4.26,11.9,11.9,0.0,161,0.0,0.0,0.0,many,SR,2
0,677,685,0,0,18.9233,13.4779,3.948,0.0,0.0,1322,1031,0,0,0.4,14.97,0.0,0.0,0,0.0,0.0,0.0,one,SR,1
0,683,4778,0,0,15.305,10.8679,3.225,0.0,0.0,1120,762,0,0,0.85,12.12,0.0,0.0,3,0.0,0.0,0.0,one,SR,1
0,692,6823,0,0,14.9699,9.8325,3.7248,0.0,0.0,1225,951,0,0,0.15,14.13,0.0,0.0,197,0.0,0.0,0.0,one,SR,1
0,693,282,0,0,16.5575,10.6502,4.2784,0.0,0.0,1833,1155,0,0,4.59,16.29,0.0,0.0,274,0.0,0.0,0.0,one,SR,1
0,699,7098,3256,0,52.4342,30.0577,9.7429,9.2174,0.0,1968,1683,1546,0,-10.08,17.73,16.43,0.0,47,7.0,7.0,0.0,many,SR,2
0,700,2390,2389,0,36.4243,20.3394,6.8518,6.8518,0.0,1546,1019,1019,0,-5.2,11.91,11.91,0.0,75,0.0,0.0,0.0,many,SR,2
0,704,4357,3015,1422,109.0946,64.866,11.8549,11.8573,13.3032,2602,2217,2217,2602,-37.6,22.84,22.85,26.44,4,0.0,-1.0,4.0,many,SR,3
0,707,1275,0,0,16.0528,10.9493,3.7006,0.0,0.0,1232,942,0,0,0.31,14.03,0.0,0.0,115,0.0,0.0,0.0,one,SR,1
0,708,170,0,0,21.9327,15.6161,4.5711,0.0,0.0,1396,1265,0,0,-1.05,17.46,0.0,0.0,7,0.0,0.0,0.0,one,SR,1
0,713,6583,2037,0,31.9264,17.9755,5.9455,5.9455,0.0,1783,830,830,0,0.18,10.3,10.3,0.0,39,0.0,0.0,0.0,many,SR,2
0,716,6638,0,0,13.3618,9.0863,3.1069,0.0,0.0,1189,721,0,0,1.97,11.69,0.0,0.0,98,0.0,0.0,0.0,one,SR,1
0,722,6442,0,0,12.4543,7.8501,3.3433,0.0,0.0,1667,808,0,0,6.16,12.61,0.0,0.0,239,0.0,0.0,0.0,one,SR,1
0,724,9037,0,0,18.1923,12.2344,4.3143,0.0,0.0,1831,1169,0,0,4.43,16.44,0.0,0.0,175,0.0,0.0,0.0,one,SR,1
0,728,1584,0,0,17.7035,12.0047,4.1272,0.0,0.0,1382,1101,0,0,0.37,15.72,0.0,0.0,146,0.0,0.0,0.0,one,SR,1
0,733,9177,4323,0,43.8203,22.8729,8.9116,8.9116,0.0,2186,1453,1453,0,-5.16,15.62,15.62,0.0,358,0.0,0.0,0.0,many,SR,2
0,740,87,0,0,23.2422,16.2455,5.0525,0.0,0.0,2108,1450,0,0,4.64,19.44,0.0,0.0,86,0.0,0.0,0.0,one,SR,1
0,744,1409,745,0,33.5036,18.8993,6.3474,6.0805,0.0,1360,915,909,0,-5.31,11.02,10.74,0.0,47,0.0,27.0,0.0,many,SR,2
0,746,2653,2652,0,44.1821,24.9885,8.1714,8.1714,0.0,1547,1295,1295,0,-9.41,14.25,14.25,0.0,46,0.0,0.0,0.0,many,SR,2
0,748,3774,0,0,25.5722,17.5573,5.6274,0.0,0.0,2075,1827,0,0,0.3,23.88,0.0,0.0,268,0.0,0.0,0.0,one,SR,1
0,754,7555,398,397,56.4911,30.7569,10.9036,5.3884,5.3884,2392,2252,715,715,-11.37,21.9,9.32,9.32,391,135.0,0.0,0.0,many,SR,3
0,755,3603,0,0,21.2841,14.2287,5.0841,0.0,0.0,1624,1473,0,0,-0.69,19.71,0.0,0.0,240,0.0,0.0,0.0,one,SR,1
0,756,7142,0,0,32.672,23.263,6.417,0.0,0.0,2565,2341,0,0,0.0,29.92,0.0,0.0,250,0.0,0.0,0.0,one,SR,1
0,758,3511,0,0,16.2475,10.7158,4.0078,0.0,0.0,1414,1056,0,0,1.13,15.24,0.0,0.0,205,0.0,0.0,0.0,one,SR,1
0,765,7073,0,0,15.265,10.8561,3.2031,0.0,0.0,1022,756,0,0,-0.12,12.06,0.0,0.0,0,0.0,0.0,0.0,one,SR,1
0,767,3782,0,0,18.1699,12.6363,4.0108,0.0,0.0,1315,1055,0,0,0.1,15.23,0.0,0.0,73,0.0,0.0,0.0,one,SR,1
0,768,7366,0,0,24.3226,17.0883,5.1831,0.0,0.0,1766,1541,0,0,0.08,20.51,0.0,0.0,94,0.0,0.0,0.0,one,SR,1
0,778,4361,4360,1503,53.7403,30.2966,5.5955,5.5955,8.6812,1657,757,757,1657,-14.74,9.68,9.68,16.36,126,0.0,0.0,126.0,many,SR,3
0,779,8421,5404,0,34.3042,19.2468,6.4155,6.4155,0.0,1244,928,928,0,-6.98,11.13,11.13,0.0,54,0.0,0.0,0.0,many,SR,2
0,781,9600,8953,0,52.7327,29.9295,10.8451,8.4227,0.0,2593,2014,1347,0,-4.59,20.66,14.7,0.0,129,28.0,0.0,0.0,many,SR,2
0,783,3269,0,0,21.3681,14.1147,5.1939,0.0,0.0,1956,1548,0,0,2.0,20.59,0.0,0.0,302,0.0,0.0,0.0,one,SR,1
0,784,2361,0,0,16.1751,11.1578,3.6408,0.0,0.0,1468,917,0,0,3.03,13.76,0.0,0.0,84,0.0,0.0,0.0,one,SR,1
0,789,2563,2562,0,31.1948,16.8598,6.1095,6.1095,0.0,1511,863,863,0,-3.18,10.58,10.58,0.0,149,0.0,0.0,0.0,many,SR,2
0,792,9663,6772,1861,60.8754,34.5178,6.6427,6.7895,8.9748,1673,975,1006,1550,-17.99,11.53,11.8,16.18,71,0.0,0.0,38.0,many,SR,3
0,793,8695,0,0,19.4738,13.6661,4.2053,0.0,0.0,1607,1130,0,0,2.45,16.02,0.0,0.0,52,0.0,0.0,0.0,one,SR,1
0,801,3578,0,0,30.3289,22.0114,5.8006,0.0,0.0,2070,1937,0,0,-0.92,25.17,0.0,0.0,44,0.0,0.0,0.0,one,SR,1
0,816,4770,3720,0,58.9248,32.1172,7.3922,14.971,0.0,3431,1209,3185,0,-3.97,13.17,31.28,0.0,538,42.0,75.0,0.0,many,SR,2
0,817,9427,7645,0,47.6274,26.6471,9.6191,8.1742,0.0,1918,1692,1294,0,-8.54,17.62,14.25,0.0,139,27.0,0.0,0.0,many,SR,2
0,818,8945,1565,359,48.2125,26.7596,6.4292,6.2434,5.4601,1291,941,1291,768,-16.33,11.2,12.41,9.59,213,5.0,213.0,21.0,many,SR,3
0,821,9585,2510,0,64.2345,36.6979,11.3064,11.7443,0.0,2792,2216,2207,0,-11.06,22.2,22.66,0.0,251,67.0,9.0,0.0,many,SR,2
0,822,2054,0,0,14.5021,10.1476,3.1657,0.0,0.0,1319,740,0,0,3.15,11.89,0.0,0.0,38,0.0,0.0,0.0,one,SR,1
0,824,1693,1692,0,46.7652,25.9732,8.85,8.85,0.0,1714,1436,1436,0,-9.83,15.46,15.46,0.0,127,0.0,0.0,0.0,many,SR,2
0,828,3764,3763,1591,91.8708,53.377,9.882,9.882,12.4919,2776,1707,1707,2776,-26.99,18.02,18.02,26.34,189,0.0,0.0,189.0,many,SR,3
0,829,8741,8740,0,53.6494,29.2743,10.2862,10.2862,0.0,2289,1812,1812,0,-10.19,19.01,19.01,0.0,338,0.0,0.0,0.0,many,SR,2
0,833,8800,6417,2213,54.3061,29.7758,6.179,7.2604,7.2604,2279,1463,1105,1105,-10.55,13.03,12.64,12.64,321,312.0,0.0,0.0,many,SR,3
0,836,9388,0,0,21.0176,13.707,5.2289,0.0,0.0,2177,1567,0,0,4.12,20.82,0.0,0.0,343,0.0,0.0,0.0,one,SR,1
0,837,830,0,0,22.8847,15.489,5.2763,0.0,0.0,2028,1599,0,0,2.22,21.19,0.0,0.0,245,0.0,0.0,0.0,one,SR,1
0,842,9562,6620,0,31.1767,17.2441,5.8226,6.0213,0.0,1570,899,845,0,-2.31,10.46,10.43,0.0,106,50.0,0.0,0.0,many,SR,2
0,843,6225,2256,0,62.4358,34.7977,14.3554,8.827,0.0,3074,2896,1432,0,-7.82,29.13,15.42,0.0,362,13.0,0.0,0.0,many,SR,2
0,851,203,0,0,22.6165,16.067,4.7404,0.0,0.0,2107,1325,0,0,5.84,18.09,0.0,0.0,15,0.0,0.0,0.0,one,SR,1
0,855,8634,8149,0,35.1907,19.2211,7.5854,6.0165,0.0,1324,1184,844,0,-7.41,13.26,10.42,0.0,143,6.0,0.0,0.0,many,SR,2
0,859,1561,901,900,110.3566,63.9224,5.9465,16.3368,16.3368,4107,831,3394,3394,-27.2,10.31,33.92,33.92,437,0.0,5.0,5.0,many,SR,3
0,861,9747,4160,0,32.5362,17.1656,7.2668,5.7956,0.0,1515,1205,801,0,-4.87,13.04,10.04,0.0,246,53.0,1.0,0.0,many,SR,2
0,865,105,104,0,37.5918,21.1645,6.9966,6.9966,0.0,1220,1050,1050,0,-9.1,12.17,12.17,0.0,51,0.0,0.0,0.0,many,SR,2
0,867,1656,1262,0,42.4212,23.8157,8.0,7.7724,0.0,1473,1473,1211,0,-10.03,14.79,13.54,0.0,115,115.0,0.0,0.0,many,SR,2
0,868,6077,2125,0,40.8264,21.7118,8.1379,8.1379,0.0,1642,1288,1288,0,-8.31,14.19,14.19,0.0,262,0.0,0.0,0.0,many,SR,2
0,875,855,0,0,19.0182,13.3963,4.0736,0.0,0.0,1618,1079,0,0,3.05,15.48,0.0,0.0,37,0.0,0.0,0.0,one,SR,1
0,880,4761,2946,0,44.6053,24.3729,8.6126,8.6126,0.0,2018,1387,1387,0,-5.88,15.04,15.04,0.0,184,0.0,0.0,0.0,many,SR,2
0,881,1932,0,0,14.1779,9.6113,3.3163,0.0,0.0,1618,798,0,0,5.74,12.5,0.0,0.0,112,0.0,0.0,0.0,one,SR,1
0,886,9349,9348,0,55.8593,31.0202,10.4747,10.4747,0.0,2586,1858,1858,0,-7.85,19.45,19.45,0.0,272,0.0,0.0,0.0,many,SR,2
0,889,8892,4734,1694,77.5269,44.6277,7.8492,10.0517,9.882,1908,1227,1761,1908,-26.01,13.68,18.48,19.0,97,0.0,5.0,97.0,many,SR,3
0,893,834,833,801,46.7511,25.4047,6.0635,6.0635,5.9876,1615,855,855,1072,-12.13,10.51,10.51,11.29,251,0.0,0.0,125.0,many,SR,3
0,895,7561,0,0,14.4537,9.9172,3.2936,0.0,0.0,1500,791,0,0,4.56,12.43,0.0,0.0,87,0.0,0.0,0.0,one,SR,1
0,896,768,0,0,25.9502,18.375,5.3805,0.0,0.0,1924,1663,0,0,0.45,21.95,0.0,0.0,94,0.0,0.0,0.0,one,SR,1
0,898,9598,9597,9070,89.8595,50.9613,12.677,12.677,7.2906,6088,2432,2432,1136,7.64,24.87,24.87,12.79,363,0.0,0.0,13.0,many,SR,3
0,899,4206,4126,4125,85.6036,49.6852,12.2998,9.0002,9.0002,2448,2445,1477,1477,-24.86,24.48,15.85,15.85,60,54.0,0.0,0.0,many,SR,3
0,903,9766,9765,0,29.6307,16.2405,5.7077,5.7077,0.0,1286,780,780,0,-4.27,9.87,9.87,0.0,105,0.0,0.0,0.0,many,SR,2
0,910,7112,2402,2322,60.3674,34.0144,6.0265,7.8635,8.4888,1516,870,1295,1474,-19.85,10.53,13.96,15.26,120,13.0,35.0,61.0,many,SR,3
0,915,1647,0,0,14.3762,10.1025,3.1072,0.0,0.0,1221,719,0,0,2.32,11.66,0.0,0.0,27,0.0,0.0,0.0,one,SR,1
0,916,417,0,0,47.0796,35.36,7.7279,0.0,0.0,4194,3191,0,0,8.11,39.92,0.0,0.0,39,0.0,0.0,0.0,one,SR,1
0,924,1481,1480,0,47.1238,25.5011,9.1812,9.1812,0.0,1807,1525,1525,0,-10.37,16.3,16.3,0.0,262,0.0,0.0,0.0,many,SR,2
0,927,6496,1368,0,30.5388,17.082,5.8141,5.6569,0.0,1340,807,769,0,-3.8,10.08,9.78,0.0,54,3.0,0.0,0.0,many,SR,2
0,930,322,0,0,16.593,11.1927,3.9157,0.0,0.0,1362,1019,0,0,0.94,14.85,0.0,0.0,148,0.0,0.0,0.0,one,SR,1
0,937,6621,5355,0,43.8104,23.9975,8.4303,8.4409,0.0,1860,1347,1350,0,-6.95,14.7,14.72,0.0,169,0.0,0.0,0.0,many,SR,2
0,940,407,0,0,18.3698,12.5169,4.2388,0.0,0.0,1288,1141,0,0,-1.0,16.14,0.0,0.0,137,0.0,0.0,0.0,one,SR,1
0,943,4642,1806,279,110.0476,65.1484,12.4425,12.4953,12.4922,2679,2393,2679,2385,-39.09,24.4,25.86,24.43,142,11.0,142.0,0.0,many,SR,3
0,944,7080,0,0,18.8507,13.1179,4.1548,0.0,0.0,1176,1107,0,0,-1.85,15.78,0.0,0.0,74,0.0,0.0,0.0,one,SR,1
0,945,7096,7095,5408,68.0872,38.2577,8.4667,8.4667,8.4667,1773,1355,1355,1355,-21.25,14.76,14.76,14.76,110,0.0,0.0,0.0,many,SR,3
0,946,5511,2051,0,48.3847,27.2179,8.998,9.0002,0.0,2093,1478,1476,0,-6.54,15.85,15.84,0.0,89,1.0,0.0,0.0,many,SR,2
0,956,8861,0,0,12.5203,8.0382,3.254,0.0,0.0,1320,777,0,0,2.81,12.28,0.0,0.0,206,0.0,0.0,0.0,one,SR,1
0,959,8632,8631,1813,111.9852,66.7231,12.4652,12.4652,12.9172,2495,2376,2376,2495,-40.53,24.34,24.34,25.46,1,0.0,0.0,1.0,many,SR,3
0,965,9678,0,0,16.4354,10.7909,4.0909,0.0,0.0,1483,1084,0,0,1.59,15.54,0.0,0.0,218,0.0,0.0,0.0,one,SR,1
0,967,8492,0,0,14.1215,9.215,3.5608,0.0,0.0,1452,888,0,0,3.13,13.46,0.0,0.0,198,0.0,0.0,0.0,one,SR,1
0,973,4783,4782,1840,66.972,37.9081,8.157,8.157,8.3726,1526,1290,1290,1526,-23.37,14.21,14.21,15.35,102,0.0,0.0,102.0,many,SR,3
0,980,5921,4914,0,30.0473,16.7825,5.6655,5.6142,0.0,1225,772,845,0,-5.0,9.81,10.04,0.0,74,0.0,45.0,0.0,many,SR,2
0,986,9832,0,0,20.2646,14.0588,4.491,0.0,0.0,1907,1236,0,0,4.59,17.15,0.0,0.0,94,0.0,0.0,0.0,one,SR,1
0,998,5741,5740,0,60.7725,34.2071,11.1659,11.1659,0.0,2910,2040,2040,0,-7.55,21.17,21.17,0.0,266,0.0,0.0,0.0,many,SR,2
0,1001,5829,0,0,14.4441,9.2767,3.7464,0.0,0.0,1740,959,0,0,5.48,14.21,0.0,0.0,240,0.0,0.0,0.0,one,SR,1
0,1009,1916,1188,0,35.2137,19.0505,6.5555,7.1787,0.0,1194,1054,1098,0,-9.32,11.76,12.53,0.0,192,52.0,6.0,0.0,many,SR,2
0,1017,2928,0,0,17.755,12.4691,3.8341,0.0,0.0,1349,988,0,0,1.1,14.52,0.0,0.0,41,0.0,0.0,0.0,one,SR,1
0,1018,1833,0,0,12.5508,8.189,3.1678,0.0,0.0,1282,745,0,0,2.71,11.94,0.0,0.0,175,0.0,0.0,0.0,one,SR,1
0,1024,5865,0,0,27.6119,19.902,5.4553,0.0,0.0,2207,1714,0,0,2.88,22.55,0.0,0.0,27,0.0,0.0,0.0,one,SR,1
0,1026,5912,1259,0,28.0925,14.8831,5.6301,5.6301,0.0,1333,765,765,0,-3.55,9.75,9.75,0.0,182,0.0,0.0,0.0,many,SR,2
0,1038,6630,6629,1971,117.7324,69.5352,13.4316,13.4316,13.071,3220,2627,2627,3220,-40.56,26.72,26.72,29.2,330,0.0,0.0,330.0,many,SR,3
0,1043,4787,3561,875,75.4079,41.427,9.597,9.5951,9.5951,2505,1632,1632,1632,-20.44,17.31,17.31,17.31,363,0.0,0.0,0.0,many,SR,3
0,1053,2214,0,0,17.546,12.3728,3.7521,0.0,0.0,1176,959,0,0,-0.44,14.21,0.0,0.0,29,0.0,0.0,0.0,one,SR,1
0,1057,5132,5131,2032,76.6888,44.3114,7.9824,7.9824,11.4032,2211,1254,1254,2211,-21.87,13.91,13.91,22.28,53,0.0,0.0,53.0,many,SR,3
0,1059,2929,0,0,15.5754,10.0418,4.0108,0.0,0.0,1510,1055,0,0,2.15,15.23,0.0,0.0,250,0.0,0.0,0.0,one,SR,1
0,1060,6414,0,0,21.8343,14.8031,5.0729,0.0,0.0,1814,1462,0,0,1.42,19.58,0.0,0.0,193,0.0,0.0,0.0,one,SR,1
0,1064,1563,0,0,12.6149,8.1066,3.2729,0.0,0.0,1337,784,0,0,2.92,12.35,0.0,0.0,206,0.0,0.0,0.0,one,SR,1
0,1067,6007,4070,0,36.1034,20.3529,6.7223,6.6928,0.0,1579,992,1000,0,-4.44,11.68,11.68,0.0,46,0.0,8.0,0.0,many,SR,2
0,1069,1212,0,0,22.2332,15.6068,4.794,0.0,0.0,1673,1347,0,0,1.07,18.32,0.0,0.0,61,0.0,0.0,0.0,one,SR,1
0,1070,5365,5364,0,47.2404,26.7935,8.7037,8.7037,0.0,1570,1406,1406,0,-10.87,15.2,15.2,0.0,39,0.0,0.0,0.0,many,SR,2
0,1072,7280,7279,0,71.5988,41.8629,12.4384,12.4384,0.0,3213,2371,2371,0,-10.0,24.3,24.3,0.0,128,0.0,0.0,0.0,many,SR,2
0,1075,157,0,0,18.7058,13.1703,4.0127,0.0,0.0,1275,1055,0,0,-0.32,15.23,0.0,0.0,37,0.0,0.0,0.0,one,SR,1
0,1077,9711,2179,0,32.251,17.3966,6.3339,6.3194,0.0,1274,911,924,0,-6.43,10.99,11.02,0.0,165,0.0,9.0,0.0,many,SR,2
0,1078,9839,9838,1851,46.1451,26.2736,5.6467,5.6467,5.6473,1103,767,767,767,-14.79,9.77,9.77,9.76,7,-1.0,-1.0,0.0,many,SR,3
0,1079,8606,0,0,18.0027,12.4466,4.0259,0.0,0.0,1360,1062,0,0,0.51,15.3,0.0,0.0,91,0.0,0.0,0.0,one,SR,1
0,1081,5870,5869,0,54.5963,31.583,9.7395,9.7395,0.0,1781,1670,1670,0,-13.11,17.67,17.67,0.0,16,0.0,0.0,0.0,many,SR,2
0,1082,8484,8459,2098,99.1262,57.9728,9.5482,12.5914,12.2146,2769,1622,2441,2769,-32.12,17.2,24.82,25.98,220,2.0,15.0,220.0,many,SR,3
0,1085,4846,993,992,52.005,28.342,7.2884,6.3915,6.3915,1760,1378,923,923,-13.84,13.74,11.09,11.09,272,144.0,0.0,0.0,many,SR,3
0,1086,6135,6134,0,36.3606,20.5239,6.7472,6.7472,0.0,1206,996,996,0,-8.42,11.71,11.71,0.0,38,0.0,0.0,0.0,many,SR,2
0,1090,4848,2590,0,51.9764,29.6777,8.2889,10.5201,0.0,2248,1325,2043,0,-7.8,14.48,20.42,0.0,118,4.0,82.0,0.0,many,SR,2
0,1091,5761,1488,0,58.7571,33.6524,10.5767,10.5845,0.0,2884,1885,1888,0,-5.21,19.7,19.73,0.0,126,0.0,0.0,0.0,many,SR,2
0,1092,3926,0,0,19.5111,13.9023,4.0647,0.0,0.0,1077,1075,0,0,-2.59,15.44,0.0,0.0,0,0.0,0.0,0.0,one,SR,1
0,1094,9495,8874,0,43.8078,24.8676,8.0364,8.0852,0.0,1818,1269,1296,0,-6.28,14.02,14.17,0.0,34,2.0,11.0,0.0,many,SR,2
0,1101,5037,1770,610,77.9932,44.3407,7.7316,12.8866,7.7595,2682,1201,2550,1227,-19.31,13.46,25.69,13.59,214,-1.0,31.0,10.0,many,SR,3
0,1104,5599,0,0,19.0054,13.1732,4.2234,0.0,0.0,1403,1136,0,0,0.25,16.09,0.0,0.0,89,0.0,0.0,0.0,one,SR,1
0,1107,8387,8386,1473,68.3857,38.8869,7.9834,7.9834,9.052,1694,1255,1255,1694,-22.53,13.91,13.91,16.97,98,0.0,0.0,98.0,many,SR,3
0,1108,7424,2049,0,49.3403,28.0385,9.7297,8.3086,0.0,2119,1768,1324,0,-7.12,18.13,14.5,0.0,91,49.0,0.0,0.0,many,SR,2
0,1109,1946,1945,0,82.4849,49.312,13.8185,13.8185,0.0,3111,2729,2729,0,-17.16,27.68,27.68,0.0,35,0.0,0.0,0.0,many,SR,2
0,1110,6051,0,0,13.3214,8.5107,3.4926,0.0,0.0,1404,862,0,0,2.88,13.18,0.0,0.0,229,0.0,0.0,0.0,one,SR,1
0,1116,1391,0,0,14.8656,10.3366,3.2883,0.0,0.0,1221,789,0,0,1.65,12.41,0.0,0.0,57,0.0,0.0,0.0,one,SR,1
0,1123,1431,0,0,15.1014,9.9395,3.7451,0.0,0.0,1368,955,0,0,1.61,14.17,0.0,0.0,192,0.0,0.0,0.0,one,SR,1
0,1124,8082,8081,2190,72.2737,41.1946,8.1436,8.1436,9.9828,2028,1288,1288,2028,-21.99,14.19,14.19,19.7,143,0.0,0.0,143.0,many,SR,3
0,1129,9891,175,0,29.5886,16.4415,5.5922,5.6108,0.0,1562,775,759,0,-1.1,9.75,9.7,0.0,72,10.0,0.0,0.0,many,SR,2
0,1130,8764,6927,0,64.5127,36.6586,11.6855,11.6836,0.0,2510,2173,2173,0,-14.01,22.42,22.42,0.0,253,0.0,0.0,0.0,many,SR,2
0,1132,4483,0,0,17.838,12.1842,4.0982,0.0,0.0,1167,1086,0,0,-1.75,15.56,0.0,0.0,124,0.0,0.0,0.0,one,SR,1
0,1138,5177,5176,0,48.414,27.4665,8.9116,8.9116,0.0,2609,1453,1453,0,-0.72,15.62,15.62,0.0,45,0.0,0.0,0.0,many,SR,2
0,1140,5530,5529,0,37.6576,20.7484,7.2018,7.2018,0.0,1948,1092,1092,0,-2.1,12.53,12.53,0.0,123,0.0,0.0,0.0,many,SR,2
0,1145,7511,7510,0,33.7306,18.7598,6.3781,6.3781,0.0,1206,921,921,0,-7.27,11.07,11.07,0.0,80,0.0,0.0,0.0,many,SR,2
0,1151,7748,3857,3783,71.8143,39.6166,9.0244,9.2216,9.0433,2123,1575,1534,1570,-21.88,16.35,16.39,16.35,311,45.0,0.0,40.0,many,SR,3
0,1152,3983,0,0,16.3994,11.2376,3.7429,0.0,0.0,1118,957,0,0,-1.03,14.19,0.0,0.0,105,0.0,0.0,0.0,one,SR,1
0,1156,8373,2247,383,104.4356,60.7806,11.8371,15.2393,9.1235,3994,2218,3994,1510,-25.16,22.83,35.56,16.16,431,2.0,431.0,0.0,many,SR,3
0,1160,90,0,0,25.3244,17.9483,5.2685,0.0,0.0,2188,1589,0,0,4.01,21.08,0.0,0.0,70,0.0,0.0,0.0,one,SR,1
0,1162,8653,0,0,21.0998,14.8977,4.4916,0.0,0.0,1465,1232,0,0,-0.01,17.11,0.0,0.0,34,0.0,0.0,0.0,one,SR,1
0,1164,5142,0,0,17.7317,11.0038,4.8667,0.0,0.0,3659,1374,0,0,21.67,18.61,0.0,0.0,392,0.0,0.0,0.0,one,SR,1
0,1169,5604,5603,0,37.2859,20.8284,7.01,7.01,0.0,1679,1052,1052,0,-4.31,12.19,12.19,0.0,76,0.0,0.0,0.0,many,SR,2
0,1171,5994,0,0,13.3661,8.9685,3.1961,0.0,0.0,1628,752,0,0,6.28,12.01,0.0,0.0,126,0.0,0.0,0.0,one,SR,1
0,1172,7879,2053,0,33.1414,18.0654,6.4309,6.3471,0.0,1428,963,1085,0,-5.69,11.29,11.69,0.0,179,17.0,91.0,0.0,many,SR,2
0,1175,9792,9791,0,56.6629,30.9109,10.8405,10.8405,0.0,2607,1954,1954,0,-9.27,20.36,20.36,0.0,391,0.0,0.0,0.0,many,SR,2
0,1177,3402,0,0,21.0621,14.9239,4.4425,0.0,0.0,1671,1218,0,0,2.28,16.96,0.0,0.0,23,0.0,0.0,0.0,one,SR,1
0,1178,3965,0,0,22.2806,14.4807,5.5087,0.0,0.0,3855,1745,0,0,19.86,22.91,0.0,0.0,419,0.0,0.0,0.0,one,SR,1
0,1179,3451,0,0,14.0447,9.3353,3.4198,0.0,0.0,1456,835,0,0,3.68,12.9,0.0,0.0,155,0.0,0.0,0.0,one,SR,1
0,1189,9805,8808,0,33.7993,18.0355,5.8851,7.5433,0.0,1337,817,1170,0,-6.98,10.19,13.17,0.0,204,0.0,3.0,0.0,many,SR,2
0,1190,8652,5940,5939,87.6332,49.662,10.6538,10.6692,10.6692,3454,1907,1910,1910,-17.54,19.91,19.94,19.94,283,0.0,0.0,0.0,many,SR,3
0,1197,7114,0,0,18.8557,13.1362,4.1426,0.0,0.0,1791,1106,0,0,4.61,15.77,0.0,0.0,72,0.0,0.0,0.0,one,SR,1
0,1198,5486,2310,0,36.1453,20.6371,6.0673,7.1447,0.0,1085,855,1085,0,-9.27,10.51,12.45,0.0,2,0.0,2.0,0.0,many,SR,2
0,1203,5555,2826,0,36.6202,20.8373,6.6965,6.7459,0.0,1277,987,1010,0,-7.66,11.63,11.77,0.0,16,0.0,7.0,0.0,many,SR,2
0,1204,6458,4935,0,49.0068,27.49,9.0795,9.0363,0.0,2098,1519,1881,0,-8.58,16.14,17.87,0.0,213,11.0,190.0,0.0,many,SR,2
0,1207,6675,6674,0,64.4051,37.7611,11.1985,11.1985,0.0,2529,2047,2047,0,-11.67,21.23,21.23,0.0,32,0.0,0.0,0.0,many,SR,2
0,1208,961,0,0,17.5814,12.5096,3.6793,0.0,0.0,1596,932,0,0,4.23,13.92,0.0,0.0,2,0.0,0.0,0.0,one,SR,1
0,1214,6251,0,0,14.3508,9.9475,3.2007,0.0,0.0,1092,753,0,0,0.64,12.03,0.0,0.0,60,0.0,0.0,0.0,one,SR,1
0,1226,141,0,0,27.6651,19.507,5.7094,0.0,0.0,2339,1879,0,0,2.52,24.49,0.0,0.0,173,0.0,0.0,0.0,one,SR,1
0,1230,8859,0,0,25.5188,17.7502,5.4869,0.0,0.0,1882,1737,0,0,-0.77,22.82,0.0,0.0,190,0.0,0.0,0.0,one,SR,1
0,1235,2965,0,0,17.0984,11.9592,3.7267,0.0,0.0,1326,951,0,0,1.21,14.13,0.0,0.0,52,0.0,0.0,0.0,one,SR,1
0,1237,1699,1698,0,77.1289,44.8269,13.47,13.47,0.0,3803,2637,2637,0,-8.33,26.81,26.81,0.0,234,0.0,0.0,0.0,many,SR,2
0,1243,616,615,0,32.0218,17.9392,6.0012,6.0012,0.0,1485,842,842,0,-3.13,10.4,10.4,0.0,54,0.0,0.0,0.0,many,SR,2
0,1249,6510,0,0,19.2733,13.7021,4.0367,0.0,0.0,1140,1066,0,0,-1.84,15.34,0.0,0.0,8,0.0,0.0,0.0,one,SR,1
0,1253,7870,0,0,16.837,11.8779,3.5996,0.0,0.0,1211,901,0,0,0.48,13.6,0.0,0.0,25,0.0,0.0,0.0,one,SR,1
0,1264,5122,2439,2423,109.5017,64.8783,10.7693,10.7693,15.7137,3428,1936,1936,3428,-30.35,20.19,20.19,33.34,100,0.0,0.0,100.0,many,SR,3
0,1265,8910,0,0,17.0659,11.3726,4.1259,0.0,0.0,1402,1097,0,0,0.61,15.67,0.0,0.0,187,0.0,0.0,0.0,one,SR,1
0,1268,3590,0,0,11.8207,7.5433,3.1088,0.0,0.0,1367,721,0,0,3.84,11.69,0.0,0.0,203,0.0,0.0,0.0,one,SR,1
0,1270,9578,4972,0,32.5192,17.9173,6.168,6.2363,0.0,1187,978,910,0,-7.31,11.09,10.89,0.0,127,55.0,11.0,0.0,many,SR,2
0,1274,4817,0,0,13.7934,8.9376,3.5227,0.0,0.0,1353,876,0,0,2.21,13.33,0.0,0.0,209,0.0,0.0,0.0,one,SR,1
0,1277,921,0,0,21.1162,15.0249,4.4105,0.0,0.0,1329,1204,0,0,-1.17,16.81,0.0,0.0,7,0.0,0.0,0.0,one,SR,1
0,1279,6406,4318,0,32.7888,18.5646,5.6118,6.5032,0.0,1047,760,971,0,-7.99,9.7,11.39,0.0,29,0.0,13.0,0.0,many,SR,2
0,1282,682,681,0,32.4443,18.3091,6.0233,6.0233,0.0,1062,847,847,0,-7.65,10.44,10.44,0.0,34,0.0,0.0,0.0,many,SR,2
0,1283,9971,2460,0,45.1033,25.4805,7.9067,8.7195,0.0,1615,1239,1615,0,-10.01,13.78,16.19,0.0,102,0.0,102.0,0.0,many,SR,2
0,1286,4542,0,0,16.7971,11.8324,3.6031,0.0,0.0,1093,903,0,0,-0.78,13.62,0.0,0.0,29,0.0,0.0,0.0,one,SR,1
0,1288,5552,1941,0,50.932,28.4519,9.6969,9.2687,0.0,2152,1875,1551,0,-9.03,18.63,16.52,0.0,217,104.0,3.0,0.0,many,SR,2
0,1295,3933,0,0,17.861,12.5171,3.8742,0.0,0.0,1422,1005,0,0,1.7,14.7,0.0,0.0,49,0.0,0.0,0.0,one,SR,1
0,1302,9437,0,0,15.396,10.3995,3.6243,0.0,0.0,1329,913,0,0,1.6,13.72,0.0,0.0,133,0.0,0.0,0.0,one,SR,1
0,1304,5735,3170,0,38.4252,20.9156,7.2356,7.6639,0.0,1337,1114,1216,0,-9.45,12.65,13.45,0.0,176,8.0,15.0,0.0,many,SR,2
0,1310,9182,0,0,13.6861,9.4162,3.1034,0.0,0.0,1099,719,0,0,1.04,11.66,0.0,0.0,74,0.0,0.0,0.0,one,SR,1
0,1311,9003,0,0,14.5165,10.196,3.1381,0.0,0.0,1153,734,0,0,1.46,11.82,0.0,0.0,31,0.0,0.0,0.0,one,SR,1
0,1312,4847,0,0,17.563,11.684,4.2566,0.0,0.0,1362,1149,0,0,-0.3,16.23,0.0,0.0,199,0.0,0.0,0.0,one,SR,1
0,1321,2017,2016,1748,70.772,39.591,8.9636,8.9636,8.5591,2503,1466,1466,1504,-15.97,15.74,15.74,15.46,182,0.0,0.0,68.0,many,SR,3
0,1327,8557,0,0,15.7226,11.0096,3.4203,0.0,0.0,1309,838,0,0,2.11,12.93,0.0,0.0,43,0.0,0.0,0.0,one,SR,1
0,1332,7025,309,0,42.835,23.9424,8.0193,8.0506,0.0,1738,1316,1269,0,-7.16,14.19,14.03,0.0,100,28.0,0.0,0.0,many,SR,2
0,1338,5749,722,0,41.7825,22.8093,8.1503,7.9908,0.0,1995,1291,1301,0,-4.54,14.22,14.1,0.0,183,0.0,24.0,0.0,many,SR,2
0,1339,7303,6797,0,38.2849,21.8474,7.1385,6.8624,0.0,1181,1084,1022,0,-9.53,12.43,11.93,0.0,6,3.0,0.0,0.0,many,SR,2
0,1345,4287,0,0,15.3148,9.9445,3.8941,0.0,0.0,1584,1011,0,0,3.35,14.76,0.0,0.0,228,0.0,0.0,0.0,one,SR,1
0,1346,7626,0,0,22.8126,16.0397,4.898,0.0,0.0,2482,1387,0,0,9.19,18.75,0.0,0.0,57,0.0,0.0,0.0,one,SR,1
0,1347,2622,389,0,49.083,27.6625,9.0918,8.9636,0.0,1874,1874,1466,0,-10.61,17.91,15.74,0.0,179,179.0,0.0,0.0,many,SR,2
0,1354,7850,0,0,16.6001,11.6674,3.5785,0.0,0.0,1197,896,0,0,0.38,13.54,0.0,0.0,36,0.0,0.0,0.0,one,SR,1
0,1361,4100,3447,0,41.9192,22.2732,8.3536,8.3727,0.0,2203,1339,1335,0,-3.15,14.6,14.59,0.0,273,3.0,0.0,0.0,many,SR,2
0,1368,1787,1657,0,65.2825,37.5538,11.6686,11.5393,0.0,3424,2320,2136,0,-4.74,23.13,22.08,0.0,214,72.0,0.0,0.0,many,SR,2
0,1374,3636,1660,1345,78.0178,44.4838,9.2817,9.8445,9.2812,2197,1549,1753,1549,-23.07,16.54,18.2,16.53,113,-1.0,27.0,0.0,many,SR,3
0,1386,6157,4614,0,32.4806,17.7406,6.3425,6.171,0.0,1471,1026,908,0,-4.59,11.45,10.82,0.0,157,61.0,17.0,0.0,many,SR,2
0,1390,636,635,0,31.295,16.7607,6.193,6.193,0.0,1248,882,882,0,-6.23,10.74,10.74,0.0,176,0.0,0.0,0.0,many,SR,2
0,1392,9566,8585,0,32.2708,18.1578,6.2782,5.7035,0.0,1399,1025,793,0,-4.49,11.39,9.92,0.0,70,67.0,7.0,0.0,many,SR,2
0,1393,8309,0,0,21.5219,14.5192,5.0526,0.0,0.0,1845,1455,0,0,1.82,19.5,0.0,0.0,207,0.0,0.0,0.0,one,SR,1
0,1394,9690,0,0,31.8196,22.1422,6.5725,0.0,0.0,2906,2437,0,0,2.57,31.05,0.0,0.0,396,0.0,0.0,0.0,one,SR,1
0,1399,2376,0,0,15.9572,11.2273,3.4319,0.0,0.0,1209,843,0,0,1.01,12.98,0.0,0.0,31,0.0,0.0,0.0,one,SR,1
0,1402,6819,4655,2746,50.2945,27.9051,6.4033,6.2706,6.4071,1945,924,897,924,-9.35,11.11,10.87,11.11,128,-1.0,0.0,-1.0,many,SR,3
0,1406,4128,3585,2044,51.1296,28.2075,7.4873,5.9759,5.9941,1650,1371,837,842,-13.86,13.91,10.35,10.39,203,117.0,1.0,1.0,many,SR,3
0,1407,5885,0,0,17.4405,11.4262,4.3536,0.0,0.0,1546,1185,0,0,1.29,16.61,0.0,0.0,240,0.0,0.0,0.0,one,SR,1
0,1410,2782,2034,0,44.2109,23.9557,8.9354,8.1187,0.0,2038,1900,1284,0,-7.41,17.85,14.16,0.0,331,211.0,0.0,0.0,many,SR,2
0,1416,4819,4818,2793,57.4281,32.138,6.8269,6.8269,7.7759,1544,1015,1015,1544,-18.53,11.87,11.87,14.86,178,0.0,0.0,178.0,many,SR,3
0,1418,2455,795,0,44.4437,24.8597,8.2428,8.3884,0.0,1506,1441,1342,0,-10.76,14.89,14.64,0.0,117,71.0,2.0,0.0,many,SR,2
0,1421,7565,1769,859,53.9209,30.4967,6.6687,6.6752,6.5737,1186,982,1101,961,-19.11,11.59,12.06,11.41,73,0.0,64.0,0.0,many,SR,3
0,1423,5057,2720,0,31.8831,18.0544,5.9187,5.8697,0.0,1437,824,813,0,-3.27,10.25,10.15,0.0,21,0.0,0.0,0.0,many,SR,2
0,1429,4964,1875,0,30.1004,16.5187,5.8008,5.7687,0.0,1237,801,813,0,-5.12,10.05,10.07,0.0,109,0.0,10.0,0.0,many,SR,2
0,1433,9553,5068,0,48.1664,27.0099,9.3721,8.5981,0.0,1774,1596,1382,0,-10.05,16.87,14.99,0.0,114,11.0,0.0,0.0,many,SR,2
0,1439,6324,6322,3810,82.509,46.5592,10.1226,10.1226,10.1226,3052,1769,1769,1769,-18.19,18.61,18.61,18.61,251,0.0,0.0,0.0,many,SR,3
0,1440,7416,7415,0,40.7177,23.2025,7.4598,7.4598,0.0,1485,1145,1145,0,-7.77,12.98,12.98,0.0,11,0.0,0.0,0.0,many,SR,2
0,1442,3037,0,0,16.8096,11.5201,3.8334,0.0,0.0,1347,992,0,0,1.04,14.56,0.0,0.0,108,0.0,0.0,0.0,one,SR,1
0,1444,2579,0,0,17.0074,11.564,3.9439,0.0,0.0,1334,1033,0,0,0.51,14.99,0.0,0.0,132,0.0,0.0,0.0,one,SR,1
0,1447,9022,0,0,17.392,12.2546,3.7259,0.0,0.0,1527,950,0,0,3.33,14.11,0.0,0.0,31,0.0,0.0,0.0,one,SR,1
0,1453,3454,3453,0,40.2441,22.7102,7.4666,7.4666,0.0,1404,1148,1148,0,-8.66,13.0,13.0,0.0,48,0.0,0.0,0.0,many,SR,2
0,1464,6685,4113,0,36.3856,20.4805,6.9584,6.5603,0.0,1236,1134,959,0,-8.5,12.47,11.4,0.0,68,49.0,0.0,0.0,many,SR,2
0,1466,3234,2886,1720,69.5334,39.4391,8.0472,9.3599,8.0819,1782,1293,1713,1379,-22.74,14.13,17.44,14.49,137,13.0,68.0,56.0,many,SR,3
0,1468,6504,0,0,22.2788,15.5227,4.8886,0.0,0.0,2073,1380,0,0,4.96,18.67,0.0,0.0,88,0.0,0.0,0.0,one,SR,1
0,1470,7773,528,0,32.7516,18.5474,5.781,6.309,0.0,1252,795,954,0,-5.88,10.01,11.13,0.0,33,-1.0,26.0,0.0,many,SR,2
0,1480,9302,0,0,45.14,32.8398,8.0605,0.0,0.0,3818,3402,0,0,1.93,42.4,0.0,0.0,363,0.0,0.0,0.0,one,SR,1
0,1482,4978,2047,0,36.2377,20.4331,6.5334,6.9323,0.0,1412,953,1035,0,-6.22,11.35,12.04,0.0,42,0.0,0.0,0.0,many,SR,2
0,1483,7468,0,0,12.7871,8.5266,3.095,0.0,0.0,1154,718,0,0,1.63,11.65,0.0,0.0,134,0.0,0.0,0.0,one,SR,1
0,1488,4291,1579,0,33.7675,18.3329,7.3454,5.7547,0.0,1480,1274,791,0,-5.47,13.38,9.97,0.0,183,82.0,0.0,0.0,many,SR,2
0,1490,6370,6183,0,58.8398,33.9121,10.4826,10.4978,0.0,2047,1960,1865,0,-14.03,19.96,19.51,0.0,110,48.0,0.0,0.0,many,SR,2
0,1493,8498,0,0,15.1729,9.9603,3.781,0.0,0.0,1334,969,0,0,1.12,14.32,0.0,0.0,200,0.0,0.0,0.0,one,SR,1
0,1501,6034,0,0,15.3774,10.7132,3.3864,0.0,0.0,1487,824,0,0,4.11,12.78,0.0,0.0,54,0.0,0.0,0.0,one,SR,1
0,1502,4776,1614,0,34.594,19.1639,7.0176,6.0329,0.0,1341,1341,849,0,-7.34,13.34,10.46,0.0,154,154.0,0.0,0.0,many,SR,2
0,1513,1924,0,0,14.3944,10.1057,3.118,0.0,0.0,1167,723,0,0,1.72,11.71,0.0,0.0,30,0.0,0.0,0.0,one,SR,1
0,1515,2535,2534,0,38.8398,21.2608,7.4857,7.4857,0.0,1622,1152,1152,0,-6.44,13.04,13.04,0.0,151,0.0,0.0,0.0,many,SR,2
0,1529,3386,0,0,22.5356,15.5046,5.0703,0.0,0.0,1708,1464,0,0,0.29,19.61,0.0,0.0,146,0.0,0.0,0.0,one,SR,1
0,1532,2903,2902,0,56.056,30.816,10.6345,10.6345,0.0,2748,1901,1901,0,-6.88,19.85,19.85,0.0,336,0.0,0.0,0.0,many,SR,2
0,1533,5991,2702,0,32.8436,18.4787,6.1211,6.1211,0.0,1404,867,867,0,-4.36,10.61,10.61,0.0,43,0.0,0.0,0.0,many,SR,2
0,1539,6276,1715,0,30.7806,16.6769,6.2246,5.7428,0.0,2019,887,951,0,1.97,10.78,10.58,0.0,174,0.0,88.0,0.0,many,SR,2
0,1540,746,0,0,17.1745,11.3348,4.2299,0.0,0.0,1430,1137,0,0,0.53,16.1,0.0,0.0,215,0.0,0.0,0.0,one,SR,1
0,1542,804,0,0,18.5606,13.1997,3.888,0.0,0.0,1010,1008,0,0,-2.65,14.73,0.0,0.0,4,0.0,0.0,0.0,one,SR,1
0,1544,347,0,0,16.0979,11.4092,3.4056,0.0,0.0,1054,829,0,0,-0.48,12.83,0.0,0.0,10,0.0,0.0,0.0,one,SR,1
0,1546,9686,3031,98,102.0333,60.3647,9.7257,15.382,9.8363,3157,1680,3157,1701,-27.37,17.7,31.62,17.93,11,7.0,11.0,4.0,many,SR,3
0,1547,8995,0,0,17.6272,12.2268,3.9157,0.0,0.0,1125,1019,0,0,-1.55,14.85,0.0,0.0,78,0.0,0.0,0.0,one,SR,1
0,1552,3694,1240,573,51.5689,28.8906,5.8128,7.6213,5.7998,1451,803,1449,800,-15.76,10.06,14.34,10.04,144,1.0,144.0,0.0,many,SR,3
0,1559,7431,0,0,15.1728,10.5686,3.3444,0.0,0.0,1471,807,0,0,4.11,12.6,0.0,0.0,53,0.0,0.0,0.0,one,SR,1
0,1560,3055,0,0,20.1362,14.3509,4.1914,0.0,0.0,1122,1122,0,0,-2.56,15.94,0.0,0.0,0,0.0,0.0,0.0,one,SR,1
0,1565,101,0,0,18.3776,12.2713,4.4202,0.0,0.0,1505,1209,0,0,0.63,16.86,0.0,0.0,198,0.0,0.0,0.0,one,SR,1
0,1567,9650,0,0,12.4989,8.1031,3.1942,0.0,0.0,1336,752,0,0,3.21,12.01,0.0,0.0,185,0.0,0.0,0.0,one,SR,1
0,1581,23,0,0,17.1256,11.4699,4.0979,0.0,0.0,1340,1088,0,0,0.05,15.58,0.0,0.0,174,0.0,0.0,0.0,one,SR,1
0,1585,8761,0,0,14.7284,10.4342,3.1193,0.0,0.0,1039,727,0,0,0.33,11.75,0.0,0.0,10,0.0,0.0,0.0,one,SR,1
0,1592,4370,1574,0,31.1361,17.3983,5.4431,6.2562,0.0,1449,726,924,0,-3.13,9.41,10.97,0.0,65,0.0,15.0,0.0,many,SR,2
0,1603,6661,3190,0,36.3159,20.1672,7.4553,6.2083,0.0,1426,1426,884,0,-7.39,14.09,10.76,0.0,150,150.0,0.0,0.0,many,SR,2
0,1606,6729,3981,0,43.1502,22.8546,8.579,8.6982,0.0,1876,1380,1409,0,-7.47,14.98,15.21,0.0,294,0.0,2.0,0.0,many,SR,2
0,1607,7856,2338,1704,70.437,40.185,8.5819,8.5849,8.5819,2034,1381,1401,1381,-19.17,14.99,15.06,14.99,24,0.0,11.0,0.0,many,SR,3
0,1612,8687,4708,1089,63.602,34.2873,8.485,8.5601,7.9144,2579,1360,1379,1241,-12.12,14.81,14.95,13.79,335,0.0,2.0,0.0,many,SR,3
0,1616,8359,5876,3188,51.4713,28.5644,6.3282,6.3282,6.7305,1391,909,909,1391,-17.08,10.97,10.97,13.26,213,0.0,0.0,213.0,many,SR,3
0,1617,4040,0,0,13.8513,9.035,3.495,0.0,0.0,1518,865,0,0,4.05,13.21,0.0,0.0,195,0.0,0.0,0.0,one,SR,1
0,1620,5480,5479,0,54.8904,31.6949,9.8126,9.8126,0.0,2066,1689,1689,0,-10.44,17.85,17.85,0.0,30,0.0,0.0,0.0,many,SR,2
0,1623,5304,0,0,13.4095,8.8823,3.2897,0.0,0.0,1245,786,0,0,1.93,12.38,0.0,0.0,154,0.0,0.0,0.0,one,SR,1
0,1625,6811,0,0,11.6211,6.5607,3.6701,0.0,0.0,2442,930,0,0,13.13,13.9,0.0,0.0,406,0.0,0.0,0.0,one,SR,1
0,1626,9886,6681,0,33.6105,18.9228,6.4902,6.0059,0.0,1163,948,902,0,-7.51,11.28,10.64,0.0,55,3.0,32.0,0.0,many,SR,2
0,1634,2218,0,0,23.5927,16.7841,4.9241,0.0,0.0,1715,1396,0,0,1.05,18.84,0.0,0.0,12,0.0,0.0,0.0,one,SR,1
0,1642,2250,767,294,48.1439,26.0191,5.9618,6.8835,6.0094,2100,833,1026,844,-7.38,10.32,11.97,10.41,233,0.0,0.0,1.0,many,SR,3
0,1648,6820,0,0,14.0522,9.7747,3.1099,0.0,0.0,1262,720,0,0,2.74,11.68,0.0,0.0,50,0.0,0.0,0.0,one,SR,1
0,1649,416,415,0,49.5525,27.2874,9.441,9.441,0.0,2099,1590,1590,0,-8.41,16.92,16.92,0.0,216,0.0,0.0,0.0,many,SR,2
0,1653,6291,0,0,16.9868,11.9639,3.6454,0.0,0.0,1447,918,0,0,2.8,13.78,0.0,0.0,30,0.0,0.0,0.0,one,SR,1
0,1656,5516,0,0,18.9353,13.0956,4.2288,0.0,0.0,1453,1138,0,0,0.76,16.11,0.0,0.0,96,0.0,0.0,0.0,one,SR,1
0,1662,4837,2517,0,32.3287,17.8471,5.6357,6.6288,0.0,1351,789,1177,0,-5.77,9.85,12.32,0.0,144,12.0,109.0,0.0,many,SR,2
0,1668,4147,2262,0,47.7626,26.0846,6.1092,11.9478,0.0,2884,878,2747,0,-2.31,10.65,25.56,0.0,444,7.0,242.0,0.0,many,SR,2
0,1671,4228,0,0,18.0007,12.5158,3.9769,0.0,0.0,1253,1041,0,0,-0.42,15.08,0.0,0.0,72,0.0,0.0,0.0,one,SR,1
0,1676,1011,0,0,16.093,10.98,3.7079,0.0,0.0,2056,944,0,0,8.94,14.05,0.0,0.0,114,0.0,0.0,0.0,one,SR,1
0,1681,7222,2155,0,35.809,19.619,6.7563,6.9477,0.0,1295,1263,1039,0,-8.78,12.78,12.08,0.0,188,141.0,0.0,0.0,many,SR,2
0,1682,8594,5087,4873,78.0175,44.7964,8.0659,11.868,8.1421,2527,1273,2264,1312,-19.77,14.07,23.1,14.29,103,0.0,20.0,13.0,many,SR,3
0,1683,8166,0,0,43.2115,30.4596,8.3158,0.0,0.0,5388,3569,0,0,16.65,44.36,0.0,0.0,646,0.0,0.0,0.0,one,SR,1
0,1687,9540,6030,0,47.5619,27.306,9.2254,7.9987,0.0,1538,1534,1257,0,-11.14,16.39,13.93,0.0,-1,0.0,0.0,0.0,many,SR,2
0,1688,1120,0,0,20.1626,13.399,4.894,0.0,0.0,1536,1382,0,0,-0.7,18.7,0.0,0.0,234,0.0,0.0,0.0,one,SR,1
0,1689,2603,0,0,15.2269,10.8311,3.1942,0.0,0.0,1690,752,0,0,6.93,12.01,0.0,0.0,-1,0.0,0.0,0.0,one,SR,1
0,1693,9116,0,0,15.5949,10.8462,3.4465,0.0,0.0,1075,847,0,0,-0.43,13.02,0.0,0.0,60,0.0,0.0,0.0,one,SR,1
0,1698,1763,0,0,13.6531,9.2969,3.1654,0.0,0.0,1229,742,0,0,2.19,11.91,0.0,0.0,97,0.0,0.0,0.0,one,SR,1
0,1699,3898,0,0,23.2605,16.5383,4.8621,0.0,0.0,1660,1373,0,0,0.69,18.6,0.0,0.0,14,0.0,0.0,0.0,one,SR,1
0,1704,1853,0,0,19.3979,13.1658,4.511,0.0,0.0,1415,1242,0,0,-0.63,17.21,0.0,0.0,159,0.0,0.0,0.0,one,SR,1
0,1707,1178,1177,0,71.4523,42.3397,12.1881,12.1881,0.0,3002,2306,2306,0,-11.11,23.68,23.68,0.0,20,0.0,0.0,0.0,many,SR,2
0,1708,4575,0,0,16.2416,11.506,3.4376,0.0,0.0,1097,843,0,0,-0.16,12.98,0.0,0.0,12,0.0,0.0,0.0,one,SR,1
0,1725,4565,0,0,39.5576,28.1221,7.5685,0.0,0.0,3927,3085,0,0,6.43,38.67,0.0,0.0,456,0.0,0.0,0.0,one,SR,1
0,1728,2528,423,0,30.8559,17.2405,5.7902,5.8122,0.0,1129,798,813,0,-6.26,10.03,10.1,0.0,60,0.0,6.0,0.0,many,SR,2
0,1730,1976,778,0,48.2194,27.3927,6.1192,11.4556,0.0,2189,867,2121,0,-6.28,10.61,21.91,0.0,128,0.0,3.0,0.0,many,SR,2
0,1732,6983,539,0,35.8963,19.1038,7.152,7.152,0.0,1519,1082,1082,0,-6.45,12.44,12.44,0.0,225,0.0,0.0,0.0,many,SR,2
0,1733,8495,6867,0,32.899,17.9174,6.4129,6.2503,0.0,1249,973,1156,0,-7.75,11.3,11.88,0.0,201,25.0,140.0,0.0,many,SR,2
0,1741,6081,0,0,19.2376,13.5124,4.1472,0.0,0.0,1681,1107,0,0,3.45,15.78,0.0,0.0,47,0.0,0.0,0.0,one,SR,1
0,1742,3438,866,865,75.1164,42.2063,9.24,9.1966,9.1966,2289,2289,1528,1528,-23.46,20.11,16.33,16.33,361,361.0,0.0,0.0,many,SR,3
0,1745,9176,0,0,17.8931,12.6318,3.8138,0.0,0.0,1232,984,0,0,-0.09,14.48,0.0,0.0,27,0.0,0.0,0.0,one,SR,1
0,1746,2573,1132,1131,55.0209,30.0305,6.2039,7.5427,7.5427,1849,882,1162,1162,-13.9,10.75,13.13,13.13,224,-1.0,-1.0,-1.0,many,SR,3
0,1749,8447,0,0,14.753,9.809,3.5855,0.0,0.0,1180,900,0,0,0.16,13.58,0.0,0.0,165,0.0,0.0,0.0,one,SR,1
0,1753,6500,0,0,15.7263,11.0921,3.3659,0.0,0.0,1081,815,0,0,-0.06,12.68,0.0,0.0,22,0.0,0.0,0.0,one,SR,1
0,1754,8114,0,0,14.5057,9.7682,3.4395,0.0,0.0,1246,843,0,0,1.4,12.98,0.0,0.0,131,0.0,0.0,0.0,one,SR,1
0,1756,9300,0,0,15.1271,10.2225,3.5589,0.0,0.0,1212,888,0,0,0.61,13.46,0.0,0.0,129,0.0,0.0,0.0,one,SR,1
0,1757,34,0,0,15.2289,10.4239,3.4858,0.0,0.0,1294,863,0,0,1.71,13.19,0.0,0.0,99,0.0,0.0,0.0,one,SR,1
0,1770,6160,0,0,26.4135,19.0156,5.2808,0.0,0.0,1702,1597,0,0,-1.18,21.17,0.0,0.0,3,0.0,0.0,0.0,one,SR,1
0,1777,6996,3548,3461,72.5744,41.8869,7.0349,11.7977,7.0349,2416,1056,2416,1056,-18.01,12.22,23.76,12.22,102,0.0,102.0,0.0,many,SR,3
0,1780,6176,5727,53,45.018,25.0096,5.7455,5.6153,5.6233,1389,998,769,762,-12.63,10.78,9.75,9.72,151,112.0,4.0,0.0,many,SR,3
0,1781,2815,2814,0,36.5573,19.9568,7.0705,7.0705,0.0,1698,1065,1065,0,-4.31,12.3,12.3,0.0,149,0.0,0.0,0.0,many,SR,2
0,1782,8334,0,0,18.0511,12.8123,3.7998,0.0,0.0,1102,976,0,0,-1.38,14.39,0.0,0.0,10,0.0,0.0,0.0,one,SR,1
0,1789,5883,5882,0,39.9077,20.2585,8.366,8.366,0.0,2664,1334,1334,0,1.72,14.59,14.59,0.0,409,0.0,0.0,0.0,many,SR,2
0,1795,5215,0,0,15.9817,10.8874,3.6955,0.0,0.0,1486,938,0,0,3.01,13.99,0.0,0.0,116,0.0,0.0,0.0,one,SR,1
0,1796,8338,3836,0,39.7579,22.0055,6.7357,8.2492,0.0,1690,994,1686,0,-7.16,11.69,15.98,0.0,198,0.0,195.0,0.0,many,SR,2
0,1805,4652,4651,0,56.9215,32.4487,10.3266,10.3266,0.0,2663,1821,1821,0,-6.42,19.1,19.1,0.0,132,0.0,0.0,0.0,many,SR,2
0,1806,7530,0,0,15.833,11.1575,3.3934,0.0,0.0,1473,828,0,0,3.93,12.82,0.0,0.0,26,0.0,0.0,0.0,one,SR,1
0,1807,9970,7495,0,29.1374,15.5596,5.7271,5.8343,0.0,1665,823,806,0,-0.67,10.07,10.1,0.0,177,20.0,0.0,0.0,many,SR,2
0,1808,7738,0,0,21.8037,15.4795,4.5765,0.0,0.0,1535,1267,0,0,0.39,17.48,0.0,0.0,17,0.0,0.0,0.0,one,SR,1
0,1811,8866,0,0,16.0361,10.6677,3.8922,0.0,0.0,1333,1011,0,0,0.71,14.76,0.0,0.0,179,0.0,0.0,0.0,one,SR,1
0,1814,7776,7775,3594,72.7971,41.5744,8.1091,8.1091,10.1668,2060,1282,1282,2060,-21.91,14.14,14.14,20.09,134,0.0,0.0,134.0,many,SR,3
0,1817,7862,0,0,17.2934,11.6753,4.0709,0.0,0.0,1155,1078,0,0,-1.8,15.47,0.0,0.0,154,0.0,0.0,0.0,one,SR,1
0,1819,4468,3400,0,29.2026,16.4885,5.4191,5.4206,0.0,1101,721,722,0,-5.31,9.37,9.37,0.0,26,0.0,1.0,0.0,many,SR,2
0,1820,7677,562,561,88.6959,51.7434,12.5821,9.285,9.285,2472,2472,1549,1549,-26.25,24.95,16.53,16.53,32,32.0,0.0,0.0,many,SR,3
0,1824,5892,5891,0,29.245,15.151,6.0069,6.0069,0.0,1595,842,842,0,-1.97,10.4,10.4,0.0,244,0.0,0.0,0.0,many,SR,2
0,1825,6515,0,0,16.4024,10.88,4.0027,0.0,0.0,1350,1052,0,0,0.5,15.2,0.0,0.0,191,0.0,0.0,0.0,one,SR,1
0,1831,7804,0,0,16.7513,11.0843,4.107,0.0,0.0,2547,1090,0,0,12.7,15.6,0.0,0.0,202,0.0,0.0,0.0,one,SR,1
0,1833,4032,0,0,12.6243,8.3675,3.0945,0.0,0.0,1359,715,0,0,3.81,11.62,0.0,0.0,143,0.0,0.0,0.0,one,SR,1
0,1835,9073,5585,4593,70.7687,40.395,6.8059,12.0013,6.7166,3295,1042,2597,990,-9.05,11.96,24.88,11.66,222,17.0,164.0,0.0,many,SR,3
0,1836,9260,1703,0,83.3271,49.1678,15.692,12.4882,0.0,3641,3453,2777,0,-15.58,33.44,26.35,0.0,317,114.0,189.0,0.0,many,SR,2
0,1841,2784,0,0,19.5614,13.042,4.7177,0.0,0.0,1813,1318,0,0,2.82,18.02,0.0,0.0,217,0.0,0.0,0.0,one,SR,1
0,1846,8758,1068,0,47.1349,26.7306,8.9638,8.3536,0.0,1910,1578,1333,0,-7.73,16.29,14.58,0.0,72,54.0,0.0,0.0,many,SR,2
0,1847,7328,0,0,13.2282,8.5828,3.3729,0.0,0.0,1465,819,0,0,3.93,12.73,0.0,0.0,196,0.0,0.0,0.0,one,SR,1
0,1851,7055,0,0,15.5871,11.0018,3.3287,0.0,0.0,1206,804,0,0,1.35,12.57,0.0,0.0,21,0.0,0.0,0.0,one,SR,1
0,1861,3165,3164,491,64.0113,36.5928,6.4146,6.4146,10.3851,1976,929,929,1943,-17.09,11.14,11.14,19.76,85,0.0,0.0,52.0,many,SR,3
0,1863,5831,0,0,16.7028,11.1016,4.0582,0.0,0.0,1404,1074,0,0,0.86,15.43,0.0,0.0,190,0.0,0.0,0.0,one,SR,1
0,1871,4551,4550,0,30.2639,15.2402,6.402,6.402,0.0,1965,924,924,0,0.65,11.1,11.1,0.0,323,0.0,0.0,0.0,many,SR,2
0,1874,547,0,0,35.7749,25.6567,6.8216,0.0,0.0,3479,2600,0,0,6.86,32.97,0.0,0.0,274,0.0,0.0,0.0,one,SR,1
0,1877,4705,0,0,21.0693,14.9722,4.4162,0.0,0.0,1829,1204,0,0,4.08,16.81,0.0,0.0,11,0.0,0.0,0.0,one,SR,1
0,1888,8616,0,0,21.4415,15.0948,4.5937,0.0,0.0,1771,1272,0,0,2.82,17.53,0.0,0.0,47,0.0,0.0,0.0,one,SR,1
0,1889,6270,3332,0,42.6099,22.8446,8.416,8.4118,0.0,2019,1346,1347,0,-5.24,14.69,14.69,0.0,245,0.0,1.0,0.0,many,SR,2
0,1892,9207,8335,0,34.4661,19.2531,6.7648,6.1664,0.0,1288,1017,952,0,-7.01,11.82,11.0,0.0,88,8.0,40.0,0.0,many,SR,2
0,1895,7452,0,0,21.9921,15.0147,5.0391,0.0,0.0,1804,1445,0,0,1.5,19.38,0.0,0.0,166,0.0,0.0,0.0,one,SR,1
0,1896,7130,4797,3175,85.337,48.658,7.6267,9.7833,13.3884,3231,1181,1681,2849,-19.0,13.28,17.77,27.75,291,0.0,1.0,112.0,many,SR,3
0,1898,7832,0,0,14.265,9.4187,3.5154,0.0,0.0,1259,874,0,0,1.24,13.31,0.0,0.0,175,0.0,0.0,0.0,one,SR,1
0,1899,5418,0,0,14.6591,10.3798,3.1085,0.0,0.0,1077,723,0,0,0.77,11.71,0.0,0.0,11,0.0,0.0,0.0,one,SR,1
0,1901,1258,0,0,15.5999,11.0428,3.309,0.0,0.0,1442,796,0,0,3.91,12.48,0.0,0.0,13,0.0,0.0,0.0,one,SR,1
0,1902,6459,1164,211,52.9126,29.1002,6.5787,6.1448,7.4157,2449,1038,1236,1137,-7.34,11.73,12.09,12.91,270,40.0,195.0,0.0,many,SR,3
0,1904,6353,3863,3100,74.0859,42.1651,9.0214,9.0579,9.0579,2866,1482,1490,1490,-12.96,15.89,15.97,15.97,61,0.0,0.0,0.0,many,SR,3
0,1909,7479,5113,0,38.4761,21.684,7.8882,6.3797,0.0,1993,1292,971,0,-1.79,13.97,11.27,0.0,71,30.0,27.0,0.0,many,SR,2
0,1911,3689,0,0,17.7266,12.3338,3.9103,0.0,0.0,1389,1017,0,0,1.24,14.83,0.0,0.0,69,0.0,0.0,0.0,one,SR,1
0,1913,4007,1801,0,31.3283,17.271,5.9932,5.9855,0.0,1127,843,841,0,-6.87,10.4,10.38,0.0,98,1.0,1.0,0.0,many,SR,2
0,1924,5663,5662,0,37.6777,20.9265,7.1356,7.1356,0.0,1429,1077,1077,0,-7.32,12.4,12.4,0.0,95,0.0,0.0,0.0,many,SR,2
0,1925,6858,4462,0,35.4841,19.6537,6.7077,6.778,0.0,1638,992,1004,0,-3.9,11.67,11.78,0.0,99,1.0,0.0,0.0,many,SR,2
0,1927,9714,338,0,58.3641,33.386,10.8355,10.201,0.0,3102,2011,1789,0,-2.9,20.63,18.79,0.0,143,28.0,1.0,0.0,many,SR,2
0,1933,3330,2829,0,34.5369,19.5612,6.0358,6.7084,0.0,1214,850,1037,0,-7.34,10.47,11.85,0.0,36,0.0,25.0,0.0,many,SR,2
0,1943,6734,4494,0,41.6256,22.9477,7.8588,8.0321,0.0,2066,1229,1310,0,-3.39,13.69,14.18,0.0,146,0.0,24.0,0.0,many,SR,2
0,1945,9726,9287,8915,87.7889,51.0551,10.674,10.184,10.1263,2257,1954,1783,1768,-28.05,20.16,18.74,18.6,47,21.0,0.0,0.0,many,SR,3
0,1954,3951,0,0,15.4106,10.6657,3.4427,0.0,0.0,1561,847,0,0,4.67,13.02,0.0,0.0,72,0.0,0.0,0.0,one,SR,1
0,1955,7788,7787,3820,75.5631,42.8991,8.952,8.952,9.6635,2070,1463,1463,2070,-24.13,15.72,15.72,19.53,203,0.0,0.0,203.0,many,SR,3
0,1959,2224,0,0,16.8167,11.7207,3.6952,0.0,0.0,1269,940,0,0,0.72,14.01,0.0,0.0,61,0.0,0.0,0.0,one,SR,1
0,1960,7508,0,0,19.2178,13.0832,4.4431,0.0,0.0,1593,1214,0,0,1.5,16.91,0.0,0.0,146,0.0,0.0,0.0,one,SR,1
0,1961,720,0,0,17.9342,12.455,3.9701,0.0,0.0,1283,1042,0,0,-0.11,15.09,0.0,0.0,77,0.0,0.0,0.0,one,SR,1
0,1965,6885,3647,0,47.629,27.1012,8.6633,8.8129,0.0,2769,1396,1432,0,1.61,15.11,15.4,0.0,25,0.0,2.0,0.0,many,SR,2
0,1973,4101,0,0,17.0448,11.9318,3.7079,0.0,0.0,1216,944,0,0,0.12,14.05,0.0,0.0,49,0.0,0.0,0.0,one,SR,1
0,1975,8216,8215,0,50.7123,28.2228,9.5314,9.5314,0.0,3013,1613,1613,0,0.8,17.13,17.13,0.0,179,0.0,0.0,0.0,many,SR,2
0,1980,1453,1080,0,28.8409,15.8307,5.8704,5.1548,0.0,1150,870,809,0,-5.79,10.38,9.47,0.0,139,30.0,77.0,0.0,many,SR,2
0,1982,1303,1302,0,49.7845,26.8979,9.6894,9.6894,0.0,2133,1656,1656,0,-9.17,17.54,17.54,0.0,319,0.0,0.0,0.0,many,SR,2
0,1983,136,0,0,14.4637,9.6173,3.5187,0.0,0.0,1497,871,0,0,3.77,13.28,0.0,0.0,159,0.0,0.0,0.0,one,SR,1
0,1984,6132,0,0,35.8792,25.4585,6.9948,0.0,0.0,3035,2710,0,0,1.03,34.26,0.0,0.0,367,0.0,0.0,0.0,one,SR,1
0,1986,9222,0,0,23.9661,16.697,5.2061,0.0,0.0,2104,1551,0,0,3.53,20.63,0.0,0.0,128,0.0,0.0,0.0,one,SR,1
0,1987,9813,0,0,26.6493,18.8191,5.5227,0.0,0.0,1842,1759,0,0,-1.43,23.08,0.0,0.0,133,0.0,0.0,0.0,one,SR,1
0,1989,4512,1911,0,34.4717,19.3455,7.2244,5.655,0.0,2199,1127,769,0,2.87,12.69,9.78,0.0,60,16.0,0.0,0.0,many,SR,2
0,1990,6268,0,0,16.9585,11.4286,4.0081,0.0,0.0,1319,1054,0,0,0.15,15.22,0.0,0.0,155,0.0,0.0,0.0,one,SR,1
0,1991,6706,0,0,32.6285,23.9235,6.0212,0.0,0.0,2419,2079,0,0,1.24,26.84,0.0,0.0,16,0.0,0.0,0.0,one,SR,1
0,1992,7002,6659,2963,55.9758,31.1349,6.708,6.6696,7.7817,1811,989,981,1220,-14.12,11.65,11.58,13.58,137,0.0,0.0,4.0,many,SR,3
0,1993,2331,0,0,16.794,11.681,3.7079,0.0,0.0,1848,944,0,0,6.76,14.05,0.0,0.0,66,0.0,0.0,0.0,one,SR,1
0,1995,5391,847,0,34.718,19.0451,5.8745,7.4188,0.0,1621,814,1320,0,-4.4,10.16,13.63,0.0,162,0.0,98.0,0.0,many,SR,2
0,1999,2583,0,0,13.5365,9.1182,3.2104,0.0,0.0,1296,758,0,0,2.74,12.08,0.0,0.0,120,0.0,0.0,0.0,one,SR,1
0,2002,9410,3569,0,38.985,20.7547,8.5665,6.9592,0.0,1582,1377,1041,0,-7.73,14.95,12.09,0.0,245,0.0,0.0,0.0,many,SR,2
0,2009,5106,0,0,16.2496,11.1478,3.702,0.0,0.0,1320,939,0,0,1.26,14.0,0.0,0.0,99,0.0,0.0,0.0,one,SR,1
0,2012,1626,0,0,13.3315,8.7631,3.3171,0.0,0.0,1280,799,0,0,2.18,12.51,0.0,0.0,171,0.0,0.0,0.0,one,SR,1
0,2013,7639,2208,0,39.1083,21.6275,7.2739,7.4981,0.0,1458,1458,1153,0,-9.07,14.04,13.05,0.0,188,188.0,0.0,0.0,many,SR,2
0,2025,7955,0,0,16.9952,11.379,4.069,0.0,0.0,1239,1078,0,0,-0.92,15.47,0.0,0.0,174,0.0,0.0,0.0,one,SR,1
0,2026,4146,0,0,18.3518,12.7657,4.0463,0.0,0.0,1382,1071,0,0,0.65,15.4,0.0,0.0,75,0.0,0.0,0.0,one,SR,1
0,2027,8851,0,0,18.1838,12.9318,3.8076,0.0,0.0,1351,981,0,0,1.19,14.44,0.0,0.0,5,0.0,0.0,0.0,one,SR,1
0,2028,9137,9136,0,62.8343,35.8565,11.3314,11.3314,0.0,3499,2083,2083,0,-2.09,21.57,21.57,0.0,203,0.0,0.0,0.0,many,SR,2
0,2032,2097,0,0,14.5632,9.4765,3.6901,0.0,0.0,1296,936,0,0,1.04,13.97,0.0,0.0,211,0.0,0.0,0.0,one,SR,1
0,2034,2225,0,0,19.6838,13.4028,4.5482,0.0,0.0,1792,1253,0,0,3.22,17.33,0.0,0.0,150,0.0,0.0,0.0,one,SR,1
0,2038,7339,0,0,13.9267,9.2925,3.3637,0.0,0.0,1177,817,0,0,0.92,12.7,0.0,0.0,146,0.0,0.0,0.0,one,SR,1
0,2039,5738,5737,0,92.1772,55.0456,15.4085,15.4085,0.0,3604,3141,3141,0,-18.99,31.57,31.57,0.0,122,0.0,0.0,0.0,many,SR,2
0,2040,2396,0,0,19.5186,13.615,4.2757,0.0,0.0,1376,1154,0,0,-0.2,16.28,0.0,0.0,71,0.0,0.0,0.0,one,SR,1
0,2043,2387,2386,0,32.97,18.6125,6.1191,6.1191,0.0,1719,865,865,0,-1.02,10.6,10.6,0.0,32,0.0,0.0,0.0,many,SR,2
0,2045,9179,5944,0,32.9412,18.1688,6.2399,6.345,0.0,1383,891,926,0,-5.17,10.82,11.06,0.0,104,0.0,7.0,0.0,many,SR,2
0,2047,8289,0,0,31.0765,22.6731,5.8476,0.0,0.0,2227,1970,0,0,0.38,25.56,0.0,0.0,23,0.0,0.0,0.0,one,SR,1
0,2050,8411,0,0,12.1817,7.9136,3.1026,0.0,0.0,1203,718,0,0,2.14,11.65,0.0,0.0,176,0.0,0.0,0.0,one,SR,1
0,2053,8490,3893,0,96.1064,58.0349,15.7859,15.784,0.0,4316,3240,3240,0,-13.2,32.51,32.51,0.0,33,0.0,0.0,0.0,many,SR,2
0,2056,654,0,0,14.7863,10.2836,3.2705,0.0,0.0,1629,781,0,0,6.01,12.32,0.0,0.0,55,0.0,0.0,0.0,one,SR,1
0,2063,6547,0,0,16.2865,11.1115,3.754,0.0,0.0,1261,959,0,0,0.45,14.21,0.0,0.0,115,0.0,0.0,0.0,one,SR,1
0,2064,8121,0,0,30.4866,21.5119,6.1733,0.0,0.0,2689,2179,0,0,3.02,28.02,0.0,0.0,253,0.0,0.0,0.0,one,SR,1
0,2065,7647,5017,0,37.0668,20.986,6.7787,6.9055,0.0,1376,1049,1031,0,-7.12,11.96,12.01,0.0,40,24.0,0.0,0.0,many,SR,2
0,2068,6917,0,0,30.2361,20.8745,6.3942,0.0,0.0,3058,2320,0,0,5.4,29.67,0.0,0.0,398,0.0,0.0,0.0,one,SR,1
0,2069,6346,0,0,14.3566,9.9966,3.167,0.0,0.0,1067,744,0,0,0.47,11.93,0.0,0.0,51,0.0,0.0,0.0,one,SR,1
0,2071,2468,2467,0,51.8278,28.477,9.8761,9.8761,0.0,2509,1704,1704,0,-6.04,17.99,17.99,0.0,267,0.0,0.0,0.0,many,SR,2
0,2072,6519,0,0,16.2216,11.5367,3.4018,0.0,0.0,1122,829,0,0,0.23,12.83,0.0,0.0,1,0.0,0.0,0.0,one,SR,1
0,2074,6977,6976,0,32.759,18.665,6.0069,6.0069,0.0,1586,842,842,0,-2.07,10.4,10.4,0.0,4,0.0,0.0,0.0,many,SR,2
0,2077,8607,0,0,13.6627,8.7543,3.5627,0.0,0.0,1657,888,0,0,5.29,13.46,0.0,0.0,229,0.0,0.0,0.0,one,SR,1
0,2078,4806,0,0,18.9623,13.2784,4.1175,0.0,0.0,1358,1096,0,0,0.16,15.66,0.0,0.0,56,0.0,0.0,0.0,one,SR,1
0,2081,3976,2620,0,61.2298,34.1198,11.3853,11.3853,0.0,3725,2096,2096,0,0.06,21.7,21.7,0.0,337,0.0,0.0,0.0,many,SR,2
0,2084,6172,0,0,15.766,11.1412,3.3575,0.0,0.0,1066,814,0,0,-0.21,12.67,0.0,0.0,18,0.0,0.0,0.0,one,SR,1
0,2088,9141,8964,0,36.5133,20.4716,7.8088,5.8236,0.0,1763,1241,886,0,-3.17,13.69,10.4,0.0,83,12.0,44.0,0.0,many,SR,2
0,2089,503,502,0,41.5251,22.4706,8.1129,8.1129,0.0,2877,1282,1282,0,4.75,14.14,14.14,0.0,204,0.0,0.0,0.0,many,SR,2
0,2090,3434,2172,0,31.1674,16.8433,6.4552,5.6687,0.0,1583,1189,770,0,-3.18,12.2,9.8,0.0,202,135.0,-1.0,0.0,many,SR,2
0,2104,1710,0,0,24.1071,16.6432,5.3174,0.0,0.0,2785,1622,0,0,9.92,21.46,0.0,0.0,183,0.0,0.0,0.0,one,SR,1
0,2106,1551,1550,0,54.2423,30.0935,10.1957,10.1957,0.0,2045,1788,1788,0,-12.34,18.79,18.79,0.0,254,0.0,0.0,0.0,many,SR,2
0,2109,9662,7144,6302,94.8635,55.5452,11.4609,10.8017,10.7866,2338,2177,1946,1941,-31.87,22.19,20.27,20.23,60,29.0,1.0,0.0,many,SR,3
0,2110,3688,0,0,26.6942,19.1828,5.3402,0.0,0.0,1867,1643,0,0,0.06,21.71,0.0,0.0,25,0.0,0.0,0.0,one,SR,1
0,2115,9634,6571,0,30.9238,17.01,5.9602,5.8947,0.0,1881,848,819,0,1.22,10.38,10.21,0.0,104,8.0,0.0,0.0,many,SR,2
0,2121,3057,0,0,24.006,16.4574,5.3621,0.0,0.0,2087,1656,0,0,2.24,21.86,0.0,0.0,220,0.0,0.0,0.0,one,SR,1
0,2123,2643,0,0,17.8285,11.6357,4.4844,0.0,0.0,1786,1230,0,0,3.38,17.08,0.0,0.0,255,0.0,0.0,0.0,one,SR,1
0,2125,4152,1107,1106,64.91,37.0683,8.9169,7.3822,7.3822,1509,1509,1130,1130,-21.6,15.9,12.85,12.85,26,26.0,0.0,0.0,many,SR,3
0,2131,4263,4260,0,47.5331,27.18,8.6652,8.6652,0.0,1833,1396,1396,0,-7.96,15.11,15.11,0.0,2,0.0,0.0,0.0,many,SR,2
0,2132,3806,1942,0,73.1692,42.8429,12.2342,12.9523,0.0,2852,2736,2504,0,-16.31,25.85,25.55,0.0,233,201.0,0.0,0.0,many,SR,2
0,2134,7622,4717,0,39.6577,21.2217,5.5005,10.1248,0.0,2349,736,1768,0,-0.63,9.5,18.61,0.0,278,0.0,-1.0,0.0,many,SR,2
0,2136,6014,2142,0,44.0035,24.1738,8.4418,8.4418,0.0,1606,1351,1351,0,-9.65,14.73,14.73,0.0,160,0.0,0.0,0.0,many,SR,2
0,2140,2890,0,0,16.2129,11.0849,3.7176,0.0,0.0,1421,949,0,0,2.23,14.1,0.0,0.0,110,0.0,0.0,0.0,one,SR,1
0,2141,9372,0,0,15.1341,10.0925,3.6556,0.0,0.0,1427,926,0,0,2.51,13.86,0.0,0.0,163,0.0,0.0,0.0,one,SR,1
0,2146,9026,0,0,20.1716,13.3179,4.9576,0.0,0.0,1617,1407,0,0,-0.09,18.96,0.0,0.0,256,0.0,0.0,0.0,one,SR,1
0,2149,6783,4435,1566,62.3294,34.5683,7.8789,7.8808,7.8808,2521,1234,1234,1234,-10.61,13.74,13.74,13.74,172,0.0,0.0,0.0,many,SR,3
0,2150,4212,0,0,22.0582,15.7283,4.5833,0.0,0.0,1266,1266,0,0,-2.43,17.47,0.0,0.0,0,0.0,0.0,0.0,one,SR,1
0,2151,5964,3476,0,35.119,19.3926,6.543,6.796,0.0,1755,955,1186,0,-3.06,11.36,12.51,0.0,143,0.0,96.0,0.0,many,SR,2
0,2153,8124,7686,0,55.3864,30.9362,10.1705,10.4307,0.0,2097,1779,1936,0,-12.62,18.7,19.79,0.0,253,0.0,42.0,0.0,many,SR,2
0,2154,6839,3431,2755,54.2441,29.6341,6.0223,8.9116,6.021,3250,846,1453,860,1.23,10.44,15.62,10.49,223,0.0,0.0,7.0,many,SR,3
0,2159,4637,1930,0,32.9324,17.8562,6.4232,6.4232,0.0,1400,930,930,0,-5.37,11.15,11.15,0.0,151,0.0,0.0,0.0,many,SR,2
0,2164,9749,0,0,15.8787,10.6473,3.7944,0.0,0.0,1428,974,0,0,2.06,14.37,0.0,0.0,156,0.0,0.0,0.0,one,SR,1
0,2167,8871,8548,3829,92.859,53.3945,11.1793,10.7977,11.1181,2258,2043,2163,2050,-33.61,21.2,21.34,21.16,268,0.0,105.0,11.0,many,SR,3
0,2170,6581,1816,0,41.6428,23.5639,7.2872,8.1094,0.0,2110,1109,1285,0,-1.99,12.67,14.15,0.0,40,0.0,2.0,0.0,many,SR,2
0,2175,5703,1375,0,40.1811,22.8993,7.3601,7.3601,0.0,2242,1125,1125,0,0.49,12.81,12.81,0.0,11,0.0,0.0,0.0,many,SR,2
0,2177,9015,3311,427,69.4863,39.5112,8.514,8.5051,8.5045,2215,1363,1363,1363,-16.81,14.84,14.83,14.84,38,-1.0,0.0,-1.0,many,SR,3
0,2178,8333,8332,0,39.1065,22.1146,7.2364,7.2364,0.0,1850,1100,1100,0,-3.25,12.6,12.6,0.0,38,0.0,0.0,0.0,many,SR,2
0,2180,8504,0,0,17.2787,11.4785,4.2011,0.0,0.0,1674,1127,0,0,3.18,15.99,0.0,0.0,199,0.0,0.0,0.0,one,SR,1
0,2187,1085,0,0,24.472,16.4885,5.6112,0.0,0.0,1999,1814,0,0,-0.36,23.72,0.0,0.0,332,0.0,0.0,0.0,one,SR,1
0,2188,7454,7453,0,47.9868,26.1685,9.2601,9.2601,0.0,1807,1545,1545,0,-10.71,16.49,16.49,0.0,240,0.0,0.0,0.0,many,SR,2
0,2197,5357,0,0,15.6712,10.3272,3.8742,0.0,0.0,1259,1005,0,0,-0.01,14.7,0.0,0.0,198,0.0,0.0,0.0,one,SR,1
0,2199,8356,0,0,13.5426,9.0173,3.2878,0.0,0.0,1258,786,0,0,2.07,12.38,0.0,0.0,145,0.0,0.0,0.0,one,SR,1
0,2212,7655,693,0,34.7808,19.7667,6.3954,6.3982,0.0,1399,925,924,0,-5.3,11.11,11.1,0.0,15,0.0,0.0,0.0,many,SR,2
0,2216,2358,0,0,15.4699,10.7362,3.4357,0.0,0.0,1339,843,0,0,2.38,12.98,0.0,0.0,65,0.0,0.0,0.0,one,SR,1
0,2218,1036,0,0,21.5093,15.0217,4.6965,0.0,0.0,2040,1308,0,0,5.3,17.91,0.0,0.0,75,0.0,0.0,0.0,one,SR,1
0,2235,8505,0,0,18.7473,12.7799,4.3215,0.0,0.0,1448,1171,0,0,0.39,16.46,0.0,0.0,139,0.0,0.0,0.0,one,SR,1
0,2242,587,0,0,16.9933,11.3564,4.0844,0.0,0.0,1265,1083,0,0,-0.69,15.53,0.0,0.0,179,0.0,0.0,0.0,one,SR,1
0,2243,9135,9134,0,36.5009,20.7246,6.7213,6.7213,0.0,1874,991,991,0,-1.33,11.67,11.67,0.0,19,0.0,0.0,0.0,many,SR,2
0,2244,6363,0,0,20.6449,13.5987,5.0772,0.0,0.0,1702,1471,0,0,0.15,19.69,0.0,0.0,281,0.0,0.0,0.0,one,SR,1
0,2248,5925,5333,5000,60.2669,34.4268,6.435,7.8051,7.7686,1404,931,1219,1211,-19.74,11.17,13.61,13.54,4,-1.0,0.0,0.0,many,SR,3
0,2253,7230,4076,4075,80.1819,44.4911,10.0532,10.0532,10.0532,3614,1751,1751,1751,-11.83,18.44,18.44,18.44,361,0.0,0.0,0.0,many,SR,3
0,2255,7298,5016,0,38.2196,21.1169,7.4366,7.0628,0.0,1410,1344,1063,0,-8.62,13.75,12.28,0.0,158,108.0,0.0,0.0,many,SR,2
0,2257,8423,8422,0,33.9567,19.3811,6.2103,6.2103,0.0,1483,886,886,0,-3.82,10.78,10.78,0.0,1,0.0,0.0,0.0,many,SR,2
0,2259,4414,2022,0,35.7557,20.1985,6.5613,6.6571,0.0,1068,1068,978,0,-9.84,11.83,11.56,0.0,58,58.0,0.0,0.0,many,SR,2
0,2261,8878,7156,0,32.8106,18.6158,6.0513,6.0462,0.0,1727,855,851,0,-0.74,10.49,10.48,0.0,18,2.0,0.0,0.0,many,SR,2
0,2263,4497,0,0,31.9878,22.5983,6.4092,0.0,0.0,2583,2331,0,0,0.3,29.8,0.0,0.0,288,0.0,0.0,0.0,one,SR,1
0,2270,3177,1548,0,33.5999,18.8976,5.9974,6.5175,0.0,1170,842,990,0,-7.4,10.4,11.47,0.0,54,0.0,22.0,0.0,many,SR,2
0,2273,5509,1910,0,47.2075,26.027,9.005,9.0022,0.0,2405,1483,1478,0,-3.31,15.88,15.86,0.0,173,3.0,0.0,0.0,many,SR,2
0,2295,5009,0,0,37.9563,28.1507,6.6419,0.0,0.0,3741,2487,0,0,10.81,31.64,0.0,0.0,22,0.0,0.0,0.0,one,SR,1
0,2296,9918,9917,0,64.3337,35.7968,11.9589,11.9589,0.0,3395,2244,2244,0,-5.92,23.1,23.1,0.0,394,0.0,0.0,0.0,many,SR,2
0,2298,2792,0,0,15.2877,10.691,3.3379,0.0,0.0,1139,806,0,0,0.63,12.59,0.0,0.0,44,0.0,0.0,0.0,one,SR,1
0,2305,8155,663,0,35.6096,19.8394,7.572,5.8084,0.0,1363,1337,801,0,-7.2,13.85,10.05,0.0,114,90.0,0.0,0.0,many,SR,2
0,2307,3718,0,0,17.0062,12.0472,3.5963,0.0,0.0,1480,904,0,0,3.28,13.63,0.0,0.0,15,0.0,0.0,0.0,one,SR,1
0,2308,7652,189,187,55.6784,31.5857,7.7502,6.3742,6.3742,1299,1289,919,919,-18.71,13.83,11.06,11.06,52,44.0,0.0,0.0,many,SR,3
0,2310,6390,4387,1534,72.8237,41.2419,8.4207,8.4207,9.7984,2144,1345,1345,2144,-21.97,14.68,14.68,20.06,221,0.0,0.0,221.0,many,SR,3
0,2316,3927,0,0,19.5756,12.9585,4.7878,0.0,0.0,1558,1344,0,0,-0.1,18.29,0.0,0.0,239,0.0,0.0,0.0,one,SR,1
0,2323,6455,0,0,33.2158,23.1536,6.7915,0.0,0.0,3086,2578,0,0,2.97,32.71,0.0,0.0,429,0.0,0.0,0.0,one,SR,1
0,2325,4793,4792,0,59.0697,32.5389,11.1524,11.1524,0.0,2725,2036,2036,0,-9.42,21.13,21.13,0.0,375,0.0,0.0,0.0,many,SR,2
0,2329,7699,0,0,15.7819,10.3948,3.9046,0.0,0.0,1262,1017,0,0,-0.09,14.83,0.0,0.0,201,0.0,0.0,0.0,one,SR,1
0,2332,3186,569,0,39.438,22.4571,9.0244,5.395,0.0,1567,1564,714,0,-6.6,16.3,9.31,0.0,41,39.0,0.0,0.0,many,SR,2
0,2337,4900,3645,260,55.6607,30.155,7.2454,7.2454,7.2363,1642,1100,1100,1098,-16.77,12.6,12.6,12.58,263,-1.0,-1.0,0.0,many,SR,3
0,2338,9080,4955,0,52.2664,30.0118,6.5114,12.225,0.0,2504,948,2338,0,-5.37,11.3,23.88,0.0,113,0.0,11.0,0.0,many,SR,2
0,2342,6400,2192,0,43.388,23.2988,9.104,7.9613,0.0,1799,1557,1250,0,-8.33,16.37,13.87,0.0,267,25.0,0.0,0.0,many,SR,2
0,2345,9402,0,0,21.857,15.3788,4.6881,0.0,0.0,1758,1307,0,0,2.35,17.9,0.0,0.0,50,0.0,0.0,0.0,one,SR,1
0,2346,5532,0,0,15.3917,10.9435,3.2309,0.0,0.0,1077,767,0,0,0.35,12.17,0.0,0.0,1,0.0,0.0,0.0,one,SR,1
0,2353,6667,5838,5837,49.6217,27.4473,7.1504,5.8017,5.8017,1507,1507,800,800,-14.96,14.12,10.04,10.04,228,228.0,0.0,0.0,many,SR,3
0,2355,8198,0,0,16.8242,11.6548,3.7494,0.0,0.0,1207,958,0,0,-0.11,14.2,0.0,0.0,77,0.0,0.0,0.0,one,SR,1
0,2359,5378,0,0,15.897,10.3295,4.0362,0.0,0.0,1479,1063,0,0,1.75,15.31,0.0,0.0,236,0.0,0.0,0.0,one,SR,1
0,2361,2857,2856,0,29.8484,16.462,5.7058,5.7058,0.0,1422,780,780,0,-2.84,9.87,9.87,0.0,90,0.0,0.0,0.0,many,SR,2
0,2363,3475,1305,0,40.7127,20.6496,8.5406,8.5406,0.0,2856,1372,1372,0,3.15,14.91,14.91,0.0,422,0.0,0.0,0.0,many,SR,2
0,2364,5020,0,0,16.8988,11.8891,3.6343,0.0,0.0,1383,916,0,0,2.14,13.75,0.0,0.0,34,0.0,0.0,0.0,one,SR,1
0,2366,8012,0,0,12.6383,7.9947,3.3732,0.0,0.0,1540,817,0,0,4.74,12.7,0.0,0.0,235,0.0,0.0,0.0,one,SR,1
0,2373,7629,0,0,22.622,15.3491,5.2099,0.0,0.0,2158,1551,0,0,4.09,20.63,0.0,0.0,220,0.0,0.0,0.0,one,SR,1
0,2375,4747,0,0,13.6198,9.3612,3.0953,0.0,0.0,1158,716,0,0,1.69,11.63,0.0,0.0,76,0.0,0.0,0.0,one,SR,1
0,2377,8491,4635,0,31.5785,17.1464,5.4478,6.7118,0.0,1411,725,1411,0,-5.64,9.41,13.32,0.0,226,0.0,226.0,0.0,many,SR,2
0,2383,5638,1536,0,35.7522,19.5281,5.8493,7.8812,0.0,1336,1082,1233,0,-8.41,11.2,13.74,0.0,199,146.0,-1.0,0.0,many,SR,2
0,2392,3163,0,0,15.1441,10.6057,3.2967,0.0,0.0,1323,790,0,0,2.72,12.42,0.0,0.0,39,0.0,0.0,0.0,one,SR,1
0,2393,9112,0,0,18.9224,13.306,4.0712,0.0,0.0,1319,1076,0,0,-0.06,15.45,0.0,0.0,41,0.0,0.0,0.0,one,SR,1
0,2406,667,0,0,15.1134,10.3365,3.4672,0.0,0.0,1275,854,0,0,1.6,13.1,0.0,0.0,99,0.0,0.0,0.0,one,SR,1
0,2409,9041,8541,0,41.1199,23.4184,6.4164,8.6462,0.0,1440,927,1437,0,-8.63,11.12,15.27,0.0,23,0.0,23.0,0.0,many,SR,2
0,2410,5930,0,0,30.6801,21.5272,6.2726,0.0,0.0,3040,2246,0,0,6.0,28.8,0.0,0.0,300,0.0,0.0,0.0,one,SR,1
0,2416,7221,0,0,18.9417,12.6175,4.5776,0.0,0.0,1393,1266,0,0,-1.09,17.47,0.0,0.0,212,0.0,0.0,0.0,one,SR,1
0,2418,9751,5231,0,30.3094,16.2115,6.0621,5.9513,0.0,1352,861,832,0,-4.56,10.53,10.32,0.0,174,4.0,0.0,0.0,many,SR,2
0,2420,9192,5931,0,38.0277,21.4102,6.2528,7.8931,0.0,1368,893,1265,0,-7.88,10.84,13.87,0.0,57,-1.0,15.0,0.0,many,SR,2
0,2431,8115,7944,7943,76.1376,42.3273,9.5547,9.547,9.547,2434,1622,1620,1620,-20.9,17.22,17.2,17.2,282,0.0,0.0,0.0,many,SR,3
0,2436,4326,2171,0,40.3989,22.3117,7.6194,7.6988,0.0,1493,1178,1451,0,-9.25,13.27,14.42,0.0,178,-1.0,136.0,0.0,many,SR,2
0,2438,2557,0,0,17.4406,12.2168,3.789,0.0,0.0,1551,972,0,0,3.37,14.35,0.0,0.0,48,0.0,0.0,0.0,one,SR,1
0,2440,7846,3169,0,64.9255,37.2394,11.6145,11.615,0.0,2874,2157,2163,0,-9.93,22.27,22.29,0.0,196,0.0,4.0,0.0,many,SR,2
0,2443,2769,2767,0,36.8621,21.0558,6.7329,6.7329,0.0,1635,995,995,0,-3.9,11.7,11.7,0.0,1,0.0,0.0,0.0,many,SR,2
0,2445,8473,6033,2555,64.1535,35.8825,8.0257,8.0209,8.0257,2312,1265,1264,1265,-13.51,14.0,13.99,14.0,130,0.0,0.0,0.0,many,SR,3
0,2447,7437,5218,1883,45.9308,25.661,5.6616,5.7884,5.8218,1987,770,817,809,-6.12,9.79,10.1,10.1,90,0.0,11.0,3.0,many,SR,3
0,2450,2994,0,0,14.5497,10.2516,3.1242,0.0,0.0,1187,726,0,0,1.9,11.74,0.0,0.0,22,0.0,0.0,0.0,one,SR,1
0,2454,5064,5063,0,30.7481,17.4823,5.654,5.654,0.0,1166,770,770,0,-5.38,9.79,9.79,0.0,10,0.0,0.0,0.0,many,SR,2
0,2461,6396,4064,4063,111.7149,64.1307,13.2371,13.2371,13.2371,4176,2577,2577,2577,-27.01,26.24,26.24,26.24,459,0.0,0.0,0.0,many,SR,3
0,2464,6267,0,0,16.5948,11.7184,3.537,0.0,0.0,1248,882,0,0,1.05,13.39,0.0,0.0,23,0.0,0.0,0.0,one,SR,1
0,2465,84,0,0,17.7623,12.208,4.0251,0.0,0.0,1348,1061,0,0,0.39,15.29,0.0,0.0,106,0.0,0.0,0.0,one,SR,1
0,2467,9639,0,0,23.7385,16.2013,5.359,0.0,0.0,2376,1649,0,0,5.34,21.78,0.0,0.0,232,0.0,0.0,0.0,one,SR,1
0,2469,6208,4822,0,42.5941,24.2625,7.175,8.4224,0.0,1732,1086,1391,0,-6.42,12.48,14.87,0.0,24,0.0,24.0,0.0,many,SR,2
0,2470,7708,0,0,14.4141,9.425,3.6201,0.0,0.0,1369,910,0,0,2.05,13.69,0.0,0.0,198,0.0,0.0,0.0,one,SR,1
0,2476,8835,150,0,31.1449,17.0013,5.7096,6.2313,0.0,1340,1118,890,0,-5.75,11.22,10.81,0.0,193,180.0,0.0,0.0,many,SR,2
0,2480,2239,0,0,18.5037,12.0706,4.6568,0.0,0.0,1703,1294,0,0,1.89,17.76,0.0,0.0,267,0.0,0.0,0.0,one,SR,1
0,2482,2949,2654,0,35.7923,18.9951,6.7645,7.5136,0.0,1529,1000,1249,0,-6.62,11.74,13.45,0.0,251,0.0,49.0,0.0,many,SR,2
0,2487,8783,0,0,14.7899,9.7595,3.6486,0.0,0.0,1360,922,0,0,1.84,13.82,0.0,0.0,183,0.0,0.0,0.0,one,SR,1
0,2489,7845,7844,0,41.3757,22.0201,8.2405,8.2405,0.0,2220,1309,1309,0,-2.56,14.37,14.37,0.0,263,0.0,0.0,0.0,many,SR,2
0,2495,7235,7234,0,51.4287,27.9878,9.9126,9.9126,0.0,1960,1713,1713,0,-11.96,18.08,18.08,0.0,311,0.0,0.0,0.0,many,SR,2
0,2508,4903,1882,0,35.6311,19.6242,6.4181,7.1011,0.0,1281,1281,1071,0,-8.94,12.53,12.35,0.0,189,189.0,0.0,0.0,many,SR,2
0,2509,7853,0,0,14.6834,9.4878,3.7683,0.0,0.0,1487,965,0,0,2.77,14.27,0.0,0.0,229,0.0,0.0,0.0,one,SR,1
0,2510,1392,0,0,26.1832,18.237,5.5892,0.0,0.0,2153,1801,0,0,1.39,23.57,0.0,0.0,203,0.0,0.0,0.0,one,SR,1
0,2511,8518,0,0,23.0907,15.7431,5.2482,0.0,0.0,1713,1582,0,0,-0.91,20.99,0.0,0.0,215,0.0,0.0,0.0,one,SR,1
0,2515,452,451,0,42.5304,22.9113,8.3535,8.3535,0.0,1718,1331,1331,0,-8.17,14.56,14.56,0.0,225,0.0,0.0,0.0,many,SR,2
0,2517,9273,0,0,17.3496,12.2478,3.702,0.0,0.0,1296,939,0,0,1.01,14.0,0.0,0.0,24,0.0,0.0,0.0,one,SR,1
0,2529,840,0,0,14.8866,10.5603,3.1449,0.0,0.0,1061,733,0,0,0.51,11.81,0.0,0.0,5,0.0,0.0,0.0,one,SR,1
0,2530,9516,0,0,15.3953,10.5414,3.5219,0.0,0.0,1165,875,0,0,0.25,13.32,0.0,0.0,99,0.0,0.0,0.0,one,SR,1
0,2531,7700,0,0,20.4387,14.4037,4.3701,0.0,0.0,1606,1189,0,0,1.88,16.65,0.0,0.0,40,0.0,0.0,0.0,one,SR,1
0,2532,2141,0,0,20.3599,13.692,4.8258,0.0,0.0,1604,1356,0,0,0.26,18.42,0.0,0.0,197,0.0,0.0,0.0,one,SR,1
0,2534,6726,5096,4945,56.9886,32.3843,6.3831,6.4078,8.136,1378,931,926,1378,-18.63,11.12,11.12,14.54,49,5.0,0.0,49.0,many,SR,3
0,2536,1635,0,0,24.773,16.6207,5.7037,0.0,0.0,2510,1879,0,0,4.32,24.49,0.0,0.0,370,0.0,0.0,0.0,one,SR,1
0,2541,9883,0,0,16.846,11.3537,3.979,0.0,0.0,1426,1046,0,0,1.35,15.13,0.0,0.0,155,0.0,0.0,0.0,one,SR,1
0,2543,4001,0,0,20.8833,14.6492,4.514,0.0,0.0,1418,1241,0,0,-0.59,17.2,0.0,0.0,57,0.0,0.0,0.0,one,SR,1
0,2548,7907,0,0,22.6877,15.4113,5.2111,0.0,0.0,2070,1553,0,0,3.15,20.65,0.0,0.0,217,0.0,0.0,0.0,one,SR,1
0,2556,9345,4704,0,36.3602,19.7215,8.0701,6.0095,0.0,1660,1435,960,0,-5.6,14.71,10.88,0.0,226,86.0,62.0,0.0,many,SR,2
0,2557,6165,1803,0,55.9021,32.2081,10.0146,10.0146,0.0,1868,1739,1739,0,-13.37,18.32,18.32,0.0,53,0.0,0.0,0.0,many,SR,2
0,2559,647,0,0,12.5165,8.2335,3.1134,0.0,0.0,1239,722,0,0,2.48,11.7,0.0,0.0,157,0.0,0.0,0.0,one,SR,1
0,2561,1211,0,0,19.3412,13.6649,4.111,0.0,0.0,1320,1095,0,0,-0.23,15.65,0.0,0.0,29,0.0,0.0,0.0,one,SR,1
0,2562,4231,4229,3261,56.7458,32.4504,5.8046,5.8046,9.0645,1515,801,801,1515,-16.69,10.05,10.05,16.11,10,0.0,0.0,10.0,many,SR,3
0,2563,618,0,0,20.7008,14.6414,4.3859,0.0,0.0,1446,1197,0,0,0.12,16.73,0.0,0.0,29,0.0,0.0,0.0,one,SR,1
0,2565,9226,0,0,24.4944,16.7358,5.4804,0.0,0.0,2188,1734,0,0,2.47,22.78,0.0,0.0,257,0.0,0.0,0.0,one,SR,1
0,2569,8206,1668,0,66.1196,37.7131,11.9069,11.9069,0.0,3164,2230,2230,0,-8.11,22.96,22.96,0.0,247,0.0,0.0,0.0,many,SR,2
0,2570,5240,1448,1421,76.209,43.9602,10.8323,5.5307,10.6584,2330,2196,742,2166,-22.58,21.54,9.56,21.18,211,117.0,-1.0,125.0,many,SR,3
0,2573,8475,5021,2344,65.2405,37.0995,7.1308,9.6053,7.0676,1910,1076,1910,1064,-18.98,12.39,18.69,12.29,132,0.0,132.0,0.0,many,SR,3
0,2577,2564,0,0,13.527,8.9624,3.3133,0.0,0.0,1262,799,0,0,1.99,12.51,0.0,0.0,157,0.0,0.0,0.0,one,SR,1
0,2581,4693,0,0,13.4681,9.0104,3.2382,0.0,0.0,1471,769,0,0,4.47,12.2,0.0,0.0,134,0.0,0.0,0.0,one,SR,1
0,2588,4609,0,0,15.3181,10.7985,3.281,0.0,0.0,1381,787,0,0,3.35,12.39,0.0,0.0,24,0.0,0.0,0.0,one,SR,1
0,2590,7554,6778,0,51.7262,28.5106,9.7009,9.8972,0.0,2265,1659,1824,0,-8.77,17.57,18.61,0.0,276,0.0,55.0,0.0,many,SR,2
0,2597,7525,0,0,26.4679,18.8886,5.3787,0.0,0.0,2094,1668,0,0,2.18,22.01,0.0,0.0,63,0.0,0.0,0.0,one,SR,1
0,2602,2552,0,0,14.0215,9.684,3.1508,0.0,0.0,1547,738,0,0,5.56,11.87,0.0,0.0,68,0.0,0.0,0.0,one,SR,1
0,2618,2328,0,0,13.1311,8.7842,3.1592,0.0,0.0,1415,739,0,0,4.17,11.88,0.0,0.0,130,0.0,0.0,0.0,one,SR,1
0,2622,4134,0,0,17.7071,12.4514,3.8103,0.0,0.0,1884,982,0,0,6.77,14.45,0.0,0.0,38,0.0,0.0,0.0,one,SR,1
0,2625,7973,5874,0,31.3567,16.8947,6.0319,6.2572,0.0,1217,848,1003,0,-6.78,10.45,11.28,0.0,182,0.0,58.0,0.0,many,SR,2
0,2626,2664,0,0,16.4176,11.5168,3.5562,0.0,0.0,1246,887,0,0,0.98,13.45,0.0,0.0,40,0.0,0.0,0.0,one,SR,1
0,2628,3757,0,0,27.9743,19.8777,5.6762,0.0,0.0,2005,1855,0,0,-0.73,24.2,0.0,0.0,130,0.0,0.0,0.0,one,SR,1
0,2633,7199,3626,0,34.379,19.3393,6.3957,6.4098,0.0,1268,953,928,0,-6.79,11.21,11.13,0.0,53,16.0,0.0,0.0,many,SR,2
0,2634,5382,594,0,46.5886,25.5527,9.069,8.7171,0.0,2002,1561,1608,0,-8.23,16.34,16.16,0.0,252,32.0,98.0,0.0,many,SR,2
0,2636,6084,0,0,17.5534,11.2781,4.5414,0.0,0.0,1891,1254,0,0,4.25,17.34,0.0,0.0,295,0.0,0.0,0.0,one,SR,1
0,2637,6529,4889,0,37.648,20.2495,7.4176,7.4022,0.0,2442,1137,1133,0,2.43,12.91,12.88,0.0,202,0.0,0.0,0.0,many,SR,2
0,2643,7327,0,0,19.836,13.9493,4.2653,0.0,0.0,1590,1148,0,0,2.1,16.21,0.0,0.0,44,0.0,0.0,0.0,one,SR,1
0,2644,6125,421,0,38.9243,20.7318,9.2763,6.1748,0.0,1734,1583,879,0,-6.47,16.7,10.72,0.0,269,16.0,0.0,0.0,many,SR,2
0,2651,6954,0,0,13.4915,8.9944,3.2648,0.0,0.0,1181,781,0,0,1.31,12.32,0.0,0.0,143,0.0,0.0,0.0,one,SR,1
0,2652,3300,0,0,13.9194,9.6627,3.0945,0.0,0.0,1064,715,0,0,0.71,11.62,0.0,0.0,55,0.0,0.0,0.0,one,SR,1
0,2657,1998,0,0,13.6246,9.0337,3.3322,0.0,0.0,1349,806,0,0,2.84,12.59,0.0,0.0,157,0.0,0.0,0.0,one,SR,1
0,2660,6679,6678,0,32.2856,18.3761,5.9283,5.9283,0.0,1076,826,826,0,-7.18,10.27,10.27,0.0,7,0.0,0.0,0.0,many,SR,2
0,2661,8699,0,0,14.8943,10.4535,3.2255,0.0,0.0,1216,765,0,0,1.83,12.15,0.0,0.0,33,0.0,0.0,0.0,one,SR,1
0,2662,9760,6586,0,55.202,31.7998,9.6567,10.0599,0.0,1947,1648,1946,0,-12.73,17.46,19.39,0.0,94,0.0,94.0,0.0,many,SR,2
0,2667,2942,0,0,16.4846,11.7246,3.4557,0.0,0.0,1226,849,0,0,1.13,13.04,0.0,0.0,1,0.0,0.0,0.0,one,SR,1
0,2675,7975,6548,2109,55.263,30.9452,6.9935,6.8566,6.8566,1181,1081,1020,1020,-20.1,12.28,11.92,11.92,106,18.0,0.0,0.0,many,SR,3
0,2683,5890,0,0,19.2101,13.53,4.117,0.0,0.0,1641,1093,0,0,3.16,15.63,0.0,0.0,37,0.0,0.0,0.0,one,SR,1
0,2686,5696,5695,0,33.0745,18.6004,6.168,6.168,0.0,1163,876,876,0,-7.03,10.69,10.69,0.0,44,0.0,0.0,0.0,many,SR,2
0,2687,9574,256,0,35.5497,18.6666,7.1808,7.1986,0.0,1685,1088,1098,0,-4.84,12.49,12.54,0.0,264,0.0,4.0,0.0,many,SR,2
0,2700,1322,0,0,25.4446,18.0209,5.2913,0.0,0.0,2462,1610,0,0,6.66,21.32,0.0,0.0,80,0.0,0.0,0.0,one,SR,1
0,2702,9729,9728,0,46.7057,26.5937,8.5617,8.5617,0.0,1674,1376,1376,0,-9.32,14.94,14.94,0.0,21,0.0,0.0,0.0,many,SR,2
0,2707,5673,5672,4048,71.0608,40.4153,8.2078,8.2078,9.5252,2331,1301,1301,1880,-17.87,14.31,14.31,18.44,132,0.0,0.0,129.0,many,SR,3
0,2714,9084,6652,0,77.3343,44.4741,14.5604,12.4465,0.0,3746,3015,3243,0,-13.35,29.95,28.59,0.0,560,46.0,418.0,0.0,many,SR,2
0,2720,7795,6065,0,32.5233,18.0835,5.7586,6.5295,0.0,1371,828,969,0,-4.97,10.11,11.4,0.0,88,20.0,9.0,0.0,many,SR,2
0,2721,7331,3504,3503,102.7792,60.4568,13.0048,11.1831,11.1831,2816,2816,2042,2042,-32.99,27.14,21.19,21.19,144,144.0,0.0,0.0,many,SR,3
0,2725,6281,3309,0,40.808,22.5832,7.7501,7.7676,0.0,2043,1215,1210,0,-2.91,13.54,13.53,0.0,122,4.0,0.0,0.0,many,SR,2
0,2735,1283,0,0,17.1618,11.9943,3.7486,0.0,0.0,1193,957,0,0,-0.24,14.19,0.0,0.0,53,0.0,0.0,0.0,one,SR,1
0,2742,3171,0,0,12.4853,8.2135,3.1053,0.0,0.0,1484,719,0,0,5.08,11.66,0.0,0.0,156,0.0,0.0,0.0,one,SR,1
0,2745,9441,0,0,31.3158,22.5632,6.044,0.0,0.0,2874,2100,0,0,5.8,27.09,0.0,0.0,124,0.0,0.0,0.0,one,SR,1
0,2747,7605,3266,0,38.7502,22.1421,7.0743,7.0743,0.0,1065,1065,1065,0,-10.95,12.3,12.3,0.0,0,0.0,0.0,0.0,many,SR,2
0,2751,3935,2788,0,40.975,23.1314,7.6404,7.5548,0.0,1896,1188,1166,0,-3.93,13.33,13.16,0.0,48,2.0,0.0,0.0,many,SR,2
0,2756,4901,0,0,18.0904,12.4159,4.1124,0.0,0.0,1224,1092,0,0,-1.21,15.62,0.0,0.0,112,0.0,0.0,0.0,one,SR,1
0,2763,5420,1135,1134,77.3135,44.0298,10.0679,8.9964,8.9964,2178,2178,1476,1476,-24.14,20.55,15.84,15.84,203,203.0,0.0,0.0,many,SR,3
0,2769,7109,7108,0,99.0752,57.8487,17.0525,17.0525,0.0,4426,3568,3568,0,-17.62,35.61,35.61,0.0,426,0.0,0.0,0.0,many,SR,2
0,2776,6425,6424,0,38.2192,21.186,7.2537,7.2537,0.0,1434,1104,1104,0,-7.68,12.63,12.63,0.0,106,0.0,0.0,0.0,many,SR,2
0,2779,3726,3437,3436,50.643,28.3764,7.4064,5.7576,5.7576,1933,1289,792,792,-9.81,13.5,9.98,9.98,118,83.0,0.0,0.0,many,SR,3
0,2781,3283,2399,0,49.6584,26.779,9.944,9.3804,0.0,2397,1843,1581,0,-6.83,18.75,16.8,0.0,356,59.0,3.0,0.0,many,SR,2
0,2788,8869,7044,0,51.3256,28.6936,9.8515,9.2603,0.0,1876,1745,1657,0,-11.98,18.16,17.04,0.0,204,23.0,54.0,0.0,many,SR,2
0,2791,4987,3858,0,31.8726,17.4849,6.0405,6.1104,0.0,1289,851,1194,0,-6.6,10.48,11.89,0.0,181,0.0,177.0,0.0,many,SR,2
0,2794,8643,0,0,14.0558,9.277,3.4702,0.0,0.0,1326,853,0,0,2.15,13.09,0.0,0.0,171,0.0,0.0,0.0,one,SR,1
0,2795,8802,0,0,14.5277,9.5649,3.599,0.0,0.0,1344,905,0,0,1.84,13.64,0.0,0.0,185,0.0,0.0,0.0,one,SR,1
0,2804,1611,0,0,18.8787,12.8775,4.3458,0.0,0.0,1687,1180,0,0,2.81,16.55,0.0,0.0,138,0.0,0.0,0.0,one,SR,1
0,2815,7835,5547,4740,67.306,37.882,8.3476,8.2175,8.1896,1861,1586,1861,1298,-22.48,15.61,16.8,14.28,283,134.0,283.0,0.0,many,SR,3
0,2819,6234,3443,0,34.4686,18.7593,6.8969,6.4711,0.0,1470,1077,940,0,-5.64,12.18,11.23,0.0,158,26.0,0.0,0.0,many,SR,2
0,2820,6641,673,672,89.8262,52.4993,10.4921,10.4902,10.4902,2107,1865,1865,1865,-30.56,19.51,19.51,19.51,13,0.0,0.0,0.0,many,SR,3
0,2826,4788,0,0,37.5289,26.2474,7.4804,0.0,0.0,3776,3029,0,0,5.44,38.01,0.0,0.0,543,0.0,0.0,0.0,one,SR,1
0,2830,6392,0,0,15.8959,10.8054,3.6917,0.0,0.0,1137,938,0,0,-0.65,13.99,0.0,0.0,122,0.0,0.0,0.0,one,SR,1
0,2831,6988,896,0,28.5503,13.9169,6.1767,6.2889,0.0,2580,879,914,0,7.58,10.72,10.96,0.0,382,0.0,6.0,0.0,many,SR,2
0,2836,9010,7387,0,40.9164,21.8168,8.1312,8.1312,0.0,1959,1287,1287,0,-4.97,14.19,14.19,0.0,254,0.0,0.0,0.0,many,SR,2
0,2837,5570,0,0,16.1296,11.1162,3.6359,0.0,0.0,1374,918,0,0,2.03,13.78,0.0,0.0,88,0.0,0.0,0.0,one,SR,1
0,2839,9448,6843,1944,64.391,35.6362,8.1598,8.1666,8.1598,3441,1291,1294,1291,-2.29,14.22,14.25,14.22,190,0.0,0.0,0.0,many,SR,3
0,2847,2146,1208,0,41.528,22.9261,8.7376,6.8892,0.0,1951,1934,1026,0,-6.29,17.78,11.97,0.0,263,252.0,0.0,0.0,many,SR,2
0,2850,8380,0,0,18.1158,12.5389,4.0424,0.0,0.0,1110,1066,0,0,-2.16,15.34,0.0,0.0,87,0.0,0.0,0.0,one,SR,1
0,2857,4216,0,0,19.3804,13.7718,4.0625,0.0,0.0,1319,1077,0,0,-0.07,15.46,0.0,0.0,10,0.0,0.0,0.0,one,SR,1
0,2859,4524,2915,1467,82.1163,46.8195,9.6162,10.3717,9.6162,2497,1636,2447,1636,-25.02,17.35,22.23,17.35,301,0.0,295.0,0.0,many,SR,3
0,2862,4103,0,0,41.74,30.71,7.3394,0.0,0.0,3422,2935,0,0,2.72,36.91,0.0,0.0,171,0.0,0.0,0.0,one,SR,1
0,2866,5791,0,0,14.4987,9.7894,3.4187,0.0,0.0,1143,836,0,0,0.39,12.91,0.0,0.0,125,0.0,0.0,0.0,one,SR,1
0,2871,118,0,0,22.325,15.1024,5.1773,0.0,0.0,1864,1536,0,0,1.16,20.45,0.0,0.0,226,0.0,0.0,0.0,one,SR,1
0,2883,2772,0,0,18.6776,13.2417,3.9385,0.0,0.0,1047,1031,0,0,-2.48,14.97,0.0,0.0,16,0.0,0.0,0.0,one,SR,1
0,2892,7959,5755,4345,146.4838,88.6382,12.4305,17.5026,17.8539,3954,2366,3954,3924,-49.01,24.25,38.04,38.3,129,0.0,129.0,71.0,many,SR,3
0,2896,5762,2420,2417,56.3122,31.7626,7.4669,6.6907,6.6907,1345,1345,985,985,-19.19,13.78,11.62,11.62,106,106.0,0.0,0.0,many,SR,3
0,2899,4246,1866,1864,61.2014,34.9813,7.4473,7.4435,7.4435,1142,1142,1142,1142,-22.98,12.95,12.95,12.95,0,0.0,0.0,0.0,many,SR,3
0,2902,8410,0,0,19.0147,13.4453,4.037,0.0,0.0,1422,1064,0,0,1.14,15.32,0.0,0.0,24,0.0,0.0,0.0,one,SR,1
0,2906,4204,4095,0,43.6399,24.1666,9.589,6.8153,0.0,1860,1632,1402,0,-8.09,17.3,13.39,0.0,236,1.0,209.0,0.0,many,SR,2
0,2907,5052,5051,0,52.3252,28.821,9.9377,9.9377,0.0,1919,1720,1720,0,-12.51,18.14,18.14,0.0,262,0.0,0.0,0.0,many,SR,2
0,2910,5526,0,0,28.1811,20.092,5.6686,0.0,0.0,2185,1855,0,0,1.16,24.2,0.0,0.0,116,0.0,0.0,0.0,one,SR,1
0,2911,6301,5796,553,89.399,52.0916,8.8577,13.6702,8.8732,2841,1438,2841,1444,-23.33,15.48,28.05,15.54,73,0.0,73.0,0.0,many,SR,3
0,2918,1142,0,0,15.0735,10.6027,3.2481,0.0,0.0,1127,772,0,0,0.83,12.23,0.0,0.0,28,0.0,0.0,0.0,one,SR,1
0,2922,2611,0,0,12.6944,8.2236,3.2459,0.0,0.0,1242,774,0,0,2.02,12.25,0.0,0.0,191,0.0,0.0,0.0,one,SR,1
0,2924,4695,0,0,18.8032,13.2057,4.0577,0.0,0.0,1271,1071,0,0,-0.51,15.4,0.0,0.0,45,0.0,0.0,0.0,one,SR,1
0,2925,870,0,0,15.9738,10.5716,3.9165,0.0,0.0,1359,1020,0,0,0.9,14.86,0.0,0.0,191,0.0,0.0,0.0,one,SR,1
0,2927,6854,1525,0,35.8673,18.8792,7.2345,7.2345,0.0,2123,1100,1100,0,-0.38,12.6,12.6,0.0,259,0.0,0.0,0.0,many,SR,2
0,2929,7301,5693,0,49.9769,27.6178,11.0117,7.7254,0.0,2532,2405,1200,0,-6.01,22.77,13.45,0.0,340,195.0,0.0,0.0,many,SR,2
0,2930,8188,214,0,33.3468,17.3828,6.8346,6.7549,0.0,2035,1052,998,0,-0.0,12.02,11.73,0.0,272,20.0,0.0,0.0,many,SR,2
0,2940,5685,0,0,23.9914,16.373,5.4025,0.0,0.0,1879,1681,0,0,-0.21,22.16,0.0,0.0,244,0.0,0.0,0.0,one,SR,1
0,2942,4213,0,0,13.4649,8.8101,3.378,0.0,0.0,1710,823,0,0,6.46,12.77,0.0,0.0,183,0.0,0.0,0.0,one,SR,1
0,2947,9065,0,0,13.5443,8.8068,3.4406,0.0,0.0,1451,842,0,0,3.56,12.97,0.0,0.0,196,0.0,0.0,0.0,one,SR,1
0,2949,1867,0,0,16.6232,11.467,3.7405,0.0,0.0,1487,954,0,0,2.87,14.16,0.0,0.0,87,0.0,0.0,0.0,one,SR,1
0,2951,7409,5118,1497,76.7186,44.1315,8.7337,10.1941,8.7094,1846,1410,1846,1406,-25.17,15.24,19.06,15.2,29,-1.0,29.0,0.0,many,SR,3
0,2952,7498,4931,0,35.266,19.8426,6.5967,6.5295,0.0,1205,1014,951,0,-8.02,11.64,11.33,0.0,57,26.0,0.0,0.0,many,SR,2
0,2956,4303,0,0,23.8427,15.9926,5.5331,0.0,0.0,2369,1767,0,0,4.02,23.17,0.0,0.0,332,0.0,0.0,0.0,one,SR,1
0,2959,933,932,0,29.4597,16.5738,5.4938,5.4938,0.0,1722,735,735,0,1.0,9.49,9.49,0.0,35,0.0,0.0,0.0,many,SR,2
0,2960,7566,2506,2289,70.9253,40.6889,7.9796,8.2503,9.4742,1609,1255,1314,1599,-23.9,13.91,14.4,17.01,7,0.0,2.0,-1.0,many,SR,3
0,2961,4700,4169,0,28.9757,16.1316,5.514,5.3954,0.0,1489,848,731,0,-1.78,9.96,9.39,0.0,88,58.0,8.0,0.0,many,SR,2
0,2982,6743,2216,0,38.0965,21.1181,5.584,8.6999,0.0,1853,755,1842,0,-4.79,9.66,17.28,0.0,214,0.0,213.0,0.0,many,SR,2
0,2990,8093,751,0,47.2548,25.5749,8.9483,9.4402,0.0,2247,1463,1647,0,-6.03,15.72,17.2,0.0,276,0.0,27.0,0.0,many,SR,2
0,2991,3759,2474,0,29.7443,16.3109,5.7227,5.7282,0.0,1334,785,784,0,-3.83,9.91,9.92,0.0,105,1.0,-1.0,0.0,many,SR,2
0,2996,5572,1996,0,33.2,18.348,6.3288,6.3273,0.0,1158,911,910,0,-7.6,10.98,10.98,0.0,97,1.0,0.0,0.0,many,SR,2
0,2997,5554,0,0,14.4318,10.053,3.1805,0.0,0.0,1254,749,0,0,2.38,11.98,0.0,0.0,50,0.0,0.0,0.0,one,SR,1
0,2999,8311,0,0,16.1728,11.2813,3.55,0.0,0.0,1154,884,0,0,0.04,13.41,0.0,0.0,54,0.0,0.0,0.0,one,SR,1
0,3007,5968,2799,0,34.9591,19.2216,7.3303,6.0769,0.0,1221,1124,857,0,-8.15,12.77,10.53,0.0,120,3.0,0.0,0.0,many,SR,2
0,3010,1222,1221,0,52.8964,29.396,9.9358,9.9358,0.0,2466,1720,1720,0,-6.77,18.14,18.14,0.0,223,0.0,0.0,0.0,many,SR,2
0,3011,7203,2545,0,28.8291,15.6174,5.639,5.6243,0.0,1153,765,763,0,-5.43,9.75,9.73,0.0,131,-1.0,0.0,0.0,many,SR,2
0,3016,7553,0,0,38.08,27.8676,6.8759,0.0,0.0,2999,2634,0,0,1.46,33.37,0.0,0.0,148,0.0,0.0,0.0,one,SR,1
0,3037,4526,0,0,17.1379,12.085,3.6637,0.0,0.0,1162,929,0,0,-0.3,13.89,0.0,0.0,29,0.0,0.0,0.0,one,SR,1
0,3039,1028,0,0,16.1712,11.321,3.5214,0.0,0.0,1169,872,0,0,0.32,13.29,0.0,0.0,44,0.0,0.0,0.0,one,SR,1
0,3040,7596,6026,0,49.0164,28.056,8.1857,9.568,0.0,1739,1296,1739,0,-10.6,14.26,17.8,0.0,55,0.0,55.0,0.0,many,SR,2
0,3042,6494,2975,0,33.6119,18.227,6.5545,6.5545,0.0,1391,957,957,0,-5.88,11.38,11.38,0.0,154,0.0,0.0,0.0,many,SR,2
0,3044,1027,0,0,26.6765,18.4486,5.7498,0.0,0.0,2153,1904,0,0,0.3,24.78,0.0,0.0,263,0.0,0.0,0.0,one,SR,1
0,3045,1675,0,0,13.8765,9.3136,3.3147,0.0,0.0,1406,796,0,0,3.53,12.48,0.0,0.0,131,0.0,0.0,0.0,one,SR,1
0,3046,7038,7037,0,30.0982,16.9604,5.5994,5.5994,0.0,1121,759,759,0,-5.68,9.7,9.7,0.0,34,0.0,0.0,0.0,many,SR,2
0,3050,7854,0,0,16.0393,11.3037,3.4376,0.0,0.0,1038,843,0,0,-0.78,12.98,0.0,0.0,26,0.0,0.0,0.0,one,SR,1
0,3053,8933,7269,7268,96.024,55.9053,12.3917,10.6056,10.6056,2844,2652,1892,1892,-28.78,25.62,19.77,19.77,187,141.0,0.0,0.0,many,SR,3
0,3055,948,0,0,16.6341,11.7069,3.575,0.0,0.0,1190,894,0,0,0.33,13.52,0.0,0.0,32,0.0,0.0,0.0,one,SR,1
0,3057,6933,0,0,24.0775,16.8374,5.1888,0.0,0.0,2543,1541,0,0,8.24,20.51,0.0,0.0,111,0.0,0.0,0.0,one,SR,1
0,3060,6076,4308,74,55.2225,31.262,6.9651,6.6888,6.7118,1182,1182,991,989,-19.94,12.66,11.64,11.65,75,75.0,3.0,0.0,many,SR,3
0,3061,7672,0,0,23.0099,16.3929,4.7867,0.0,0.0,1817,1345,0,0,2.61,18.3,0.0,0.0,6,0.0,0.0,0.0,one,SR,1
0,3067,4804,3966,0,42.822,23.6741,7.9297,8.3607,0.0,2349,1243,1380,0,-1.05,13.81,14.76,0.0,140,0.0,25.0,0.0,many,SR,2
0,3074,1716,1542,0,31.9403,17.8654,6.4371,5.5006,0.0,1107,1107,738,0,-7.61,11.86,9.52,0.0,94,94.0,0.0,0.0,many,SR,2
0,3076,1239,0,0,20.3901,14.3532,4.3731,0.0,0.0,1369,1188,0,0,-0.6,16.64,0.0,0.0,43,0.0,0.0,0.0,one,SR,1
0,3085,8157,0,0,13.9735,9.7204,3.0918,0.0,0.0,1263,714,0,0,2.81,11.61,0.0,0.0,50,0.0,0.0,0.0,one,SR,1
0,3087,9389,0,0,13.7352,9.4559,3.1107,0.0,0.0,1231,721,0,0,2.41,11.69,0.0,0.0,73,0.0,0.0,0.0,one,SR,1
0,3089,2631,0,0,23.7924,16.4491,5.2474,0.0,0.0,1754,1579,0,0,-0.45,20.96,0.0,0.0,165,0.0,0.0,0.0,one,SR,1
0,3094,9308,0,0,14.1642,9.4155,3.4476,0.0,0.0,1408,846,0,0,3.07,13.01,0.0,0.0,157,0.0,0.0,0.0,one,SR,1
0,3100,9208,0,0,18.7019,12.3908,4.5698,0.0,0.0,1498,1261,0,0,0.06,17.41,0.0,0.0,224,0.0,0.0,0.0,one,SR,1
0,3107,3408,0,0,14.1416,9.8511,3.1166,0.0,0.0,1328,726,0,0,3.38,11.74,0.0,0.0,49,0.0,0.0,0.0,one,SR,1
0,3108,9352,0,0,17.5472,11.6869,4.2442,0.0,0.0,1490,1143,0,0,1.1,16.16,0.0,0.0,195,0.0,0.0,0.0,one,SR,1
0,3113,6603,0,0,27.6072,19.7072,5.5631,0.0,0.0,2411,1784,0,0,4.28,23.37,0.0,0.0,91,0.0,0.0,0.0,one,SR,1
0,3118,199,0,0,19.8892,14.1791,4.1353,0.0,0.0,1414,1104,0,0,0.67,15.75,0.0,0.0,0,0.0,0.0,0.0,one,SR,1
0,3120,3587,0,0,18.8549,12.525,4.5833,0.0,0.0,1562,1266,0,0,0.68,17.47,0.0,0.0,218,0.0,0.0,0.0,one,SR,1
0,3127,6203,5523,1918,53.1302,29.776,8.3178,5.7714,5.7048,1621,1621,793,779,-15.02,15.74,9.99,9.87,155,155.0,-1.0,0.0,many,SR,3
0,3130,6642,0,0,20.5437,14.0881,4.6719,0.0,0.0,1590,1301,0,0,0.64,17.84,0.0,0.0,134,0.0,0.0,0.0,one,SR,1
0,3137,6233,1836,0,34.055,19.3784,7.0038,5.4938,0.0,1081,1081,735,0,-8.26,12.3,9.49,0.0,16,16.0,0.0,0.0,many,SR,2
0,3138,1079,0,0,12.1687,7.7974,3.1751,0.0,0.0,1328,747,0,0,3.18,11.96,0.0,0.0,203,0.0,0.0,0.0,one,SR,1
0,3139,7540,0,0,15.2553,10.302,3.5928,0.0,0.0,1404,902,0,0,2.5,13.61,0.0,0.0,133,0.0,0.0,0.0,one,SR,1
0,3142,3700,0,0,17.0533,11.6868,3.8903,0.0,0.0,1366,1011,0,0,1.06,14.76,0.0,0.0,109,0.0,0.0,0.0,one,SR,1
0,3146,4853,0,0,15.8994,10.7601,3.7278,0.0,0.0,1166,950,0,0,-0.46,14.11,0.0,0.0,133,0.0,0.0,0.0,one,SR,1
0,3148,7068,5473,0,36.8549,20.1086,7.5308,6.7109,0.0,1535,1173,1045,0,-6.42,13.17,11.88,0.0,166,6.0,29.0,0.0,many,SR,2
0,3155,7444,0,0,24.0016,16.3272,5.4326,0.0,0.0,2151,1703,0,0,2.41,22.42,0.0,0.0,263,0.0,0.0,0.0,one,SR,1
0,3156,9701,3754,0,59.07,33.4772,10.777,10.777,0.0,2372,1937,1937,0,-11.44,20.19,20.19,0.0,196,0.0,0.0,0.0,many,SR,2
0,3160,5247,0,0,18.5514,12.4226,4.4363,0.0,0.0,1434,1215,0,0,-0.18,16.93,0.0,0.0,192,0.0,0.0,0.0,one,SR,1
0,3162,6469,3571,0,34.9282,19.0333,6.7703,6.7722,0.0,1525,1002,1002,0,-5.16,11.76,11.76,0.0,146,0.0,0.0,0.0,many,SR,2
0,3163,5427,0,0,19.6747,13.388,4.5517,0.0,0.0,1365,1255,0,0,-1.28,17.35,0.0,0.0,152,0.0,0.0,0.0,one,SR,1
0,3170,9363,9362,7506,57.8021,32.5584,6.1508,6.1508,9.1753,1848,874,874,1533,-14.5,10.67,10.67,16.32,92,0.0,0.0,6.0,many,SR,3
0,3173,6282,0,0,16.6797,11.576,3.7017,0.0,0.0,1523,941,0,0,3.37,14.02,0.0,0.0,71,0.0,0.0,0.0,one,SR,1
0,3174,1680,0,0,21.0213,14.6839,4.5887,0.0,0.0,1926,1268,0,0,4.48,17.49,0.0,0.0,72,0.0,0.0,0.0,one,SR,1
0,3176,5587,1549,0,29.5184,16.3051,5.6329,5.6329,0.0,1260,764,764,0,-4.3,9.74,9.74,0.0,84,0.0,0.0,0.0,many,SR,2
0,3177,8329,6869,0,34.0146,18.3959,6.6544,6.645,0.0,1595,998,980,0,-4.13,11.63,11.56,0.0,169,11.0,2.0,0.0,many,SR,2
0,3178,3291,2766,514,60.5318,33.0502,7.821,7.8171,7.7654,2085,1223,1221,1211,-14.81,13.63,13.62,13.53,249,1.0,1.0,1.0,many,SR,3
0,3197,9974,466,0,33.2493,18.6491,6.1816,6.2524,0.0,1938,905,894,0,0.85,10.82,10.84,0.0,58,14.0,0.0,0.0,many,SR,2
0,3198,8985,0,0,13.5705,8.9025,3.3891,0.0,0.0,1227,825,0,0,1.37,12.79,0.0,0.0,178,0.0,0.0,0.0,one,SR,1
0,3200,9,0,0,13.1244,8.3756,3.4476,0.0,0.0,1615,846,0,0,5.25,13.01,0.0,0.0,228,0.0,0.0,0.0,one,SR,1
0,3201,7636,6369,2217,123.1826,73.4747,11.3892,18.5383,11.3388,4309,2098,4309,2110,-30.73,21.72,40.99,21.71,171,0.0,171.0,13.0,many,SR,3
0,3202,9973,0,0,20.1673,13.4488,4.8616,0.0,0.0,1802,1370,0,0,2.21,18.57,0.0,0.0,223,0.0,0.0,0.0,one,SR,1
0,3207,9492,0,0,14.7046,10.1512,3.3074,0.0,0.0,1526,794,0,0,4.81,12.46,0.0,0.0,73,0.0,0.0,0.0,one,SR,1
0,3209,6655,4349,0,39.8572,22.3832,7.5893,7.2567,0.0,1561,1276,1112,0,-7.26,13.62,12.66,0.0,87,55.0,5.0,0.0,many,SR,2
0,3210,6388,1979,1978,95.3072,55.3414,11.8869,10.7404,10.7404,2800,2800,1929,1929,-29.98,25.74,20.12,20.12,276,276.0,0.0,0.0,many,SR,3
0,3211,4501,0,0,20.7265,14.3328,4.6269,0.0,0.0,1404,1285,0,0,-1.16,17.67,0.0,0.0,107,0.0,0.0,0.0,one,SR,1
0,3212,5137,0,0,17.8375,12.011,4.2188,0.0,0.0,1344,1135,0,0,-0.36,16.08,0.0,0.0,168,0.0,0.0,0.0,one,SR,1
0,3217,6407,4348,4347,99.9728,58.2163,13.2419,10.7636,10.7636,3241,3241,1936,1936,-28.86,29.5,20.19,20.19,319,319.0,0.0,0.0,many,SR,3
0,3224,7307,0,0,14.3001,9.4142,3.5465,0.0,0.0,1240,882,0,0,0.97,13.39,0.0,0.0,180,0.0,0.0,0.0,one,SR,1
0,3225,7906,7905,0,29.0066,15.5676,5.7279,5.7279,0.0,1598,785,785,0,-1.07,9.92,9.92,0.0,156,0.0,0.0,0.0,many,SR,2
0,3228,6207,1625,0,29.588,15.8646,5.8506,5.8487,0.0,1331,809,809,0,-4.24,10.12,10.12,0.0,161,0.0,0.0,0.0,many,SR,2
0,3233,2729,0,0,16.0745,10.5296,4.0189,0.0,0.0,1415,1058,0,0,1.12,15.26,0.0,0.0,219,0.0,0.0,0.0,one,SR,1
0,3244,5718,3530,0,33.907,19.017,6.3406,6.3492,0.0,1423,912,913,0,-4.86,11.0,11.01,0.0,54,0.0,0.0,0.0,many,SR,2
0,3248,6316,3021,0,38.4415,20.9024,7.1702,7.6967,0.0,1547,1297,1196,0,-7.81,13.31,13.41,0.0,215,113.0,0.0,0.0,many,SR,2
0,3252,1726,1725,0,51.2207,27.8394,9.8895,9.8895,0.0,2252,1706,1706,0,-8.78,18.01,18.01,0.0,313,0.0,0.0,0.0,many,SR,2
0,3257,2578,0,0,15.4828,10.7792,3.413,0.0,0.0,1461,836,0,0,3.73,12.91,0.0,0.0,57,0.0,0.0,0.0,one,SR,1
0,3259,9408,0,0,16.3629,11.3457,3.6386,0.0,0.0,1087,919,0,0,-0.99,13.79,0.0,0.0,73,0.0,0.0,0.0,one,SR,1
0,3260,5793,425,0,35.1606,19.9575,5.4008,7.5349,0.0,1219,716,1219,0,-7.61,9.33,13.34,0.0,31,0.0,31.0,0.0,many,SR,2
0,3261,951,0,0,38.3697,28.1472,6.8824,0.0,0.0,2816,2637,0,0,-0.49,33.4,0.0,0.0,131,0.0,0.0,0.0,one,SR,1
0,3263,8133,0,0,30.4109,22.0174,5.8437,0.0,0.0,2488,1965,0,0,3.18,25.5,0.0,0.0,64,0.0,0.0,0.0,one,SR,1
0,3273,6258,5187,0,69.0987,40.7308,10.9282,12.8206,0.0,2634,1985,2539,0,-13.92,20.62,25.57,0.0,58,3.0,33.0,0.0,many,SR,2
0,3275,4410,0,0,16.659,11.1009,4.0289,0.0,0.0,1343,1061,0,0,0.34,15.29,0.0,0.0,182,0.0,0.0,0.0,one,SR,1
0,3276,9560,5514,0,66.7155,37.2815,12.3193,12.3188,0.0,4700,2337,2337,0,6.19,23.98,23.97,0.0,401,-1.0,0.0,0.0,many,SR,2
0,3279,2778,0,0,14.4205,9.9703,3.2317,0.0,0.0,1229,768,0,0,1.94,12.18,0.0,0.0,68,0.0,0.0,0.0,one,SR,1
0,3282,3241,0,0,15.3076,10.2246,3.6885,0.0,0.0,1218,934,0,0,0.24,13.95,0.0,0.0,159,0.0,0.0,0.0,one,SR,1
0,3286,7456,0,0,16.1067,10.5317,4.0416,0.0,0.0,1338,1065,0,0,0.25,15.33,0.0,0.0,223,0.0,0.0,0.0,one,SR,1
0,3288,9579,6556,2655,89.3893,52.2868,10.4552,10.6192,10.0898,2063,2020,2063,1760,-31.78,20.22,20.64,18.52,79,80.0,79.0,0.0,many,SR,3
0,3289,2180,367,0,39.8006,21.7112,6.7358,8.5788,0.0,1762,996,1618,0,-6.47,11.71,16.04,0.0,223,0.0,121.0,0.0,many,SR,2
0,3290,6376,2219,842,74.0503,39.3027,9.8619,9.7509,9.7748,4230,1703,1670,1723,-3.83,17.96,17.67,17.96,610,2.0,0.0,22.0,many,SR,3
0,3293,3381,396,0,39.3347,22.0518,7.391,7.3294,0.0,2097,1134,1119,0,-1.04,12.87,12.76,0.0,69,2.0,0.0,0.0,many,SR,2
0,3298,7048,0,0,15.8371,11.0077,3.5039,0.0,0.0,1208,869,0,0,0.75,13.26,0.0,0.0,63,0.0,0.0,0.0,one,SR,1
0,3301,6565,6564,0,39.9596,22.7192,7.3428,7.3428,0.0,2142,1121,1121,0,-0.5,12.77,12.77,0.0,19,0.0,0.0,0.0,many,SR,2
0,3303,9262,0,0,28.5218,20.1864,5.8091,0.0,0.0,2411,1945,0,0,2.58,25.26,0.0,0.0,174,0.0,0.0,0.0,one,SR,1
0,3304,6590,6127,6126,139.7273,83.2222,22.595,12.319,12.319,4690,4690,2340,2340,-34.2,44.71,24.0,24.0,16,16.0,0.0,0.0,many,SR,3
0,3310,9364,0,0,14.2484,9.3344,3.5673,0.0,0.0,1389,889,0,0,2.46,13.47,0.0,0.0,190,0.0,0.0,0.0,one,SR,1
0,3313,8452,1353,0,40.9594,22.5132,9.538,6.1057,0.0,1910,1674,863,0,-5.17,17.44,10.58,0.0,185,28.0,0.0,0.0,many,SR,2
0,3322,8038,6632,0,37.0815,20.9994,5.7433,7.926,0.0,1335,789,1335,0,-7.7,9.95,14.18,0.0,49,0.0,49.0,0.0,many,SR,2
0,3325,7521,0,0,21.7851,15.5154,4.5379,0.0,0.0,1481,1252,0,0,-0.04,17.32,0.0,0.0,5,0.0,0.0,0.0,one,SR,1
0,3337,9645,0,0,14.8899,10.4792,3.2028,0.0,0.0,1037,758,0,0,0.02,12.08,0.0,0.0,27,0.0,0.0,0.0,one,SR,1
0,3340,5760,2476,0,48.9206,26.6923,9.2058,9.5893,0.0,2767,1671,1630,0,-1.85,17.04,17.29,0.0,287,68.0,0.0,0.0,many,SR,2
0,3349,8303,0,0,15.3042,10.6495,3.378,0.0,0.0,1125,823,0,0,0.32,12.77,0.0,0.0,58,0.0,0.0,0.0,one,SR,1
0,3353,4571,0,0,28.12,19.1055,6.1941,0.0,0.0,2725,2195,0,0,3.23,28.2,0.0,0.0,428,0.0,0.0,0.0,one,SR,1
0,3354,7931,7930,0,73.4682,43.276,12.623,12.623,0.0,3365,2417,2417,0,-9.18,24.73,24.73,0.0,85,0.0,0.0,0.0,many,SR,2
0,3357,6139,1376,0,32.5543,18.0015,5.7211,6.6366,0.0,1143,782,1108,0,-7.75,9.89,12.06,0.0,120,0.0,71.0,0.0,many,SR,2
0,3364,6715,0,0,16.0389,10.648,3.9073,0.0,0.0,1300,1018,0,0,0.3,14.84,0.0,0.0,185,0.0,0.0,0.0,one,SR,1
0,3367,6720,3949,0,33.4385,18.8302,6.7045,5.7317,0.0,1099,1023,791,0,-8.01,11.78,9.94,0.0,49,19.0,3.0,0.0,many,SR,2
0,3372,4509,0,0,15.3592,10.526,3.5066,0.0,0.0,1228,870,0,0,0.95,13.27,0.0,0.0,97,0.0,0.0,0.0,one,SR,1
0,3374,1005,1004,0,32.9383,18.2045,6.2783,6.2783,0.0,1951,899,899,0,0.89,10.89,10.89,0.0,95,0.0,0.0,0.0,many,SR,2
0,3378,337,0,0,16.7097,11.1272,4.0448,0.0,0.0,1227,1069,0,0,-0.96,15.38,0.0,0.0,185,0.0,0.0,0.0,one,SR,1
0,3381,303,0,0,15.4951,10.1155,3.8981,0.0,0.0,1473,1016,0,0,2.13,14.81,0.0,0.0,220,0.0,0.0,0.0,one,SR,1
0,3383,1986,1411,0,32.0156,18.14,5.9168,5.9101,0.0,1597,824,823,0,-1.67,10.25,10.24,0.0,21,0.0,0.0,0.0,many,SR,2
0,3391,7163,0,0,16.6382,11.6097,3.6478,0.0,0.0,1357,921,0,0,1.82,13.81,0.0,0.0,56,0.0,0.0,0.0,one,SR,1
0,3396,6828,6827,5951,67.1235,38.5226,7.3015,7.3015,9.7006,2497,1112,1112,1661,-12.46,12.7,12.7,17.58,11,0.0,0.0,1.0,many,SR,3
0,3401,1381,0,0,16.0665,11.1657,3.5551,0.0,0.0,1531,888,0,0,3.96,13.46,0.0,0.0,65,0.0,0.0,0.0,one,SR,1
0,3403,9149,2398,0,85.9498,49.9792,15.8536,14.0264,0.0,3823,3268,2782,0,-14.67,32.73,28.18,0.0,330,5.0,0.0,0.0,many,SR,2
0,3405,9132,9131,1707,83.0461,47.0194,10.1122,10.1122,9.9934,2221,2037,2037,1733,-28.96,19.91,19.91,18.27,359,130.0,130.0,0.0,many,SR,3
0,3409,6950,2907,154,64.133,34.5726,8.39,8.3919,8.39,3652,1339,1339,1339,-1.15,14.63,14.63,14.63,336,0.0,0.0,0.0,many,SR,3
0,3415,1187,1171,0,34.8843,18.8993,7.4803,6.0451,0.0,1574,1347,933,0,-5.61,13.79,10.8,0.0,221,106.0,44.0,0.0,many,SR,2
0,3417,64,63,0,49.954,28.4733,9.1253,9.1253,0.0,1847,1509,1509,0,-9.68,16.15,16.15,0.0,41,0.0,0.0,0.0,many,SR,2
0,3421,499,0,0,11.7676,7.3362,3.2193,0.0,0.0,1464,762,0,0,4.46,12.12,0.0,0.0,244,0.0,0.0,0.0,one,SR,1
0,3439,7232,5099,2409,69.8603,38.8321,8.8072,8.8053,8.8053,2229,1426,1426,1426,-18.09,15.37,15.37,15.37,182,0.0,0.0,0.0,many,SR,3
0,3443,6535,0,0,20.3186,14.0282,4.5544,0.0,0.0,1822,1256,0,0,3.51,17.36,0.0,0.0,109,0.0,0.0,0.0,one,SR,1
0,3450,8776,0,0,18.9496,13.4121,4.0146,0.0,0.0,1403,1055,0,0,1.03,15.23,0.0,0.0,20,0.0,0.0,0.0,one,SR,1
0,3453,7662,0,0,29.3956,20.3768,6.1949,0.0,0.0,2540,2198,0,0,1.26,28.24,0.0,0.0,344,0.0,0.0,0.0,one,SR,1
0,3463,3424,3423,0,88.5322,53.2094,14.6828,14.6828,0.0,4312,2952,2952,0,-8.34,29.79,29.79,0.0,28,0.0,0.0,0.0,many,SR,2
0,3466,6945,3348,494,54.6815,30.733,7.9468,6.1901,6.1844,1491,1491,881,881,-16.99,14.81,10.73,10.73,131,131.0,0.0,0.0,many,SR,3
0,3469,7107,0,0,26.0509,18.492,5.3713,0.0,0.0,2473,1657,0,0,6.28,21.88,0.0,0.0,82,0.0,0.0,0.0,one,SR,1
0,3473,7062,2916,2393,78.6393,44.3843,9.4238,9.4008,10.1356,2661,1588,1607,1864,-19.71,16.9,16.96,19.09,223,0.0,12.0,44.0,many,SR,3
0,3475,9854,9853,0,30.0272,15.7603,6.0789,6.0789,0.0,1416,859,859,0,-4.11,10.55,10.55,0.0,220,0.0,0.0,0.0,many,SR,2
0,3478,8301,6980,0,45.8746,25.9321,7.9475,9.0061,0.0,1552,1273,1492,0,-10.6,13.96,15.93,0.0,66,13.0,6.0,0.0,many,SR,2
0,3479,6943,792,0,37.475,20.2348,8.4958,6.1853,0.0,1716,1372,880,0,-5.01,14.87,10.72,0.0,191,5.0,0.0,0.0,many,SR,2
0,3483,9790,0,0,15.5204,10.3436,3.7526,0.0,0.0,1287,962,0,0,0.7,14.24,0.0,0.0,169,0.0,0.0,0.0,one,SR,1
0,3484,4402,409,408,50.6616,28.3938,6.4783,6.2266,6.2266,1410,1073,889,889,-15.22,11.76,10.8,10.8,112,71.0,0.0,0.0,many,SR,3
0,3490,3915,3914,0,35.5043,19.8107,6.6859,6.6859,0.0,1449,984,984,0,-5.68,11.61,11.61,0.0,74,0.0,0.0,0.0,many,SR,2
0,3491,6699,0,0,23.2773,16.6019,4.8312,0.0,0.0,1727,1358,0,0,1.54,18.44,0.0,0.0,0,0.0,0.0,0.0,one,SR,1
0,3493,1957,130,0,30.8176,17.505,5.6738,5.6751,0.0,1536,774,774,0,-1.55,9.81,9.82,0.0,12,1.0,0.0,0.0,many,SR,2
0,3495,2374,2373,0,28.9525,15.8446,5.5878,5.5878,0.0,1217,755,755,0,-4.61,9.66,9.66,0.0,106,0.0,0.0,0.0,many,SR,2
0,3500,757,0,0,15.9663,11.2627,3.4141,0.0,0.0,1311,835,0,0,2.16,12.9,0.0,0.0,24,0.0,0.0,0.0,one,SR,1
0,3504,5343,0,0,21.8573,14.981,4.9737,0.0,0.0,1678,1413,0,0,0.5,19.02,0.0,0.0,146,0.0,0.0,0.0,one,SR,1
0,3510,4716,4281,0,29.9011,16.9533,5.4398,5.5877,0.0,1257,744,771,0,-4.08,9.48,9.72,0.0,23,10.0,9.0,0.0,many,SR,2
0,3523,5832,0,0,17.988,12.6403,3.8758,0.0,0.0,1222,1007,0,0,-0.42,14.72,0.0,0.0,42,0.0,0.0,0.0,one,SR,1
0,3524,2500,0,0,15.2798,10.4766,3.4861,0.0,0.0,2371,861,0,0,13.04,13.17,0.0,0.0,94,0.0,0.0,0.0,one,SR,1
0,3526,8330,0,0,21.9801,14.6792,5.225,0.0,0.0,1815,1562,0,0,0.37,20.76,0.0,0.0,273,0.0,0.0,0.0,one,SR,1
0,3527,4199,0,0,15.729,11.1098,3.3529,0.0,0.0,1150,813,0,0,0.68,12.66,0.0,0.0,20,0.0,0.0,0.0,one,SR,1
0,3528,2999,0,0,19.2649,13.7275,4.0124,0.0,0.0,1057,1057,0,0,-2.63,15.25,0.0,0.0,0,0.0,0.0,0.0,one,SR,1
0,3532,9537,0,0,18.1279,12.4271,4.1313,0.0,0.0,1447,1099,0,0,1.07,15.69,0.0,0.0,116,0.0,0.0,0.0,one,SR,1
0,3538,5801,0,0,14.9645,10.1651,3.4834,0.0,0.0,1352,860,0,0,2.35,13.16,0.0,0.0,115,0.0,0.0,0.0,one,SR,1
0,3539,5073,0,0,16.5968,11.7148,3.5416,0.0,0.0,1133,883,0,0,-0.17,13.4,0.0,0.0,24,0.0,0.0,0.0,one,SR,1
0,3540,3595,0,0,15.9734,10.6857,3.8337,0.0,0.0,1230,990,0,0,-0.17,14.54,0.0,0.0,164,0.0,0.0,0.0,one,SR,1
0,3541,9868,0,0,17.1408,12.1968,3.5877,0.0,0.0,1152,898,0,0,-0.11,13.56,0.0,0.0,1,0.0,0.0,0.0,one,SR,1
0,3545,3624,3623,0,44.9544,24.6917,8.6269,8.6269,0.0,1767,1388,1388,0,-8.53,15.04,15.04,0.0,163,0.0,0.0,0.0,many,SR,2
0,3547,9502,0,0,24.9272,16.9242,5.619,0.0,0.0,2250,1824,0,0,2.17,23.84,0.0,0.0,309,0.0,0.0,0.0,one,SR,1
0,3548,6174,6173,0,41.5074,22.5019,8.0918,8.0918,0.0,1832,1278,1278,0,-6.16,14.11,14.11,0.0,198,0.0,0.0,0.0,many,SR,2
0,3549,9925,0,0,12.2545,7.9921,3.098,0.0,0.0,1194,717,0,0,2.06,11.64,0.0,0.0,170,0.0,0.0,0.0,one,SR,1
0,3550,548,0,0,23.1449,15.6223,5.349,0.0,0.0,2465,1645,0,0,6.32,21.74,0.0,0.0,269,0.0,0.0,0.0,one,SR,1
0,3551,4911,0,0,24.6849,17.0746,5.3979,0.0,0.0,2328,1678,0,0,4.53,22.12,0.0,0.0,194,0.0,0.0,0.0,one,SR,1
0,3552,4920,4919,0,65.0396,38.0716,11.3294,11.3294,0.0,2943,2080,2080,0,-7.88,21.55,21.55,0.0,49,0.0,0.0,0.0,many,SR,2
0,3554,1138,0,0,28.244,20.2723,5.6054,0.0,0.0,1980,1809,0,0,-0.51,23.66,0.0,0.0,70,0.0,0.0,0.0,one,SR,1
0,3559,7079,0,0,22.1166,15.7474,4.6099,0.0,0.0,2183,1278,0,0,7.09,17.59,0.0,0.0,6,0.0,0.0,0.0,one,SR,1
0,3562,9985,0,0,15.9972,10.6477,3.8766,0.0,0.0,1348,1008,0,0,0.9,14.73,0.0,0.0,178,0.0,0.0,0.0,one,SR,1
0,3563,4944,2479,0,39.1082,21.2464,7.6136,7.6007,0.0,1770,1176,1174,0,-5.24,13.25,13.22,0.0,176,-1.0,0.0,0.0,many,SR,2
0,3565,4139,0,0,15.6279,10.2313,3.913,0.0,0.0,1288,1018,0,0,0.17,14.84,0.0,0.0,213,0.0,0.0,0.0,one,SR,1
0,3566,1641,124,0,50.8107,28.3321,9.0618,9.9695,0.0,1947,1492,1783,0,-10.58,15.99,18.48,0.0,184,0.0,27.0,0.0,many,SR,2
0,3573,3957,0,0,25.3943,17.7949,5.3918,0.0,0.0,2191,1674,0,0,3.14,22.08,0.0,0.0,142,0.0,0.0,0.0,one,SR,1
0,3576,6221,0,0,14.5459,9.7916,3.45,0.0,0.0,1181,849,0,0,0.66,13.04,0.0,0.0,133,0.0,0.0,0.0,one,SR,1
0,3578,3637,202,0,64.0227,36.8486,12.4168,10.3687,0.0,3090,2391,1897,0,-7.05,24.36,19.52,0.0,181,13.0,31.0,0.0,many,SR,2
0,3580,8868,0,0,23.4537,16.1949,5.197,0.0,0.0,1823,1550,0,0,0.59,20.62,0.0,0.0,161,0.0,0.0,0.0,one,SR,1
0,3582,6507,3179,0,56.1623,32.3525,9.7317,10.2933,0.0,2056,1666,2056,0,-12.47,17.63,20.21,0.0,117,0.0,117.0,0.0,many,SR,2
0,3583,6232,914,0,27.2816,13.358,5.803,6.0421,0.0,2199,865,852,0,4.38,10.31,10.48,0.0,365,34.0,1.0,0.0,many,SR,2
0,3590,9712,1709,1708,93.602,54.7304,11.8968,10.3939,10.3939,2411,2307,1839,1839,-30.37,23.33,19.27,19.27,65,38.0,0.0,0.0,many,SR,3
0,3597,6308,0,0,19.3255,13.4558,4.2515,0.0,0.0,1534,1145,0,0,1.54,16.18,0.0,0.0,76,0.0,0.0,0.0,one,SR,1
0,3602,2100,2099,732,64.1193,36.8356,6.7655,6.7655,9.6509,1660,1001,1001,1659,-19.49,11.75,11.75,17.51,6,0.0,0.0,6.0,many,SR,3
0,3603,3884,0,0,13.7406,9.4595,3.1115,0.0,0.0,1096,722,0,0,0.98,11.7,0.0,0.0,73,0.0,0.0,0.0,one,SR,1
0,3606,5814,5813,0,30.7808,16.3294,6.1575,6.1575,0.0,1201,875,875,0,-6.62,10.68,10.68,0.0,198,0.0,0.0,0.0,many,SR,2
0,3608,7261,0,0,18.5517,13.0725,3.9701,0.0,0.0,1525,1042,0,0,2.43,15.09,0.0,0.0,35,0.0,0.0,0.0,one,SR,1
0,3617,1041,0,0,18.0613,12.7529,3.8491,0.0,0.0,1290,995,0,0,0.41,14.59,0.0,0.0,26,0.0,0.0,0.0,one,SR,1
0,3624,9234,0,0,17.1229,11.5518,4.0367,0.0,0.0,1619,1066,0,0,3.19,15.34,0.0,0.0,154,0.0,0.0,0.0,one,SR,1
0,3626,7707,0,0,20.1803,14.3444,4.2261,0.0,0.0,1207,1137,0,0,-1.81,16.1,0.0,0.0,10,0.0,0.0,0.0,one,SR,1
0,3627,1067,0,0,13.9608,9.6758,3.1142,0.0,0.0,1143,723,0,0,1.46,11.71,0.0,0.0,59,0.0,0.0,0.0,one,SR,1
0,3628,6875,1075,0,42.7199,23.3515,9.8554,6.3969,0.0,2478,2113,944,0,-2.03,19.98,11.18,0.0,320,199.0,10.0,0.0,many,SR,2
0,3631,1682,0,0,18.6253,12.9695,4.099,0.0,0.0,1597,1087,0,0,2.76,15.57,0.0,0.0,71,0.0,0.0,0.0,one,SR,1
0,3632,4235,2325,0,38.0145,19.6713,7.8108,7.8108,0.0,3189,1219,1219,0,8.99,13.61,13.61,0.0,329,0.0,0.0,0.0,many,SR,2
0,3637,2036,0,0,19.6451,13.4955,4.4539,0.0,0.0,1438,1218,0,0,-0.16,16.96,0.0,0.0,121,0.0,0.0,0.0,one,SR,1
0,3638,6762,6637,0,31.9195,17.5126,6.3455,5.8833,0.0,1387,1011,866,0,-5.04,11.4,10.38,0.0,143,52.0,26.0,0.0,many,SR,2
0,3641,7344,5768,0,92.1367,53.8985,16.5963,14.6413,0.0,5269,3450,4127,0,-7.68,34.49,35.51,0.0,621,0.0,569.0,0.0,many,SR,2
0,3647,365,0,0,15.7058,11.1149,3.3322,0.0,0.0,1129,806,0,0,0.53,12.59,0.0,0.0,15,0.0,0.0,0.0,one,SR,1
0,3657,879,0,0,16.264,11.0383,3.7898,0.0,0.0,2533,973,0,0,13.67,14.36,0.0,0.0,129,0.0,0.0,0.0,one,SR,1
0,3659,7867,719,0,39.0139,21.6446,7.2971,7.4654,0.0,1421,1116,1236,0,-8.54,12.71,13.35,0.0,124,2.0,47.0,0.0,many,SR,2
0,3661,836,0,0,23.2825,16.3856,4.9891,0.0,0.0,1871,1418,0,0,2.48,19.08,0.0,0.0,54,0.0,0.0,0.0,one,SR,1
0,3662,9693,9691,0,72.7854,40.4546,13.4816,13.4816,0.0,4501,2640,2640,0,-1.05,26.84,26.84,0.0,536,0.0,0.0,0.0,many,SR,2
0,3668,8899,6087,0,88.7726,52.4036,15.3685,14.6189,0.0,3654,3130,3485,0,-19.07,31.48,32.34,0.0,343,-1.0,263.0,0.0,many,SR,2
0,3676,8619,2318,0,77.7927,45.4836,11.5961,15.1479,0.0,3684,2449,3283,0,-11.4,23.68,31.97,0.0,314,143.0,100.0,0.0,many,SR,2
0,3677,3527,3526,0,41.4277,22.2001,8.1867,8.1867,0.0,1769,1297,1297,0,-7.11,14.27,14.27,0.0,238,0.0,0.0,0.0,many,SR,2
0,3679,3958,0,0,25.6893,18.4319,5.2003,0.0,0.0,1779,1546,0,0,0.17,20.57,0.0,0.0,6,0.0,0.0,0.0,one,SR,1
0,3684,4924,4923,0,52.1874,28.9268,9.8395,9.8395,0.0,2029,1695,1695,0,-10.93,17.91,17.91,0.0,226,0.0,0.0,0.0,many,SR,2
0,3688,4756,4684,0,34.6113,19.0271,6.9006,6.3397,0.0,1225,1142,913,0,-8.23,12.43,11.01,0.0,141,61.0,0.0,0.0,many,SR,2
0,3689,8536,619,0,37.3936,21.0531,7.6368,6.2774,0.0,1434,1201,900,0,-6.78,13.37,10.89,0.0,54,10.0,0.0,0.0,many,SR,2
0,3690,7271,0,0,15.4614,10.4348,3.6459,0.0,0.0,1386,921,0,0,2.13,13.81,0.0,0.0,136,0.0,0.0,0.0,one,SR,1
0,3694,9031,4610,0,56.9753,31.922,10.6825,10.4094,0.0,2997,1979,1844,0,-4.18,20.3,19.32,0.0,255,31.0,0.0,0.0,many,SR,2
0,3696,8911,0,0,21.3128,15.1032,4.4948,0.0,0.0,2209,1236,0,0,7.76,17.15,0.0,0.0,23,0.0,0.0,0.0,one,SR,1
0,3700,9532,9531,0,29.5854,16.7597,5.468,5.468,0.0,1389,730,730,0,-2.42,9.45,9.45,0.0,17,0.0,0.0,0.0,many,SR,2
0,3701,7465,7464,0,34.4456,19.1436,6.519,6.519,0.0,1316,950,950,0,-6.56,11.32,11.32,0.0,84,0.0,0.0,0.0,many,SR,2
0,3702,9694,6386,0,36.4478,19.8472,7.2075,6.8816,0.0,1683,1092,1183,0,-4.93,12.53,12.59,0.0,188,0.0,84.0,0.0,many,SR,2
0,3703,8743,0,0,14.0145,9.3748,3.3672,0.0,0.0,1188,819,0,0,1.02,12.73,0.0,0.0,142,0.0,0.0,0.0,one,SR,1
0,3706,6016,0,0,18.5946,13.1305,3.9604,0.0,0.0,1162,1037,0,0,-1.33,15.04,0.0,0.0,28,0.0,0.0,0.0,one,SR,1
0,3707,9311,1881,38,63.7254,35.362,8.2712,7.8869,7.9249,2141,1515,1245,1242,-16.04,15.22,13.79,13.8,216,107.0,5.0,0.0,many,SR,3
0,3718,4591,59,0,49.7968,26.9948,7.9987,11.2538,0.0,2366,1257,2102,0,-7.1,13.93,21.56,0.0,338,0.0,20.0,0.0,many,SR,2
0,3720,6112,5003,0,35.2398,19.3945,6.636,6.8483,0.0,1250,974,1065,0,-8.12,11.52,12.09,0.0,127,0.0,25.0,0.0,many,SR,2
0,3728,7024,5201,5200,51.0464,27.9183,6.5689,6.5689,6.5689,1309,960,960,960,-17.05,11.4,11.4,11.4,196,0.0,0.0,0.0,many,SR,3
0,3729,860,0,0,22.2506,15.3369,4.9996,0.0,0.0,2290,1424,0,0,6.82,19.14,0.0,0.0,129,0.0,0.0,0.0,one,SR,1
0,3739,4250,4249,0,62.2303,34.9648,11.4469,11.4469,0.0,2535,2113,2113,0,-12.73,21.86,21.86,0.0,299,0.0,0.0,0.0,many,SR,2
0,3745,2824,0,0,18.1836,12.2087,4.3258,0.0,0.0,1485,1174,0,0,0.75,16.49,0.0,0.0,180,0.0,0.0,0.0,one,SR,1
0,3747,3916,0,0,17.203,11.2581,4.3065,0.0,0.0,2153,1164,0,0,7.86,16.38,0.0,0.0,238,0.0,0.0,0.0,one,SR,1
0,3761,6594,6593,0,30.2619,16.8002,5.7384,5.7384,0.0,1082,786,786,0,-6.5,9.92,9.92,0.0,73,0.0,0.0,0.0,many,SR,2
0,3766,6533,6532,0,47.4469,26.2731,9.0021,9.0021,0.0,1976,1477,1477,0,-7.78,15.85,15.85,0.0,154,0.0,0.0,0.0,many,SR,2
0,3767,4927,2566,0,43.1567,22.8429,8.7299,8.5655,0.0,1848,1410,1376,0,-7.76,15.24,14.94,0.0,295,-1.0,0.0,0.0,many,SR,2
0,3772,4905,0,0,39.9961,29.7171,6.9095,0.0,0.0,4360,2662,0,0,15.45,33.7,0.0,0.0,42,0.0,0.0,0.0,one,SR,1
0,3775,4441,4432,965,58.0817,33.0277,6.68,7.1434,7.395,1340,1167,1081,1318,-20.45,12.32,12.43,13.6,102,99.0,0.0,100.0,many,SR,3
0,3780,5990,4639,0,37.8459,20.9875,7.176,7.1846,0.0,1641,1087,1088,0,-5.25,12.48,12.49,0.0,102,0.0,0.0,0.0,many,SR,2
0,3784,7851,333,0,37.9557,21.1396,6.7317,7.5645,0.0,1306,997,1248,0,-8.97,11.71,13.49,0.0,105,1.0,43.0,0.0,many,SR,2
0,3790,6810,5483,0,34.1858,19.3128,6.3368,6.3368,0.0,1628,912,912,0,-2.7,11.0,11.0,0.0,33,0.0,0.0,0.0,many,SR,2
0,3792,9103,0,0,19.9881,13.525,4.6773,0.0,0.0,1457,1303,0,0,-0.77,17.86,0.0,0.0,174,0.0,0.0,0.0,one,SR,1
0,3793,8882,0,0,13.6391,9.1608,3.2535,0.0,0.0,1569,774,0,0,5.45,12.25,0.0,0.0,127,0.0,0.0,0.0,one,SR,1
0,3794,8141,8019,3946,72.1155,41.1404,7.9364,7.7648,10.4576,2086,1244,1311,2058,-21.44,13.82,13.92,20.42,151,0.0,55.0,97.0,many,SR,3
0,3796,3499,0,0,14.4912,9.9603,3.2891,0.0,0.0,1187,790,0,0,1.29,12.42,0.0,0.0,83,0.0,0.0,0.0,one,SR,1
0,3800,7251,0,0,13.5511,9.116,3.222,0.0,0.0,1207,763,0,0,1.76,12.13,0.0,0.0,123,0.0,0.0,0.0,one,SR,1
0,3802,5778,5777,790,82.8851,48.1701,10.4855,10.4855,8.0707,3590,2236,2236,1274,-13.36,21.33,21.33,14.08,197,179.0,179.0,0.0,many,SR,3
0,3803,1772,0,0,18.5886,12.332,4.5302,0.0,0.0,1746,1247,0,0,2.8,17.26,0.0,0.0,219,0.0,0.0,0.0,one,SR,1
0,3805,3353,1045,0,37.1281,20.6966,6.9823,7.0152,0.0,1560,1047,1052,0,-5.53,12.14,12.2,0.0,83,0.0,-1.0,0.0,many,SR,2
0,3806,6846,0,0,23.6378,16.1416,5.3332,0.0,0.0,1821,1636,0,0,-0.35,21.63,0.0,0.0,227,0.0,0.0,0.0,one,SR,1
0,3808,1321,1320,0,75.554,42.1414,13.9148,13.9148,0.0,3784,2754,2754,0,-10.52,27.92,27.92,0.0,553,0.0,0.0,0.0,many,SR,2
0,3812,1358,0,0,21.1348,15.036,4.417,0.0,0.0,1249,1205,0,0,-2.02,16.82,0.0,0.0,7,0.0,0.0,0.0,one,SR,1
0,3825,4299,4298,0,46.2497,25.3731,8.8828,8.8828,0.0,2039,1446,1446,0,-6.59,15.55,15.55,0.0,179,0.0,0.0,0.0,many,SR,2
0,3829,3038,0,0,28.8513,20.6607,5.7278,0.0,0.0,2493,1891,0,0,4.01,24.63,0.0,0.0,103,0.0,0.0,0.0,one,SR,1
0,3844,9105,0,0,16.343,11.2638,3.6836,0.0,0.0,1688,935,0,0,5.16,13.96,0.0,0.0,89,0.0,0.0,0.0,one,SR,1
0,3849,7744,4187,0,36.0778,19.6066,6.7042,7.3219,0.0,1399,989,1132,0,-7.32,11.65,12.8,0.0,164,0.0,8.0,0.0,many,SR,2
0,3851,3007,0,0,17.5976,12.4584,3.7256,0.0,0.0,1457,952,0,0,2.58,14.14,0.0,0.0,18,0.0,0.0,0.0,one,SR,1
0,3857,5753,0,0,15.8254,10.7613,3.6717,0.0,0.0,1301,932,0,0,1.13,13.92,0.0,0.0,121,0.0,0.0,0.0,one,SR,1
0,3859,6120,3872,2385,67.5361,38.5122,8.2405,8.25,8.2223,1901,1309,1311,1306,-18.84,14.37,14.39,14.35,20,0.0,0.0,0.0,many,SR,3
0,3862,390,0,0,17.3882,11.8151,4.0375,0.0,0.0,1143,1067,0,0,-1.82,15.36,0.0,0.0,137,0.0,0.0,0.0,one,SR,1
0,3864,7882,954,0,31.9753,17.6449,6.4137,5.7029,0.0,1218,1218,779,0,-7.13,12.27,9.87,0.0,156,156.0,0.0,0.0,many,SR,2
0,3870,622,0,0,18.409,13.018,3.9095,0.0,0.0,1576,1016,0,0,3.21,14.81,0.0,0.0,22,0.0,0.0,0.0,one,SR,1
0,3871,752,0,0,17.4571,11.4578,4.3439,0.0,0.0,1438,1180,0,0,0.2,16.55,0.0,0.0,235,0.0,0.0,0.0,one,SR,1
0,3872,5683,3609,0,84.0912,50.1556,14.142,14.0377,0.0,3261,2813,2964,0,-17.56,28.47,29.09,0.0,113,0.0,86.0,0.0,many,SR,2
0,3881,9052,8232,0,49.1925,28.2136,9.3828,8.4256,0.0,1694,1619,1348,0,-10.75,17.0,14.7,0.0,22,20.0,0.0,0.0,many,SR,2
0,3886,5179,2921,0,43.8819,24.1518,8.3996,8.3997,0.0,1726,1341,1343,0,-8.25,14.65,14.66,0.0,152,0.0,0.0,0.0,many,SR,2
0,3888,4475,3174,0,35.4266,20.1002,6.5651,6.4932,0.0,1714,960,945,0,-2.42,11.4,11.28,0.0,22,0.0,0.0,0.0,many,SR,2
0,3889,8284,0,0,17.086,12.0819,3.6297,0.0,0.0,1483,915,0,0,3.2,13.74,0.0,0.0,20,0.0,0.0,0.0,one,SR,1
0,3893,3818,3728,0,43.7917,24.5091,7.9641,8.3852,0.0,2333,1448,1350,0,-1.9,14.66,14.67,0.0,129,105.0,6.0,0.0,many,SR,2
0,3908,5084,0,0,19.181,13.3976,4.1895,0.0,0.0,1480,1122,0,0,1.2,15.94,0.0,0.0,65,0.0,0.0,0.0,one,SR,1
0,3920,8201,0,0,33.4532,23.4947,6.7278,0.0,0.0,3851,2544,0,0,11.36,32.31,0.0,0.0,381,0.0,0.0,0.0,one,SR,1
0,3923,4648,0,0,18.3198,13.0303,3.8345,0.0,0.0,1057,991,0,0,-2.0,14.55,0.0,0.0,5,0.0,0.0,0.0,one,SR,1
0,3925,7041,0,0,29.5114,20.1368,6.3967,0.0,0.0,2892,2329,0,0,3.56,29.78,0.0,0.0,455,0.0,0.0,0.0,one,SR,1
0,3931,7885,4230,2618,73.8537,41.9428,9.0529,9.0386,9.033,2830,1499,1485,1485,-13.36,16.02,15.92,15.92,78,4.0,0.0,0.0,many,SR,3
0,3933,6523,0,0,23.0827,16.0195,5.0861,0.0,0.0,1606,1478,0,0,-0.93,19.77,0.0,0.0,121,0.0,0.0,0.0,one,SR,1
0,3935,9773,9772,0,52.6847,30.0589,9.5854,9.5854,0.0,2539,1628,1628,0,-4.43,17.27,17.27,0.0,71,0.0,0.0,0.0,many,SR,2
0,3940,5070,0,0,13.4794,8.8753,3.3433,0.0,0.0,1210,808,0,0,1.36,12.61,0.0,0.0,169,0.0,0.0,0.0,one,SR,1
0,3941,6688,0,0,16.1226,11.4715,3.3775,0.0,0.0,1132,820,0,0,0.42,12.74,0.0,0.0,0,0.0,0.0,0.0,one,SR,1
0,3942,6511,0,0,14.5116,9.5452,3.6017,0.0,0.0,1341,906,0,0,1.8,13.65,0.0,0.0,187,0.0,0.0,0.0,one,SR,1
0,3943,7504,0,0,14.9171,10.3637,3.3074,0.0,0.0,1215,794,0,0,1.54,12.46,0.0,0.0,58,0.0,0.0,0.0,one,SR,1
0,3944,6113,5957,0,31.1533,15.7321,6.6451,6.4816,0.0,2047,1017,941,0,0.84,11.7,11.24,0.0,336,22.0,0.0,0.0,many,SR,2
0,3949,9329,0,0,21.321,15.0907,4.5102,0.0,0.0,1855,1241,0,0,4.0,17.2,0.0,0.0,27,0.0,0.0,0.0,one,SR,1
0,3954,1858,0,0,17.3828,11.6989,4.1175,0.0,0.0,1512,1096,0,0,1.78,15.66,0.0,0.0,164,0.0,0.0,0.0,one,SR,1
0,3960,2969,0,0,17.5569,11.7417,4.2107,0.0,0.0,1315,1132,0,0,-0.63,16.04,0.0,0.0,184,0.0,0.0,0.0,one,SR,1
0,3962,6338,2575,0,45.8768,25.7407,8.6188,8.5074,0.0,1489,1407,1399,0,-11.45,15.12,14.98,0.0,92,10.0,19.0,0.0,many,SR,2
0,3966,8675,8362,0,59.7837,34.6688,9.9146,11.1679,0.0,2940,1715,2255,0,-5.42,18.1,22.23,0.0,111,0.0,103.0,0.0,many,SR,2
0,3970,5019,4974,0,48.1941,26.707,8.9295,9.289,0.0,1708,1555,1551,0,-11.48,16.14,16.55,0.0,185,47.0,0.0,0.0,many,SR,2
0,3971,1818,1145,0,27.8515,15.0485,5.4584,5.4584,0.0,1678,728,728,0,0.64,9.43,9.43,0.0,132,0.0,0.0,0.0,many,SR,2
0,3975,7869,7868,0,40.2281,22.2461,7.6583,7.6583,0.0,1738,1186,1186,0,-5.74,13.33,13.33,0.0,119,0.0,0.0,0.0,many,SR,2
0,3980,2324,0,0,39.9228,28.3423,7.6524,0.0,0.0,3754,3137,0,0,4.06,39.28,0.0,0.0,478,0.0,0.0,0.0,one,SR,1
0,3982,8105,7467,0,45.2557,24.9025,7.9029,9.1985,0.0,1811,1811,1528,0,-10.25,16.19,16.33,0.0,298,298.0,0.0,0.0,many,SR,2
0,3983,7122,0,0,18.3284,12.1564,4.4679,0.0,0.0,1533,1226,0,0,0.76,17.04,0.0,0.0,217,0.0,0.0,0.0,one,SR,1
0,3995,9640,5649,4930,69.2478,38.2812,8.5885,8.8398,8.8293,2108,1623,1463,1431,-20.25,16.08,15.58,15.42,280,121.0,14.0,-1.0,many,SR,3
0,4002,7139,7084,5571,74.5927,42.1179,9.3737,8.952,9.0592,2349,2067,1463,1495,-21.14,19.18,15.72,16.0,252,237.0,0.0,2.0,many,SR,3
0,4003,2917,0,0,20.1493,14.3245,4.2202,0.0,0.0,1852,1132,0,0,5.01,16.04,0.0,0.0,8,0.0,0.0,0.0,one,SR,1
0,4004,7965,0,0,14.475,9.4559,3.6416,0.0,0.0,1216,918,0,0,0.37,13.78,0.0,0.0,201,0.0,0.0,0.0,one,SR,1
0,4006,2974,0,0,15.0722,10.6897,3.1843,0.0,0.0,1025,749,0,0,-0.02,11.98,0.0,0.0,7,0.0,0.0,0.0,one,SR,1
0,4016,9960,7766,0,36.2972,20.3848,6.8395,6.707,0.0,2057,1049,988,0,0.3,12.02,11.64,0.0,62,17.0,0.0,0.0,many,SR,2
0,4020,7732,0,0,19.6905,13.0284,4.819,0.0,0.0,1542,1357,0,0,-0.4,18.43,0.0,0.0,243,0.0,0.0,0.0,one,SR,1
0,4021,3890,0,0,15.7148,10.3163,3.9149,0.0,0.0,1422,1018,0,0,1.58,14.84,0.0,0.0,207,0.0,0.0,0.0,one,SR,1
0,4023,3208,0,0,19.6375,13.6834,4.3105,0.0,0.0,1267,1169,0,0,-1.49,16.44,0.0,0.0,76,0.0,0.0,0.0,one,SR,1
0,4029,1643,0,0,37.2193,27.5989,6.5401,0.0,0.0,2570,2416,0,0,-0.74,30.8,0.0,0.0,9,0.0,0.0,0.0,one,SR,1
0,4036,4737,0,0,12.542,8.2326,3.1323,0.0,0.0,1502,729,0,0,5.18,11.77,0.0,0.0,161,0.0,0.0,0.0,one,SR,1
0,4038,4406,0,0,15.4591,10.5789,3.5408,0.0,0.0,1133,882,0,0,-0.16,13.39,0.0,0.0,101,0.0,0.0,0.0,one,SR,1
0,4042,8187,8086,0,42.4839,24.2218,7.8958,7.6541,0.0,1359,1239,1193,0,-10.14,13.77,13.35,0.0,13,1.0,4.0,0.0,many,SR,2
0,4045,8022,3704,0,41.0204,23.4527,6.754,8.2079,0.0,1303,999,1303,0,-9.77,11.74,14.32,0.0,0,0.0,0.0,0.0,many,SR,2
0,4046,4973,0,0,22.9543,15.9361,5.0622,0.0,0.0,1807,1460,0,0,1.37,19.56,0.0,0.0,114,0.0,0.0,0.0,one,SR,1
0,4050,4548,3316,0,30.6284,17.0596,5.7816,5.7835,0.0,1102,797,797,0,-6.46,10.02,10.02,0.0,67,0.0,0.0,0.0,many,SR,2
0,4051,8237,0,0,16.7616,11.7913,3.6066,0.0,0.0,1403,905,0,0,2.46,13.64,0.0,0.0,33,0.0,0.0,0.0,one,SR,1
0,4056,848,0,0,14.8293,10.5237,3.1307,0.0,0.0,1004,727,0,0,-0.03,11.75,0.0,0.0,4,0.0,0.0,0.0,one,SR,1
0,4063,9486,0,0,21.3389,15.0543,4.5476,0.0,0.0,1621,1257,0,0,1.39,17.37,0.0,0.0,40,0.0,0.0,0.0,one,SR,1
0,4066,8179,0,0,15.3976,10.7221,3.3956,0.0,0.0,1367,826,0,0,2.83,12.8,0.0,0.0,55,0.0,0.0,0.0,one,SR,1
0,4072,4726,2457,0,36.5601,20.7195,6.7367,6.7565,0.0,2132,995,1007,0,1.26,11.7,11.77,0.0,28,0.0,4.0,0.0,many,SR,2
0,4080,5035,2406,0,42.9702,24.2425,9.1538,6.7472,0.0,1618,1584,996,0,-8.45,16.56,11.71,0.0,82,32.0,0.0,0.0,many,SR,2
0,4082,9069,8781,0,33.473,18.2603,6.333,6.6241,0.0,1275,912,985,0,-6.91,11.0,11.56,0.0,139,0.0,7.0,0.0,many,SR,2
0,4088,4180,0,0,23.8443,16.3536,5.3302,0.0,0.0,1859,1634,0,0,0.07,21.61,0.0,0.0,211,0.0,0.0,0.0,one,SR,1
0,4090,9801,0,0,15.5617,11.0383,3.2859,0.0,0.0,1026,786,0,0,-0.36,12.38,0.0,0.0,7,0.0,0.0,0.0,one,SR,1
0,4091,7610,6809,0,43.0695,23.5962,6.4674,9.8245,0.0,2116,1248,1994,0,-6.41,12.45,19.36,0.0,344,165.0,145.0,0.0,many,SR,2
0,4095,4528,2878,0,36.0851,20.3565,6.607,6.7607,0.0,1799,1067,1000,0,-2.36,11.86,11.74,0.0,61,53.0,0.0,0.0,many,SR,2
0,4097,7818,3180,614,62.7794,35.7375,7.6781,7.6756,7.6756,1675,1192,1192,1192,-18.53,13.37,13.38,13.38,26,1.0,0.0,0.0,many,SR,3
0,4107,8481,6760,0,38.7911,20.5985,7.7724,7.7216,0.0,1978,1211,1200,0,-3.52,13.54,13.45,0.0,252,0.0,0.0,0.0,many,SR,2
0,4108,4496,0,0,15.2337,10.3216,3.5654,0.0,0.0,1152,889,0,0,-0.03,13.47,0.0,0.0,123,0.0,0.0,0.0,one,SR,1
0,4109,6524,4486,0,36.4942,20.3877,5.5744,8.1159,0.0,1596,753,1375,0,-4.99,9.64,14.52,0.0,93,0.0,49.0,0.0,many,SR,2
0,4112,4674,0,0,14.0019,9.4127,3.3336,0.0,0.0,1305,803,0,0,2.4,12.56,0.0,0.0,129,0.0,0.0,0.0,one,SR,1
0,4117,6091,0,0,14.1422,9.4987,3.3699,0.0,0.0,1197,820,0,0,1.11,12.74,0.0,0.0,134,0.0,0.0,0.0,one,SR,1
0,4127,6949,3795,0,32.8208,17.4634,6.6064,6.4625,0.0,1309,969,986,0,-6.85,11.48,11.4,0.0,214,0.0,26.0,0.0,many,SR,2
0,4131,5411,4327,0,51.8426,28.956,8.9964,10.3323,0.0,2099,1476,1950,0,-9.98,15.84,19.74,0.0,209,0.0,61.0,0.0,many,SR,2
0,4132,578,0,0,13.2251,8.3524,3.5376,0.0,0.0,1743,878,0,0,6.29,13.35,0.0,0.0,250,0.0,0.0,0.0,one,SR,1
0,4135,7752,7482,0,27.4902,14.7516,5.4044,5.4028,0.0,1601,876,718,0,-0.57,9.97,9.35,0.0,180,85.0,0.0,0.0,many,SR,2
0,4137,2701,1797,583,44.5444,24.3788,5.5706,5.9709,5.5648,1303,753,1082,751,-13.85,9.64,11.32,9.63,215,0.0,132.0,0.0,many,SR,3
0,4142,6557,3612,0,43.3864,23.4391,8.1244,8.8268,0.0,1692,1284,1509,0,-9.2,14.16,15.8,0.0,241,0.0,37.0,0.0,many,SR,2
0,4151,4527,0,0,15.8191,10.0734,4.1614,0.0,0.0,1763,1113,0,0,4.25,15.84,0.0,0.0,286,0.0,0.0,0.0,one,SR,1
0,4161,9780,9779,0,37.8202,20.5609,7.3514,7.3514,0.0,1762,1122,1122,0,-4.51,12.78,12.78,0.0,167,0.0,0.0,0.0,many,SR,2
0,4162,5237,1738,0,32.2165,18.0191,6.0712,6.0281,0.0,1334,857,848,0,-4.88,10.53,10.45,0.0,59,0.0,0.0,0.0,many,SR,2
0,4166,9326,6695,0,42.0672,23.3238,5.6549,10.093,0.0,1986,1178,1765,0,-6.11,11.4,18.55,0.0,248,218.0,2.0,0.0,many,SR,2
0,4174,6849,6848,0,32.4848,17.3935,6.4298,6.4298,0.0,1224,931,931,0,-7.23,11.16,11.16,0.0,184,0.0,0.0,0.0,many,SR,2
0,4176,2525,0,0,29.4939,21.2164,5.7771,0.0,0.0,2990,1923,0,0,8.89,25.0,0.0,0.0,88,0.0,0.0,0.0,one,SR,1
0,4177,9898,0,0,18.7758,12.6507,4.4336,0.0,0.0,1439,1214,0,0,-0.11,16.91,0.0,0.0,176,0.0,0.0,0.0,one,SR,1
0,4179,9754,0,0,26.8981,18.6358,5.7701,0.0,0.0,2308,1916,0,0,1.8,24.92,0.0,0.0,259,0.0,0.0,0.0,one,SR,1
0,4184,8497,0,0,15.7237,10.9525,3.4615,0.0,0.0,1226,854,0,0,1.09,13.1,0.0,0.0,57,0.0,0.0,0.0,one,SR,1
0,4185,6229,0,0,16.3579,11.1905,3.7464,0.0,0.0,1405,959,0,0,1.96,14.21,0.0,0.0,109,0.0,0.0,0.0,one,SR,1
0,4188,4189,0,0,23.8365,16.6274,5.1696,0.0,0.0,2038,1531,0,0,3.04,20.39,0.0,0.0,118,0.0,0.0,0.0,one,SR,1
0,4194,1371,0,0,37.4731,25.9374,7.6229,0.0,0.0,4447,3124,0,0,11.48,39.13,0.0,0.0,633,0.0,0.0,0.0,one,SR,1
0,4198,6104,5734,0,31.9906,17.1429,6.8465,5.6598,0.0,1803,1426,801,0,-2.14,13.51,9.91,0.0,268,219.0,17.0,0.0,many,SR,2
0,4203,4012,0,0,34.9214,25.1769,6.6113,0.0,0.0,2913,2461,0,0,2.39,31.33,0.0,0.0,206,0.0,0.0,0.0,one,SR,1
0,4207,5998,0,0,24.3221,16.7925,5.3514,0.0,0.0,1994,1649,0,0,1.33,21.78,0.0,0.0,192,0.0,0.0,0.0,one,SR,1
0,4216,71,0,0,25.4174,17.8172,5.3914,0.0,0.0,2053,1675,0,0,1.68,22.09,0.0,0.0,141,0.0,0.0,0.0,one,SR,1
0,4218,519,0,0,18.1115,12.8014,3.8488,0.0,0.0,1486,997,0,0,2.45,14.61,0.0,0.0,24,0.0,0.0,0.0,one,SR,1
0,4220,7349,7348,0,59.6248,34.6457,10.5305,10.5305,0.0,2713,1873,1873,0,-6.78,19.59,19.59,0.0,42,0.0,0.0,0.0,many,SR,2
0,4229,6994,6993,2408,50.3203,26.8015,6.2198,6.2198,7.5898,2031,886,886,1204,-10.08,10.78,10.78,13.34,314,0.0,0.0,16.0,many,SR,3
0,4233,9870,0,0,15.5968,10.0068,4.0501,0.0,0.0,1753,1071,0,0,4.55,15.4,0.0,0.0,263,0.0,0.0,0.0,one,SR,1
0,4238,8543,8542,0,35.7153,19.5176,6.8988,6.8988,0.0,1451,1030,1030,0,-6.36,12.0,12.0,0.0,142,0.0,0.0,0.0,many,SR,2
0,4244,7703,0,0,17.3604,12.2268,3.7221,0.0,0.0,1150,950,0,0,-0.63,14.11,0.0,0.0,33,0.0,0.0,0.0,one,SR,1
0,4245,6987,6226,0,31.9991,17.5629,5.5246,6.6936,0.0,1461,743,1239,0,-4.62,9.56,12.62,0.0,164,0.0,136.0,0.0,many,SR,2
0,4246,8523,8522,5756,60.0826,33.5595,7.313,7.313,7.9509,1441,1114,1114,1292,-20.39,12.71,12.71,14.03,134,0.0,0.0,23.0,many,SR,3
0,4247,9768,0,0,16.8773,11.9539,3.5723,0.0,0.0,1535,893,0,0,3.96,13.51,0.0,0.0,14,0.0,0.0,0.0,one,SR,1
0,4248,8657,7019,5043,92.3318,53.6642,12.904,9.8032,9.6798,2898,2898,1694,1654,-26.1,27.43,17.85,17.52,195,195.0,5.0,0.0,many,SR,3
0,4249,7242,0,0,17.9522,11.797,4.4552,0.0,0.0,1478,1222,0,0,0.22,17.0,0.0,0.0,239,0.0,0.0,0.0,one,SR,1
0,4251,4156,0,0,31.9436,23.2475,6.0169,0.0,0.0,2397,2075,0,0,1.06,26.79,0.0,0.0,59,0.0,0.0,0.0,one,SR,1
0,4253,2164,0,0,28.3644,19.8533,5.9096,0.0,0.0,2279,2009,0,0,0.52,26.02,0.0,0.0,243,0.0,0.0,0.0,one,SR,1
0,4257,5233,4379,1757,58.0562,32.5994,8.0267,5.3841,8.1526,1523,1464,828,1337,-19.05,14.78,9.75,14.4,167,107.0,62.0,25.0,many,SR,3
0,4258,10000,0,0,20.6889,14.6069,4.4054,0.0,0.0,1418,1200,0,0,-0.2,16.77,0.0,0.0,33,0.0,0.0,0.0,one,SR,1
0,4267,2544,0,0,17.0041,11.4273,4.0424,0.0,0.0,1461,1066,0,0,1.53,15.34,0.0,0.0,163,0.0,0.0,0.0,one,SR,1
0,4270,691,0,0,15.6656,10.423,3.8014,0.0,0.0,1248,978,0,0,0.13,14.41,0.0,0.0,174,0.0,0.0,0.0,one,SR,1
0,4274,7140,5250,437,48.238,27.4735,5.8967,5.8967,5.9043,1326,821,821,821,-13.68,10.22,10.22,10.22,9,0.0,0.0,0.0,many,SR,3
0,4289,1599,0,0,16.2076,10.5951,4.0663,0.0,0.0,1453,1077,0,0,1.34,15.46,0.0,0.0,227,0.0,0.0,0.0,one,SR,1
0,4294,7780,1857,0,35.7936,19.6203,6.8941,6.8835,0.0,1881,1029,1026,0,-1.81,11.99,11.97,0.0,133,0.0,0.0,0.0,many,SR,2
0,4303,3613,0,0,21.6165,14.8642,4.8848,0.0,0.0,1843,1380,0,0,2.54,18.67,0.0,0.0,133,0.0,0.0,0.0,one,SR,1
0,4310,5029,2352,0,47.3291,25.5877,9.2312,9.2312,0.0,2699,1535,1535,0,-1.17,16.4,16.4,0.0,268,0.0,0.0,0.0,many,SR,2
0,4313,5162,0,0,16.4058,11.6045,3.4842,0.0,0.0,1337,861,0,0,2.18,13.17,0.0,0.0,17,0.0,0.0,0.0,one,SR,1
0,4314,9746,0,0,15.5632,10.591,3.6074,0.0,0.0,1154,906,0,0,-0.17,13.65,0.0,0.0,116,0.0,0.0,0.0,one,SR,1
0,4317,3901,3899,0,44.7299,25.1033,8.3564,8.3564,0.0,1609,1332,1332,0,-9.33,14.57,14.57,0.0,77,0.0,0.0,0.0,many,SR,2
0,4318,5905,5117,0,35.541,19.5905,6.2287,7.2886,0.0,1495,953,1260,0,-6.2,11.06,13.28,0.0,158,34.0,80.0,0.0,many,SR,2
0,4319,7249,7248,6979,77.1693,44.0216,8.6298,8.6298,10.6831,2317,1389,1389,2315,-22.52,15.05,15.05,21.94,193,0.0,0.0,193.0,many,SR,3
0,4323,2444,0,0,21.2954,15.0218,4.5428,0.0,0.0,1454,1251,0,0,-0.31,17.31,0.0,0.0,38,0.0,0.0,0.0,one,SR,1
0,4327,2201,1799,0,44.0319,24.8355,7.0697,9.2226,0.0,1757,1073,1602,0,-7.69,12.32,16.72,0.0,89,5.0,33.0,0.0,many,SR,2
0,4332,1654,0,0,16.6364,11.7975,3.5123,0.0,0.0,1229,870,0,0,0.96,13.27,0.0,0.0,10,0.0,0.0,0.0,one,SR,1
0,4340,2789,0,0,16.9949,12.0903,3.56,0.0,0.0,1315,887,0,0,1.71,13.45,0.0,0.0,1,0.0,0.0,0.0,one,SR,1
0,4343,7218,0,0,15.8038,10.58,3.7868,0.0,0.0,1310,974,0,0,0.82,14.37,0.0,0.0,161,0.0,0.0,0.0,one,SR,1
0,4344,8153,0,0,13.3935,9.0542,3.1516,0.0,0.0,1187,739,0,0,1.77,11.88,0.0,0.0,112,0.0,0.0,0.0,one,SR,1
0,4352,9744,4667,3236,42.483,22.8401,5.5808,5.5869,5.5063,1943,755,756,954,-6.32,9.65,9.67,10.37,265,1.0,0.0,116.0,many,SR,3
0,4358,5688,550,0,32.8153,17.7451,6.9085,5.8535,0.0,1511,1267,812,0,-4.91,12.94,10.15,0.0,207,127.0,0.0,0.0,many,SR,2
0,4367,2151,0,0,15.401,10.5377,3.5281,0.0,0.0,1270,878,0,0,1.32,13.35,0.0,0.0,101,0.0,0.0,0.0,one,SR,1
0,4369,5847,0,0,31.0601,21.9859,6.228,0.0,0.0,3106,2217,0,0,7.0,28.46,0.0,0.0,248,0.0,0.0,0.0,one,SR,1
0,4373,8677,7785,0,43.3034,24.6093,9.6014,6.2323,0.0,2380,1731,889,0,-0.75,17.8,10.8,0.0,78,47.0,0.0,0.0,many,SR,2
0,4374,7337,3172,0,28.9437,15.9185,5.5533,5.5533,0.0,1703,747,747,0,0.61,9.59,9.59,0.0,92,0.0,0.0,0.0,many,SR,2
0,4378,4826,0,0,27.8095,19.5357,5.7733,0.0,0.0,2675,1923,0,0,5.58,25.0,0.0,0.0,203,0.0,0.0,0.0,one,SR,1
0,4381,5730,0,0,16.5614,11.6774,3.5446,0.0,0.0,1146,882,0,0,-0.02,13.39,0.0,0.0,26,0.0,0.0,0.0,one,SR,1
0,4382,9636,0,0,17.5141,12.2622,3.8065,0.0,0.0,1476,982,0,0,2.49,14.45,0.0,0.0,51,0.0,0.0,0.0,one,SR,1
0,4383,3878,0,0,17.7895,12.56,3.7925,0.0,0.0,1369,974,0,0,1.44,14.37,0.0,0.0,26,0.0,0.0,0.0,one,SR,1
0,4386,9153,0,0,20.0533,14.2644,4.193,0.0,0.0,1243,1124,0,0,-1.31,15.96,0.0,0.0,7,0.0,0.0,0.0,one,SR,1
0,4388,698,0,0,20.004,13.9184,4.4059,0.0,0.0,1497,1203,0,0,0.6,16.8,0.0,0.0,82,0.0,0.0,0.0,one,SR,1
0,4389,8408,6968,0,35.2449,18.5239,8.0296,6.146,0.0,1806,1465,873,0,-3.95,14.79,10.66,0.0,299,107.0,0.0,0.0,many,SR,2
0,4403,991,358,357,70.0151,39.1404,9.1007,8.5838,8.5838,1602,1502,1381,1381,-24.64,16.09,14.99,14.99,158,-1.0,0.0,0.0,many,SR,3
0,4408,6354,5952,0,68.5,39.3196,15.8314,8.4399,0.0,4894,3608,1351,0,7.21,34.36,14.73,0.0,332,172.0,0.0,0.0,many,SR,2
0,4417,8192,3789,0,33.8276,18.7375,6.4221,6.4346,0.0,1472,935,932,0,-4.64,11.17,11.17,0.0,93,3.0,0.0,0.0,many,SR,2
0,4418,9343,3362,0,31.3933,17.1714,5.381,6.7309,0.0,1555,728,1005,0,-2.66,9.36,11.74,0.0,124,8.0,6.0,0.0,many,SR,2
0,4420,9057,9056,0,78.5031,46.3795,13.3988,13.3988,0.0,4053,2618,2618,0,-5.38,26.63,26.63,0.0,106,0.0,0.0,0.0,many,SR,2
0,4421,9253,495,0,42.9875,23.9646,8.6881,7.4572,0.0,1710,1538,1149,0,-7.94,15.78,13.0,0.0,132,68.0,2.0,0.0,many,SR,2
0,4423,809,0,0,15.7917,11.1011,3.4052,0.0,0.0,1206,831,0,0,1.1,12.85,0.0,0.0,32,0.0,0.0,0.0,one,SR,1
0,4424,8753,69,0,48.3212,27.0135,8.5617,9.4977,0.0,1811,1376,1702,0,-10.22,14.94,17.54,0.0,152,0.0,46.0,0.0,many,SR,2
0,4431,8531,0,0,14.6323,9.5024,3.7195,0.0,0.0,1470,949,0,0,2.74,14.1,0.0,0.0,218,0.0,0.0,0.0,one,SR,1
0,4433,8860,6597,0,64.748,37.5008,12.9694,9.8363,0.0,3000,2688,1702,0,-8.47,26.48,17.94,0.0,169,86.0,4.0,0.0,many,SR,2
0,4434,1621,1620,0,29.5057,16.4279,5.5753,5.5753,0.0,2030,752,752,0,3.97,9.64,9.64,0.0,63,0.0,0.0,0.0,many,SR,2
0,4436,6542,2568,0,38.3588,21.4751,7.0289,7.3127,0.0,2033,1161,1129,0,-1.53,12.64,12.78,0.0,96,56.0,7.0,0.0,many,SR,2
0,4438,6753,17,0,36.5154,20.5362,5.6943,7.8831,0.0,1777,778,1341,0,-2.96,9.86,14.16,0.0,74,0.0,57.0,0.0,many,SR,2
0,4445,4567,0,0,17.8508,11.7896,4.3889,0.0,0.0,1385,1196,0,0,-0.51,16.72,0.0,0.0,223,0.0,0.0,0.0,one,SR,1
0,4451,6169,2165,0,36.1054,20.1202,6.8748,6.707,0.0,1357,1137,988,0,-7.38,12.39,11.64,0.0,103,61.0,0.0,0.0,many,SR,2
0,4456,1783,0,0,23.5646,16.5845,5.0406,0.0,0.0,1774,1446,0,0,1.17,19.39,0.0,0.0,60,0.0,0.0,0.0,one,SR,1
0,4459,5622,0,0,26.3022,18.7699,5.3529,0.0,0.0,2940,1650,0,0,11.26,21.79,0.0,0.0,58,0.0,0.0,0.0,one,SR,1
0,4460,7091,2594,0,42.7723,23.9621,7.9981,7.9834,0.0,1676,1369,1255,0,-7.86,14.37,13.91,0.0,102,60.0,0.0,0.0,many,SR,2
0,4467,697,0,0,17.1152,11.7581,3.882,0.0,0.0,1315,1010,0,0,0.53,14.75,0.0,0.0,104,0.0,0.0,0.0,one,SR,1
0,4470,7549,3723,0,33.359,18.6587,6.2931,6.2351,0.0,1699,901,890,0,-1.71,10.91,10.81,0.0,61,-1.0,0.0,0.0,many,SR,2
0,4471,8431,6803,0,54.2451,31.3356,8.6222,10.7654,0.0,2115,1389,1934,0,-9.49,15.05,20.17,0.0,25,0.0,0.0,0.0,many,SR,2
0,4473,8613,0,0,18.6627,12.977,4.1183,0.0,0.0,1367,1097,0,0,0.25,15.67,0.0,0.0,77,0.0,0.0,0.0,one,SR,1
0,4475,9797,28,0,57.3525,33.0204,9.7626,10.7677,0.0,2603,1676,1958,0,-6.88,17.73,20.29,0.0,82,0.0,11.0,0.0,many,SR,2
0,4477,8896,3094,0,35.5439,20.1485,7.2618,5.8109,0.0,1674,1177,864,0,-3.33,12.92,10.31,0.0,52,39.0,33.0,0.0,many,SR,2
0,4484,5706,0,0,16.2593,11.2026,3.6686,0.0,0.0,1148,928,0,0,-0.44,13.88,0.0,0.0,88,0.0,0.0,0.0,one,SR,1
0,4489,1624,0,0,18.7181,12.2776,4.66,0.0,0.0,2039,1298,0,0,5.38,17.81,0.0,0.0,256,0.0,0.0,0.0,one,SR,1
0,4499,7831,5148,3073,46.4251,26.0263,5.7279,5.7279,5.8983,1191,785,785,920,-14.9,9.92,9.92,10.61,94,0.0,0.0,53.0,many,SR,3
0,4503,6818,6786,0,32.9237,17.7614,6.2302,6.6427,0.0,1272,1025,981,0,-7.25,11.34,11.56,0.0,194,73.0,3.0,0.0,many,SR,2
0,4505,3606,0,0,21.8236,15.5163,4.566,0.0,0.0,1505,1261,0,0,0.13,17.41,0.0,0.0,11,0.0,0.0,0.0,one,SR,1
0,4510,3046,0,0,16.8405,11.1116,4.151,0.0,0.0,1359,1107,0,0,0.07,15.78,0.0,0.0,211,0.0,0.0,0.0,one,SR,1
0,4517,7665,1426,0,44.4543,25.2762,9.5611,6.635,0.0,1844,1844,973,0,-7.48,18.3,11.52,0.0,107,107.0,0.0,0.0,many,SR,2
0,4519,7552,7551,7210,59.6143,33.4834,6.4021,6.4021,9.2647,2963,926,926,1932,-5.45,11.12,11.12,18.39,210,0.0,0.0,186.0,many,SR,3
0,4527,5845,0,0,15.6972,11.0425,3.378,0.0,0.0,1397,823,0,0,3.18,12.77,0.0,0.0,31,0.0,0.0,0.0,one,SR,1
0,4530,2070,0,0,14.5968,9.5607,3.6532,0.0,0.0,1380,923,0,0,2.04,13.83,0.0,0.0,197,0.0,0.0,0.0,one,SR,1
0,4536,4675,0,0,13.1345,8.551,3.329,0.0,0.0,1495,802,0,0,4.41,12.55,0.0,0.0,187,0.0,0.0,0.0,one,SR,1
0,4546,6612,3084,0,51.7229,28.0935,10.2415,9.6693,0.0,2381,1892,1720,0,-8.47,19.35,17.83,0.0,367,44.0,33.0,0.0,many,SR,2
0,4549,6379,0,0,19.674,13.5227,4.4525,0.0,0.0,1409,1221,0,0,-0.5,16.99,0.0,0.0,121,0.0,0.0,0.0,one,SR,1
0,4551,6179,0,0,13.201,8.8899,3.1319,0.0,0.0,1299,731,0,0,3.03,11.79,0.0,0.0,118,0.0,0.0,0.0,one,SR,1
0,4553,271,0,0,15.4757,10.9992,3.2527,0.0,0.0,1227,773,0,0,1.87,12.24,0.0,0.0,1,0.0,0.0,0.0,one,SR,1
0,4556,2000,0,0,13.5667,8.5795,3.6193,0.0,0.0,1638,909,0,0,4.89,13.68,0.0,0.0,255,0.0,0.0,0.0,one,SR,1
0,4562,9213,6147,4447,67.504,37.8489,8.9412,10.174,5.7576,2137,2079,1860,792,-20.6,18.74,19.11,9.98,354,296.0,38.0,0.0,many,SR,3
0,4565,2119,2118,0,42.4416,23.7032,7.9795,7.9795,0.0,2270,1253,1253,0,-1.18,13.9,13.9,0.0,90,0.0,0.0,0.0,many,SR,2
0,4566,5286,0,0,16.0716,10.8234,3.8049,0.0,0.0,1219,980,0,0,-0.19,14.43,0.0,0.0,148,0.0,0.0,0.0,one,SR,1
0,4567,3828,2553,0,29.0985,15.2793,6.2812,5.4986,0.0,1723,900,736,0,-0.26,10.89,9.5,0.0,210,0.0,0.0,0.0,many,SR,2
0,4568,1051,0,0,15.1179,10.7542,3.1697,0.0,0.0,1241,745,0,0,2.28,11.94,0.0,0.0,0,0.0,0.0,0.0,one,SR,1
0,4573,3850,2961,0,40.2415,22.608,7.4503,7.5655,0.0,1611,1145,1176,0,-6.64,12.98,13.2,0.0,65,0.0,5.0,0.0,many,SR,2
0,4576,7213,0,0,12.6068,8.0158,3.3344,0.0,0.0,1568,804,0,0,5.15,12.57,0.0,0.0,225,0.0,0.0,0.0,one,SR,1
0,4579,7753,4114,0,32.2185,17.2663,6.3713,6.3713,0.0,1225,918,918,0,-7.02,11.05,11.05,0.0,179,0.0,0.0,0.0,many,SR,2
0,4583,2450,0,0,22.8601,16.0816,4.9026,0.0,0.0,1512,1388,0,0,-1.01,18.76,0.0,0.0,55,0.0,0.0,0.0,one,SR,1
0,4586,4625,4624,1501,49.8721,27.7657,6.2821,6.2821,6.2764,2370,899,899,899,-4.51,10.89,10.89,10.89,111,0.0,0.0,0.0,many,SR,3
0,4587,8535,8534,0,46.7093,26.187,8.7362,8.7362,0.0,1905,1412,1412,0,-7.45,15.25,15.25,0.0,86,0.0,0.0,0.0,many,SR,2
0,4588,2733,967,0,35.9822,19.5171,7.0138,7.0138,0.0,1717,1052,1052,0,-3.91,12.19,12.19,0.0,165,0.0,0.0,0.0,many,SR,2
0,4594,5853,0,0,14.1493,9.6654,3.257,0.0,0.0,1155,776,0,0,1.08,12.27,0.0,0.0,94,0.0,0.0,0.0,one,SR,1
0,4595,3807,0,0,22.2534,15.764,4.6961,0.0,0.0,1422,1310,0,0,-1.21,17.93,0.0,0.0,26,0.0,0.0,0.0,one,SR,1
0,4597,5264,0,0,14.3249,9.7734,3.3044,0.0,0.0,1400,795,0,0,3.48,12.47,0.0,0.0,99,0.0,0.0,0.0,one,SR,1
0,4599,3749,0,0,26.6973,18.779,5.5742,0.0,0.0,2054,1790,0,0,0.47,23.44,0.0,0.0,158,0.0,0.0,0.0,one,SR,1
0,4604,5904,3801,0,27.1296,14.3884,5.4268,5.4357,0.0,1355,723,723,0,-2.68,9.39,9.4,0.0,172,0.0,-1.0,0.0,many,SR,2
0,4611,9299,4051,4050,58.5273,32.7544,8.2998,6.754,6.754,1712,1712,999,999,-17.71,16.18,11.74,11.74,200,200.0,0.0,0.0,many,SR,3
0,4615,7919,0,0,27.3643,18.7426,5.9731,0.0,0.0,3503,2049,0,0,12.94,26.49,0.0,0.0,348,0.0,0.0,0.0,one,SR,1
0,4618,6739,2287,0,36.2266,20.2167,6.8407,6.7982,0.0,2144,1016,1009,0,1.17,11.89,11.82,0.0,77,-1.0,0.0,0.0,many,SR,2
0,4620,6385,0,0,19.0729,12.9308,4.4485,0.0,0.0,1499,1216,0,0,0.5,16.94,0.0,0.0,158,0.0,0.0,0.0,one,SR,1
0,4636,7948,0,0,22.8885,15.5941,5.2196,0.0,0.0,1701,1561,0,0,-0.81,20.75,0.0,0.0,210,0.0,0.0,0.0,one,SR,1
0,4638,9354,7806,0,34.1643,19.3405,7.1818,5.4239,0.0,1167,1167,722,0,-7.71,12.8,9.38,0.0,43,43.0,0.0,0.0,many,SR,2
0,4639,4245,4243,684,58.2948,31.894,7.4109,7.4109,7.6345,1775,1136,1136,1269,-16.86,12.9,12.9,13.64,246,0.0,0.0,46.0,many,SR,3
0,4645,9361,8665,8664,97.6406,56.7755,10.5087,11.78,11.78,2492,2492,2200,2200,-35.0,22.6,22.68,22.68,300,300.0,0.0,0.0,many,SR,3
0,4656,5209,376,0,36.4479,20.7694,6.6792,6.6792,0.0,1568,983,983,0,-4.42,11.6,11.6,0.0,8,0.0,0.0,0.0,many,SR,2
0,4657,858,552,0,53.029,29.6492,10.5139,9.2447,0.0,1984,1877,1577,0,-11.76,19.59,16.62,0.0,201,4.0,18.0,0.0,many,SR,2
0,4658,9829,1379,0,31.7943,17.1411,5.9724,6.4186,0.0,1404,836,1215,0,-5.62,10.35,12.27,0.0,220,0.0,153.0,0.0,many,SR,2
0,4660,6617,0,0,27.1021,18.9179,5.7225,0.0,0.0,2153,1890,0,0,0.45,24.62,0.0,0.0,221,0.0,0.0,0.0,one,SR,1
0,4661,2964,0,0,18.9724,12.7271,4.5199,0.0,0.0,1463,1246,0,0,-0.17,17.25,0.0,0.0,191,0.0,0.0,0.0,one,SR,1
0,4662,9451,7499,2724,83.2208,47.8612,9.9569,9.9765,9.965,2767,1724,1728,1725,-20.1,18.18,18.23,18.2,88,0.0,-1.0,-1.0,many,SR,3
0,4665,8383,0,0,29.0847,20.0844,6.1894,0.0,0.0,2865,2187,0,0,4.78,28.11,0.0,0.0,356,0.0,0.0,0.0,one,SR,1
0,4667,7841,3568,0,63.4067,35.6839,11.6259,11.6374,0.0,2795,2158,2161,0,-10.79,22.28,22.31,0.0,304,0.0,0.0,0.0,many,SR,2
0,4668,963,0,0,13.8645,9.6097,3.0926,0.0,0.0,1198,715,0,0,2.12,11.62,0.0,0.0,58,0.0,0.0,0.0,one,SR,1
0,4669,2203,0,0,14.8577,10.1953,3.3845,0.0,0.0,1324,824,0,0,2.4,12.78,0.0,0.0,89,0.0,0.0,0.0,one,SR,1
0,4671,5151,5150,0,30.5963,16.6605,5.9389,5.9389,0.0,1311,829,829,0,-4.76,10.29,10.29,0.0,127,0.0,0.0,0.0,many,SR,2
0,4674,6290,0,0,15.5568,10.2298,3.8604,0.0,0.0,1399,1002,0,0,1.49,14.67,0.0,0.0,203,0.0,0.0,0.0,one,SR,1
0,4675,5261,0,0,19.5731,12.8715,4.8479,0.0,0.0,1621,1367,0,0,0.34,18.54,0.0,0.0,260,0.0,0.0,0.0,one,SR,1
0,4678,4774,4773,0,49.4114,27.852,9.1562,9.1562,0.0,1973,1518,1518,0,-8.51,16.24,16.24,0.0,94,0.0,0.0,0.0,many,SR,2
0,4682,4161,1445,0,53.6357,30.8028,9.6682,9.6682,0.0,2313,1650,1650,0,-7.18,17.48,17.48,0.0,46,0.0,0.0,0.0,many,SR,2
0,4683,240,0,0,15.4443,10.4253,3.6394,0.0,0.0,1181,920,0,0,-0.02,13.8,0.0,0.0,136,0.0,0.0,0.0,one,SR,1
0,4685,5184,2923,0,37.3996,20.5941,7.1364,7.0947,0.0,1712,1334,1067,0,-5.19,13.42,12.32,0.0,176,137.0,-1.0,0.0,many,SR,2
0,4686,3729,0,0,27.8464,19.9906,5.5388,0.0,0.0,2023,1767,0,0,0.39,23.17,0.0,0.0,59,0.0,0.0,0.0,one,SR,1
0,4688,5671,2993,0,29.9521,16.0011,5.9493,5.9417,0.0,2417,830,830,0,6.84,10.3,10.3,0.0,173,0.0,0.0,0.0,many,SR,2
0,4689,9859,348,0,34.2774,18.7329,7.7081,5.4831,0.0,1624,1208,882,0,-4.13,13.46,10.07,0.0,167,6.0,79.0,0.0,many,SR,2
0,4703,8221,1441,0,41.0665,23.3476,7.4041,7.6808,0.0,1498,1133,1215,0,-7.98,12.88,13.46,0.0,25,0.0,13.0,0.0,many,SR,2
0,4706,7317,0,0,18.3042,12.2654,4.3739,0.0,0.0,1350,1189,0,0,-0.81,16.65,0.0,0.0,186,0.0,0.0,0.0,one,SR,1
0,4708,522,0,0,17.7837,11.9384,4.2323,0.0,0.0,1603,1140,0,0,2.31,16.13,0.0,0.0,176,0.0,0.0,0.0,one,SR,1
0,4715,1901,1900,0,42.093,22.3234,8.4169,8.4169,0.0,1804,1345,1345,0,-7.48,14.68,14.68,0.0,280,0.0,0.0,0.0,many,SR,2
0,4723,877,0,0,14.9385,9.8161,3.7141,0.0,0.0,1398,947,0,0,2.0,14.08,0.0,0.0,195,0.0,0.0,0.0,one,SR,1
0,4725,7797,27,0,42.4231,22.7623,8.7776,7.9509,0.0,1796,1452,1249,0,-7.53,15.46,13.86,0.0,248,16.0,0.0,0.0,many,SR,2
0,4729,4240,4239,0,47.9387,26.1128,9.2639,9.2639,0.0,1830,1545,1545,0,-10.47,16.49,16.49,0.0,244,0.0,0.0,0.0,many,SR,2
0,4730,5849,0,0,14.5535,9.6696,3.5446,0.0,0.0,1374,882,0,0,2.37,13.39,0.0,0.0,163,0.0,0.0,0.0,one,SR,1
0,4734,9353,8754,0,50.9431,29.282,9.1426,9.2479,0.0,2350,1512,1557,0,-4.76,16.18,16.53,0.0,11,0.0,8.0,0.0,many,SR,2
0,4739,113,0,0,14.5622,9.9468,3.3513,0.0,0.0,1423,811,0,0,3.56,12.64,0.0,0.0,98,0.0,0.0,0.0,one,SR,1
0,4741,563,0,0,18.7069,13.2916,3.9243,0.0,0.0,1138,1025,0,0,-1.47,14.91,0.0,0.0,9,0.0,0.0,0.0,one,SR,1
0,4744,5442,3879,0,62.3692,35.7735,10.2656,11.8339,0.0,2637,2458,2214,0,-12.78,22.15,22.81,0.0,320,314.0,0.0,0.0,many,SR,2
0,4746,4386,0,0,20.5406,14.6088,4.2965,0.0,0.0,1415,1161,0,0,0.14,16.35,0.0,0.0,8,0.0,0.0,0.0,one,SR,1
0,4750,8732,0,0,29.8452,20.2748,6.5102,0.0,0.0,3256,2399,0,0,6.65,30.6,0.0,0.0,496,0.0,0.0,0.0,one,SR,1
0,4752,6895,0,0,20.582,13.7658,4.9317,0.0,0.0,1861,1396,0,0,2.58,18.84,0.0,0.0,218,0.0,0.0,0.0,one,SR,1
0,4764,5646,2316,0,35.4059,19.7434,6.6462,6.6945,0.0,2200,990,985,0,2.2,11.6,11.62,0.0,79,7.0,0.0,0.0,many,SR,2
0,4771,1825,1447,0,28.364,14.9685,5.9347,5.4248,0.0,1385,830,896,0,-3.78,10.29,10.07,0.0,229,1.0,93.0,0.0,many,SR,2
0,4775,1507,0,0,17.739,12.4889,3.8079,0.0,0.0,1141,979,0,0,-1.0,14.42,0.0,0.0,34,0.0,0.0,0.0,one,SR,1
0,4776,323,0,0,23.8085,15.8159,5.618,0.0,0.0,2530,1816,0,0,5.19,23.75,0.0,0.0,379,0.0,0.0,0.0,one,SR,1
0,4780,8464,7659,0,41.569,22.6011,8.0755,8.0755,0.0,1977,1275,1275,0,-4.59,14.08,14.08,0.0,188,0.0,0.0,0.0,many,SR,2
0,4781,4703,1266,0,36.2955,20.1038,7.2003,6.5463,0.0,1465,1091,1098,0,-6.62,12.53,11.92,0.0,130,-1.0,77.0,0.0,many,SR,2
0,4782,8326,0,0,14.4529,10.0985,3.1646,0.0,0.0,1084,741,0,0,0.67,11.9,0.0,0.0,42,0.0,0.0,0.0,one,SR,1
0,4788,3562,1166,0,33.3115,17.9265,5.7074,7.3779,0.0,1593,783,1196,0,-3.97,9.89,13.11,0.0,189,1.0,36.0,0.0,many,SR,2
0,4790,4041,0,0,21.1989,14.2664,5.0142,0.0,0.0,1719,1428,0,0,0.78,19.18,0.0,0.0,205,0.0,0.0,0.0,one,SR,1
0,4791,9628,4514,0,45.0368,25.8076,9.0288,7.3313,0.0,1487,1487,1119,0,-10.21,15.93,12.76,0.0,1,1.0,0.0,0.0,many,SR,2
0,4792,5504,5503,0,65.5131,38.1978,11.468,11.468,0.0,2696,2117,2117,0,-11.1,21.9,21.9,0.0,83,0.0,0.0,0.0,many,SR,2
0,4793,9355,5417,0,30.392,17.1374,5.6425,5.6543,0.0,1109,766,779,0,-5.98,9.75,9.82,0.0,33,0.0,5.0,0.0,many,SR,2
0,4796,7673,0,0,27.024,19.2831,5.4745,0.0,0.0,1879,1724,0,0,-0.67,22.66,0.0,0.0,76,0.0,0.0,0.0,one,SR,1
0,4798,2156,0,0,23.3139,15.862,5.309,0.0,0.0,2200,1619,0,0,3.81,21.43,0.0,0.0,234,0.0,0.0,0.0,one,SR,1
0,4800,4059,381,0,41.9228,23.5487,7.8229,7.8195,0.0,2255,1235,1222,0,-0.91,13.68,13.63,0.0,71,7.0,0.0,0.0,many,SR,2
0,4801,5774,5773,2989,61.3138,34.2094,7.7178,7.7178,7.6478,2023,1200,1200,1185,-14.95,13.45,13.45,13.32,135,0.0,0.0,0.0,many,SR,3
0,4803,5745,3444,0,31.7822,17.4419,6.1173,6.1002,0.0,1442,867,872,0,-3.96,10.61,10.61,0.0,114,0.0,5.0,0.0,many,SR,2
0,4809,9685,3378,0,38.191,21.4474,7.2143,7.0484,0.0,1513,1095,1060,0,-6.44,12.55,12.26,0.0,60,0.0,0.0,0.0,many,SR,2
0,4811,5920,5381,107,59.417,33.3445,7.9142,7.4734,6.8025,1344,1263,1168,1021,-20.83,13.88,13.08,11.86,109,12.0,11.0,7.0,many,SR,3
0,4813,3150,0,0,18.1632,12.0456,4.4293,0.0,0.0,1375,1211,0,0,-0.76,16.88,0.0,0.0,215,0.0,0.0,0.0,one,SR,1
0,4814,2392,1236,0,74.8879,43.8565,13.6623,12.1168,0.0,3789,3043,2286,0,-7.49,29.03,23.49,0.0,233,171.0,0.0,0.0,many,SR,2
0,4816,6167,6166,0,84.9777,48.4924,15.1487,15.1487,0.0,3721,3074,3074,0,-16.62,30.94,30.94,0.0,491,0.0,0.0,0.0,many,SR,2
0,4817,9673,4137,1108,59.1729,33.2807,8.2024,6.8835,6.8797,1563,1563,1026,1026,-18.93,15.33,11.97,11.97,141,141.0,0.0,0.0,many,SR,3
0,4834,4168,0,0,19.9706,14.2304,4.1591,0.0,0.0,1270,1110,0,0,-0.9,15.81,0.0,0.0,0,0.0,0.0,0.0,one,SR,1
0,4840,9841,5766,0,37.3583,20.2335,6.1521,8.3274,0.0,1694,878,1623,0,-6.02,10.69,15.76,0.0,244,2.0,155.0,0.0,many,SR,2
0,4844,8403,7572,0,30.9513,16.3865,6.2912,5.9161,0.0,2221,901,1435,0,2.1,10.91,12.66,0.0,330,-1.0,327.0,0.0,many,SR,2
0,4849,204,0,0,18.4485,13.0312,3.9273,0.0,0.0,1202,1024,0,0,-0.79,14.9,0.0,0.0,26,0.0,0.0,0.0,one,SR,1
0,4850,1242,0,0,18.3048,12.4707,4.2253,0.0,0.0,1353,1136,0,0,-0.27,16.09,0.0,0.0,137,0.0,0.0,0.0,one,SR,1
0,4852,9914,0,0,15.7226,11.1223,3.3395,0.0,0.0,1282,808,0,0,2.11,12.61,0.0,0.0,16,0.0,0.0,0.0,one,SR,1
0,4853,9724,5458,5208,73.2597,41.4507,8.9539,8.9539,9.1033,1842,1463,1463,1596,-23.84,15.72,15.72,16.55,118,0.0,0.0,45.0,many,SR,3
0,4855,3559,0,0,13.3823,8.872,3.277,0.0,0.0,1272,782,0,0,2.26,12.33,0.0,0.0,152,0.0,0.0,0.0,one,SR,1
0,4856,7141,0,0,13.7868,8.8616,3.5731,0.0,0.0,1629,894,0,0,4.94,13.52,0.0,0.0,226,0.0,0.0,0.0,one,SR,1
0,4859,9661,0,0,16.7298,10.9277,4.2019,0.0,0.0,1542,1128,0,0,1.79,16.0,0.0,0.0,237,0.0,0.0,0.0,one,SR,1
0,4861,9195,5370,0,65.4309,37.724,11.753,11.3536,0.0,2632,2193,2448,0,-13.77,22.61,23.39,0.0,251,0.0,173.0,0.0,many,SR,2
0,4862,4026,0,0,19.9947,13.6047,4.6264,0.0,0.0,1435,1282,0,0,-0.8,17.64,0.0,0.0,155,0.0,0.0,0.0,one,SR,1
0,4866,2882,0,0,13.4285,8.7099,3.4238,0.0,0.0,1631,840,0,0,5.47,12.95,0.0,0.0,201,0.0,0.0,0.0,one,SR,1
0,4871,4719,1775,0,30.3048,16.4537,5.9015,5.9034,0.0,1744,822,822,0,-0.1,10.23,10.23,0.0,134,0.0,0.0,0.0,many,SR,2
0,4873,1594,0,0,13.2577,8.2518,3.6305,0.0,0.0,1835,916,0,0,6.89,13.75,0.0,0.0,282,0.0,0.0,0.0,one,SR,1
0,4876,2639,0,0,14.335,9.391,3.5877,0.0,0.0,1308,898,0,0,1.53,13.56,0.0,0.0,192,0.0,0.0,0.0,one,SR,1
0,4878,9818,8164,0,41.7742,22.8423,7.6799,8.2692,0.0,1703,1703,1315,0,-8.96,15.4,14.42,0.0,273,273.0,0.0,0.0,many,SR,2
0,4879,5577,5280,0,33.2546,18.9287,5.9877,6.2239,0.0,1152,838,885,0,-6.93,10.37,10.78,0.0,7,0.0,-1.0,0.0,many,SR,2
0,4880,6260,6257,0,28.9022,16.1256,5.446,5.446,0.0,1414,727,727,0,-2.11,9.42,9.42,0.0,57,0.0,0.0,0.0,many,SR,2
0,4884,3975,0,0,32.9884,23.4237,6.5045,0.0,0.0,2912,2399,0,0,3.03,30.6,0.0,0.0,281,0.0,0.0,0.0,one,SR,1
0,4885,6115,2150,0,29.293,16.286,5.5488,5.5412,0.0,1310,745,745,0,-3.5,9.58,9.58,0.0,66,-1.0,-1.0,0.0,many,SR,2
0,4889,6485,3770,0,79.2404,44.5697,14.4537,14.3883,0.0,4264,2892,2876,0,-7.69,29.22,29.07,0.0,538,0.0,0.0,0.0,many,SR,2
0,4892,2058,0,0,31.3755,21.7565,6.5353,0.0,0.0,2884,2419,0,0,2.53,30.84,0.0,0.0,409,0.0,0.0,0.0,one,SR,1
0,4893,4722,4721,0,35.8068,20.4521,6.5411,6.5411,0.0,1072,955,955,0,-9.2,11.36,11.36,0.0,0,0.0,0.0,0.0,many,SR,2
0,4896,8524,4096,0,56.1229,32.2,9.0299,11.1461,0.0,2298,1543,2064,0,-9.59,16.21,21.26,0.0,104,28.0,14.0,0.0,many,SR,2
0,4901,6995,0,0,18.6898,13.1262,4.0302,0.0,0.0,1859,1065,0,0,5.72,15.33,0.0,0.0,46,0.0,0.0,0.0,one,SR,1
0,4903,738,0,0,17.9799,12.0144,4.3219,0.0,0.0,1681,1169,0,0,2.86,16.44,0.0,0.0,190,0.0,0.0,0.0,one,SR,1
0,4904,9850,6244,2947,62.7909,35.6149,10.4398,6.2102,6.2102,2310,2310,884,884,-14.59,21.64,10.76,10.76,220,220.0,0.0,0.0,many,SR,3
0,4907,5545,0,0,17.4942,12.4319,3.672,0.0,0.0,1167,930,0,0,-0.26,13.9,0.0,0.0,6,0.0,0.0,0.0,one,SR,1
0,4908,6440,3515,0,66.2701,37.1163,12.1951,12.2111,0.0,2654,2322,2310,0,-14.86,23.76,23.72,0.0,383,8.0,0.0,0.0,many,SR,2
0,4911,1389,644,0,37.7387,21.3522,7.3457,6.5795,0.0,1224,1224,963,0,-9.3,13.18,11.43,0.0,55,55.0,0.0,0.0,many,SR,2
0,4915,6711,5624,2825,50.023,28.5377,6.1038,6.1038,6.1038,1977,863,863,863,-7.81,10.58,10.58,10.58,2,0.0,0.0,0.0,many,SR,3
0,4918,5787,4208,0,40.9518,22.2624,7.9575,7.9575,0.0,1500,1250,1250,0,-9.22,13.87,13.87,0.0,185,0.0,0.0,0.0,many,SR,2
0,4921,2360,0,0,13.631,8.7301,3.5562,0.0,0.0,1972,887,0,0,8.6,13.45,0.0,0.0,230,0.0,0.0,0.0,one,SR,1
0,4922,7631,2925,557,49.521,27.9342,6.1317,6.1317,6.1317,1681,870,870,870,-11.08,10.64,10.64,10.64,54,0.0,0.0,0.0,many,SR,3
0,4924,9897,2143,0,47.9457,27.4736,9.7064,7.6219,0.0,1778,1778,1180,0,-9.63,18.16,13.28,0.0,56,56.0,0.0,0.0,many,SR,2
0,4937,2505,0,0,14.9158,9.5135,3.9176,0.0,0.0,1796,1019,0,0,5.5,14.85,0.0,0.0,263,0.0,0.0,0.0,one,SR,1
0,4959,7417,3584,0,44.9066,25.5028,8.1472,8.3487,0.0,2505,1371,1330,0,0.13,14.53,14.55,0.0,46,44.0,0.0,0.0,many,SR,2
0,4969,6454,6453,0,48.5288,27.6293,8.8924,8.8924,0.0,3210,1448,1448,0,5.67,15.57,15.57,0.0,28,0.0,0.0,0.0,many,SR,2
0,4988,2754,2753,0,88.8704,53.1849,14.8272,14.8272,0.0,3842,2991,2991,0,-13.94,30.15,30.15,0.0,75,0.0,0.0,0.0,many,SR,2
0,4992,6991,0,0,13.6215,9.0117,3.3468,0.0,0.0,1220,810,0,0,1.44,12.63,0.0,0.0,161,0.0,0.0,0.0,one,SR,1
0,4993,6320,0,0,15.3916,10.1247,3.8184,0.0,0.0,1299,985,0,0,0.6,14.49,0.0,0.0,199,0.0,0.0,0.0,one,SR,1
0,4995,8419,0,0,15.1148,10.5201,3.3349,0.0,0.0,1333,807,0,0,2.66,12.6,0.0,0.0,56,0.0,0.0,0.0,one,SR,1
0,4998,9083,3401,0,33.6354,18.0235,6.7069,6.5236,0.0,1452,994,1158,0,-6.19,11.67,12.14,0.0,233,3.0,111.0,0.0,many,SR,2
0,3656,8827,5970,0,96.7478,55.7892,15.4509,18.3853,0.0,4395,3151,4051,0,-17.95,31.67,39.56,0.0,567,0.0,65.0,0.0,many,SR,2
0,3167,7535,7469,4373,87.9979,50.0769,10.7056,10.5633,10.5881,2248,2020,1882,2032,-30.97,20.52,19.67,20.45,307,49.0,0.0,68.0,many,SR,3
0,1296,4159,4158,3797,86.7006,49.2641,10.6933,10.6933,10.1351,2124,1960,1960,1790,-30.93,20.21,20.21,18.72,271,21.0,21.0,9.0,many,SR,3
0,2677,2868,1272,0,83.7881,50.0151,14.5823,13.4451,0.0,4084,3159,2632,0,-8.83,30.69,26.76,0.0,116,111.0,0.0,0.0,many,SR,2
0,550,6538,2446,1149,81.0672,46.6638,9.7611,8.8577,10.3726,2123,1735,1438,2123,-26.42,18.01,15.48,20.63,140,29.0,0.0,140.0,many,SR,3
0,3642,3875,2997,0,80.4394,44.8308,14.7982,14.7982,0.0,3892,2981,2981,0,-13.24,30.06,30.06,0.0,633,0.0,0.0,0.0,many,SR,2
0,1021,5156,3406,0,79.4741,44.9365,14.0418,14.6906,0.0,3520,2787,2956,0,-15.29,28.23,29.82,0.0,499,0.0,0.0,0.0,many,SR,2
0,3814,9910,9524,2773,86.3231,48.9544,9.1583,9.0218,13.2824,3155,1514,1481,2711,-20.03,16.21,15.89,26.96,287,-1.0,-1.0,58.0,many,SR,3
0,3533,9224,3420,1025,86.902,50.3535,10.6923,10.2672,9.5182,2218,1917,2145,2216,-31.35,20.01,20.62,20.08,292,0.0,163.0,291.0,many,SR,3
0,3072,8655,8654,0,72.7735,42.2282,12.7636,12.7636,0.0,3059,2455,2455,0,-13.04,25.09,25.09,0.0,200,0.0,0.0,0.0,many,SR,2
0,1727,8118,3394,540,82.4007,47.9775,10.0491,11.3169,7.6995,2110,1765,2108,1195,-26.06,18.5,21.67,13.4,17,7.0,15.0,0.0,many,SR,3
0,2576,7891,4274,2823,66.9215,38.18,7.4877,6.8557,9.9849,2018,1183,1021,1892,-18.53,13.16,11.92,19.05,105,17.0,0.0,76.0,many,SR,3
0,4035,1743,1742,0,66.8569,36.9562,12.5057,12.5057,0.0,2989,2387,2387,0,-12.62,24.45,24.45,0.0,481,0.0,0.0,0.0,many,SR,2
0,1139,4389,3988,0,66.4716,37.8857,12.1553,11.7982,0.0,3079,2295,2210,0,-9.36,23.58,22.75,0.0,260,0.0,3.0,0.0,many,SR,2
0,4762,7489,7488,0,64.9618,38.2815,11.2139,11.2139,0.0,3119,2050,2050,0,-5.52,21.26,21.26,0.0,0,0.0,0.0,0.0,many,SR,2
0,3492,6609,4712,0,70.7543,38.9044,10.1667,16.3865,0.0,4420,1778,3457,0,-1.26,18.69,34.28,0.0,598,0.0,30.0,0.0,many,SR,2
0,3355,2581,1582,0,64.2752,37.4458,9.0447,13.4065,0.0,3414,1588,2760,0,-3.56,16.44,27.34,0.0,134,48.0,67.0,0.0,many,SR,2
0,2452,6153,3543,3542,63.267,35.4115,7.713,7.9413,7.9413,1572,1572,1247,1247,-21.83,14.91,13.85,13.85,200,200.0,0.0,0.0,many,SR,3
0,3309,5564,3054,3053,76.046,43.2529,14.0803,6.7646,6.7646,4159,2796,1002,1002,-2.98,28.31,11.76,11.76,232,0.0,0.0,0.0,many,SR,3
0,2087,7980,5550,2735,68.5859,39.4582,10.4444,8.6654,5.4814,2035,2028,1513,734,-19.46,20.26,15.62,9.48,94,84.0,60.0,0.0,many,SR,3
0,509,5594,5077,0,62.8378,35.7556,11.2929,11.4564,0.0,2388,2072,2113,0,-13.92,21.47,21.86,0.0,221,0.0,0.0,0.0,many,SR,2
0,2778,9443,3895,0,61.8201,34.0242,11.7549,11.5314,0.0,2773,2192,2223,0,-11.47,22.6,22.49,0.0,448,0.0,43.0,0.0,many,SR,2
0,178,5844,1218,0,60.6853,32.9906,11.616,11.6221,0.0,3300,2159,2158,0,-5.46,22.28,22.28,0.0,486,1.0,0.0,0.0,many,SR,2
0,1738,7450,3428,3364,60.2149,33.6924,8.2641,8.6012,5.5053,1895,1358,1895,737,-17.47,14.59,17.43,9.51,251,24.0,251.0,0.0,many,SR,3
0,1322,6894,4904,0,59.7803,33.8859,10.2214,11.3411,0.0,2829,1815,2652,0,-9.28,18.95,24.37,0.0,348,10.0,273.0,0.0,many,SR,2
0,1721,8898,1607,0,60.1277,33.5237,13.2286,8.6815,0.0,4189,3654,1466,0,1.74,31.52,15.42,0.0,595,519.0,34.0,0.0,many,SR,2
0,3472,8528,6981,6965,59.4878,33.8667,6.3412,5.6588,9.5313,2032,1142,771,2032,-15.47,11.91,9.8,19.19,201,123.0,0.0,201.0,many,SR,3
0,4745,9533,4477,0,59.1953,34.53,10.8762,9.9088,0.0,2020,2020,1713,0,-13.71,20.72,18.08,0.0,27,27.0,0.0,0.0,many,SR,2
0,850,3986,3143,0,58.9757,34.1141,10.3439,10.6157,0.0,2163,1827,1907,0,-12.41,19.16,19.86,0.0,69,0.0,5.0,0.0,many,SR,2
0,3612,4017,388,0,58.7809,34.0771,11.966,8.7909,0.0,2452,2452,1423,0,-9.78,24.13,15.34,0.0,99,99.0,0.0,0.0,many,SR,2
0,4256,5478,5477,0,58.7647,33.4977,10.6442,10.6442,0.0,2870,1905,1905,0,-5.67,19.89,19.89,0.0,158,0.0,0.0,0.0,many,SR,2
0,901,6761,5224,0,61.3001,35.5205,5.6859,15.7357,0.0,3901,790,3493,0,1.74,9.89,33.69,0.0,253,8.0,128.0,0.0,many,SR,2
0,1475,9394,5496,0,57.5362,32.6431,10.383,10.4958,0.0,2151,2032,1954,0,-13.54,20.19,19.95,0.0,238,95.0,43.0,0.0,many,SR,2
0,3557,8578,4087,0,57.2661,32.9862,10.929,9.5661,0.0,2755,1989,1622,0,-5.14,20.63,17.22,0.0,74,6.0,0.0,0.0,many,SR,2
0,4206,6274,6273,0,57.2571,32.4391,10.4651,10.4651,0.0,2741,1857,1857,0,-6.21,19.44,19.44,0.0,174,0.0,0.0,0.0,many,SR,2
0,2818,2292,1428,0,56.4962,31.4335,10.4495,10.6423,0.0,2298,1941,1904,0,-11.61,19.83,19.88,0.0,294,43.0,0.0,0.0,many,SR,2
0,1437,4918,49,0,56.4512,32.0042,9.986,10.4863,0.0,2325,1985,2015,0,-11.36,19.5,20.24,0.0,257,121.0,73.0,0.0,many,SR,2
0,979,2540,2539,0,55.8709,32.0502,10.0647,10.0647,0.0,3425,1753,1753,0,2.74,18.46,18.46,0.0,80,0.0,0.0,0.0,many,SR,2
0,2585,6769,5040,2550,65.2562,37.3035,7.1193,9.4795,7.1193,1717,1074,1717,1074,-20.08,12.37,17.6,12.37,55,0.0,55.0,0.0,many,SR,3
0,1714,2697,2403,0,55.587,31.1918,10.8117,9.7779,0.0,3769,1948,1679,0,5.32,20.3,17.76,0.0,209,0.0,0.0,0.0,many,SR,2
0,3973,8368,7839,0,55.3461,30.0204,10.6692,10.6696,0.0,3041,1909,1909,0,-3.95,19.93,19.94,0.0,400,0.0,-1.0,0.0,many,SR,2
0,32,5325,5324,0,55.1739,30.6628,10.3419,10.3419,0.0,3016,1825,1825,0,-2.78,19.14,19.14,0.0,258,0.0,0.0,0.0,many,SR,2
0,2981,7984,7143,0,55.4261,29.8676,12.1671,9.2485,0.0,3104,2576,1541,0,-4.69,24.98,16.45,0.0,506,133.0,0.0,0.0,many,SR,2
0,2042,5771,5541,3288,54.9522,31.0416,6.6837,6.7146,6.6895,1743,1407,990,1409,-16.1,13.28,11.66,13.29,230,227.0,0.0,227.0,many,SR,3
0,226,4573,4572,0,55.0997,29.7505,10.6788,10.6788,0.0,3105,1912,1912,0,-3.32,19.96,19.96,0.0,421,0.0,0.0,0.0,many,SR,2
0,2945,3714,770,713,62.5169,35.4419,7.5745,7.3793,8.0679,1364,1225,1129,1328,-22.16,13.4,12.84,14.29,71,30.0,0.0,29.0,many,SR,3
0,1220,9000,8401,0,54.6244,30.1715,10.3807,10.2591,0.0,2679,1832,1802,0,-6.19,19.21,18.92,0.0,283,-1.0,0.0,0.0,many,SR,2
0,170,2492,2487,0,54.2744,30.093,11.0883,9.3197,0.0,2279,2048,1559,0,-10.03,21.11,16.62,0.0,264,14.0,0.0,0.0,many,SR,2
0,3054,5489,2176,0,54.0343,30.1385,11.2747,8.9092,0.0,2473,2075,1458,0,-7.44,21.47,15.65,0.0,223,3.0,2.0,0.0,many,SR,2
0,1367,1975,1880,0,53.3194,30.6787,9.0039,10.128,0.0,1957,1591,1784,0,-11.03,16.41,18.68,0.0,62,55.0,7.0,0.0,many,SR,2
0,1401,1560,1559,0,53.3738,30.044,9.8666,9.8666,0.0,2384,1703,1703,0,-7.34,17.98,17.98,0.0,159,0.0,0.0,0.0,many,SR,2
0,4058,7442,3732,0,53.4661,30.3955,10.1166,9.243,0.0,2492,1765,1968,0,-7.23,18.57,18.54,0.0,205,0.0,206.0,0.0,many,SR,2
0,3763,9778,2266,0,52.0447,29.8317,9.5084,9.3252,0.0,2213,1608,1575,0,-7.18,17.09,16.71,0.0,40,0.0,7.0,0.0,many,SR,2
0,133,7737,1815,0,51.5549,28.8694,8.4391,10.742,0.0,2567,1383,1943,0,-4.59,14.86,20.19,0.0,182,17.0,7.0,0.0,many,SR,2
0,1381,5946,5219,0,51.6774,28.5951,7.2555,12.1322,0.0,2740,1102,2454,0,-4.48,12.61,24.33,0.0,318,0.0,79.0,0.0,many,SR,2
0,1938,5276,4784,0,51.4299,28.6202,9.1423,10.1614,0.0,1952,1514,1814,0,-11.06,16.19,18.87,0.0,200,1.0,17.0,0.0,many,SR,2
0,1932,4768,4766,0,51.1643,28.5769,9.57,9.57,0.0,2709,1624,1624,0,-2.58,17.24,17.24,0.0,167,0.0,0.0,0.0,many,SR,2
0,3311,7334,5794,0,50.9253,28.4645,9.4256,9.5046,0.0,2005,1855,1609,0,-10.72,18.21,17.1,0.0,226,128.0,0.0,0.0,many,SR,2
0,363,8938,2859,0,50.9336,28.1045,11.753,7.3755,0.0,2802,2509,1129,0,-3.88,24.16,12.84,0.0,355,152.0,0.0,0.0,many,SR,2
0,80,6446,2435,0,49.687,27.8598,9.2639,9.2662,0.0,2269,1544,1544,0,-5.85,16.48,16.49,0.0,124,0.0,-1.0,0.0,many,SR,2
0,4118,8510,5186,0,49.5599,27.655,8.5645,10.0118,0.0,1836,1375,1745,0,-10.68,14.93,18.35,0.0,157,0.0,3.0,0.0,many,SR,2
0,571,2278,1184,0,49.4158,27.9606,9.177,9.05,0.0,2492,1525,1493,0,-2.89,16.29,15.99,0.0,75,1.0,1.0,0.0,many,SR,2
0,2358,8569,4771,316,49.286,27.2061,6.9679,5.8592,5.9896,2217,1044,812,838,-6.09,12.12,10.15,10.37,148,0.0,0.0,0.0,many,SR,3
0,193,8099,7378,898,49.0069,26.5668,6.488,6.1962,6.4374,1908,945,880,937,-9.83,11.27,10.73,11.18,225,1.0,-1.0,3.0,many,SR,3
0,3267,330,329,0,48.9846,27.1165,9.2812,9.2812,0.0,1940,1549,1549,0,-9.38,16.53,16.53,0.0,180,0.0,0.0,0.0,many,SR,2
0,2895,6647,1585,0,48.8356,27.7435,9.3856,8.5237,0.0,1947,1611,1367,0,-8.2,16.95,14.87,0.0,62,17.0,-1.0,0.0,many,SR,2
0,1461,8947,2803,0,48.6652,27.0954,9.1466,9.1441,0.0,2533,1516,1592,0,-2.92,16.22,16.58,0.0,165,0.0,38.0,0.0,many,SR,2
0,2502,6,0,0,50.002,36.6669,8.6472,0.0,0.0,4572,3783,0,0,5.82,46.88,0.0,0.0,377,0.0,0.0,0.0,one,SR,1
0,1452,9452,3354,0,48.5322,27.1518,8.8906,9.2551,0.0,2449,1462,1589,0,-3.4,15.65,16.7,0.0,134,6.0,22.0,0.0,many,SR,2
0,4057,8850,8608,0,47.9536,27.1995,8.7289,8.9232,0.0,1852,1415,1480,0,-8.47,15.26,15.76,0.0,49,2.0,12.0,0.0,many,SR,2
0,3882,5281,1137,0,47.8833,26.7118,8.6391,9.2955,0.0,2564,1443,1660,0,-2.21,15.28,17.09,0.0,165,27.0,52.0,0.0,many,SR,2
0,4172,8245,6263,0,48.044,26.8088,9.1133,8.7228,0.0,2948,2042,1410,0,0.36,18.76,15.23,0.0,258,257.0,0.0,0.0,many,SR,2
0,1463,1116,0,0,48.6821,36.4019,8.0474,0.0,0.0,3807,3396,0,0,1.88,42.33,0.0,0.0,116,0.0,0.0,0.0,one,SR,1
0,2980,2359,1129,0,47.7455,26.1714,10.0195,8.1158,0.0,2243,1851,1619,0,-7.4,18.89,15.5,0.0,326,52.0,179.0,0.0,many,SR,2
0,469,3338,1586,0,47.3837,26.5608,8.2395,9.4035,0.0,2590,1308,1703,0,-1.42,14.36,17.44,0.0,141,0.0,58.0,0.0,many,SR,2
0,3414,1432,0,0,47.801,35.8922,7.8361,0.0,0.0,3673,3260,0,0,1.91,40.73,0.0,0.0,52,0.0,0.0,0.0,one,SR,1
0,3556,8525,6841,0,55.9872,31.251,8.5061,12.3334,0.0,2942,1364,2362,0,-4.18,14.84,24.13,0.0,261,0.0,9.0,0.0,many,SR,2
0,1722,5836,3388,0,46.7569,26.6959,7.5797,9.4112,0.0,1717,1170,1717,0,-9.6,13.19,17.51,0.0,64,0.0,64.0,0.0,many,SR,2
0,3368,6749,2308,0,46.757,26.7646,9.8296,7.0686,0.0,1847,1847,1065,0,-8.45,18.64,12.3,0.0,74,74.0,0.0,0.0,many,SR,2
0,435,9580,5090,0,46.9024,25.6972,8.7593,9.0617,0.0,2382,1946,1491,0,-5.45,17.86,15.98,0.0,325,256.0,0.0,0.0,many,SR,2
0,3660,5257,5256,0,46.6914,24.8155,9.2833,9.2833,0.0,2875,1551,1551,0,0.4,16.55,16.55,0.0,339,0.0,0.0,0.0,many,SR,2
0,1063,5521,0,0,47.1842,35.1977,7.8785,0.0,0.0,3402,3290,0,0,-1.25,41.08,0.0,0.0,121,0.0,0.0,0.0,one,SR,1
0,3278,5895,994,0,46.2047,25.3551,9.9361,7.7495,0.0,2864,1718,1207,0,1.6,18.13,13.51,0.0,213,-1.0,0.0,0.0,many,SR,2
0,4509,7471,6958,0,56.1295,32.1455,10.5249,9.5798,0.0,2068,1874,2019,0,-13.2,19.6,19.19,0.0,189,0.0,188.0,0.0,many,SR,2
0,2578,7519,5715,0,45.6079,25.6338,7.9439,8.9832,0.0,2413,1286,1609,0,-2.09,14.0,16.47,0.0,122,21.0,66.0,0.0,many,SR,2
0,417,8931,5075,0,45.5063,25.6981,8.4902,8.3143,0.0,1535,1535,1324,0,-10.92,15.54,14.5,0.0,91,91.0,0.0,0.0,many,SR,2
0,4069,6922,4585,0,45.1942,25.7088,6.0909,10.2959,0.0,2267,861,2101,0,-4.08,10.55,20.43,0.0,149,1.0,139.0,0.0,many,SR,2
0,3607,5252,3335,0,44.948,25.1364,6.9535,9.8457,0.0,2214,1041,1719,0,-3.86,12.09,18.03,0.0,135,0.0,11.0,0.0,many,SR,2
0,3513,9660,6693,0,44.7148,23.5812,9.0194,8.9521,0.0,2641,1481,1465,0,-0.73,15.89,15.73,0.0,333,0.0,0.0,0.0,many,SR,2
0,2155,9438,0,0,45.321,33.6595,7.6933,0.0,0.0,3801,3171,0,0,4.2,39.68,0.0,0.0,140,0.0,0.0,0.0,one,SR,1
0,3457,7158,0,0,45.1061,33.6763,7.5628,0.0,0.0,4012,3085,0,0,7.32,38.67,0.0,0.0,77,0.0,0.0,0.0,one,SR,1
0,3412,7171,7170,0,44.1962,24.0842,8.5617,8.5617,0.0,2389,1376,1376,0,-1.81,14.94,14.94,0.0,192,0.0,0.0,0.0,many,SR,2
0,687,2002,556,0,44.2443,23.8022,7.8875,9.4329,0.0,1940,1235,1705,0,-7.73,13.74,17.47,0.0,293,0.0,56.0,0.0,many,SR,2
0,4209,7247,7246,0,43.8283,25.0411,7.9997,7.9997,0.0,2022,1258,1258,0,-3.86,13.94,13.94,0.0,4,0.0,0.0,0.0,many,SR,2
0,618,5185,0,0,44.8487,33.4179,7.5651,0.0,0.0,3885,3084,0,0,6.0,38.66,0.0,0.0,94,0.0,0.0,0.0,one,SR,1
0,1641,8064,5887,0,44.1426,23.8246,8.1859,8.9559,0.0,2192,1710,1464,0,-5.57,16.04,15.72,0.0,325,213.0,0.0,0.0,many,SR,2
0,4962,4913,2761,0,43.8698,23.6941,8.414,8.7162,0.0,2171,1356,1523,0,-4.61,14.72,15.73,0.0,254,6.0,58.0,0.0,many,SR,2
0,2969,6006,1155,0,43.996,23.3195,6.3014,11.1637,0.0,2353,905,2042,0,-4.2,10.94,21.18,0.0,381,0.0,1.0,0.0,many,SR,2
0,3810,4706,3468,3467,58.4916,31.432,9.069,6.9794,6.9794,2207,1500,1046,1046,-13.11,16.05,12.14,12.14,331,2.0,0.0,0.0,many,SR,3
0,1944,8693,4055,0,48.3791,27.054,9.593,8.4511,0.0,1984,1757,1391,0,-8.7,17.92,14.89,0.0,169,61.0,21.0,0.0,many,SR,2
0,2986,9118,5821,0,43.0557,24.183,8.2528,7.7734,0.0,3246,1448,1210,0,8.46,14.93,13.53,0.0,98,73.0,0.0,0.0,many,SR,2
0,1561,1042,0,0,44.7081,31.7071,8.4578,0.0,0.0,4235,3660,0,0,3.58,45.43,0.0,0.0,626,0.0,0.0,0.0,one,SR,1
0,4502,6582,3117,0,42.9876,22.5019,8.7075,8.7233,0.0,2540,1406,1440,0,-0.82,15.2,15.35,0.0,341,0.0,16.0,0.0,many,SR,2
0,2901,286,0,0,43.8563,32.1729,7.7083,0.0,0.0,3926,3177,0,0,5.45,39.75,0.0,0.0,246,0.0,0.0,0.0,one,SR,1
0,2695,182,0,0,43.6097,32.2204,7.5423,0.0,0.0,4849,3068,0,0,16.29,38.47,0.0,0.0,164,0.0,0.0,0.0,one,SR,1
0,2600,9799,8937,0,42.5766,23.9386,7.9019,7.904,0.0,1437,1413,1259,0,-10.4,14.47,13.85,0.0,106,93.0,11.0,0.0,many,SR,2
0,1628,5840,2757,0,42.717,22.4061,11.7337,5.3903,0.0,3140,2186,715,0,4.29,22.55,9.32,0.0,428,0.0,0.0,0.0,many,SR,2
0,4812,8342,2085,0,42.203,23.6285,8.1761,7.5604,0.0,1573,1294,1412,0,-9.03,14.25,14.13,0.0,131,0.0,131.0,0.0,many,SR,2
0,2759,5854,4457,0,42.0927,23.842,7.8701,7.6488,0.0,1357,1302,1186,0,-10.34,13.99,13.33,0.0,51,38.0,0.0,0.0,many,SR,2
0,4010,8266,2693,0,42.2845,22.3769,8.4814,8.4495,0.0,2343,1416,1353,0,-2.19,15.02,14.75,0.0,301,31.0,0.0,0.0,many,SR,2
0,1775,1477,0,0,42.7792,31.9307,7.2332,0.0,0.0,3675,2871,0,0,6.05,36.15,0.0,0.0,42,0.0,0.0,0.0,one,SR,1
0,951,9412,9411,0,41.9257,22.9353,8.0851,8.0851,0.0,2048,1277,1277,0,-3.88,14.1,14.1,0.0,167,0.0,0.0,0.0,many,SR,2
0,2289,4014,3351,0,41.7423,21.6335,7.3764,9.6677,0.0,2762,1128,1717,0,1.42,12.83,17.81,0.0,406,0.0,32.0,0.0,many,SR,2
0,1409,8139,4043,0,41.3275,22.2113,8.179,8.088,0.0,1469,1295,1313,0,-10.22,14.25,14.24,0.0,234,0.0,20.0,0.0,many,SR,2
0,3424,4493,2764,0,41.4214,22.6219,6.7058,9.1392,0.0,1931,1408,1523,0,-6.32,13.31,16.24,0.0,271,224.0,5.0,0.0,many,SR,2
0,2349,1183,0,0,42.2506,30.8594,7.5442,0.0,0.0,3890,3068,0,0,6.22,38.47,0.0,0.0,257,0.0,0.0,0.0,one,SR,1
0,1940,4649,0,0,42.3152,30.5745,7.7432,0.0,0.0,3572,3196,0,0,1.53,39.97,0.0,0.0,369,0.0,0.0,0.0,one,SR,1
0,1241,7128,7127,0,40.816,23.3198,7.4503,7.4503,0.0,1748,1145,1145,0,-5.01,12.98,12.98,0.0,3,0.0,0.0,0.0,many,SR,2
0,2649,8567,4091,0,41.0561,22.1603,6.6993,9.2725,0.0,2488,986,1771,0,-0.19,11.63,17.61,0.0,284,0.0,107.0,0.0,many,SR,2
0,1337,9063,2599,0,40.5943,22.4376,7.8012,7.6613,0.0,4180,1217,1189,0,19.64,13.59,13.35,0.0,124,0.0,0.0,0.0,many,SR,2
0,4094,8849,8848,0,40.5107,22.544,7.6507,7.6507,0.0,2509,1186,1186,0,2.36,13.33,13.33,0.0,99,0.0,0.0,0.0,many,SR,2
0,4092,8893,7281,0,44.2661,24.9231,10.0963,6.2584,0.0,2241,1807,964,0,-3.36,18.76,11.12,0.0,135,22.0,37.0,0.0,many,SR,2
0,2003,6214,0,0,40.8305,30.3364,7.0364,0.0,0.0,4360,2737,0,0,14.66,34.58,0.0,0.0,54,0.0,0.0,0.0,one,SR,1
0,1308,6019,3405,0,39.9695,22.4279,7.4713,7.4713,0.0,2710,1147,1147,0,5.06,13.0,13.0,0.0,66,0.0,0.0,0.0,many,SR,2
0,684,9962,9266,0,40.179,20.8714,7.6478,8.7857,0.0,2068,1185,1441,0,-4.15,13.32,15.42,0.0,341,0.0,9.0,0.0,many,SR,2
0,3575,8762,492,0,54.4634,30.8703,6.1287,13.5595,0.0,3292,867,2946,0,-0.58,10.61,28.44,0.0,292,0.0,137.0,0.0,many,SR,2
0,3553,5902,2546,0,39.8736,21.8211,7.0969,8.2043,0.0,2176,1082,1510,0,-1.91,12.38,15.13,0.0,201,7.0,112.0,0.0,many,SR,2
0,3038,7634,2805,0,39.7292,21.2371,8.9412,6.7953,0.0,1701,1470,1008,0,-6.94,15.74,11.81,0.0,243,4.0,0.0,0.0,many,SR,2
0,3897,4537,4536,0,64.568,36.614,11.7241,11.7241,0.0,2322,2184,2184,0,-16.17,22.53,22.53,0.0,269,0.0,0.0,0.0,many,SR,2
0,1953,1308,568,0,39.3347,21.4328,6.8178,8.3625,0.0,1799,1157,1386,0,-5.6,12.43,14.79,0.0,209,77.0,28.0,0.0,many,SR,2
0,2389,8364,313,0,39.2086,21.7817,5.9701,8.8498,0.0,1767,849,1477,0,-4.91,10.4,15.67,0.0,115,7.0,19.0,0.0,many,SR,2
0,3208,8061,526,0,48.0394,27.0126,9.3695,8.4984,0.0,2098,1575,1362,0,-6.4,16.76,14.82,0.0,97,1.0,0.0,0.0,many,SR,2
0,1269,4027,839,0,42.6617,23.9184,10.2416,5.5709,0.0,2104,1954,756,0,-4.29,19.66,9.65,0.0,168,74.0,2.0,0.0,many,SR,2
0,4926,8692,7374,0,43.6478,24.4426,7.6701,8.6067,0.0,2124,1193,1584,0,-4.05,13.37,15.91,0.0,131,2.0,100.0,0.0,many,SR,2
0,1359,5495,5494,0,39.2013,19.8193,8.2528,8.2528,0.0,2816,1310,1310,0,3.68,14.38,14.38,0.0,414,0.0,0.0,0.0,many,SR,2
0,2596,8021,0,0,39.6551,29.1657,7.0329,0.0,0.0,3107,2736,0,0,1.51,34.57,0.0,0.0,133,0.0,0.0,0.0,one,SR,1
0,3306,6342,6341,0,38.7359,21.1042,7.5078,7.5078,0.0,2234,1157,1157,0,-0.09,13.08,13.08,0.0,167,0.0,0.0,0.0,many,SR,2
0,4773,976,0,0,39.5533,29.1029,7.0091,0.0,0.0,2969,2723,0,0,0.2,34.41,0.0,0.0,128,0.0,0.0,0.0,one,SR,1
0,444,5389,2204,0,38.7502,21.3371,8.4146,6.3378,0.0,1601,1568,913,0,-7.14,15.6,11.01,0.0,178,117.0,0.0,0.0,many,SR,2
0,2912,5914,228,0,38.7101,20.4988,8.603,6.9055,0.0,1846,1385,1031,0,-4.94,15.02,12.01,0.0,261,0.0,0.0,0.0,many,SR,2
0,2680,9577,9032,0,38.4792,21.7363,6.4567,7.7976,0.0,2179,937,1238,0,0.48,11.21,13.68,0.0,45,0.0,11.0,0.0,many,SR,2
0,3979,9060,2742,0,46.506,25.9928,7.5538,9.85,0.0,1852,1165,1702,0,-8.54,13.15,17.95,0.0,136,0.0,3.0,0.0,many,SR,2
0,1558,9631,5556,0,46.8813,25.9409,9.7599,8.0065,0.0,2131,1689,1261,0,-6.19,17.78,13.96,0.0,179,8.0,0.0,0.0,many,SR,2
0,4140,4054,4053,0,38.3007,21.5571,7.1318,7.1318,0.0,1181,1077,1077,0,-9.92,12.4,12.4,0.0,52,0.0,0.0,0.0,many,SR,2
0,4315,966,0,0,39.2099,28.3926,7.2196,0.0,0.0,3095,2856,0,0,0.12,35.98,0.0,0.0,272,0.0,0.0,0.0,one,SR,1
0,802,6475,6474,0,38.1954,19.777,7.8425,7.8425,0.0,2349,1226,1226,0,0.06,13.67,13.67,0.0,329,0.0,0.0,0.0,many,SR,2
0,4789,4428,2872,0,38.1643,20.0983,10.2416,4.9795,0.0,2341,1814,854,0,-1.02,18.97,9.48,0.0,376,7.0,120.0,0.0,many,SR,2
0,871,2642,1907,0,42.2055,23.9411,7.4368,8.09,0.0,1470,1141,1362,0,-9.2,12.94,14.43,0.0,48,0.0,46.0,0.0,many,SR,2
0,4,277,123,0,37.542,19.518,7.4231,7.893,0.0,1991,1183,1293,0,-3.47,13.1,13.98,0.0,331,24.0,30.0,0.0,many,SR,2
0,4578,876,0,0,37.9994,28.1517,6.6699,0.0,0.0,2824,2499,0,0,1.05,31.78,0.0,0.0,31,0.0,0.0,0.0,one,SR,1
0,2943,5861,5189,0,37.2916,20.7116,6.9811,7.0474,0.0,1333,1333,1059,0,-8.97,13.27,12.25,0.0,154,154.0,0.0,0.0,many,SR,2
0,2457,7556,2493,0,37.1919,20.5783,7.9361,6.2069,0.0,1341,1247,910,0,-8.16,13.84,10.87,0.0,113,1.0,13.0,0.0,many,SR,2
0,1500,7802,5,0,37.1262,20.868,7.0434,6.7578,0.0,1210,1207,999,0,-9.41,12.83,11.74,0.0,85,79.0,0.0,0.0,many,SR,2
0,1804,8009,7920,0,36.9955,20.4648,6.659,7.3712,0.0,2024,978,1285,0,-1.25,11.56,13.45,0.0,139,0.0,85.0,0.0,many,SR,2
0,4772,5922,4838,0,41.2406,21.6788,6.7434,9.8367,0.0,2113,996,1737,0,-4.65,11.71,18.11,0.0,352,0.0,21.0,0.0,many,SR,2
0,4145,8667,0,0,37.8721,27.2876,7.0868,0.0,0.0,3601,2771,0,0,6.33,34.98,0.0,0.0,286,0.0,0.0,0.0,one,SR,1
0,139,9142,0,0,37.7161,27.3144,6.984,0.0,0.0,3108,2703,0,0,1.87,34.18,0.0,0.0,235,0.0,0.0,0.0,one,SR,1
0,4154,7567,0,0,37.322,27.25,6.7954,0.0,0.0,3890,2583,0,0,11.36,32.77,0.0,0.0,153,0.0,0.0,0.0,one,SR,1
0,2669,7399,6073,0,36.4489,20.4137,6.0165,7.5804,0.0,1366,844,1366,0,-7.6,10.42,13.96,0.0,105,0.0,105.0,0.0,many,SR,2
0,76,6029,4488,0,36.4411,20.2537,6.1109,7.611,0.0,2005,1026,1221,0,-1.14,11.23,13.42,0.0,132,86.0,24.0,0.0,many,SR,2
0,4936,9016,0,0,37.2826,27.1327,6.8404,0.0,0.0,3455,2611,0,0,6.49,33.1,0.0,0.0,181,0.0,0.0,0.0,one,SR,1
0,2523,9542,9541,0,36.143,20.6263,6.6111,6.6111,0.0,1596,968,968,0,-3.89,11.47,11.47,0.0,2,0.0,0.0,0.0,many,SR,2
0,2931,5539,3076,0,36.3301,19.1603,6.1891,8.4319,0.0,1622,880,1362,0,-5.91,10.72,14.76,0.0,258,0.0,7.0,0.0,many,SR,2
0,1261,4322,0,0,36.8552,27.161,6.5787,0.0,0.0,3424,2446,0,0,7.91,31.15,0.0,0.0,60,0.0,0.0,0.0,one,SR,1
0,1481,8729,2889,0,36.0188,20.2757,7.2575,6.1366,0.0,1402,1147,884,0,-6.42,12.8,10.69,0.0,59,23.0,8.0,0.0,many,SR,2
0,1586,4533,4532,0,57.4156,33.4109,10.1397,10.1397,0.0,2167,1771,1771,0,-10.77,18.63,18.63,0.0,8,0.0,0.0,0.0,many,SR,2
0,4508,4558,1069,0,35.9301,19.5855,6.9621,6.9621,0.0,1668,1042,1042,0,-4.27,12.1,12.1,0.0,150,0.0,0.0,0.0,many,SR,2
0,1205,8843,302,0,35.8159,20.0208,6.7406,6.7166,0.0,2728,997,990,0,7.6,11.72,11.66,0.0,70,0.0,0.0,0.0,many,SR,2
0,2483,8197,76,0,39.5542,22.4627,6.1433,8.4011,0.0,2044,897,1360,0,-1.46,10.75,14.72,0.0,32,14.0,10.0,0.0,many,SR,2
0,697,5553,0,0,36.8339,26.3662,7.0206,0.0,0.0,3808,2728,0,0,8.96,34.47,0.0,0.0,318,0.0,0.0,0.0,one,SR,1
0,439,8098,7809,0,35.6656,19.0083,6.8602,7.2585,0.0,1968,1229,1105,0,-2.18,12.75,12.64,0.0,262,111.0,0.0,0.0,many,SR,2
0,1315,1962,0,0,36.1123,26.3499,6.6199,0.0,0.0,3267,2469,0,0,6.02,31.43,0.0,0.0,132,0.0,0.0,0.0,one,SR,1
0,3436,3665,2804,0,35.0813,19.6571,6.5987,6.4952,0.0,1109,967,1086,0,-9.33,11.46,11.84,0.0,90,0.0,75.0,0.0,many,SR,2
0,4727,7721,7720,0,35.0084,18.901,6.8605,6.8605,0.0,1332,1022,1022,0,-7.49,11.93,11.93,0.0,176,0.0,0.0,0.0,many,SR,2
0,1454,5327,0,0,35.8337,25.7826,6.7827,0.0,0.0,3911,2576,0,0,11.65,32.68,0.0,0.0,248,0.0,0.0,0.0,one,SR,1
0,2800,60,0,0,35.6419,25.959,6.5756,0.0,0.0,3383,2439,0,0,7.56,31.07,0.0,0.0,137,0.0,0.0,0.0,one,SR,1
0,673,5765,5538,0,34.7912,19.55,6.8161,6.1373,0.0,1151,1111,870,0,-8.5,12.24,10.64,0.0,71,53.0,0.0,0.0,many,SR,2
0,1456,2134,0,0,35.3949,26.0192,6.3989,0.0,0.0,3194,2328,0,0,6.75,29.77,0.0,0.0,53,0.0,0.0,0.0,one,SR,1
0,4286,9053,3124,0,34.9347,18.259,8.438,5.7024,0.0,2422,1506,816,0,2.61,15.33,10.02,0.0,311,84.0,19.0,0.0,many,SR,2
0,966,7927,0,0,35.626,25.5116,6.8178,0.0,0.0,3496,2600,0,0,7.04,32.97,0.0,0.0,284,0.0,0.0,0.0,one,SR,1
0,1250,9143,4102,0,34.7554,18.1268,5.6013,8.5507,0.0,1910,759,1410,0,-2.23,9.7,15.07,0.0,284,0.0,19.0,0.0,many,SR,2
0,2689,2516,0,0,35.2951,25.7772,6.4813,0.0,0.0,3024,2379,0,0,4.42,30.37,0.0,0.0,106,0.0,0.0,0.0,one,SR,1
0,2504,4301,441,0,34.6368,18.5777,7.476,6.1287,0.0,1519,1382,867,0,-6.14,13.93,10.61,0.0,240,125.0,0.0,0.0,many,SR,2
0,2118,9124,2001,0,34.3754,17.7618,7.7796,6.3684,0.0,2615,1230,917,0,5.27,13.62,11.04,0.0,302,10.0,0.0,0.0,many,SR,2
0,4883,2986,117,0,41.5579,22.3558,7.3274,8.9923,0.0,2008,1117,1527,0,-4.86,12.74,16.08,0.0,245,0.0,25.0,0.0,many,SR,2
0,3587,8521,4928,0,37.27,20.8255,5.5063,8.4616,0.0,2091,738,1477,0,-0.33,9.52,15.25,0.0,100,0.0,65.0,0.0,many,SR,2
0,3348,5508,2027,0,33.8501,18.8844,6.3563,6.3915,0.0,1756,931,923,0,-1.52,11.09,11.09,0.0,74,8.0,0.0,0.0,many,SR,2
0,3119,7209,1829,0,33.6808,18.8064,6.4898,6.0661,0.0,1631,1077,1075,0,-3.74,11.8,11.39,0.0,141,71.0,117.0,0.0,many,SR,2
0,3916,5818,0,0,34.4385,24.4072,6.7723,0.0,0.0,3706,2568,0,0,9.58,32.59,0.0,0.0,336,0.0,0.0,0.0,one,SR,1
0,2135,8673,7558,0,33.2654,18.893,6.124,6.124,0.0,1966,868,868,0,1.52,10.62,10.62,0.0,16,0.0,0.0,0.0,many,SR,2
0,4447,8080,2272,0,37.1681,19.7609,8.9874,5.7942,0.0,2224,1494,878,0,-0.28,15.91,10.34,0.0,264,10.0,43.0,0.0,many,SR,2
0,1917,8113,3326,0,33.2533,17.9634,5.7154,7.2552,0.0,1522,782,1274,0,-4.89,9.89,13.3,0.0,199,0.0,91.0,0.0,many,SR,2
0,3321,2913,0,0,33.856,24.5208,6.3784,0.0,0.0,3076,2311,0,0,5.69,29.57,0.0,0.0,143,0.0,0.0,0.0,one,SR,1
0,814,8107,4970,0,37.5852,20.7255,6.8856,7.4635,0.0,1996,1029,1181,0,-1.64,11.97,13.13,0.0,128,2.0,18.0,0.0,many,SR,2
0,932,3882,3881,0,32.9274,18.013,6.3541,6.3541,0.0,2362,916,916,0,4.95,11.03,11.03,0.0,126,0.0,0.0,0.0,many,SR,2
0,3150,2030,41,0,37.987,20.6772,8.1531,6.5679,0.0,2928,1361,959,0,7.44,14.49,11.4,0.0,179,38.0,0.0,0.0,many,SR,2
0,3157,4908,2003,0,32.8568,17.5829,7.3256,5.6885,0.0,1242,1119,776,0,-7.3,12.76,9.84,0.0,188,0.0,0.0,0.0,many,SR,2
0,695,3940,0,0,33.6375,24.0516,6.5198,0.0,0.0,3816,2404,0,0,12.47,30.66,0.0,0.0,242,0.0,0.0,0.0,one,SR,1
0,996,1143,0,0,33.3158,24.2596,6.2195,0.0,0.0,3374,2209,0,0,9.9,28.37,0.0,0.0,87,0.0,0.0,0.0,one,SR,1
0,3459,9259,0,0,33.3111,24.1837,6.2565,0.0,0.0,2654,2238,0,0,2.03,28.71,0.0,0.0,113,0.0,0.0,0.0,one,SR,1
0,2287,2713,1546,0,32.8274,17.0542,7.9326,5.4508,0.0,1864,1407,728,0,-1.94,14.47,9.43,0.0,304,87.0,0.0,0.0,many,SR,2
0,4971,6441,3634,0,36.377,19.6565,6.0963,8.1442,0.0,1396,870,1290,0,-7.66,10.6,14.2,0.0,182,5.0,1.0,0.0,many,SR,2
0,1813,7178,5054,0,37.0666,19.0678,8.1934,7.1366,0.0,2031,1298,1078,0,-2.69,14.28,12.41,0.0,338,0.0,0.0,0.0,many,SR,2
0,3110,3462,312,0,37.7632,19.2842,7.0122,8.6985,0.0,2660,1110,1424,0,3.02,12.42,15.27,0.0,384,31.0,10.0,0.0,many,SR,2
0,1632,1056,0,0,32.6215,23.958,5.9984,0.0,0.0,3345,2063,0,0,11.14,26.65,0.0,0.0,2,0.0,0.0,0.0,one,SR,1
0,3596,4376,0,0,33.0274,23.331,6.5833,0.0,0.0,3104,2444,0,0,4.57,31.13,0.0,0.0,320,0.0,0.0,0.0,one,SR,1
0,3530,3184,2411,0,32.0064,17.8809,5.7726,6.2557,0.0,1457,795,929,0,-3.58,9.99,10.98,0.0,68,1.0,19.0,0.0,many,SR,2
0,2245,6269,1844,0,32.0869,17.3419,6.2822,6.2822,0.0,1752,901,901,0,-1.23,10.9,10.9,0.0,156,0.0,0.0,0.0,many,SR,2
0,2926,9242,0,0,32.5952,23.7798,6.082,0.0,0.0,2209,2121,0,0,-1.41,27.33,0.0,0.0,56,0.0,0.0,0.0,one,SR,1
0,1025,5642,5190,0,36.1905,19.1009,7.9051,6.5752,0.0,2010,1460,968,0,-2.38,14.65,11.44,0.0,299,118.0,4.0,0.0,many,SR,2
0,1430,2610,0,0,32.6558,23.5672,6.2353,0.0,0.0,2338,2223,0,0,-1.13,28.53,0.0,0.0,144,0.0,0.0,0.0,one,SR,1
0,2380,8033,2501,0,31.9735,17.4382,6.1416,6.1987,0.0,1847,1014,882,0,-0.36,11.21,10.74,0.0,158,77.0,0.0,0.0,many,SR,2
0,4550,2951,0,0,32.564,23.5495,6.1941,0.0,0.0,2571,2195,0,0,1.61,28.2,0.0,0.0,125,0.0,0.0,0.0,one,SR,1
0,2915,9406,9405,0,31.9702,16.2954,6.6782,6.6782,0.0,2360,982,982,0,3.91,11.59,11.59,0.0,312,0.0,0.0,0.0,many,SR,2
0,4941,9901,0,0,32.3136,23.6474,6.0,0.0,0.0,2259,2064,0,0,-0.28,26.66,0.0,0.0,24,0.0,0.0,0.0,one,SR,1
0,2719,2426,0,0,32.6477,22.9722,6.5706,0.0,0.0,3289,2437,0,0,6.59,31.05,0.0,0.0,339,0.0,0.0,0.0,one,SR,1
0,3517,1263,0,0,32.2161,23.4113,6.0785,0.0,0.0,2720,2115,0,0,4.02,27.26,0.0,0.0,77,0.0,0.0,0.0,one,SR,1
0,2107,5698,1821,0,31.4265,17.5753,5.4584,6.3474,0.0,1848,728,915,0,1.0,9.43,11.02,0.0,57,0.0,0.0,0.0,many,SR,2
0,2277,7078,6725,0,36.0662,19.6078,6.6277,7.2699,0.0,1492,1343,1105,0,-7.38,12.97,12.64,0.0,235,199.0,0.0,0.0,many,SR,2
0,3863,6265,1933,0,31.466,17.334,5.7581,6.2604,0.0,1676,822,942,0,-1.42,10.1,11.04,0.0,115,16.0,25.0,0.0,many,SR,2
0,819,8470,5271,0,48.888,27.8645,8.9691,8.9133,0.0,1870,1470,1456,0,-8.64,15.77,15.64,0.0,28,1.0,1.0,0.0,many,SR,2
0,282,4508,0,0,31.9702,23.2238,6.0413,0.0,0.0,2678,2097,0,0,3.77,27.05,0.0,0.0,77,0.0,0.0,0.0,one,SR,1
0,4623,831,829,0,31.2307,17.6448,5.7911,5.7911,0.0,1570,797,797,0,-1.55,10.02,10.02,0.0,27,0.0,0.0,0.0,many,SR,2
0,4429,7541,4079,0,31.2087,17.2224,5.9656,5.9549,0.0,1547,833,835,0,-2.35,10.32,10.33,0.0,94,0.0,1.0,0.0,many,SR,2
0,2891,1443,0,0,32.2301,22.4242,6.6445,0.0,0.0,2837,2485,0,0,1.34,31.61,0.0,0.0,411,0.0,0.0,0.0,one,SR,1
0,3256,8503,4338,0,35.0851,18.302,5.7233,8.5118,0.0,2058,962,1370,0,-1.32,10.61,14.87,0.0,316,95.0,3.0,0.0,many,SR,2
0,787,5443,0,0,31.8609,22.8014,6.218,0.0,0.0,2675,2213,0,0,2.51,28.41,0.0,0.0,189,0.0,0.0,0.0,one,SR,1
0,333,370,0,0,31.6643,22.5928,6.2264,0.0,0.0,2788,2216,0,0,3.67,28.45,0.0,0.0,206,0.0,0.0,0.0,one,SR,1
0,831,7429,3105,0,37.9036,21.2066,6.9829,7.1721,0.0,1455,1253,1085,0,-7.6,12.95,12.47,0.0,114,111.0,0.0,0.0,many,SR,2
0,3153,4090,0,0,31.3718,22.4948,6.1178,0.0,0.0,3209,2143,0,0,8.86,27.59,0.0,0.0,160,0.0,0.0,0.0,one,SR,1
0,3666,7425,39,0,34.8609,19.3673,6.7626,6.3565,0.0,1238,1000,1162,0,-8.37,11.74,12.0,0.0,137,0.0,132.0,0.0,many,SR,2
0,3834,2116,2115,0,30.4998,16.8951,5.7988,5.7988,0.0,2228,799,799,0,5.33,10.04,10.04,0.0,80,0.0,0.0,0.0,many,SR,2
0,1881,7726,3741,0,34.3554,19.1008,6.6399,6.3473,0.0,1333,1011,913,0,-6.41,11.67,11.01,0.0,89,20.0,0.0,0.0,many,SR,2
0,3804,7028,0,0,30.9604,22.6502,5.7956,0.0,0.0,2692,1935,0,0,5.63,25.15,0.0,0.0,-1,0.0,0.0,0.0,one,SR,1
0,4011,6876,1105,0,30.6325,16.022,6.1364,6.2663,0.0,1721,871,1040,0,-1.8,10.65,11.43,0.0,263,0.0,77.0,0.0,many,SR,2
0,1705,7954,3099,0,30.59,15.8552,6.9039,5.5984,0.0,1804,1191,758,0,-1.15,12.64,9.69,0.0,289,86.0,0.0,0.0,many,SR,2
0,4250,8957,2074,0,30.5508,16.4716,5.6015,6.2639,0.0,1643,1159,896,0,-2.67,11.28,10.86,0.0,236,214.0,0.0,0.0,many,SR,2
0,3172,5061,521,0,30.2597,16.9396,6.0076,5.3114,0.0,1364,899,749,0,-3.69,10.63,9.38,0.0,73,30.0,27.0,0.0,many,SR,2
0,4254,3972,0,0,30.9485,22.2101,6.0393,0.0,0.0,2385,2092,0,0,0.75,26.99,0.0,0.0,142,0.0,0.0,0.0,one,SR,1
0,1355,6444,724,0,30.3302,16.6294,6.2227,5.3783,0.0,1310,887,946,0,-5.14,10.78,10.21,0.0,155,0.0,126.0,0.0,many,SR,2
0,4765,9632,8195,0,43.3636,24.3777,7.9747,8.1892,0.0,1587,1252,1311,0,-8.73,13.89,14.33,0.0,70,0.0,7.0,0.0,many,SR,2
0,1672,5959,0,0,31.4332,21.4606,6.7407,0.0,0.0,3370,2545,0,0,6.3,32.32,0.0,0.0,520,0.0,0.0,0.0,one,SR,1
0,3710,9174,4409,0,30.4177,16.1561,6.1949,5.8147,0.0,1955,882,1237,0,0.26,10.74,11.78,0.0,281,0.0,233.0,0.0,many,SR,2
0,706,7528,0,0,31.1025,21.4101,6.5768,0.0,0.0,2785,2446,0,0,1.2,31.15,0.0,0.0,452,0.0,0.0,0.0,one,SR,1
0,1395,3614,0,0,31.1967,21.2689,6.7112,0.0,0.0,3218,2532,0,0,4.84,32.17,0.0,0.0,524,0.0,0.0,0.0,one,SR,1
0,3408,8251,3080,0,39.5286,22.5431,5.4287,9.0236,0.0,1576,723,1492,0,-6.25,9.39,15.94,0.0,18,0.0,5.0,0.0,many,SR,2
0,172,8002,0,0,30.6563,21.9197,6.0374,0.0,0.0,2515,2092,0,0,2.11,26.99,0.0,0.0,162,0.0,0.0,0.0,one,SR,1
0,3359,7466,2985,0,30.0571,15.3311,6.2582,6.2872,0.0,2093,896,911,0,2.35,10.86,10.95,0.0,293,0.0,5.0,0.0,many,SR,2
0,1048,6180,0,0,30.6953,21.5757,6.2545,0.0,0.0,2907,2233,0,0,4.74,28.65,0.0,0.0,287,0.0,0.0,0.0,one,SR,1
0,3724,8248,4541,0,33.6304,18.4978,6.6677,6.1364,0.0,1935,1252,869,0,-0.64,12.66,10.63,0.0,168,145.0,0.0,0.0,many,SR,2
0,3474,841,0,0,30.7291,21.3595,6.3988,0.0,0.0,2897,2323,0,0,3.68,29.71,0.0,0.0,367,0.0,0.0,0.0,one,SR,1
0,1148,1059,0,0,30.6914,21.4097,6.3473,0.0,0.0,2812,2292,0,0,3.12,29.34,0.0,0.0,341,0.0,0.0,0.0,one,SR,1
0,2567,7693,5969,0,29.748,16.4835,5.7905,5.4651,0.0,1306,952,731,0,-4.37,10.63,9.46,0.0,109,83.0,0.0,0.0,many,SR,2
0,4917,6570,0,0,31.0166,20.9294,6.8024,0.0,0.0,4601,2590,0,0,18.75,32.85,0.0,0.0,589,0.0,0.0,0.0,one,SR,1
0,1921,8285,0,0,30.9516,20.9863,6.7357,0.0,0.0,3699,2543,0,0,9.77,32.3,0.0,0.0,551,0.0,0.0,0.0,one,SR,1
0,4766,4364,0,0,30.386,21.5323,6.1062,0.0,0.0,2593,2133,0,0,2.5,27.47,0.0,0.0,218,0.0,0.0,0.0,one,SR,1
0,4632,7191,0,0,30.1558,21.6829,5.8854,0.0,0.0,2488,1997,0,0,2.84,25.87,0.0,0.0,110,0.0,0.0,0.0,one,SR,1
0,3231,9310,0,0,30.166,21.5101,5.9908,0.0,0.0,3325,2063,0,0,10.93,26.65,0.0,0.0,169,0.0,0.0,0.0,one,SR,1
0,1905,7988,56,0,36.6508,19.5482,7.0772,7.4205,0.0,1832,1229,1185,0,-4.21,12.95,13.1,0.0,266,87.0,26.0,0.0,many,SR,2
0,2105,6773,2560,0,33.0534,16.6556,5.5664,8.3863,0.0,2665,752,1388,0,5.98,9.63,14.82,0.0,365,1.0,26.0,0.0,many,SR,2
0,3183,1009,0,0,29.8346,21.488,5.8179,0.0,0.0,2440,1947,0,0,2.86,25.29,0.0,0.0,87,0.0,0.0,0.0,one,SR,1
0,1058,7533,3925,0,32.8171,17.5915,5.8056,7.0599,0.0,1610,802,1382,0,-4.34,10.06,13.54,0.0,249,0.0,171.0,0.0,many,SR,2
0,1150,5757,0,0,29.6433,21.2655,5.8315,0.0,0.0,3033,1962,0,0,8.93,25.46,0.0,0.0,113,0.0,0.0,0.0,one,SR,1
0,545,4795,0,0,29.5367,21.3732,5.7124,0.0,0.0,2707,1881,0,0,6.36,24.51,0.0,0.0,47,0.0,0.0,0.0,one,SR,1
0,4564,8813,0,0,29.9073,20.7929,6.2541,0.0,0.0,2441,2229,0,0,-0.11,28.6,0.0,0.0,338,0.0,0.0,0.0,one,SR,1
0,335,549,0,0,29.4967,21.161,5.8117,0.0,0.0,2472,1943,0,0,3.24,25.24,0.0,0.0,106,0.0,0.0,0.0,one,SR,1
0,3407,9657,6329,0,29.021,15.4911,5.4517,5.9945,0.0,1525,727,1100,0,-2.74,9.42,11.41,0.0,223,0.0,139.0,0.0,many,SR,2
0,4963,8339,0,0,29.8871,20.5255,6.3942,0.0,0.0,3059,2320,0,0,5.41,29.67,0.0,0.0,422,0.0,0.0,0.0,one,SR,1
0,2172,6092,144,0,33.3136,18.2292,6.976,5.8112,0.0,1710,1225,820,0,-2.72,12.83,10.14,0.0,167,97.0,9.0,0.0,many,SR,2
0,4079,9467,774,0,34.8308,18.7683,5.7675,7.8405,0.0,1516,791,1454,0,-6.17,9.98,14.57,0.0,227,-1.0,122.0,0.0,many,SR,2
0,1922,4047,4046,0,50.5013,26.6251,10.0878,10.0878,0.0,3204,1758,1758,0,0.34,18.5,18.5,0.0,456,0.0,0.0,0.0,many,SR,2
0,2631,9696,0,0,29.3909,20.8154,5.9469,0.0,0.0,2606,2032,0,0,3.71,26.29,0.0,0.0,194,0.0,0.0,0.0,one,SR,1
0,1120,7722,314,0,45.431,25.5522,8.7057,8.2117,0.0,2209,1431,1303,0,-3.46,15.29,14.32,0.0,75,14.0,0.0,0.0,many,SR,2
0,1211,2263,1552,0,28.4315,15.5861,5.3488,5.5533,0.0,2231,858,747,0,5.94,9.84,9.59,0.0,130,82.0,0.0,0.0,many,SR,2
0,3929,8000,2452,0,32.9113,17.9847,6.3649,6.2246,0.0,1307,1307,887,0,-7.31,12.59,10.78,0.0,208,208.0,0.0,0.0,many,SR,2
0,2219,1972,0,0,28.891,20.2783,5.9688,0.0,0.0,2522,2045,0,0,2.69,26.44,0.0,0.0,240,0.0,0.0,0.0,one,SR,1
0,2507,8927,5146,0,28.4318,14.6472,5.4891,6.0655,0.0,2711,736,1434,0,8.4,9.5,12.8,0.0,370,0.0,310.0,0.0,many,SR,2
0,3410,7254,0,0,29.0445,19.9695,6.2276,0.0,0.0,2862,2218,0,0,4.42,28.47,0.0,0.0,386,0.0,0.0,0.0,one,SR,1
0,468,3489,0,0,28.487,20.4729,5.6277,0.0,0.0,2204,1826,0,0,1.66,23.86,0.0,0.0,69,0.0,0.0,0.0,one,SR,1
0,1726,2330,0,0,28.5687,20.356,5.7428,0.0,0.0,2041,1897,0,0,-0.8,24.7,0.0,0.0,128,0.0,0.0,0.0,one,SR,1
0,128,621,0,0,28.7412,20.069,6.0001,0.0,0.0,2469,2069,0,0,1.88,26.72,0.0,0.0,272,0.0,0.0,0.0,one,SR,1
0,4732,7308,0,0,28.7557,20.0053,6.0477,0.0,0.0,2291,2095,0,0,-0.27,27.03,0.0,0.0,295,0.0,0.0,0.0,one,SR,1
0,3214,3231,80,0,34.7904,19.8421,6.7991,5.9389,0.0,1289,1008,829,0,-6.36,11.81,10.29,0.0,4,0.0,0.0,0.0,many,SR,2
0,4698,8558,0,0,28.3835,20.28,5.6759,0.0,0.0,2244,1861,0,0,1.71,24.28,0.0,0.0,107,0.0,0.0,0.0,one,SR,1
0,2932,9554,0,0,28.2805,20.1097,5.7174,0.0,0.0,2214,1883,0,0,1.17,24.53,0.0,0.0,135,0.0,0.0,0.0,one,SR,1
0,3658,9539,1558,0,31.697,17.5206,6.0491,5.9628,0.0,1982,1062,834,0,1.33,11.31,10.33,0.0,134,113.0,0.0,0.0,many,SR,2
0,4384,5105,0,0,28.5126,19.5821,6.149,0.0,0.0,2499,2162,0,0,1.21,27.82,0.0,0.0,372,0.0,0.0,0.0,one,SR,1
0,3251,2614,0,0,27.9843,20.0297,5.5965,0.0,0.0,2021,1802,0,0,-0.0,23.58,0.0,0.0,82,0.0,0.0,0.0,one,SR,1
0,1122,826,0,0,27.7933,19.9954,5.5068,0.0,0.0,2551,1745,0,0,6.17,22.91,0.0,0.0,43,0.0,0.0,0.0,one,SR,1
0,1677,5716,0,0,27.9279,19.4937,5.8668,0.0,0.0,2299,1980,0,0,1.03,25.67,0.0,0.0,247,0.0,0.0,0.0,one,SR,1
0,3953,4631,0,0,27.6379,19.8109,5.5241,0.0,0.0,2180,1755,0,0,2.16,23.03,0.0,0.0,63,0.0,0.0,0.0,one,SR,1
0,2656,8264,0,0,27.6475,19.7194,5.5781,0.0,0.0,2041,1795,0,0,0.28,23.5,0.0,0.0,98,0.0,0.0,0.0,one,SR,1
0,4304,2665,0,0,28.1009,19.0919,6.191,0.0,0.0,2592,2193,0,0,1.85,28.18,0.0,0.0,428,0.0,0.0,0.0,one,SR,1
0,1445,5680,0,0,27.5687,19.6092,5.5943,0.0,0.0,2021,1808,0,0,-0.07,23.65,0.0,0.0,115,0.0,0.0,0.0,one,SR,1
0,4341,695,0,0,27.5333,19.2772,5.7674,0.0,0.0,2027,1913,0,0,-1.11,24.89,0.0,0.0,213,0.0,0.0,0.0,one,SR,1
0,1788,5138,0,0,27.2844,19.5563,5.4664,0.0,0.0,3214,1720,0,0,13.39,22.62,0.0,0.0,55,0.0,0.0,0.0,one,SR,1
0,2119,9958,0,0,27.5484,19.0832,5.886,0.0,0.0,2477,1990,0,0,2.8,25.79,0.0,0.0,282,0.0,0.0,0.0,one,SR,1
0,2537,3712,0,0,27.3143,19.2991,5.63,0.0,0.0,2376,1825,0,0,3.48,23.85,0.0,0.0,148,0.0,0.0,0.0,one,SR,1
0,1712,3605,0,0,27.2525,19.0086,5.7564,0.0,0.0,2181,1912,0,0,0.51,24.88,0.0,0.0,231,0.0,0.0,0.0,one,SR,1
0,4831,2283,0,0,26.9051,19.3416,5.3747,0.0,0.0,2520,1658,0,0,6.76,21.89,0.0,0.0,25,0.0,0.0,0.0,one,SR,1
0,2676,4395,0,0,27.2437,18.7904,5.8776,0.0,0.0,2323,1987,0,0,1.21,25.76,0.0,0.0,300,0.0,0.0,0.0,one,SR,1
0,1422,9770,0,0,27.0667,18.9467,5.6878,0.0,0.0,2321,1865,0,0,2.48,24.32,0.0,0.0,201,0.0,0.0,0.0,one,SR,1
0,4733,5711,0,0,26.9778,19.0514,5.5788,0.0,0.0,2352,1793,0,0,3.57,23.48,0.0,0.0,142,0.0,0.0,0.0,one,SR,1
0,1659,6194,6193,0,42.9779,23.7992,8.1656,8.1656,0.0,1591,1293,1293,0,-8.92,14.24,14.24,0.0,125,0.0,0.0,0.0,many,SR,2
0,4191,4599,0,0,26.8163,19.0936,5.4633,0.0,0.0,2228,1718,0,0,3.06,22.59,0.0,0.0,85,0.0,0.0,0.0,one,SR,1
0,2514,1189,0,0,26.6681,19.1284,5.3579,0.0,0.0,1806,1652,0,0,-0.67,21.82,0.0,0.0,35,0.0,0.0,0.0,one,SR,1
0,347,284,0,0,26.759,19.0005,5.4804,0.0,0.0,2043,1734,0,0,0.95,22.78,0.0,0.0,103,0.0,0.0,0.0,one,SR,1
0,4694,2722,0,0,27.1059,18.4426,5.9958,0.0,0.0,3049,2065,0,0,8.01,26.67,0.0,0.0,380,0.0,0.0,0.0,one,SR,1
0,572,7071,0,0,26.7636,18.7294,5.6408,0.0,0.0,2188,1832,0,0,1.43,23.93,0.0,0.0,192,0.0,0.0,0.0,one,SR,1
0,365,2569,0,0,27.0353,18.2754,6.049,0.0,0.0,2771,2102,0,0,4.7,27.11,0.0,0.0,418,0.0,0.0,0.0,one,SR,1
0,4047,5076,0,0,26.6322,18.7531,5.5504,0.0,0.0,2152,1777,0,0,1.64,23.29,0.0,0.0,151,0.0,0.0,0.0,one,SR,1
0,3947,4628,0,0,26.4755,18.9204,5.3675,0.0,0.0,2077,1657,0,0,2.12,21.88,0.0,0.0,53,0.0,0.0,0.0,one,SR,1
0,3455,9419,2066,0,29.9151,16.077,6.2927,5.5025,0.0,1854,902,738,0,1.08,10.91,9.52,0.0,158,0.0,0.0,0.0,many,SR,2
0,3489,2519,0,0,26.549,18.6881,5.5392,0.0,0.0,2444,1771,0,0,4.77,23.22,0.0,0.0,151,0.0,0.0,0.0,one,SR,1
0,4526,2130,0,0,26.3393,18.8633,5.3202,0.0,0.0,1902,1630,0,0,0.57,21.56,0.0,0.0,37,0.0,0.0,0.0,one,SR,1
0,4614,2221,0,0,26.6232,18.4872,5.6944,0.0,0.0,2253,1873,0,0,1.68,24.42,0.0,0.0,238,0.0,0.0,0.0,one,SR,1
0,2249,8798,0,0,26.5218,18.5989,5.5776,0.0,0.0,2168,1791,0,0,1.66,23.45,0.0,0.0,171,0.0,0.0,0.0,one,SR,1
0,1624,6872,0,0,26.3913,18.7186,5.4333,0.0,0.0,2157,1701,0,0,2.49,22.39,0.0,0.0,98,0.0,0.0,0.0,one,SR,1
0,590,887,0,0,26.2187,18.8059,5.2851,0.0,0.0,2326,1606,0,0,5.27,21.28,0.0,0.0,24,0.0,0.0,0.0,one,SR,1
0,2739,9972,0,0,26.4777,18.3932,5.6652,0.0,0.0,2228,1854,0,0,1.62,24.19,0.0,0.0,231,0.0,0.0,0.0,one,SR,1
0,2674,4136,0,0,26.215,18.6298,5.387,0.0,0.0,1972,1666,0,0,0.92,21.98,0.0,0.0,79,0.0,0.0,0.0,one,SR,1
0,2524,9338,0,0,26.624,17.9977,5.9765,0.0,0.0,4170,2050,0,0,19.94,26.5,0.0,0.0,399,0.0,0.0,0.0,one,SR,1
0,1088,9331,0,0,25.971,18.53,5.3028,0.0,0.0,2314,1615,0,0,5.05,21.38,0.0,0.0,49,0.0,0.0,0.0,one,SR,1
0,4705,3070,0,0,26.6171,17.6215,6.1859,0.0,0.0,3478,2186,0,0,11.23,28.1,0.0,0.0,523,0.0,0.0,0.0,one,SR,1
0,3460,9126,0,0,26.3847,17.8475,5.9227,0.0,0.0,2821,2020,0,0,6.09,26.15,0.0,0.0,388,0.0,0.0,0.0,one,SR,1
0,4710,1562,0,0,26.1987,18.0097,5.7286,0.0,0.0,2541,1889,0,0,4.54,24.6,0.0,0.0,282,0.0,0.0,0.0,one,SR,1
0,3205,8555,0,0,25.9424,18.336,5.3941,0.0,0.0,2391,1678,0,0,5.19,22.12,0.0,0.0,108,0.0,0.0,0.0,one,SR,1
0,3386,7103,2147,0,31.3385,17.4347,6.086,5.7528,0.0,1865,896,789,0,1.0,10.7,9.95,0.0,79,19.0,0.0,0.0,many,SR,2
0,455,7663,0,0,26.1014,18.0074,5.6747,0.0,0.0,2401,1854,0,0,3.44,24.19,0.0,0.0,257,0.0,0.0,0.0,one,SR,1
0,4672,8720,0,0,25.8677,18.0956,5.4881,0.0,0.0,2296,1739,0,0,3.55,22.84,0.0,0.0,168,0.0,0.0,0.0,one,SR,1
0,3238,2966,0,0,26.2391,17.5932,5.9843,0.0,0.0,2689,2060,0,0,4.28,26.62,0.0,0.0,434,0.0,0.0,0.0,one,SR,1
0,4558,7515,0,0,25.8712,18.0336,5.5276,0.0,0.0,2013,1761,0,0,0.35,23.1,0.0,0.0,188,0.0,0.0,0.0,one,SR,1
0,4126,9865,0,0,25.6777,18.2192,5.3143,0.0,0.0,1813,1620,0,0,-0.26,21.44,0.0,0.0,74,0.0,0.0,0.0,one,SR,1
0,1907,1342,0,0,25.8834,17.8831,5.6174,0.0,0.0,2018,1823,0,0,-0.26,23.83,0.0,0.0,243,0.0,0.0,0.0,one,SR,1
0,934,186,0,0,25.647,18.0726,5.3809,0.0,0.0,2464,1662,0,0,6.13,21.94,0.0,0.0,114,0.0,0.0,0.0,one,SR,1
0,4939,6477,0,0,25.9662,17.5938,5.8284,0.0,0.0,2220,1960,0,0,0.41,25.44,0.0,0.0,362,0.0,0.0,0.0,one,SR,1
0,1760,5950,0,0,25.785,17.7733,5.6288,0.0,0.0,2981,1823,0,0,9.85,23.83,0.0,0.0,251,0.0,0.0,0.0,one,SR,1
0,4909,8804,0,0,25.9226,17.5054,5.8579,0.0,0.0,2689,1973,0,0,5.2,25.59,0.0,0.0,377,0.0,0.0,0.0,one,SR,1
0,3986,8094,6008,0,32.0546,16.2434,6.9842,6.4831,0.0,2243,1047,954,0,2.46,12.14,11.29,0.0,331,0.0,7.0,0.0,many,SR,2
0,2313,6864,0,0,25.6243,17.5556,5.6612,0.0,0.0,2234,1844,0,0,1.79,24.08,0.0,0.0,281,0.0,0.0,0.0,one,SR,1
0,2376,325,0,0,25.264,17.823,5.3028,0.0,0.0,2450,1615,0,0,6.48,21.38,0.0,0.0,97,0.0,0.0,0.0,one,SR,1
0,4440,8879,0,0,25.3498,17.5049,5.5326,0.0,0.0,2063,1763,0,0,0.85,23.12,0.0,0.0,226,0.0,0.0,0.0,one,SR,1
0,82,3203,0,0,25.4482,17.361,5.6667,0.0,0.0,2279,1855,0,0,2.15,24.2,0.0,0.0,302,0.0,0.0,0.0,one,SR,1
0,2513,8921,0,0,25.1133,17.7076,5.2828,0.0,0.0,2129,1602,0,0,3.25,21.23,0.0,0.0,96,0.0,0.0,0.0,one,SR,1
0,4441,523,0,0,25.0795,17.7409,5.2439,0.0,0.0,2038,1578,0,0,2.55,20.95,0.0,0.0,76,0.0,0.0,0.0,one,SR,1
0,671,7113,0,0,24.9437,17.8104,5.1291,0.0,0.0,1876,1501,0,0,1.66,20.04,0.0,0.0,16,0.0,0.0,0.0,one,SR,1
0,370,2108,0,0,24.9559,17.7365,5.1788,0.0,0.0,1881,1532,0,0,1.38,20.41,0.0,0.0,43,0.0,0.0,0.0,one,SR,1
0,4371,6041,0,0,25.161,17.4157,5.4753,0.0,0.0,2569,1727,0,0,6.54,22.7,0.0,0.0,206,0.0,0.0,0.0,one,SR,1
0,3996,4910,0,0,25.0334,17.414,5.4048,0.0,0.0,2450,1680,0,0,5.79,22.15,0.0,0.0,172,0.0,0.0,0.0,one,SR,1
0,2148,2220,0,0,24.9544,17.4109,5.3617,0.0,0.0,2228,1652,0,0,3.76,21.82,0.0,0.0,152,0.0,0.0,0.0,one,SR,1
0,970,3082,0,0,25.0329,17.2171,5.5153,0.0,0.0,1903,1753,0,0,-0.72,23.01,0.0,0.0,238,0.0,0.0,0.0,one,SR,1
0,4212,8960,0,0,24.8129,17.399,5.2874,0.0,0.0,2181,1605,0,0,3.76,21.26,0.0,0.0,119,0.0,0.0,0.0,one,SR,1
0,3879,7606,0,0,24.7928,17.3362,5.3124,0.0,0.0,2504,1620,0,0,6.99,21.44,0.0,0.0,134,0.0,0.0,0.0,one,SR,1
0,179,7627,0,0,24.811,17.3113,5.3344,0.0,0.0,2019,1638,0,0,1.71,21.65,0.0,0.0,149,0.0,0.0,0.0,one,SR,1
0,4458,3125,0,0,24.9996,16.9925,5.6254,0.0,0.0,2226,1822,0,0,1.94,23.82,0.0,0.0,303,0.0,0.0,0.0,one,SR,1
0,1460,7082,0,0,24.5816,17.536,5.0802,0.0,0.0,1782,1468,0,0,1.02,19.65,0.0,0.0,11,0.0,0.0,0.0,one,SR,1
0,3022,9505,0,0,24.7891,17.2522,5.3563,0.0,0.0,2395,1651,0,0,5.52,21.81,0.0,0.0,162,0.0,0.0,0.0,one,SR,1
0,4390,7825,0,0,24.9611,17.0084,5.5946,0.0,0.0,2574,1802,0,0,5.8,23.58,0.0,0.0,288,0.0,0.0,0.0,one,SR,1
0,4159,7324,7323,0,41.9029,22.5511,8.2386,8.2386,0.0,1966,1309,1309,0,-5.23,14.37,14.37,0.0,227,0.0,0.0,0.0,many,SR,2
0,1773,8710,0,0,24.7011,17.2345,5.3189,0.0,0.0,1904,1623,0,0,0.66,21.48,0.0,0.0,143,0.0,0.0,0.0,one,SR,1
0,511,9705,0,0,24.5112,17.4333,5.0961,0.0,0.0,1723,1482,0,0,0.26,19.82,0.0,0.0,28,0.0,0.0,0.0,one,SR,1
0,2330,8994,3445,0,30.9568,16.2995,6.0036,6.468,0.0,1518,872,967,0,-3.73,10.52,11.34,0.0,230,16.0,15.0,0.0,many,SR,2
0,1767,4092,0,0,24.795,16.9609,5.5265,0.0,0.0,3056,1759,0,0,11.32,23.08,0.0,0.0,260,0.0,0.0,0.0,one,SR,1
0,2137,4427,0,0,24.6291,16.8909,5.4729,0.0,0.0,2350,1723,0,0,4.29,22.65,0.0,0.0,239,0.0,0.0,0.0,one,SR,1
0,2362,4321,0,0,24.4136,17.1793,5.1831,0.0,0.0,1874,1541,0,0,1.22,20.51,0.0,0.0,88,0.0,0.0,0.0,one,SR,1
0,2290,1500,0,0,24.6663,16.8013,5.5457,0.0,0.0,1961,1769,0,0,-0.28,23.19,0.0,0.0,278,0.0,0.0,0.0,one,SR,1
0,812,3730,0,0,24.5273,16.9339,5.3917,0.0,0.0,2135,1669,0,0,2.6,22.02,0.0,0.0,197,0.0,0.0,0.0,one,SR,1
0,72,895,0,0,24.1769,17.2365,5.0198,0.0,0.0,2040,1430,0,0,4.13,19.21,0.0,0.0,4,0.0,0.0,0.0,one,SR,1
0,1336,7135,0,0,24.1378,17.2011,5.016,0.0,0.0,1514,1430,0,0,-1.39,19.21,0.0,0.0,6,0.0,0.0,0.0,one,SR,1
0,4048,4205,0,0,24.5538,16.6372,5.5749,0.0,0.0,2221,1788,0,0,2.25,23.42,0.0,0.0,303,0.0,0.0,0.0,one,SR,1
0,1740,862,0,0,24.1872,17.1066,5.0976,0.0,0.0,1655,1483,0,0,-0.47,19.83,0.0,0.0,51,0.0,0.0,0.0,one,SR,1
0,4655,8895,0,0,24.4508,16.7083,5.4737,0.0,0.0,2168,1726,0,0,2.35,22.69,0.0,0.0,253,0.0,0.0,0.0,one,SR,1
0,2036,3391,0,0,24.4696,16.5604,5.5699,0.0,0.0,2040,1786,0,0,0.37,23.39,0.0,0.0,307,0.0,0.0,0.0,one,SR,1
0,2144,3345,0,0,24.126,16.8859,5.1888,0.0,0.0,1846,1541,0,0,0.92,20.51,0.0,0.0,108,0.0,0.0,0.0,one,SR,1
0,936,4400,0,0,24.415,16.4145,5.62,0.0,0.0,2380,1821,0,0,3.57,23.8,0.0,0.0,342,0.0,0.0,0.0,one,SR,1
0,2116,4356,0,0,23.9383,16.9435,5.0506,0.0,0.0,1755,1450,0,0,0.93,19.44,0.0,0.0,38,0.0,0.0,0.0,one,SR,1
0,4754,7243,0,0,23.9698,16.8164,5.1422,0.0,0.0,2040,1507,0,0,3.32,20.11,0.0,0.0,88,0.0,0.0,0.0,one,SR,1
0,3099,4823,0,0,23.9496,16.7494,5.1654,0.0,0.0,2001,1527,0,0,2.7,20.35,0.0,0.0,107,0.0,0.0,0.0,one,SR,1
0,6,6589,2167,0,39.1184,21.5541,7.4809,7.4758,0.0,1873,1151,1157,0,-3.8,13.03,13.05,0.0,131,0.0,4.0,0.0,many,SR,2
0,3892,2443,0,0,24.1817,16.3525,5.5204,0.0,0.0,2106,1760,0,0,1.33,23.09,0.0,0.0,302,0.0,0.0,0.0,one,SR,1
0,811,4596,0,0,23.8429,16.6139,5.1801,0.0,0.0,2065,1539,0,0,3.24,20.49,0.0,0.0,125,0.0,0.0,0.0,one,SR,1
0,651,1472,0,0,23.7632,16.6244,5.1322,0.0,0.0,2419,1503,0,0,7.34,20.07,0.0,0.0,98,0.0,0.0,0.0,one,SR,1
0,1971,4809,0,0,23.6207,16.8552,4.8948,0.0,0.0,1595,1383,0,0,-0.09,18.71,0.0,0.0,-1,0.0,0.0,0.0,one,SR,1
0,4863,3173,0,0,23.9668,16.3264,5.4175,0.0,0.0,2290,1687,0,0,4.04,22.23,0.0,0.0,251,0.0,0.0,0.0,one,SR,1
0,3221,4602,0,0,24.0124,16.1995,5.5112,0.0,0.0,1981,1754,0,0,0.09,23.02,0.0,0.0,308,0.0,0.0,0.0,one,SR,1
0,1173,6216,0,0,23.9024,16.3318,5.3771,0.0,0.0,2472,1662,0,0,6.21,21.94,0.0,0.0,233,0.0,0.0,0.0,one,SR,1
0,2341,1702,0,0,23.6349,16.5559,5.0983,0.0,0.0,2045,1481,0,0,3.65,19.81,0.0,0.0,87,0.0,0.0,0.0,one,SR,1
0,510,3109,0,0,23.5546,16.684,4.9702,0.0,0.0,1627,1411,0,0,-0.02,19.0,0.0,0.0,29,0.0,0.0,0.0,one,SR,1
0,1095,3051,0,0,23.7514,16.3329,5.2908,0.0,0.0,2014,1606,0,0,2.0,21.28,0.0,0.0,192,0.0,0.0,0.0,one,SR,1
0,155,8465,0,0,23.4813,16.2893,5.1608,0.0,0.0,2100,1524,0,0,3.77,20.31,0.0,0.0,136,0.0,0.0,0.0,one,SR,1
0,2713,3474,0,0,23.3259,16.5172,4.9263,0.0,0.0,1649,1394,0,0,0.37,18.82,0.0,0.0,29,0.0,0.0,0.0,one,SR,1
0,3343,1638,0,0,23.3916,16.3536,5.0726,0.0,0.0,2292,1468,0,0,6.38,19.65,0.0,0.0,91,0.0,0.0,0.0,one,SR,1
0,2284,7494,0,0,23.5833,16.0746,5.3387,0.0,0.0,3440,1642,0,0,16.59,21.7,0.0,0.0,236,0.0,0.0,0.0,one,SR,1
0,4392,2355,0,0,23.585,16.0163,5.3752,0.0,0.0,2041,1662,0,0,1.69,21.94,0.0,0.0,254,0.0,0.0,0.0,one,SR,1
0,1349,9951,0,0,23.3274,16.1618,5.145,0.0,0.0,2120,1515,0,0,4.07,20.21,0.0,0.0,138,0.0,0.0,0.0,one,SR,1
0,3179,5484,0,0,23.3348,16.0841,5.1924,0.0,0.0,1906,1547,0,0,1.49,20.58,0.0,0.0,167,0.0,0.0,0.0,one,SR,1
0,2620,6948,0,0,23.2385,16.1994,5.0749,0.0,0.0,2533,1467,0,0,8.92,19.64,0.0,0.0,101,0.0,0.0,0.0,one,SR,1
0,2843,585,0,0,23.1123,16.3807,4.8683,0.0,0.0,1576,1376,0,0,-0.22,18.63,0.0,0.0,27,0.0,0.0,0.0,one,SR,1
0,4919,88,0,0,23.8224,15.2942,5.9184,0.0,0.0,3429,2016,0,0,12.52,26.1,0.0,0.0,559,0.0,0.0,0.0,one,SR,1
0,1417,9575,0,0,23.0342,16.3101,4.8629,0.0,0.0,2187,1374,0,0,6.21,18.61,0.0,0.0,30,0.0,0.0,0.0,one,SR,1
0,73,1754,0,0,22.9704,16.3664,4.78,0.0,0.0,2040,1339,0,0,5.0,18.24,0.0,0.0,4,0.0,0.0,0.0,one,SR,1
0,2953,3421,0,0,22.9743,16.3591,4.787,0.0,0.0,1485,1343,0,0,-0.86,18.28,0.0,0.0,7,0.0,0.0,0.0,one,SR,1
0,458,5140,0,0,23.3344,15.7043,5.4083,0.0,0.0,2272,1686,0,0,3.86,22.22,0.0,0.0,293,0.0,0.0,0.0,one,SR,1
0,3873,3321,0,0,23.0216,16.0178,5.0549,0.0,0.0,2300,1454,0,0,6.61,19.49,0.0,0.0,104,0.0,0.0,0.0,one,SR,1
0,1872,2971,0,0,23.2394,15.6862,5.3656,0.0,0.0,1985,1657,0,0,1.15,21.88,0.0,0.0,273,0.0,0.0,0.0,one,SR,1
0,1958,7042,0,0,23.2972,15.593,5.4496,0.0,0.0,1954,1714,0,0,0.23,22.55,0.0,0.0,321,0.0,0.0,0.0,one,SR,1
0,476,6419,0,0,23.0383,15.9098,5.1231,0.0,0.0,2013,1502,0,0,3.09,20.05,0.0,0.0,146,0.0,0.0,0.0,one,SR,1
0,4666,4261,0,0,23.3979,15.4275,5.6005,0.0,0.0,2502,1812,0,0,4.94,23.7,0.0,0.0,403,0.0,0.0,0.0,one,SR,1
0,3392,8717,0,0,22.8322,16.2263,4.7808,0.0,0.0,1552,1340,0,0,-0.13,18.25,0.0,0.0,14,0.0,0.0,0.0,one,SR,1
0,266,8353,0,0,23.1403,15.6819,5.3143,0.0,0.0,1968,1620,0,0,1.37,21.44,0.0,0.0,247,0.0,0.0,0.0,one,SR,1
0,3937,5650,0,0,23.106,15.5321,5.3756,0.0,0.0,1879,1666,0,0,-0.05,21.98,0.0,0.0,290,0.0,0.0,0.0,one,SR,1
0,1112,827,0,0,22.7656,16.0528,4.8548,0.0,0.0,1928,1371,0,0,3.52,18.58,0.0,0.0,46,0.0,0.0,0.0,one,SR,1
0,611,742,0,0,22.7765,15.839,5.0156,0.0,0.0,1900,1431,0,0,2.65,19.22,0.0,0.0,100,0.0,0.0,0.0,one,SR,1
0,265,8175,0,0,23.0139,15.415,5.3947,0.0,0.0,2111,1671,0,0,2.33,22.04,0.0,0.0,302,0.0,0.0,0.0,one,SR,1
0,3023,9904,0,0,22.8871,15.5838,5.2239,0.0,0.0,2080,1565,0,0,3.13,20.79,0.0,0.0,214,0.0,0.0,0.0,one,SR,1
0,1887,6798,2979,0,28.6198,15.0985,5.6495,5.8723,0.0,1273,772,823,0,-4.63,9.79,10.21,0.0,198,2.0,4.0,0.0,many,SR,2
0,2807,545,0,0,22.677,15.8177,4.9599,0.0,0.0,1634,1410,0,0,0.06,18.99,0.0,0.0,87,0.0,0.0,0.0,one,SR,1
0,3835,6198,0,0,22.6376,15.784,4.9565,0.0,0.0,2071,1408,0,0,4.67,18.97,0.0,0.0,88,0.0,0.0,0.0,one,SR,1
0,2031,9320,0,0,22.8158,15.5135,5.2216,0.0,0.0,1837,1566,0,0,0.56,20.81,0.0,0.0,219,0.0,0.0,0.0,one,SR,1
0,1633,4617,0,0,22.5738,15.814,4.8913,0.0,0.0,1567,1381,0,0,-0.36,18.69,0.0,0.0,69,0.0,0.0,0.0,one,SR,1
0,4217,8193,0,0,22.5706,15.775,4.9174,0.0,0.0,1942,1390,0,0,3.49,18.78,0.0,0.0,77,0.0,0.0,0.0,one,SR,1
0,1192,509,0,0,22.6549,15.6014,5.0822,0.0,0.0,1890,1473,0,0,2.1,19.71,0.0,0.0,146,0.0,0.0,0.0,one,SR,1
0,2635,1459,0,0,22.8706,15.1816,5.4426,0.0,0.0,2274,1707,0,0,3.66,22.46,0.0,0.0,344,0.0,0.0,0.0,one,SR,1
0,1498,784,0,0,22.4961,15.6198,4.9748,0.0,0.0,2202,1412,0,0,6.01,19.01,0.0,0.0,102,0.0,0.0,0.0,one,SR,1
0,3634,1088,0,0,22.4244,15.5012,5.0091,0.0,0.0,1608,1424,0,0,-0.34,19.14,0.0,0.0,118,0.0,0.0,0.0,one,SR,1
0,1886,4949,0,0,22.5204,15.3249,5.1619,0.0,0.0,2057,1526,0,0,3.3,20.34,0.0,0.0,203,0.0,0.0,0.0,one,SR,1
0,577,5448,0,0,22.5807,15.1815,5.2774,0.0,0.0,2088,1601,0,0,2.83,21.22,0.0,0.0,267,0.0,0.0,0.0,one,SR,1
0,1089,169,0,0,22.7354,14.9123,5.5203,0.0,0.0,3046,1755,0,0,11.26,23.03,0.0,0.0,397,0.0,0.0,0.0,one,SR,1
0,3315,629,0,0,22.2278,15.6878,4.732,0.0,0.0,1946,1324,0,0,4.16,18.08,0.0,0.0,40,0.0,0.0,0.0,one,SR,1
0,3998,2264,0,0,22.5499,15.0952,5.3105,0.0,0.0,2538,1620,0,0,7.35,21.44,0.0,0.0,287,0.0,0.0,0.0,one,SR,1
0,555,9565,0,0,22.5415,15.0796,5.3155,0.0,0.0,2378,1622,0,0,5.65,21.46,0.0,0.0,289,0.0,0.0,0.0,one,SR,1
0,1248,7116,0,0,22.4276,15.1759,5.1946,0.0,0.0,1800,1546,0,0,0.39,20.57,0.0,0.0,228,0.0,0.0,0.0,one,SR,1
0,2408,335,0,0,22.5764,14.9504,5.4101,0.0,0.0,2122,1681,0,0,2.34,22.16,0.0,0.0,341,0.0,0.0,0.0,one,SR,1
0,1976,8045,0,0,22.1501,15.5142,4.8013,0.0,0.0,1672,1349,0,0,1.04,18.35,0.0,0.0,68,0.0,0.0,0.0,one,SR,1
0,3329,6004,0,0,22.2439,15.2774,5.0329,0.0,0.0,2252,1441,0,0,6.24,19.34,0.0,0.0,145,0.0,0.0,0.0,one,SR,1
0,2324,9935,0,0,22.127,15.2489,4.9745,0.0,0.0,1776,1414,0,0,1.52,19.04,0.0,0.0,129,0.0,0.0,0.0,one,SR,1
0,2874,1719,0,0,22.0246,15.3362,4.8379,0.0,0.0,2007,1364,0,0,4.42,18.51,0.0,0.0,90,0.0,0.0,0.0,one,SR,1
0,4425,5485,0,0,22.1887,15.013,5.1515,0.0,0.0,1668,1518,0,0,-0.7,20.24,0.0,0.0,219,0.0,0.0,0.0,one,SR,1
0,3486,7077,0,0,22.1275,15.0556,5.096,0.0,0.0,1860,1477,0,0,1.75,19.76,0.0,0.0,186,0.0,0.0,0.0,one,SR,1
0,532,1333,0,0,22.215,14.9399,5.2062,0.0,0.0,2103,1556,0,0,3.46,20.69,0.0,0.0,251,0.0,0.0,0.0,one,SR,1
0,920,7710,0,0,22.172,14.9835,5.1596,0.0,0.0,1882,1522,0,0,1.5,20.29,0.0,0.0,224,0.0,0.0,0.0,one,SR,1
0,701,3016,0,0,22.0024,15.2295,4.8991,0.0,0.0,2022,1386,0,0,4.37,18.74,0.0,0.0,112,0.0,0.0,0.0,one,SR,1
0,2114,5433,0,0,21.9612,15.3178,4.8066,0.0,0.0,1860,1351,0,0,3.0,18.37,0.0,0.0,83,0.0,0.0,0.0,one,SR,1
0,3574,1517,0,0,22.0819,15.0176,5.0884,0.0,0.0,2151,1477,0,0,4.8,19.76,0.0,0.0,189,0.0,0.0,0.0,one,SR,1
0,2920,5332,0,0,21.8515,15.3152,4.7304,0.0,0.0,1646,1322,0,0,1.03,18.06,0.0,0.0,64,0.0,0.0,0.0,one,SR,1
0,3336,854,0,0,21.7959,15.3516,4.6638,0.0,0.0,1673,1298,0,0,1.54,17.81,0.0,0.0,46,0.0,0.0,0.0,one,SR,1
0,236,2490,0,0,21.9954,14.867,5.1231,0.0,0.0,1802,1502,0,0,0.87,20.05,0.0,0.0,217,0.0,0.0,0.0,one,SR,1
0,1718,4915,0,0,21.8369,15.079,4.8872,0.0,0.0,1724,1383,0,0,1.27,18.71,0.0,0.0,120,0.0,0.0,0.0,one,SR,1
0,4116,4921,0,0,22.0174,14.7494,5.2039,0.0,0.0,2274,1552,0,0,5.3,20.64,0.0,0.0,261,0.0,0.0,0.0,one,SR,1
0,2371,8515,0,0,21.7253,15.0538,4.8263,0.0,0.0,1648,1359,0,0,0.7,18.45,0.0,0.0,106,0.0,0.0,0.0,one,SR,1
0,3029,8219,0,0,21.6422,14.9462,4.8455,0.0,0.0,2034,1364,0,0,4.7,18.51,0.0,0.0,117,0.0,0.0,0.0,one,SR,1
0,3097,9390,0,0,21.7002,14.7789,5.0061,0.0,0.0,1740,1425,0,0,1.03,19.15,0.0,0.0,168,0.0,0.0,0.0,one,SR,1
0,77,3027,0,0,21.703,14.7131,5.0445,0.0,0.0,2122,1451,0,0,4.77,19.45,0.0,0.0,191,0.0,0.0,0.0,one,SR,1
0,4695,8250,0,0,21.8292,14.4843,5.2466,0.0,0.0,3873,1581,0,0,21.78,20.98,0.0,0.0,300,0.0,0.0,0.0,one,SR,1
0,1102,4060,0,0,21.6572,14.6727,5.0415,0.0,0.0,1927,1449,0,0,2.75,19.43,0.0,0.0,192,0.0,0.0,0.0,one,SR,1
0,1158,8006,0,0,21.6821,14.6221,5.0876,0.0,0.0,1766,1474,0,0,0.79,19.72,0.0,0.0,214,0.0,0.0,0.0,one,SR,1
0,2000,2384,0,0,21.7492,14.5254,5.1796,0.0,0.0,1744,1535,0,0,-0.09,20.44,0.0,0.0,264,0.0,0.0,0.0,one,SR,1
0,4804,8347,0,0,21.6959,14.5852,5.1172,0.0,0.0,2000,1492,0,0,3.06,19.94,0.0,0.0,229,0.0,0.0,0.0,one,SR,1
0,4446,6085,0,0,21.6666,14.567,5.1084,0.0,0.0,1651,1490,0,0,-0.59,19.91,0.0,0.0,229,0.0,0.0,0.0,one,SR,1
0,177,923,0,0,21.5271,14.8237,4.8498,0.0,0.0,2246,1367,0,0,6.9,18.54,0.0,0.0,127,0.0,0.0,0.0,one,SR,1
0,174,8584,0,0,21.601,14.61,5.0468,0.0,0.0,1629,1450,0,0,-0.39,19.44,0.0,0.0,197,0.0,0.0,0.0,one,SR,1
0,4486,8077,0,0,21.4942,14.8038,4.842,0.0,0.0,1851,1362,0,0,2.8,18.48,0.0,0.0,125,0.0,0.0,0.0,one,SR,1
0,1362,8260,0,0,21.523,14.6956,4.9387,0.0,0.0,1889,1400,0,0,2.84,18.89,0.0,0.0,157,0.0,0.0,0.0,one,SR,1
0,383,7362,0,0,21.4194,14.9206,4.7012,0.0,0.0,1543,1314,0,0,0.02,17.97,0.0,0.0,86,0.0,0.0,0.0,one,SR,1
0,3499,4992,0,0,21.3944,14.843,4.7412,0.0,0.0,2592,1326,0,0,10.92,18.1,0.0,0.0,99,0.0,0.0,0.0,one,SR,1
0,2128,8135,0,0,21.3165,15.0167,4.5595,0.0,0.0,1470,1260,0,0,-0.23,17.4,0.0,0.0,44,0.0,0.0,0.0,one,SR,1
0,3056,2140,0,0,21.407,14.6565,4.884,0.0,0.0,1724,1379,0,0,1.3,18.66,0.0,0.0,146,0.0,0.0,0.0,one,SR,1
0,3913,9076,5792,0,28.5229,14.6863,5.8549,5.8887,0.0,1832,902,875,0,0.4,10.5,10.43,0.0,283,48.0,30.0,0.0,many,SR,2
0,1154,8357,0,0,21.4774,14.4481,5.071,0.0,0.0,2034,1462,0,0,3.73,19.58,0.0,0.0,217,0.0,0.0,0.0,one,SR,1
0,806,8402,0,0,21.3881,14.6208,4.8956,0.0,0.0,1668,1384,0,0,0.67,18.72,0.0,0.0,152,0.0,0.0,0.0,one,SR,1
0,2979,899,0,0,21.255,14.9215,4.5827,0.0,0.0,1896,1270,0,0,4.15,17.51,0.0,0.0,57,0.0,0.0,0.0,one,SR,1
0,2575,4864,0,0,21.3592,14.5637,4.9174,0.0,0.0,2018,1390,0,0,4.29,18.78,0.0,0.0,160,0.0,0.0,0.0,one,SR,1
0,4133,4270,0,0,21.3379,14.4992,4.9479,0.0,0.0,1751,1402,0,0,1.37,18.91,0.0,0.0,172,0.0,0.0,0.0,one,SR,1
0,1509,5490,0,0,21.5037,14.2001,5.2265,0.0,0.0,2514,1563,0,0,7.7,20.77,0.0,0.0,307,0.0,0.0,0.0,one,SR,1
0,2152,1929,0,0,21.2631,14.5597,4.8498,0.0,0.0,2709,1367,0,0,11.76,18.54,0.0,0.0,145,0.0,0.0,0.0,one,SR,1
0,2609,660,0,0,21.634,13.9768,5.4237,0.0,0.0,2596,1696,0,0,7.16,22.33,0.0,0.0,418,0.0,0.0,0.0,one,SR,1
0,2522,6806,0,0,21.3832,14.2336,5.1384,0.0,0.0,1834,1507,0,0,1.16,20.11,0.0,0.0,264,0.0,0.0,0.0,one,SR,1
0,1083,1196,0,0,21.2152,14.4103,4.9236,0.0,0.0,1874,1393,0,0,2.75,18.81,0.0,0.0,172,0.0,0.0,0.0,one,SR,1
0,410,9900,0,0,21.2914,14.163,5.1231,0.0,0.0,1875,1502,0,0,1.64,20.05,0.0,0.0,265,0.0,0.0,0.0,one,SR,1
0,3672,7461,0,0,20.9213,14.8337,4.4078,0.0,0.0,1530,1203,0,0,0.95,16.8,0.0,0.0,20,0.0,0.0,0.0,one,SR,1
0,3695,6587,0,0,20.9738,14.6985,4.5414,0.0,0.0,1448,1254,0,0,-0.4,17.34,0.0,0.0,62,0.0,0.0,0.0,one,SR,1
0,2992,5875,0,0,20.9155,14.7941,4.4309,0.0,0.0,2640,1213,0,0,12.51,16.9,0.0,0.0,29,0.0,0.0,0.0,one,SR,1
0,3546,1276,0,0,20.8557,14.8488,4.3515,0.0,0.0,1352,1180,0,0,-0.7,16.55,0.0,0.0,4,0.0,0.0,0.0,one,SR,1
0,1435,7962,0,0,20.8559,14.821,4.369,0.0,0.0,1408,1190,0,0,-0.21,16.66,0.0,0.0,12,0.0,0.0,0.0,one,SR,1
0,2222,9745,0,0,20.9434,14.5837,4.6015,0.0,0.0,1600,1277,0,0,0.98,17.58,0.0,0.0,85,0.0,0.0,0.0,one,SR,1
0,549,7377,0,0,21.0178,14.2768,4.8767,0.0,0.0,2122,1377,0,0,5.5,18.64,0.0,0.0,171,0.0,0.0,0.0,one,SR,1
0,4577,2088,0,0,20.8461,14.6703,4.4695,0.0,0.0,1605,1228,0,0,1.5,17.06,0.0,0.0,47,0.0,0.0,0.0,one,SR,1
0,1854,9936,0,0,20.7495,14.7878,4.3158,0.0,0.0,1654,1171,0,0,2.55,16.46,0.0,0.0,2,0.0,0.0,0.0,one,SR,1
0,717,5501,0,0,20.9056,14.2829,4.7913,0.0,0.0,1615,1346,0,0,0.47,18.31,0.0,0.0,150,0.0,0.0,0.0,one,SR,1
0,1071,8847,0,0,21.0394,13.949,5.1015,0.0,0.0,2142,1488,0,0,4.59,19.89,0.0,0.0,270,0.0,0.0,0.0,one,SR,1
0,4391,8238,0,0,20.686,14.7431,4.3024,0.0,0.0,1770,1166,0,0,3.82,16.41,0.0,0.0,2,0.0,0.0,0.0,one,SR,1
0,4942,1454,0,0,20.9955,13.8595,5.1307,0.0,0.0,2073,1502,0,0,3.72,20.05,0.0,0.0,286,0.0,0.0,0.0,one,SR,1
0,3416,3830,0,0,20.7107,14.3058,4.635,0.0,0.0,2381,1288,0,0,9.07,17.7,0.0,0.0,111,0.0,0.0,0.0,one,SR,1
0,3487,1414,0,0,20.6891,14.2166,4.6835,0.0,0.0,1642,1306,0,0,1.14,17.89,0.0,0.0,129,0.0,0.0,0.0,one,SR,1
0,2451,7030,0,0,20.5258,14.6072,4.2876,0.0,0.0,1633,1157,0,0,2.47,16.31,0.0,0.0,5,0.0,0.0,0.0,one,SR,1
0,2792,4252,0,0,20.5565,14.4764,4.4035,0.0,0.0,1472,1200,0,0,0.37,16.77,0.0,0.0,42,0.0,0.0,0.0,one,SR,1
0,4098,2768,0,0,20.8228,13.8182,5.0545,0.0,0.0,1954,1455,0,0,2.97,19.5,0.0,0.0,255,0.0,0.0,0.0,one,SR,1
0,4000,8298,0,0,20.6237,14.2601,4.6064,0.0,0.0,1660,1276,0,0,1.62,17.57,0.0,0.0,106,0.0,0.0,0.0,one,SR,1
0,4590,8089,0,0,20.5007,14.5333,4.3204,0.0,0.0,1588,1172,0,0,1.85,16.47,0.0,0.0,20,0.0,0.0,0.0,one,SR,1
0,749,4372,0,0,20.4782,14.5559,4.2892,0.0,0.0,1409,1159,0,0,0.1,16.33,0.0,0.0,10,0.0,0.0,0.0,one,SR,1
0,1735,4482,0,0,20.8639,13.6763,5.1599,0.0,0.0,2842,1521,0,0,11.59,20.28,0.0,0.0,312,0.0,0.0,0.0,one,SR,1
0,2082,6561,0,0,20.7051,13.919,4.9091,0.0,0.0,2136,1389,0,0,5.53,18.77,0.0,0.0,203,0.0,0.0,0.0,one,SR,1
0,4263,1048,0,0,20.8543,13.662,5.1634,0.0,0.0,2160,1522,0,0,4.42,20.29,0.0,0.0,314,0.0,0.0,0.0,one,SR,1
0,1545,9783,0,0,20.6106,14.1475,4.6762,0.0,0.0,1659,1304,0,0,1.34,17.87,0.0,0.0,132,0.0,0.0,0.0,one,SR,1
0,3075,7576,0,0,20.5404,14.3176,4.5048,0.0,0.0,1452,1239,0,0,-0.22,17.18,0.0,0.0,78,0.0,0.0,0.0,one,SR,1
0,4839,7138,0,0,20.5051,14.2204,4.5487,0.0,0.0,1546,1256,0,0,0.61,17.36,0.0,0.0,96,0.0,0.0,0.0,one,SR,1
0,1258,6246,0,0,20.3865,14.3589,4.3658,0.0,0.0,1827,1186,0,0,4.23,16.62,0.0,0.0,41,0.0,0.0,0.0,one,SR,1
0,897,1713,0,0,20.6056,13.7951,4.926,0.0,0.0,1880,1396,0,0,2.78,18.84,0.0,0.0,216,0.0,0.0,0.0,one,SR,1
0,501,599,0,0,20.4808,14.0778,4.6342,0.0,0.0,1882,1287,0,0,3.84,17.69,0.0,0.0,126,0.0,0.0,0.0,one,SR,1
0,3616,2883,0,0,20.3355,14.4019,4.2962,0.0,0.0,1488,1163,0,0,0.89,16.37,0.0,0.0,23,0.0,0.0,0.0,one,SR,1
0,1343,2821,0,0,20.3612,14.3187,4.3754,0.0,0.0,1614,1191,0,0,1.94,16.67,0.0,0.0,47,0.0,0.0,0.0,one,SR,1
0,3782,4942,0,0,20.3105,14.437,4.2553,0.0,0.0,1409,1145,0,0,0.23,16.18,0.0,0.0,9,0.0,0.0,0.0,one,SR,1
0,4406,2378,0,0,20.3429,14.2835,4.3881,0.0,0.0,1582,1195,0,0,1.57,16.71,0.0,0.0,52,0.0,0.0,0.0,one,SR,1
0,3464,1639,0,0,20.5308,13.7109,4.9322,0.0,0.0,1676,1399,0,0,0.61,18.88,0.0,0.0,224,0.0,0.0,0.0,one,SR,1
0,413,2480,0,0,20.5419,13.6487,4.9875,0.0,0.0,2661,1416,0,0,10.79,19.06,0.0,0.0,239,0.0,0.0,0.0,one,SR,1
0,2492,4578,0,0,20.2986,14.2636,4.369,0.0,0.0,1702,1190,0,0,2.88,16.66,0.0,0.0,50,0.0,0.0,0.0,one,SR,1
0,585,3265,0,0,20.2939,14.2534,4.3724,0.0,0.0,1711,1192,0,0,2.95,16.68,0.0,0.0,52,0.0,0.0,0.0,one,SR,1
0,3338,4799,0,0,20.2565,14.3117,4.3043,0.0,0.0,1884,1166,0,0,5.02,16.41,0.0,0.0,31,0.0,0.0,0.0,one,SR,1
0,3984,6056,0,0,20.6476,13.432,5.175,0.0,0.0,2225,1532,0,0,5.0,20.41,0.0,0.0,337,0.0,0.0,0.0,one,SR,1
0,2320,3211,0,0,20.4373,13.7676,4.8244,0.0,0.0,1707,1359,0,0,1.32,18.45,0.0,0.0,194,0.0,0.0,0.0,one,SR,1
0,3704,4876,0,0,20.1262,14.3465,4.1879,0.0,0.0,1665,1120,0,0,3.16,15.92,0.0,0.0,-1,0.0,0.0,0.0,one,SR,1
0,1803,8191,0,0,20.3052,13.6656,4.804,0.0,0.0,1838,1350,0,0,2.78,18.36,0.0,0.0,195,0.0,0.0,0.0,one,SR,1
0,2678,3232,0,0,20.0583,14.29,4.1776,0.0,0.0,1464,1119,0,0,1.06,15.91,0.0,0.0,2,0.0,0.0,0.0,one,SR,1
0,2873,1217,0,0,20.3684,13.4602,4.9972,0.0,0.0,1895,1421,0,0,2.7,19.11,0.0,0.0,255,0.0,0.0,0.0,one,SR,1
0,4622,3956,0,0,20.1358,13.9525,4.476,0.0,0.0,1763,1229,0,0,3.15,17.07,0.0,0.0,97,0.0,0.0,0.0,one,SR,1
0,3771,134,0,0,20.0836,13.9829,4.4167,0.0,0.0,1977,1207,0,0,5.6,16.84,0.0,0.0,80,0.0,0.0,0.0,one,SR,1
0,396,2089,0,0,20.4355,13.2243,5.1742,0.0,0.0,2130,1529,0,0,4.03,20.37,0.0,0.0,349,0.0,0.0,0.0,one,SR,1
0,2888,6394,0,0,20.0594,14.0282,4.3685,0.0,0.0,1627,1187,0,0,2.12,16.63,0.0,0.0,64,0.0,0.0,0.0,one,SR,1
0,4463,213,0,0,20.0672,13.8915,4.4695,0.0,0.0,1837,1228,0,0,3.93,17.06,0.0,0.0,100,0.0,0.0,0.0,one,SR,1
0,4128,5095,0,0,20.0195,13.9638,4.3843,0.0,0.0,1798,1195,0,0,3.84,16.71,0.0,0.0,74,0.0,0.0,0.0,one,SR,1
0,3062,2656,0,0,20.3358,13.2435,5.1034,0.0,0.0,2129,1488,0,0,4.45,19.89,0.0,0.0,318,0.0,0.0,0.0,one,SR,1
0,3649,8365,0,0,20.0409,13.8688,4.469,0.0,0.0,1308,1225,0,0,-1.59,17.03,0.0,0.0,100,0.0,0.0,0.0,one,SR,1
0,3229,6435,0,0,20.0269,13.8511,4.4706,0.0,0.0,1825,1227,0,0,3.82,17.05,0.0,0.0,102,0.0,0.0,0.0,one,SR,1
0,2619,2686,0,0,20.1231,13.5999,4.7204,0.0,0.0,1729,1319,0,0,1.93,18.03,0.0,0.0,179,0.0,0.0,0.0,one,SR,1
0,4823,3068,0,0,20.1729,13.4657,4.8536,0.0,0.0,1586,1367,0,0,-0.03,18.54,0.0,0.0,220,0.0,0.0,0.0,one,SR,1
0,3719,9040,0,0,20.0161,13.754,4.5326,0.0,0.0,1765,1250,0,0,2.97,17.3,0.0,0.0,124,0.0,0.0,0.0,one,SR,1
0,4943,1596,0,0,19.9272,13.9768,4.3089,0.0,0.0,1649,1167,0,0,2.54,16.42,0.0,0.0,55,0.0,0.0,0.0,one,SR,1
0,2232,8450,0,0,19.8551,14.0868,4.1787,0.0,0.0,1604,1118,0,0,2.54,15.9,0.0,0.0,15,0.0,0.0,0.0,one,SR,1
0,2317,146,0,0,20.1497,13.3185,4.9425,0.0,0.0,2152,1400,0,0,5.6,18.89,0.0,0.0,251,0.0,0.0,0.0,one,SR,1
0,273,6142,0,0,20.0247,13.6047,4.648,0.0,0.0,1561,1290,0,0,0.44,17.72,0.0,0.0,160,0.0,0.0,0.0,one,SR,1
0,1257,6824,0,0,19.8314,14.0875,4.1595,0.0,0.0,1798,1113,0,0,4.62,15.84,0.0,0.0,12,0.0,0.0,0.0,one,SR,1
0,3811,4894,0,0,19.7072,14.044,4.1032,0.0,0.0,1090,1090,0,0,-2.59,15.6,0.0,0.0,0,0.0,0.0,0.0,one,SR,1
0,96,3310,0,0,19.9657,13.2603,4.8517,0.0,0.0,1769,1367,0,0,1.89,18.54,0.0,0.0,234,0.0,0.0,0.0,one,SR,1
0,4398,375,0,0,19.6709,13.9401,4.1518,0.0,0.0,1251,1108,0,0,-1.08,15.79,0.0,0.0,19,0.0,0.0,0.0,one,SR,1
0,2008,3675,0,0,19.9721,13.1615,4.9282,0.0,0.0,1778,1394,0,0,1.73,18.82,0.0,0.0,258,0.0,0.0,0.0,one,SR,1
0,542,4664,0,0,19.7117,13.7706,4.3027,0.0,0.0,1398,1164,0,0,-0.07,16.38,0.0,0.0,67,0.0,0.0,0.0,one,SR,1
0,222,2984,0,0,19.9718,13.0673,4.9956,0.0,0.0,1690,1419,0,0,0.57,19.09,0.0,0.0,281,0.0,0.0,0.0,one,SR,1
0,2740,3111,0,0,19.8514,13.3338,4.7158,0.0,0.0,1574,1318,0,0,0.31,18.02,0.0,0.0,197,0.0,0.0,0.0,one,SR,1
0,3287,3371,0,0,19.8202,13.4059,4.6411,0.0,0.0,1670,1291,0,0,1.58,17.73,0.0,0.0,174,0.0,0.0,0.0,one,SR,1
0,1,1152,0,0,19.7018,13.6593,4.3766,0.0,0.0,2135,1190,0,0,7.42,16.66,0.0,0.0,91,0.0,0.0,0.0,one,SR,1
0,3847,3517,0,0,19.589,13.937,4.0963,0.0,0.0,1355,1086,0,0,0.23,15.56,0.0,0.0,5,0.0,0.0,0.0,one,SR,1
0,1478,2059,0,0,19.7011,13.5798,4.4309,0.0,0.0,1981,1213,0,0,5.59,16.9,0.0,0.0,112,0.0,0.0,0.0,one,SR,1
0,2444,1505,0,0,19.8038,13.3125,4.6969,0.0,0.0,1457,1311,0,0,-0.85,17.94,0.0,0.0,194,0.0,0.0,0.0,one,SR,1
0,4518,4984,0,0,19.5621,13.8557,4.1348,0.0,0.0,1274,1101,0,0,-0.77,15.72,0.0,0.0,20,0.0,0.0,0.0,one,SR,1
0,3239,5178,0,0,19.7377,13.299,4.6614,0.0,0.0,1651,1295,0,0,1.34,17.77,0.0,0.0,184,0.0,0.0,0.0,one,SR,1
0,3568,6920,0,0,19.8129,13.0418,4.8983,0.0,0.0,1648,1385,0,0,0.45,18.73,0.0,0.0,260,0.0,0.0,0.0,one,SR,1
0,4944,9436,0,0,19.491,13.824,4.107,0.0,0.0,1612,1090,0,0,2.89,15.6,0.0,0.0,15,0.0,0.0,0.0,one,SR,1
0,148,6467,0,0,19.6685,13.3669,4.5614,0.0,0.0,1674,1260,0,0,1.91,17.4,0.0,0.0,157,0.0,0.0,0.0,one,SR,1
0,3868,55,0,0,19.6204,13.4501,4.4682,0.0,0.0,1395,1224,0,0,-0.67,17.02,0.0,0.0,128,0.0,0.0,0.0,one,SR,1
0,1309,8486,0,0,19.6509,13.3024,4.5934,0.0,0.0,1676,1274,0,0,1.8,17.55,0.0,0.0,170,0.0,0.0,0.0,one,SR,1
0,993,9551,0,0,19.5809,13.4652,4.4274,0.0,0.0,1668,1211,0,0,2.32,16.88,0.0,0.0,118,0.0,0.0,0.0,one,SR,1
0,3258,979,0,0,19.7081,13.0986,4.7813,0.0,0.0,2110,1343,0,0,5.7,18.28,0.0,0.0,229,0.0,0.0,0.0,one,SR,1
0,1141,3182,0,0,19.4166,13.8267,4.049,0.0,0.0,1828,1072,0,0,5.33,15.41,0.0,0.0,3,0.0,0.0,0.0,one,SR,1
0,2103,6023,0,0,19.5321,13.514,4.3585,0.0,0.0,1524,1184,0,0,1.07,16.6,0.0,0.0,97,0.0,0.0,0.0,one,SR,1
0,1357,4623,0,0,19.4008,13.7169,4.1175,0.0,0.0,1429,1096,0,0,0.91,15.66,0.0,0.0,26,0.0,0.0,0.0,one,SR,1
0,3187,2357,0,0,19.6455,13.0678,4.76,0.0,0.0,1970,1333,0,0,4.33,18.18,0.0,0.0,225,0.0,0.0,0.0,one,SR,1
0,1748,5183,0,0,19.6023,13.1655,4.6595,0.0,0.0,1833,1295,0,0,3.25,17.77,0.0,0.0,193,0.0,0.0,0.0,one,SR,1
0,1504,5592,0,0,19.3868,13.7068,4.1137,0.0,0.0,1553,1096,0,0,2.21,15.66,0.0,0.0,27,0.0,0.0,0.0,one,SR,1
0,2811,1741,0,0,19.6038,13.0223,4.7638,0.0,0.0,1746,1333,0,0,1.97,18.18,0.0,0.0,228,0.0,0.0,0.0,one,SR,1
0,4466,8670,0,0,19.3818,13.5326,4.2383,0.0,0.0,1472,1138,0,0,0.96,16.11,0.0,0.0,66,0.0,0.0,0.0,one,SR,1
0,4052,7333,0,0,19.3927,13.461,4.2976,0.0,0.0,1829,1160,0,0,4.5,16.34,0.0,0.0,85,0.0,0.0,0.0,one,SR,1
0,4299,7434,0,0,19.3687,13.5122,4.2415,0.0,0.0,1667,1142,0,0,2.97,16.15,0.0,0.0,70,0.0,0.0,0.0,one,SR,1
0,1163,9042,0,0,19.6882,12.7116,5.0395,0.0,0.0,2051,1444,0,0,4.1,19.37,0.0,0.0,322,0.0,0.0,0.0,one,SR,1
0,2835,7938,0,0,19.5204,13.0761,4.6627,0.0,0.0,1909,1299,0,0,4.01,17.82,0.0,0.0,202,0.0,0.0,0.0,one,SR,1
0,3730,7497,0,0,19.3317,13.4769,4.2418,0.0,0.0,1783,1140,0,0,4.2,16.13,0.0,0.0,71,0.0,0.0,0.0,one,SR,1
0,2538,8811,0,0,19.3015,13.5463,4.1687,0.0,0.0,1871,1115,0,0,5.37,15.86,0.0,0.0,50,0.0,0.0,0.0,one,SR,1
0,369,4200,0,0,19.2248,13.6799,4.0189,0.0,0.0,1619,1058,0,0,3.27,15.26,0.0,0.0,4,0.0,0.0,0.0,one,SR,1
0,4449,1385,0,0,19.1921,13.6265,4.0343,0.0,0.0,1719,1063,0,0,4.27,15.31,0.0,0.0,11,0.0,0.0,0.0,one,SR,1
0,154,689,0,0,19.3667,13.1721,4.4851,0.0,0.0,1492,1231,0,0,0.28,17.09,0.0,0.0,151,0.0,0.0,0.0,one,SR,1
0,4753,6060,0,0,19.437,12.9289,4.7085,0.0,0.0,1866,1316,0,0,3.4,18.0,0.0,0.0,223,0.0,0.0,0.0,one,SR,1
0,2564,4083,0,0,19.4487,12.8748,4.7573,0.0,0.0,1909,1332,0,0,3.7,18.17,0.0,0.0,237,0.0,0.0,0.0,one,SR,1
0,883,5004,0,0,19.5337,12.6499,4.9802,0.0,0.0,2079,1414,0,0,4.7,19.04,0.0,0.0,306,0.0,0.0,0.0,one,SR,1
0,3758,7115,0,0,19.4718,12.7777,4.8447,0.0,0.0,1780,1363,0,0,2.04,18.49,0.0,0.0,264,0.0,0.0,0.0,one,SR,1
0,2396,4256,0,0,19.1935,13.3896,4.2027,0.0,0.0,1785,1129,0,0,4.33,16.01,0.0,0.0,70,0.0,0.0,0.0,one,SR,1
0,2840,7531,0,0,19.2153,13.2668,4.307,0.0,0.0,1967,1167,0,0,5.88,16.42,0.0,0.0,103,0.0,0.0,0.0,one,SR,1
0,2865,5568,0,0,19.3727,12.6918,4.8325,0.0,0.0,1751,1362,0,0,1.75,18.48,0.0,0.0,269,0.0,0.0,0.0,one,SR,1
0,173,7543,0,0,19.2357,13.0241,4.4978,0.0,0.0,1505,1235,0,0,0.38,17.14,0.0,0.0,164,0.0,0.0,0.0,one,SR,1
0,2962,3238,0,0,19.3203,12.7802,4.7331,0.0,0.0,1597,1323,0,0,0.51,18.07,0.0,0.0,238,0.0,0.0,0.0,one,SR,1
0,184,2651,0,0,19.1612,13.1731,4.338,0.0,0.0,1759,1175,0,0,3.62,16.5,0.0,0.0,115,0.0,0.0,0.0,one,SR,1
0,3978,1602,0,0,19.3465,12.6054,4.8778,0.0,0.0,1970,1376,0,0,3.92,18.63,0.0,0.0,284,0.0,0.0,0.0,one,SR,1
0,3726,5499,0,0,19.172,12.9361,4.5137,0.0,0.0,1604,1243,0,0,1.34,17.22,0.0,0.0,175,0.0,0.0,0.0,one,SR,1
0,3511,7105,0,0,18.8991,13.418,3.9731,0.0,0.0,1440,1041,0,0,1.55,15.08,0.0,0.0,11,0.0,0.0,0.0,one,SR,1
0,3133,5519,0,0,19.009,13.0548,4.3116,0.0,0.0,1314,1168,0,0,-0.99,16.43,0.0,0.0,118,0.0,0.0,0.0,one,SR,1
0,440,7935,0,0,19.0726,12.8592,4.4986,0.0,0.0,1552,1236,0,0,0.86,17.15,0.0,0.0,176,0.0,0.0,0.0,one,SR,1
0,3715,1121,0,0,18.9346,13.138,4.2006,0.0,0.0,1799,1124,0,0,4.53,15.96,0.0,0.0,84,0.0,0.0,0.0,one,SR,1
0,2738,1300,0,0,18.939,13.1256,4.2122,0.0,0.0,1774,1129,0,0,4.22,16.01,0.0,0.0,88,0.0,0.0,0.0,one,SR,1
0,2944,6705,0,0,18.8346,13.3424,3.979,0.0,0.0,1263,1046,0,0,-0.36,15.13,0.0,0.0,19,0.0,0.0,0.0,one,SR,1
0,321,4316,0,0,19.007,12.8706,4.4428,0.0,0.0,1593,1216,0,0,1.48,16.94,0.0,0.0,162,0.0,0.0,0.0,one,SR,1
0,1215,9842,0,0,18.8257,13.2526,4.0397,0.0,0.0,1383,1065,0,0,0.72,15.33,0.0,0.0,38,0.0,0.0,0.0,one,SR,1
0,2615,7674,0,0,18.8663,13.1525,4.1391,0.0,0.0,2208,1104,0,0,9.01,15.75,0.0,0.0,70,0.0,0.0,0.0,one,SR,1
0,4337,3635,0,0,19.1561,12.3869,4.8975,0.0,0.0,1837,1384,0,0,2.44,18.72,0.0,0.0,304,0.0,0.0,0.0,one,SR,1
0,4973,3159,0,0,19.2027,12.1707,5.0725,0.0,0.0,2250,1463,0,0,5.99,19.59,0.0,0.0,373,0.0,0.0,0.0,one,SR,1
0,4601,6116,0,0,18.782,13.1245,4.0975,0.0,0.0,1322,1090,0,0,-0.16,15.6,0.0,0.0,63,0.0,0.0,0.0,one,SR,1
0,4462,4852,0,0,18.9697,12.5686,4.6323,0.0,0.0,1595,1287,0,0,0.83,17.69,0.0,0.0,229,0.0,0.0,0.0,one,SR,1
0,1042,6209,0,0,19.0466,12.2586,4.911,0.0,0.0,2066,1389,0,0,4.8,18.77,0.0,0.0,316,0.0,0.0,0.0,one,SR,1
0,4468,3185,0,0,18.7086,13.0379,4.1086,0.0,0.0,1725,1092,0,0,4.05,15.62,0.0,0.0,70,0.0,0.0,0.0,one,SR,1
0,419,6966,0,0,18.9035,12.5004,4.6353,0.0,0.0,2012,1286,0,0,5.22,17.68,0.0,0.0,233,0.0,0.0,0.0,one,SR,1
0,4653,7522,0,0,18.9174,12.4543,4.6773,0.0,0.0,2079,1303,0,0,5.76,17.86,0.0,0.0,247,0.0,0.0,0.0,one,SR,1
0,921,6805,0,0,18.6792,13.0385,4.0882,0.0,0.0,1366,1083,0,0,0.37,15.53,0.0,0.0,64,0.0,0.0,0.0,one,SR,1
0,1050,1730,0,0,18.7113,12.866,4.2334,0.0,0.0,1500,1139,0,0,1.24,16.12,0.0,0.0,112,0.0,0.0,0.0,one,SR,1
0,2696,2106,0,0,18.8372,12.5411,4.5579,0.0,0.0,1831,1258,0,0,3.58,17.38,0.0,0.0,212,0.0,0.0,0.0,one,SR,1
0,4492,9318,0,0,18.7468,12.7419,4.3485,0.0,0.0,1642,1181,0,0,2.33,16.56,0.0,0.0,148,0.0,0.0,0.0,one,SR,1
0,4886,5775,0,0,18.568,13.0513,3.9981,0.0,0.0,1134,1051,0,0,-1.76,15.19,0.0,0.0,42,0.0,0.0,0.0,one,SR,1
0,1272,821,0,0,18.5117,13.1733,3.8718,0.0,0.0,1834,1002,0,0,6.06,14.67,0.0,0.0,2,0.0,0.0,0.0,one,SR,1
0,698,7646,0,0,18.5391,13.0938,3.9458,0.0,0.0,1269,1033,0,0,-0.17,14.99,0.0,0.0,28,0.0,0.0,0.0,one,SR,1
0,1934,1348,0,0,18.6964,12.6614,4.3701,0.0,0.0,2108,1189,0,0,7.15,16.65,0.0,0.0,159,0.0,0.0,0.0,one,SR,1
0,3683,1401,0,0,18.5642,12.9629,4.0604,0.0,0.0,1451,1072,0,0,1.37,15.41,0.0,0.0,62,0.0,0.0,0.0,one,SR,1
0,2095,6071,0,0,18.6248,12.71,4.2827,0.0,0.0,1617,1158,0,0,2.29,16.32,0.0,0.0,135,0.0,0.0,0.0,one,SR,1
0,2699,3293,0,0,18.5515,12.8751,4.1143,0.0,0.0,1364,1092,0,0,0.26,15.62,0.0,0.0,81,0.0,0.0,0.0,one,SR,1
0,751,188,0,0,18.7624,12.3463,4.6419,0.0,0.0,1791,1292,0,0,2.84,17.74,0.0,0.0,247,0.0,0.0,0.0,one,SR,1
0,780,1963,0,0,18.8072,12.1732,4.7994,0.0,0.0,1899,1349,0,0,3.43,18.35,0.0,0.0,296,0.0,0.0,0.0,one,SR,1
0,1495,9755,0,0,18.5413,12.7954,4.1636,0.0,0.0,1400,1111,0,0,0.46,15.82,0.0,0.0,99,0.0,0.0,0.0,one,SR,1
0,1353,2900,0,0,18.5851,12.6609,4.2911,0.0,0.0,1720,1159,0,0,3.36,16.33,0.0,0.0,139,0.0,0.0,0.0,one,SR,1
0,3280,449,0,0,18.6681,12.4529,4.4983,0.0,0.0,1598,1238,0,0,1.33,17.17,0.0,0.0,205,0.0,0.0,0.0,one,SR,1
0,4181,4329,0,0,18.7472,12.2447,4.7039,0.0,0.0,1870,1315,0,0,3.45,17.99,0.0,0.0,269,0.0,0.0,0.0,one,SR,1
0,1798,8127,0,0,18.4413,12.8213,4.0717,0.0,0.0,1761,1079,0,0,4.56,15.48,0.0,0.0,76,0.0,0.0,0.0,one,SR,1
0,2302,4646,0,0,18.4982,12.6716,4.2199,0.0,0.0,1443,1134,0,0,0.69,16.07,0.0,0.0,122,0.0,0.0,0.0,one,SR,1
0,3795,6405,0,0,18.5519,12.5301,4.3601,0.0,0.0,1817,1186,0,0,4.12,16.62,0.0,0.0,166,0.0,0.0,0.0,one,SR,1
0,242,1601,0,0,18.776,11.9581,4.9303,0.0,0.0,2121,1399,0,0,5.28,18.88,0.0,0.0,343,0.0,0.0,0.0,one,SR,1
0,1027,8370,0,0,18.4124,12.86,4.0243,0.0,0.0,1535,1060,0,0,2.36,15.28,0.0,0.0,61,0.0,0.0,0.0,one,SR,1
0,71,4950,0,0,18.6892,12.1247,4.7489,0.0,0.0,1838,1331,0,0,2.96,18.16,0.0,0.0,288,0.0,0.0,0.0,one,SR,1
0,1823,9527,0,0,18.732,11.9815,4.884,0.0,0.0,1976,1379,0,0,3.95,18.66,0.0,0.0,329,0.0,0.0,0.0,one,SR,1
0,1408,7816,0,0,18.3602,12.9185,3.9454,0.0,0.0,1381,1030,0,0,1.03,14.96,0.0,0.0,38,0.0,0.0,0.0,one,SR,1
0,95,2261,0,0,18.4469,12.5942,4.2377,0.0,0.0,1491,1142,0,0,1.12,16.15,0.0,0.0,133,0.0,0.0,0.0,one,SR,1
0,2647,1666,0,0,18.4215,12.6569,4.1749,0.0,0.0,1561,1118,0,0,2.08,15.9,0.0,0.0,113,0.0,0.0,0.0,one,SR,1
0,4731,4444,0,0,18.7494,11.7519,5.0521,0.0,0.0,2389,1451,0,0,7.58,19.45,0.0,0.0,393,0.0,0.0,0.0,one,SR,1
0,1291,8620,0,0,18.5716,12.1273,4.6627,0.0,0.0,1634,1299,0,0,1.12,17.82,0.0,0.0,267,0.0,0.0,0.0,one,SR,1
0,4178,364,0,0,18.3207,12.6763,4.0898,0.0,0.0,1868,1085,0,0,5.62,15.55,0.0,0.0,90,0.0,0.0,0.0,one,SR,1
0,2335,984,0,0,18.5359,12.0634,4.6857,0.0,0.0,2045,1304,0,0,5.39,17.87,0.0,0.0,274,0.0,0.0,0.0,one,SR,1
0,3751,7863,0,0,18.2682,12.6951,4.0375,0.0,0.0,1140,1067,0,0,-1.85,15.36,0.0,0.0,77,0.0,0.0,0.0,one,SR,1
0,1019,2571,0,0,18.4473,12.2094,4.5167,0.0,0.0,1550,1242,0,0,0.78,17.21,0.0,0.0,224,0.0,0.0,0.0,one,SR,1
0,4488,5277,0,0,18.3462,12.4483,4.2711,0.0,0.0,1532,1153,0,0,1.45,16.27,0.0,0.0,150,0.0,0.0,0.0,one,SR,1
0,1538,5207,0,0,18.4735,12.0742,4.6326,0.0,0.0,2147,1285,0,0,6.64,17.67,0.0,0.0,261,0.0,0.0,0.0,one,SR,1
0,2989,1860,0,0,18.4084,12.2326,4.4695,0.0,0.0,1762,1228,0,0,3.14,17.06,0.0,0.0,213,0.0,0.0,0.0,one,SR,1
0,4768,5469,0,0,18.3197,12.2471,4.3981,0.0,0.0,1721,1198,0,0,3.0,16.74,0.0,0.0,193,0.0,0.0,0.0,one,SR,1
0,1926,7023,0,0,18.0868,12.7823,3.8453,0.0,0.0,1578,995,0,0,3.44,14.59,0.0,0.0,24,0.0,0.0,0.0,one,SR,1
0,4591,37,0,0,18.2008,12.4457,4.1676,0.0,0.0,1700,1116,0,0,3.56,15.88,0.0,0.0,126,0.0,0.0,0.0,one,SR,1
0,4439,6239,0,0,18.4326,11.7949,4.8032,0.0,0.0,2025,1349,0,0,4.75,18.35,0.0,0.0,322,0.0,0.0,0.0,one,SR,1
0,4491,9603,0,0,18.3219,12.0146,4.5671,0.0,0.0,1585,1260,0,0,0.98,17.4,0.0,0.0,249,0.0,0.0,0.0,one,SR,1
0,1487,3854,0,0,18.1558,12.4382,4.1407,0.0,0.0,1710,1106,0,0,3.76,15.77,0.0,0.0,120,0.0,0.0,0.0,one,SR,1
0,3393,9789,0,0,18.1392,12.292,4.2364,0.0,0.0,2066,1138,0,0,7.2,16.11,0.0,0.0,151,0.0,0.0,0.0,one,SR,1
0,2612,7922,0,0,18.2553,11.9931,4.5337,0.0,0.0,1664,1249,0,0,1.91,17.29,0.0,0.0,243,0.0,0.0,0.0,one,SR,1
0,2582,7310,0,0,18.2047,12.0289,4.4717,0.0,0.0,1755,1226,0,0,3.09,17.04,0.0,0.0,226,0.0,0.0,0.0,one,SR,1
0,452,1580,0,0,18.2111,11.9733,4.5167,0.0,0.0,1763,1242,0,0,3.02,17.21,0.0,0.0,240,0.0,0.0,0.0,one,SR,1
0,3934,6913,0,0,18.1789,12.05,4.4385,0.0,0.0,1652,1213,0,0,2.13,16.9,0.0,0.0,216,0.0,0.0,0.0,one,SR,1
0,892,5674,0,0,17.9715,12.4303,4.0173,0.0,0.0,1725,1056,0,0,4.4,15.24,0.0,0.0,88,0.0,0.0,0.0,one,SR,1
0,3713,1450,0,0,17.8852,12.5938,3.8353,0.0,0.0,1190,992,0,0,-0.61,14.56,0.0,0.0,35,0.0,0.0,0.0,one,SR,1
0,1239,6690,0,0,17.8582,12.5893,3.8214,0.0,0.0,1088,984,0,0,-1.6,14.48,0.0,0.0,30,0.0,0.0,0.0,one,SR,1
0,216,2801,0,0,17.8037,12.6513,3.7356,0.0,0.0,1517,955,0,0,3.18,14.17,0.0,0.0,7,0.0,0.0,0.0,one,SR,1
0,2692,7278,0,0,18.085,11.821,4.5344,0.0,0.0,1769,1250,0,0,3.01,17.3,0.0,0.0,256,0.0,0.0,0.0,one,SR,1
0,4262,8902,0,0,17.9899,11.8666,4.435,0.0,0.0,1539,1211,0,0,0.97,16.88,0.0,0.0,227,0.0,0.0,0.0,one,SR,1
0,900,3555,0,0,17.7339,12.4838,3.8068,0.0,0.0,1965,980,0,0,7.64,14.43,0.0,0.0,35,0.0,0.0,0.0,one,SR,1
0,4673,927,0,0,17.9007,12.0271,4.2553,0.0,0.0,1511,1145,0,0,1.3,16.18,0.0,0.0,173,0.0,0.0,0.0,one,SR,1
0,1589,8202,0,0,17.6985,12.4784,3.7863,0.0,0.0,1497,971,0,0,2.81,14.34,0.0,0.0,29,0.0,0.0,0.0,one,SR,1
0,248,145,0,0,17.965,11.7948,4.4671,0.0,0.0,1689,1225,0,0,2.41,17.03,0.0,0.0,241,0.0,0.0,0.0,one,SR,1
0,346,1264,0,0,17.9006,11.8093,4.4094,0.0,0.0,1554,1205,0,0,1.18,16.82,0.0,0.0,227,0.0,0.0,0.0,one,SR,1
0,2347,99,0,0,17.6825,12.2934,3.9076,0.0,0.0,1227,1016,0,0,-0.45,14.81,0.0,0.0,71,0.0,0.0,0.0,one,SR,1
0,4074,1370,0,0,17.5937,12.4694,3.7182,0.0,0.0,1692,945,0,0,5.11,14.06,0.0,0.0,13,0.0,0.0,0.0,one,SR,1
0,3885,5654,0,0,17.6918,12.2144,3.9704,0.0,0.0,1854,1040,0,0,5.9,15.07,0.0,0.0,92,0.0,0.0,0.0,one,SR,1
0,4478,3167,0,0,17.8676,11.7332,4.4398,0.0,0.0,1786,1217,0,0,3.5,16.95,0.0,0.0,240,0.0,0.0,0.0,one,SR,1
0,375,8319,0,0,17.6013,12.4001,3.7707,0.0,0.0,1143,968,0,0,-0.87,14.31,0.0,0.0,33,0.0,0.0,0.0,one,SR,1
0,1526,2515,0,0,17.5691,12.4635,3.7036,0.0,0.0,1427,941,0,0,2.37,14.02,0.0,0.0,11,0.0,0.0,0.0,one,SR,1
0,4370,1717,0,0,17.6224,12.3159,3.8472,0.0,0.0,1262,995,0,0,0.12,14.59,0.0,0.0,56,0.0,0.0,0.0,one,SR,1
0,540,6912,0,0,17.7151,11.9186,4.1995,0.0,0.0,1590,1125,0,0,2.32,15.97,0.0,0.0,168,0.0,0.0,0.0,one,SR,1
0,361,815,0,0,17.5155,12.3837,3.7225,0.0,0.0,1309,948,0,0,1.06,14.09,0.0,0.0,21,0.0,0.0,0.0,one,SR,1
0,2672,1689,0,0,17.6455,11.9636,4.1167,0.0,0.0,1555,1095,0,0,2.24,15.65,0.0,0.0,145,0.0,0.0,0.0,one,SR,1
0,3470,7241,0,0,17.6411,11.7882,4.241,0.0,0.0,1458,1139,0,0,0.8,16.12,0.0,0.0,186,0.0,0.0,0.0,one,SR,1
0,4735,4699,0,0,17.5618,11.9342,4.0793,0.0,0.0,1580,1079,0,0,2.66,15.48,0.0,0.0,137,0.0,0.0,0.0,one,SR,1
0,3687,2094,0,0,17.3893,12.3438,3.6616,0.0,0.0,1205,924,0,0,0.2,13.84,0.0,0.0,8,0.0,0.0,0.0,one,SR,1
0,645,4758,0,0,17.6493,11.65,4.3439,0.0,0.0,1851,1180,0,0,4.54,16.55,0.0,0.0,222,0.0,0.0,0.0,one,SR,1
0,2773,3998,0,0,17.6432,11.642,4.3469,0.0,0.0,1395,1179,0,0,-0.24,16.54,0.0,0.0,222,0.0,0.0,0.0,one,SR,1
0,1593,8220,0,0,17.4473,12.0113,3.9408,0.0,0.0,1341,1029,0,0,0.62,14.95,0.0,0.0,99,0.0,0.0,0.0,one,SR,1
0,4970,9957,0,0,17.3108,12.3311,3.6117,0.0,0.0,1149,909,0,0,-0.25,13.68,0.0,0.0,-1,0.0,0.0,0.0,one,SR,1
0,3059,1326,0,0,17.4896,11.8396,4.0922,0.0,0.0,1872,1088,0,0,5.64,15.58,0.0,0.0,149,0.0,0.0,0.0,one,SR,1
0,4461,982,0,0,17.3204,12.2148,3.7047,0.0,0.0,1172,940,0,0,-0.3,14.01,0.0,0.0,27,0.0,0.0,0.0,one,SR,1
0,4784,3701,0,0,17.4579,11.8022,4.099,0.0,0.0,1635,1087,0,0,3.16,15.57,0.0,0.0,151,0.0,0.0,0.0,one,SR,1
0,1711,3030,0,0,17.3603,12.0519,3.8491,0.0,0.0,1166,995,0,0,-0.89,14.59,0.0,0.0,74,0.0,0.0,0.0,one,SR,1
0,2280,5453,0,0,17.5002,11.683,4.2126,0.0,0.0,1850,1132,0,0,4.98,16.04,0.0,0.0,188,0.0,0.0,0.0,one,SR,1
0,3444,6608,0,0,17.3317,12.076,3.8103,0.0,0.0,1658,982,0,0,4.4,14.45,0.0,0.0,64,0.0,0.0,0.0,one,SR,1
0,4649,6345,0,0,17.235,12.2497,3.6163,0.0,0.0,1131,910,0,0,-0.45,13.69,0.0,0.0,5,0.0,0.0,0.0,one,SR,1
0,3181,6149,0,0,17.4283,11.7538,4.1113,0.0,0.0,1181,1093,0,0,-1.67,15.63,0.0,0.0,158,0.0,0.0,0.0,one,SR,1
0,2098,321,0,0,17.4938,11.5077,4.335,0.0,0.0,1743,1176,0,0,3.44,16.51,0.0,0.0,229,0.0,0.0,0.0,one,SR,1
0,2374,4195,0,0,17.3522,11.7923,4.0297,0.0,0.0,1189,1062,0,0,-1.29,15.3,0.0,0.0,135,0.0,0.0,0.0,one,SR,1
0,4230,3619,0,0,17.2725,11.9866,3.8341,0.0,0.0,1249,988,0,0,0.05,14.52,0.0,0.0,74,0.0,0.0,0.0,one,SR,1
0,2579,6292,0,0,17.6485,11.0145,4.7994,0.0,0.0,2384,1349,0,0,8.52,18.35,0.0,0.0,375,0.0,0.0,0.0,one,SR,1
0,4240,5436,0,0,17.2249,12.0668,3.7424,0.0,0.0,1307,954,0,0,0.98,14.16,0.0,0.0,46,0.0,0.0,0.0,one,SR,1
0,3438,4150,0,0,17.5595,11.1752,4.6218,0.0,0.0,2152,1281,0,0,6.73,17.63,0.0,0.0,320,0.0,0.0,0.0,one,SR,1
0,4841,2588,0,0,17.2104,12.0485,3.7451,0.0,0.0,1355,955,0,0,1.48,14.17,0.0,0.0,48,0.0,0.0,0.0,one,SR,1
0,219,7250,0,0,17.1344,12.1603,3.6093,0.0,0.0,1237,906,0,0,0.71,13.65,0.0,0.0,9,0.0,0.0,0.0,one,SR,1
0,3799,7012,0,0,17.4438,11.3788,4.3905,0.0,0.0,1857,1198,0,0,4.43,16.74,0.0,0.0,252,0.0,0.0,0.0,one,SR,1
0,4593,5841,0,0,17.116,12.1813,3.5815,0.0,0.0,2096,895,0,0,9.83,13.53,0.0,0.0,0,0.0,0.0,0.0,one,SR,1
0,1443,9240,0,0,17.3245,11.6481,4.1132,0.0,0.0,1463,1093,0,0,1.29,15.63,0.0,0.0,165,0.0,0.0,0.0,one,SR,1
0,1449,9503,0,0,17.4127,11.4153,4.342,0.0,0.0,2133,1180,0,0,7.5,16.55,0.0,0.0,238,0.0,0.0,0.0,one,SR,1
0,4037,690,0,0,17.3936,11.4431,4.31,0.0,0.0,1743,1166,0,0,3.54,16.41,0.0,0.0,227,0.0,0.0,0.0,one,SR,1
0,4221,4037,0,0,17.1962,11.9235,3.823,0.0,0.0,1616,986,0,0,3.92,14.5,0.0,0.0,77,0.0,0.0,0.0,one,SR,1
0,1758,962,0,0,17.1991,11.8964,3.8456,0.0,0.0,1713,993,0,0,4.87,14.57,0.0,0.0,83,0.0,0.0,0.0,one,SR,1
0,4228,3642,0,0,17.3414,11.5036,4.228,0.0,0.0,1283,1137,0,0,-1.02,16.1,0.0,0.0,204,0.0,0.0,0.0,one,SR,1
0,1414,478,0,0,17.2149,11.8183,3.913,0.0,0.0,1514,1018,0,0,2.54,14.84,0.0,0.0,105,0.0,0.0,0.0,one,SR,1
0,3883,8629,0,0,17.2265,11.691,4.0116,0.0,0.0,1634,1056,0,0,3.44,15.24,0.0,0.0,138,0.0,0.0,0.0,one,SR,1
0,1956,4961,0,0,17.4048,11.2046,4.4875,0.0,0.0,1829,1234,0,0,3.79,17.13,0.0,0.0,287,0.0,0.0,0.0,one,SR,1
0,3345,6191,0,0,17.2218,11.5455,4.1132,0.0,0.0,1459,1093,0,0,1.25,15.63,0.0,0.0,172,0.0,0.0,0.0,one,SR,1
0,316,6654,0,0,16.9803,12.0889,3.5489,0.0,0.0,1111,885,0,0,-0.42,13.43,0.0,0.0,0,0.0,0.0,0.0,one,SR,1
0,4089,6935,0,0,17.0766,11.6987,3.8995,0.0,0.0,1290,1013,0,0,0.24,14.78,0.0,0.0,110,0.0,0.0,0.0,one,SR,1
0,2400,8633,0,0,16.9646,11.8854,3.6836,0.0,0.0,1110,935,0,0,-0.91,13.96,0.0,0.0,46,0.0,0.0,0.0,one,SR,1
0,2195,3069,0,0,17.0728,11.4904,4.0459,0.0,0.0,1635,1068,0,0,3.34,15.37,0.0,0.0,160,0.0,0.0,0.0,one,SR,1
0,1007,1762,0,0,16.9015,11.8129,3.6898,0.0,0.0,1081,938,0,0,-1.24,13.99,0.0,0.0,53,0.0,0.0,0.0,one,SR,1
0,4805,3413,0,0,17.3132,10.7524,4.7485,0.0,0.0,2977,1328,0,0,14.95,18.12,0.0,0.0,379,0.0,0.0,0.0,one,SR,1
0,4075,700,0,0,17.0582,11.363,4.1267,0.0,0.0,1867,1098,0,0,5.49,15.68,0.0,0.0,188,0.0,0.0,0.0,one,SR,1
0,1571,6309,0,0,16.8236,11.9378,3.5454,0.0,0.0,1231,883,0,0,0.86,13.4,0.0,0.0,9,0.0,0.0,0.0,one,SR,1
0,527,3274,0,0,16.8743,11.7332,3.7286,0.0,0.0,1152,951,0,0,-0.62,14.13,0.0,0.0,67,0.0,0.0,0.0,one,SR,1
0,4719,902,0,0,16.9583,11.498,3.9566,0.0,0.0,1522,1037,0,0,2.45,15.04,0.0,0.0,139,0.0,0.0,0.0,one,SR,1
0,3271,1364,0,0,16.9261,11.5388,3.9068,0.0,0.0,1377,1015,0,0,1.13,14.8,0.0,0.0,122,0.0,0.0,0.0,one,SR,1
0,1794,5919,0,0,17.0553,11.135,4.2862,0.0,0.0,1667,1160,0,0,2.8,16.34,0.0,0.0,244,0.0,0.0,0.0,one,SR,1
0,2343,851,0,0,16.7432,11.8724,3.5357,0.0,0.0,1195,878,0,0,0.53,13.35,0.0,0.0,10,0.0,0.0,0.0,one,SR,1
0,99,5868,0,0,16.8652,11.5438,3.8569,0.0,0.0,1279,1000,0,0,0.25,14.64,0.0,0.0,112,0.0,0.0,0.0,one,SR,1
0,2553,9941,0,0,16.8649,11.5285,3.8688,0.0,0.0,1324,1003,0,0,0.69,14.68,0.0,0.0,115,0.0,0.0,0.0,one,SR,1
0,992,3336,0,0,16.9551,11.2393,4.1421,0.0,0.0,1560,1103,0,0,2.22,15.74,0.0,0.0,200,0.0,0.0,0.0,one,SR,1
0,475,31,0,0,16.9933,11.131,4.2461,0.0,0.0,2100,1143,0,0,7.5,16.16,0.0,0.0,233,0.0,0.0,0.0,one,SR,1
0,53,8972,0,0,16.9539,11.2193,4.1556,0.0,0.0,2194,1108,0,0,8.83,15.79,0.0,0.0,204,0.0,0.0,0.0,one,SR,1
0,4627,1681,0,0,16.7096,11.8388,3.5335,0.0,0.0,1543,880,0,0,4.17,13.37,0.0,0.0,14,0.0,0.0,0.0,one,SR,1
0,3440,5923,0,0,16.9007,11.3502,4.0213,0.0,0.0,1799,1061,0,0,5.13,15.29,0.0,0.0,165,0.0,0.0,0.0,one,SR,1
0,2668,7258,0,0,16.784,11.4981,3.8341,0.0,0.0,1268,988,0,0,0.25,14.52,0.0,0.0,107,0.0,0.0,0.0,one,SR,1
0,1146,72,0,0,16.7986,11.4302,3.89,0.0,0.0,1399,1013,0,0,1.38,14.78,0.0,0.0,128,0.0,0.0,0.0,one,SR,1
0,3839,8626,0,0,16.8376,11.3266,3.9924,0.0,0.0,1602,1051,0,0,3.15,15.19,0.0,0.0,160,0.0,0.0,0.0,one,SR,1
0,2592,8551,0,0,16.6559,11.772,3.5435,0.0,0.0,1136,883,0,0,-0.14,13.4,0.0,0.0,20,0.0,0.0,0.0,one,SR,1
0,3770,9908,0,0,16.8212,11.2988,4.0038,0.0,0.0,1825,1051,0,0,5.5,15.19,0.0,0.0,162,0.0,0.0,0.0,one,SR,1
0,4300,788,0,0,16.822,11.2395,4.0459,0.0,0.0,1594,1068,0,0,2.91,15.37,0.0,0.0,177,0.0,0.0,0.0,one,SR,1
0,990,68,0,0,16.6984,11.5403,3.7424,0.0,0.0,1338,954,0,0,1.31,14.16,0.0,0.0,82,0.0,0.0,0.0,one,SR,1
0,1766,4016,0,0,16.6699,11.587,3.6863,0.0,0.0,1629,936,0,0,4.53,13.97,0.0,0.0,67,0.0,0.0,0.0,one,SR,1
0,4160,9994,0,0,16.7211,11.441,3.8284,0.0,0.0,1645,988,0,0,4.21,14.52,0.0,0.0,111,0.0,0.0,0.0,one,SR,1
0,4110,9876,0,0,16.7081,11.4468,3.8138,0.0,0.0,1349,984,0,0,1.14,14.48,0.0,0.0,108,0.0,0.0,0.0,one,SR,1
0,2094,4398,0,0,16.8051,11.0968,4.1367,0.0,0.0,1628,1101,0,0,2.95,15.72,0.0,0.0,208,0.0,0.0,0.0,one,SR,1
0,1663,4425,0,0,16.5754,11.6709,3.5578,0.0,0.0,1485,889,0,0,3.47,13.47,0.0,0.0,31,0.0,0.0,0.0,one,SR,1
0,726,8772,0,0,16.668,11.3992,3.8203,0.0,0.0,1570,985,0,0,3.45,14.49,0.0,0.0,112,0.0,0.0,0.0,one,SR,1
0,4701,9236,0,0,16.5862,11.6028,3.6144,0.0,0.0,1238,910,0,0,0.68,13.69,0.0,0.0,49,0.0,0.0,0.0,one,SR,1
0,4496,2931,0,0,16.7401,11.1164,4.0744,0.0,0.0,1649,1080,0,0,3.37,15.49,0.0,0.0,193,0.0,0.0,0.0,one,SR,1
0,2473,7821,0,0,16.6377,11.3275,3.8488,0.0,0.0,1446,997,0,0,2.03,14.61,0.0,0.0,125,0.0,0.0,0.0,one,SR,1
0,1821,3470,0,0,16.7169,11.0988,4.0709,0.0,0.0,1274,1078,0,0,-0.55,15.47,0.0,0.0,193,0.0,0.0,0.0,one,SR,1
0,1424,5100,0,0,16.5761,11.4368,3.7267,0.0,0.0,1346,951,0,0,1.42,14.13,0.0,0.0,87,0.0,0.0,0.0,one,SR,1
0,4199,6289,0,0,16.4755,11.6911,3.4715,0.0,0.0,1019,857,0,0,-1.12,13.13,0.0,0.0,9,0.0,0.0,0.0,one,SR,1
0,162,3990,0,0,16.6365,11.1856,3.9493,0.0,0.0,1535,1035,0,0,2.6,15.02,0.0,0.0,159,0.0,0.0,0.0,one,SR,1
0,3105,5164,0,0,16.5069,11.4915,3.6378,0.0,0.0,1691,918,0,0,5.36,13.78,0.0,0.0,62,0.0,0.0,0.0,one,SR,1
0,1994,236,0,0,16.541,11.227,3.8537,0.0,0.0,1385,996,0,0,1.4,14.6,0.0,0.0,131,0.0,0.0,0.0,one,SR,1
0,2475,4296,0,0,16.3866,11.6002,3.4756,0.0,0.0,1081,855,0,0,-0.45,13.11,0.0,0.0,14,0.0,0.0,0.0,one,SR,1
0,3448,8265,0,0,16.6832,10.804,4.2588,0.0,0.0,1648,1147,0,0,2.72,16.2,0.0,0.0,258,0.0,0.0,0.0,one,SR,1
0,3369,3079,0,0,16.513,11.2121,3.8448,0.0,0.0,1742,992,0,0,5.19,14.56,0.0,0.0,129,0.0,0.0,0.0,one,SR,1
0,1530,6673,0,0,16.3488,11.5832,3.458,0.0,0.0,1398,852,0,0,2.91,13.08,0.0,0.0,13,0.0,0.0,0.0,one,SR,1
0,4078,1832,0,0,16.5621,10.9872,4.0383,0.0,0.0,1580,1068,0,0,2.76,15.37,0.0,0.0,194,0.0,0.0,0.0,one,SR,1
0,4081,137,0,0,16.363,11.4904,3.5343,0.0,0.0,1174,881,0,0,0.28,13.38,0.0,0.0,38,0.0,0.0,0.0,one,SR,1
0,2546,9193,0,0,16.46,11.163,3.8399,0.0,0.0,1581,993,0,0,3.49,14.57,0.0,0.0,133,0.0,0.0,0.0,one,SR,1
0,2876,3910,0,0,16.538,10.9367,4.0593,0.0,0.0,1507,1073,0,0,1.95,15.42,0.0,0.0,201,0.0,0.0,0.0,one,SR,1
0,3350,7579,0,0,16.3618,11.3427,3.6405,0.0,0.0,1098,919,0,0,-0.88,13.79,0.0,0.0,73,0.0,0.0,0.0,one,SR,1
0,21,4179,0,0,16.453,11.0921,3.8858,0.0,0.0,1272,1010,0,0,0.08,14.75,0.0,0.0,149,0.0,0.0,0.0,one,SR,1
0,933,9595,0,0,16.5276,10.7912,4.1552,0.0,0.0,1615,1110,0,0,2.73,15.81,0.0,0.0,235,0.0,0.0,0.0,one,SR,1
0,4087,9808,0,0,16.4275,10.9803,3.9477,0.0,0.0,1686,1033,0,0,4.21,14.99,0.0,0.0,172,0.0,0.0,0.0,one,SR,1
0,2182,2958,0,0,16.2831,11.2978,3.6163,0.0,0.0,1568,910,0,0,4.14,13.69,0.0,0.0,70,0.0,0.0,0.0,one,SR,1
0,3852,4104,0,0,16.4364,10.899,4.0135,0.0,0.0,1631,1056,0,0,3.41,15.24,0.0,0.0,192,0.0,0.0,0.0,one,SR,1
0,3086,5493,0,0,16.2476,11.3767,3.5357,0.0,0.0,1095,878,0,0,-0.52,13.35,0.0,0.0,44,0.0,0.0,0.0,one,SR,1
0,2386,5492,0,0,16.3836,11.0284,3.8812,0.0,0.0,1437,1009,0,0,1.82,14.74,0.0,0.0,153,0.0,0.0,0.0,one,SR,1
0,257,9885,0,0,16.4763,10.6404,4.2272,0.0,0.0,1579,1136,0,0,2.1,16.09,0.0,0.0,262,0.0,0.0,0.0,one,SR,1
0,1136,6782,0,0,16.1472,11.4473,3.4103,0.0,0.0,1175,835,0,0,0.73,12.9,0.0,0.0,11,0.0,0.0,0.0,one,SR,1
0,355,5119,0,0,16.2762,11.0581,3.7833,0.0,0.0,1412,972,0,0,1.91,14.35,0.0,0.0,127,0.0,0.0,0.0,one,SR,1
0,238,8406,0,0,16.2634,10.9044,3.8838,0.0,0.0,1381,1010,0,0,1.22,14.75,0.0,0.0,162,0.0,0.0,0.0,one,SR,1
0,769,7750,0,0,16.3533,10.5098,4.2326,0.0,0.0,1930,1138,0,0,5.77,16.11,0.0,0.0,272,0.0,0.0,0.0,one,SR,1
0,3195,1889,0,0,16.1913,10.8867,3.8464,0.0,0.0,2254,994,0,0,10.54,14.58,0.0,0.0,153,0.0,0.0,0.0,one,SR,1
0,1316,7146,0,0,16.167,10.9093,3.8133,0.0,0.0,1878,981,0,0,6.72,14.44,0.0,0.0,143,0.0,0.0,0.0,one,SR,1
0,448,1804,0,0,16.0666,11.1582,3.5627,0.0,0.0,1509,888,0,0,3.73,13.46,0.0,0.0,65,0.0,0.0,0.0,one,SR,1
0,3678,5290,0,0,16.3038,10.558,4.1625,0.0,0.0,1937,1112,0,0,6.09,15.83,0.0,0.0,252,0.0,0.0,0.0,one,SR,1
0,4297,3790,0,0,16.3357,10.4528,4.2592,0.0,0.0,1799,1150,0,0,4.28,16.24,0.0,0.0,284,0.0,0.0,0.0,one,SR,1
0,3314,6447,0,0,16.2889,10.5206,4.1776,0.0,0.0,1808,1119,0,0,4.67,15.91,0.0,0.0,259,0.0,0.0,0.0,one,SR,1
0,874,1817,0,0,16.2271,10.6653,4.0305,0.0,0.0,1475,1063,0,0,1.71,15.31,0.0,0.0,213,0.0,0.0,0.0,one,SR,1
0,3963,4849,0,0,16.0381,11.1391,3.5554,0.0,0.0,1727,886,0,0,6.04,13.44,0.0,0.0,65,0.0,0.0,0.0,one,SR,1
0,612,6448,0,0,16.0309,11.1282,3.5559,0.0,0.0,1246,889,0,0,0.96,13.47,0.0,0.0,68,0.0,0.0,0.0,one,SR,1
0,3370,3537,0,0,16.2284,10.6103,4.0709,0.0,0.0,1839,1078,0,0,5.38,15.47,0.0,0.0,226,0.0,0.0,0.0,one,SR,1
0,3026,5155,0,0,15.9846,11.2247,3.4534,0.0,0.0,1112,851,0,0,-0.08,13.06,0.0,0.0,37,0.0,0.0,0.0,one,SR,1
0,3924,6615,0,0,16.0659,10.9229,3.7294,0.0,0.0,1190,952,0,0,-0.23,14.14,0.0,0.0,123,0.0,0.0,0.0,one,SR,1
0,472,7264,0,0,16.2385,10.4833,4.1676,0.0,0.0,3098,1116,0,0,18.24,15.88,0.0,0.0,260,0.0,0.0,0.0,one,SR,1
0,3779,8671,0,0,16.1785,10.6204,4.0278,0.0,0.0,1507,1062,0,0,2.05,15.3,0.0,0.0,215,0.0,0.0,0.0,one,SR,1
0,573,1778,0,0,15.9578,10.9819,3.6101,0.0,0.0,1576,907,0,0,4.26,13.66,0.0,0.0,90,0.0,0.0,0.0,one,SR,1
0,1244,2370,0,0,16.0951,10.5858,3.9928,0.0,0.0,1719,1049,0,0,4.4,15.16,0.0,0.0,209,0.0,0.0,0.0,one,SR,1
0,4785,9426,0,0,16.1923,10.3376,4.2407,0.0,0.0,1820,1141,0,0,4.58,16.14,0.0,0.0,286,0.0,0.0,0.0,one,SR,1
0,1974,9196,0,0,16.0955,10.4191,4.1132,0.0,0.0,1654,1093,0,0,3.3,15.63,0.0,0.0,249,0.0,0.0,0.0,one,SR,1
0,1290,4917,0,0,15.8612,10.8966,3.6009,0.0,0.0,1255,905,0,0,0.9,13.64,0.0,0.0,94,0.0,0.0,0.0,one,SR,1
0,3485,4437,0,0,15.7456,11.0514,3.4068,0.0,0.0,1126,833,0,0,0.24,12.87,0.0,0.0,37,0.0,0.0,0.0,one,SR,1
0,3611,4958,0,0,15.6922,11.1126,3.3241,0.0,0.0,1367,803,0,0,3.05,12.56,0.0,0.0,13,0.0,0.0,0.0,one,SR,1
0,190,3219,0,0,15.717,11.0227,3.4079,0.0,0.0,1918,832,0,0,8.56,12.86,0.0,0.0,38,0.0,0.0,0.0,one,SR,1
0,4751,77,0,0,15.7973,10.7744,3.6454,0.0,0.0,1597,918,0,0,4.37,13.78,0.0,0.0,111,0.0,0.0,0.0,one,SR,1
0,4825,2749,0,0,15.8238,10.6451,3.7556,0.0,0.0,1322,961,0,0,1.07,14.23,0.0,0.0,148,0.0,0.0,0.0,one,SR,1
0,3988,8540,0,0,15.8449,10.5836,3.8149,0.0,0.0,1286,983,0,0,0.48,14.46,0.0,0.0,166,0.0,0.0,0.0,one,SR,1
0,2080,8017,0,0,15.7843,10.7107,3.6801,0.0,0.0,1914,933,0,0,7.56,13.93,0.0,0.0,125,0.0,0.0,0.0,one,SR,1
0,3976,2741,0,0,15.6473,11.0526,3.3349,0.0,0.0,1394,807,0,0,3.3,12.6,0.0,0.0,20,0.0,0.0,0.0,one,SR,1
0,2269,6151,0,0,15.7883,10.6566,3.7214,0.0,0.0,1228,949,0,0,0.2,14.1,0.0,0.0,139,0.0,0.0,0.0,one,SR,1
0,284,565,0,0,15.7081,10.6909,3.6397,0.0,0.0,1645,918,0,0,4.87,13.78,0.0,0.0,117,0.0,0.0,0.0,one,SR,1
0,3384,6833,0,0,15.5705,10.9645,3.3441,0.0,0.0,1298,809,0,0,2.27,12.62,0.0,0.0,27,0.0,0.0,0.0,one,SR,1
0,298,8810,0,0,15.778,10.4359,3.8723,0.0,0.0,2333,1005,0,0,11.27,14.7,0.0,0.0,191,0.0,0.0,0.0,one,SR,1
0,953,4177,0,0,15.5904,10.9018,3.4033,0.0,0.0,1494,831,0,0,4.12,12.85,0.0,0.0,46,0.0,0.0,0.0,one,SR,1
0,2744,843,0,0,15.5812,10.8512,3.4352,0.0,0.0,1510,840,0,0,4.2,12.95,0.0,0.0,55,0.0,0.0,0.0,one,SR,1
0,2503,1872,0,0,15.5975,10.738,3.5254,0.0,0.0,1366,877,0,0,2.34,13.34,0.0,0.0,87,0.0,0.0,0.0,one,SR,1
0,686,3422,0,0,15.4472,10.9801,3.2454,0.0,0.0,1070,771,0,0,0.24,12.22,0.0,0.0,1,0.0,0.0,0.0,one,SR,1
0,564,6692,0,0,15.6186,10.5319,3.689,0.0,0.0,1448,937,0,0,2.62,13.98,0.0,0.0,140,0.0,0.0,0.0,one,SR,1
0,2775,6162,0,0,15.65,10.3924,3.8122,0.0,0.0,2047,982,0,0,8.48,14.45,0.0,0.0,179,0.0,0.0,0.0,one,SR,1
0,635,3738,0,0,15.4386,10.8851,3.3085,0.0,0.0,1629,793,0,0,5.9,12.45,0.0,0.0,22,0.0,0.0,0.0,one,SR,1
0,4281,886,0,0,15.4457,10.7871,3.3818,0.0,0.0,1070,823,0,0,-0.26,12.77,0.0,0.0,48,0.0,0.0,0.0,one,SR,1
0,4644,1984,0,0,15.5799,10.3899,3.7626,0.0,0.0,1898,965,0,0,7.08,14.27,0.0,0.0,168,0.0,0.0,0.0,one,SR,1
0,2838,8280,0,0,15.5765,10.3094,3.8206,0.0,0.0,1630,983,0,0,4.1,14.46,0.0,0.0,185,0.0,0.0,0.0,one,SR,1
0,4219,4500,0,0,15.3918,10.7783,3.3494,0.0,0.0,1248,811,0,0,1.73,12.64,0.0,0.0,41,0.0,0.0,0.0,one,SR,1
0,4758,6010,0,0,15.4613,10.4291,3.6494,0.0,0.0,1630,923,0,0,4.67,13.83,0.0,0.0,138,0.0,0.0,0.0,one,SR,1
0,1127,5441,0,0,15.3946,10.5801,3.4942,0.0,0.0,1537,864,0,0,4.26,13.2,0.0,0.0,89,0.0,0.0,0.0,one,SR,1
0,1199,6192,0,0,15.2884,10.8402,3.2298,0.0,0.0,1282,768,0,0,2.49,12.18,0.0,0.0,9,0.0,0.0,0.0,one,SR,1
0,2024,6245,0,0,15.3,10.8029,3.2648,0.0,0.0,1361,781,0,0,3.2,12.32,0.0,0.0,20,0.0,0.0,0.0,one,SR,1
0,3327,4668,0,0,15.3134,10.7524,3.3128,0.0,0.0,1386,796,0,0,3.32,12.48,0.0,0.0,33,0.0,0.0,0.0,one,SR,1
0,1376,1167,0,0,15.4368,10.3426,3.6944,0.0,0.0,1224,939,0,0,0.25,14.0,0.0,0.0,154,0.0,0.0,0.0,one,SR,1
0,662,1442,0,0,15.2419,10.7881,3.2344,0.0,0.0,1169,769,0,0,1.3,12.2,0.0,0.0,13,0.0,0.0,0.0,one,SR,1
0,3377,5506,0,0,15.3466,10.4702,3.537,0.0,0.0,1347,882,0,0,2.09,13.39,0.0,0.0,108,0.0,0.0,0.0,one,SR,1
0,621,8449,0,0,15.2338,10.7048,3.2883,0.0,0.0,1625,789,0,0,5.9,12.41,0.0,0.0,32,0.0,0.0,0.0,one,SR,1
0,4738,1430,0,0,15.1913,10.7843,3.2012,0.0,0.0,1183,756,0,0,1.57,12.06,0.0,0.0,5,0.0,0.0,0.0,one,SR,1
0,1436,86,0,0,15.2524,10.6032,3.3756,0.0,0.0,1370,820,0,0,2.92,12.74,0.0,0.0,59,0.0,0.0,0.0,one,SR,1
0,2985,1008,0,0,15.1825,10.6234,3.3109,0.0,0.0,1197,796,0,0,1.34,12.48,0.0,0.0,42,0.0,0.0,0.0,one,SR,1
0,727,9750,0,0,15.1619,10.6423,3.2821,0.0,0.0,1450,786,0,0,4.09,12.38,0.0,0.0,34,0.0,0.0,0.0,one,SR,1
0,3159,9916,0,0,15.1853,10.5699,3.3513,0.0,0.0,1273,811,0,0,1.99,12.64,0.0,0.0,55,0.0,0.0,0.0,one,SR,1
0,1608,2957,0,0,15.4257,9.9127,3.9966,0.0,0.0,1850,1049,0,0,5.78,15.16,0.0,0.0,255,0.0,0.0,0.0,one,SR,1
0,503,7085,0,0,15.3112,10.1493,3.7451,0.0,0.0,1798,955,0,0,6.13,14.17,0.0,0.0,178,0.0,0.0,0.0,one,SR,1
0,4330,7490,0,0,15.1705,10.4574,3.4214,0.0,0.0,1546,837,0,0,4.61,12.92,0.0,0.0,80,0.0,0.0,0.0,one,SR,1
0,4001,9075,0,0,15.0597,10.6076,3.2347,0.0,0.0,1102,767,0,0,0.61,12.17,0.0,0.0,24,0.0,0.0,0.0,one,SR,1
0,2205,3289,0,0,15.1336,10.3548,3.4702,0.0,0.0,1172,853,0,0,0.53,13.09,0.0,0.0,97,0.0,0.0,0.0,one,SR,1
0,3945,4401,0,0,15.7442,8.8021,5.0191,0.0,0.0,3537,1432,0,0,19.83,19.23,0.0,0.0,580,0.0,0.0,0.0,one,SR,1
0,4912,2609,0,0,15.1024,10.3593,3.443,0.0,0.0,1371,845,0,0,2.69,13.0,0.0,0.0,92,0.0,0.0,0.0,one,SR,1
0,2433,3699,0,0,15.1062,10.3387,3.461,0.0,0.0,1491,851,0,0,3.9,13.06,0.0,0.0,97,0.0,0.0,0.0,one,SR,1
0,196,6205,0,0,15.1764,10.1554,3.6435,0.0,0.0,1330,918,0,0,1.57,13.78,0.0,0.0,153,0.0,0.0,0.0,one,SR,1
0,4115,7398,0,0,14.9667,10.5804,3.187,0.0,0.0,1281,750,0,0,2.66,11.99,0.0,0.0,15,0.0,0.0,0.0,one,SR,1
0,2654,9288,0,0,15.1943,9.9404,3.8106,0.0,0.0,1488,980,0,0,2.63,14.43,0.0,0.0,208,0.0,0.0,0.0,one,SR,1
0,862,1965,0,0,14.9946,10.4562,3.2944,0.0,0.0,1706,792,0,0,6.72,12.44,0.0,0.0,51,0.0,0.0,0.0,one,SR,1
0,4606,7803,0,0,15.1973,9.8308,3.8914,0.0,0.0,1785,1010,0,0,5.47,14.75,0.0,0.0,235,0.0,0.0,0.0,one,SR,1
0,213,1968,0,0,15.1146,10.0317,3.6852,0.0,0.0,1526,937,0,0,3.44,13.98,0.0,0.0,174,0.0,0.0,0.0,one,SR,1
0,1305,5145,0,0,14.9721,10.3924,3.3241,0.0,0.0,1403,803,0,0,3.43,12.56,0.0,0.0,62,0.0,0.0,0.0,one,SR,1
0,1503,3994,0,0,15.1319,9.9739,3.7402,0.0,0.0,1570,956,0,0,3.72,14.18,0.0,0.0,190,0.0,0.0,0.0,one,SR,1
0,2784,9082,0,0,15.0907,9.9664,3.7171,0.0,0.0,1669,946,0,0,4.86,14.07,0.0,0.0,184,0.0,0.0,0.0,one,SR,1
0,2101,5041,0,0,14.8964,10.4237,3.25,0.0,0.0,1406,772,0,0,3.76,12.23,0.0,0.0,40,0.0,0.0,0.0,one,SR,1
0,1391,8376,0,0,15.0055,10.1403,3.5322,0.0,0.0,1178,876,0,0,0.37,13.33,0.0,0.0,127,0.0,0.0,0.0,one,SR,1
0,2462,4006,0,0,14.8914,10.4243,3.2454,0.0,0.0,1223,771,0,0,1.85,12.22,0.0,0.0,39,0.0,0.0,0.0,one,SR,1
0,1611,7350,0,0,15.0463,10.014,3.6516,0.0,0.0,2016,921,0,0,8.74,13.81,0.0,0.0,165,0.0,0.0,0.0,one,SR,1
0,398,6409,0,0,14.9646,10.0787,3.5465,0.0,0.0,1927,882,0,0,8.18,13.39,0.0,0.0,135,0.0,0.0,0.0,one,SR,1
0,2054,8589,0,0,14.9717,10.037,3.5815,0.0,0.0,1550,895,0,0,4.1,13.53,0.0,0.0,146,0.0,0.0,0.0,one,SR,1
0,1260,4312,0,0,15.0212,9.8931,3.7209,0.0,0.0,1351,946,0,0,1.52,14.07,0.0,0.0,189,0.0,0.0,0.0,one,SR,1
0,1387,5159,0,0,14.8405,10.2589,3.326,0.0,0.0,1181,803,0,0,1.1,12.56,0.0,0.0,71,0.0,0.0,0.0,one,SR,1
0,2435,1886,0,0,14.8578,10.1954,3.3867,0.0,0.0,1247,822,0,0,1.61,12.76,0.0,0.0,88,0.0,0.0,0.0,one,SR,1
0,1292,2212,0,0,14.7791,10.3721,3.2012,0.0,0.0,1331,756,0,0,3.12,12.06,0.0,0.0,33,0.0,0.0,0.0,one,SR,1
0,653,8650,0,0,14.8522,10.0997,3.4503,0.0,0.0,1533,847,0,0,4.38,13.02,0.0,0.0,111,0.0,0.0,0.0,one,SR,1
0,4243,4031,0,0,14.8784,10.0302,3.5173,0.0,0.0,1298,874,0,0,1.65,13.31,0.0,0.0,133,0.0,0.0,0.0,one,SR,1
0,4155,8825,0,0,14.7635,10.2551,3.2751,0.0,0.0,1291,782,0,0,2.46,12.33,0.0,0.0,58,0.0,0.0,0.0,one,SR,1
0,2143,47,0,0,15.0495,9.4333,4.0679,0.0,0.0,2055,1079,0,0,7.64,15.48,0.0,0.0,307,0.0,0.0,0.0,one,SR,1
0,4479,6156,0,0,14.8153,10.0139,3.4853,0.0,0.0,1362,860,0,0,2.46,13.16,0.0,0.0,125,0.0,0.0,0.0,one,SR,1
0,2923,3856,0,0,14.7554,10.125,3.361,0.0,0.0,1253,816,0,0,1.73,12.69,0.0,0.0,89,0.0,0.0,0.0,one,SR,1
0,1231,7351,0,0,14.6793,10.2987,3.1813,0.0,0.0,1386,750,0,0,3.76,11.99,0.0,0.0,34,0.0,0.0,0.0,one,SR,1
0,2004,7299,0,0,14.6963,10.1935,3.2716,0.0,0.0,1177,780,0,0,1.28,12.31,0.0,0.0,61,0.0,0.0,0.0,one,SR,1
0,2728,5206,0,0,14.6553,10.1582,3.2659,0.0,0.0,1164,780,0,0,1.14,12.31,0.0,0.0,63,0.0,0.0,0.0,one,SR,1
0,3919,9775,0,0,14.6351,10.2094,3.2136,0.0,0.0,2049,762,0,0,10.61,12.12,0.0,0.0,48,0.0,0.0,0.0,one,SR,1
0,2211,731,0,0,14.571,10.2692,3.1258,0.0,0.0,1407,728,0,0,4.19,11.76,0.0,0.0,22,0.0,0.0,0.0,one,SR,1
0,1834,1238,0,0,14.6554,10.0099,3.3729,0.0,0.0,1682,819,0,0,6.21,12.73,0.0,0.0,99,0.0,0.0,0.0,one,SR,1
0,3516,119,0,0,14.5232,10.212,3.1331,0.0,0.0,1257,730,0,0,2.6,11.78,0.0,0.0,27,0.0,0.0,0.0,one,SR,1
0,2995,2471,0,0,14.6545,9.8475,3.4899,0.0,0.0,1541,861,0,0,4.33,13.17,0.0,0.0,137,0.0,0.0,0.0,one,SR,1
0,1114,3012,0,0,14.4941,10.1848,3.1323,0.0,0.0,1284,729,0,0,2.89,11.77,0.0,0.0,28,0.0,0.0,0.0,one,SR,1
0,2079,2612,0,0,14.8093,9.3677,3.9454,0.0,0.0,1820,1030,0,0,5.64,14.96,0.0,0.0,280,0.0,0.0,0.0,one,SR,1
0,3341,1952,0,0,14.5304,9.8568,3.3937,0.0,0.0,1323,826,0,0,2.37,12.8,0.0,0.0,114,0.0,0.0,0.0,one,SR,1
0,907,6508,0,0,14.469,9.9624,3.2743,0.0,0.0,1707,781,0,0,6.83,12.32,0.0,0.0,77,0.0,0.0,0.0,one,SR,1
0,1100,8350,0,0,14.5324,9.7498,3.4729,0.0,0.0,1688,854,0,0,5.94,13.1,0.0,0.0,139,0.0,0.0,0.0,one,SR,1
0,2975,6870,0,0,14.5672,9.5855,3.6158,0.0,0.0,1405,907,0,0,2.46,13.66,0.0,0.0,185,0.0,0.0,0.0,one,SR,1
0,636,5926,0,0,14.6916,9.2744,3.9262,0.0,0.0,1742,1025,0,0,4.87,14.91,0.0,0.0,283,0.0,0.0,0.0,one,SR,1
0,2964,6164,0,0,14.5228,9.6783,3.5157,0.0,0.0,1212,872,0,0,0.77,13.29,0.0,0.0,156,0.0,0.0,0.0,one,SR,1
0,2897,5515,0,0,14.3599,10.0806,3.1107,0.0,0.0,1379,721,0,0,3.96,11.69,0.0,0.0,30,0.0,0.0,0.0,one,SR,1
0,492,9488,0,0,14.5035,9.7059,3.4815,0.0,0.0,1724,860,0,0,6.26,13.16,0.0,0.0,146,0.0,0.0,0.0,one,SR,1
0,2425,6271,0,0,14.3848,9.9966,3.1866,0.0,0.0,1092,752,0,0,0.65,12.01,0.0,0.0,56,0.0,0.0,0.0,one,SR,1
0,4148,162,0,0,14.5836,9.4123,3.7513,0.0,0.0,1511,958,0,0,3.09,14.2,0.0,0.0,230,0.0,0.0,0.0,one,SR,1
0,2750,4660,0,0,14.4966,9.4756,3.6424,0.0,0.0,1436,919,0,0,2.67,13.79,0.0,0.0,200,0.0,0.0,0.0,one,SR,1
0,3134,4896,0,0,14.3869,9.6889,3.4106,0.0,0.0,1506,833,0,0,4.23,12.87,0.0,0.0,130,0.0,0.0,0.0,one,SR,1
0,1474,2777,0,0,14.3878,9.6128,3.4664,0.0,0.0,1607,853,0,0,5.1,13.09,0.0,0.0,148,0.0,0.0,0.0,one,SR,1
0,939,6847,0,0,14.3124,9.6726,3.3672,0.0,0.0,1432,819,0,0,3.58,12.73,0.0,0.0,122,0.0,0.0,0.0,one,SR,1
0,1876,180,0,0,14.2122,9.8352,3.1819,0.0,0.0,1223,746,0,0,2.09,11.95,0.0,0.0,63,0.0,0.0,0.0,one,SR,1
0,1113,8967,0,0,14.1836,9.7635,3.2101,0.0,0.0,1468,760,0,0,4.52,12.1,0.0,0.0,77,0.0,0.0,0.0,one,SR,1
0,2417,2800,0,0,14.3052,9.4495,3.5227,0.0,0.0,1465,876,0,0,3.39,13.33,0.0,0.0,174,0.0,0.0,0.0,one,SR,1
0,4102,3676,0,0,14.2997,9.4496,3.5192,0.0,0.0,1844,874,0,0,7.38,13.31,0.0,0.0,173,0.0,0.0,0.0,one,SR,1
0,678,852,0,0,14.3543,9.2712,3.6885,0.0,0.0,1533,934,0,0,3.55,13.95,0.0,0.0,224,0.0,0.0,0.0,one,SR,1
0,135,7793,0,0,14.3322,9.1197,3.7787,0.0,0.0,2085,971,0,0,8.99,14.34,0.0,0.0,258,0.0,0.0,0.0,one,SR,1
0,4679,7848,0,0,14.0712,9.6192,3.2325,0.0,0.0,1280,769,0,0,2.46,12.2,0.0,0.0,93,0.0,0.0,0.0,one,SR,1
0,4053,153,0,0,14.0833,9.5768,3.2721,0.0,0.0,1546,783,0,0,5.12,12.34,0.0,0.0,105,0.0,0.0,0.0,one,SR,1
0,3300,7758,0,0,14.2724,9.0128,3.8152,0.0,0.0,1693,981,0,0,4.78,14.44,0.0,0.0,272,0.0,0.0,0.0,one,SR,1
0,66,6544,0,0,14.0396,9.5613,3.2535,0.0,0.0,1606,774,0,0,5.84,12.25,0.0,0.0,100,0.0,0.0,0.0,one,SR,1
0,3126,908,0,0,14.1577,9.2231,3.5793,0.0,0.0,1420,897,0,0,2.71,13.55,0.0,0.0,203,0.0,0.0,0.0,one,SR,1
0,2241,3848,0,0,13.9949,9.6217,3.177,0.0,0.0,1317,747,0,0,3.06,11.96,0.0,0.0,78,0.0,0.0,0.0,one,SR,1
0,1977,4662,0,0,14.0711,9.3975,3.3915,0.0,0.0,1264,828,0,0,1.73,12.82,0.0,0.0,146,0.0,0.0,0.0,one,SR,1
0,98,1162,0,0,14.1069,9.3057,3.4831,0.0,0.0,1854,862,0,0,7.6,13.18,0.0,0.0,175,0.0,0.0,0.0,one,SR,1
0,526,3048,0,0,14.0482,9.3857,3.3867,0.0,0.0,1703,822,0,0,6.4,12.76,0.0,0.0,143,0.0,0.0,0.0,one,SR,1
0,3121,4119,0,0,14.0728,9.2432,3.5061,0.0,0.0,1214,867,0,0,0.84,13.23,0.0,0.0,182,0.0,0.0,0.0,one,SR,1
0,4985,1948,0,0,14.1768,8.6808,3.9817,0.0,0.0,2068,1047,0,0,8.08,15.14,0.0,0.0,338,0.0,0.0,0.0,one,SR,1
0,25,7609,0,0,13.9577,9.2014,3.453,0.0,0.0,1407,848,0,0,3.04,13.03,0.0,0.0,173,0.0,0.0,0.0,one,SR,1
0,2732,9708,0,0,13.9477,9.1764,3.4637,0.0,0.0,1541,852,0,0,4.41,13.08,0.0,0.0,177,0.0,0.0,0.0,one,SR,1
0,4487,6402,0,0,13.8735,9.258,3.3525,0.0,0.0,1179,810,0,0,1.01,12.63,0.0,0.0,144,0.0,0.0,0.0,one,SR,1
0,4624,942,0,0,13.8847,9.2355,3.3745,0.0,0.0,1453,821,0,0,3.78,12.75,0.0,0.0,153,0.0,0.0,0.0,one,SR,1
0,1044,8485,0,0,13.8045,9.4106,3.1934,0.0,0.0,1256,751,0,0,2.38,12.0,0.0,0.0,95,0.0,0.0,0.0,one,SR,1
0,2833,7217,0,0,13.8157,9.3881,3.2155,0.0,0.0,1556,762,0,0,5.43,12.12,0.0,0.0,104,0.0,0.0,0.0,one,SR,1
0,109,2246,0,0,13.8016,9.3477,3.2344,0.0,0.0,1251,769,0,0,2.16,12.2,0.0,0.0,111,0.0,0.0,0.0,one,SR,1
0,87,6333,0,0,13.751,9.4267,3.1408,0.0,0.0,1242,735,0,0,2.39,11.83,0.0,0.0,84,0.0,0.0,0.0,one,SR,1
0,803,5147,0,0,13.8002,9.2674,3.2921,0.0,0.0,1169,789,0,0,1.11,12.41,0.0,0.0,130,0.0,0.0,0.0,one,SR,1
0,275,2627,0,0,14.006,8.6676,3.8718,0.0,0.0,1891,1002,0,0,6.66,14.67,0.0,0.0,309,0.0,0.0,0.0,one,SR,1
0,2274,2542,0,0,13.7067,9.1889,3.2824,0.0,0.0,1226,784,0,0,1.75,12.35,0.0,0.0,132,0.0,0.0,0.0,one,SR,1
0,947,5027,0,0,13.6511,9.2911,3.167,0.0,0.0,1412,744,0,0,4.09,11.93,0.0,0.0,99,0.0,0.0,0.0,one,SR,1
0,2311,8146,0,0,13.89,8.6587,3.7944,0.0,0.0,1886,974,0,0,6.87,14.37,0.0,0.0,292,0.0,0.0,0.0,one,SR,1
0,516,8047,0,0,13.6817,9.1733,3.274,0.0,0.0,1273,783,0,0,2.26,12.34,0.0,0.0,132,0.0,0.0,0.0,one,SR,1
0,838,183,0,0,13.7168,8.7276,3.6212,0.0,0.0,1709,909,0,0,5.63,13.68,0.0,0.0,245,0.0,0.0,0.0,one,SR,1
0,3928,8213,0,0,13.8234,8.3762,3.9466,0.0,0.0,3286,1034,0,0,21.0,15.01,0.0,0.0,350,0.0,0.0,0.0,one,SR,1
0,2938,1837,0,0,13.7835,8.4696,3.8515,0.0,0.0,2205,998,0,0,9.99,14.62,0.0,0.0,320,0.0,0.0,0.0,one,SR,1
0,1358,1652,0,0,13.593,8.9268,3.3883,0.0,0.0,1503,824,0,0,4.28,12.78,0.0,0.0,176,0.0,0.0,0.0,one,SR,1
0,3308,3473,0,0,13.5689,8.8821,3.4037,0.0,0.0,1472,829,0,0,3.91,12.83,0.0,0.0,182,0.0,0.0,0.0,one,SR,1
0,1098,2309,0,0,13.5292,8.9588,3.3201,0.0,0.0,1272,798,0,0,2.1,12.5,0.0,0.0,157,0.0,0.0,0.0,one,SR,1
0,3717,6857,0,0,13.6373,8.5824,3.6678,0.0,0.0,1598,927,0,0,4.3,13.87,0.0,0.0,266,0.0,0.0,0.0,one,SR,1
0,3878,2447,0,0,13.4325,9.0331,3.1958,0.0,0.0,1567,754,0,0,5.62,12.04,0.0,0.0,123,0.0,0.0,0.0,one,SR,1
0,1334,1087,0,0,13.4104,9.0411,3.1732,0.0,0.0,1394,747,0,0,3.87,11.96,0.0,0.0,118,0.0,0.0,0.0,one,SR,1
0,1188,2911,0,0,13.4548,8.9014,3.3052,0.0,0.0,1594,796,0,0,5.5,12.48,0.0,0.0,159,0.0,0.0,0.0,one,SR,1
0,485,7746,0,0,13.3673,8.9415,3.2147,0.0,0.0,1303,761,0,0,2.78,12.11,0.0,0.0,134,0.0,0.0,0.0,one,SR,1
0,2415,8539,0,0,13.3353,9.0034,3.1473,0.0,0.0,1535,736,0,0,5.46,11.85,0.0,0.0,113,0.0,0.0,0.0,one,SR,1
0,4173,2629,0,0,13.293,8.9742,3.1384,0.0,0.0,1247,732,0,0,2.47,11.8,0.0,0.0,113,0.0,0.0,0.0,one,SR,1
0,3295,9235,0,0,13.2264,8.8963,3.1476,0.0,0.0,1268,734,0,0,2.67,11.82,0.0,0.0,119,0.0,0.0,0.0,one,SR,1
0,1193,2835,0,0,13.3074,8.6189,3.4022,0.0,0.0,1469,832,0,0,3.85,12.86,0.0,0.0,202,0.0,0.0,0.0,one,SR,1
0,3058,6744,0,0,13.2265,8.8139,3.2058,0.0,0.0,1199,757,0,0,1.73,12.07,0.0,0.0,140,0.0,0.0,0.0,one,SR,1
0,2061,8293,0,0,13.3945,8.3566,3.6551,0.0,0.0,1864,923,0,0,7.13,13.83,0.0,0.0,279,0.0,0.0,0.0,one,SR,1
0,4947,4124,0,0,13.1357,8.6687,3.2432,0.0,0.0,1431,773,0,0,4.01,12.24,0.0,0.0,160,0.0,0.0,0.0,one,SR,1
0,424,6015,0,0,13.1797,8.4422,3.4395,0.0,0.0,1444,843,0,0,3.48,12.98,0.0,0.0,221,0.0,0.0,0.0,one,SR,1
0,1942,469,0,0,13.1061,8.5489,3.3101,0.0,0.0,1706,795,0,0,6.69,12.47,0.0,0.0,183,0.0,0.0,0.0,one,SR,1
0,2086,3876,0,0,13.1443,8.3975,3.4457,0.0,0.0,1437,846,0,0,3.38,13.01,0.0,0.0,226,0.0,0.0,0.0,one,SR,1
0,415,2181,0,0,13.0031,8.6751,3.1435,0.0,0.0,1380,736,0,0,3.83,11.85,0.0,0.0,136,0.0,0.0,0.0,one,SR,1
0,3786,9564,0,0,12.9721,8.5688,3.2007,0.0,0.0,1440,753,0,0,4.3,12.03,0.0,0.0,154,0.0,0.0,0.0,one,SR,1
0,4030,1181,0,0,13.0308,8.3496,3.4002,0.0,0.0,1433,827,0,0,3.52,12.81,0.0,0.0,217,0.0,0.0,0.0,one,SR,1
0,2539,9293,0,0,12.9325,8.5761,3.1665,0.0,0.0,1349,741,0,0,3.46,11.9,0.0,0.0,146,0.0,0.0,0.0,one,SR,1
0,3418,5785,0,0,13.0167,8.3525,3.3875,0.0,0.0,1465,823,0,0,3.89,12.77,0.0,0.0,214,0.0,0.0,0.0,one,SR,1
0,908,7373,0,0,12.8709,8.4546,3.2074,0.0,0.0,1287,759,0,0,2.63,12.09,0.0,0.0,166,0.0,0.0,0.0,one,SR,1
0,4360,9376,0,0,12.8522,8.325,3.2897,0.0,0.0,1340,786,0,0,2.93,12.38,0.0,0.0,192,0.0,0.0,0.0,one,SR,1
0,2733,9434,0,0,12.81,8.3767,3.2223,0.0,0.0,1252,761,0,0,2.25,12.11,0.0,0.0,172,0.0,0.0,0.0,one,SR,1
0,1451,9278,0,0,12.8756,8.0048,3.5335,0.0,0.0,1688,880,0,0,5.69,13.37,0.0,0.0,275,0.0,0.0,0.0,one,SR,1
0,1562,8256,0,0,12.7414,8.2706,3.2459,0.0,0.0,1264,774,0,0,2.25,12.25,0.0,0.0,188,0.0,0.0,0.0,one,SR,1
0,834,6738,0,0,12.6493,8.3455,3.1288,0.0,0.0,1394,727,0,0,4.06,11.75,0.0,0.0,152,0.0,0.0,0.0,one,SR,1
0,2650,8529,0,0,12.7808,7.9175,3.5292,0.0,0.0,1915,877,0,0,8.1,13.34,0.0,0.0,279,0.0,0.0,0.0,one,SR,1
0,1916,3458,0,0,12.608,8.3024,3.1296,0.0,0.0,1210,728,0,0,2.12,11.76,0.0,0.0,156,0.0,0.0,0.0,one,SR,1
0,3599,5575,0,0,12.7102,7.6892,3.6424,0.0,0.0,2178,919,0,0,10.46,13.79,0.0,0.0,322,0.0,0.0,0.0,one,SR,1
0,102,7288,0,0,12.5593,8.0002,3.312,0.0,0.0,1455,795,0,0,4.05,12.47,0.0,0.0,220,0.0,0.0,0.0,one,SR,1
0,2872,196,0,0,12.4699,8.1118,3.1651,0.0,0.0,1479,744,0,0,4.79,11.93,0.0,0.0,179,0.0,0.0,0.0,one,SR,1
0,1673,2341,0,0,12.4508,7.8786,3.3209,0.0,0.0,1397,799,0,0,3.41,12.51,0.0,0.0,231,0.0,0.0,0.0,one,SR,1
0,4524,7992,0,0,12.4183,7.9588,3.2378,0.0,0.0,1505,771,0,0,4.81,12.22,0.0,0.0,207,0.0,0.0,0.0,one,SR,1
0,318,9977,0,0,12.4304,7.8506,3.3263,0.0,0.0,1436,801,0,0,3.8,12.53,0.0,0.0,234,0.0,0.0,0.0,one,SR,1
0,3994,450,0,0,12.3558,7.9996,3.1643,0.0,0.0,1808,743,0,0,8.26,11.92,0.0,0.0,186,0.0,0.0,0.0,one,SR,1
0,1893,83,0,0,12.3785,7.8475,3.2924,0.0,0.0,1828,787,0,0,8.05,12.39,0.0,0.0,225,0.0,0.0,0.0,one,SR,1
0,2881,5123,0,0,12.2908,8.0228,3.1015,0.0,0.0,1593,719,0,0,6.23,11.66,0.0,0.0,169,0.0,0.0,0.0,one,SR,1
0,688,244,0,0,12.2921,7.8664,3.2147,0.0,0.0,1594,761,0,0,5.84,12.11,0.0,0.0,207,0.0,0.0,0.0,one,SR,1
0,825,3337,0,0,12.1887,7.8156,3.1759,0.0,0.0,1373,748,0,0,3.64,11.97,0.0,0.0,202,0.0,0.0,0.0,one,SR,1
0,3328,4052,0,0,12.2551,7.4575,3.4837,0.0,0.0,2031,858,0,0,9.5,13.14,0.0,0.0,298,0.0,0.0,0.0,one,SR,1
0,4720,7884,0,0,12.0657,7.8014,3.0999,0.0,0.0,1584,717,0,0,6.15,11.64,0.0,0.0,183,0.0,0.0,0.0,one,SR,1
0,4153,1955,0,0,12.0921,7.6888,3.2007,0.0,0.0,1297,753,0,0,2.8,12.03,0.0,0.0,214,0.0,0.0,0.0,one,SR,1
0,3093,9340,0,0,12.0611,7.5658,3.2651,0.0,0.0,1531,779,0,0,5.0,12.3,0.0,0.0,239,0.0,0.0,0.0,one,SR,1
0,2023,475,0,0,12.0519,7.4064,3.3729,0.0,0.0,1682,819,0,0,6.21,12.73,0.0,0.0,276,0.0,0.0,0.0,one,SR,1
0,1052,2605,0,0,11.8754,7.4872,3.1889,0.0,0.0,1732,750,0,0,7.39,11.99,0.0,0.0,226,0.0,0.0,0.0,one,SR,1
0,1486,3281,0,0,11.864,7.4777,3.1881,0.0,0.0,1987,749,0,0,10.08,11.98,0.0,0.0,226,0.0,0.0,0.0,one,SR,1
0,4858,2011,0,0,11.8147,7.5505,3.0977,0.0,0.0,1651,719,0,0,6.84,11.66,0.0,0.0,201,0.0,0.0,0.0,one,SR,1
0,146,4066,0,0,11.7589,7.3895,3.1754,0.0,0.0,1607,745,0,0,6.13,11.94,0.0,0.0,229,0.0,0.0,0.0,one,SR,1
0,569,5894,0,0,11.7359,7.4341,3.1258,0.0,0.0,1452,728,0,0,4.66,11.76,0.0,0.0,215,0.0,0.0,0.0,one,SR,1
0,776,2132,0,0,11.5542,7.2711,3.1134,0.0,0.0,1589,722,0,0,6.16,11.7,0.0,0.0,222,0.0,0.0,0.0,one,SR,1
0,4874,5360,0,0,11.5141,7.2235,3.1199,0.0,0.0,1644,723,0,0,6.73,11.71,0.0,0.0,226,0.0,0.0,0.0,one,SR,1
0,725,640,0,0,11.1994,6.9295,3.1045,0.0,0.0,1600,718,0,0,6.31,11.65,0.0,0.0,243,0.0,0.0,0.0,one,SR,1
0,1690,8122,0,0,10.6955,6.1121,3.3268,0.0,0.0,2783,804,0,0,17.91,12.57,0.0,0.0,355,0.0,0.0,0.0,one,SR,1
0,3830,5195,0,0,10.578,6.1935,3.1851,0.0,0.0,1900,750,0,0,9.16,11.99,0.0,0.0,314,0.0,0.0,0.0,one,SR,1
0,4990,3505,0,0,8.808,4.3334,3.2508,0.0,0.0,3156,773,0,0,22.12,12.24,0.0,0.0,456,0.0,0.0,0.0,one,SR,1
0,2743,5251,2064,0,82.8531,49.1231,17.9826,10.0859,0.0,4300,3856,1758,0,-5.8,38.11,18.5,0.0,125,23.0,0.0,0.0,many,SR,2
0,1128,6040,6039,0,65.7547,38.7673,11.3353,11.3353,0.0,2577,2084,2084,0,-11.79,21.58,21.58,0.0,6,0.0,0.0,0.0,many,SR,2
0,796,4163,4099,0,76.4355,45.352,9.5529,16.3566,0.0,3549,1745,3393,0,-9.3,17.81,33.93,0.0,83,60.0,3.0,0.0,many,SR,2
0,1570,9294,4455,3064,67.2262,38.351,6.59,8.7222,9.0039,1859,964,1662,1859,-21.51,11.44,16.42,17.73,183,0.0,124.0,183.0,many,SR,3
0,2870,9095,2970,0,48.7201,27.1838,9.362,8.8167,0.0,2341,1569,1726,0,-5.64,16.72,16.86,0.0,207,0.0,142.0,0.0,many,SR,2
0,4346,2475,988,0,42.5762,23.8144,8.1933,7.7781,0.0,1621,1320,1211,0,-8.09,14.36,13.54,0.0,89,12.0,0.0,0.0,many,SR,2
0,2816,7338,1637,0,51.7627,27.5065,12.0967,8.3416,0.0,3283,2288,1366,0,0.11,23.48,14.7,0.0,468,3.0,19.0,0.0,many,SR,2
0,4196,8576,2021,0,48.4069,27.9467,10.0706,7.2652,0.0,1780,1780,1106,0,-9.43,18.6,12.65,0.0,12,12.0,0.0,0.0,many,SR,2
0,974,8683,4378,0,40.2593,21.7974,6.3675,9.2726,0.0,1775,918,1681,0,-6.76,11.05,17.17,0.0,246,0.0,64.0,0.0,many,SR,2
0,844,7104,2020,0,50.2204,29.1524,5.69,12.017,0.0,2593,897,2270,0,-3.02,10.32,23.29,0.0,75,65.0,5.0,0.0,many,SR,2
0,4630,9368,4122,0,33.2818,17.8169,6.7211,6.4432,0.0,1506,1031,933,0,-4.89,11.83,11.18,0.0,197,21.0,0.0,0.0,many,SR,2
0,4024,2080,1479,0,32.9918,17.7516,6.6456,6.1682,0.0,1790,1410,956,0,-3.04,13.26,11.01,0.0,279,232.0,43.0,0.0,many,SR,2
0,3243,7513,5371,0,36.922,20.3414,7.252,6.8095,0.0,1755,1172,1129,0,-4.24,12.89,12.3,0.0,159,37.0,64.0,0.0,many,SR,2
0,2718,5229,3226,0,42.6973,24.1794,5.8004,9.873,0.0,2022,861,1738,0,-4.37,10.28,18.16,0.0,97,33.0,16.0,0.0,many,SR,2
0,2011,6575,6574,0,50.9163,29.3127,9.1735,9.1735,0.0,2016,1523,1523,0,-8.14,16.28,16.28,0.0,0,0.0,0.0,0.0,many,SR,2
0,441,6398,2157,0,40.953,22.1617,6.9914,8.9327,0.0,2190,1176,1525,0,-2.81,12.66,16.01,0.0,249,68.0,31.0,0.0,many,SR,2
0,807,9945,9555,0,38.3206,21.3839,7.1094,7.2938,0.0,1935,1146,1110,0,-2.48,12.66,12.68,0.0,97,39.0,0.0,0.0,many,SR,2
0,961,5747,0,0,28.2307,20.1242,5.6801,0.0,0.0,2221,1860,0,0,1.48,24.26,0.0,0.0,117,0.0,0.0,0.0,one,SR,1
0,4271,8507,3753,0,27.5453,14.8735,4.8976,5.8113,0.0,1507,897,802,0,-1.84,9.57,10.06,0.0,191,153.0,0.0,0.0,many,SR,2
0,3191,6350,5628,0,34.6428,19.3941,7.5169,5.4142,0.0,1345,1345,718,0,-6.74,13.83,9.35,0.0,100,100.0,0.0,0.0,many,SR,2
0,4629,9333,8511,0,39.1353,22.2581,8.1976,6.1613,0.0,1352,1352,875,0,-8.47,14.5,10.68,0.0,28,28.0,0.0,0.0,many,SR,2
0,60,2827,108,0,42.6608,24.3814,7.7849,7.7788,0.0,1221,1214,1221,0,-11.62,13.57,13.59,0.0,4,0.0,4.0,0.0,many,SR,2
0,2845,2297,0,0,26.8051,18.5908,5.7421,0.0,0.0,2502,1899,0,0,4.02,24.72,0.0,0.0,250,0.0,0.0,0.0,one,SR,1
0,786,9392,0,0,26.5676,18.513,5.6482,0.0,0.0,1986,1843,0,0,-0.8,24.06,0.0,0.0,215,0.0,0.0,0.0,one,SR,1
0,3373,9423,0,0,25.4906,17.5118,5.6077,0.0,0.0,1976,1813,0,0,-0.59,23.71,0.0,0.0,261,0.0,0.0,0.0,one,SR,1
0,3753,7967,0,0,24.3497,16.9567,5.2747,0.0,0.0,1902,1598,0,0,0.91,21.18,0.0,0.0,144,0.0,0.0,0.0,one,SR,1
0,4663,7379,6393,0,38.4514,21.9101,7.2302,6.8557,0.0,1360,1111,1021,0,-7.82,12.63,11.92,0.0,13,7.0,0.0,0.0,many,SR,2
0,4202,1841,0,0,22.8898,15.7992,5.1041,0.0,0.0,1983,1486,0,0,2.94,19.87,0.0,0.0,142,0.0,0.0,0.0,one,SR,1
0,2412,1520,0,0,23.0177,15.4754,5.3594,0.0,0.0,1795,1653,0,0,-0.8,21.83,0.0,0.0,285,0.0,0.0,0.0,one,SR,1
0,161,4449,2692,0,51.8731,29.559,8.5885,10.2898,0.0,2074,1380,1888,0,-9.15,14.98,19.38,0.0,93,0.0,37.0,0.0,many,SR,2
0,3946,7059,3719,0,37.9861,19.7145,7.7801,7.7801,0.0,2609,1213,1213,0,2.99,13.56,13.56,0.0,320,0.0,0.0,0.0,many,SR,2
0,917,7827,5859,0,63.4938,35.5358,15.0932,8.3222,0.0,3253,3058,1353,0,-6.73,30.8,14.63,0.0,365,-1.0,14.0,0.0,many,SR,2
0,2681,6490,6489,0,35.5498,20.2364,6.5247,6.5247,0.0,2438,950,950,0,5.22,11.32,11.32,0.0,10,0.0,0.0,0.0,many,SR,2
0,2041,605,0,0,21.4074,15.2466,4.4587,0.0,0.0,1269,1224,0,0,-1.99,17.02,0.0,0.0,5,0.0,0.0,0.0,one,SR,1
0,2019,7934,6063,0,47.5525,25.9941,7.4828,10.5736,0.0,2838,1151,2350,0,-1.72,13.03,21.99,0.0,377,0.0,223.0,0.0,many,SR,2
0,3991,7777,0,0,21.0169,14.0595,5.0261,0.0,0.0,1706,1439,0,0,0.53,19.31,0.0,0.0,227,0.0,0.0,0.0,one,SR,1
0,1209,3086,1868,0,33.3065,18.66,6.0663,6.3969,0.0,1123,854,981,0,-7.86,10.5,11.33,0.0,68,0.0,30.0,0.0,many,SR,2
0,912,7438,0,0,20.0193,13.4716,4.7396,0.0,0.0,1543,1324,0,0,-0.07,18.08,0.0,0.0,191,0.0,0.0,0.0,one,SR,1
0,5,6140,0,0,19.2324,12.7374,4.6985,0.0,0.0,1731,1313,0,0,2.01,17.96,0.0,0.0,234,0.0,0.0,0.0,one,SR,1
0,2385,6124,1468,0,49.6238,26.9214,9.6162,9.6162,0.0,1948,1636,1636,0,-10.78,17.35,17.35,0.0,294,0.0,0.0,0.0,many,SR,2
0,4157,4242,0,0,18.6654,12.4952,4.466,0.0,0.0,1689,1226,0,0,2.4,17.04,0.0,0.0,194,0.0,0.0,0.0,one,SR,1
0,858,5244,0,0,18.0908,11.9882,4.4186,0.0,0.0,1352,1207,0,0,-0.96,16.84,0.0,0.0,216,0.0,0.0,0.0,one,SR,1
0,1644,8429,0,0,17.76,12.6001,3.741,0.0,0.0,1097,957,0,0,-1.25,14.19,0.0,0.0,12,0.0,0.0,0.0,one,SR,1
0,764,8730,0,0,17.76,12.5306,3.7903,0.0,0.0,1830,976,0,0,6.26,14.39,0.0,0.0,29,0.0,0.0,0.0,one,SR,1
0,1584,8583,0,0,17.6727,12.1597,3.9966,0.0,0.0,1187,1049,0,0,-1.18,15.16,0.0,0.0,102,0.0,0.0,0.0,one,SR,1
0,315,167,0,0,17.2209,11.229,4.3407,0.0,0.0,1680,1176,0,0,2.78,16.51,0.0,0.0,248,0.0,0.0,0.0,one,SR,1
0,1702,9120,0,0,17.1289,11.4451,4.1175,0.0,0.0,1338,1096,0,0,-0.05,15.66,0.0,0.0,181,0.0,0.0,0.0,one,SR,1
0,2279,3877,3279,0,52.4676,30.2638,9.416,9.416,0.0,2285,1584,1584,0,-6.35,16.86,16.86,0.0,6,0.0,0.0,0.0,many,SR,2
0,3869,1885,0,0,16.6707,11.783,3.5462,0.0,0.0,1198,884,0,0,0.51,13.41,0.0,0.0,20,0.0,0.0,0.0,one,SR,1
0,1936,5468,0,0,16.8908,10.9948,4.2692,0.0,0.0,1512,1153,0,0,1.24,16.27,0.0,0.0,249,0.0,0.0,0.0,one,SR,1
0,4561,7921,3589,0,47.2021,25.6388,9.1581,9.1581,0.0,1717,1518,1518,0,-11.19,16.24,16.24,0.0,245,0.0,0.0,0.0,many,SR,2
0,330,241,0,0,16.2665,11.069,3.768,0.0,0.0,1206,967,0,0,-0.2,14.3,0.0,0.0,123,0.0,0.0,0.0,one,SR,1
0,1729,1733,0,0,15.864,11.2336,3.361,0.0,0.0,1410,816,0,0,3.38,12.69,0.0,0.0,13,0.0,0.0,0.0,one,SR,1
0,2168,3296,0,0,16.0456,10.3993,4.0906,0.0,0.0,1645,1086,0,0,3.27,15.56,0.0,0.0,246,0.0,0.0,0.0,one,SR,1
0,4288,3331,0,0,15.7476,10.4525,3.8391,0.0,0.0,1776,992,0,0,5.54,14.56,0.0,0.0,181,0.0,0.0,0.0,one,SR,1
0,4997,5474,0,0,15.3282,10.6282,3.4136,0.0,0.0,1238,832,0,0,1.42,12.86,0.0,0.0,65,0.0,0.0,0.0,one,SR,1
0,1061,2139,0,0,14.7954,10.3941,3.1977,0.0,0.0,1852,754,0,0,8.61,12.04,0.0,0.0,30,0.0,0.0,0.0,one,SR,1
0,4677,9593,461,0,31.635,16.6476,5.9973,6.7644,0.0,1743,840,1030,0,-1.73,10.38,11.87,0.0,231,0.0,15.0,0.0,many,SR,2
0,2471,9306,0,0,14.099,9.5344,3.3133,0.0,0.0,1223,799,0,0,1.58,12.51,0.0,0.0,118,0.0,0.0,0.0,one,SR,1
0,1527,7811,2645,0,49.4131,28.0587,8.9787,9.1003,0.0,1673,1649,1503,0,-11.91,16.66,16.09,0.0,97,86.0,0.0,0.0,many,SR,2
0,2356,7126,0,0,32.3017,23.1824,6.2519,0.0,0.0,2903,2235,0,0,4.68,28.67,0.0,0.0,179,0.0,0.0,0.0,one,SR,1
0,2919,7923,0,0,45.6262,33.6918,7.8522,0.0,0.0,3966,3268,0,0,4.9,40.82,0.0,0.0,208,0.0,0.0,0.0,one,SR,1
0,123,6128,0,0,34.6859,25.4523,6.3192,0.0,0.0,3116,2275,0,0,6.49,29.14,0.0,0.0,53,0.0,0.0,0.0,one,SR,1
0,1352,4352,0,0,33.179,22.7466,7.0006,0.0,0.0,3394,2715,0,0,4.75,34.32,0.0,0.0,555,0.0,0.0,0.0,one,SR,1
0,1715,7401,0,0,12.7936,8.3584,3.2231,0.0,0.0,1459,762,0,0,4.41,12.12,0.0,0.0,174,0.0,0.0,0.0,one,SR,1
0,3351,3615,0,0,12.6601,8.2944,3.1738,0.0,0.0,1229,743,0,0,2.18,11.92,0.0,0.0,166,0.0,0.0,0.0,one,SR,1
0,1744,193,0,0,19.5965,12.2155,5.2663,0.0,0.0,3165,1595,0,0,14.2,21.15,0.0,0.0,465,0.0,0.0,0.0,one,SR,1
0,305,9583,0,0,12.506,8.2342,3.1053,0.0,0.0,1223,719,0,0,2.34,11.66,0.0,0.0,155,0.0,0.0,0.0,one,SR,1
0,4554,9191,6479,0,38.1884,21.8246,7.837,6.1038,0.0,1223,1223,863,0,-8.97,13.65,10.58,0.0,-1,-1.0,0.0,0.0,many,SR,2
0,2193,4220,0,0,31.1794,22.357,6.0844,0.0,0.0,2712,2125,0,0,3.83,27.38,0.0,0.0,156,0.0,0.0,0.0,one,SR,1
0,1614,6821,1122,0,69.0768,40.3164,12.9128,11.1697,0.0,2996,2524,2041,0,-10.64,25.6,21.18,0.0,122,15.0,0.0,0.0,many,SR,2
0,112,6572,0,0,39.3669,28.7384,7.1085,0.0,0.0,3346,2790,0,0,3.45,35.2,0.0,0.0,201,0.0,0.0,0.0,one,SR,1
0,2939,6070,2131,0,40.8161,22.8919,5.9475,9.2703,0.0,1942,873,1566,0,-3.97,10.47,16.59,0.0,100,23.0,10.0,0.0,many,SR,2
0,4974,7650,3435,0,33.7267,19.005,6.269,6.2764,0.0,1370,900,899,0,-5.2,10.88,10.89,0.0,40,2.0,0.0,0.0,many,SR,2
0,3004,8453,0,0,29.455,20.2956,6.278,0.0,0.0,2675,2247,0,0,2.15,28.81,0.0,0.0,385,0.0,0.0,0.0,one,SR,1
0,742,4672,0,0,43.841,32.0628,7.7596,0.0,0.0,3896,3214,0,0,4.74,40.19,0.0,0.0,280,0.0,0.0,0.0,one,SR,1
0,2623,91,0,0,33.0992,24.0728,6.2025,0.0,0.0,3039,2198,0,0,6.49,28.24,0.0,0.0,92,0.0,0.0,0.0,one,SR,1
0,4608,8738,0,0,31.2771,22.4778,6.0754,0.0,0.0,2467,2113,0,0,1.39,27.24,0.0,0.0,139,0.0,0.0,0.0,one,SR,1
0,1247,8917,0,0,26.8577,18.7773,5.667,0.0,0.0,2504,1849,0,0,4.57,24.13,0.0,0.0,201,0.0,0.0,0.0,one,SR,1
0,2234,8102,0,0,33.5669,24.1905,6.3986,0.0,0.0,2707,2329,0,0,1.62,29.78,0.0,0.0,178,0.0,0.0,0.0,one,SR,1
0,1531,4746,0,0,27.5597,19.6151,5.59,0.0,0.0,1975,1799,0,0,-0.45,23.55,0.0,0.0,108,0.0,0.0,0.0,one,SR,1
0,2488,9335,7371,0,51.6512,29.6822,9.2663,9.3564,0.0,1602,1594,1570,0,-13.3,16.74,16.73,0.0,30,23.0,0.0,0.0,many,SR,2
0,4704,3011,0,0,38.4622,28.0879,6.966,0.0,0.0,2911,2695,0,0,-0.11,34.08,0.0,0.0,177,0.0,0.0,0.0,one,SR,1
0,2210,9384,8306,0,47.3654,26.2535,8.9617,8.9929,0.0,2127,1466,1474,0,-6.08,15.74,15.83,0.0,148,0.0,-1.0,0.0,many,SR,2
0,623,7683,0,0,32.4838,23.4875,6.183,0.0,0.0,2581,2189,0,0,1.78,28.13,0.0,0.0,125,0.0,0.0,0.0,one,SR,1
0,2127,3655,0,0,28.1268,19.5284,5.9615,0.0,0.0,2306,2039,0,0,0.48,26.37,0.0,0.0,287,0.0,0.0,0.0,one,SR,1
0,954,7568,0,0,27.1755,19.1579,5.6289,0.0,0.0,2158,1828,0,0,1.16,23.89,0.0,0.0,160,0.0,0.0,0.0,one,SR,1
0,1036,2507,0,0,25.96,18.0103,5.5904,0.0,0.0,2978,1803,0,0,10.04,23.59,0.0,0.0,220,0.0,0.0,0.0,one,SR,1
0,902,5739,0,0,38.819,28.7627,6.7832,0.0,0.0,3728,2580,0,0,9.69,32.73,0.0,0.0,48,0.0,0.0,0.0,one,SR,1
0,1319,8647,0,0,35.9122,26.1598,6.6133,0.0,0.0,3349,2466,0,0,6.91,31.39,0.0,0.0,143,0.0,0.0,0.0,one,SR,1
0,3697,8705,0,0,33.0763,24.1705,6.1325,0.0,0.0,2648,2155,0,0,2.84,27.73,0.0,0.0,54,0.0,0.0,0.0,one,SR,1
0,3188,132,0,0,20.0662,14.0706,4.3412,0.0,0.0,1390,1179,0,0,-0.29,16.54,0.0,0.0,56,0.0,0.0,0.0,one,SR,1
0,4882,8853,0,0,21.3011,14.8098,4.6992,0.0,0.0,1600,1309,0,0,0.67,17.92,0.0,0.0,90,0.0,0.0,0.0,one,SR,1
0,431,6901,6531,0,39.1755,21.7362,7.2495,7.5193,0.0,1427,1152,1363,0,-9.05,12.81,13.9,0.0,157,27.0,110.0,0.0,many,SR,2
0,3077,1198,0,0,26.3965,18.4134,5.6085,0.0,0.0,2471,1816,0,0,4.57,23.75,0.0,0.0,202,0.0,0.0,0.0,one,SR,1
0,4351,172,0,0,26.1995,18.4695,5.4683,0.0,0.0,2555,1720,0,0,6.47,22.62,0.0,0.0,129,0.0,0.0,0.0,one,SR,1
0,295,5066,0,0,25.8342,18.2761,5.3716,0.0,0.0,2529,1656,0,0,6.88,21.86,0.0,0.0,96,0.0,0.0,0.0,one,SR,1
0,3140,3664,0,0,25.3991,18.0189,5.2667,0.0,0.0,2321,1594,0,0,5.35,21.14,0.0,0.0,69,0.0,0.0,0.0,one,SR,1
0,2765,490,0,0,20.7892,14.2191,4.7546,0.0,0.0,2360,1331,0,0,8.44,18.16,0.0,0.0,145,0.0,0.0,0.0,one,SR,1
0,2887,9912,5289,0,35.4511,19.4997,6.6821,6.8199,0.0,1366,984,1274,0,-7.7,11.61,12.88,0.0,174,0.0,140.0,0.0,many,SR,2
0,438,1097,0,0,16.6792,10.7851,4.2695,0.0,0.0,1850,1151,0,0,4.8,16.25,0.0,0.0,262,0.0,0.0,0.0,one,SR,1
0,3494,7226,0,0,20.686,14.2735,4.6426,0.0,0.0,1776,1288,0,0,2.72,17.7,0.0,0.0,113,0.0,0.0,0.0,one,SR,1
0,4966,623,0,0,20.6531,14.1581,4.6996,0.0,0.0,1505,1312,0,0,-0.36,17.95,0.0,0.0,137,0.0,0.0,0.0,one,SR,1
0,3930,1378,1377,0,45.3412,24.8829,8.7085,8.7085,0.0,2911,1407,1407,0,3.19,15.21,15.21,0.0,170,0.0,0.0,0.0,many,SR,2
0,949,1807,0,0,20.9286,14.8599,4.3932,0.0,0.0,1872,1199,0,0,4.58,16.76,0.0,0.0,15,0.0,0.0,0.0,one,SR,1
0,3625,1229,0,0,17.6855,12.319,3.8903,0.0,0.0,1661,1011,0,0,4.16,14.76,0.0,0.0,66,0.0,0.0,0.0,one,SR,1
0,2251,7155,0,0,17.8375,11.9884,4.2361,0.0,0.0,1884,1140,0,0,5.27,16.13,0.0,0.0,173,0.0,0.0,0.0,one,SR,1
0,4659,4982,1877,0,41.1253,21.2467,8.462,8.462,0.0,2375,1356,1356,0,-1.65,14.77,14.77,0.0,365,0.0,0.0,0.0,many,SR,2
0,3914,3387,0,0,17.8357,12.4598,3.8954,0.0,0.0,1461,1015,0,0,2.02,14.8,0.0,0.0,59,0.0,0.0,0.0,one,SR,1
0,1013,9682,0,0,15.8709,10.2547,4.0679,0.0,0.0,1676,1079,0,0,3.66,15.48,0.0,0.0,251,0.0,0.0,0.0,one,SR,1
0,3227,6427,4420,0,42.9377,24.5484,8.3961,7.2633,0.0,1344,1344,1106,0,-10.46,14.65,12.65,0.0,2,2.0,0.0,0.0,many,SR,2
0,2771,3222,0,0,16.6366,11.2946,3.8712,0.0,0.0,1773,1006,0,0,5.38,14.71,0.0,0.0,133,0.0,0.0,0.0,one,SR,1
0,4690,9732,0,0,16.2496,11.2474,3.6278,0.0,0.0,1610,915,0,0,4.54,13.74,0.0,0.0,77,0.0,0.0,0.0,one,SR,1
0,4028,6466,0,0,15.6072,10.9355,3.3907,0.0,0.0,1520,827,0,0,4.43,12.81,0.0,0.0,41,0.0,0.0,0.0,one,SR,1
0,1507,1839,0,0,16.6191,11.7201,3.5554,0.0,0.0,1263,886,0,0,1.17,13.44,0.0,0.0,26,0.0,0.0,0.0,one,SR,1
0,2605,2933,0,0,16.5526,11.5597,3.6227,0.0,0.0,1193,911,0,0,0.2,13.7,0.0,0.0,53,0.0,0.0,0.0,one,SR,1
0,1952,1712,0,0,16.6026,11.5759,3.6481,0.0,0.0,1686,919,0,0,5.3,13.79,0.0,0.0,57,0.0,0.0,0.0,one,SR,1
0,866,4757,0,0,15.802,10.6552,3.7321,0.0,0.0,1311,953,0,0,1.03,14.15,0.0,0.0,142,0.0,0.0,0.0,one,SR,1
0,2580,6549,5059,0,39.8431,22.7589,8.3612,6.1911,0.0,1335,1333,882,0,-8.77,14.58,10.74,0.0,2,0.0,0.0,0.0,many,SR,2
0,984,7007,2522,0,42.7249,24.2365,6.1076,9.5028,0.0,2088,863,1835,0,-3.98,10.58,18.2,0.0,114,0.0,109.0,0.0,many,SR,2
0,2921,9852,0,0,13.3587,8.6438,3.4222,0.0,0.0,1879,838,0,0,8.1,12.93,0.0,0.0,204,0.0,0.0,0.0,one,SR,1
0,2057,9788,9787,0,29.9459,16.3977,5.7748,5.7748,0.0,1725,794,794,0,0.13,9.99,9.99,0.0,109,0.0,0.0,0.0,many,SR,2
0,4592,5776,2133,0,62.9378,36.2897,10.9105,11.4104,0.0,2237,2170,2104,0,-15.46,21.5,21.77,0.0,181,95.0,0.0,0.0,many,SR,2
0,3299,4112,2615,0,44.5244,24.9698,8.3564,8.2845,0.0,2743,1362,1317,0,2.58,14.7,14.44,0.0,86,15.0,0.0,0.0,many,SR,2
0,4687,6078,2200,0,32.3827,18.2153,5.9362,6.1144,0.0,1166,898,866,0,-6.81,10.56,10.61,0.0,57,37.0,0.0,0.0,many,SR,2
0,1325,5192,2065,0,29.129,16.1748,5.5129,5.4852,0.0,1198,877,734,0,-5.03,10.08,9.48,0.0,98,73.0,0.0,0.0,many,SR,2
0,1594,4887,3158,0,38.9053,21.2565,7.3188,7.7139,0.0,1370,1116,1198,0,-9.16,12.73,13.43,0.0,156,0.0,0.0,0.0,many,SR,2
0,3043,3918,3322,0,31.732,17.5835,6.0006,6.0575,0.0,1232,840,856,0,-5.88,10.39,10.51,0.0,84,-1.0,1.0,0.0,many,SR,2
0,2426,7960,4895,0,29.5828,15.746,6.2045,5.5878,0.0,1258,890,755,0,-5.19,10.78,9.66,0.0,181,3.0,0.0,0.0,many,SR,2
0,175,9716,6129,0,33.0139,17.8763,5.5525,7.3374,0.0,1724,779,1118,0,-2.13,9.72,12.76,0.0,161,17.0,-1.0,0.0,many,SR,2
0,863,8751,5422,5421,71.3003,40.5158,9.7174,8.1821,8.1821,2106,1730,1370,1370,-20.21,17.93,14.55,14.55,124,33.0,40.0,40.0,many,SR,3
0,4368,9588,9587,8865,84.5181,49.0086,9.4602,9.4602,11.0493,2130,1595,1595,2130,-27.49,16.96,16.96,21.47,58,0.0,0.0,58.0,many,SR,3
0,2100,9144,4377,1336,67.6728,38.7898,9.205,7.1626,8.1895,1551,1551,1085,1314,-22.65,16.45,12.47,14.34,10,10.0,0.0,9.0,many,SR,3
0,3646,6005,2056,0,61.5834,35.9598,11.2928,10.2341,0.0,2272,2199,1797,0,-13.01,22.09,18.87,0.0,62,61.0,0.0,0.0,many,SR,2
0,2544,597,596,0,59.3669,32.1994,11.4084,11.4084,0.0,2976,2102,2102,0,-7.91,21.75,21.75,0.0,475,0.0,0.0,0.0,many,SR,2
0,288,6318,3349,0,51.2348,28.5667,10.0577,9.0079,0.0,2457,2101,1479,0,-6.62,20.16,15.87,0.0,263,168.0,0.0,0.0,many,SR,2
0,371,7743,6175,0,49.4726,27.1568,9.0772,9.8083,0.0,1887,1496,1778,0,-11.06,16.03,18.28,0.0,254,0.0,44.0,0.0,many,SR,2
0,4190,4994,2260,0,47.7413,27.0796,9.4032,8.0888,0.0,2459,1718,1299,0,-2.71,17.51,14.19,0.0,99,65.0,12.0,0.0,many,SR,2
0,731,5999,4207,0,45.3409,25.9925,6.894,9.519,0.0,2290,1027,1666,0,-2.37,11.97,17.38,0.0,29,0.0,27.0,0.0,many,SR,2
0,2191,8943,5783,4211,56.7785,30.9606,7.8932,7.776,6.3029,2546,1235,1269,906,-7.88,13.74,13.78,10.94,249,0.0,30.0,1.0,many,SR,3
0,2717,8796,7911,0,69.2859,40.5678,11.5108,12.5503,0.0,2444,2128,2398,0,-16.25,22.01,24.56,0.0,92,-1.0,-1.0,0.0,many,SR,2
0,1300,9879,4272,2718,49.6949,27.6722,6.2065,5.7346,6.6756,1361,994,786,1322,-16.36,11.2,9.92,12.94,204,58.0,0.0,182.0,many,SR,3
0,3899,5731,43,0,41.8957,22.4672,8.7888,7.6986,0.0,1670,1559,1196,0,-8.93,16.0,13.41,0.0,273,66.0,0.0,0.0,many,SR,2
0,2102,3627,0,0,42.9252,31.0967,7.7922,0.0,0.0,3747,3229,0,0,3.02,40.36,0.0,0.0,357,0.0,0.0,0.0,one,SR,1
0,1137,6997,5078,0,49.671,28.6252,7.2297,10.5664,0.0,2862,1099,1928,0,0.8,12.59,19.91,0.0,43,0.0,21.0,0.0,many,SR,2
0,1229,2914,1337,0,37.7486,21.1992,7.2152,6.8585,0.0,2286,1167,1020,0,1.72,12.84,11.92,0.0,74,38.0,0.0,0.0,many,SR,2
0,1484,8140,8065,0,59.9591,35.0893,10.4882,10.4844,0.0,2134,1862,1862,0,-12.67,19.49,19.49,0.0,-1,0.0,0.0,0.0,many,SR,2
0,2496,6493,4679,0,37.2015,20.3993,5.7742,8.4919,0.0,1560,859,1435,0,-6.44,10.26,15.1,0.0,166,34.0,40.0,0.0,many,SR,2
0,3143,7470,2589,0,41.4496,22.7739,7.8442,8.0113,0.0,1696,1368,1262,0,-7.57,14.23,13.97,0.0,178,76.0,0.0,0.0,many,SR,2
0,2885,5702,2282,0,39.7727,21.8241,7.1424,8.0053,0.0,1848,1080,1661,0,-5.8,12.43,15.58,0.0,231,0.0,212.0,0.0,many,SR,2
0,1002,2760,2759,0,34.3758,19.533,6.3235,6.3235,0.0,1810,910,910,0,-0.76,10.98,10.98,0.0,16,0.0,0.0,0.0,many,SR,2
0,158,9023,7111,0,34.0684,18.9057,6.4596,6.4596,0.0,1090,938,938,0,-8.75,11.22,11.22,0.0,88,0.0,0.0,0.0,many,SR,2
0,1473,9526,6319,0,50.0649,28.384,7.4291,10.7138,0.0,2429,1139,2412,0,-6.34,12.93,22.45,0.0,236,0.0,236.0,0.0,many,SR,2
0,3956,760,280,0,41.4205,23.7322,9.593,5.3884,0.0,1721,1721,715,0,-6.29,17.75,9.32,0.0,43,43.0,0.0,0.0,many,SR,2
0,4584,5269,1862,0,30.1928,15.9255,5.6152,6.463,0.0,2160,1003,939,0,2.98,10.67,11.22,0.0,258,129.0,1.0,0.0,many,SR,2
0,3853,1094,0,0,29.9474,21.1747,6.057,0.0,0.0,2672,2106,0,0,3.62,27.16,0.0,0.0,223,0.0,0.0,0.0,one,SR,1
0,1378,4890,0,0,29.7931,21.0555,6.0396,0.0,0.0,2292,2091,0,0,-0.22,26.98,0.0,0.0,220,0.0,0.0,0.0,one,SR,1
0,957,7086,5165,0,36.6367,20.8885,7.6693,5.7426,0.0,1222,1207,787,0,-8.2,13.42,9.94,0.0,10,10.0,-1.0,0.0,many,SR,2
0,2540,9653,7813,0,35.1612,20.0199,5.6042,7.2867,0.0,1154,760,1140,0,-8.14,9.7,12.8,0.0,16,0.0,16.0,0.0,many,SR,2
0,2204,8784,0,0,28.2065,20.1736,5.6359,0.0,0.0,3544,1835,0,0,15.64,23.97,0.0,0.0,96,0.0,0.0,0.0,one,SR,1
0,4842,6887,0,0,25.8973,18.0768,5.5188,0.0,0.0,2067,1754,0,0,0.99,23.02,0.0,0.0,180,0.0,0.0,0.0,one,SR,1
0,2169,2367,0,0,24.5836,17.251,5.2438,0.0,0.0,1801,1573,0,0,0.11,20.89,0.0,0.0,106,0.0,0.0,0.0,one,SR,1
0,1210,1361,292,0,30.4435,16.4521,5.7816,6.133,0.0,1315,797,899,0,-4.88,10.02,10.75,0.0,153,0.0,16.0,0.0,many,SR,2
0,2729,9146,0,0,22.8824,15.6168,5.205,0.0,0.0,2467,1549,0,0,7.36,20.61,0.0,0.0,200,0.0,0.0,0.0,one,SR,1
0,1184,9599,0,0,22.6708,15.3346,5.245,0.0,0.0,2553,1575,0,0,7.99,20.91,0.0,0.0,238,0.0,0.0,0.0,one,SR,1
0,2029,1315,1314,0,34.3039,17.6507,7.0935,7.0935,0.0,2118,1069,1069,0,0.04,12.33,12.33,0.0,310,0.0,0.0,0.0,many,SR,2
0,1630,1927,1926,0,34.043,19.3206,6.2726,6.2726,0.0,1784,899,899,0,-0.86,10.89,10.89,0.0,19,0.0,0.0,0.0,many,SR,2
0,3721,7305,0,0,21.1489,14.8942,4.5283,0.0,0.0,1317,1247,0,0,-1.71,17.26,0.0,0.0,44,0.0,0.0,0.0,one,SR,1
0,2434,8336,0,0,21.0859,14.8969,4.4817,0.0,0.0,1810,1229,0,0,3.64,17.07,0.0,0.0,32,0.0,0.0,0.0,one,SR,1
0,4214,2342,0,0,21.2252,14.0234,5.1647,0.0,0.0,1781,1529,0,0,0.37,20.37,0.0,0.0,294,0.0,0.0,0.0,one,SR,1
0,4169,8217,0,0,19.7919,14.1006,4.1218,0.0,0.0,1304,1099,0,0,-0.43,15.69,0.0,0.0,2,0.0,0.0,0.0,one,SR,1
0,4305,5560,0,0,19.4611,13.7077,4.169,0.0,0.0,1710,1113,0,0,3.7,15.84,0.0,0.0,38,0.0,0.0,0.0,one,SR,1
0,1802,9054,7588,0,34.715,18.5303,5.8943,7.8835,0.0,2008,820,1267,0,-0.58,10.21,13.86,0.0,214,1.0,18.0,0.0,many,SR,2
0,2228,9959,8014,0,45.7066,25.0218,8.0907,9.2639,0.0,2435,1892,1545,0,-4.4,16.81,16.49,0.0,338,313.0,0.0,0.0,many,SR,2
0,1572,5470,1232,0,30.0812,16.6574,5.5724,5.8365,0.0,1323,751,913,0,-4.24,9.63,10.52,0.0,101,0.0,57.0,0.0,many,SR,2
0,2272,7632,0,0,18.5413,12.0219,4.7166,0.0,0.0,1825,1319,0,0,2.94,18.03,0.0,0.0,287,0.0,0.0,0.0,one,SR,1
0,1784,633,0,0,17.5334,11.8214,4.1383,0.0,0.0,1414,1103,0,0,0.68,15.74,0.0,0.0,160,0.0,0.0,0.0,one,SR,1
0,4537,2290,0,0,17.1615,11.8232,3.8685,0.0,0.0,1309,1005,0,0,0.52,14.7,0.0,0.0,96,0.0,0.0,0.0,one,SR,1
0,4621,9265,0,0,17.1252,11.0489,4.3997,0.0,0.0,2141,1200,0,0,7.39,16.77,0.0,0.0,276,0.0,0.0,0.0,one,SR,1
0,4854,1170,0,0,16.5448,11.7285,3.4939,0.0,0.0,1211,866,0,0,0.81,13.22,0.0,0.0,12,0.0,0.0,0.0,one,SR,1
0,4545,7786,2674,0,30.2487,17.1314,5.5926,5.5907,0.0,1145,756,756,0,-5.38,9.67,9.67,0.0,19,0.0,0.0,0.0,many,SR,2
0,3362,7940,0,0,16.3992,11.6279,3.4648,0.0,0.0,1082,851,0,0,-0.4,13.06,0.0,0.0,9,0.0,0.0,0.0,one,SR,1
0,395,4683,0,0,16.5801,10.6859,4.2684,0.0,0.0,1691,1152,0,0,3.12,16.26,0.0,0.0,269,0.0,0.0,0.0,one,SR,1
0,3106,4702,0,0,15.9982,11.1237,3.5362,0.0,0.0,1692,881,0,0,5.72,13.38,0.0,0.0,63,0.0,0.0,0.0,one,SR,1
0,2688,7483,0,0,16.1892,10.3814,4.2065,0.0,0.0,1837,1129,0,0,4.88,16.01,0.0,0.0,275,0.0,0.0,0.0,one,SR,1
0,1370,4767,0,0,15.757,11.2035,3.3063,0.0,0.0,2050,795,0,0,10.3,12.47,0.0,0.0,2,0.0,0.0,0.0,one,SR,1
0,1779,5623,0,0,15.726,10.4291,3.8388,0.0,0.0,1709,994,0,0,4.82,14.58,0.0,0.0,184,0.0,0.0,0.0,one,SR,1
0,3496,8704,0,0,15.2061,10.6621,3.299,0.0,0.0,1433,793,0,0,3.84,12.45,0.0,0.0,37,0.0,0.0,0.0,one,SR,1
0,4951,3622,0,0,15.1804,10.6533,3.2864,0.0,0.0,1162,789,0,0,1.03,12.41,0.0,0.0,35,0.0,0.0,0.0,one,SR,1
0,4356,1991,1990,0,25.4712,12.4461,5.5524,5.5524,0.0,2166,748,748,0,5.46,9.6,9.6,0.0,330,0.0,0.0,0.0,many,SR,2
0,4569,4460,0,0,14.8679,10.491,3.1797,0.0,0.0,1204,748,0,0,1.87,11.97,0.0,0.0,20,0.0,0.0,0.0,one,SR,1
0,923,9873,0,0,14.807,10.1783,3.3624,0.0,0.0,1099,813,0,0,0.14,12.66,0.0,0.0,83,0.0,0.0,0.0,one,SR,1
0,322,543,0,0,14.5594,9.5892,3.6055,0.0,0.0,1274,906,0,0,1.09,13.65,0.0,0.0,184,0.0,0.0,0.0,one,SR,1
0,2200,9536,0,0,14.4192,9.4001,3.6394,0.0,0.0,1590,920,0,0,4.28,13.8,0.0,0.0,206,0.0,0.0,0.0,one,SR,1
0,3817,7295,2818,0,28.8436,14.6326,6.0562,6.0567,0.0,2277,852,852,0,5.03,10.49,10.49,0.0,290,-1.0,0.0,0.0,many,SR,2
0,4642,7106,0,0,14.2647,9.6774,3.3328,0.0,0.0,1270,802,0,0,2.04,12.55,0.0,0.0,110,0.0,0.0,0.0,one,SR,1
0,3084,488,0,0,13.931,9.0301,3.5573,0.0,0.0,1422,886,0,0,2.84,13.44,0.0,0.0,209,0.0,0.0,0.0,one,SR,1
0,4453,706,0,0,13.7644,9.3762,3.1889,0.0,0.0,1467,750,0,0,4.61,11.99,0.0,0.0,97,0.0,0.0,0.0,one,SR,1
0,1340,9270,4618,0,48.4341,27.9965,7.0532,10.2595,0.0,2123,1061,1814,0,-5.83,12.26,18.99,0.0,9,0.0,5.0,0.0,many,SR,2
0,171,8292,0,0,13.6015,8.8603,3.4411,0.0,0.0,1900,845,0,0,8.25,13.0,0.0,0.0,194,0.0,0.0,0.0,one,SR,1
0,1485,3487,0,0,13.2025,8.7129,3.2616,0.0,0.0,1197,777,0,0,1.52,12.28,0.0,0.0,160,0.0,0.0,0.0,one,SR,1
0,364,9569,0,0,12.9412,8.5323,3.2042,0.0,0.0,1329,755,0,0,3.11,12.05,0.0,0.0,158,0.0,0.0,0.0,one,SR,1
0,3529,2798,0,0,12.906,8.5497,3.1643,0.0,0.0,1649,743,0,0,6.59,11.92,0.0,0.0,149,0.0,0.0,0.0,one,SR,1
0,4838,2750,0,0,12.7041,8.1601,3.299,0.0,0.0,1262,793,0,0,2.05,12.45,0.0,0.0,208,0.0,0.0,0.0,one,SR,1
0,1369,6916,3867,0,36.0072,19.9696,8.5291,4.862,0.0,2118,1769,949,0,-1.58,16.73,9.74,0.0,263,199.0,185.0,0.0,many,SR,2
0,4186,3866,3865,0,50.3506,27.1859,9.801,9.801,0.0,2569,1685,1685,0,-5.09,17.81,17.81,0.0,333,0.0,0.0,0.0,many,SR,2
0,4952,5042,0,0,12.0646,7.7984,3.1018,0.0,0.0,1448,717,0,0,4.72,11.64,0.0,0.0,183,0.0,0.0,0.0,one,SR,1
0,3600,9038,1090,0,40.8307,21.2111,7.3716,9.2654,0.0,2558,1127,1649,0,0.02,12.83,17.0,0.0,384,0.0,50.0,0.0,many,SR,2
0,978,4202,0,0,11.1401,6.7669,3.1781,0.0,0.0,1653,746,0,0,6.6,11.95,0.0,0.0,272,0.0,0.0,0.0,one,SR,1
0,2783,5598,0,0,25.925,17.6257,5.7894,0.0,0.0,2561,1931,0,0,4.3,25.1,0.0,0.0,339,0.0,0.0,0.0,one,SR,1
0,3433,9245,0,0,18.6066,12.1866,4.648,0.0,0.0,1758,1290,0,0,2.51,17.72,0.0,0.0,257,0.0,0.0,0.0,one,SR,1
0,3716,2541,0,0,17.7712,11.616,4.4563,0.0,0.0,2051,1221,0,0,6.25,16.99,0.0,0.0,251,0.0,0.0,0.0,one,SR,1
0,1180,3985,0,0,28.0871,19.4972,5.9542,0.0,0.0,2500,2038,0,0,2.53,26.36,0.0,0.0,288,0.0,0.0,0.0,one,SR,1
0,1865,3630,0,0,44.6786,33.5074,7.4195,0.0,0.0,4325,2987,0,0,11.65,37.52,0.0,0.0,18,0.0,0.0,0.0,one,SR,1
0,3380,8489,0,0,26.4896,17.8878,5.9626,0.0,0.0,2860,2041,0,0,6.28,26.39,0.0,0.0,400,0.0,0.0,0.0,one,SR,1
0,4321,9464,6567,0,46.1971,25.487,7.6613,9.834,0.0,2590,1189,1879,0,-1.74,13.35,18.8,0.0,235,0.0,90.0,0.0,many,SR,2
0,1627,5569,0,0,30.2611,21.6949,5.94,0.0,0.0,2405,2030,0,0,1.62,26.26,0.0,0.0,133,0.0,0.0,0.0,one,SR,1
0,2965,9872,0,0,29.4388,21.4073,5.6392,0.0,0.0,2526,1831,0,0,4.99,23.92,0.0,0.0,9,0.0,0.0,0.0,one,SR,1
0,2711,1440,0,0,16.323,11.1123,3.778,0.0,0.0,1375,970,0,0,1.54,14.33,0.0,0.0,122,0.0,0.0,0.0,one,SR,1
0,2372,6898,0,0,43.3792,31.8642,7.6128,0.0,0.0,3427,3115,0,0,0.86,39.02,0.0,0.0,222,0.0,0.0,0.0,one,SR,1
0,3900,1777,0,0,26.7085,18.6491,5.6543,0.0,0.0,2136,1842,0,0,0.78,24.05,0.0,0.0,205,0.0,0.0,0.0,one,SR,1
0,494,9469,4828,0,58.2063,33.4493,9.285,11.5974,0.0,2341,1549,2150,0,-10.29,16.53,22.22,0.0,97,0.0,-1.0,0.0,many,SR,2
0,1615,5223,0,0,27.4098,18.199,6.3046,0.0,0.0,3400,2268,0,0,9.54,29.06,0.0,0.0,543,0.0,0.0,0.0,one,SR,1
0,1259,6951,0,0,18.9807,12.8011,4.4744,0.0,0.0,1600,1227,0,0,1.45,17.05,0.0,0.0,174,0.0,0.0,0.0,one,SR,1
0,3525,1672,0,0,23.7501,16.7276,5.063,0.0,0.0,1942,1463,0,0,2.76,19.59,0.0,0.0,62,0.0,0.0,0.0,one,SR,1
0,3036,7397,0,0,28.4816,20.3228,5.709,0.0,0.0,3248,1880,0,0,12.06,24.5,0.0,0.0,118,0.0,0.0,0.0,one,SR,1
0,556,4215,0,0,21.6436,14.9044,4.8748,0.0,0.0,1555,1377,0,0,-0.45,18.64,0.0,0.0,128,0.0,0.0,0.0,one,SR,1
0,2722,3103,3102,0,52.3377,27.8189,10.3457,10.3457,0.0,3466,1825,1825,0,1.95,19.14,19.14,0.0,452,0.0,0.0,0.0,many,SR,2
0,3736,7538,0,0,18.9713,12.5532,4.646,0.0,0.0,2164,1290,0,0,6.77,17.72,0.0,0.0,232,0.0,0.0,0.0,one,SR,1
0,3468,295,0,0,16.546,10.9485,4.0577,0.0,0.0,1680,1071,0,0,3.78,15.4,0.0,0.0,199,0.0,0.0,0.0,one,SR,1
0,2303,5590,638,0,47.6139,27.5175,11.3012,5.6291,0.0,2285,2161,764,0,-4.5,21.92,9.74,0.0,67,41.0,0.0,0.0,many,SR,2
0,2712,5708,0,0,14.3819,10.0595,3.14,0.0,0.0,1139,734,0,0,1.32,11.82,0.0,0.0,40,0.0,0.0,0.0,one,SR,1
0,3175,2851,0,0,14.6938,9.6202,3.679,0.0,0.0,1313,934,0,0,1.24,13.95,0.0,0.0,200,0.0,0.0,0.0,one,SR,1
0,1438,9877,0,0,15.6261,10.6239,3.6278,0.0,0.0,1276,915,0,0,1.03,13.74,0.0,0.0,119,0.0,0.0,0.0,one,SR,1
0,3762,1649,0,0,15.1373,10.0449,3.6947,0.0,0.0,1670,937,0,0,4.96,13.98,0.0,0.0,173,0.0,0.0,0.0,one,SR,1
0,3520,9881,0,0,15.4529,10.7191,3.4368,0.0,0.0,1183,842,0,0,0.75,12.97,0.0,0.0,65,0.0,0.0,0.0,one,SR,1
0,4522,7492,0,0,13.9878,9.4494,3.2955,0.0,0.0,1689,791,0,0,6.55,12.43,0.0,0.0,119,0.0,0.0,0.0,one,SR,1
0,3203,8864,7008,0,39.4799,21.6184,5.6979,9.4513,0.0,1778,818,1626,0,-5.74,10.02,17.1,0.0,191,21.0,16.0,0.0,many,SR,2
0,3708,4545,687,0,42.5863,23.3181,8.5373,7.8409,0.0,1693,1431,1254,0,-8.23,15.13,13.77,0.0,184,33.0,16.0,0.0,many,SR,2
0,234,4802,82,0,38.1153,20.5476,8.0426,6.9064,0.0,1470,1311,1030,0,-8.13,14.19,12.0,0.0,206,24.0,0.0,0.0,many,SR,2
0,30,7400,5430,0,34.765,18.8156,6.7934,6.7934,0.0,2026,1008,1008,0,0.01,11.81,11.81,0.0,167,0.0,0.0,0.0,many,SR,2
0,4523,6506,6505,730,88.4372,49.5172,10.7925,10.7925,11.1643,2604,1943,1943,2049,-28.2,20.25,20.25,21.21,411,0.0,0.0,5.0,many,SR,3
0,4354,5942,5941,0,68.1032,37.6864,12.7117,12.7117,0.0,5044,2442,2442,0,8.02,24.97,24.97,0.0,495,0.0,0.0,0.0,many,SR,2
0,2387,8803,7284,7283,98.0493,57.78,11.9342,10.9502,10.9502,2290,2248,1983,1983,-33.87,23.09,20.63,20.63,9,5.0,0.0,0.0,many,SR,3
0,2067,9594,3970,0,85.9079,51.5917,14.242,14.3097,0.0,3456,2839,2866,0,-15.59,28.72,28.93,0.0,20,0.0,5.0,0.0,many,SR,2
0,4977,1014,1013,0,67.0038,38.7833,11.8318,11.8318,0.0,2490,2211,2211,0,-14.87,22.78,22.78,0.0,152,0.0,0.0,0.0,many,SR,2
0,3270,3992,3552,0,43.7978,25.0806,9.5796,6.311,0.0,2171,1638,907,0,-2.64,17.31,10.95,0.0,25,6.0,0.0,0.0,many,SR,2
0,3955,8041,6069,0,46.0862,26.7947,10.7952,5.515,0.0,1948,1948,741,0,-6.38,20.27,9.54,0.0,3,3.0,0.0,0.0,many,SR,2
0,1812,7463,750,0,27.1647,14.6717,4.9325,5.6427,0.0,1226,843,775,0,-4.39,9.39,9.79,0.0,177,120.0,5.0,0.0,many,SR,2
0,1068,6680,0,0,25.8737,17.8515,5.6324,0.0,0.0,2430,1829,0,0,4.01,23.9,0.0,0.0,250,0.0,0.0,0.0,one,SR,1
0,1849,3758,0,0,24.8533,17.7762,5.0964,0.0,0.0,2177,1481,0,0,5.03,19.81,0.0,0.0,4,0.0,0.0,0.0,one,SR,1
0,1920,6526,0,0,24.6788,16.8497,5.5204,0.0,0.0,2553,1760,0,0,6.03,23.09,0.0,0.0,268,0.0,0.0,0.0,one,SR,1
0,1717,7439,3662,0,27.51,14.1349,5.3979,6.005,0.0,1911,715,842,0,2.32,9.32,10.4,0.0,247,0.0,0.0,0.0,many,SR,2
0,2490,9395,6747,0,35.5229,18.7513,6.9172,7.3284,0.0,2243,1156,1118,0,0.82,12.51,12.75,0.0,272,66.0,0.0,0.0,many,SR,2
0,4362,1747,0,0,21.8173,15.4293,4.6223,0.0,0.0,1906,1284,0,0,4.12,17.66,0.0,0.0,32,0.0,0.0,0.0,one,SR,1
0,518,8209,0,0,21.1057,14.4379,4.8247,0.0,0.0,1746,1357,0,0,1.75,18.43,0.0,0.0,147,0.0,0.0,0.0,one,SR,1
0,1577,1114,0,0,19.7933,13.3847,4.6366,0.0,0.0,1656,1290,0,0,1.44,17.72,0.0,0.0,175,0.0,0.0,0.0,one,SR,1
0,357,2193,0,0,15.5537,10.4219,3.7214,0.0,0.0,1833,949,0,0,6.55,14.1,0.0,0.0,155,0.0,0.0,0.0,one,SR,1
0,3620,9168,0,0,15.0801,10.0309,3.6632,0.0,0.0,1433,926,0,0,2.57,13.86,0.0,0.0,167,0.0,0.0,0.0,one,SR,1
0,3242,6643,2005,0,32.7168,18.0961,6.0466,6.3927,0.0,1179,897,939,0,-7.25,10.66,11.16,0.0,105,25.0,8.0,0.0,many,SR,2
0,2993,1796,0,0,14.5348,9.8836,3.3786,0.0,0.0,1633,819,0,0,5.69,12.73,0.0,0.0,107,0.0,0.0,0.0,one,SR,1
0,4187,6240,0,0,14.2972,9.9241,3.177,0.0,0.0,1203,747,0,0,1.87,11.96,0.0,0.0,58,0.0,0.0,0.0,one,SR,1
0,2946,9529,0,0,13.6379,8.7727,3.5311,0.0,0.0,1498,877,0,0,3.72,13.34,0.0,0.0,221,0.0,0.0,0.0,one,SR,1
0,2020,2836,0,0,13.5369,8.7468,3.4783,0.0,0.0,1550,856,0,0,4.47,13.12,0.0,0.0,209,0.0,0.0,0.0,one,SR,1
0,4379,949,0,0,13.3175,8.8054,3.2756,0.0,0.0,1683,785,0,0,6.54,12.36,0.0,0.0,159,0.0,0.0,0.0,one,SR,1
0,4068,446,0,0,13.3158,8.5802,3.4376,0.0,0.0,1335,843,0,0,2.34,12.98,0.0,0.0,212,0.0,0.0,0.0,one,SR,1
0,4602,6043,1865,0,35.3423,18.6816,7.2393,6.9516,0.0,2501,1101,1041,0,4.03,12.6,12.09,0.0,242,0.0,0.0,0.0,many,SR,2
0,4273,262,0,0,11.4085,6.9864,3.2131,0.0,0.0,1599,759,0,0,5.91,12.09,0.0,0.0,266,0.0,0.0,0.0,one,SR,1
0,2591,4445,0,0,49.4933,37.0358,8.1472,0.0,0.0,3972,3462,0,0,2.91,43.1,0.0,0.0,120,0.0,0.0,0.0,one,SR,1
0,4728,9371,290,0,38.5674,21.302,8.8964,5.7414,0.0,2017,1488,928,0,-2.47,15.78,10.49,0.0,160,18.0,75.0,0.0,many,SR,2
0,3987,7357,2756,0,34.3222,18.0002,6.9525,6.9525,0.0,1880,1040,1040,0,-2.01,12.09,12.09,0.0,256,0.0,0.0,0.0,many,SR,2
0,4925,9305,0,0,27.6442,18.9576,6.0074,0.0,0.0,2270,2075,0,0,-0.28,26.79,0.0,0.0,352,0.0,0.0,0.0,one,SR,1
0,2070,1082,0,0,21.8775,14.5062,5.2624,0.0,0.0,2671,1590,0,0,9.07,21.09,0.0,0.0,305,0.0,0.0,0.0,one,SR,1
0,4457,6189,3284,0,30.2416,17.1393,5.5811,5.5897,0.0,1281,754,755,0,-3.93,9.65,9.66,0.0,17,0.0,0.0,0.0,many,SR,2
0,2491,8008,0,0,21.9083,15.1993,4.8533,0.0,0.0,2074,1369,0,0,5.07,18.56,0.0,0.0,103,0.0,0.0,0.0,one,SR,1
0,3382,655,0,0,25.182,17.8287,5.2539,0.0,0.0,1872,1582,0,0,0.76,20.99,0.0,0.0,73,0.0,0.0,0.0,one,SR,1
0,1884,5518,0,0,16.9629,11.5514,3.9216,0.0,0.0,1467,1024,0,0,1.99,14.9,0.0,0.0,127,0.0,0.0,0.0,one,SR,1
0,3342,7297,0,0,20.4646,14.4521,4.3539,0.0,0.0,1463,1183,0,0,0.43,16.59,0.0,0.0,33,0.0,0.0,0.0,one,SR,1
0,376,7319,6781,0,40.8217,23.0483,7.1165,8.0153,0.0,1349,1075,1277,0,-9.61,12.38,14.03,0.0,50,0.0,8.0,0.0,many,SR,2
0,1516,2280,0,0,13.7525,8.9549,3.4815,0.0,0.0,1656,860,0,0,5.54,13.16,0.0,0.0,197,0.0,0.0,0.0,one,SR,1
0,3164,6296,1947,0,37.5337,21.2693,7.1428,6.6859,0.0,1163,1163,984,0,-9.71,12.75,11.61,0.0,45,45.0,0.0,0.0,many,SR,2
0,372,261,0,0,14.765,10.465,3.125,0.0,0.0,1090,727,0,0,0.87,11.75,0.0,0.0,8,0.0,0.0,0.0,one,SR,1
0,326,7033,0,0,15.3969,10.9392,3.2382,0.0,0.0,1558,769,0,0,5.38,12.2,0.0,0.0,3,0.0,0.0,0.0,one,SR,1
0,57,1502,0,0,14.5037,10.076,3.2177,0.0,0.0,1150,760,0,0,1.19,12.1,0.0,0.0,56,0.0,0.0,0.0,one,SR,1
0,3435,4424,1734,0,30.0647,15.6562,6.1297,6.1502,0.0,1532,868,872,0,-3.07,10.62,10.66,0.0,239,0.0,-1.0,0.0,many,SR,2
0,3001,8737,6817,0,41.0099,23.1956,7.768,7.403,0.0,1559,1209,1137,0,-7.42,13.53,12.9,0.0,41,-1.0,1.0,0.0,many,SR,2
0,1365,5551,3924,0,32.5968,17.6506,6.3585,6.3739,0.0,1638,924,922,0,-2.72,11.06,11.07,0.0,155,4.0,1.0,0.0,many,SR,2
0,1411,2783,1407,0,61.6104,36.1429,12.0439,9.4102,0.0,2264,2264,1582,0,-12.35,23.29,16.84,0.0,-1,-1.0,0.0,0.0,many,SR,2
0,4724,9504,8814,0,62.7839,36.8701,11.3494,10.4517,0.0,2108,2108,1854,0,-14.88,21.72,19.41,0.0,10,10.0,0.0,0.0,many,SR,2
0,3073,8441,2820,0,62.4664,34.1467,11.3587,12.3182,0.0,3253,2111,2482,0,-7.63,21.74,24.69,0.0,521,11.0,69.0,0.0,many,SR,2
0,2787,6691,5540,5466,61.7478,34.8947,7.1835,6.3358,9.1431,1914,1158,911,1914,-17.62,12.77,10.99,18.15,193,38.0,0.0,193.0,many,SR,3
0,4978,2158,1863,0,46.4205,24.6629,11.681,6.6096,0.0,2784,2291,1016,0,-1.97,23.0,11.67,0.0,446,57.0,25.0,0.0,many,SR,2
0,962,6111,4608,4607,79.992,45.1424,11.1985,9.1446,9.1446,2613,2046,1514,1514,-20.82,21.22,16.2,16.2,213,0.0,0.0,0.0,many,SR,3
0,2893,4588,4587,0,37.4399,20.4706,7.2268,7.2268,0.0,1457,1098,1098,0,-7.34,12.58,12.58,0.0,148,0.0,0.0,0.0,many,SR,2
0,3735,9456,957,0,42.5472,24.3115,7.9204,7.6065,0.0,1538,1252,1176,0,-8.23,13.85,13.24,0.0,5,5.0,0.0,0.0,many,SR,2
0,4331,1159,0,0,31.0236,21.3728,6.5541,0.0,0.0,2933,2430,0,0,2.93,30.97,0.0,0.0,443,0.0,0.0,0.0,one,SR,1
0,4422,5712,1485,0,39.1888,21.4855,9.0403,5.9341,0.0,2177,1592,967,0,-1.7,16.46,10.83,0.0,210,50.0,75.0,0.0,many,SR,2
0,4231,3390,1532,0,33.6795,17.3535,6.8265,7.0238,0.0,2244,1183,1059,0,1.28,12.53,12.23,0.0,336,91.0,2.0,0.0,many,SR,2
0,3449,9314,3116,0,37.6277,21.0642,6.6465,7.4412,0.0,1939,975,1210,0,-1.92,11.53,13.22,0.0,83,0.0,36.0,0.0,many,SR,2
0,4464,2600,0,0,26.3718,18.3493,5.635,0.0,0.0,2378,1827,0,0,3.48,23.88,0.0,0.0,214,0.0,0.0,0.0,one,SR,1
0,1636,6899,0,0,24.5908,16.7014,5.5595,0.0,0.0,2013,1778,0,0,0.17,23.3,0.0,0.0,291,0.0,0.0,0.0,one,SR,1
0,1657,1307,0,0,23.1665,15.4421,5.4626,0.0,0.0,2182,1720,0,0,2.56,22.62,0.0,0.0,335,0.0,0.0,0.0,one,SR,1
0,4395,7375,3314,0,28.7229,14.4447,5.988,6.1767,0.0,2182,849,879,0,3.89,10.42,10.72,0.0,312,5.0,0.0,0.0,many,SR,2
0,4480,536,0,0,20.7566,13.9499,4.9233,0.0,0.0,1878,1395,0,0,2.77,18.83,0.0,0.0,205,0.0,0.0,0.0,one,SR,1
0,2035,725,0,0,18.9961,12.5518,4.6638,0.0,0.0,1733,1298,0,0,2.17,17.81,0.0,0.0,237,0.0,0.0,0.0,one,SR,1
0,1941,6068,0,0,16.8234,10.8973,4.2919,0.0,0.0,1750,1160,0,0,3.67,16.34,0.0,0.0,260,0.0,0.0,0.0,one,SR,1
0,4226,7475,4595,0,31.7516,17.525,5.7744,6.2214,0.0,1751,921,1148,0,-1.69,10.49,11.81,0.0,174,68.0,140.0,0.0,many,SR,2
0,650,7903,2407,0,52.6344,30.3991,8.0938,10.6793,0.0,2222,1327,1985,0,-7.83,14.31,20.32,0.0,52,26.0,35.0,0.0,many,SR,2
0,2708,6834,5297,0,42.9463,24.546,7.712,7.9565,0.0,1255,1198,1255,0,-11.41,13.43,13.89,0.0,3,0.0,3.0,0.0,many,SR,2
0,2327,238,0,0,13.7925,9.2485,3.299,0.0,0.0,1257,793,0,0,1.99,12.45,0.0,0.0,134,0.0,0.0,0.0,one,SR,1
0,283,931,0,0,13.7135,8.7976,3.5669,0.0,0.0,1624,891,0,0,4.91,13.49,0.0,0.0,228,0.0,0.0,0.0,one,SR,1
0,2129,1994,0,0,13.5264,8.4397,3.6901,0.0,0.0,1723,936,0,0,5.52,13.97,0.0,0.0,282,0.0,0.0,0.0,one,SR,1
0,3635,6832,5428,0,79.6373,47.1492,10.0393,16.999,0.0,4244,1838,3590,0,-4.49,18.84,35.65,0.0,130,44.0,17.0,0.0,many,SR,2
0,2225,4836,0,0,29.6217,21.2081,5.8567,0.0,0.0,2144,1971,0,0,-0.5,25.57,0.0,0.0,123,0.0,0.0,0.0,one,SR,1
0,1222,5440,0,0,12.9865,8.1778,3.4885,0.0,0.0,1520,864,0,0,4.08,13.2,0.0,0.0,253,0.0,0.0,0.0,one,SR,1
0,3673,6438,0,0,12.6337,8.0728,3.3106,0.0,0.0,1397,798,0,0,3.42,12.5,0.0,0.0,217,0.0,0.0,0.0,one,SR,1
0,1004,806,0,0,12.004,7.6835,3.1381,0.0,0.0,1323,734,0,0,3.25,11.82,0.0,0.0,202,0.0,0.0,0.0,one,SR,1
0,1554,2462,0,0,11.9472,6.7496,3.7702,0.0,0.0,2675,965,0,0,15.24,14.27,0.0,0.0,416,0.0,0.0,0.0,one,SR,1
0,4208,9932,0,0,26.8605,18.7326,5.6898,0.0,0.0,2080,1870,0,0,-0.1,24.38,0.0,0.0,219,0.0,0.0,0.0,one,SR,1
0,4520,4634,2096,0,47.7418,27.0655,8.8192,8.7851,0.0,1965,1429,1421,0,-7.02,15.39,15.33,0.0,40,0.0,0.0,0.0,many,SR,2
0,3122,4313,510,0,60.1237,34.222,11.3411,10.4593,0.0,2243,2086,1854,0,-13.36,21.6,19.41,0.0,184,0.0,0.0,0.0,many,SR,2
0,3709,8454,6560,0,43.0377,22.7538,8.764,8.4778,0.0,2056,1417,1443,0,-5.79,15.29,15.13,0.0,316,0.0,45.0,0.0,many,SR,2
0,2265,3582,224,0,70.4277,40.5564,12.5059,12.4325,0.0,2641,2512,2368,0,-16.67,25.06,24.27,0.0,262,60.0,0.0,0.0,many,SR,2
0,1041,9009,0,0,21.0837,14.5943,4.6973,0.0,0.0,2043,1309,0,0,5.32,17.92,0.0,0.0,105,0.0,0.0,0.0,one,SR,1
0,4954,4293,3514,0,34.1507,19.4921,6.2466,6.2466,0.0,1703,892,892,0,-1.61,10.83,10.83,0.0,0,0.0,0.0,0.0,many,SR,2
0,1797,3579,580,0,58.0151,33.7486,11.8405,8.5914,0.0,2324,2324,1381,0,-10.11,23.36,14.99,0.0,52,52.0,0.0,0.0,many,SR,2
0,4415,4547,0,0,16.7026,10.9775,4.1461,0.0,0.0,1426,1108,0,0,0.76,15.79,0.0,0.0,221,0.0,0.0,0.0,one,SR,1
0,3145,8199,0,0,17.0549,11.7279,3.8615,0.0,0.0,2026,1001,0,0,8.08,14.66,0.0,0.0,100,0.0,0.0,0.0,one,SR,1
0,2340,9152,7859,0,54.3193,29.963,11.7209,8.8308,0.0,2988,2203,1433,0,-2.87,22.61,15.43,0.0,292,10.0,0.0,0.0,many,SR,2
0,4580,6937,1204,0,40.392,22.6071,9.666,5.4283,0.0,1732,1652,730,0,-6.03,17.49,9.41,0.0,110,1.0,4.0,0.0,many,SR,2
0,4143,9730,4495,0,35.8226,20.1345,6.6191,6.7447,0.0,1471,975,1000,0,-5.47,11.52,11.73,0.0,54,2.0,2.0,0.0,many,SR,2
0,4232,3192,0,0,28.7802,19.7747,6.1898,0.0,0.0,2491,2191,0,0,0.81,28.16,0.0,0.0,380,0.0,0.0,0.0,one,SR,1
0,3395,9450,7964,0,35.2183,18.2235,7.7644,6.7079,0.0,1858,1210,1001,0,-3.19,13.52,11.7,0.0,306,1.0,6.0,0.0,many,SR,2
0,152,3343,0,0,20.1285,13.3763,4.8837,0.0,0.0,1725,1381,0,0,1.3,18.69,0.0,0.0,235,0.0,0.0,0.0,one,SR,1
0,1875,9291,0,0,14.5508,9.7683,3.4696,0.0,0.0,1816,857,0,0,7.25,13.13,0.0,0.0,140,0.0,0.0,0.0,one,SR,1
0,2122,8130,0,0,13.9964,8.8965,3.6979,0.0,0.0,1779,941,0,0,6.06,14.02,0.0,0.0,254,0.0,0.0,0.0,one,SR,1
0,198,8823,0,0,13.1047,8.2921,3.4923,0.0,0.0,1556,864,0,0,4.46,13.2,0.0,0.0,245,0.0,0.0,0.0,one,SR,1
0,3850,4531,3259,0,49.7865,27.3842,9.3779,9.5289,0.0,2348,1597,1806,0,-6.81,16.88,18.08,0.0,278,11.0,93.0,0.0,many,SR,2
0,3787,8291,3146,0,43.7259,25.0698,5.7988,10.0204,0.0,1772,799,1740,0,-6.93,10.04,18.33,0.0,32,0.0,0.0,0.0,many,SR,2
0,140,6730,4701,0,31.6677,17.4013,6.486,5.6483,0.0,1497,1016,768,0,-3.47,11.55,9.77,0.0,122,39.0,0.0,0.0,many,SR,2
0,2194,2675,1425,0,71.4364,42.2517,11.4392,12.9525,0.0,3377,2110,2616,0,-7.68,21.83,26.1,0.0,61,0.0,54.0,0.0,many,SR,2
0,1273,2063,0,0,18.5351,11.8785,4.8177,0.0,0.0,1956,1353,0,0,3.99,18.39,0.0,0.0,319,0.0,0.0,0.0,one,SR,1
0,239,582,0,0,18.5258,12.2673,4.5321,0.0,0.0,1404,1247,0,0,-0.8,17.26,0.0,0.0,223,0.0,0.0,0.0,one,SR,1
0,4027,5210,4111,0,27.1342,13.6488,5.7857,5.7096,0.0,1923,800,780,0,2.28,10.03,9.87,0.0,291,2.0,0.0,0.0,many,SR,2
0,4026,6921,1350,0,35.5702,19.4536,6.005,7.726,0.0,1292,842,1202,0,-7.9,10.4,13.45,0.0,138,0.0,1.0,0.0,many,SR,2
0,4865,3350,2313,0,28.6628,15.1631,5.6962,5.8117,0.0,1441,778,801,0,-2.8,9.86,10.06,0.0,189,0.0,-1.0,0.0,many,SR,2
0,442,6787,1394,0,46.5735,25.6242,8.9366,8.8789,0.0,2366,1459,1469,0,-3.36,15.68,15.66,0.0,176,0.0,12.0,0.0,many,SR,2
0,3254,8979,0,0,17.1218,11.8698,3.8076,0.0,0.0,1513,981,0,0,2.89,14.44,0.0,0.0,77,0.0,0.0,0.0,one,SR,1
0,2519,349,0,0,15.7557,11.1384,3.3544,0.0,0.0,1214,810,0,0,1.38,12.63,0.0,0.0,16,0.0,0.0,0.0,one,SR,1
0,753,3178,0,0,14.5813,10.2963,3.1142,0.0,0.0,1093,723,0,0,0.94,11.71,0.0,0.0,17,0.0,0.0,0.0,one,SR,1
0,2710,7957,0,0,14.5665,9.7295,3.5103,0.0,0.0,1333,870,0,0,2.06,13.27,0.0,0.0,151,0.0,0.0,0.0,one,SR,1
0,2001,2853,0,0,13.7669,9.0237,3.4441,0.0,0.0,2218,844,0,0,11.6,12.99,0.0,0.0,182,0.0,0.0,0.0,one,SR,1
0,3232,4785,0,0,12.1388,7.8257,3.1327,0.0,0.0,1266,732,0,0,2.67,11.8,0.0,0.0,191,0.0,0.0,0.0,one,SR,1
0,2264,5049,0,0,31.3036,22.5127,6.0682,0.0,0.0,2515,2112,0,0,1.9,27.23,0.0,0.0,136,0.0,0.0,0.0,one,SR,1
0,1030,9984,0,0,17.6144,12.3305,3.8311,0.0,0.0,1407,989,0,0,1.7,14.53,0.0,0.0,51,0.0,0.0,0.0,one,SR,1
0,3776,4543,0,0,14.2987,10.0476,3.0899,0.0,0.0,1197,714,0,0,2.12,11.61,0.0,0.0,28,0.0,0.0,0.0,one,SR,1
0,2233,9998,9188,0,48.4608,27.9113,6.4601,10.8516,0.0,2109,1064,2013,0,-7.0,11.71,20.67,0.0,84,68.0,26.0,0.0,many,SR,2
0,2268,5728,0,0,27.0229,19.4749,5.3651,0.0,0.0,2231,1653,0,0,3.78,21.83,0.0,0.0,12,0.0,0.0,0.0,one,SR,1
0,4404,718,0,0,14.6107,9.9614,3.3767,0.0,0.0,1287,819,0,0,2.06,12.73,0.0,0.0,102,0.0,0.0,0.0,one,SR,1
0,3822,8770,2920,0,36.1815,20.3569,6.2937,7.1845,0.0,3348,903,1100,0,14.04,10.92,12.54,0.0,52,0.0,6.0,0.0,many,SR,2
0,1883,8906,2708,0,54.5529,29.9203,8.8992,11.8391,0.0,2434,1530,2244,0,-9.49,15.98,22.96,0.0,350,39.0,14.0,0.0,many,SR,2
0,2808,2091,775,0,48.0404,27.6088,8.0304,9.3352,0.0,1578,1264,1564,0,-11.03,13.99,16.67,0.0,-1,0.0,0.0,0.0,many,SR,2
0,3820,255,0,0,28.282,19.3211,6.1629,0.0,0.0,2635,2176,0,0,2.49,27.98,0.0,0.0,400,0.0,0.0,0.0,one,SR,1
0,2018,2895,2663,0,54.5999,30.0052,11.0112,9.7355,0.0,2185,2014,1666,0,-11.69,20.85,17.63,0.0,316,8.0,0.0,0.0,many,SR,2
0,70,4223,0,0,18.8583,12.9849,4.2531,0.0,0.0,1314,1147,0,0,-0.79,16.2,0.0,0.0,109,0.0,0.0,0.0,one,SR,1
0,782,6918,2314,0,39.8758,22.3885,8.1809,6.6878,0.0,1821,1374,984,0,-4.45,14.58,11.61,0.0,81,41.0,0.0,0.0,many,SR,2
0,4931,3752,3508,0,60.8648,35.3736,10.9811,10.4901,0.0,2032,1992,1862,0,-14.84,20.71,19.49,0.0,55,0.0,0.0,0.0,many,SR,2
0,1595,4604,2536,0,64.3549,37.1576,11.1466,11.6933,0.0,2257,2035,2176,0,-15.52,21.12,22.45,0.0,141,0.0,0.0,0.0,many,SR,2
0,3537,6452,1539,0,51.7627,29.6212,10.7378,7.9987,0.0,3364,1931,1257,0,4.68,20.12,13.93,0.0,70,2.0,0.0,0.0,many,SR,2
0,3891,7936,7212,7211,87.0841,50.4611,11.1527,9.8723,9.8723,2293,2070,1703,1703,-27.46,21.29,17.98,17.98,73,17.0,0.0,0.0,many,SR,3
0,553,4579,2169,0,45.9678,26.2295,5.843,10.8317,0.0,2039,809,1987,0,-6.16,10.12,20.52,0.0,92,0.0,16.0,0.0,many,SR,2
0,1505,2988,1399,0,37.5996,19.2514,5.5964,9.9628,0.0,2659,756,1728,0,2.82,9.67,18.22,0.0,399,0.0,0.0,0.0,many,SR,2
0,4910,7694,7302,0,53.6702,30.1718,9.768,10.0448,0.0,2003,1819,1751,0,-12.14,18.44,18.42,0.0,205,68.0,2.0,0.0,many,SR,2
0,2455,5222,0,0,19.4551,13.7149,4.1579,0.0,0.0,1967,1111,0,0,6.41,15.82,0.0,0.0,36,0.0,0.0,0.0,one,SR,1
0,2085,7183,7182,0,36.4188,18.7269,7.5337,7.5337,0.0,2541,1162,1162,0,3.06,13.12,13.12,0.0,334,0.0,0.0,0.0,many,SR,2
0,1318,6578,2898,0,43.5724,23.4481,8.8218,8.1797,0.0,2154,1529,1568,0,-5.49,15.89,15.33,0.0,318,47.0,146.0,0.0,many,SR,2
0,624,472,0,0,28.6342,19.7757,6.1041,0.0,0.0,2798,2139,0,0,4.59,27.54,0.0,0.0,342,0.0,0.0,0.0,one,SR,1
0,3854,9289,3945,0,41.6114,22.7581,7.0613,8.9801,0.0,1604,1062,1479,0,-8.47,12.28,15.84,0.0,174,-1.0,3.0,0.0,many,SR,2
0,3467,8959,6635,0,35.4919,18.3045,8.9387,5.6924,0.0,2672,1462,778,0,5.05,15.71,9.86,0.0,321,0.0,0.0,0.0,many,SR,2
0,4846,3357,3356,0,48.3054,26.7114,9.1697,9.1697,0.0,1767,1522,1522,0,-10.74,16.27,16.27,0.0,176,0.0,0.0,0.0,many,SR,2
0,104,703,0,0,13.5272,9.015,3.2778,0.0,0.0,1512,783,0,0,4.77,12.34,0.0,0.0,143,0.0,0.0,0.0,one,SR,1
