station,driver,rider1,rider2,rider3,VMT,save_d,save_r1,save_r2,save_r3,T_d,T_r1,T_r2,T_r3,cost_d,cost_r1,cost_r2,cost_r3,detour_d,detour_r1,detour_r2,detour_r3,size,type,num_riders
0,27,7808,2905,1154,65.5871,16.5365,14.0153,18.7084,14.2183,2633,1182.0,1769.0,1171.0,8.67,6.53,8.0,6.56,167,22.0,116.0,0.0,many,SR,3
0,28,7671,3769,2707,66.6767,18.4801,15.4931,15.512,15.1288,2267,1293.0,1299.0,1258.0,5.24,6.91,6.91,6.81,6,0.0,3.0,0.0,many,SR,3
0,35,2563,2562,56,49.7009,12.7594,11.0027,11.0027,13.1462,1388,863.0,863.0,1388.0,-1.54,5.69,5.69,6.53,229,0.0,0.0,229.0,many,SR,3
0,41,9363,9362,66,63.4361,17.6409,11.1064,11.1064,21.5608,1940,874.0,874.0,1940.0,2.17,5.72,5.72,8.78,38,0.0,0.0,38.0,many,SR,3
0,42,6816,6653,2199,60.6028,15.794,16.5499,16.663,9.6048,1573,1513.0,1406.0,842.0,-1.4,7.29,7.22,5.4,145,85.0,1.0,80.0,many,SR,3
0,47,4265,3549,0,33.7926,9.9286,10.6241,12.0813,0.0,1084,827.0,993.0,0.0,0.95,5.58,6.0,0.0,34,0.0,19.0,0.0,many,SR,2
0,67,9957,7638,7637,60.045,15.9438,11.4746,15.3324,15.3324,1433,909.0,1325.0,1325.0,-2.61,5.82,6.9,6.9,117,0.0,34.0,34.0,many,SR,3
0,84,6815,1349,0,44.153,12.0474,15.262,15.468,0.0,1422,1270.0,1314.0,0.0,2.55,6.84,6.92,0.0,23,0.0,17.0,0.0,many,SR,2
0,85,9782,0,0,15.3695,5.7132,8.9698,0.0,0.0,1129,799.0,0.0,0.0,5.68,6.86,0.0,0.0,32,0.0,0.0,0.0,one,SR,1
0,88,4454,1523,0,36.5023,8.4251,13.1138,13.676,0.0,1349,1315.0,1119.0,0.0,2.58,6.46,6.41,0.0,216,179.0,0.0,0.0,many,SR,2
0,100,7906,7905,3028,61.2924,17.491,10.1788,10.1788,21.4795,1889,785.0,785.0,1883.0,2.16,5.47,5.47,8.71,13,0.0,0.0,3.0,many,SR,3
0,109,6406,4318,0,32.9573,9.9661,9.921,11.9351,0.0,1157,760.0,971.0,0.0,1.93,5.39,5.96,0.0,17,0.0,13.0,0.0,many,SR,2
0,145,1786,0,0,14.8052,5.7927,8.3487,0.0,0.0,1092,735.0,0.0,0.0,5.49,6.64,0.0,0.0,13,0.0,0.0,0.0,one,SR,1
0,149,407,308,0,41.9357,9.7629,13.9044,16.8685,0.0,1697,1141.0,1697.0,0.0,5.22,6.47,7.52,0.0,194,0.0,194.0,0.0,many,SR,2
0,164,3209,0,0,18.9744,6.1991,11.9796,0.0,0.0,1433,1108.0,0.0,0.0,7.89,7.96,0.0,0.0,66,0.0,0.0,0.0,one,SR,1
0,187,7940,2662,413,59.601,16.5706,10.8271,13.7807,16.4896,1467,863.0,1129.0,1467.0,-1.99,5.65,6.44,7.24,57,12.0,0.0,57.0,many,SR,3
0,189,9584,1846,0,67.3762,13.5705,31.0666,20.6939,0.0,4054,3156.0,1801.0,0.0,24.16,11.99,8.46,0.0,330,236.0,0.0,0.0,many,SR,2
0,192,5562,2585,0,37.3333,9.3146,13.3764,13.3764,0.0,1795,1090.0,1090.0,0.0,7.45,6.33,6.33,0.0,142,0.0,0.0,0.0,many,SR,2
0,193,8099,7378,898,49.0069,12.4876,11.8405,11.1914,11.7332,1908,945.0,880.0,937.0,4.25,5.92,5.74,5.89,225,1.0,-1.0,3.0,many,SR,3
0,218,6691,4337,463,73.116,19.5328,13.6214,18.3632,19.3703,1721,1137.0,1604.0,1721.0,-1.98,6.42,7.77,8.1,36,17.0,23.0,36.0,many,SR,3
0,219,5696,5695,0,32.7871,9.3726,11.1349,11.1349,0.0,1292,876.0,876.0,0.0,3.26,5.72,5.72,0.0,64,0.0,0.0,0.0,many,SR,2
0,220,1074,1024,0,32.8229,8.0797,13.0375,10.5137,0.0,1248,1213.0,817.0,0.0,2.38,6.36,5.56,0.0,181,111.0,0.0,0.0,many,SR,2
0,224,3019,3018,0,41.6407,11.7239,14.3001,14.3001,0.0,1453,1179.0,1179.0,0.0,3.41,6.58,6.58,0.0,9,0.0,0.0,0.0,many,SR,2
0,228,7798,1740,0,33.1511,9.275,11.3595,11.3595,0.0,1140,898.0,898.0,0.0,1.56,5.79,5.79,0.0,78,0.0,0.0,0.0,many,SR,2
0,237,3268,3267,520,71.1167,19.377,14.6017,14.6017,20.3658,1784,1208.0,1208.0,1784.0,-0.8,6.66,6.66,8.37,11,0.0,0.0,11.0,many,SR,3
0,243,4085,2906,0,46.3038,11.2024,16.8241,16.8241,0.0,2112,1420.0,1420.0,0.0,9.1,7.27,7.27,0.0,128,0.0,0.0,0.0,many,SR,2
0,247,6057,5918,0,38.587,10.2627,13.7228,13.325,0.0,1576,1149.0,1086.0,0.0,5.06,6.45,6.32,0.0,84,18.0,0.0,0.0,many,SR,2
0,259,7462,4171,0,39.1048,9.2563,14.2668,14.2668,0.0,1642,1176.0,1176.0,0.0,5.41,6.57,6.57,0.0,176,0.0,0.0,0.0,many,SR,2
0,272,5434,4513,607,74.9025,19.1784,14.7727,19.1485,19.5097,1825,1243.0,1651.0,1825.0,-1.48,6.72,7.98,8.22,100,14.0,2.0,100.0,many,SR,3
0,278,8766,4985,620,68.0202,17.898,15.378,11.8504,20.7488,1942,1351.0,944.0,1942.0,1.09,6.93,5.92,8.6,96,50.0,0.0,96.0,many,SR,3
0,293,3052,0,0,53.7233,15.9048,36.0352,0.0,0.0,3821,3659.0,0.0,0.0,24.07,17.83,0.0,0.0,10,0.0,0.0,0.0,one,SR,1
0,303,9970,4148,0,29.106,7.4053,10.3092,10.2901,0.0,1666,816.0,796.0,0.0,7.58,5.52,5.5,0.0,171,13.0,0.0,0.0,many,SR,2
0,326,6977,6976,0,32.061,9.3736,10.781,10.781,0.0,1607,842.0,842.0,0.0,6.74,5.63,5.63,0.0,52,0.0,0.0,0.0,many,SR,2
0,327,7445,7432,2350,82.0383,19.5793,21.5081,15.6457,22.7911,2301,1987.0,1306.0,2301.0,1.53,8.81,6.95,9.38,208,75.0,-1.0,208.0,many,SR,3
0,331,9805,720,0,33.9492,9.6527,10.5175,12.6039,0.0,1105,817.0,1105.0,0.0,1.03,5.56,6.19,0.0,63,0.0,63.0,0.0,many,SR,2
0,334,4870,4507,0,58.7193,13.9436,17.4181,25.6102,0.0,2590,1498.0,2310.0,0.0,11.47,7.46,10.01,0.0,122,14.0,18.0,0.0,many,SR,2
0,342,8267,5425,57,51.4054,13.7775,11.9636,11.9369,11.9312,1586,955.0,953.0,1115.0,0.49,5.95,5.94,6.07,163,0.0,0.0,116.0,many,SR,3
0,356,8940,5924,823,59.377,16.5903,9.6679,9.7016,21.4754,1962,736.0,738.0,1933.0,3.13,5.33,5.34,8.76,61,0.0,-1.0,39.0,many,SR,3
0,358,4574,1590,0,35.1866,9.9566,13.2064,10.8248,0.0,1154,1154.0,846.0,0.0,1.33,6.35,5.64,0.0,57,57.0,0.0,0.0,many,SR,2
0,360,1622,0,0,16.5655,5.6805,10.1555,0.0,0.0,1371,921.0,0.0,0.0,7.83,7.3,0.0,0.0,61,0.0,0.0,0.0,one,SR,1
0,379,7285,5938,0,31.6642,8.6345,10.3168,11.5713,0.0,1249,798.0,1007.0,0.0,2.84,5.5,5.91,0.0,112,0.0,64.0,0.0,many,SR,2
0,384,5660,5659,4555,57.3159,15.7782,12.2509,12.2509,15.1462,1392,983.0,983.0,1299.0,-2.39,6.03,6.03,6.84,84,0.0,0.0,28.0,many,SR,3
0,385,1462,1461,0,53.5207,11.9643,19.9549,19.9549,0.0,1976,1728.0,1728.0,0.0,5.93,8.23,8.23,0.0,195,0.0,0.0,0.0,many,SR,2
0,416,9543,7687,1265,52.7301,15.7556,11.7385,11.7385,11.7314,1382,933.0,933.0,933.0,-1.38,5.89,5.89,5.89,10,-1.0,-1.0,0.0,many,SR,3
0,417,991,358,357,70.0151,17.3339,17.6696,16.4141,16.4141,1602,1502.0,1381.0,1381.0,-2.83,7.52,7.16,7.16,158,-1.0,0.0,0.0,many,SR,3
0,421,6923,4743,4742,46.014,13.2349,11.3945,9.8601,9.8601,1548,1016.0,754.0,754.0,1.28,5.89,5.38,5.38,119,82.0,0.0,0.0,many,SR,3
128,425,8668,1691,0,72.8528,9.2606,30.6073,31.6984,0.0,2609,3040.0,3610.0,0.0,15.82,11.47,11.4,0.0,158,204.0,580.0,0.0,many,TR,2
0,433,8787,7952,2556,98.239,25.0202,17.5378,17.6326,35.2475,3258,1502.0,1504.0,3253.0,9.0,7.49,7.52,13.0,13,9.0,3.0,13.0,many,SR,3
0,434,3359,820,0,34.0096,10.05,11.4004,11.4004,0.0,1754,901.0,901.0,0.0,7.99,5.79,5.79,0.0,26,0.0,0.0,0.0,many,SR,2
0,440,1306,0,0,20.1452,7.1359,12.2059,0.0,0.0,1383,1130.0,0.0,0.0,7.29,8.03,0.0,0.0,7,0.0,0.0,0.0,one,SR,1
0,451,3098,968,0,37.7853,10.5908,12.9378,13.0071,0.0,1118,1049.0,1118.0,0.0,0.49,6.21,6.28,0.0,45,0.0,45.0,0.0,many,SR,2
0,453,7968,7406,0,83.9051,17.2676,32.0705,32.1634,0.0,3281,2943.0,2931.0,0.0,12.82,12.01,12.02,0.0,298,15.0,0.0,0.0,many,SR,2
0,484,3685,3684,910,114.6704,24.7367,30.3117,30.3117,26.01,3702,2748.0,2748.0,2324.0,9.17,11.45,11.45,10.11,339,0.0,0.0,0.0,many,SR,3
0,495,6212,0,0,13.3097,3.7141,8.9112,0.0,0.0,1276,793.0,0.0,0.0,7.24,6.84,0.0,0.0,167,0.0,0.0,0.0,one,SR,1
0,496,3837,0,0,17.7545,6.4648,10.5461,0.0,0.0,1057,961.0,0.0,0.0,4.41,7.44,0.0,0.0,16,0.0,0.0,0.0,one,SR,1
0,503,7889,7888,0,33.9254,6.7603,12.9606,12.9606,0.0,1923,1051.0,1051.0,0.0,9.0,6.22,6.22,0.0,303,0.0,0.0,0.0,many,SR,2
0,522,9884,1474,0,40.3355,11.1718,13.5191,14.3463,0.0,1594,1104.0,1207.0,0.0,5.05,6.37,6.61,0.0,35,0.0,17.0,0.0,many,SR,2
0,527,3468,3467,2431,53.0154,14.6321,12.9102,12.9102,10.7566,1196,1046.0,1046.0,879.0,-3.7,6.21,6.21,5.65,111,0.0,0.0,28.0,many,SR,3
0,533,7701,0,0,19.9453,5.8242,13.2784,0.0,0.0,1425,1241.0,0.0,0.0,7.38,8.43,0.0,0.0,120,0.0,0.0,0.0,one,SR,1
0,537,3644,0,0,25.9233,8.6102,16.3522,0.0,0.0,1562,1561.0,0.0,0.0,7.75,9.61,0.0,0.0,3,0.0,0.0,0.0,one,SR,1
0,544,8189,7866,218,61.1733,13.8654,14.3824,16.5411,14.3249,2086,1262.0,1574.0,1181.0,3.37,6.66,7.34,6.59,319,54.0,129.0,0.0,many,SR,3
0,549,1005,1004,0,31.0933,7.1843,11.3756,11.3756,0.0,2172,899.0,899.0,0.0,12.39,5.79,5.79,0.0,221,0.0,0.0,0.0,many,SR,2
0,568,2638,2637,0,30.083,8.8042,10.0951,10.0951,0.0,1870,777.0,777.0,0.0,9.84,5.44,5.44,0.0,68,0.0,0.0,0.0,many,SR,2
0,573,1584,0,0,18.4443,5.7398,11.9113,0.0,0.0,1582,1101.0,0.0,0.0,9.47,7.93,0.0,0.0,96,0.0,0.0,0.0,one,SR,1
0,574,7899,4506,0,51.401,11.801,20.7933,17.2152,0.0,1953,1839.0,1472.0,0.0,6.18,8.52,7.4,0.0,172,20.0,10.0,0.0,many,SR,2
0,586,8249,2684,0,51.8696,12.8303,20.2777,17.1782,0.0,2127,1897.0,1455.0,0.0,8.08,8.46,7.37,0.0,97,97.0,0.0,0.0,many,SR,2
0,609,6360,4707,2647,61.6811,17.5782,14.0442,14.048,14.0569,2511,1154.0,1154.0,1154.0,8.78,6.51,6.51,6.51,1,0.0,0.0,-1.0,many,SR,3
118,619,6075,4659,0,62.7031,6.2678,30.478,24.8456,0.0,1649,2971.0,2986.0,0.0,7.31,9.6,9.52,0.0,255,266.0,604.0,0.0,many,TR,2
0,620,7324,7323,1284,81.7151,21.3742,15.6606,15.6606,26.5961,2425,1309.0,1309.0,2425.0,3.65,6.95,6.95,10.33,30,0.0,0.0,30.0,many,SR,3
0,628,6710,6709,0,27.8844,7.4288,9.6946,9.6946,0.0,1285,738.0,738.0,0.0,3.89,5.33,5.33,0.0,148,0.0,0.0,0.0,many,SR,2
43,636,6663,0,0,21.0751,4.6522,15.6996,0.0,0.0,1586,2486.0,0.0,0.0,10.14,11.23,0.0,0.0,127,649.0,0.0,0.0,one,RT,1
0,647,6588,609,0,74.4996,17.8081,29.8166,24.7602,0.0,3498,2813.0,2227.0,0.0,17.7,11.4,9.75,0.0,84,80.0,18.0,0.0,many,SR,2
0,670,7500,2211,0,33.3094,9.9728,10.2249,11.9683,0.0,1461,795.0,956.0,0.0,5.05,5.48,5.95,0.0,22,4.0,0.0,0.0,many,SR,2
0,697,8115,7944,7943,70.0773,11.1294,18.8733,18.853,18.853,4185,1622.0,1620.0,1620.0,22.63,7.9,7.89,7.89,695,0.0,0.0,0.0,many,SR,3
0,699,7098,3256,0,52.4342,13.4487,19.4017,18.0131,0.0,1968,1683.0,1546.0,0.0,6.53,8.07,7.64,0.0,47,7.0,7.0,0.0,many,SR,2
0,713,6583,2037,0,31.9264,9.5045,10.6516,10.6516,0.0,1783,830.0,830.0,0.0,8.65,5.59,5.59,0.0,39,0.0,0.0,0.0,many,SR,2
0,733,2587,2586,0,37.4522,10.9889,12.6191,12.6191,0.0,1831,1018.0,1018.0,0.0,8.2,6.13,6.13,0.0,3,0.0,0.0,0.0,many,SR,2
0,778,4361,4360,1503,53.7403,14.6999,9.8877,9.8877,17.4266,1657,757.0,757.0,1657.0,0.85,5.39,5.39,7.61,126,0.0,0.0,126.0,many,SR,3
186,781,9585,4121,2510,92.3882,14.8141,25.7979,23.934,26.1623,2485,2008.0,1873.0,2106.0,10.97,8.57,8.56,8.66,21,-141.0,-136.0,-92.0,many,RT,3
0,798,8979,1539,1350,60.0795,16.6076,12.23,14.8634,14.4315,1320,981.0,1320.0,1227.0,-3.66,6.02,6.8,6.64,63,0.0,63.0,26.0,many,SR,3
0,806,4404,460,0,40.9114,11.675,14.0528,13.8853,0.0,1517,1155.0,1139.0,0.0,4.24,6.51,6.47,0.0,1,0.0,0.0,0.0,many,SR,2
0,817,9427,7645,0,47.6274,11.4132,19.2086,15.5112,0.0,1918,1692.0,1294.0,0.0,6.69,8.03,6.91,0.0,139,27.0,0.0,0.0,many,SR,2
0,818,8945,1565,359,48.2125,12.6702,11.7363,12.3557,9.6956,1291,941.0,1291.0,768.0,-2.24,5.89,6.3,5.36,213,5.0,213.0,21.0,many,SR,3
0,824,1693,1692,0,46.7652,11.309,16.9968,16.9968,0.0,1714,1436.0,1436.0,0.0,4.83,7.31,7.31,0.0,127,0.0,0.0,0.0,many,SR,2
0,833,8800,6417,2213,54.3061,12.6246,12.7052,13.5257,13.5257,2279,1463.0,1105.0,1105.0,6.61,6.5,6.37,6.37,321,312.0,0.0,0.0,many,SR,3
0,855,8634,8149,0,35.1907,8.9028,14.2647,10.802,0.0,1324,1184.0,844.0,0.0,2.91,6.58,5.63,0.0,143,6.0,0.0,0.0,many,SR,2
0,863,5422,5421,1296,70.5772,18.4426,15.8899,15.8899,18.1828,2058,1330.0,1330.0,1574.0,2.06,7.01,7.01,7.7,76,0.0,0.0,15.0,many,SR,3
0,867,2360,1656,0,39.3926,10.8768,11.2482,15.9832,0.0,1405,887.0,1405.0,0.0,3.19,5.75,7.09,0.0,47,0.0,47.0,0.0,many,SR,2
0,871,2642,1907,0,42.2055,11.403,13.9063,15.5517,0.0,1470,1141.0,1362.0,0.0,3.33,6.47,6.97,0.0,48,0.0,46.0,0.0,many,SR,2
0,874,4693,0,0,15.3529,6.0021,8.675,0.0,0.0,1268,769.0,0.0,0.0,7.23,6.76,0.0,0.0,6,0.0,0.0,0.0,one,SR,1
0,889,8892,4734,1694,77.5269,19.7615,14.8063,20.2145,20.3913,1908,1227.0,1761.0,1908.0,-1.15,6.72,8.32,8.49,97,0.0,5.0,97.0,many,SR,3
0,893,834,833,801,46.7511,11.846,10.9114,10.9114,11.3571,1615,855.0,855.0,1072.0,1.43,5.66,5.66,5.92,251,0.0,0.0,125.0,many,SR,3
0,899,4206,4126,4125,85.6036,21.8091,26.4632,17.4054,17.4054,2448,2445.0,1477.0,1477.0,3.02,10.32,7.44,7.44,60,54.0,0.0,0.0,many,SR,3
0,910,7112,2402,2322,60.3674,16.0008,10.8857,15.0077,16.5005,1516,870.0,1295.0,1474.0,-1.84,5.67,6.81,7.25,120,13.0,35.0,61.0,many,SR,3
0,920,6120,3872,2385,63.1224,14.0809,15.6458,15.6834,15.6273,1978,1313.0,1311.0,1306.0,2.0,6.95,6.96,6.94,320,4.0,0.0,0.0,many,SR,3
0,943,4642,1806,279,110.0476,26.1647,26.5491,27.5784,26.6177,2679,2393.0,2679.0,2385.0,-0.11,10.29,10.78,10.3,142,11.0,142.0,0.0,many,SR,3
0,945,7096,7095,5408,68.0872,17.514,16.1496,16.1496,16.1496,1773,1355.0,1355.0,1355.0,-0.5,7.08,7.08,7.08,110,0.0,0.0,0.0,many,SR,3
0,959,8632,8631,1813,111.9852,28.0682,26.534,26.534,27.7294,2495,2376.0,2376.0,2495.0,-1.88,10.27,10.27,10.65,1,0.0,0.0,1.0,many,SR,3
0,973,4783,4782,1840,66.972,17.4757,15.4712,15.4712,16.4467,1526,1290.0,1290.0,1526.0,-2.94,6.9,6.9,7.28,102,0.0,0.0,102.0,many,SR,3
231,978,3492,1222,1221,92.6277,12.91,38.3356,19.8825,19.8825,1493,3788.0,1674.0,1674.0,1.12,10.39,8.39,8.39,112,393.0,-46.0,-46.0,many,TR,3
7,983,6499,4356,0,43.6892,7.5283,18.5492,16.7737,0.0,1155,2454.0,1577.0,0.0,4.59,8.19,7.19,0.0,1,636.0,127.0,0.0,many,TR,2
21,988,8323,3807,0,57.1713,7.2068,34.312,14.7316,0.0,1182,3292.0,1350.0,0.0,4.12,10.48,7.73,0.0,74,240.0,40.0,0.0,many,TR,2
0,1009,1916,1188,0,35.2137,8.3648,12.2369,13.3704,0.0,1194,1054.0,1098.0,0.0,1.36,6.08,6.34,0.0,192,52.0,6.0,0.0,many,SR,2
140,1012,6507,4905,0,58.735,6.2217,18.8931,32.8726,0.0,1075,1842.0,2421.0,0.0,4.56,7.74,8.74,0.0,35,176.0,-241.0,0.0,many,RT,2
0,1026,5912,1259,0,28.0925,7.0755,9.9676,9.9676,0.0,1333,765.0,765.0,0.0,4.26,5.41,5.41,0.0,182,0.0,0.0,0.0,many,SR,2
0,1044,8485,0,0,13.8045,4.632,8.503,0.0,0.0,1256,751.0,0.0,0.0,7.16,6.69,0.0,0.0,95,0.0,0.0,0.0,one,SR,1
0,1055,2201,1799,0,43.4043,10.6716,13.1253,18.2073,0.0,1812,1073.0,1602.0,0.0,6.43,6.27,7.73,0.0,132,5.0,33.0,0.0,many,SR,2
0,1057,5132,5131,2032,76.6888,20.0873,15.0926,15.0926,24.0986,2211,1254.0,1254.0,2211.0,2.36,6.8,6.8,9.59,53,0.0,0.0,53.0,many,SR,3
0,1060,9425,0,0,20.7756,6.6546,13.2784,0.0,0.0,1685,1241.0,0.0,0.0,10.11,8.43,0.0,0.0,64,0.0,0.0,0.0,one,SR,1
0,1070,5365,5364,0,47.2404,12.4438,16.6757,16.6757,0.0,1570,1406.0,1406.0,0.0,3.48,7.23,7.23,0.0,39,0.0,0.0,0.0,many,SR,2
0,1072,7280,7279,0,71.5988,16.5957,26.4756,26.4756,0.0,3213,2371.0,2371.0,0.0,15.27,10.26,10.26,0.0,128,0.0,0.0,0.0,many,SR,2
0,1075,157,0,0,18.7058,6.4573,11.4716,0.0,0.0,1275,1055.0,0.0,0.0,6.4,7.77,0.0,0.0,37,0.0,0.0,0.0,one,SR,1
0,1077,9711,2179,0,32.251,8.0785,11.4993,11.5075,0.0,1274,911.0,924.0,0.0,2.89,5.82,5.83,0.0,165,0.0,9.0,0.0,many,SR,2
0,1081,5870,5869,0,54.5963,14.2652,19.3605,19.3605,0.0,1781,1670.0,1670.0,0.0,4.21,8.05,8.05,0.0,16,0.0,0.0,0.0,many,SR,2
0,1082,8484,8459,2098,99.1262,23.0092,18.8542,26.9752,27.3733,2769,1622.0,2441.0,2769.0,2.84,7.89,10.43,10.82,220,2.0,15.0,220.0,many,SR,3
0,1091,5761,1488,0,58.7571,13.8795,21.5522,21.5789,0.0,2884,1885.0,1888.0,0.0,14.56,8.73,8.74,0.0,126,0.0,0.0,0.0,many,SR,2
0,1094,8874,2002,0,43.4039,11.8511,15.3004,14.89,0.0,1812,1313.0,1235.0,0.0,6.76,6.88,6.74,0.0,28,28.0,0.0,0.0,many,SR,2
0,1098,9891,175,0,27.647,6.7228,9.9298,9.9143,0.0,1320,775.0,759.0,0.0,4.14,5.41,5.39,0.0,205,10.0,0.0,0.0,many,SR,2
0,1101,5037,1770,610,77.9932,18.5238,14.5469,27.8563,14.6599,2682,1201.0,2550.0,1227.0,6.5,6.65,10.72,6.69,214,-1.0,31.0,10.0,many,SR,3
0,1104,5599,0,0,19.0054,5.9449,12.2549,0.0,0.0,1403,1136.0,0.0,0.0,7.48,8.06,0.0,0.0,89,0.0,0.0,0.0,one,SR,1
0,1107,8387,8386,1473,68.3857,17.8391,15.0993,15.0993,18.2068,1694,1255.0,1255.0,1694.0,-1.48,6.8,6.8,7.82,98,0.0,0.0,98.0,many,SR,3
0,1108,7424,2049,0,49.3403,12.3454,19.6594,15.8157,0.0,2119,1768.0,1324.0,0.0,8.57,8.2,6.99,0.0,91,49.0,0.0,0.0,many,SR,2
0,1113,6260,6257,0,28.2305,8.0342,9.5681,9.5681,0.0,1494,727.0,727.0,0.0,6.15,5.3,5.3,0.0,103,0.0,0.0,0.0,many,SR,2
0,1124,7115,2190,908,69.5215,18.5384,16.2102,21.2916,11.3198,1948,1369.0,1948.0,904.0,1.0,7.1,8.73,5.78,63,6.0,63.0,7.0,many,SR,3
0,1138,5177,5176,0,48.414,12.6095,17.1656,17.1656,0.0,2609,1453.0,1453.0,0.0,14.13,7.37,7.37,0.0,45,0.0,0.0,0.0,many,SR,2
0,1151,7748,3857,3783,71.8143,15.9987,17.7634,17.9858,17.7823,2123,1575.0,1534.0,1570.0,1.73,7.61,7.62,7.61,311,45.0,0.0,40.0,many,SR,3
0,1169,5604,5603,0,37.2859,10.0917,12.9749,12.9749,0.0,1679,1052.0,1052.0,0.0,6.43,6.22,6.22,0.0,76,0.0,0.0,0.0,many,SR,2
0,1173,6565,6564,0,39.9333,11.252,13.6989,13.6989,0.0,2260,1121.0,1121.0,0.0,12.18,6.42,6.42,0.0,21,0.0,0.0,0.0,many,SR,2
0,1190,8652,5940,5939,87.6332,19.6199,21.768,21.8022,21.8022,3454,1907.0,1910.0,1910.0,12.5,8.8,8.81,8.81,283,0.0,0.0,0.0,many,SR,3
0,1203,5555,2826,0,36.6202,10.6823,12.2928,12.4329,0.0,1277,987.0,1010.0,0.0,2.5,6.04,6.08,0.0,16,0.0,7.0,0.0,many,SR,2
0,1204,6458,4935,0,49.0068,10.9717,17.6799,18.7896,0.0,2098,1519.0,1881.0,0.0,7.94,7.54,8.12,0.0,213,11.0,190.0,0.0,many,SR,2
0,1207,6675,6674,0,64.4051,16.1682,23.1946,23.1946,0.0,2529,2047.0,2047.0,0.0,9.93,9.24,9.24,0.0,32,0.0,0.0,0.0,many,SR,2
0,1214,6251,0,0,14.3508,5.1562,8.5244,0.0,0.0,1092,753.0,0.0,0.0,5.43,6.7,0.0,0.0,60,0.0,0.0,0.0,one,SR,1
0,1235,2965,0,0,17.0984,5.9079,10.4503,0.0,0.0,1326,951.0,0.0,0.0,7.26,7.4,0.0,0.0,52,0.0,0.0,0.0,one,SR,1
0,1237,1699,1698,0,77.1289,16.5433,29.1832,29.1832,0.0,3803,2637.0,2637.0,0.0,19.96,11.1,11.1,0.0,234,0.0,0.0,0.0,many,SR,2
0,1240,5064,5063,0,30.3431,9.2186,10.02,10.02,0.0,1469,770.0,770.0,0.0,5.66,5.42,5.42,0.0,37,0.0,0.0,0.0,many,SR,2
0,1247,8594,4873,0,43.9661,11.7976,15.2838,15.5075,0.0,2344,1273.0,1312.0,0.0,12.22,6.85,6.92,0.0,41,0.0,13.0,0.0,many,SR,2
25,1249,7125,6728,0,44.3115,7.7937,18.5341,16.8385,0.0,1304,2414.0,2447.0,0.0,3.38,9.73,8.73,0.0,172,518.0,698.0,0.0,many,RT,2
0,1259,7232,5099,2409,72.5281,19.6693,16.8926,16.8907,16.8907,1426,1426.0,1426.0,1426.0,-4.69,7.28,7.28,7.28,0,0.0,0.0,0.0,many,SR,3
0,1264,5122,2439,2423,109.5017,26.4843,22.0661,22.0661,35.7801,3428,1936.0,1936.0,3428.0,8.05,8.89,8.89,13.27,100,0.0,0.0,100.0,many,SR,3
0,1274,4817,0,0,13.7934,3.3637,9.716,0.0,0.0,1353,876.0,0.0,0.0,7.78,7.14,0.0,0.0,209,0.0,0.0,0.0,one,SR,1
0,1277,921,0,0,21.1162,7.3639,12.9228,0.0,0.0,1329,1204.0,0.0,0.0,6.49,8.3,0.0,0.0,7,0.0,0.0,0.0,one,SR,1
0,1304,5735,3170,0,38.4252,9.143,13.5067,14.4736,0.0,1337,1114.0,1216.0,0.0,2.32,6.38,6.64,0.0,176,8.0,15.0,0.0,many,SR,2
0,1332,7025,309,0,42.835,10.894,15.3223,15.2458,0.0,1738,1316.0,1269.0,0.0,5.89,6.89,6.84,0.0,100,28.0,0.0,0.0,many,SR,2
0,1339,7303,6797,0,38.2849,11.1158,13.2678,12.6571,0.0,1181,1084.0,1022.0,0.0,1.2,6.3,6.14,0.0,6,3.0,0.0,0.0,many,SR,2
0,1347,8450,2622,0,45.9198,11.6051,13.6656,19.1953,0.0,1796,1118.0,1796.0,0.0,5.77,6.41,8.13,0.0,101,0.0,101.0,0.0,many,SR,2
0,1360,4987,3858,150,48.6451,13.0044,10.8657,11.8685,11.1526,1220,851.0,1196.0,920.0,-2.98,5.65,6.12,5.76,190,0.0,179.0,30.0,many,SR,3
0,1361,4100,3447,0,41.9192,8.6431,15.9287,15.9422,0.0,2203,1339.0,1335.0,0.0,10.48,7.03,7.02,0.0,273,3.0,0.0,0.0,many,SR,2
252,1389,9823,6079,0,37.6567,5.7454,15.3684,15.7826,0.0,1285,1153.0,1518.0,0.0,6.65,6.8,6.8,0.0,75,-93.0,161.0,0.0,many,TR,2
136,1395,6266,1160,674,125.5905,17.3845,33.2159,39.6746,33.0307,2911,3377.0,3208.0,3580.0,10.0,11.68,11.49,11.68,217,299.0,-189.0,464.0,many,RT,3
0,1406,4128,3585,2044,51.1296,13.2506,14.5975,10.716,10.7626,1650,1371.0,837.0,842.0,1.1,6.8,5.61,5.62,203,117.0,1.0,1.0,many,SR,3
0,1410,2782,2034,0,44.2109,8.6368,18.6761,15.399,0.0,2038,1900.0,1284.0,0.0,7.91,8.11,6.88,0.0,331,211.0,0.0,0.0,many,SR,2
0,1411,6533,6532,2783,82.0466,20.0044,17.4072,17.4072,24.7468,2424,1477.0,1477.0,2424.0,3.12,7.44,7.44,9.92,159,0.0,0.0,159.0,many,SR,3
0,1412,2387,2386,0,32.6766,9.4909,11.0236,11.0236,0.0,1167,865.0,865.0,0.0,2.01,5.69,5.69,0.0,52,0.0,0.0,0.0,many,SR,2
0,1418,2455,795,0,44.4437,11.0306,16.0107,15.9862,0.0,1506,1441.0,1342.0,0.0,3.07,7.12,7.04,0.0,117,71.0,2.0,0.0,many,SR,2
0,1421,7565,1769,859,53.9209,15.2898,12.2366,12.555,12.0226,1186,982.0,1101.0,961.0,-3.9,6.02,6.18,5.96,73,0.0,64.0,0.0,many,SR,3
0,1439,6324,6322,3810,82.509,18.8985,20.3672,20.3672,20.3672,3052,1769.0,1769.0,1769.0,9.47,8.36,8.36,8.36,251,0.0,0.0,0.0,many,SR,3
0,1440,7416,7415,0,40.7177,11.5166,13.9519,13.9519,0.0,1485,1145.0,1145.0,0.0,3.92,6.49,6.49,0.0,11,0.0,0.0,0.0,many,SR,2
0,1444,6051,0,0,16.1506,5.855,9.5869,0.0,0.0,1238,862.0,0.0,0.0,6.62,7.09,0.0,0.0,36,0.0,0.0,0.0,one,SR,1
0,1453,3454,3453,0,40.2441,10.9937,13.9757,13.9757,0.0,1404,1148.0,1148.0,0.0,3.05,6.49,6.49,0.0,48,0.0,0.0,0.0,many,SR,2
0,1464,6685,4113,0,36.3856,10.0499,13.1104,11.9978,0.0,1236,1134.0,959.0,0.0,1.93,6.32,5.96,0.0,68,49.0,0.0,0.0,many,SR,2
0,1466,3234,2886,1720,69.5334,17.6388,15.3048,18.8234,15.5833,1782,1293.0,1713.0,1379.0,-0.94,6.87,7.97,6.99,137,13.0,68.0,56.0,many,SR,3
0,1478,7856,2338,1704,68.4585,17.0188,16.4122,16.4662,16.4122,2028,1381.0,1401.0,1381.0,1.95,7.16,7.18,7.16,159,0.0,11.0,0.0,many,SR,3
0,1482,4978,2047,0,36.2377,10.2884,11.9369,12.8008,0.0,1412,953.0,1035.0,0.0,3.92,5.94,6.17,0.0,42,0.0,0.0,0.0,many,SR,2
0,1500,7802,792,0,36.8411,10.7222,13.7267,11.1749,0.0,1141,1138.0,880.0,0.0,1.03,6.44,5.73,0.0,16,10.0,0.0,0.0,many,SR,2
0,1513,1924,0,0,14.3944,5.5052,8.2296,0.0,0.0,1167,723.0,0.0,0.0,6.32,6.6,0.0,0.0,30,0.0,0.0,0.0,one,SR,1
0,1526,6529,4889,0,37.3137,8.3314,13.8644,13.8263,0.0,1641,1137.0,1133.0,0.0,5.61,6.46,6.45,0.0,225,0.0,0.0,0.0,many,SR,2
0,1546,9686,3031,98,102.0333,25.849,19.3656,34.3018,19.6274,3157,1680.0,3157.0,1701.0,7.14,8.06,12.7,8.14,11,7.0,11.0,4.0,many,SR,3
0,1552,3694,1240,573,51.5689,14.0562,10.3602,15.0206,10.3358,1451,803.0,1449.0,800.0,-0.93,5.51,6.94,5.51,144,1.0,144.0,0.0,many,SR,3
0,1559,7431,0,0,15.1728,5.4336,9.0499,0.0,0.0,1471,807.0,0.0,0.0,9.24,6.89,0.0,0.0,53,0.0,0.0,0.0,one,SR,1
0,1560,3055,0,0,20.1362,7.2116,12.1239,0.0,0.0,1122,1122.0,0.0,0.0,4.58,8.01,0.0,0.0,0,0.0,0.0,0.0,one,SR,1
99,1561,8226,8119,0,72.7377,11.2414,33.6629,26.5192,0.0,3649,2658.0,3085.0,0.0,26.49,10.57,10.57,0.0,40,-211.0,524.0,0.0,many,RT,2
0,1570,9294,4455,3064,67.2262,16.8283,12.0559,17.5116,18.6627,1859,964.0,1662.0,1859.0,0.01,5.97,7.63,8.07,183,0.0,124.0,183.0,many,SR,3
38,1581,9463,5798,2209,64.8059,10.1913,17.5538,15.5807,20.0562,1345,2108.0,1828.0,2336.0,1.31,7.85,7.9,9.49,179,449.0,346.0,385.0,many,RT,3
0,1612,8687,4708,1089,63.602,13.9875,16.1962,16.3677,14.9509,2579,1360.0,1379.0,1241.0,8.18,7.1,7.14,6.76,335,0.0,2.0,0.0,many,SR,3
0,1624,6165,1803,0,55.7979,14.0036,20.0704,20.0704,0.0,2119,1739.0,1739.0,0.0,7.37,8.27,8.27,0.0,60,0.0,0.0,0.0,many,SR,2
0,1633,4819,4818,0,37.1733,10.7859,12.582,12.582,0.0,1514,1015.0,1015.0,0.0,4.89,6.12,6.12,0.0,16,0.0,0.0,0.0,many,SR,2
0,1634,2218,0,0,23.5927,7.9014,14.7938,0.0,0.0,1715,1396.0,0.0,0.0,9.93,8.97,0.0,0.0,12,0.0,0.0,0.0,one,SR,1
0,1672,9663,6772,1861,57.7631,13.5334,12.171,12.4935,17.6004,3133,975.0,1006.0,1550.0,15.21,6.0,6.09,7.55,283,0.0,0.0,38.0,many,SR,3
0,1687,9540,6030,0,47.5619,13.0038,17.9896,15.1259,0.0,1538,1534.0,1257.0,0.0,3.17,7.62,6.8,0.0,-1,0.0,0.0,0.0,many,SR,2
0,1725,4761,2946,0,45.1788,10.7907,16.4769,16.4769,0.0,3616,1387.0,1387.0,0.0,25.06,7.17,7.17,0.0,145,0.0,0.0,0.0,many,SR,2
0,1727,9632,8118,3394,83.1292,21.7657,15.0611,20.237,23.6153,2113,1255.0,1762.0,2105.0,0.14,6.79,8.33,9.38,20,3.0,4.0,12.0,many,SR,3
0,1730,1976,778,0,48.2194,11.7693,11.0351,23.899,0.0,2189,867.0,2121.0,0.0,9.34,5.7,9.46,0.0,128,0.0,3.0,0.0,many,SR,2
0,1742,3438,1957,130,60.9533,17.0611,21.7906,10.0608,10.0679,1976,1976.0,773.0,773.0,2.99,8.86,5.43,5.43,48,48.0,0.0,-1.0,many,SR,3
0,1746,2573,1132,1131,55.0209,13.6549,11.2105,14.1369,14.1369,1849,882.0,1162.0,1162.0,2.48,5.74,6.54,6.54,224,-1.0,-1.0,-1.0,many,SR,3
208,1763,2119,2118,0,37.8791,5.6776,15.7243,15.7243,0.0,1136,1106.0,1106.0,0.0,5.15,6.76,6.76,0.0,75,-147.0,-147.0,0.0,many,RT,2
114,1770,7225,4842,1454,81.2679,11.4551,27.9404,23.3173,17.1623,1773,3062.0,2286.0,1716.0,6.08,9.95,8.85,7.13,74,460.0,197.0,214.0,many,RT,3
0,1775,9057,9056,0,79.0695,18.8777,28.9922,28.9922,0.0,3701,2618.0,2618.0,0.0,18.99,11.04,11.04,0.0,68,0.0,0.0,0.0,many,SR,2
0,1777,6996,3548,3461,72.5744,18.799,13.0224,25.4759,13.0224,2416,1056.0,2416.0,1056.0,5.08,6.23,10.08,6.23,102,0.0,102.0,0.0,many,SR,3
0,1780,6176,5727,53,45.018,12.6961,10.7691,9.9529,9.9438,1389,998.0,769.0,762.0,-0.32,5.75,5.41,5.4,151,112.0,4.0,0.0,many,SR,3
0,1782,8334,0,0,18.0511,6.602,10.7001,0.0,0.0,1102,976.0,0.0,0.0,4.83,7.49,0.0,0.0,10,0.0,0.0,0.0,one,SR,1
0,1796,8338,3836,0,39.7579,9.2892,12.3717,16.7425,0.0,1690,994.0,1686.0,0.0,5.55,6.06,7.49,0.0,198,0.0,195.0,0.0,many,SR,2
0,1797,8764,6927,3579,100.2842,23.6844,24.4754,24.4735,24.7291,2450,2173.0,2173.0,2450.0,-0.57,9.63,9.63,9.95,178,0.0,0.0,178.0,many,SR,3
0,1805,4652,4651,0,56.9215,13.4186,20.8989,20.8989,0.0,2663,1821.0,1821.0,0.0,12.61,8.53,8.53,0.0,132,0.0,0.0,0.0,many,SR,2
0,1812,7140,5250,437,47.8597,14.5265,10.5518,10.5518,10.5594,1084,821.0,821.0,821.0,-3.65,5.57,5.57,5.57,35,0.0,0.0,0.0,many,SR,3
0,1813,7780,1857,0,35.3946,8.7347,12.7285,12.7009,0.0,1853,1029.0,1026.0,0.0,8.38,6.16,6.15,0.0,160,0.0,0.0,0.0,many,SR,2
0,1819,4468,3400,0,29.2026,9.1299,9.5072,9.5087,0.0,1101,721.0,722.0,0.0,2.05,5.28,5.28,0.0,26,0.0,1.0,0.0,many,SR,2
0,1820,7677,562,561,88.6959,22.7729,27.0541,18.1437,18.1437,2472,2472.0,1549.0,1549.0,2.72,10.48,7.67,7.67,32,32.0,0.0,0.0,many,SR,3
0,1830,2733,967,0,35.8005,8.5987,12.9787,12.9787,0.0,1633,1052.0,1052.0,0.0,5.95,6.22,6.22,0.0,178,0.0,0.0,0.0,many,SR,2
0,1835,9073,5585,4593,70.7687,17.1273,12.6177,26.4292,12.3298,3295,1042.0,2597.0,990.0,14.22,6.15,10.45,6.05,222,17.0,164.0,0.0,many,SR,3
0,1846,8758,4014,0,45.2473,12.2781,17.865,13.7013,0.0,1862,1530.0,1145.0,0.0,6.93,7.59,6.44,0.0,24,6.0,17.0,0.0,many,SR,2
0,1849,9464,6567,0,45.7075,9.5962,14.4029,20.2047,0.0,2442,1189.0,1879.0,0.0,12.11,6.61,8.43,0.0,269,0.0,90.0,0.0,many,SR,2
0,1861,3165,3164,491,64.0113,17.1995,11.682,11.682,21.3984,1976,929.0,929.0,1943.0,2.3,5.87,5.87,8.75,85,0.0,0.0,52.0,many,SR,3
0,1882,7337,3172,0,28.4025,7.7534,9.7888,9.7888,0.0,1384,747.0,747.0,0.0,4.89,5.36,5.36,0.0,129,0.0,0.0,0.0,many,SR,2
0,1892,9207,8335,0,34.4661,9.4503,12.4859,11.3374,0.0,1288,1017.0,952.0,0.0,2.79,6.1,5.83,0.0,88,8.0,40.0,0.0,many,SR,2
0,1902,6459,1164,211,52.9126,12.8931,12.2374,12.0473,13.8625,2449,1038.0,1236.0,1137.0,8.86,6.07,6.19,6.46,270,40.0,195.0,0.0,many,SR,3
0,1904,6353,3863,3100,74.0859,19.2956,17.458,17.5449,17.5449,2866,1482.0,1490.0,1490.0,9.91,7.46,7.48,7.48,61,0.0,0.0,0.0,many,SR,3
0,1924,5663,5662,0,37.6777,9.9346,13.2422,13.2422,0.0,1429,1077.0,1077.0,0.0,3.68,6.29,6.29,0.0,95,0.0,0.0,0.0,many,SR,2
0,1925,6858,4462,0,35.4841,9.4732,12.3266,12.4707,0.0,1638,992.0,1004.0,0.0,6.28,6.05,6.09,0.0,99,1.0,0.0,0.0,many,SR,2
0,1933,3330,2829,0,34.5369,10.0594,10.8552,12.4464,0.0,1214,850.0,1037.0,0.0,2.16,5.65,6.11,0.0,36,0.0,25.0,0.0,many,SR,2
0,1936,9060,877,0,36.8026,9.6868,14.0718,11.7973,0.0,1368,1186.0,965.0,0.0,3.14,6.54,5.92,0.0,105,21.0,18.0,0.0,many,SR,2
0,1940,6783,4435,1566,61.9951,15.3427,14.8757,14.8776,14.8776,3398,1234.0,1234.0,1234.0,17.49,6.74,6.74,6.74,195,0.0,0.0,0.0,many,SR,3
0,1945,9726,9287,8915,87.7889,22.3908,21.9519,20.517,20.3647,2257,1954.0,1783.0,1768.0,0.62,8.88,8.41,8.36,47,21.0,0.0,0.0,many,SR,3
233,1952,6094,1234,897,67.5964,9.6186,16.788,22.1693,17.7551,1750,2109.0,2993.0,1629.0,6.99,7.22,8.22,7.21,121,529.0,837.0,109.0,many,RT,3
0,1955,7788,7787,3820,75.5631,18.1528,17.2689,17.2689,20.5256,2070,1463.0,1463.0,2070.0,0.61,7.4,7.4,8.67,203,0.0,0.0,203.0,many,SR,3
0,1964,1442,0,0,14.7711,5.4241,8.6712,0.0,0.0,1169,769.0,0.0,0.0,6.19,6.76,0.0,0.0,45,0.0,0.0,0.0,one,SR,1
0,1965,6885,3647,0,47.629,12.6793,16.5786,16.9219,0.0,2769,1396.0,1432.0,0.0,16.03,7.2,7.29,0.0,25,0.0,2.0,0.0,many,SR,2
0,1976,7741,7740,0,42.568,8.5162,16.3132,16.3132,0.0,1898,1371.0,1371.0,0.0,7.1,7.13,7.13,0.0,294,0.0,0.0,0.0,many,SR,2
79,1982,6018,6017,4078,65.3096,10.225,16.0118,16.0118,21.9027,1828,1366.0,1366.0,3162.0,8.77,6.86,6.86,9.86,14,29.0,29.0,887.0,many,RT,3
0,1995,5391,847,0,34.718,8.6554,10.4899,14.3475,0.0,1621,814.0,1320.0,0.0,5.99,5.55,6.7,0.0,162,0.0,98.0,0.0,many,SR,2
0,2013,7639,3537,0,38.8039,9.6143,14.629,13.247,0.0,1421,1421.0,1078.0,0.0,3.1,6.84,6.3,0.0,151,151.0,0.0,0.0,many,SR,2
22,2027,9561,1731,0,43.4869,6.9055,18.7123,16.9967,0.0,1411,2094.0,1713.0,0.0,6.96,7.36,7.36,0.0,65,400.0,208.0,0.0,many,TR,2
0,2028,9137,9136,0,62.8343,13.8553,23.5544,23.5544,0.0,3499,2083.0,2083.0,0.0,19.91,9.35,9.35,0.0,203,0.0,0.0,0.0,many,SR,2
0,2035,9839,9838,1851,45.3121,13.6884,10.0013,10.0013,9.9962,1560,767.0,767.0,767.0,1.76,5.42,5.42,5.41,64,-1.0,-1.0,0.0,many,SR,3
1,2064,2819,810,0,64.2501,8.9659,20.5788,33.5114,0.0,2558,2342.0,2697.0,0.0,16.11,9.0,9.94,0.0,122,388.0,-136.0,0.0,many,TR,2
0,2065,7647,5017,0,37.0668,10.4942,12.5904,12.7513,0.0,1376,1049.0,1031.0,0.0,3.37,6.15,6.16,0.0,40,24.0,0.0,0.0,many,SR,2
0,2072,6519,0,0,16.2216,6.2618,9.2628,0.0,0.0,1122,829.0,0.0,0.0,5.51,6.97,0.0,0.0,1,0.0,0.0,0.0,one,SR,1
0,2078,4806,0,0,18.9623,6.3046,11.8662,0.0,0.0,1358,1096.0,0.0,0.0,7.14,7.91,0.0,0.0,56,0.0,0.0,0.0,one,SR,1
0,2081,3976,2620,0,61.2298,11.9712,23.6901,23.6901,0.0,3725,2096.0,2096.0,0.0,22.21,9.39,9.39,0.0,337,0.0,0.0,0.0,many,SR,2
0,2084,6172,0,0,15.766,5.9617,9.1125,0.0,0.0,1066,814.0,0.0,0.0,4.97,6.92,0.0,0.0,18,0.0,0.0,0.0,one,SR,1
0,2090,3434,2172,0,31.1674,7.5303,12.4314,10.0403,0.0,1583,1189.0,770.0,0.0,6.13,6.23,5.43,0.0,202,135.0,-1.0,0.0,many,SR,2
0,2100,9144,4377,1336,67.6728,18.6662,18.0133,13.3145,15.5888,1551,1551.0,1085.0,1314.0,-2.52,7.64,6.32,6.94,10,10.0,0.0,9.0,many,SR,3
0,2109,9662,7144,6302,94.8635,23.7624,24.0933,22.1552,22.115,2338,2177.0,1946.0,1941.0,-0.09,9.56,8.92,8.9,60,29.0,1.0,0.0,many,SR,3
0,2125,4152,1107,1106,64.91,17.9369,17.3598,13.7892,13.7892,1509,1509.0,1130.0,1130.0,-2.47,7.46,6.44,6.44,26,26.0,0.0,0.0,many,SR,3
0,2129,7631,2925,557,46.7257,11.8201,11.0646,11.0646,11.0646,1686,870.0,870.0,870.0,2.3,5.71,5.71,5.71,245,0.0,0.0,0.0,many,SR,3
210,2136,1015,1014,1013,81.2451,11.4601,16.1986,26.0061,26.0061,1631,2302.0,2058.0,2058.0,2.96,8.25,9.25,9.25,185,651.0,-153.0,-153.0,many,RT,3
150,2146,2656,1041,0,35.0937,6.7739,16.0973,11.2817,0.0,1477,1702.0,1176.0,0.0,7.04,8.0,6.41,0.0,116,214.0,181.0,0.0,many,RT,2
0,2150,4212,0,0,22.0582,7.6728,13.5339,0.0,0.0,1266,1266.0,0.0,0.0,5.63,8.52,0.0,0.0,0,0.0,0.0,0.0,one,SR,1
0,2170,6581,1816,0,41.6428,11.3575,13.5752,15.384,0.0,2110,1109.0,1285.0,0.0,10.22,6.38,6.88,0.0,40,0.0,2.0,0.0,many,SR,2
0,2177,9015,3311,427,69.4863,18.6349,16.2479,16.2333,16.2384,2215,1363.0,1363.0,1363.0,4.07,7.11,7.1,7.11,38,-1.0,0.0,-1.0,many,SR,3
197,2198,8181,4968,0,42.4496,6.5562,21.5613,13.564,0.0,1139,2835.0,1699.0,0.0,5.05,8.81,6.87,0.0,25,718.0,422.0,0.0,many,RT,2
0,2212,7655,693,0,34.7808,10.3312,11.6401,11.6373,0.0,1399,925.0,924.0,0.0,4.14,5.86,5.86,0.0,15,0.0,0.0,0.0,many,SR,2
0,2219,3636,1660,1345,76.45,17.9882,18.1467,19.8183,18.14,2502,1549.0,1753.0,1549.0,5.06,7.67,8.23,7.67,220,-1.0,27.0,0.0,many,SR,3
231,2228,4810,771,0,80.3064,11.8848,33.5304,33.5324,0.0,2121,2897.0,3660.0,0.0,10.04,11.01,11.58,0.0,24,-46.0,502.0,0.0,many,TR,2
0,2234,4524,1468,1467,78.5085,19.0565,19.023,19.023,19.023,2692,1636.0,1636.0,1636.0,6.82,7.94,7.94,7.94,163,0.0,0.0,0.0,many,SR,3
0,2248,5925,5333,5000,60.2669,17.2705,11.7194,14.7168,14.635,1404,931.0,1219.0,1211.0,-2.58,5.88,6.7,6.67,4,-1.0,0.0,0.0,many,SR,3
0,2253,7230,4076,4075,80.1819,17.1366,20.1846,20.1846,20.1846,3614,1751.0,1751.0,1751.0,15.52,8.31,8.31,8.31,361,0.0,0.0,0.0,many,SR,3
0,2261,8878,7156,0,32.8106,9.9203,10.8878,10.8714,0.0,1727,855.0,851.0,0.0,7.95,5.66,5.65,0.0,18,2.0,0.0,0.0,many,SR,2
0,2270,3177,1548,0,33.5999,9.6612,10.7715,12.0061,0.0,1170,842.0,990.0,0.0,1.83,5.63,5.98,0.0,54,0.0,22.0,0.0,many,SR,2
0,2273,5509,1910,0,47.2075,10.8751,17.429,17.4136,0.0,2405,1483.0,1478.0,0.0,11.84,7.45,7.45,0.0,173,3.0,0.0,0.0,many,SR,2
0,2280,9524,3357,3356,72.9942,17.5482,17.4584,17.8625,17.8625,1854,1481.0,1521.0,1521.0,-0.9,7.46,7.58,7.58,192,-1.0,-1.0,-1.0,many,SR,3
96,2296,2990,1183,133,117.9587,17.4958,35.7676,33.8742,28.8302,3030,3138.0,3339.0,2988.0,13.9,10.51,11.01,10.39,29,38.0,271.0,328.0,many,RT,3
0,2305,8155,663,0,35.6096,9.3885,14.6425,10.3501,0.0,1363,1337.0,801.0,0.0,3.25,6.78,5.51,0.0,114,90.0,0.0,0.0,many,SR,2
0,2308,7652,189,187,55.6784,15.8531,14.8094,11.5849,11.5849,1299,1289.0,919.0,919.0,-2.97,6.77,5.85,5.85,52,44.0,0.0,0.0,many,SR,3
0,2310,6390,4387,1534,72.8237,17.4214,16.0468,16.0468,21.0133,2144,1345.0,1345.0,2144.0,1.85,7.05,7.05,8.85,221,0.0,0.0,221.0,many,SR,3
0,2337,4900,3645,260,55.6607,13.3151,13.488,13.488,13.462,1642,1100.0,1100.0,1098.0,0.07,6.36,6.36,6.35,263,-1.0,-1.0,0.0,many,SR,3
0,2338,9080,4955,0,52.2664,12.79,11.8865,25.9851,0.0,2504,948.0,2338.0,0.0,11.85,5.93,10.12,0.0,113,0.0,11.0,0.0,many,SR,2
0,2347,9766,9765,94,51.2552,15.159,10.1303,10.1303,14.0927,1192,780.0,780.0,1159.0,-3.17,5.45,5.45,6.53,36,0.0,0.0,0.0,many,SR,3
0,2353,6667,5838,5837,49.6217,12.7558,14.4023,10.3377,10.3377,1507,1507.0,800.0,800.0,-0.27,6.87,5.51,5.51,228,228.0,0.0,0.0,many,SR,3
0,2374,7744,1959,0,32.4974,9.0007,12.2618,10.0865,0.0,1145,1001.0,776.0,0.0,1.69,6.04,5.44,0.0,91,12.0,0.0,0.0,many,SR,2
150,2403,7739,5743,0,58.6519,7.1875,24.5633,26.0377,0.0,2368,2433.0,2640.0,0.0,17.09,8.35,8.28,0.0,40,266.0,343.0,0.0,many,TR,2
0,2409,9041,8541,0,41.1199,11.4722,11.6725,16.6636,0.0,1440,927.0,1437.0,0.0,3.31,5.87,7.25,0.0,23,0.0,23.0,0.0,many,SR,2
0,2411,961,0,0,16.496,5.494,10.2686,0.0,0.0,1258,932.0,0.0,0.0,6.61,7.33,0.0,0.0,76,0.0,0.0,0.0,one,SR,1
0,2417,6950,2907,154,66.7143,16.6552,15.9821,15.984,15.9821,1451,1339.0,1339.0,1339.0,-3.76,7.04,7.04,7.04,160,0.0,0.0,0.0,many,SR,3
0,2420,9192,5931,0,38.0277,10.4694,11.3218,14.9806,0.0,1368,893.0,1265.0,0.0,3.06,5.77,6.78,0.0,57,-1.0,15.0,0.0,many,SR,2
0,2425,2974,0,0,15.1426,5.9941,8.4797,0.0,0.0,1038,749.0,0.0,0.0,4.88,6.69,0.0,0.0,2,0.0,0.0,0.0,one,SR,1
0,2445,8473,6033,2555,64.1535,16.5217,15.1982,15.1878,15.1982,2312,1265.0,1264.0,1265.0,5.85,6.83,6.82,6.83,130,0.0,0.0,0.0,many,SR,3
0,2461,6396,4064,4063,111.7149,22.7259,28.5722,28.5722,28.5722,4176,2577.0,2577.0,2577.0,14.4,10.91,10.91,10.91,459,0.0,0.0,0.0,many,SR,3
0,2469,6208,4822,0,42.5941,11.7448,13.3326,16.1733,0.0,1732,1086.0,1391.0,0.0,6.1,6.32,7.12,0.0,24,0.0,24.0,0.0,many,SR,2
0,2515,452,451,0,42.5304,9.3271,15.9003,15.9003,0.0,1718,1331.0,1331.0,0.0,5.41,7.01,7.01,0.0,225,0.0,0.0,0.0,many,SR,2
0,2534,5991,4945,2702,56.2084,16.4519,11.037,15.8423,11.037,1337,867.0,1337.0,867.0,-2.52,5.7,7.01,5.7,8,0.0,8.0,0.0,many,SR,3
0,2543,4001,0,0,20.8833,6.7527,13.2879,0.0,0.0,1418,1241.0,0.0,0.0,7.3,8.43,0.0,0.0,57,0.0,0.0,0.0,one,SR,1
0,2561,1211,0,0,19.3412,6.6974,11.8527,0.0,0.0,1320,1095.0,0.0,0.0,6.74,7.91,0.0,0.0,29,0.0,0.0,0.0,one,SR,1
0,2562,4231,4229,3261,56.7458,16.552,10.3463,10.3463,17.646,1515,801.0,801.0,1515.0,-0.79,5.51,5.51,7.53,10,0.0,0.0,10.0,many,SR,3
0,2564,3915,3914,1947,52.7152,14.1109,12.2652,12.2652,12.2652,1820,984.0,984.0,984.0,2.83,6.03,6.03,6.03,148,0.0,0.0,0.0,many,SR,3
0,2570,5240,1448,1421,76.209,18.4283,23.0301,9.7435,22.6167,2330,2196.0,742.0,2166.0,2.95,9.34,5.35,9.22,211,117.0,-1.0,125.0,many,SR,3
0,2573,8475,5021,2344,65.2405,16.9078,13.2317,19.9067,13.1005,1910,1076.0,1910.0,1064.0,1.21,6.29,8.39,6.26,132,0.0,132.0,0.0,many,SR,3
0,2576,7891,4274,2823,66.9215,17.533,14.099,12.6448,20.5257,2018,1183.0,1021.0,1892.0,2.12,6.55,6.13,8.51,105,17.0,0.0,76.0,many,SR,3
0,2580,6549,5745,3444,56.0732,16.3256,15.8568,11.0332,11.0161,1350,1348.0,867.0,872.0,-2.4,7.02,5.7,5.7,17,15.0,0.0,5.0,many,SR,3
0,2587,8911,0,0,20.3373,6.263,13.2333,0.0,0.0,1470,1236.0,0.0,0.0,7.87,8.41,0.0,0.0,89,0.0,0.0,0.0,one,SR,1
0,2590,7554,6778,0,51.7262,10.6939,19.2526,20.1419,0.0,2265,1659.0,1824.0,0.0,9.04,8.02,8.36,0.0,276,0.0,55.0,0.0,many,SR,2
0,2591,4836,2169,1891,93.3358,20.695,22.427,22.249,25.1735,4154,1971.0,2011.0,2309.0,18.5,9.0,9.0,9.92,302,0.0,40.0,47.0,many,SR,3
203,2595,6418,3051,0,44.0698,6.7709,20.1759,16.3521,0.0,1115,2116.0,2184.0,0.0,4.77,7.9,7.81,0.0,12,302.0,578.0,0.0,many,RT,2
0,2634,5382,594,0,46.5886,9.9416,17.8017,17.3301,0.0,2002,1561.0,1608.0,0.0,7.38,7.61,7.55,0.0,252,32.0,98.0,0.0,many,SR,2
50,2643,9770,6718,4483,62.8723,9.7593,19.9285,20.0172,12.0653,1557,2447.0,2291.0,1295.0,6.43,7.66,7.65,6.72,11,582.0,459.0,209.0,many,RT,3
0,2644,6125,421,0,38.9243,8.1714,18.2484,11.1587,0.0,1734,1583.0,879.0,0.0,6.09,7.73,5.73,0.0,269,16.0,0.0,0.0,many,SR,2
0,2649,7019,5043,0,54.614,14.2591,19.5439,19.2,0.0,2221,1694.0,1654.0,0.0,8.82,8.11,8.0,0.0,17,5.0,0.0,0.0,many,SR,2
0,2662,9760,6586,0,55.202,13.5748,19.1391,20.8275,0.0,1947,1648.0,1946.0,0.0,5.5,7.98,8.62,0.0,94,0.0,94.0,0.0,many,SR,2
0,2675,7975,6548,2109,55.263,15.1106,13.0207,12.64,12.64,1181,1081.0,1020.0,1020.0,-4.26,6.25,6.13,6.13,106,18.0,0.0,0.0,many,SR,3
0,2699,3293,0,0,18.5515,5.9267,11.8348,0.0,0.0,1364,1092.0,0.0,0.0,7.21,7.9,0.0,0.0,81,0.0,0.0,0.0,one,SR,1
0,2702,9729,9728,0,46.7057,12.5502,16.3636,16.3636,0.0,1674,1376.0,1376.0,0.0,4.72,7.14,7.14,0.0,21,0.0,0.0,0.0,many,SR,2
0,2707,5673,5672,4048,71.0608,18.0191,15.5845,15.5845,19.6566,2331,1301.0,1301.0,1880.0,4.53,6.93,6.93,8.31,132,0.0,0.0,129.0,many,SR,3
0,2712,6524,5708,2735,44.4726,13.7447,9.8398,9.6432,9.6432,1145,754.0,734.0,734.0,-2.39,5.37,5.32,5.32,46,1.0,0.0,0.0,many,SR,3
0,2721,7331,3504,3503,102.7792,24.5803,28.9384,23.1477,23.1477,2816,2816.0,2042.0,2042.0,2.88,11.21,9.22,9.22,144,144.0,0.0,0.0,many,SR,3
0,2725,6281,3309,0,40.808,10.2288,14.6164,14.6284,0.0,2043,1215.0,1210.0,0.0,9.44,6.67,6.67,0.0,122,4.0,0.0,0.0,many,SR,2
0,2732,8192,3789,0,33.5079,8.9058,11.7191,11.7066,0.0,1479,932.0,935.0,0.0,4.94,5.88,5.88,0.0,115,0.0,3.0,0.0,many,SR,2
0,2747,7605,3266,0,38.7502,11.2727,13.1128,13.1128,0.0,1065,1065.0,1065.0,0.0,-0.08,6.26,6.26,0.0,0,0.0,0.0,0.0,many,SR,2
0,2751,3935,2788,0,40.975,11.1291,14.3651,14.166,0.0,1896,1188.0,1166.0,0.0,8.07,6.6,6.55,0.0,48,2.0,0.0,0.0,many,SR,2
0,2763,5420,1135,1134,77.3135,18.5237,21.6104,17.3952,17.3952,2178,2178.0,1476.0,1476.0,1.37,9.01,7.44,7.44,203,203.0,0.0,0.0,many,SR,3
0,2779,3726,3437,3436,50.643,14.139,14.2445,10.2483,10.2483,1933,1289.0,792.0,792.0,4.43,6.66,5.49,5.49,118,83.0,0.0,0.0,many,SR,3
0,2815,9541,5547,3387,60.7192,16.2133,12.0996,17.9631,12.457,1692,968.0,1692.0,1045.0,-0.11,5.98,7.76,6.12,114,0.0,114.0,30.0,many,SR,3
0,2820,6641,673,672,89.8262,23.2057,21.3416,21.3398,21.3398,2107,1865.0,1865.0,1865.0,-1.27,8.66,8.66,8.66,13,0.0,0.0,0.0,many,SR,3
0,2830,6392,0,0,15.8959,4.8369,10.3234,0.0,0.0,1137,938.0,0.0,0.0,5.32,7.36,0.0,0.0,122,0.0,0.0,0.0,one,SR,1
0,2836,9010,7387,0,40.9164,8.6817,15.4285,15.4285,0.0,1959,1287.0,1287.0,0.0,8.17,6.89,6.89,0.0,254,0.0,0.0,0.0,many,SR,2
0,2839,9448,6843,1944,64.391,15.8569,15.4798,15.5036,15.4798,3441,1291.0,1294.0,1291.0,17.49,6.9,6.91,6.9,190,0.0,0.0,0.0,many,SR,3
0,2859,4230,2915,2618,80.0226,19.1352,17.4941,23.4543,17.4884,2395,1485.0,2345.0,1485.0,3.09,7.47,9.57,7.47,199,0.0,193.0,0.0,many,SR,3
0,2892,7959,5755,4345,146.4838,34.1187,26.4363,40.7001,41.2278,3954,2366.0,3954.0,3924.0,5.51,10.24,14.84,14.93,129,0.0,129.0,71.0,many,SR,3
0,2896,5762,2420,2417,56.3122,15.3871,14.4921,12.2756,12.2756,1345,1345.0,985.0,985.0,-2.81,6.75,6.03,6.03,106,106.0,0.0,0.0,many,SR,3
0,2899,4246,1866,1864,61.2014,17.4984,13.9224,13.9186,13.9186,1142,1142.0,1142.0,1142.0,-5.5,6.48,6.48,6.48,0,0.0,0.0,0.0,many,SR,3
0,2911,6301,5796,553,89.399,22.4861,17.0171,30.2086,17.0704,2841,1438.0,2841.0,1444.0,6.28,7.32,11.51,7.34,73,0.0,73.0,0.0,many,SR,3
0,2919,6795,6794,0,107.673,17.5875,43.4889,43.4889,0.0,4466,4047.0,4047.0,0.0,18.92,15.54,15.54,0.0,708,0.0,0.0,0.0,many,SR,2
0,2929,7301,5693,0,49.9769,9.7735,24.0347,14.5294,0.0,2532,2405.0,1200.0,0.0,11.83,9.75,6.64,0.0,340,195.0,0.0,0.0,many,SR,2
0,2943,5861,398,397,50.1849,15.3097,14.2786,9.4425,9.4425,1186,1186.0,715.0,715.0,-2.95,6.58,5.27,5.27,7,7.0,0.0,0.0,many,SR,3
0,2952,7498,4931,0,35.266,9.9479,12.1987,11.9217,0.0,1205,1014.0,951.0,0.0,1.87,6.04,5.94,0.0,57,26.0,0.0,0.0,many,SR,2
0,2956,4894,0,0,19.0957,6.4968,11.8096,0.0,0.0,2079,1090.0,0.0,0.0,14.73,7.89,0.0,0.0,42,0.0,0.0,0.0,one,SR,1
0,2960,7566,2506,2289,70.9253,19.3275,15.0955,15.6893,18.6542,1609,1255.0,1314.0,1599.0,-2.53,6.8,6.96,7.83,7,0.0,2.0,-1.0,many,SR,3
0,2961,4700,4169,0,28.9757,8.4108,9.9933,9.4948,0.0,1489,848.0,731.0,0.0,5.94,5.48,5.29,0.0,88,58.0,8.0,0.0,many,SR,2
136,2964,4061,0,0,22.9367,4.9287,17.4531,0.0,0.0,1061,2169.0,0.0,0.0,6.15,9.55,0.0,0.0,5,404.0,0.0,0.0,one,RT,1
0,2982,2216,0,0,26.8627,8.8794,16.9957,0.0,0.0,1640,1629.0,0.0,0.0,8.33,9.88,0.0,0.0,1,0.0,0.0,0.0,one,SR,1
0,2985,2551,457,0,27.3589,6.6643,9.8059,9.8132,0.0,1361,749.0,781.0,0.0,4.61,5.36,5.39,0.0,206,0.0,22.0,0.0,many,SR,2
0,2996,5572,1996,0,33.2,9.0606,11.4885,11.487,0.0,1158,911.0,910.0,0.0,1.68,5.82,5.82,0.0,97,1.0,0.0,0.0,many,SR,2
0,3011,7203,2545,0,28.8291,7.8149,9.9823,9.9505,0.0,1153,765.0,763.0,0.0,2.37,5.41,5.4,0.0,131,-1.0,0.0,0.0,many,SR,2
0,3040,7596,6026,0,49.0164,12.7042,15.534,19.2772,0.0,1739,1296.0,1739.0,0.0,4.75,6.91,8.09,0.0,55,0.0,55.0,0.0,many,SR,2
0,3042,6494,2975,0,33.6119,8.4599,11.9807,11.9807,0.0,1391,957.0,957.0,0.0,3.89,5.95,5.95,0.0,154,0.0,0.0,0.0,many,SR,2
0,3053,8933,7269,7268,96.024,22.6427,27.311,21.6252,21.6252,2844,2652.0,1892.0,1892.0,4.48,10.7,8.75,8.75,187,141.0,0.0,0.0,many,SR,3
0,3057,6933,0,0,24.0775,6.9541,16.1703,0.0,0.0,2543,1541.0,0.0,0.0,18.12,9.53,0.0,0.0,111,0.0,0.0,0.0,one,SR,1
0,3058,5587,1549,0,27.8727,6.862,9.9648,9.9648,0.0,1255,764.0,764.0,0.0,3.45,5.41,5.41,0.0,196,0.0,0.0,0.0,many,SR,2
0,3060,6076,4308,74,55.2225,15.5243,13.2418,12.2907,12.3194,1182,1182.0,991.0,989.0,-4.21,6.38,6.04,6.04,75,75.0,3.0,0.0,many,SR,3
0,3061,7672,0,0,23.0099,7.8346,14.2958,0.0,0.0,1817,1345.0,0.0,0.0,11.16,8.79,0.0,0.0,6,0.0,0.0,0.0,one,SR,1
0,3076,1239,0,0,20.3901,6.794,12.7722,0.0,0.0,1369,1188.0,0.0,0.0,6.96,8.24,0.0,0.0,43,0.0,0.0,0.0,one,SR,1
0,3127,6203,5523,1918,53.1302,14.2468,16.6536,10.2734,10.1217,1621,1621.0,793.0,779.0,0.51,7.41,5.49,5.45,155,155.0,-1.0,0.0,many,SR,3
0,3134,555,0,0,13.8024,4.7495,8.3877,0.0,0.0,1461,739.0,0.0,0.0,9.35,6.65,0.0,0.0,85,0.0,0.0,0.0,one,SR,1
0,3137,6233,1836,0,34.055,10.193,13.0424,9.6613,0.0,1081,1081.0,735.0,0.0,0.93,6.26,5.32,0.0,16,16.0,0.0,0.0,many,SR,2
0,3148,7068,5473,0,36.8549,8.9688,14.1477,12.4716,0.0,1535,1173.0,1045.0,0.0,4.72,6.55,6.12,0.0,166,6.0,29.0,0.0,many,SR,2
0,3162,6469,3571,0,34.9282,8.8069,12.4516,12.4535,0.0,1525,1002.0,1002.0,0.0,5.07,6.08,6.08,0.0,146,0.0,0.0,0.0,many,SR,2
0,3174,1680,0,0,21.0213,6.6156,13.5534,0.0,0.0,1926,1268.0,0.0,0.0,12.55,8.52,0.0,0.0,72,0.0,0.0,0.0,one,SR,1
0,3177,8329,6869,0,34.0146,8.3685,12.2507,12.1902,0.0,1595,998.0,980.0,0.0,5.9,6.04,6.01,0.0,169,11.0,2.0,0.0,many,SR,2
0,3178,3291,2766,514,60.5318,14.4141,14.7498,14.7345,14.6261,2085,1223.0,1221.0,1211.0,3.83,6.7,6.7,6.67,249,1.0,1.0,1.0,many,SR,3
0,3201,7636,6369,2217,123.1826,28.6566,23.7066,43.7077,23.6499,4309,2098.0,4309.0,2110.0,14.09,9.4,15.82,9.4,171,0.0,171.0,13.0,many,SR,3
0,3210,6388,1979,1978,95.3072,21.5855,26.8881,21.9932,21.9932,2800,2800.0,1929.0,1929.0,3.77,10.74,8.87,8.87,276,276.0,0.0,0.0,many,SR,3
0,3217,7921,6407,3589,93.8336,23.6263,17.8215,31.8505,17.8215,2977,1518.0,2977.0,1518.0,6.83,7.57,11.99,7.57,55,0.0,55.0,0.0,many,SR,3
0,3227,6983,6427,539,62.0661,17.5544,13.2869,15.9719,13.2869,1352,1082.0,1352.0,1082.0,-3.5,6.31,7.04,6.31,10,0.0,10.0,0.0,many,SR,3
186,3263,8133,5403,0,54.616,9.9719,22.1382,21.3238,0.0,2470,2032.0,2803.0,0.0,15.3,8.92,8.9,0.0,46,67.0,702.0,0.0,many,TR,2
0,3271,855,0,0,18.9742,6.4867,11.7021,0.0,0.0,1295,1079.0,0.0,0.0,6.53,7.85,0.0,0.0,40,0.0,0.0,0.0,one,SR,1
0,3275,7389,0,0,14.9943,5.8275,8.4973,0.0,0.0,1175,751.0,0.0,0.0,6.31,6.69,0.0,0.0,14,0.0,0.0,0.0,one,SR,1
0,3276,597,596,0,63.8606,14.4763,23.751,23.751,0.0,4467,2102.0,2102.0,0.0,29.96,9.41,9.41,0.0,168,0.0,0.0,0.0,many,SR,2
0,3288,9579,6556,2655,89.3893,22.4885,21.7772,22.2184,20.2778,2063,2020.0,2063.0,1760.0,-1.99,8.9,9.04,8.33,79,80.0,79.0,0.0,many,SR,3
0,3298,7048,0,0,15.8371,5.4782,9.6477,0.0,0.0,1208,869.0,0.0,0.0,6.28,7.11,0.0,0.0,63,0.0,0.0,0.0,one,SR,1
0,3322,8038,6632,0,37.0815,10.4107,10.2169,15.2176,0.0,1335,789.0,1335.0,0.0,2.89,5.48,6.89,0.0,49,0.0,49.0,0.0,many,SR,2
0,3336,7317,0,0,21.0247,7.4203,12.7801,0.0,0.0,1627,1189.0,0.0,0.0,9.66,8.24,0.0,0.0,0,0.0,0.0,0.0,one,SR,1
0,3370,1621,1620,0,30.2315,9.4788,9.8392,9.8392,0.0,1626,752.0,752.0,0.0,7.4,5.37,5.37,0.0,13,0.0,0.0,0.0,many,SR,2
0,3382,7743,3158,0,44.6448,11.1307,17.6062,14.4941,0.0,1908,1495.0,1201.0,0.0,7.31,7.5,6.64,0.0,109,-1.0,3.0,0.0,many,SR,2
0,3396,6828,6827,5951,67.1235,18.5713,13.6066,13.6066,19.2586,2497,1112.0,1112.0,1661.0,7.49,6.39,6.39,8.02,11,0.0,0.0,1.0,many,SR,3
0,3410,8342,8082,8081,63.9244,15.5908,15.3714,15.4465,15.4465,2683,1328.0,1288.0,1288.0,9.55,6.91,6.89,6.89,207,34.0,0.0,0.0,many,SR,3
0,3421,499,0,0,11.7676,2.4876,8.6066,0.0,0.0,1464,762.0,0.0,0.0,9.31,6.73,0.0,0.0,244,0.0,0.0,0.0,one,SR,1
0,3463,3424,3423,0,88.5322,21.3537,32.3804,32.3804,0.0,4312,2952.0,2952.0,0.0,23.52,12.09,12.09,0.0,28,0.0,0.0,0.0,many,SR,2
0,3466,6945,3348,494,54.6815,14.8014,15.658,11.1854,11.1797,1491,1491.0,881.0,881.0,-1.06,7.1,5.74,5.74,131,131.0,0.0,0.0,many,SR,3
0,3469,7107,0,0,26.0509,7.7902,17.2622,0.0,0.0,2473,1657.0,0.0,0.0,16.98,9.99,0.0,0.0,82,0.0,0.0,0.0,one,SR,1
0,3473,7062,2916,2393,78.6393,18.4473,18.5282,18.5492,20.7016,2661,1588.0,1607.0,1864.0,6.22,7.79,7.81,8.52,223,0.0,12.0,44.0,many,SR,3
0,3475,9854,9853,0,30.0272,6.9933,10.9494,10.9494,0.0,1416,859.0,859.0,0.0,4.65,5.68,5.68,0.0,220,0.0,0.0,0.0,many,SR,2
0,3478,8301,6980,0,45.8746,11.8867,15.0917,17.4679,0.0,1552,1273.0,1492.0,0.0,3.44,6.81,7.47,0.0,66,13.0,6.0,0.0,many,SR,2
0,3510,4716,4281,0,29.9011,9.3192,9.6015,9.9082,0.0,1257,744.0,771.0,0.0,3.55,5.32,5.4,0.0,23,10.0,9.0,0.0,many,SR,2
0,3511,7105,0,0,18.8991,6.7941,11.333,0.0,0.0,1440,1041.0,0.0,0.0,8.17,7.72,0.0,0.0,11,0.0,0.0,0.0,one,SR,1
182,3534,8110,2654,0,36.7874,6.4983,14.8966,14.4018,0.0,1468,1906.0,1155.0,0.0,6.5,7.96,6.95,0.0,165,441.0,-45.0,0.0,many,RT,2
0,3552,4920,4919,0,65.0396,16.1044,23.5334,23.5334,0.0,2943,2080.0,2080.0,0.0,14.09,9.34,9.34,0.0,49,0.0,0.0,0.0,many,SR,2
0,3578,3637,202,0,64.0227,14.4051,26.4982,21.2245,0.0,3090,2391.0,1897.0,0.0,15.39,10.28,8.67,0.0,181,13.0,31.0,0.0,many,SR,2
0,3596,1178,1177,0,71.1296,17.487,25.8159,25.8159,0.0,2826,2306.0,2306.0,0.0,11.58,10.05,10.05,0.0,42,0.0,0.0,0.0,many,SR,2
0,3602,2100,2099,732,64.1193,18.0569,12.4412,12.4412,19.1648,1660,1001.0,1001.0,1659.0,-0.71,6.08,6.08,8.0,6,0.0,0.0,6.0,many,SR,3
0,3628,6875,0,0,30.1192,9.3509,19.669,0.0,0.0,2195,1914.0,0.0,0.0,13.15,10.99,0.0,0.0,37,0.0,0.0,0.0,one,SR,1
198,3632,3286,1116,844,125.6971,13.9453,36.9804,38.2976,34.6541,3026,3452.0,3648.0,4097.0,15.4,11.1,11.03,11.07,166,174.0,252.0,800.0,many,RT,3
0,3664,4944,2479,0,38.4952,8.6362,14.2872,14.2573,0.0,1808,1176.0,1174.0,0.0,7.15,6.58,6.57,0.0,218,-1.0,0.0,0.0,many,SR,2
0,3676,8619,2318,0,77.7927,15.981,25.2239,34.3008,0.0,3684,2449.0,3283.0,0.0,18.1,10.05,12.82,0.0,314,143.0,100.0,0.0,many,SR,2
0,3679,3958,0,0,25.6893,8.5133,16.221,0.0,0.0,1779,1546.0,0.0,0.0,10.08,9.55,0.0,0.0,6,0.0,0.0,0.0,one,SR,1
0,3688,4756,4684,0,34.6113,8.8517,13.0299,11.5164,0.0,1225,1142.0,913.0,0.0,1.94,6.3,5.83,0.0,141,61.0,0.0,0.0,many,SR,2
0,3689,8536,619,0,37.3936,10.3827,14.3897,11.3804,0.0,1434,1201.0,900.0,0.0,3.89,6.62,5.79,0.0,54,10.0,0.0,0.0,many,SR,2
0,3700,9532,9531,0,29.5854,9.3094,9.607,9.607,0.0,1389,730.0,730.0,0.0,5.03,5.31,5.31,0.0,17,0.0,0.0,0.0,many,SR,2
0,3707,9311,1881,38,63.7254,15.5113,16.2546,14.9177,14.967,2141,1515.0,1245.0,1242.0,3.81,7.23,6.76,6.76,216,107.0,5.0,0.0,many,SR,3
0,3721,9410,4528,2878,57.2542,14.043,16.3658,12.4814,12.4307,1502,1379.0,1037.0,1000.0,-1.63,7.14,6.11,6.08,229,2.0,23.0,0.0,many,SR,3
0,3728,7024,5201,5200,51.0464,13.2217,12.0121,12.0121,12.0121,1309,960.0,960.0,960.0,-2.35,5.96,5.96,5.96,196,0.0,0.0,0.0,many,SR,3
0,3742,5511,2051,0,46.235,9.9531,17.4072,17.3865,0.0,1965,1477.0,1479.0,0.0,7.24,7.44,7.44,0.0,235,0.0,3.0,0.0,many,SR,2
0,3775,4441,2588,965,57.6363,16.3017,12.9564,11.9655,14.5219,1287,1114.0,955.0,1265.0,-3.5,6.27,5.95,6.69,49,46.0,0.0,47.0,many,SR,3
0,3780,5990,4639,0,37.8459,9.8885,13.3393,13.3535,0.0,1641,1087.0,1088.0,0.0,5.85,6.32,6.32,0.0,102,0.0,0.0,0.0,many,SR,2
0,3784,7851,333,0,37.9557,9.9079,12.379,14.3969,0.0,1306,997.0,1248.0,0.0,2.27,6.06,6.66,0.0,105,1.0,43.0,0.0,many,SR,2
0,3794,8141,8019,3946,72.1155,18.074,14.9899,14.8863,21.9119,2086,1244.0,1311.0,2058.0,1.62,6.77,6.8,8.97,151,0.0,55.0,97.0,many,SR,3
0,3850,7084,5571,0,48.627,12.3038,17.2689,17.5651,0.0,2145,1463.0,1495.0,0.0,9.12,7.4,7.49,0.0,75,0.0,2.0,0.0,many,SR,2
0,3864,7882,954,0,31.9753,8.2503,12.4352,10.1198,0.0,1218,1218.0,779.0,0.0,2.26,6.25,5.45,0.0,156,156.0,0.0,0.0,many,SR,2
0,3872,5683,3609,0,84.0912,19.5077,30.9638,31.2691,0.0,3261,2813.0,2964.0,0.0,13.08,11.65,11.86,0.0,113,0.0,86.0,0.0,many,SR,2
0,3881,9052,8232,0,49.1925,13.0784,18.5565,16.0687,0.0,1694,1619.0,1348.0,0.0,4.39,7.83,7.06,0.0,22,20.0,0.0,0.0,many,SR,2
0,3886,5179,2921,0,43.8819,10.4554,16.0031,16.0145,0.0,1726,1341.0,1343.0,0.0,5.44,7.04,7.05,0.0,152,0.0,0.0,0.0,many,SR,2
0,3891,7936,4537,4536,98.3952,23.1699,23.2574,24.5541,24.5541,2395,2053.0,2191.0,2191.0,-0.59,9.26,9.67,9.67,175,0.0,7.0,7.0,many,SR,3
0,3893,3818,3728,0,43.7917,10.7974,15.5789,16.0057,0.0,2333,1448.0,1350.0,0.0,11.81,7.05,7.05,0.0,129,105.0,6.0,0.0,many,SR,2
99,3920,5661,0,0,42.0068,7.6469,33.4783,0.0,0.0,3490,3515.0,0.0,0.0,28.71,12.82,0.0,0.0,20,324.0,0.0,0.0,one,RT,1
0,3929,8000,5904,3801,45.4014,12.0776,12.5629,9.5262,9.5408,1315,1315.0,723.0,723.0,-1.44,6.36,5.29,5.29,216,216.0,0.0,-1.0,many,SR,3
0,3935,9773,9772,0,52.6847,13.2174,18.9418,18.9418,0.0,2539,1628.0,1628.0,0.0,12.41,7.92,7.92,0.0,71,0.0,0.0,0.0,many,SR,2
0,3966,8675,8362,0,59.7837,14.3629,19.8191,23.8255,0.0,2940,1715.0,2255.0,0.0,14.89,8.19,9.57,0.0,111,0.0,103.0,0.0,many,SR,2
0,3970,5019,4974,0,48.1941,10.9824,17.5299,18.1602,0.0,1708,1555.0,1551.0,0.0,4.24,7.54,7.68,0.0,185,47.0,0.0,0.0,many,SR,2
0,3979,9574,8524,256,64.6165,18.0764,13.3497,17.766,13.4015,1725,1088.0,1521.0,1098.0,-0.09,6.32,7.56,6.34,9,0.0,6.0,4.0,many,SR,3
0,3995,9640,5649,4930,69.2478,15.8596,17.1511,17.0685,16.9509,2108,1623.0,1463.0,1431.0,2.18,7.52,7.35,7.3,280,121.0,14.0,-1.0,many,SR,3
0,4003,2917,0,0,20.1493,7.1216,12.2235,0.0,0.0,1852,1132.0,0.0,0.0,12.21,8.04,0.0,0.0,8,0.0,0.0,0.0,one,SR,1
0,4038,4406,0,0,15.4591,4.9667,9.7765,0.0,0.0,1133,882.0,0.0,0.0,5.45,7.16,0.0,0.0,101,0.0,0.0,0.0,one,SR,1
0,4042,8187,8086,0,42.4839,11.8368,14.9153,14.3957,0.0,1359,1239.0,1193.0,0.0,2.25,6.75,6.61,0.0,13,1.0,4.0,0.0,many,SR,2
0,4045,8022,3704,0,41.0204,11.7056,12.4183,15.5959,0.0,1303,999.0,1303.0,0.0,1.98,6.07,6.93,0.0,0,0.0,0.0,0.0,many,SR,2
0,4056,848,0,0,14.8293,5.8978,8.2706,0.0,0.0,1004,727.0,0.0,0.0,4.59,6.61,0.0,0.0,4,0.0,0.0,0.0,one,SR,1
0,4057,4787,3561,875,77.7911,18.4798,18.9786,18.9767,18.9767,2003,1632.0,1632.0,1632.0,-0.38,7.93,7.93,7.93,200,0.0,0.0,0.0,many,SR,3
0,4080,5035,2406,0,42.9702,11.17,18.0314,12.3945,0.0,1618,1584.0,996.0,0.0,4.62,7.68,6.06,0.0,82,32.0,0.0,0.0,many,SR,2
0,4097,7818,3180,614,62.7794,17.4943,14.431,14.4343,14.4343,1675,1192.0,1192.0,1192.0,-0.28,6.62,6.62,6.62,26,1.0,0.0,0.0,many,SR,3
0,4131,5411,3573,0,45.0969,11.8819,17.2244,14.5808,0.0,1945,1517.0,1206.0,0.0,7.73,7.44,6.66,0.0,55,41.0,0.0,0.0,many,SR,2
0,4137,2701,1797,583,44.5444,11.856,9.8401,11.3574,9.823,1303,753.0,1082.0,751.0,-1.33,5.37,5.93,5.37,215,0.0,132.0,0.0,many,SR,3
0,4142,6557,3612,0,43.3864,9.3506,15.4047,17.2004,0.0,1692,1284.0,1509.0,0.0,4.89,6.88,7.43,0.0,241,0.0,37.0,0.0,many,SR,2
0,4220,7349,7348,0,59.6248,15.0259,21.4304,21.4304,0.0,2713,1873.0,1873.0,0.0,12.84,8.69,8.69,0.0,42,0.0,0.0,0.0,many,SR,2
0,4228,4722,4721,0,32.9396,7.8382,11.956,11.956,0.0,1275,955.0,955.0,0.0,2.68,5.95,5.95,0.0,196,0.0,0.0,0.0,many,SR,2
0,4238,8543,8542,0,35.7153,9.0054,12.739,12.739,0.0,1451,1030.0,1030.0,0.0,4.15,6.16,6.16,0.0,142,0.0,0.0,0.0,many,SR,2
0,4244,7703,0,0,17.3604,6.1819,10.4386,0.0,0.0,1150,950.0,0.0,0.0,5.42,7.4,0.0,0.0,33,0.0,0.0,0.0,one,SR,1
0,4246,8523,8522,5756,60.0826,15.7143,13.6294,13.6294,15.1462,1441,1114.0,1114.0,1292.0,-2.54,6.4,6.4,6.84,134,0.0,0.0,23.0,many,SR,3
0,4248,8657,3527,3526,85.7451,22.3753,29.7746,15.5407,15.5407,2720,2720.0,1297.0,1297.0,5.94,11.3,6.92,6.92,17,17.0,0.0,0.0,many,SR,3
0,4257,5233,4379,1757,58.0562,15.0706,15.7209,9.7274,15.5916,1523,1464.0,828.0,1337.0,-1.52,7.09,5.41,6.96,167,107.0,62.0,25.0,many,SR,3
0,4312,8776,933,932,48.2802,14.4662,12.8036,9.6613,9.6613,1105,1105.0,735.0,735.0,-3.59,6.23,5.32,5.32,50,50.0,0.0,0.0,many,SR,3
0,4317,3901,3899,0,44.7299,11.5089,15.9089,15.9089,0.0,1609,1332.0,1332.0,0.0,4.27,7.02,7.02,0.0,77,0.0,0.0,0.0,many,SR,2
0,4319,7249,7248,6979,77.1693,18.6238,16.5054,16.5054,23.1517,2317,1389.0,1389.0,2315.0,2.88,7.18,7.18,9.47,193,0.0,0.0,193.0,many,SR,3
0,4337,6711,5624,2825,48.0708,13.3738,10.997,10.997,10.997,1668,863.0,863.0,863.0,2.16,5.69,5.69,5.69,135,0.0,0.0,0.0,many,SR,3
0,4383,3878,0,0,17.7895,6.3624,10.6787,0.0,0.0,1369,974.0,0.0,0.0,7.64,7.48,0.0,0.0,26,0.0,0.0,0.0,one,SR,1
0,4385,8025,0,0,14.1431,5.1812,8.2999,0.0,0.0,1216,730.0,0.0,0.0,6.81,6.62,0.0,0.0,53,0.0,0.0,0.0,one,SR,1
0,4388,9043,0,0,19.3964,6.587,12.0127,0.0,0.0,1455,1111.0,0.0,0.0,8.11,7.97,0.0,0.0,40,0.0,0.0,0.0,one,SR,1
0,4433,8359,5876,5643,51.3014,14.9295,11.4822,11.4822,11.6565,2888,909.0,909.0,940.0,14.56,5.82,5.82,5.88,57,0.0,0.0,10.0,many,SR,3
0,4436,6542,2568,0,38.3588,10.1107,13.2943,13.6745,0.0,2033,1161.0,1129.0,0.0,9.83,6.37,6.42,0.0,96,56.0,7.0,0.0,many,SR,2
0,4451,6169,2165,0,36.1054,9.5876,12.9757,12.3089,0.0,1357,1137.0,988.0,0.0,3.15,6.29,6.04,0.0,103,61.0,0.0,0.0,many,SR,2
0,4461,2027,993,992,49.6611,13.0294,11.6249,11.6249,11.6249,1335,923.0,923.0,923.0,-1.8,5.86,5.86,5.86,190,0.0,0.0,0.0,many,SR,3
0,4463,4245,4243,0,37.6347,8.6385,13.852,13.852,0.0,1941,1136.0,1136.0,0.0,8.75,6.46,6.46,0.0,204,0.0,0.0,0.0,many,SR,2
0,4471,8431,6803,0,54.2451,14.0918,16.4978,22.0496,0.0,2115,1389.0,1934.0,0.0,7.75,7.18,8.88,0.0,25,0.0,0.0,0.0,many,SR,2
0,4475,9797,28,0,57.3525,14.098,19.4214,22.1338,0.0,2603,1676.0,1958.0,0.0,12.04,8.07,8.92,0.0,82,0.0,11.0,0.0,many,SR,2
0,4517,7665,1426,0,44.4543,11.2722,19.6042,12.1519,0.0,1844,1844.0,973.0,0.0,6.53,8.26,6.0,0.0,107,107.0,0.0,0.0,many,SR,2
0,4519,7552,7551,7210,59.6143,14.9428,11.6525,11.6525,19.3645,2963,926.0,926.0,1932.0,13.09,5.87,5.87,8.29,210,0.0,0.0,186.0,many,SR,3
0,4545,7786,2674,0,30.2487,9.4157,9.8791,9.8772,0.0,1145,756.0,756.0,0.0,2.33,5.38,5.38,0.0,19,0.0,0.0,0.0,many,SR,2
0,4562,9213,6147,4447,67.504,14.987,19.2741,20.7526,10.2483,2137,2079.0,1860.0,792.0,2.26,8.41,8.53,5.49,354,296.0,38.0,0.0,many,SR,3
0,4573,3850,2961,0,40.2415,10.7894,13.9424,14.2051,0.0,1611,1145.0,1176.0,0.0,5.17,6.49,6.56,0.0,65,0.0,5.0,0.0,many,SR,2
0,4586,4625,4624,1501,49.8721,14.0029,11.3794,11.3794,11.3737,2370,899.0,899.0,899.0,9.26,5.79,5.79,5.79,111,0.0,0.0,0.0,many,SR,3
0,4587,8535,8534,0,46.7093,11.7761,16.7423,16.7423,0.0,1905,1412.0,1412.0,0.0,6.97,7.24,7.24,0.0,86,0.0,0.0,0.0,many,SR,2
0,4622,7199,3626,0,31.7243,7.1675,11.7085,11.6715,0.0,1900,953.0,928.0,0.0,9.36,5.9,5.87,0.0,234,16.0,0.0,0.0,many,SR,2
0,4632,503,502,0,43.7296,11.591,15.3818,15.3818,0.0,2432,1282.0,1282.0,0.0,13.16,6.87,6.87,0.0,54,0.0,0.0,0.0,many,SR,2
0,4645,9361,8665,8664,97.6406,21.8288,23.4183,24.74,24.74,2492,2492.0,2200.0,2200.0,-0.06,9.69,9.72,9.72,300,300.0,0.0,0.0,many,SR,3
0,4656,5209,376,0,36.4479,10.7369,12.2528,12.2528,0.0,1568,983.0,983.0,0.0,5.62,6.03,6.03,0.0,8,0.0,0.0,0.0,many,SR,2
0,4662,9451,7499,2724,83.2208,20.9263,19.9181,19.9692,19.9388,2767,1724.0,1728.0,1725.0,6.84,8.22,8.24,8.23,88,0.0,-1.0,-1.0,many,SR,3
0,4667,4573,4572,0,59.6979,14.2865,21.8244,21.8244,0.0,2599,1912.0,1912.0,0.0,11.43,8.81,8.81,0.0,108,0.0,0.0,0.0,many,SR,2
0,4678,4774,4773,0,49.4114,12.2579,17.8196,17.8196,0.0,1973,1518.0,1518.0,0.0,7.09,7.57,7.57,0.0,94,0.0,0.0,0.0,many,SR,2
0,4682,4161,1445,0,53.6357,13.7118,19.1632,19.1632,0.0,2313,1650.0,1650.0,0.0,9.91,7.99,7.99,0.0,46,0.0,0.0,0.0,many,SR,2
0,4695,2857,2856,0,30.1181,8.771,10.1284,10.1284,0.0,3644,780.0,780.0,0.0,28.45,5.45,5.45,0.0,71,0.0,0.0,0.0,many,SR,2
0,4723,6164,0,0,14.2235,3.8304,9.6808,0.0,0.0,1379,872.0,0.0,0.0,8.07,7.12,0.0,0.0,176,0.0,0.0,0.0,one,SR,1
0,4725,7797,27,0,42.4231,9.0566,16.9244,15.0327,0.0,1796,1452.0,1249.0,0.0,6.17,7.31,6.78,0.0,248,16.0,0.0,0.0,many,SR,2
0,4788,3562,1166,0,33.3115,8.0165,10.1414,13.9551,0.0,1593,783.0,1196.0,0.0,5.94,5.46,6.53,0.0,189,1.0,36.0,0.0,many,SR,2
0,4792,5504,5503,0,65.5131,15.8111,23.9052,23.9052,0.0,2696,2117.0,2117.0,0.0,11.28,9.46,9.46,0.0,83,0.0,0.0,0.0,many,SR,2
0,4793,9355,5417,0,30.392,9.2788,9.9857,10.0429,0.0,1109,766.0,779.0,0.0,1.88,5.41,5.43,0.0,33,0.0,5.0,0.0,many,SR,2
0,4801,5774,5773,2989,61.3138,15.9151,14.5218,14.5218,14.3667,2023,1200.0,1200.0,1185.0,3.35,6.64,6.64,6.6,135,0.0,0.0,0.0,many,SR,3
0,4814,2392,1236,0,74.8879,16.2306,30.8559,25.6186,0.0,3789,3043.0,2286.0,0.0,20.14,11.84,9.99,0.0,233,171.0,0.0,0.0,many,SR,2
0,4816,6167,6166,0,84.9777,15.2532,33.6149,33.6149,0.0,3721,3074.0,3074.0,0.0,16.62,12.47,12.47,0.0,491,0.0,0.0,0.0,many,SR,2
0,4817,9673,4137,1108,59.1729,15.5529,16.2651,12.7009,12.6971,1563,1563.0,1026.0,1026.0,-1.2,7.27,6.15,6.15,141,141.0,0.0,0.0,many,SR,3
0,4853,9724,5458,5208,73.2597,18.4961,17.2708,17.2708,17.9746,1842,1463.0,1463.0,1596.0,-0.88,7.4,7.4,7.68,118,0.0,0.0,45.0,many,SR,3
106,4873,4168,0,0,16.5443,3.8689,12.2074,0.0,0.0,1577,1130.0,0.0,0.0,12.35,7.68,0.0,0.0,24,20.0,0.0,0.0,one,RT,1
0,4899,5237,1738,0,31.7531,8.8551,10.9304,10.8362,0.0,1527,857.0,848.0,0.0,5.85,5.67,5.64,0.0,91,0.0,0.0,0.0,many,SR,2
0,4904,9850,6244,2947,62.7909,15.5525,22.7068,11.2225,11.2225,2310,2310.0,884.0,884.0,5.48,9.37,5.75,5.75,220,220.0,0.0,0.0,many,SR,3
0,4906,5106,0,0,16.0078,4.9311,10.3407,0.0,0.0,1249,939.0,0.0,0.0,6.49,7.36,0.0,0.0,116,0.0,0.0,0.0,one,SR,1
0,4911,1389,644,0,37.7387,10.4726,13.9739,12.0397,0.0,1224,1224.0,963.0,0.0,1.58,6.55,5.97,0.0,55,55.0,0.0,0.0,many,SR,2
0,4918,5787,4208,0,40.9518,9.5049,15.045,15.045,0.0,1500,1250.0,1250.0,0.0,3.54,6.78,6.78,0.0,185,0.0,0.0,0.0,many,SR,2
0,4951,6479,290,0,29.8775,7.1597,10.997,10.5863,0.0,1335,863.0,926.0,0.0,3.81,5.69,5.66,0.0,208,0.0,73.0,0.0,many,SR,2
176,4960,9326,3103,3102,60.9918,9.6371,10.9494,19.6497,19.6497,1125,1038.0,2101.0,2101.0,1.86,6.69,8.68,8.68,22,78.0,276.0,276.0,many,TR,3
0,4969,6454,6453,0,48.5288,12.829,17.1148,17.1148,0.0,3210,1448.0,1448.0,0.0,20.47,7.35,7.35,0.0,28,0.0,0.0,0.0,many,SR,2
38,4970,9099,5220,5194,61.0782,9.5035,14.9607,19.8971,15.5816,1199,1407.0,2389.0,1821.0,2.37,6.71,7.83,7.82,49,129.0,530.0,345.0,many,TR,3
0,4988,2754,2753,0,88.8704,20.887,32.7706,32.7706,0.0,3842,2991.0,2991.0,0.0,18.36,12.21,12.21,0.0,75,0.0,0.0,0.0,many,SR,2
0,4990,7409,1497,0,44.0905,9.2284,16.7341,16.6814,0.0,2959,1410.0,1406.0,0.0,18.05,7.24,7.23,0.0,259,-1.0,0.0,0.0,many,SR,2
0,704,4357,3303,3015,99.3987,23.6895,24.2137,24.3581,24.2223,2772,2387.0,2162.0,2387.0,2.87,9.77,9.6,9.78,174,170.0,0.0,169.0,many,SR,3
26,4351,5888,4959,0,90.1356,9.2817,31.6468,48.0037,0.0,2532,2897.0,4091.0,0.0,15.76,11.04,12.0,0.0,106,60.0,-22.0,0.0,many,RT,2
0,1296,4159,4158,3797,86.7006,19.6076,22.009,22.009,20.4554,2124,1960.0,1960.0,1790.0,-1.27,8.9,8.9,8.4,271,21.0,21.0,9.0,many,SR,3
38,1370,9743,9742,5077,84.0944,15.3258,22.3581,22.3581,22.3472,2050,2201.0,2201.0,2661.0,6.18,8.68,8.68,8.68,2,197.0,197.0,548.0,many,TR,3
246,687,5844,4890,1218,83.8878,14.8862,21.9641,23.2235,21.973,1762,2602.0,2226.0,2601.0,1.93,10.09,9.23,10.09,115,444.0,135.0,443.0,many,RT,3
0,2677,2868,1272,0,83.7881,19.4295,32.8847,29.1267,0.0,4084,3159.0,2632.0,0.0,21.76,12.39,11.08,0.0,116,111.0,0.0,0.0,many,SR,2
114,3600,5322,4035,2743,81.3093,10.5639,11.8165,22.6492,34.907,2296,1238.0,2846.0,2171.0,11.75,6.3,9.11,9.32,122,203.0,647.0,-581.0,many,RT,3
0,859,3879,1805,0,81.3444,19.4764,24.8821,34.7231,0.0,3731,2214.0,3235.0,0.0,18.81,9.76,12.86,0.0,61,0.0,37.0,0.0,many,SR,2
0,3808,1321,1320,0,75.554,12.531,30.365,30.365,0.0,3784,2754.0,2754.0,0.0,19.09,11.47,11.47,0.0,553,0.0,0.0,0.0,many,SR,2
117,559,6297,2899,1524,73.9058,8.2876,33.179,13.2966,18.0203,1308,3453.0,1683.0,2445.0,3.63,9.69,6.68,8.86,124,473.0,436.0,621.0,many,TR,3
127,4217,8245,8071,2683,74.1452,8.6187,19.5691,15.7585,28.7704,2154,2141.0,1701.0,3053.0,9.76,7.89,7.74,9.65,289,356.0,248.0,423.0,many,RT,3
0,3290,6376,2219,842,74.0503,12.9745,19.6782,19.3719,19.5911,4230,1703.0,1670.0,1723.0,22.5,8.15,8.05,8.15,610,2.0,0.0,22.0,many,SR,3
204,4315,6702,6450,0,71.5278,4.9043,32.2608,33.5965,0.0,2959,2887.0,3289.0,0.0,24.17,8.83,9.84,0.0,136,144.0,316.0,0.0,many,TR,2
0,3072,8655,8654,0,72.7735,16.0085,27.3301,27.3301,0.0,3059,2455.0,2455.0,0.0,13.18,10.52,10.52,0.0,200,0.0,0.0,0.0,many,SR,2
0,3662,9693,9691,0,72.7854,12.137,29.2136,29.2136,0.0,4501,2640.0,2640.0,0.0,27.27,11.11,11.11,0.0,536,0.0,0.0,0.0,many,SR,2
86,837,7388,5448,830,70.5226,10.2121,23.4823,16.9903,18.5753,1862,2472.0,2141.0,1786.0,8.19,8.25,7.25,7.12,79,363.0,540.0,187.0,many,TR,3
1,3149,9438,4904,0,70.1672,9.4868,32.5889,26.9227,0.0,1239,4103.0,2413.0,0.0,2.49,10.9,9.79,0.0,71,932.0,34.0,0.0,many,RT,2
0,3492,6609,4712,0,70.7543,11.012,20.4681,37.0766,0.0,4420,1778.0,3457.0,0.0,26.63,8.39,13.59,0.0,598,0.0,30.0,0.0,many,SR,2
0,2569,8206,1668,0,66.1196,14.0449,25.0559,25.0559,0.0,3164,2230.0,2230.0,0.0,15.56,9.81,9.81,0.0,247,0.0,0.0,0.0,many,SR,2
0,550,6538,2446,1149,81.0672,20.0237,19.6089,17.0171,21.9655,2123,1735.0,1438.0,2123.0,0.22,8.16,7.32,9.04,140,29.0,0.0,140.0,many,SR,3
0,1261,4250,4249,0,62.8564,13.2495,23.8588,23.8588,0.0,3620,2113.0,2113.0,0.0,21.01,9.45,9.45,0.0,256,0.0,0.0,0.0,many,SR,2
233,3353,9560,5514,0,61.5215,8.8929,25.6386,25.6287,0.0,2526,2543.0,2543.0,0.0,14.27,9.81,9.81,0.0,229,205.0,206.0,0.0,many,RT,2
0,1437,7753,4918,4114,62.1763,15.8055,11.5764,21.1834,11.5764,2239,918.0,1900.0,918.0,5.2,5.84,8.66,5.84,171,0.0,36.0,0.0,many,SR,3
0,4812,9785,9784,2085,62.1003,16.0477,14.6369,14.6369,14.757,1589,1211.0,1211.0,1428.0,-1.51,6.67,6.67,6.87,147,0.0,0.0,147.0,many,SR,3
0,998,5741,5740,0,60.7725,12.6935,23.1179,23.1179,0.0,2910,2040.0,2040.0,0.0,13.97,9.22,9.22,0.0,266,0.0,0.0,0.0,many,SR,2
53,2349,9033,1588,0,60.1014,10.1005,24.9982,23.7996,0.0,3683,3149.0,2709.0,0.0,27.84,10.07,8.96,0.0,50,688.0,485.0,0.0,many,RT,2
201,4805,9956,7928,0,59.6802,3.1976,27.7232,27.9218,0.0,2894,2829.0,3128.0,0.0,22.85,10.12,10.25,0.0,296,285.0,494.0,0.0,many,RT,2
184,3871,6868,5669,4022,76.4983,12.3997,21.1794,22.7138,18.7386,1258,2841.0,2369.0,2283.0,0.01,9.75,8.75,9.16,55,690.0,300.0,439.0,many,RT,3
0,1738,7450,3428,3364,60.2149,14.6126,15.8279,18.0584,9.6841,1895,1358.0,1895.0,737.0,1.61,7.02,7.97,5.33,251,24.0,251.0,0.0,many,SR,3
0,2039,8368,7839,0,59.2181,13.8587,21.7959,21.8026,0.0,3618,1909.0,1909.0,0.0,22.14,8.8,8.81,0.0,136,0.0,-1.0,0.0,many,SR,2
0,376,4815,4588,4587,59.3124,15.2766,15.1703,13.4525,13.4525,1461,1363.0,1098.0,1098.0,-2.3,6.9,6.35,6.35,162,72.0,0.0,0.0,many,SR,3
0,850,3986,3143,0,58.9757,14.5907,20.954,21.6983,0.0,2163,1827.0,1907.0,0.0,7.12,8.55,8.78,0.0,69,0.0,5.0,0.0,many,SR,2
263,4092,9806,8395,6874,84.0287,12.4679,22.8364,26.2371,20.9776,2183,3013.0,2811.0,1834.0,9.33,8.88,9.43,8.78,77,776.0,396.0,-9.0,many,RT,3
0,4206,6274,6273,0,57.2571,13.0007,21.2642,21.2642,0.0,2741,1857.0,1857.0,0.0,13.23,8.64,8.64,0.0,174,0.0,0.0,0.0,many,SR,2
114,3574,7227,6020,0,56.438,7.3858,21.8874,26.2242,0.0,2036,2726.0,2695.0,0.0,12.91,8.84,9.56,0.0,74,614.0,301.0,0.0,many,TR,2
0,1175,9792,9791,0,56.6629,10.3725,22.2507,22.2507,0.0,2607,1954.0,1954.0,0.0,11.27,8.95,8.95,0.0,391,0.0,0.0,0.0,many,SR,2
0,4094,7235,7234,0,55.9592,14.7129,19.8046,19.8046,0.0,2412,1713.0,1713.0,0.0,10.59,8.19,8.19,0.0,2,0.0,0.0,0.0,many,SR,2
0,979,2540,2539,0,55.8709,13.7912,20.2087,20.2087,0.0,3425,1753.0,1753.0,0.0,21.0,8.31,8.31,0.0,80,0.0,0.0,0.0,many,SR,2
0,2434,4982,3867,1877,55.8695,12.4837,15.7422,9.9439,15.7422,2128,1454.0,769.0,1454.0,4.73,7.08,5.41,7.08,350,98.0,5.0,98.0,many,SR,3
0,3309,7988,3054,3053,55.6631,15.2967,13.6107,12.4459,12.4459,4028,1215.0,1002.0,1002.0,25.52,6.48,6.08,6.08,101,73.0,0.0,0.0,many,SR,3
0,32,5325,5324,0,55.1739,11.5873,20.9394,20.9394,0.0,3016,1825.0,1825.0,0.0,16.3,8.54,8.54,0.0,258,0.0,0.0,0.0,many,SR,2
0,2042,5771,5541,3288,54.9522,13.9363,13.3743,12.328,13.3914,1743,1407.0,990.0,1409.0,1.0,6.59,6.05,6.59,230,227.0,0.0,227.0,many,SR,3
0,1220,9000,8401,0,54.6244,11.1811,21.0286,20.7117,0.0,2679,1832.0,1802.0,0.0,12.8,8.56,8.47,0.0,283,-1.0,0.0,0.0,many,SR,2
233,510,9275,8371,7028,75.8786,12.4979,21.0009,19.2065,21.712,1643,2513.0,2093.0,2285.0,4.1,9.13,7.72,7.77,45,487.0,350.0,350.0,many,RT,3
0,1374,9788,9787,4706,54.237,14.7071,10.2768,10.2768,17.1272,2216,794.0,794.0,1615.0,6.63,5.49,5.49,7.51,132,0.0,0.0,117.0,many,SR,3
0,2154,6839,3431,2755,54.2441,13.5356,10.8191,17.1656,10.8575,3250,846.0,1453.0,860.0,17.33,5.64,7.37,5.66,223,0.0,0.0,7.0,many,SR,3
0,3853,4924,4923,0,53.7538,12.8918,19.618,19.618,0.0,2568,1695.0,1695.0,0.0,12.33,8.13,8.13,0.0,119,0.0,0.0,0.0,many,SR,2
128,3474,9969,1553,0,52.6871,6.9503,24.2612,20.6745,0.0,2548,1749.0,2591.0,0.0,19.54,7.98,8.03,0.0,18,-216.0,628.0,0.0,many,RT,2
0,1401,1560,1559,0,53.3738,12.352,19.6954,19.6954,0.0,2384,1703.0,1703.0,0.0,10.35,8.15,8.15,0.0,159,0.0,0.0,0.0,many,SR,2
184,3300,8642,5056,0,51.8283,4.5604,21.1528,25.1784,0.0,1685,2802.0,2741.0,0.0,9.26,8.71,8.66,0.0,264,722.0,448.0,0.0,many,TR,2
0,901,6720,5646,2316,52.5824,13.7881,12.4764,12.224,12.2794,3822,1004.0,989.0,985.0,23.8,6.09,6.03,6.03,174,0.0,6.0,0.0,many,SR,3
0,1130,5644,684,0,52.4521,9.4146,26.5762,14.7606,0.0,2659,2392.0,1223.0,0.0,12.61,10.3,6.71,0.0,402,8.0,0.0,0.0,many,SR,2
0,1836,6006,1703,0,51.7714,10.7671,11.4327,27.8968,0.0,3618,905.0,2776.0,0.0,22.92,5.81,10.94,0.0,294,0.0,188.0,0.0,many,SR,2
0,288,6318,3349,0,51.2348,10.8407,21.3356,17.4256,0.0,2457,2101.0,1479.0,0.0,11.1,8.88,7.45,0.0,263,168.0,0.0,0.0,many,SR,2
0,1109,866,865,0,50.7181,13.3514,17.923,17.923,0.0,3099,1528.0,1528.0,0.0,18.85,7.6,7.6,0.0,23,0.0,0.0,0.0,many,SR,2
0,3996,2468,2467,0,50.433,9.3788,19.7113,19.7113,0.0,2640,1704.0,1704.0,0.0,13.04,8.16,8.16,0.0,362,0.0,0.0,0.0,many,SR,2
0,4229,6994,6993,2408,50.3203,11.6966,11.2434,11.2434,14.3258,2031,886.0,886.0,1204.0,5.03,5.75,5.75,6.61,314,0.0,0.0,16.0,many,SR,3
0,4554,9191,6594,6593,49.9688,13.6703,14.1438,10.195,10.195,1375,1375.0,786.0,786.0,-1.44,6.71,5.47,5.47,151,151.0,0.0,0.0,many,SR,3
0,46,5574,5573,0,49.7096,12.0138,18.0828,18.0828,0.0,1862,1543.0,1543.0,0.0,5.78,7.65,7.65,0.0,120,0.0,0.0,0.0,many,SR,2
0,2951,5118,4059,381,67.6786,16.1595,19.8412,14.8148,14.6691,2062,2062.0,1228.0,1241.0,1.91,8.51,6.72,6.7,245,245.0,0.0,19.0,many,SR,3
0,1649,416,415,0,49.5525,10.8768,18.558,18.558,0.0,2099,1590.0,1590.0,0.0,8.0,7.8,7.8,0.0,216,0.0,0.0,0.0,many,SR,2
0,571,2278,1184,0,49.4158,12.4799,17.8782,17.5496,0.0,2492,1525.0,1493.0,0.0,12.59,7.59,7.49,0.0,75,1.0,1.0,0.0,many,SR,2
0,2358,8569,4771,316,49.286,13.4586,12.8874,10.4633,10.7411,2217,1044.0,812.0,838.0,7.66,6.2,5.54,5.62,148,0.0,0.0,0.0,many,SR,3
0,3340,5760,2476,0,48.9206,9.9812,18.4047,18.9583,0.0,2767,1671.0,1630.0,0.0,14.87,7.84,7.92,0.0,287,68.0,0.0,0.0,many,SR,2
0,2870,9095,2970,0,48.7201,10.9263,18.3467,17.8959,0.0,2341,1569.0,1726.0,0.0,10.62,7.73,7.78,0.0,207,0.0,142.0,0.0,many,SR,2
0,1461,8947,2803,0,48.6652,11.3084,17.7974,18.0343,0.0,2533,1516.0,1592.0,0.0,12.87,7.57,7.69,0.0,165,0.0,38.0,0.0,many,SR,2
0,3179,5749,3084,722,67.0283,15.5802,15.4703,18.9558,14.8356,2019,1291.0,1826.0,1396.0,1.52,6.9,8.1,6.86,280,0.0,139.0,119.0,many,SR,3
0,2356,7370,5580,0,48.0098,10.6451,18.0419,17.8012,0.0,2932,1551.0,1516.0,0.0,17.09,7.65,7.57,0.0,208,8.0,0.0,0.0,many,SR,2
272,4809,6606,5423,0,47.0956,5.7351,24.1237,16.3535,0.0,1604,2046.0,2041.0,0.0,8.89,8.44,8.39,0.0,151,-8.0,435.0,0.0,many,TR,2
0,469,3338,1586,0,47.3837,11.3689,15.6558,18.867,0.0,2590,1308.0,1703.0,0.0,13.77,6.95,7.97,0.0,141,0.0,58.0,0.0,many,SR,2
79,1941,9469,3089,0,46.6099,6.7717,17.5575,21.4243,0.0,1554,1781.0,1928.0,0.0,8.61,7.29,8.27,0.0,64,232.0,66.0,0.0,many,RT,2
0,3251,6752,1878,0,47.1486,8.9216,18.236,18.4401,0.0,2283,1602.0,1586.0,0.0,10.01,7.74,7.77,0.0,344,31.0,5.0,0.0,many,SR,2
0,1063,5521,0,0,47.1842,12.9735,32.5721,0.0,0.0,3402,3290.0,0.0,0.0,20.97,16.39,0.0,0.0,121,0.0,0.0,0.0,one,SR,1
0,3368,6749,2308,0,46.757,12.087,20.0995,13.1071,0.0,1847,1847.0,1065.0,0.0,6.22,8.37,6.26,0.0,74,74.0,0.0,0.0,many,SR,2
0,3278,5895,994,0,46.2047,10.259,19.8658,14.5932,0.0,2864,1718.0,1207.0,0.0,16.69,8.2,6.66,0.0,213,-1.0,0.0,0.0,many,SR,2
93,1921,9302,0,0,45.3258,6.3786,38.2322,0.0,0.0,3152,3420.0,0.0,0.0,26.66,12.15,0.0,0.0,4,18.0,0.0,0.0,one,RT,1
0,4403,8931,5075,0,45.5063,11.5643,16.6874,15.8214,0.0,1535,1535.0,1324.0,0.0,3.22,7.34,6.99,0.0,91,91.0,0.0,0.0,many,SR,2
0,1120,7722,314,0,45.431,11.6721,16.7401,15.5997,0.0,2209,1431.0,1303.0,0.0,10.42,7.26,6.93,0.0,75,14.0,0.0,0.0,many,SR,2
0,2132,2895,1942,0,68.6846,16.2254,22.7823,27.6983,0.0,2727,2006.0,2535.0,0.0,10.83,9.11,10.68,0.0,108,0.0,31.0,0.0,many,SR,2
0,3882,1901,1900,0,45.0189,11.5222,16.043,16.043,0.0,2479,1345.0,1345.0,0.0,13.33,7.05,7.05,0.0,80,0.0,0.0,0.0,many,SR,2
9,3440,7515,3823,0,44.6618,8.5316,18.6814,16.3909,0.0,1702,2187.0,1884.0,0.0,8.35,8.17,8.41,0.0,68,426.0,313.0,0.0,many,TR,2
0,3545,3624,3623,0,44.9544,10.5258,16.4968,16.4968,0.0,1767,1388.0,1388.0,0.0,5.64,7.17,7.17,0.0,163,0.0,0.0,0.0,many,SR,2
0,4959,7417,3584,0,44.9066,11.9442,15.6713,15.8899,0.0,2505,1371.0,1330.0,0.0,13.69,7.0,7.01,0.0,46,44.0,0.0,0.0,many,SR,2
151,2139,3032,149,0,44.1706,6.6753,18.6009,17.9272,0.0,1686,1686.0,2346.0,0.0,9.0,7.37,8.3,0.0,139,95.0,583.0,0.0,many,TR,2
0,819,6270,3332,0,44.4184,10.9158,16.0436,16.0478,0.0,1964,1347.0,1346.0,0.0,7.92,7.06,7.06,0.0,122,1.0,0.0,0.0,many,SR,2
0,4209,7247,7246,0,43.8283,12.2019,15.1326,15.1326,0.0,2022,1258.0,1258.0,0.0,8.98,6.81,6.81,0.0,4,0.0,0.0,0.0,many,SR,2
0,937,6621,5355,0,43.8104,10.2347,16.0678,16.0954,0.0,1860,1347.0,1350.0,0.0,6.82,7.06,7.07,0.0,169,0.0,0.0,0.0,many,SR,2
0,4926,8692,7374,0,43.6478,10.7606,14.4231,17.0559,0.0,2124,1193.0,1584.0,0.0,9.63,6.62,7.46,0.0,131,2.0,100.0,0.0,many,SR,2
0,2342,6400,2192,0,43.388,9.0436,17.8556,15.0488,0.0,1799,1557.0,1250.0,0.0,5.93,7.62,6.78,0.0,267,25.0,0.0,0.0,many,SR,2
0,1802,7845,7844,0,43.3132,10.598,15.6625,15.6625,0.0,1925,1309.0,1309.0,0.0,7.7,6.95,6.95,0.0,131,0.0,0.0,0.0,many,SR,2
0,487,9911,3889,0,43.2652,9.0779,14.1501,18.5893,0.0,1859,1237.0,1670.0,0.0,6.49,6.6,7.88,0.0,270,52.0,54.0,0.0,many,SR,2
0,4421,9253,495,0,42.9875,10.5865,17.0491,13.9607,0.0,1710,1538.0,1149.0,0.0,5.43,7.42,6.49,0.0,132,68.0,2.0,0.0,many,SR,2
0,4231,3390,1407,0,42.9234,10.2342,13.3973,17.881,0.0,2076,1092.0,1725.0,0.0,9.1,6.34,7.77,0.0,168,0.0,143.0,0.0,many,SR,2
0,3067,4804,3966,0,42.822,10.4165,14.9775,16.0435,0.0,2349,1243.0,1380.0,0.0,12.2,6.76,7.08,0.0,140,0.0,25.0,0.0,many,SR,2
0,1480,8898,0,0,42.9676,10.2619,31.1277,0.0,0.0,3724,3135.0,0.0,0.0,24.9,15.78,0.0,0.0,269,0.0,0.0,0.0,one,SR,1
95,3747,9568,8807,0,42.1391,6.464,23.2464,11.4485,0.0,2076,2005.0,1504.0,0.0,12.98,8.61,8.19,0.0,161,1.0,319.0,0.0,many,RT,2
184,4491,4290,1061,0,42.0149,8.751,16.3409,15.9364,0.0,1345,1514.0,2035.0,0.0,5.24,8.11,7.76,0.0,9,51.0,491.0,0.0,many,TR,2
262,4395,1040,0,0,41.8427,6.7332,34.2131,0.0,0.0,1961,3671.0,0.0,0.0,12.52,12.96,0.0,0.0,91,392.0,0.0,0.0,one,RT,1
176,3100,4850,1917,0,41.7202,6.673,14.3867,19.8364,0.0,1325,1436.0,2799.0,0.0,6.5,7.18,9.06,0.0,51,157.0,775.0,0.0,many,TR,2
0,4010,8266,2693,0,42.2845,8.4048,16.3344,16.121,0.0,2343,1416.0,1353.0,0.0,11.78,7.17,7.08,0.0,301,31.0,0.0,0.0,many,SR,2
0,2003,1371,0,0,42.1694,9.5808,31.015,0.0,0.0,4619,3124.0,0.0,0.0,34.34,15.74,0.0,0.0,313,0.0,0.0,0.0,one,SR,1
0,951,9412,9411,0,41.9257,9.9022,15.3257,15.3257,0.0,2048,1277.0,1277.0,0.0,9.16,6.86,6.86,0.0,167,0.0,0.0,0.0,many,SR,2
0,3899,5731,43,0,41.8957,8.7087,17.2946,14.4799,0.0,1670,1559.0,1196.0,0.0,4.82,7.49,6.63,0.0,273,66.0,0.0,0.0,many,SR,2
0,4509,6958,4579,0,41.8746,9.8412,20.1943,10.43,0.0,2073,2024.0,809.0,0.0,9.08,8.56,5.53,0.0,194,193.0,0.0,0.0,many,SR,2
0,4878,9818,8164,0,41.7742,8.8338,15.7889,15.7253,0.0,1703,1703.0,1315.0,0.0,5.05,7.29,6.97,0.0,273,273.0,0.0,0.0,many,SR,2
0,1943,6734,4494,0,41.6256,10.1137,14.8272,15.3237,0.0,2066,1229.0,1310.0,0.0,9.44,6.72,6.89,0.0,146,0.0,24.0,0.0,many,SR,2
0,3143,7470,2589,0,41.4496,9.7409,15.1698,15.1668,0.0,1696,1368.0,1262.0,0.0,5.46,6.9,6.82,0.0,178,76.0,0.0,0.0,many,SR,2
0,3695,2653,2652,0,41.3925,8.9821,15.5141,15.5141,0.0,1622,1295.0,1295.0,0.0,4.59,6.91,6.91,0.0,236,0.0,0.0,0.0,many,SR,2
0,4166,6695,5352,0,41.3396,9.4006,20.1791,10.3734,0.0,1948,1794.0,809.0,0.0,7.97,8.34,5.52,0.0,210,31.0,4.0,0.0,many,SR,2
0,1409,8139,4043,0,41.3275,9.0048,15.5217,15.4193,0.0,1469,1295.0,1313.0,0.0,2.99,6.91,6.91,0.0,234,0.0,20.0,0.0,many,SR,2
0,2191,8849,8848,0,40.8552,10.7842,14.3753,14.3753,0.0,2372,1186.0,1186.0,0.0,13.02,6.6,6.6,0.0,75,0.0,0.0,0.0,many,SR,2
0,1241,7128,7127,0,40.816,11.6339,13.9424,13.9424,0.0,1748,1145.0,1145.0,0.0,6.68,6.49,6.49,0.0,3,0.0,0.0,0.0,many,SR,2
0,2893,7319,6781,0,40.7116,10.9767,13.2118,15.2106,0.0,1366,1075.0,1277.0,0.0,2.53,6.29,6.84,0.0,57,0.0,8.0,0.0,many,SR,2
231,2225,7942,4629,0,40.3218,7.5231,19.5333,12.172,0.0,2179,2803.0,1467.0,0.0,13.04,9.36,7.57,0.0,158,778.0,285.0,0.0,many,TR,2
109,257,4403,2797,0,40.0522,7.4519,15.4561,16.1928,0.0,1393,2176.0,1971.0,0.0,6.06,7.85,7.67,0.0,76,621.0,433.0,0.0,many,RT,2
184,2992,3775,592,0,39.9963,8.174,15.446,15.446,0.0,2625,1965.0,1965.0,0.0,19.19,7.65,7.65,0.0,14,472.0,472.0,0.0,many,TR,2
0,2175,5703,1375,0,40.1811,11.4175,13.7388,13.7388,0.0,2242,1125.0,1125.0,0.0,11.97,6.43,6.43,0.0,11,0.0,0.0,0.0,many,SR,2
191,3813,9307,4627,0,39.7864,8.2343,18.9828,11.6381,0.0,1079,2455.0,1435.0,0.0,2.95,8.48,7.83,0.0,10,595.0,276.0,0.0,many,RT,2
0,3038,7634,2805,0,39.7292,8.591,17.277,12.5106,0.0,1701,1470.0,1008.0,0.0,5.71,7.41,6.1,0.0,243,4.0,0.0,0.0,many,SR,2
0,2483,8197,76,0,39.5542,11.0677,11.1499,16.0556,0.0,2044,897.0,1360.0,0.0,9.93,5.74,7.07,0.0,32,14.0,10.0,0.0,many,SR,2
0,2332,3186,569,0,39.438,10.9768,17.7319,9.4434,0.0,1567,1564.0,714.0,0.0,4.88,7.59,5.26,0.0,41,39.0,0.0,0.0,many,SR,2
0,1953,1308,568,0,39.3347,8.9917,12.9414,16.0624,0.0,1799,1157.0,1386.0,0.0,6.84,6.3,7.09,0.0,209,77.0,28.0,0.0,many,SR,2
0,63,6919,3567,0,39.17,10.3099,15.0496,12.5201,0.0,1408,1277.0,1008.0,0.0,3.17,6.81,6.1,0.0,89,19.0,0.0,0.0,many,SR,2
0,1616,3800,3188,0,39.1282,11.324,12.2547,14.2889,0.0,1180,983.0,1180.0,0.0,1.04,6.03,6.58,0.0,2,0.0,2.0,0.0,many,SR,2
0,2178,8333,8332,0,39.1065,10.888,13.4734,13.4734,0.0,1850,1100.0,1100.0,0.0,7.98,6.36,6.36,0.0,38,0.0,0.0,0.0,many,SR,2
0,3724,7379,3569,0,38.8145,11.2068,13.4899,12.8617,0.0,1774,1111.0,1041.0,0.0,7.32,6.37,6.19,0.0,7,7.0,0.0,0.0,many,SR,2
0,1475,6448,4055,0,38.6959,10.075,11.2634,16.069,0.0,2017,889.0,1427.0,0.0,9.58,5.76,7.12,0.0,104,0.0,57.0,0.0,many,SR,2
0,3238,7846,3169,0,61.2001,10.6624,24.3036,24.3167,0.0,2705,2157.0,2163.0,0.0,11.14,9.58,9.59,0.0,450,0.0,4.0,0.0,many,SR,2
0,2680,9577,9032,0,38.4792,10.6934,11.7695,14.7547,0.0,2179,937.0,1238.0,0.0,11.53,5.9,6.72,0.0,45,0.0,11.0,0.0,many,SR,2
0,1909,7479,5113,0,38.4761,10.4268,15.0437,11.7322,0.0,1993,1292.0,971.0,0.0,9.47,6.82,5.92,0.0,71,30.0,27.0,0.0,many,SR,2
0,2067,966,0,0,38.5514,8.5721,28.5107,0.0,0.0,3753,2856.0,0.0,0.0,26.19,14.69,0.0,0.0,317,0.0,0.0,0.0,one,SR,1
0,4140,4054,4053,0,38.3007,10.5653,13.2384,13.2384,0.0,1181,1077.0,1077.0,0.0,1.07,6.29,6.29,0.0,52,0.0,0.0,0.0,many,SR,2
0,3150,2030,41,0,37.987,9.0322,15.6545,12.0054,0.0,2928,1361.0,959.0,0.0,19.09,6.99,5.96,0.0,179,38.0,0.0,0.0,many,SR,2
76,1471,4058,0,0,37.2669,5.484,31.0844,0.0,0.0,2865,3915.0,0.0,0.0,23.8,11.98,0.0,0.0,55,813.0,0.0,0.0,one,TR,1
0,4161,9780,9779,0,37.8202,9.1097,13.7131,13.7131,0.0,1762,1122.0,1122.0,0.0,6.94,6.42,6.42,0.0,167,0.0,0.0,0.0,many,SR,2
0,4145,8667,0,0,37.8721,8.7254,27.7115,0.0,0.0,3601,2771.0,0.0,0.0,24.89,14.35,0.0,0.0,286,0.0,0.0,0.0,one,SR,1
0,282,7460,5410,0,37.5955,10.9821,12.6901,12.6942,0.0,2607,1026.0,1025.0,0.0,16.31,6.15,6.15,0.0,6,1.0,0.0,0.0,many,SR,2
0,541,1330,1130,0,37.5141,10.5513,11.9702,13.7496,0.0,1187,956.0,1187.0,0.0,1.28,5.95,6.48,0.0,44,0.0,44.0,0.0,many,SR,2
0,4685,5184,2923,0,37.3996,9.0358,13.9234,13.1503,0.0,1712,1334.0,1067.0,0.0,6.36,6.63,6.27,0.0,176,137.0,-1.0,0.0,many,SR,2
0,2127,5712,1485,0,37.3831,6.9032,17.834,11.3043,0.0,2372,1597.0,892.0,0.0,12.83,7.65,5.77,0.0,353,55.0,0.0,0.0,many,SR,2
0,1804,8009,7920,0,36.9955,9.3505,12.2043,14.1752,0.0,2024,978.0,1285.0,0.0,9.86,6.01,6.64,0.0,139,0.0,85.0,0.0,many,SR,2
0,844,2390,2389,0,36.9478,10.463,12.6295,12.6295,0.0,2557,1019.0,1019.0,0.0,15.82,6.13,6.13,0.0,39,0.0,0.0,0.0,many,SR,2
0,2443,2769,2767,0,36.8621,10.9008,12.3746,12.3746,0.0,1635,995.0,995.0,0.0,6.26,6.06,6.06,0.0,1,0.0,0.0,0.0,many,SR,2
0,1659,6135,6134,0,36.7757,10.7739,12.3945,12.3945,0.0,1476,996.0,996.0,0.0,4.58,6.06,6.06,0.0,10,0.0,0.0,0.0,many,SR,2
0,15,8429,3470,0,36.7468,10.423,11.9769,13.122,0.0,2512,957.0,1108.0,0.0,15.35,5.95,6.3,0.0,41,0.0,30.0,0.0,many,SR,2
0,4773,7400,5430,0,36.6498,10.4128,12.5087,12.5087,0.0,2880,1008.0,1008.0,0.0,19.26,6.1,6.1,0.0,39,0.0,0.0,0.0,many,SR,2
0,4438,6753,17,0,36.5154,10.0139,10.1056,15.1634,0.0,1777,778.0,1341.0,0.0,7.57,5.45,6.88,0.0,74,0.0,57.0,0.0,many,SR,2
0,2088,9141,8964,0,36.5133,9.9033,14.7772,10.5977,0.0,1763,1241.0,886.0,0.0,7.4,6.72,5.63,0.0,83,12.0,44.0,0.0,many,SR,2
0,4971,6441,3634,0,36.377,8.6646,11.0009,15.4528,0.0,1396,870.0,1290.0,0.0,3.33,5.69,6.89,0.0,182,5.0,1.0,0.0,many,SR,2
0,2931,5539,3076,0,36.3301,7.7551,11.1787,16.1147,0.0,1622,880.0,1362.0,0.0,5.5,5.73,7.08,0.0,258,0.0,7.0,0.0,many,SR,2
0,4618,6739,2287,0,36.2266,9.878,12.6071,12.5192,0.0,2144,1016.0,1009.0,0.0,11.51,6.12,6.1,0.0,77,-1.0,0.0,0.0,many,SR,2
0,4002,7139,6446,0,52.5894,12.4373,20.4402,18.0911,0.0,2244,1962.0,1544.0,0.0,8.97,8.55,7.65,0.0,147,132.0,0.0,0.0,many,SR,2
0,1198,5486,2310,0,36.1453,10.7475,10.9152,13.2853,0.0,1085,855.0,1085.0,0.0,0.62,5.66,6.31,0.0,2,0.0,2.0,0.0,many,SR,2
0,1025,5642,5190,0,36.1905,7.3334,15.5143,12.0411,0.0,2010,1460.0,968.0,0.0,9.39,7.04,5.97,0.0,299,118.0,4.0,0.0,many,SR,2
78,542,8813,1113,0,60.2829,7.9933,25.0074,26.2906,0.0,1395,2443.0,3114.0,0.0,5.72,8.96,9.96,0.0,64,214.0,594.0,0.0,many,TR,2
0,1315,1962,0,0,36.1123,9.9186,24.8768,0.0,0.0,3267,2469.0,0.0,0.0,22.45,13.17,0.0,0.0,132,0.0,0.0,0.0,one,SR,1
0,4649,6345,5999,0,35.8776,10.5264,11.437,12.7171,0.0,1143,922.0,1027.0,0.0,1.23,5.82,6.15,0.0,17,12.0,0.0,0.0,many,SR,2
0,2259,4414,2022,0,35.7557,10.0537,12.288,12.2024,0.0,1068,1068.0,978.0,0.0,0.31,6.1,6.01,0.0,58,58.0,0.0,0.0,many,SR,2
0,3763,9778,2266,0,52.0447,13.4438,18.7388,18.3036,0.0,2213,1608.0,1575.0,0.0,9.21,7.86,7.73,0.0,40,0.0,7.0,0.0,many,SR,2
0,4477,8896,3094,0,35.5439,10.1007,13.7143,10.5227,0.0,1674,1177.0,864.0,0.0,6.72,6.47,5.6,0.0,52,39.0,33.0,0.0,many,SR,2
0,4318,5905,5117,0,35.541,8.8793,11.4395,13.9792,0.0,1495,953.0,1260.0,0.0,4.51,5.85,6.59,0.0,158,34.0,80.0,0.0,many,SR,2
0,1886,8614,8525,0,35.5092,7.9036,10.2269,16.1191,0.0,2088,802.0,1393.0,0.0,10.59,5.49,7.11,0.0,234,9.0,29.0,0.0,many,SR,2
0,3888,4475,3174,0,35.4266,10.3789,12.0083,11.8513,0.0,1714,960.0,945.0,0.0,7.3,5.96,5.92,0.0,22,0.0,0.0,0.0,many,SR,2
0,673,9104,5765,0,35.374,10.1687,11.0371,12.9733,0.0,1120,881.0,1073.0,0.0,1.01,5.71,6.24,0.0,40,10.0,15.0,0.0,many,SR,2
134,3328,6464,0,0,34.8588,5.6046,28.5698,0.0,0.0,1771,3211.0,0.0,0.0,12.44,11.84,0.0,0.0,38,429.0,0.0,0.0,one,TR,1
0,1456,2134,0,0,35.3949,10.5829,23.5504,0.0,0.0,3194,2328.0,0.0,0.0,22.18,12.62,0.0,0.0,53,0.0,0.0,0.0,one,SR,1
0,4334,8248,6393,0,35.273,8.3576,13.0194,12.6448,0.0,1544,1234.0,1021.0,0.0,4.95,6.38,6.13,0.0,198,127.0,0.0,0.0,many,SR,2
0,3720,6112,5003,0,35.2398,9.1171,12.1586,12.7451,0.0,1250,974.0,1065.0,0.0,2.15,6.0,6.19,0.0,127,0.0,25.0,0.0,many,SR,2
0,131,6757,0,0,35.2834,9.711,24.2802,0.0,0.0,3659,2406.0,0.0,0.0,26.79,12.92,0.0,0.0,131,0.0,0.0,0.0,one,SR,1
0,3660,1315,1314,0,35.1283,7.5648,13.1547,13.1547,0.0,2790,1069.0,1069.0,0.0,18.01,6.27,6.27,0.0,254,0.0,0.0,0.0,many,SR,2
0,3436,3665,2804,0,35.0813,9.5634,12.0816,12.2276,0.0,1109,967.0,1086.0,0.0,0.77,5.98,6.11,0.0,90,0.0,75.0,0.0,many,SR,2
0,4659,9054,7588,0,34.9365,8.1988,10.5381,14.9653,0.0,2209,820.0,1267.0,0.0,12.09,5.56,6.78,0.0,199,1.0,18.0,0.0,many,SR,2
168,2325,5947,0,0,34.6683,8.22,25.4769,0.0,0.0,2386,3947.0,0.0,0.0,16.31,13.71,0.0,0.0,36,1060.0,0.0,0.0,one,RT,1
0,3666,7425,39,0,34.8609,9.0082,12.4326,12.1966,0.0,1238,1000.0,1162.0,0.0,1.99,6.08,6.16,0.0,137,0.0,132.0,0.0,many,SR,2
0,3930,4637,1930,0,34.7981,10.2303,11.6963,11.6963,0.0,2765,930.0,930.0,0.0,18.45,5.88,5.88,0.0,24,0.0,0.0,0.0,many,SR,2
0,1250,9143,4102,0,34.7554,7.1554,9.9048,16.4376,0.0,1910,759.0,1410.0,0.0,8.74,5.39,7.18,0.0,284,0.0,19.0,0.0,many,SR,2
0,246,7621,541,0,34.6338,8.8141,10.8572,13.7376,0.0,1336,850.0,1336.0,0.0,3.0,5.65,6.6,0.0,151,0.0,151.0,0.0,many,SR,2
0,3470,7241,1075,0,34.6403,8.0209,13.7785,11.6051,0.0,1484,1166.0,965.0,0.0,4.46,6.47,5.89,0.0,212,27.0,31.0,0.0,many,SR,2
0,58,5718,3530,0,34.5625,10.3595,11.5117,11.5259,0.0,2045,912.0,913.0,0.0,10.98,5.83,5.83,0.0,9,0.0,0.0,0.0,many,SR,2
0,2504,4301,441,0,34.6368,7.7389,14.6032,11.0446,0.0,1519,1382.0,867.0,0.0,4.7,6.8,5.7,0.0,240,125.0,0.0,0.0,many,SR,2
0,1989,4512,1911,0,34.4717,9.7518,13.5237,10.0152,0.0,2199,1127.0,769.0,0.0,12.46,6.39,5.42,0.0,60,16.0,0.0,0.0,many,SR,2
0,4863,6810,5483,0,34.199,10.0181,11.5079,11.5079,0.0,2071,912.0,912.0,0.0,11.26,5.83,5.83,0.0,32,0.0,0.0,0.0,many,SR,2
0,4638,9354,7806,0,34.1643,9.9204,13.5549,9.5176,0.0,1167,1167.0,722.0,0.0,1.71,6.43,5.29,0.0,43,43.0,0.0,0.0,many,SR,2
0,3416,6849,6848,0,34.1538,9.5607,11.7086,11.7086,0.0,2340,931.0,931.0,0.0,13.99,5.88,5.88,0.0,70,0.0,0.0,0.0,many,SR,2
92,3615,5654,3299,0,33.7787,5.2086,10.7878,16.899,0.0,1286,1399.0,1796.0,0.0,5.55,6.76,8.08,0.0,187,359.0,236.0,0.0,many,TR,2
0,2243,9278,5570,0,33.9882,10.0823,11.1753,11.5729,0.0,1878,879.0,917.0,0.0,9.3,5.73,5.84,0.0,23,-1.0,-1.0,0.0,many,SR,2
0,3248,6316,703,0,33.9968,8.5835,14.046,10.1617,0.0,1487,1258.0,783.0,0.0,4.76,6.6,5.46,0.0,155,74.0,0.0,0.0,many,SR,2
0,1977,5456,2986,0,33.9774,9.3018,10.2264,13.2608,0.0,1213,789.0,1213.0,0.0,2.04,5.48,6.41,0.0,95,0.0,96.0,0.0,many,SR,2
0,4026,9984,718,0,33.9453,9.9246,12.3198,10.5403,0.0,1190,988.0,819.0,0.0,2.05,6.04,5.56,0.0,36,-1.0,0.0,0.0,many,SR,2
136,1123,6151,5728,0,33.5099,5.2928,10.698,16.7701,0.0,1275,1030.0,2307.0,0.0,6.65,6.79,7.7,0.0,99,81.0,654.0,0.0,many,RT,2
0,3287,8756,4714,0,33.9061,10.3042,11.2316,11.2206,0.0,1499,887.0,884.0,0.0,5.39,5.75,5.75,0.0,3,1.0,0.0,0.0,many,SR,2
0,77,7511,7510,0,33.8817,9.5112,11.6002,11.6002,0.0,2001,921.0,921.0,0.0,10.48,5.85,5.85,0.0,70,0.0,0.0,0.0,many,SR,2
0,320,1542,84,0,33.8043,9.9088,9.6851,13.0524,0.0,2645,738.0,1065.0,0.0,17.35,5.33,6.25,0.0,35,0.0,4.0,0.0,many,SR,2
0,1486,9179,5944,0,33.7479,9.739,11.2919,11.5558,0.0,1810,891.0,926.0,0.0,8.55,5.77,5.85,0.0,49,0.0,7.0,0.0,many,SR,2
0,111,6812,1697,0,33.802,7.8123,11.9174,12.8474,0.0,1328,1107.0,1040.0,0.0,2.92,6.06,6.19,0.0,219,112.0,0.0,0.0,many,SR,2
0,1488,4291,1579,0,33.7675,8.2136,14.104,10.2397,0.0,1480,1274.0,791.0,0.0,4.65,6.62,5.48,0.0,183,82.0,0.0,0.0,many,SR,2
0,1626,9886,6681,0,33.6105,9.6608,11.8483,10.9388,0.0,1163,948.0,902.0,0.0,1.75,5.92,5.71,0.0,55,3.0,32.0,0.0,many,SR,2
9,2034,2745,923,0,33.3298,7.8444,9.5161,15.0806,0.0,1653,1321.0,1571.0,0.0,9.36,7.43,7.46,0.0,11,334.0,204.0,0.0,many,RT,2
0,2172,8098,144,0,33.5973,8.5143,13.6451,10.2429,0.0,1696,1122.0,860.0,0.0,7.05,6.41,5.54,0.0,153,4.0,49.0,0.0,many,SR,2
0,744,1409,745,0,33.5036,9.7292,11.5355,11.0814,0.0,1360,915.0,909.0,0.0,3.86,5.83,5.74,0.0,47,0.0,27.0,0.0,many,SR,2
0,2689,8673,7558,0,33.4061,10.1749,11.0455,11.0455,0.0,2924,868.0,868.0,0.0,20.44,5.7,5.7,0.0,6,0.0,0.0,0.0,many,SR,2
0,2788,8869,7044,0,51.3256,11.4609,19.8001,18.4592,0.0,1876,1745.0,1657.0,0.0,5.25,8.21,7.84,0.0,204,23.0,54.0,0.0,many,SR,2
0,3459,9259,0,0,33.3111,9.3823,22.7024,0.0,0.0,2654,2238.0,0.0,0.0,16.83,12.26,0.0,0.0,113,0.0,0.0,0.0,one,SR,1
0,4630,9368,4122,0,33.2818,7.9017,12.4478,11.7333,0.0,1506,1031.0,933.0,0.0,5.02,6.1,5.89,0.0,197,21.0,0.0,0.0,many,SR,2
0,1917,8113,3326,0,33.2533,7.936,10.1493,13.9628,0.0,1522,782.0,1274.0,0.0,5.14,5.46,6.59,0.0,199,0.0,91.0,0.0,many,SR,2
0,555,8566,8564,0,33.1695,10.0306,11.0008,11.0008,0.0,2103,863.0,863.0,0.0,11.85,5.69,5.69,0.0,14,0.0,0.0,0.0,many,SR,2
0,59,5347,3207,0,33.1221,9.4571,11.2567,11.2567,0.0,1145,888.0,888.0,0.0,1.66,5.76,5.76,0.0,62,0.0,0.0,0.0,many,SR,2
0,3697,2708,0,0,33.1772,9.3248,22.6293,0.0,0.0,2709,2230.0,0.0,0.0,17.44,12.23,0.0,0.0,115,0.0,0.0,0.0,one,SR,1
0,1172,7879,2053,0,33.1414,8.1656,11.7948,11.983,0.0,1428,963.0,1085.0,0.0,4.21,5.92,6.06,0.0,179,17.0,91.0,0.0,many,SR,2
0,4109,8770,2920,0,33.1307,7.3987,11.1137,13.4042,0.0,1744,975.0,1096.0,0.0,7.38,5.8,6.34,0.0,241,72.0,2.0,0.0,many,SR,2
0,2323,6455,0,0,33.2158,5.9532,25.903,0.0,0.0,3086,2578.0,0.0,0.0,20.17,13.6,0.0,0.0,429,0.0,0.0,0.0,one,SR,1
32,1051,9244,0,0,32.462,5.6771,26.1437,0.0,0.0,1588,2541.0,0.0,0.0,10.9,10.41,0.0,0.0,7,140.0,0.0,0.0,one,RT,1
0,2105,6773,2560,0,33.0534,5.873,9.8245,16.1088,0.0,2665,752.0,1388.0,0.0,16.76,5.37,7.1,0.0,365,1.0,26.0,0.0,many,SR,2
0,3407,4999,3342,0,32.8675,9.4606,11.1311,11.1311,0.0,1360,876.0,876.0,0.0,3.98,5.72,5.72,0.0,58,0.0,0.0,0.0,many,SR,2
0,1733,8495,6867,0,32.899,7.8951,11.7881,12.011,0.0,1249,973.0,1156.0,0.0,2.27,5.93,6.12,0.0,201,25.0,140.0,0.0,many,SR,2
0,2989,7690,1119,0,32.8362,8.6768,11.4974,11.4974,0.0,1672,911.0,911.0,0.0,7.08,5.82,5.82,0.0,123,0.0,0.0,0.0,many,SR,2
0,1470,7773,5706,0,32.7516,9.7498,10.2943,11.5708,0.0,1252,795.0,954.0,0.0,2.92,5.5,5.87,0.0,33,-1.0,26.0,0.0,many,SR,2
0,4358,5688,550,0,32.8153,7.784,13.3723,10.4576,0.0,1511,1267.0,812.0,0.0,5.05,6.47,5.54,0.0,207,127.0,0.0,0.0,many,SR,2
0,4558,616,615,0,32.733,10.0569,10.7753,10.7753,0.0,1830,842.0,842.0,0.0,9.09,5.63,5.63,0.0,5,0.0,0.0,0.0,many,SR,2
128,2723,4830,4510,2554,79.376,8.6611,18.6191,26.1445,24.8014,1502,1347.0,1875.0,1853.0,5.42,7.13,7.68,8.69,115,-150.0,-211.0,-208.0,many,TR,3
0,119,7463,242,0,32.7174,9.0529,9.5319,12.9707,0.0,1186,723.0,1186.0,0.0,2.0,5.29,6.33,0.0,96,0.0,96.0,0.0,many,SR,2
0,30,682,681,0,32.6275,9.8477,10.8258,10.8258,0.0,1880,847.0,847.0,0.0,9.59,5.64,5.64,0.0,21,0.0,0.0,0.0,many,SR,2
0,821,2306,0,0,32.6832,9.1415,22.331,0.0,0.0,2661,2198.0,0.0,0.0,17.04,12.11,0.0,0.0,120,0.0,0.0,0.0,one,SR,1
0,2720,7795,6065,0,32.5233,9.0614,10.34,11.9727,0.0,1371,828.0,969.0,0.0,4.05,5.53,5.96,0.0,88,20.0,9.0,0.0,many,SR,2
0,1270,9578,4972,0,32.5192,8.6197,11.4014,11.3336,0.0,1187,978.0,910.0,0.0,1.98,5.86,5.79,0.0,127,55.0,11.0,0.0,many,SR,2
0,333,4497,0,0,32.4955,7.6484,23.5843,0.0,0.0,2836,2331.0,0.0,0.0,18.41,12.63,0.0,0.0,254,0.0,0.0,0.0,one,SR,1
0,2660,6679,6678,0,32.2856,9.9459,10.6117,10.6117,0.0,1076,826.0,826.0,0.0,1.25,5.58,5.58,0.0,7,0.0,0.0,0.0,many,SR,2
0,4578,7662,0,0,32.3714,8.8335,22.3272,0.0,0.0,2934,2198.0,0.0,0.0,19.91,12.11,0.0,0.0,141,0.0,0.0,0.0,one,SR,1
0,4941,9901,0,0,32.3136,10.0738,21.0817,0.0,0.0,2259,2064.0,0.0,0.0,13.3,11.58,0.0,0.0,24,0.0,0.0,0.0,one,SR,1
0,1392,9566,8585,0,32.2708,9.2581,11.7101,10.1601,0.0,1399,1025.0,793.0,0.0,4.41,5.96,5.47,0.0,70,67.0,7.0,0.0,many,SR,2
0,601,9997,3334,0,32.2515,7.1079,12.1834,11.7457,0.0,1833,1285.0,934.0,0.0,8.32,6.26,5.89,0.0,261,221.0,0.0,0.0,many,SR,2
0,4733,5892,5891,0,32.0742,9.3867,10.781,10.781,0.0,2261,842.0,842.0,0.0,13.61,5.63,5.63,0.0,51,0.0,0.0,0.0,many,SR,2
0,2245,6269,1844,0,32.0869,8.1463,11.3909,11.3909,0.0,1752,901.0,901.0,0.0,7.97,5.79,5.79,0.0,156,0.0,0.0,0.0,many,SR,2
0,4623,636,635,0,31.9696,8.4337,11.1939,11.1939,0.0,1673,882.0,882.0,0.0,7.23,5.74,5.74,0.0,130,0.0,0.0,0.0,many,SR,2
0,2380,8033,2501,0,31.9735,8.1558,11.4544,11.1996,0.0,1847,1014.0,882.0,0.0,8.92,5.9,5.74,0.0,158,77.0,0.0,0.0,many,SR,2
0,127,5397,1608,0,31.9844,8.0058,12.2627,10.5365,0.0,1233,1233.0,819.0,0.0,2.33,6.23,5.56,0.0,178,178.0,0.0,0.0,many,SR,2
0,3638,6762,6637,0,31.9195,8.3323,11.7831,10.6461,0.0,1387,1011.0,866.0,0.0,4.14,5.96,5.62,0.0,143,52.0,26.0,0.0,many,SR,2
0,4254,5057,2720,0,31.7951,9.6128,10.5908,10.4794,0.0,2270,824.0,813.0,0.0,13.83,5.58,5.54,0.0,27,0.0,0.0,0.0,many,SR,2
0,1334,9730,7957,0,31.792,7.9444,11.6068,11.0702,0.0,1453,1102.0,870.0,0.0,4.72,6.0,5.71,0.0,177,129.0,0.0,0.0,many,SR,2
0,4658,9829,1379,0,31.7943,7.4556,10.7125,12.4401,0.0,1404,836.0,1215.0,0.0,4.07,5.61,6.25,0.0,220,0.0,153.0,0.0,many,SR,2
0,3043,3918,3322,0,31.732,8.9288,10.769,10.9053,0.0,1232,840.0,856.0,0.0,2.78,5.62,5.66,0.0,84,-1.0,1.0,0.0,many,SR,2
0,2687,5269,1862,0,31.7058,7.6585,11.1041,11.7815,0.0,1612,875.0,939.0,0.0,6.47,5.72,5.9,0.0,191,1.0,1.0,0.0,many,SR,2
0,3849,4187,1067,0,31.6587,7.456,13.4992,9.5319,0.0,1446,1179.0,723.0,0.0,4.64,6.43,5.29,0.0,211,55.0,0.0,0.0,many,SR,2
42,1688,3961,0,0,31.169,6.2098,24.2633,0.0,0.0,1306,3230.0,0.0,0.0,7.45,11.96,0.0,0.0,4,684.0,0.0,0.0,one,TR,1
0,4677,9593,461,0,31.635,7.1815,10.7601,12.5195,0.0,1743,840.0,1030.0,0.0,7.74,5.62,6.12,0.0,231,0.0,15.0,0.0,many,SR,2
0,2377,8491,4635,0,31.5785,7.3997,9.5585,13.4308,0.0,1411,725.0,1411.0,0.0,4.11,5.3,6.6,0.0,226,0.0,226.0,0.0,many,SR,2
0,1067,6207,1625,0,31.48,9.5,10.4376,10.4357,0.0,1565,809.0,809.0,0.0,6.47,5.53,5.53,0.0,32,0.0,0.0,0.0,many,SR,2
0,3863,6265,1933,0,31.466,8.5416,10.3281,11.4598,0.0,1676,822.0,942.0,0.0,7.37,5.53,5.84,0.0,115,16.0,25.0,0.0,many,SR,2
0,2107,5698,1821,0,31.4265,9.1911,9.5861,11.5355,0.0,1848,728.0,915.0,0.0,9.38,5.3,5.83,0.0,57,0.0,0.0,0.0,many,SR,2
0,1433,9553,5068,0,48.1664,11.7806,18.4576,16.434,0.0,1774,1596.0,1382.0,0.0,5.18,7.78,7.16,0.0,114,11.0,0.0,0.0,many,SR,2
0,1071,9562,6620,0,31.3764,8.7992,10.6365,10.8124,0.0,1965,899.0,845.0,0.0,10.48,5.65,5.64,0.0,93,50.0,0.0,0.0,many,SR,2
0,1141,5151,5150,0,31.3327,8.9361,10.6393,10.6393,0.0,1902,829.0,829.0,0.0,9.91,5.59,5.59,0.0,77,0.0,0.0,0.0,many,SR,2
0,388,5896,5850,0,31.3607,5.7791,12.3867,11.9892,0.0,2178,1022.0,980.0,0.0,12.02,6.08,5.97,0.0,346,19.0,16.0,0.0,many,SR,2
0,3074,4668,1716,0,31.2295,7.9193,10.2977,11.8516,0.0,1186,796.0,1186.0,0.0,2.01,5.5,6.11,0.0,173,0.0,173.0,0.0,many,SR,2
0,3944,6113,5957,0,31.1533,5.8527,12.2867,11.8171,0.0,2047,1017.0,941.0,0.0,10.72,6.06,5.91,0.0,336,22.0,0.0,0.0,many,SR,2
0,341,9218,1785,0,31.0279,7.2049,11.3338,11.3338,0.0,1551,895.0,895.0,0.0,5.89,5.78,5.78,0.0,218,0.0,0.0,0.0,many,SR,2
0,1728,2528,423,0,30.8559,9.0502,10.3149,10.3879,0.0,1129,798.0,813.0,0.0,1.93,5.5,5.53,0.0,60,0.0,6.0,0.0,many,SR,2
0,4844,8403,7572,0,30.9513,6.1295,11.4055,12.1984,0.0,2221,901.0,1435.0,0.0,12.36,5.8,6.38,0.0,330,-1.0,327.0,0.0,many,SR,2
0,1539,6276,1715,0,30.7806,7.7466,11.2539,10.636,0.0,2019,887.0,951.0,0.0,10.9,5.75,5.69,0.0,174,0.0,88.0,0.0,many,SR,2
0,1571,3759,2474,0,30.68,9.24,10.168,10.1792,0.0,1263,785.0,784.0,0.0,3.43,5.46,5.47,0.0,41,1.0,-1.0,0.0,many,SR,2
0,4011,6876,1105,0,30.6325,6.6631,11.075,11.7265,0.0,1721,871.0,1040.0,0.0,7.56,5.71,5.97,0.0,263,0.0,77.0,0.0,many,SR,2
0,1705,7954,3099,0,30.59,6.3483,13.1693,9.8963,0.0,1804,1191.0,758.0,0.0,8.36,6.37,5.39,0.0,289,86.0,0.0,0.0,many,SR,2
0,4874,4778,1208,0,30.4311,7.3156,9.9041,12.0566,0.0,1628,772.0,1182.0,0.0,6.7,5.4,6.15,0.0,210,10.0,156.0,0.0,many,SR,2
0,1355,6444,724,0,30.3302,7.9186,11.252,10.0277,0.0,1310,887.0,946.0,0.0,3.57,5.75,5.56,0.0,155,0.0,126.0,0.0,many,SR,2
0,4871,4719,1775,0,30.3048,8.0643,10.5622,10.5641,0.0,1744,822.0,822.0,0.0,8.29,5.57,5.57,0.0,134,0.0,0.0,0.0,many,SR,2
0,3172,5061,521,0,30.2597,8.8208,10.9348,9.4051,0.0,1364,899.0,749.0,0.0,4.43,5.7,5.29,0.0,73,30.0,27.0,0.0,many,SR,2
0,14,4151,3118,0,30.1746,8.0499,10.507,10.507,0.0,1846,816.0,816.0,0.0,9.39,5.55,5.55,0.0,133,0.0,0.0,0.0,many,SR,2
0,2990,8093,751,0,47.2548,9.7143,17.2651,18.7462,0.0,2247,1463.0,1647.0,0.0,9.83,7.4,7.89,0.0,276,0.0,27.0,0.0,many,SR,2
0,1189,831,829,0,29.8829,8.1628,10.3101,10.3101,0.0,1252,797.0,797.0,0.0,3.25,5.5,5.5,0.0,119,0.0,0.0,0.0,many,SR,2
0,1036,4202,2333,0,29.8228,9.0954,9.7745,9.8791,0.0,2797,746.0,756.0,0.0,19.7,5.35,5.38,0.0,39,0.0,0.0,0.0,many,SR,2
0,3573,9488,3738,0,29.8468,7.888,10.572,10.2701,0.0,2197,954.0,793.0,0.0,13.02,5.68,5.49,0.0,148,94.0,0.0,0.0,many,SR,2
0,3183,1009,0,0,29.8346,8.74,19.9824,0.0,0.0,2440,1947.0,0.0,0.0,15.61,11.12,0.0,0.0,87,0.0,0.0,0.0,one,SR,1
0,2567,7693,5969,0,29.748,8.3187,10.7178,9.6099,0.0,1306,952.0,731.0,0.0,3.8,5.7,5.31,0.0,109,83.0,0.0,0.0,many,SR,2
0,2719,8247,8246,0,29.5596,9.5062,9.4986,9.4986,0.0,2950,720.0,720.0,0.0,21.47,5.28,5.28,0.0,0,0.0,0.0,0.0,many,SR,2
151,3790,947,0,0,29.0186,5.5387,22.7849,0.0,0.0,1644,2276.0,0.0,0.0,11.01,9.95,0.0,0.0,49,157.0,0.0,0.0,one,TR,1
0,4885,6115,2150,0,29.293,8.6723,9.7787,9.7711,0.0,1310,745.0,745.0,0.0,4.12,5.35,5.35,0.0,66,-1.0,-1.0,0.0,many,SR,2
0,3739,5694,0,0,29.2977,8.5432,19.656,0.0,0.0,2328,1912.0,0.0,0.0,14.56,10.99,0.0,0.0,92,0.0,0.0,0.0,one,SR,1
281,1140,8743,373,0,28.9594,7.4087,8.5639,12.1264,0.0,1848,1105.0,1034.0,0.0,11.66,6.34,7.27,0.0,23,286.0,-25.0,0.0,many,TR,2
0,829,9419,5998,0,39.3861,7.4975,11.407,19.1034,0.0,2286,902.0,1660.0,0.0,11.6,5.8,7.98,0.0,335,0.0,11.0,0.0,many,SR,2
0,4567,3828,2553,0,29.0985,6.9308,11.3842,9.6717,0.0,1723,900.0,736.0,0.0,8.09,5.79,5.33,0.0,210,0.0,0.0,0.0,many,SR,2
88,1061,4601,0,0,28.4147,6.0986,21.6027,0.0,0.0,1844,2808.0,0.0,0.0,12.94,11.13,0.0,0.0,22,562.0,0.0,0.0,one,TR,1
0,2134,3539,0,0,28.7281,8.2842,19.3576,0.0,0.0,2173,1881.0,0.0,0.0,13.04,10.86,0.0,0.0,102,0.0,0.0,0.0,one,SR,1
134,2232,2944,1255,0,50.1956,5.9459,20.7187,22.7433,0.0,1667,2941.0,2968.0,0.0,10.41,8.95,8.93,0.0,78,839.0,745.0,0.0,many,TR,2
66,3896,8676,6792,0,51.9581,6.0762,24.9439,20.0813,0.0,1458,3108.0,2846.0,0.0,7.6,9.32,9.24,0.0,112,703.0,786.0,0.0,many,TR,2
0,756,4826,0,0,28.5206,7.6682,19.7496,0.0,0.0,2469,1923.0,0.0,0.0,16.0,11.03,0.0,0.0,154,0.0,0.0,0.0,one,SR,1
0,1211,2263,1552,0,28.4315,7.8143,9.7487,9.7888,0.0,2231,858.0,747.0,0.0,13.71,5.44,5.36,0.0,130,82.0,0.0,0.0,many,SR,2
0,468,1198,0,0,28.1742,8.3673,18.746,0.0,0.0,2216,1816.0,0.0,0.0,13.72,10.61,0.0,0.0,81,0.0,0.0,0.0,one,SR,1
0,2910,5526,0,0,28.1811,7.9931,19.1118,0.0,0.0,2185,1855.0,0.0,0.0,13.26,10.76,0.0,0.0,116,0.0,0.0,0.0,one,SR,1
0,4686,3729,0,0,27.8464,8.5126,18.2921,0.0,0.0,2023,1767.0,0.0,0.0,11.87,10.42,0.0,0.0,59,0.0,0.0,0.0,one,SR,1
0,3971,1818,1145,0,27.8515,7.6185,9.5861,9.5861,0.0,1678,728.0,728.0,0.0,8.07,5.3,5.3,0.0,132,0.0,0.0,0.0,many,SR,2
0,3900,3173,0,0,27.6116,9.0577,17.5436,0.0,0.0,1934,1687.0,0.0,0.0,11.21,10.1,0.0,0.0,3,0.0,0.0,0.0,one,SR,1
0,3953,4631,0,0,27.6379,8.4176,18.1833,0.0,0.0,2180,1755.0,0.0,0.0,13.56,10.37,0.0,0.0,63,0.0,0.0,0.0,one,SR,1
0,2656,8264,0,0,27.6475,8.0439,18.5509,0.0,0.0,2041,1795.0,0.0,0.0,11.96,10.53,0.0,0.0,98,0.0,0.0,0.0,one,SR,1
0,1024,5865,0,0,27.6119,8.798,17.793,0.0,0.0,2207,1714.0,0.0,0.0,13.99,10.21,0.0,0.0,27,0.0,0.0,0.0,one,SR,1
0,1531,4746,0,0,27.5597,7.9114,18.5941,0.0,0.0,1975,1799.0,0.0,0.0,11.25,10.54,0.0,0.0,108,0.0,0.0,0.0,one,SR,1
0,4135,7752,7482,0,27.4902,7.0512,9.8893,9.4739,0.0,1601,876.0,718.0,0.0,7.13,5.48,5.28,0.0,180,85.0,0.0,0.0,many,SR,2
0,2714,5138,0,0,27.1818,8.3073,17.8512,0.0,0.0,3248,1720.0,0.0,0.0,24.89,10.23,0.0,0.0,62,0.0,0.0,0.0,one,SR,1
191,4013,1331,0,0,26.7073,5.384,20.7171,0.0,0.0,1325,2444.0,0.0,0.0,8.46,9.06,0.0,0.0,5,454.0,0.0,0.0,one,RT,1
262,3583,1913,0,0,26.731,5.4157,20.6766,0.0,0.0,1857,2716.0,0.0,0.0,13.75,10.39,0.0,0.0,23,588.0,0.0,0.0,one,RT,1
0,4796,7673,0,0,27.024,8.1086,17.8906,0.0,0.0,1879,1724.0,0.0,0.0,10.51,10.25,0.0,0.0,76,0.0,0.0,0.0,one,SR,1
0,4831,2283,0,0,26.9051,8.6328,17.2734,0.0,0.0,2520,1658.0,0.0,0.0,17.47,9.99,0.0,0.0,25,0.0,0.0,0.0,one,SR,1
0,2110,3688,0,0,26.6942,8.5798,17.1213,0.0,0.0,1867,1643.0,0.0,0.0,10.67,9.93,0.0,0.0,25,0.0,0.0,0.0,one,SR,1
0,563,1101,0,0,26.7107,7.4511,18.2207,0.0,0.0,2151,1760.0,0.0,0.0,13.24,10.39,0.0,0.0,130,0.0,0.0,0.0,one,SR,1
0,2514,1189,0,0,26.6681,8.4619,17.2096,0.0,0.0,1806,1652.0,0.0,0.0,9.99,9.97,0.0,0.0,35,0.0,0.0,0.0,one,SR,1
0,4599,3749,0,0,26.6973,7.1388,18.5078,0.0,0.0,2054,1790.0,0.0,0.0,12.11,10.51,0.0,0.0,158,0.0,0.0,0.0,one,SR,1
0,831,8943,7429,0,41.5913,11.5449,14.8915,13.833,0.0,1365,1236.0,1163.0,0.0,2.44,6.74,6.48,0.0,24,1.0,21.0,0.0,many,SR,2
0,3489,2519,0,0,26.549,7.1819,18.3239,0.0,0.0,2444,1771.0,0.0,0.0,16.27,10.43,0.0,0.0,151,0.0,0.0,0.0,one,SR,1
188,1987,7717,0,0,25.899,3.6186,21.7905,0.0,0.0,1763,1790.0,0.0,0.0,14.1,8.9,0.0,0.0,54,-96.0,0.0,0.0,one,TR,1
0,4072,2264,0,0,26.3455,8.4502,16.9113,0.0,0.0,2132,1620.0,0.0,0.0,13.53,9.84,0.0,0.0,28,0.0,0.0,0.0,one,SR,1
0,270,5266,4402,0,36.9502,9.2815,13.9563,12.4554,0.0,1273,1147.0,1002.0,0.0,2.05,6.49,6.08,0.0,139,1.0,0.0,0.0,many,SR,2
231,3717,3596,0,0,25.901,3.5904,21.5955,0.0,0.0,1526,3166.0,0.0,0.0,9.59,11.15,0.0,0.0,194,834.0,0.0,0.0,one,RT,1
205,3041,4149,0,0,25.8774,5.6628,19.4935,0.0,0.0,1314,2338.0,0.0,0.0,7.31,10.21,0.0,0.0,57,378.0,0.0,0.0,one,RT,1
0,3205,8555,0,0,25.9424,7.486,17.4496,0.0,0.0,2391,1678.0,0.0,0.0,16.04,10.07,0.0,0.0,108,0.0,0.0,0.0,one,SR,1
0,4546,8499,0,0,25.8612,7.1078,17.7348,0.0,0.0,2155,1708.0,0.0,0.0,13.46,10.19,0.0,0.0,141,0.0,0.0,0.0,one,SR,1
0,4672,8720,0,0,25.8677,6.8152,18.0218,0.0,0.0,2296,1739.0,0.0,0.0,14.83,10.31,0.0,0.0,168,0.0,0.0,0.0,one,SR,1
0,226,9222,0,0,25.7626,8.5396,16.266,0.0,0.0,2689,1551.0,0.0,0.0,19.62,9.57,0.0,0.0,5,0.0,0.0,0.0,one,SR,1
265,1726,6584,2330,0,45.2985,7.2187,14.8978,22.1686,0.0,2043,1513.0,1944.0,0.0,12.33,8.06,8.08,0.0,130,136.0,47.0,0.0,many,RT,2
0,1615,193,0,0,25.409,7.7637,16.6711,0.0,0.0,2926,1595.0,0.0,0.0,21.95,9.74,0.0,0.0,69,0.0,0.0,0.0,one,SR,1
0,1160,90,0,0,25.3244,7.7263,16.6262,0.0,0.0,2188,1589.0,0.0,0.0,14.23,9.72,0.0,0.0,70,0.0,0.0,0.0,one,SR,1
0,4371,6041,0,0,25.161,6.22,17.915,0.0,0.0,2569,1727.0,0.0,0.0,17.74,10.26,0.0,0.0,206,0.0,0.0,0.0,one,SR,1
0,370,2108,0,0,24.9559,7.9167,16.0897,0.0,0.0,1881,1532.0,0.0,0.0,11.2,9.5,0.0,0.0,43,0.0,0.0,0.0,one,SR,1
0,671,7113,0,0,24.9437,8.2094,15.797,0.0,0.0,1876,1501.0,0.0,0.0,11.26,9.37,0.0,0.0,16,0.0,0.0,0.0,one,SR,1
0,4321,3758,0,0,24.8737,8.3366,15.6075,0.0,0.0,2357,1481.0,0.0,0.0,16.38,9.3,0.0,0.0,2,0.0,0.0,0.0,one,SR,1
0,4458,3125,0,0,24.9996,5.1265,18.8099,0.0,0.0,2226,1822.0,0.0,0.0,13.8,10.63,0.0,0.0,303,0.0,0.0,0.0,one,SR,1
0,155,210,0,0,24.8295,7.4773,16.3897,0.0,0.0,2045,1565.0,0.0,0.0,12.81,9.62,0.0,0.0,81,0.0,0.0,0.0,one,SR,1
0,4212,8960,0,0,24.8129,7.0641,16.7706,0.0,0.0,2181,1605.0,0.0,0.0,14.1,9.78,0.0,0.0,119,0.0,0.0,0.0,one,SR,1
0,179,7627,0,0,24.811,6.7435,17.0763,0.0,0.0,2019,1638.0,0.0,0.0,12.28,9.91,0.0,0.0,149,0.0,0.0,0.0,one,SR,1
0,4107,9951,0,0,24.6989,7.8334,15.9226,0.0,0.0,1771,1515.0,0.0,0.0,10.11,9.43,0.0,0.0,45,0.0,0.0,0.0,one,SR,1
0,335,3269,0,0,24.6591,7.473,16.2302,0.0,0.0,2443,1548.0,0.0,0.0,17.05,9.56,0.0,0.0,77,0.0,0.0,0.0,one,SR,1
228,2532,7277,2924,0,42.7463,6.5261,19.2155,16.1772,0.0,1470,2118.0,2094.0,0.0,7.99,9.05,8.22,0.0,63,292.0,496.0,0.0,many,TR,2
0,3551,4911,0,0,24.6849,6.2247,17.4534,0.0,0.0,2328,1678.0,0.0,0.0,15.38,10.07,0.0,0.0,194,0.0,0.0,0.0,one,SR,1
0,1460,7082,0,0,24.5816,8.1678,15.4893,0.0,0.0,1782,1468.0,0.0,0.0,10.39,9.24,0.0,0.0,11,0.0,0.0,0.0,one,SR,1
166,1876,3516,1399,0,44.3397,7.1089,15.9763,20.4438,0.0,1173,2268.0,1666.0,0.0,5.02,8.11,8.0,0.0,13,646.0,-62.0,0.0,many,RT,2
0,2389,8364,313,0,39.2086,10.0281,10.7443,17.1352,0.0,1767,849.0,1477.0,0.0,6.84,5.63,7.38,0.0,115,7.0,19.0,0.0,many,SR,2
0,2263,3057,0,0,24.4547,6.2114,17.2452,0.0,0.0,2484,1656.0,0.0,0.0,17.1,9.98,0.0,0.0,189,0.0,0.0,0.0,one,SR,1
0,2390,3957,0,0,24.441,6.0199,17.4159,0.0,0.0,2171,1674.0,0.0,0.0,13.75,10.05,0.0,0.0,207,0.0,0.0,0.0,one,SR,1
0,622,3004,0,0,24.4441,5.3799,18.0331,0.0,0.0,2180,1740.0,0.0,0.0,13.61,10.31,0.0,0.0,266,0.0,0.0,0.0,one,SR,1
0,2187,1085,0,0,24.472,4.679,18.7329,0.0,0.0,1999,1814.0,0.0,0.0,11.45,10.6,0.0,0.0,332,0.0,0.0,0.0,one,SR,1
0,1740,862,0,0,24.1872,7.6325,15.6243,0.0,0.0,1655,1483.0,0.0,0.0,9.0,9.3,0.0,0.0,51,0.0,0.0,0.0,one,SR,1
0,456,5806,3968,0,35.2373,7.8959,14.0462,12.03,0.0,1594,1301.0,1029.0,0.0,5.35,6.63,6.02,0.0,238,105.0,48.0,0.0,many,SR,2
38,4434,2425,0,0,23.947,6.0808,17.1409,0.0,0.0,1998,2184.0,0.0,0.0,14.45,10.25,0.0,0.0,31,393.0,0.0,0.0,one,RT,1
243,2498,8344,0,0,23.6931,3.9634,19.2398,0.0,0.0,1112,2146.0,0.0,0.0,7.27,8.9,0.0,0.0,31,321.0,0.0,0.0,one,TR,1
0,1881,7726,3741,0,34.3554,9.3847,12.2589,11.524,0.0,1333,1011.0,913.0,0.0,3.31,6.05,5.83,0.0,89,20.0,0.0,0.0,many,SR,2
0,1662,4837,2517,0,32.3287,8.432,10.0413,12.6844,0.0,1351,789.0,1177.0,0.0,3.65,5.44,6.27,0.0,144,12.0,109.0,0.0,many,SR,2
0,4294,5485,0,0,23.8182,6.9215,15.9526,0.0,0.0,1856,1518.0,0.0,0.0,10.99,9.44,0.0,0.0,108,0.0,0.0,0.0,one,SR,1
0,3089,2631,0,0,23.7924,6.2977,16.5267,0.0,0.0,1754,1579.0,0.0,0.0,9.71,9.68,0.0,0.0,165,0.0,0.0,0.0,one,SR,1
0,4776,323,0,0,23.8085,3.9922,18.7555,0.0,0.0,2530,1816.0,0.0,0.0,17.02,10.61,0.0,0.0,379,0.0,0.0,0.0,one,SR,1
0,1971,4809,0,0,23.6207,8.0552,14.6726,0.0,0.0,1595,1383.0,0.0,0.0,8.71,8.93,0.0,0.0,-1,0.0,0.0,0.0,one,SR,1
0,896,4097,0,0,23.5741,7.9195,14.7586,0.0,0.0,1840,1392.0,0.0,0.0,11.26,8.96,0.0,0.0,10,0.0,0.0,0.0,one,SR,1
0,4456,1783,0,0,23.5646,7.3715,15.2773,0.0,0.0,1774,1446.0,0.0,0.0,10.38,9.16,0.0,0.0,60,0.0,0.0,0.0,one,SR,1
0,3806,6846,0,0,23.6378,5.588,17.0595,0.0,0.0,1821,1636.0,0.0,0.0,10.21,9.9,0.0,0.0,227,0.0,0.0,0.0,one,SR,1
0,4754,8309,0,0,23.5621,7.2829,15.3598,0.0,0.0,2020,1455.0,0.0,0.0,12.94,9.19,0.0,0.0,68,0.0,0.0,0.0,one,SR,1
0,3580,8868,0,0,23.4537,6.2481,16.249,0.0,0.0,1823,1550.0,0.0,0.0,10.53,9.57,0.0,0.0,161,0.0,0.0,0.0,one,SR,1
0,2930,3613,0,0,23.3559,7.8226,14.6414,0.0,0.0,1777,1380.0,0.0,0.0,10.63,8.92,0.0,0.0,14,0.0,0.0,0.0,one,SR,1
0,2713,3474,0,0,23.3259,7.6472,14.7819,0.0,0.0,1649,1394.0,0.0,0.0,9.24,8.97,0.0,0.0,29,0.0,0.0,0.0,one,SR,1
0,3491,6699,0,0,23.2773,7.961,14.4323,0.0,0.0,1727,1358.0,0.0,0.0,10.18,8.84,0.0,0.0,0,0.0,0.0,0.0,one,SR,1
0,1422,9121,0,0,23.2926,7.409,14.9794,0.0,0.0,2170,1415.0,0.0,0.0,14.65,9.04,0.0,0.0,50,0.0,0.0,0.0,one,SR,1
0,2620,6948,0,0,23.2385,6.8382,15.4762,0.0,0.0,2533,1467.0,0.0,0.0,18.28,9.24,0.0,0.0,101,0.0,0.0,0.0,one,SR,1
0,2739,2490,0,0,23.2481,6.5116,15.7988,0.0,0.0,2129,1502.0,0.0,0.0,13.91,9.38,0.0,0.0,132,0.0,0.0,0.0,one,SR,1
0,371,7042,0,0,23.2972,4.489,17.7873,0.0,0.0,1954,1714.0,0.0,0.0,11.33,10.21,0.0,0.0,321,0.0,0.0,0.0,one,SR,1
1,1950,4698,0,0,22.7618,4.3488,17.7834,0.0,0.0,1180,2569.0,0.0,0.0,6.72,9.3,0.0,0.0,90,704.0,0.0,0.0,one,TR,1
0,2511,8518,0,0,23.0907,5.5705,16.5511,0.0,0.0,1713,1582.0,0.0,0.0,9.26,9.69,0.0,0.0,215,0.0,0.0,0.0,one,SR,1
0,3873,3321,0,0,23.0216,6.7484,15.3542,0.0,0.0,2300,1454.0,0.0,0.0,15.88,9.19,0.0,0.0,104,0.0,0.0,0.0,one,SR,1
0,2953,3421,0,0,22.9743,7.8136,14.282,0.0,0.0,1485,1343.0,0.0,0.0,7.68,8.79,0.0,0.0,7,0.0,0.0,0.0,one,SR,1
0,3582,3179,963,0,45.3766,12.4904,22.0215,9.4482,0.0,1957,1957.0,715.0,0.0,7.8,8.9,5.27,0.0,18,18.0,0.0,0.0,many,SR,2
0,4765,8260,0,0,22.9532,7.2176,14.8367,0.0,0.0,1577,1400.0,0.0,0.0,8.47,8.99,0.0,0.0,60,0.0,0.0,0.0,one,SR,1
0,617,5826,0,0,23.0134,5.6126,16.4367,0.0,0.0,1684,1569.0,0.0,0.0,9.01,9.64,0.0,0.0,209,0.0,0.0,0.0,one,SR,1
0,4046,4973,0,0,22.9543,6.6244,15.4086,0.0,0.0,1807,1460.0,0.0,0.0,10.68,9.21,0.0,0.0,114,0.0,0.0,0.0,one,SR,1
257,1310,8130,3483,2876,64.9801,9.9344,10.2264,19.5639,24.0949,1060,1099.0,2022.0,2560.0,0.69,6.83,7.89,8.89,35,158.0,266.0,359.0,many,RT,3
0,1112,827,0,0,22.7656,7.3292,14.5478,0.0,0.0,1928,1371.0,0.0,0.0,12.25,8.89,0.0,0.0,46,0.0,0.0,0.0,one,SR,1
0,3258,105,104,0,34.4941,7.3505,12.9501,12.9501,0.0,2143,1050.0,1050.0,0.0,11.31,6.22,6.22,0.0,262,0.0,0.0,0.0,many,SR,2
0,4710,8191,0,0,22.6782,7.4485,14.3484,0.0,0.0,2292,1350.0,0.0,0.0,16.13,8.81,0.0,0.0,33,0.0,0.0,0.0,one,SR,1
262,728,9078,0,0,22.5424,6.0029,15.7911,0.0,0.0,1286,2165.0,0.0,0.0,6.77,10.48,0.0,0.0,50,442.0,0.0,0.0,one,RT,1
92,3176,699,0,0,22.427,6.1697,15.5662,0.0,0.0,1180,2260.0,0.0,0.0,6.17,9.91,0.0,0.0,4,560.0,0.0,0.0,one,RT,1
0,1192,509,0,0,22.6549,6.1979,15.5305,0.0,0.0,1890,1473.0,0.0,0.0,11.51,9.26,0.0,0.0,146,0.0,0.0,0.0,one,SR,1
0,3663,5343,0,0,22.5996,6.7325,14.9636,0.0,0.0,1830,1413.0,0.0,0.0,11.08,9.03,0.0,0.0,96,0.0,0.0,0.0,one,SR,1
0,2116,6363,0,0,22.4959,6.0604,15.5099,0.0,0.0,1872,1471.0,0.0,0.0,11.33,9.26,0.0,0.0,155,0.0,0.0,0.0,one,SR,1
0,4159,8108,0,0,22.4413,7.2641,14.2977,0.0,0.0,1784,1345.0,0.0,0.0,10.82,8.79,0.0,0.0,45,0.0,0.0,0.0,one,SR,1
0,4188,5502,0,0,22.2275,7.3419,14.0164,0.0,0.0,1953,1316.0,0.0,0.0,12.68,8.69,0.0,0.0,33,0.0,0.0,0.0,one,SR,1
0,3315,629,0,0,22.2278,7.2631,14.0927,0.0,0.0,1946,1324.0,0.0,0.0,12.58,8.72,0.0,0.0,40,0.0,0.0,0.0,one,SR,1
0,3729,860,0,0,22.2506,6.276,15.0673,0.0,0.0,2290,1424.0,0.0,0.0,15.88,9.07,0.0,0.0,129,0.0,0.0,0.0,one,SR,1
215,4215,6554,0,0,21.8969,4.6369,16.7025,0.0,0.0,1384,2314.0,0.0,0.0,9.52,8.57,0.0,0.0,26,613.0,0.0,0.0,one,TR,1
0,4974,8447,3435,0,33.7461,9.84,11.3743,11.3737,0.0,1370,901.0,899.0,0.0,3.96,5.79,5.79,0.0,40,1.0,0.0,0.0,many,SR,2
0,2565,4854,0,0,22.1261,6.7023,14.5359,0.0,0.0,2019,1369.0,0.0,0.0,13.21,8.88,0.0,0.0,88,0.0,0.0,0.0,one,SR,1
0,2324,9935,0,0,22.127,6.2516,14.9715,0.0,0.0,1776,1414.0,0.0,0.0,10.51,9.04,0.0,0.0,129,0.0,0.0,0.0,one,SR,1
0,3486,7077,0,0,22.1275,5.6239,15.5757,0.0,0.0,1860,1477.0,0.0,0.0,11.18,9.28,0.0,0.0,186,0.0,0.0,0.0,one,SR,1
0,3799,2483,0,0,22.0029,7.0117,14.1182,0.0,0.0,1663,1327.0,0.0,0.0,9.6,8.73,0.0,0.0,58,0.0,0.0,0.0,one,SR,1
0,701,3016,0,0,22.0024,6.4104,14.6981,0.0,0.0,2022,1386.0,0.0,0.0,13.19,8.94,0.0,0.0,112,0.0,0.0,0.0,one,SR,1
0,708,170,0,0,21.9327,7.5669,13.5146,0.0,0.0,1396,1265.0,0.0,0.0,7.0,8.51,0.0,0.0,7,0.0,0.0,0.0,one,SR,1
127,1574,5026,0,0,21.6577,5.0259,16.0425,0.0,0.0,2004,2227.0,0.0,0.0,15.74,8.89,0.0,0.0,19,566.0,0.0,0.0,one,TR,1
0,3709,2063,0,0,21.8953,6.6296,14.3834,0.0,0.0,1830,1353.0,0.0,0.0,11.27,8.82,0.0,0.0,90,0.0,0.0,0.0,one,SR,1
0,3825,8847,0,0,21.9397,5.34,15.6674,0.0,0.0,2068,1488.0,0.0,0.0,13.32,9.32,0.0,0.0,208,0.0,0.0,0.0,one,SR,1
0,2345,9402,0,0,21.857,7.0624,13.9286,0.0,0.0,1758,1307.0,0.0,0.0,10.66,8.66,0.0,0.0,50,0.0,0.0,0.0,one,SR,1
0,3946,8135,0,0,21.8358,7.5187,13.4677,0.0,0.0,2298,1260.0,0.0,0.0,16.48,8.49,0.0,0.0,9,0.0,0.0,0.0,one,SR,1
0,2920,5332,0,0,21.8515,6.9033,14.0769,0.0,0.0,1646,1322.0,0.0,0.0,9.44,8.71,0.0,0.0,64,0.0,0.0,0.0,one,SR,1
0,3559,5191,0,0,21.9166,5.141,15.8363,0.0,0.0,2403,1506.0,0.0,0.0,16.78,9.39,0.0,0.0,226,0.0,0.0,0.0,one,SR,1
0,3325,7521,0,0,21.7851,7.5489,13.3896,0.0,0.0,1481,1252.0,0.0,0.0,7.93,8.47,0.0,0.0,5,0.0,0.0,0.0,one,SR,1
0,2371,8515,0,0,21.7253,6.4065,14.4344,0.0,0.0,1648,1359.0,0.0,0.0,9.34,8.84,0.0,0.0,106,0.0,0.0,0.0,one,SR,1
0,4492,3927,0,0,21.6774,6.5084,14.2899,0.0,0.0,1590,1344.0,0.0,0.0,8.78,8.79,0.0,0.0,96,0.0,0.0,0.0,one,SR,1
0,3029,8219,0,0,21.6422,6.2671,14.489,0.0,0.0,2034,1364.0,0.0,0.0,13.38,8.86,0.0,0.0,117,0.0,0.0,0.0,one,SR,1
262,3222,6694,0,0,21.3255,3.3419,17.3845,0.0,0.0,1513,2507.0,0.0,0.0,10.49,9.99,0.0,0.0,140,640.0,0.0,0.0,one,TR,1
0,3260,5793,425,0,35.1606,10.2414,9.4605,14.2709,0.0,1219,716.0,1219.0,0.0,2.11,5.27,6.61,0.0,31,0.0,31.0,0.0,many,SR,2
0,4602,6043,1865,0,35.3423,7.751,13.482,12.8541,0.0,2501,1101.0,1041.0,0.0,14.96,6.36,6.19,0.0,242,0.0,0.0,0.0,many,SR,2
0,2927,9866,0,0,21.4509,6.8138,13.7764,0.0,0.0,1928,1292.0,0.0,0.0,12.5,8.61,0.0,0.0,64,0.0,0.0,0.0,one,SR,1
0,1888,8616,0,0,21.4415,7.001,13.5868,0.0,0.0,1771,1272.0,0.0,0.0,10.91,8.54,0.0,0.0,47,0.0,0.0,0.0,one,SR,1
0,383,7362,0,0,21.4194,6.5597,13.9912,0.0,0.0,1543,1314.0,0.0,0.0,8.39,8.68,0.0,0.0,86,0.0,0.0,0.0,one,SR,1
0,700,3114,0,0,21.3811,7.4548,13.0907,0.0,0.0,1476,1221.0,0.0,0.0,7.98,8.36,0.0,0.0,5,0.0,0.0,0.0,one,SR,1
0,3998,449,0,0,21.3668,7.2742,13.251,0.0,0.0,2272,1238.0,0.0,0.0,16.28,8.42,0.0,0.0,21,0.0,0.0,0.0,one,SR,1
0,2115,3237,0,0,21.3319,7.4537,13.044,0.0,0.0,1781,1217.0,0.0,0.0,11.19,8.34,0.0,0.0,4,0.0,0.0,0.0,one,SR,1
0,4063,9486,0,0,21.3389,7.056,13.4346,0.0,0.0,1621,1257.0,0.0,0.0,9.39,8.48,0.0,0.0,40,0.0,0.0,0.0,one,SR,1
88,2045,29,0,0,21.0894,5.3785,15.1044,0.0,0.0,1285,2282.0,0.0,0.0,8.03,9.07,0.0,0.0,6,652.0,0.0,0.0,one,RT,1
0,4323,2444,0,0,21.2954,7.0617,13.3874,0.0,0.0,1454,1251.0,0.0,0.0,7.65,8.46,0.0,0.0,38,0.0,0.0,0.0,one,SR,1
0,3812,1358,0,0,21.1348,7.3685,12.9363,0.0,0.0,1249,1205.0,0.0,0.0,5.64,8.3,0.0,0.0,7,0.0,0.0,0.0,one,SR,1
246,2841,7179,0,0,20.9952,4.5973,15.7048,0.0,0.0,1548,1910.0,0.0,0.0,10.02,9.93,0.0,0.0,112,285.0,0.0,0.0,one,RT,1
0,4790,4041,0,0,21.1989,5.18,15.1101,0.0,0.0,1719,1428.0,0.0,0.0,9.87,9.09,0.0,0.0,205,0.0,0.0,0.0,one,SR,1
0,4214,2342,0,0,21.2252,4.2248,16.052,0.0,0.0,1781,1529.0,0.0,0.0,10.17,9.48,0.0,0.0,294,0.0,0.0,0.0,one,SR,1
0,1877,4705,0,0,21.0693,7.3112,12.9285,0.0,0.0,1829,1204.0,0.0,0.0,11.74,8.3,0.0,0.0,11,0.0,0.0,0.0,one,SR,1
0,2135,1624,0,0,21.0648,6.3651,13.8369,0.0,0.0,2046,1298.0,0.0,0.0,13.72,8.63,0.0,0.0,96,0.0,0.0,0.0,one,SR,1
0,2412,9510,0,0,21.0425,6.1828,13.9912,0.0,0.0,1622,1314.0,0.0,0.0,9.21,8.68,0.0,0.0,112,0.0,0.0,0.0,one,SR,1
0,3672,7461,0,0,20.9213,7.179,12.913,0.0,0.0,1530,1203.0,0.0,0.0,8.6,8.29,0.0,0.0,20,0.0,0.0,0.0,one,SR,1
136,4841,1665,0,0,20.6089,4.6858,15.3879,0.0,0.0,1316,2307.0,0.0,0.0,9.0,9.35,0.0,0.0,9,638.0,0.0,0.0,one,RT,1
0,3546,1276,0,0,20.8557,7.3405,12.6941,0.0,0.0,1352,1180.0,0.0,0.0,6.81,8.21,0.0,0.0,4,0.0,0.0,0.0,one,SR,1
186,4267,3245,2527,0,37.7517,5.4955,20.257,11.2069,0.0,1410,2333.0,1415.0,0.0,7.67,9.22,6.7,0.0,112,387.0,350.0,0.0,many,TR,2
0,1854,9936,0,0,20.7495,7.3367,12.5948,0.0,0.0,1654,1171.0,0.0,0.0,10.01,8.18,0.0,0.0,2,0.0,0.0,0.0,one,SR,1
0,1641,3690,0,0,20.6986,7.3453,12.5379,0.0,0.0,1867,1164.0,0.0,0.0,12.26,8.15,0.0,0.0,0,0.0,0.0,0.0,one,SR,1
0,4391,8238,0,0,20.686,7.3238,12.546,0.0,0.0,1770,1166.0,0.0,0.0,11.24,8.16,0.0,0.0,2,0.0,0.0,0.0,one,SR,1
0,154,4740,0,0,20.7253,6.0218,13.8407,0.0,0.0,1460,1298.0,0.0,0.0,7.56,8.63,0.0,0.0,119,0.0,0.0,0.0,one,SR,1
0,4374,6292,0,0,20.7402,5.5225,14.3368,0.0,0.0,1775,1349.0,0.0,0.0,10.71,8.81,0.0,0.0,164,0.0,0.0,0.0,one,SR,1
0,3487,1414,0,0,20.6891,5.9065,13.9169,0.0,0.0,1642,1306.0,0.0,0.0,9.45,8.66,0.0,0.0,129,0.0,0.0,0.0,one,SR,1
0,1718,7050,0,0,20.6556,6.6199,13.1962,0.0,0.0,1668,1232.0,0.0,0.0,9.96,8.4,0.0,0.0,64,0.0,0.0,0.0,one,SR,1
0,2921,3208,0,0,20.5879,7.1953,12.5753,0.0,0.0,1686,1169.0,0.0,0.0,10.35,8.17,0.0,0.0,11,0.0,0.0,0.0,one,SR,1
0,1545,2225,0,0,20.6165,6.3626,13.4069,0.0,0.0,1613,1253.0,0.0,0.0,9.31,8.47,0.0,0.0,86,0.0,0.0,0.0,one,SR,1
0,2792,4252,0,0,20.5565,6.8408,12.8875,0.0,0.0,1472,1200.0,0.0,0.0,8.0,8.28,0.0,0.0,42,0.0,0.0,0.0,one,SR,1
0,4746,4386,0,0,20.5406,7.2214,12.5048,0.0,0.0,1415,1161.0,0.0,0.0,7.53,8.14,0.0,0.0,8,0.0,0.0,0.0,one,SR,1
0,2451,7030,0,0,20.5258,7.2452,12.4676,0.0,0.0,1633,1157.0,0.0,0.0,9.83,8.13,0.0,0.0,5,0.0,0.0,0.0,one,SR,1
0,1102,5499,0,0,20.5492,6.4041,13.3017,0.0,0.0,1816,1243.0,0.0,0.0,11.48,8.43,0.0,0.0,81,0.0,0.0,0.0,one,SR,1
0,883,2239,0,0,20.563,5.8962,13.8054,0.0,0.0,1900,1294.0,0.0,0.0,12.2,8.61,0.0,0.0,127,0.0,0.0,0.0,one,SR,1
0,4753,6895,0,0,20.582,4.883,14.8014,0.0,0.0,1861,1396.0,0.0,0.0,11.46,8.97,0.0,0.0,218,0.0,0.0,0.0,one,SR,1
0,4590,8089,0,0,20.5007,7.0759,12.6065,0.0,0.0,1588,1172.0,0.0,0.0,9.31,8.18,0.0,0.0,20,0.0,0.0,0.0,one,SR,1
0,3130,6642,0,0,20.5437,5.8098,13.87,0.0,0.0,1590,1301.0,0.0,0.0,8.92,8.64,0.0,0.0,134,0.0,0.0,0.0,one,SR,1
0,749,4372,0,0,20.4782,7.1812,12.4833,0.0,0.0,1409,1159.0,0.0,0.0,7.47,8.14,0.0,0.0,10,0.0,0.0,0.0,one,SR,1
0,2531,7700,0,0,20.4387,6.8381,12.7763,0.0,0.0,1606,1189.0,0.0,0.0,9.44,8.24,0.0,0.0,40,0.0,0.0,0.0,one,SR,1
0,1257,6246,0,0,20.3865,6.8124,12.7508,0.0,0.0,1827,1186.0,0.0,0.0,11.77,8.23,0.0,0.0,41,0.0,0.0,0.0,one,SR,1
0,2320,3211,0,0,20.4373,5.1203,14.4325,0.0,0.0,1707,1359.0,0.0,0.0,9.96,8.84,0.0,0.0,194,0.0,0.0,0.0,one,SR,1
0,1343,2821,0,0,20.3612,6.7403,12.7958,0.0,0.0,1614,1191.0,0.0,0.0,9.52,8.25,0.0,0.0,47,0.0,0.0,0.0,one,SR,1
0,4621,5859,0,0,20.3909,5.2782,14.2353,0.0,0.0,2044,1339.0,0.0,0.0,13.57,8.77,0.0,0.0,179,0.0,0.0,0.0,one,SR,1
0,3782,4942,0,0,20.3105,7.1513,12.3504,0.0,0.0,1409,1145.0,0.0,0.0,7.52,8.09,0.0,0.0,9,0.0,0.0,0.0,one,SR,1
0,250,5335,0,0,20.3236,6.4745,13.0163,0.0,0.0,1671,1213.0,0.0,0.0,10.05,8.33,0.0,0.0,70,0.0,0.0,0.0,one,SR,1
0,4985,5247,0,0,20.3144,6.4545,13.0264,0.0,0.0,1802,1215.0,0.0,0.0,11.42,8.34,0.0,0.0,72,0.0,0.0,0.0,one,SR,1
0,2492,4578,0,0,20.2986,6.6917,12.7823,0.0,0.0,1702,1190.0,0.0,0.0,10.45,8.25,0.0,0.0,50,0.0,0.0,0.0,one,SR,1
0,585,3265,0,0,20.2939,6.6687,12.7999,0.0,0.0,1711,1192.0,0.0,0.0,10.54,8.25,0.0,0.0,52,0.0,0.0,0.0,one,SR,1
0,2635,7434,0,0,20.2547,7.1316,12.3154,0.0,0.0,1940,1142.0,0.0,0.0,13.1,8.08,0.0,0.0,10,0.0,0.0,0.0,one,SR,1
0,3338,4799,0,0,20.2565,6.8925,12.5479,0.0,0.0,1884,1166.0,0.0,0.0,12.44,8.16,0.0,0.0,31,0.0,0.0,0.0,one,SR,1
0,986,9832,0,0,20.2646,6.1942,13.2295,0.0,0.0,1907,1236.0,0.0,0.0,12.46,8.41,0.0,0.0,94,0.0,0.0,0.0,one,SR,1
0,2888,3402,0,0,20.2422,6.3539,13.0538,0.0,0.0,1642,1218.0,0.0,0.0,9.73,8.35,0.0,0.0,79,0.0,0.0,0.0,one,SR,1
0,3626,7707,0,0,20.1803,7.1097,12.2647,0.0,0.0,1207,1137.0,0.0,0.0,5.42,8.06,0.0,0.0,10,0.0,0.0,0.0,one,SR,1
0,3958,9973,0,0,20.2332,4.7973,14.5475,0.0,0.0,1488,1370.0,0.0,0.0,7.63,8.88,0.0,0.0,218,0.0,0.0,0.0,one,SR,1
0,2678,3232,0,0,20.0583,7.1698,12.0889,0.0,0.0,1464,1119.0,0.0,0.0,8.18,8.0,0.0,0.0,2,0.0,0.0,0.0,one,SR,1
7,1673,8273,0,0,19.8199,4.9089,14.3465,0.0,0.0,1178,1767.0,0.0,0.0,7.29,8.64,0.0,0.0,12,327.0,0.0,0.0,one,TR,1
0,2619,2686,0,0,20.1231,5.2071,14.0457,0.0,0.0,1729,1319.0,0.0,0.0,10.32,8.7,0.0,0.0,179,0.0,0.0,0.0,one,SR,1
0,4600,6487,0,0,20.0281,6.6723,12.54,0.0,0.0,1569,1165.0,0.0,0.0,9.13,8.16,0.0,0.0,46,0.0,0.0,0.0,one,SR,1
0,1393,5427,0,0,20.0575,5.7853,13.4246,0.0,0.0,1764,1255.0,0.0,0.0,10.89,8.48,0.0,0.0,126,0.0,0.0,0.0,one,SR,1
0,4128,5095,0,0,20.0195,6.3601,12.833,0.0,0.0,1798,1195.0,0.0,0.0,11.44,8.26,0.0,0.0,74,0.0,0.0,0.0,one,SR,1
0,273,6142,0,0,20.0247,5.3965,13.7683,0.0,0.0,1561,1290.0,0.0,0.0,8.65,8.6,0.0,0.0,160,0.0,0.0,0.0,one,SR,1
0,4862,4026,0,0,19.9947,5.4473,13.6901,0.0,0.0,1435,1282.0,0.0,0.0,7.35,8.57,0.0,0.0,155,0.0,0.0,0.0,one,SR,1
0,3118,199,0,0,19.8892,7.1544,11.9406,0.0,0.0,1414,1104.0,0.0,0.0,7.7,7.94,0.0,0.0,0,0.0,0.0,0.0,one,SR,1
0,4207,3446,0,0,19.7599,5.9386,12.9892,0.0,0.0,1908,1211.0,0.0,0.0,12.55,8.32,0.0,0.0,106,0.0,0.0,0.0,one,SR,1
0,17,4515,0,0,19.7352,6.545,12.38,0.0,0.0,1364,1149.0,0.0,0.0,7.03,8.1,0.0,0.0,51,0.0,0.0,0.0,one,SR,1
0,2523,628,0,0,19.7895,5.0089,13.915,0.0,0.0,1784,1306.0,0.0,0.0,10.94,8.66,0.0,0.0,190,0.0,0.0,0.0,one,SR,1
0,3568,6920,0,0,19.8129,4.229,14.6902,0.0,0.0,1648,1385.0,0.0,0.0,9.26,8.94,0.0,0.0,260,0.0,0.0,0.0,one,SR,1
11,4992,139,0,0,19.5415,5.3359,13.5531,0.0,0.0,1096,2088.0,0.0,0.0,5.64,9.53,0.0,0.0,37,567.0,0.0,0.0,one,TR,1
0,4245,6987,6226,0,31.9991,8.1427,9.7374,12.9476,0.0,1461,743.0,1239.0,0.0,4.8,5.35,6.37,0.0,164,0.0,136.0,0.0,many,SR,2
0,1592,4370,1574,0,31.1361,9.0549,9.5595,11.4102,0.0,1449,726.0,924.0,0.0,5.21,5.3,5.82,0.0,65,0.0,15.0,0.0,many,SR,2
0,1129,5039,2664,0,29.1667,6.3345,10.4991,11.2023,0.0,1752,817.0,898.0,0.0,8.22,5.55,5.75,0.0,262,1.0,11.0,0.0,many,SR,2
0,3847,3517,0,0,19.589,7.0268,11.7743,0.0,0.0,1355,1086.0,0.0,0.0,7.14,7.88,0.0,0.0,5,0.0,0.0,0.0,one,SR,1
0,1852,936,0,0,19.628,5.7707,13.0242,0.0,0.0,1626,1214.0,0.0,0.0,9.57,8.33,0.0,0.0,118,0.0,0.0,0.0,one,SR,1
0,4389,8408,6968,0,35.2449,7.1391,15.7294,11.0959,0.0,1806,1465.0,873.0,0.0,7.44,7.09,5.71,0.0,299,107.0,0.0,0.0,many,SR,2
0,1163,9042,0,0,19.6882,3.5128,15.2604,0.0,0.0,2051,1444.0,0.0,0.0,13.3,9.15,0.0,0.0,322,0.0,0.0,0.0,one,SR,1
0,3817,9501,0,0,19.5708,6.4395,12.3233,0.0,0.0,2044,1143.0,0.0,0.0,14.19,8.08,0.0,0.0,57,0.0,0.0,0.0,one,SR,1
0,993,9551,0,0,19.5809,5.7596,12.9892,0.0,0.0,1668,1211.0,0.0,0.0,10.03,8.32,0.0,0.0,118,0.0,0.0,0.0,one,SR,1
0,1926,3371,0,0,19.6017,4.9728,13.7685,0.0,0.0,1743,1291.0,0.0,0.0,10.56,8.6,0.0,0.0,189,0.0,0.0,0.0,one,SR,1
0,1095,8808,0,0,19.5184,6.1461,12.5558,0.0,0.0,1904,1167.0,0.0,0.0,12.64,8.17,0.0,0.0,82,0.0,0.0,0.0,one,SR,1
0,793,8695,0,0,19.4738,6.4759,12.1944,0.0,0.0,1607,1130.0,0.0,0.0,9.64,8.03,0.0,0.0,52,0.0,0.0,0.0,one,SR,1
213,3146,9837,7827,0,56.7844,4.991,13.358,37.6909,0.0,1150,1841.0,2675.0,0.0,5.38,7.65,9.8,0.0,117,497.0,-384.0,0.0,many,RT,2
0,2835,7938,0,0,19.5204,4.8106,13.8466,0.0,0.0,1909,1299.0,0.0,0.0,12.28,8.63,0.0,0.0,202,0.0,0.0,0.0,one,SR,1
1,4739,5308,5023,0,41.7334,7.0248,23.1547,10.745,0.0,1343,2449.0,1427.0,0.0,6.82,9.05,7.05,0.0,18,319.0,366.0,0.0,many,TR,2
53,2333,4589,0,0,19.1127,0.8734,17.7593,0.0,0.0,1733,1859.0,0.0,0.0,13.88,8.8,0.0,0.0,235,193.0,0.0,0.0,one,RT,1
0,1357,4623,0,0,19.4008,6.7431,11.8662,0.0,0.0,1429,1096.0,0.0,0.0,7.88,7.91,0.0,0.0,26,0.0,0.0,0.0,one,SR,1
0,2857,4216,0,0,19.3804,6.9188,11.6769,0.0,0.0,1319,1077.0,0.0,0.0,6.79,7.85,0.0,0.0,10,0.0,0.0,0.0,one,SR,1
0,1504,5592,0,0,19.3868,6.7329,11.8624,0.0,0.0,1553,1096.0,0.0,0.0,9.18,7.91,0.0,0.0,27,0.0,0.0,0.0,one,SR,1
0,2959,4277,0,0,19.3897,6.3292,12.2549,0.0,0.0,1750,1136.0,0.0,0.0,11.12,8.06,0.0,0.0,63,0.0,0.0,0.0,one,SR,1
0,4752,6060,0,0,19.437,4.5552,14.0126,0.0,0.0,1866,1316.0,0.0,0.0,11.77,8.69,0.0,0.0,223,0.0,0.0,0.0,one,SR,1
0,48,3796,0,0,19.4012,4.9121,13.6337,0.0,0.0,1895,1277.0,0.0,0.0,12.2,8.55,0.0,0.0,190,0.0,0.0,0.0,one,SR,1
0,4942,1630,0,0,19.3042,6.6105,11.9012,0.0,0.0,1823,1099.0,0.0,0.0,12.01,7.92,0.0,0.0,36,0.0,0.0,0.0,one,SR,1
0,2538,8811,0,0,19.3015,6.4515,12.0518,0.0,0.0,1871,1115.0,0.0,0.0,12.46,7.98,0.0,0.0,50,0.0,0.0,0.0,one,SR,1
0,1206,8606,0,0,19.2712,6.9576,11.5342,0.0,0.0,1436,1062.0,0.0,0.0,8.06,7.79,0.0,0.0,4,0.0,0.0,0.0,one,SR,1
78,3815,6343,0,0,19.1109,5.5514,12.8945,0.0,0.0,1119,1956.0,0.0,0.0,5.77,9.65,0.0,0.0,30,497.0,0.0,0.0,one,RT,1
0,1741,6081,0,0,19.2376,6.4686,11.9737,0.0,0.0,1681,1107.0,0.0,0.0,10.49,7.95,0.0,0.0,47,0.0,0.0,0.0,one,SR,1
0,2683,5890,0,0,19.2101,6.5752,11.8445,0.0,0.0,1641,1093.0,0.0,0.0,10.12,7.9,0.0,0.0,37,0.0,0.0,0.0,one,SR,1
233,274,8679,0,0,18.9228,4.1492,14.2509,0.0,0.0,1170,2054.0,0.0,0.0,7.58,8.23,0.0,0.0,38,575.0,0.0,0.0,one,RT,1
0,2840,7531,0,0,19.2153,5.8411,12.5577,0.0,0.0,1967,1167.0,0.0,0.0,13.3,8.17,0.0,0.0,103,0.0,0.0,0.0,one,SR,1
0,3908,5084,0,0,19.181,6.2583,12.122,0.0,0.0,1480,1122.0,0.0,0.0,8.33,8.01,0.0,0.0,65,0.0,0.0,0.0,one,SR,1
0,1349,8163,0,0,19.1063,6.5599,11.7588,0.0,0.0,2018,1085.0,0.0,0.0,14.1,7.88,0.0,0.0,36,0.0,0.0,0.0,one,SR,1
0,3202,7012,0,0,19.1335,5.4456,12.8604,0.0,0.0,1716,1198.0,0.0,0.0,10.57,8.27,0.0,0.0,137,0.0,0.0,0.0,one,SR,1
0,2902,8410,0,0,19.0147,6.6751,11.5595,0.0,0.0,1422,1064.0,0.0,0.0,7.91,7.8,0.0,0.0,24,0.0,0.0,0.0,one,SR,1
0,4785,8910,0,0,18.9843,6.3108,11.8817,0.0,0.0,1590,1097.0,0.0,0.0,9.57,7.92,0.0,0.0,56,0.0,0.0,0.0,one,SR,1
0,677,685,0,0,18.9233,6.9176,11.2372,0.0,0.0,1322,1031.0,0.0,0.0,6.96,7.68,0.0,0.0,0,0.0,0.0,0.0,one,SR,1
0,4356,9481,0,0,18.9418,6.1323,12.0127,0.0,0.0,1907,1111.0,0.0,0.0,12.85,7.97,0.0,0.0,71,0.0,0.0,0.0,one,SR,1
0,2393,9112,0,0,18.9224,6.4595,11.6785,0.0,0.0,1319,1076.0,0.0,0.0,6.79,7.84,0.0,0.0,41,0.0,0.0,0.0,one,SR,1
0,3715,1121,0,0,18.9346,5.986,12.1473,0.0,0.0,1799,1124.0,0.0,0.0,11.68,8.01,0.0,0.0,84,0.0,0.0,0.0,one,SR,1
0,1656,5516,0,0,18.9353,5.8545,12.2745,0.0,0.0,1453,1138.0,0.0,0.0,8.0,8.06,0.0,0.0,96,0.0,0.0,0.0,one,SR,1
0,4462,4852,0,0,18.9697,4.3794,13.7314,0.0,0.0,1595,1287.0,0.0,0.0,9.02,8.59,0.0,0.0,229,0.0,0.0,0.0,one,SR,1
0,726,5946,0,0,18.8898,6.1638,11.9324,0.0,0.0,1525,1102.0,0.0,0.0,8.87,7.94,0.0,0.0,67,0.0,0.0,0.0,one,SR,1
0,4653,7522,0,0,18.9174,4.1633,13.8895,0.0,0.0,2079,1303.0,0.0,0.0,14.05,8.65,0.0,0.0,247,0.0,0.0,0.0,one,SR,1
0,4943,1097,0,0,18.7942,5.5762,12.4071,0.0,0.0,1712,1151.0,0.0,0.0,10.68,8.11,0.0,0.0,118,0.0,0.0,0.0,one,SR,1
0,1908,337,0,0,18.7483,6.3639,11.6026,0.0,0.0,1446,1069.0,0.0,0.0,8.15,7.82,0.0,0.0,46,0.0,0.0,0.0,one,SR,1
0,4468,3185,0,0,18.7086,6.0895,11.8291,0.0,0.0,1725,1092.0,0.0,0.0,11.0,7.9,0.0,0.0,70,0.0,0.0,0.0,one,SR,1
0,4901,6995,0,0,18.6898,6.3496,11.5597,0.0,0.0,1859,1065.0,0.0,0.0,12.5,7.8,0.0,0.0,46,0.0,0.0,0.0,one,SR,1
0,921,6805,0,0,18.6792,6.1474,11.745,0.0,0.0,1366,1083.0,0.0,0.0,7.26,7.87,0.0,0.0,64,0.0,0.0,0.0,one,SR,1
0,4473,8613,0,0,18.6627,5.9968,11.8741,0.0,0.0,1367,1097.0,0.0,0.0,7.23,7.92,0.0,0.0,77,0.0,0.0,0.0,one,SR,1
0,4417,6825,0,0,18.6818,4.7188,13.1259,0.0,0.0,1571,1225.0,0.0,0.0,8.96,8.37,0.0,0.0,192,0.0,0.0,0.0,one,SR,1
0,3631,1682,0,0,18.6253,6.053,11.7841,0.0,0.0,1597,1087.0,0.0,0.0,9.67,7.88,0.0,0.0,71,0.0,0.0,0.0,one,SR,1
0,3706,6016,0,0,18.5946,6.532,11.292,0.0,0.0,1162,1037.0,0.0,0.0,5.27,7.71,0.0,0.0,28,0.0,0.0,0.0,one,SR,1
0,4915,8671,0,0,18.5985,6.2829,11.5361,0.0,0.0,2025,1062.0,0.0,0.0,14.25,7.79,0.0,0.0,50,0.0,0.0,0.0,one,SR,1
0,1542,804,0,0,18.5606,6.7858,11.0145,0.0,0.0,1010,1008.0,0.0,0.0,3.76,7.6,0.0,0.0,4,0.0,0.0,0.0,one,SR,1
0,4886,5775,0,0,18.568,6.3638,11.4287,0.0,0.0,1134,1051.0,0.0,0.0,4.93,7.76,0.0,0.0,42,0.0,0.0,0.0,one,SR,1
0,3608,7261,0,0,18.5517,6.4423,11.337,0.0,0.0,1525,1042.0,0.0,0.0,9.06,7.72,0.0,0.0,35,0.0,0.0,0.0,one,SR,1
0,698,7646,0,0,18.5391,6.5208,11.2491,0.0,0.0,1269,1033.0,0.0,0.0,6.4,7.69,0.0,0.0,28,0.0,0.0,0.0,one,SR,1
0,4299,9741,0,0,18.6392,3.3248,14.4304,0.0,0.0,1913,1358.0,0.0,0.0,12.13,8.84,0.0,0.0,316,0.0,0.0,0.0,one,SR,1
0,1188,563,0,0,18.5117,6.5744,11.171,0.0,0.0,1457,1025.0,0.0,0.0,8.4,7.66,0.0,0.0,22,0.0,0.0,0.0,one,SR,1
0,1027,1670,0,0,18.5866,4.4617,13.2822,0.0,0.0,1687,1241.0,0.0,0.0,10.13,8.43,0.0,0.0,213,0.0,0.0,0.0,one,SR,1
0,148,2191,0,0,18.4556,6.3886,11.2961,0.0,0.0,1555,1038.0,0.0,0.0,9.39,7.71,0.0,0.0,38,0.0,0.0,0.0,one,SR,1
0,4849,204,0,0,18.4485,6.5155,11.167,0.0,0.0,1202,1024.0,0.0,0.0,5.73,7.66,0.0,0.0,26,0.0,0.0,0.0,one,SR,1
0,1798,8127,0,0,18.4413,5.9557,11.7002,0.0,0.0,1761,1079.0,0.0,0.0,11.42,7.85,0.0,0.0,76,0.0,0.0,0.0,one,SR,1
0,3870,622,0,0,18.409,6.5532,11.0926,0.0,0.0,1576,1016.0,0.0,0.0,9.68,7.63,0.0,0.0,22,0.0,0.0,0.0,one,SR,1
0,578,5719,0,0,18.4294,5.606,12.0263,0.0,0.0,1810,1112.0,0.0,0.0,11.83,7.97,0.0,0.0,107,0.0,0.0,0.0,one,SR,1
0,214,5832,0,0,18.3897,6.6344,10.9953,0.0,0.0,1504,1007.0,0.0,0.0,8.95,7.6,0.0,0.0,14,0.0,0.0,0.0,one,SR,1
0,2647,1666,0,0,18.4215,5.5431,12.0792,0.0,0.0,1561,1118.0,0.0,0.0,9.2,7.99,0.0,0.0,113,0.0,0.0,0.0,one,SR,1
0,3986,9434,9289,0,30.1856,6.0009,9.9353,13.0843,0.0,2218,761.0,1063.0,0.0,12.8,5.4,6.25,0.0,306,0.0,0.0,0.0,many,SR,2
0,1243,478,0,0,18.3619,6.4878,11.1103,0.0,0.0,1458,1018.0,0.0,0.0,8.43,7.64,0.0,0.0,27,0.0,0.0,0.0,one,SR,1
0,3923,4648,0,0,18.3198,6.7245,10.8409,0.0,0.0,1057,991.0,0.0,0.0,4.31,7.54,0.0,0.0,5,0.0,0.0,0.0,one,SR,1
0,807,9941,0,0,18.3008,6.5822,10.96,0.0,0.0,1855,1003.0,0.0,0.0,12.65,7.59,0.0,0.0,17,0.0,0.0,0.0,one,SR,1
0,600,570,0,0,18.301,5.7363,11.7765,0.0,0.0,1364,1087.0,0.0,0.0,7.23,7.88,0.0,0.0,93,0.0,0.0,0.0,one,SR,1
0,4850,1242,0,0,18.3048,5.2424,12.2568,0.0,0.0,1353,1136.0,0.0,0.0,6.96,8.06,0.0,0.0,137,0.0,0.0,0.0,one,SR,1
0,2106,1551,1550,0,54.2423,11.4376,20.5601,20.5601,0.0,2045,1788.0,1788.0,0.0,6.31,8.42,8.42,0.0,254,0.0,0.0,0.0,many,SR,2
0,4834,700,0,0,18.2857,5.604,11.8896,0.0,0.0,1374,1098.0,0.0,0.0,7.3,7.92,0.0,0.0,104,0.0,0.0,0.0,one,SR,1
0,3751,7863,0,0,18.2682,5.9058,11.5812,0.0,0.0,1140,1067.0,0.0,0.0,4.94,7.81,0.0,0.0,77,0.0,0.0,0.0,one,SR,1
0,811,2688,0,0,18.3141,4.0659,13.4012,0.0,0.0,2183,1253.0,0.0,0.0,15.3,8.47,0.0,0.0,243,0.0,0.0,0.0,one,SR,1
0,3496,303,0,0,18.1701,6.3257,11.0812,0.0,0.0,1433,1016.0,0.0,0.0,8.18,7.63,0.0,0.0,37,0.0,0.0,0.0,one,SR,1
0,4591,37,0,0,18.2008,5.3446,12.0577,0.0,0.0,1700,1116.0,0.0,0.0,10.66,7.99,0.0,0.0,126,0.0,0.0,0.0,one,SR,1
0,4794,6084,0,0,18.2488,3.9943,13.4072,0.0,0.0,2107,1254.0,0.0,0.0,14.5,8.47,0.0,0.0,248,0.0,0.0,0.0,one,SR,1
0,767,3782,0,0,18.1699,5.9233,11.4697,0.0,0.0,1315,1055.0,0.0,0.0,6.82,7.77,0.0,0.0,73,0.0,0.0,0.0,one,SR,1
0,3080,7218,0,0,18.1298,6.7084,10.673,0.0,0.0,1400,974.0,0.0,0.0,7.97,7.48,0.0,0.0,2,0.0,0.0,0.0,one,SR,1
0,377,7114,0,0,18.1754,5.4184,11.962,0.0,0.0,1362,1106.0,0.0,0.0,7.15,7.95,0.0,0.0,119,0.0,0.0,0.0,one,SR,1
0,1487,3854,0,0,18.1558,5.4007,11.9601,0.0,0.0,1710,1106.0,0.0,0.0,10.8,7.95,0.0,0.0,120,0.0,0.0,0.0,one,SR,1
0,2454,4847,0,0,18.1587,4.9685,12.38,0.0,0.0,1315,1149.0,0.0,0.0,6.52,8.1,0.0,0.0,159,0.0,0.0,0.0,one,SR,1
0,3934,6913,0,0,18.1789,4.3317,13.0144,0.0,0.0,1652,1213.0,0.0,0.0,9.85,8.33,0.0,0.0,216,0.0,0.0,0.0,one,SR,1
0,3532,9537,0,0,18.1279,5.4341,11.9012,0.0,0.0,1447,1099.0,0.0,0.0,8.06,7.92,0.0,0.0,116,0.0,0.0,0.0,one,SR,1
0,2850,8380,0,0,18.1158,5.756,11.579,0.0,0.0,1110,1066.0,0.0,0.0,4.63,7.81,0.0,0.0,87,0.0,0.0,0.0,one,SR,1
0,4813,3150,0,0,18.1632,4.34,12.9911,0.0,0.0,1375,1211.0,0.0,0.0,6.95,8.32,0.0,0.0,215,0.0,0.0,0.0,one,SR,1
0,2159,8356,3331,0,29.5579,6.7181,10.195,11.4928,0.0,1498,786.0,1197.0,0.0,5.36,5.47,6.05,0.0,249,0.0,205.0,0.0,many,SR,2
0,1671,4228,0,0,18.0007,5.8919,11.3368,0.0,0.0,1253,1041.0,0.0,0.0,6.21,7.72,0.0,0.0,72,0.0,0.0,0.0,one,SR,1
0,1563,2949,0,0,17.9612,6.2692,10.9345,0.0,0.0,1261,1000.0,0.0,0.0,6.42,7.58,0.0,0.0,38,0.0,0.0,0.0,one,SR,1
114,1769,1517,0,0,17.7751,4.2638,12.9341,0.0,0.0,1462,1991.0,0.0,0.0,10.16,9.77,0.0,0.0,64,514.0,0.0,0.0,one,TR,1
0,3713,1450,0,0,17.8852,6.2817,10.8488,0.0,0.0,1190,992.0,0.0,0.0,5.7,7.55,0.0,0.0,35,0.0,0.0,0.0,one,SR,1
0,4673,927,0,0,17.9007,4.7415,12.3504,0.0,0.0,1511,1145.0,0.0,0.0,8.59,8.09,0.0,0.0,173,0.0,0.0,0.0,one,SR,1
0,875,1364,0,0,17.8501,6.0044,11.0829,0.0,0.0,1640,1015.0,0.0,0.0,10.35,7.63,0.0,0.0,59,0.0,0.0,0.0,one,SR,1
0,3374,4010,0,0,17.84,6.1803,10.9033,0.0,0.0,1899,997.0,0.0,0.0,13.13,7.56,0.0,0.0,43,0.0,0.0,0.0,one,SR,1
0,1887,6798,2979,0,28.6198,6.9898,10.0154,10.5161,0.0,1273,772.0,823.0,0.0,3.48,5.42,5.56,0.0,198,2.0,4.0,0.0,many,SR,2
0,4445,4567,0,0,17.8508,4.1794,12.8446,0.0,0.0,1385,1196.0,0.0,0.0,7.1,8.27,0.0,0.0,223,0.0,0.0,0.0,one,SR,1
0,1017,2928,0,0,17.755,6.1825,10.8192,0.0,0.0,1349,988.0,0.0,0.0,7.39,7.53,0.0,0.0,41,0.0,0.0,0.0,one,SR,1
0,1911,3689,0,0,17.7266,5.8626,11.1005,0.0,0.0,1389,1017.0,0.0,0.0,7.71,7.64,0.0,0.0,69,0.0,0.0,0.0,one,SR,1
0,2622,4134,0,0,17.7071,6.2029,10.753,0.0,0.0,1884,982.0,0.0,0.0,13.02,7.51,0.0,0.0,38,0.0,0.0,0.0,one,SR,1
0,1589,8202,0,0,17.6985,6.2999,10.6513,0.0,0.0,1497,971.0,0.0,0.0,8.99,7.47,0.0,0.0,29,0.0,0.0,0.0,one,SR,1
0,540,6912,0,0,17.7151,4.7602,12.1532,0.0,0.0,1590,1125.0,0.0,0.0,9.48,8.02,0.0,0.0,168,0.0,0.0,0.0,one,SR,1
0,1584,8583,0,0,17.6727,5.4849,11.413,0.0,0.0,1187,1049.0,0.0,0.0,5.49,7.75,0.0,0.0,102,0.0,0.0,0.0,one,SR,1
0,4370,1717,0,0,17.6224,5.9848,10.8819,0.0,0.0,1262,995.0,0.0,0.0,6.45,7.56,0.0,0.0,56,0.0,0.0,0.0,one,SR,1
0,1547,8995,0,0,17.6272,5.7429,11.12,0.0,0.0,1125,1019.0,0.0,0.0,4.93,7.64,0.0,0.0,78,0.0,0.0,0.0,one,SR,1
0,3851,3007,0,0,17.5976,6.4008,10.4563,0.0,0.0,1457,952.0,0.0,0.0,8.63,7.41,0.0,0.0,18,0.0,0.0,0.0,one,SR,1
0,4075,1370,0,0,17.5937,6.4564,10.3993,0.0,0.0,1692,945.0,0.0,0.0,11.12,7.38,0.0,0.0,13,0.0,0.0,0.0,one,SR,1
0,375,8319,0,0,17.6013,6.2407,10.6144,0.0,0.0,1143,968.0,0.0,0.0,5.29,7.46,0.0,0.0,33,0.0,0.0,0.0,one,SR,1
0,645,4758,0,0,17.6493,4.1417,12.6865,0.0,0.0,1851,1180.0,0.0,0.0,12.05,8.21,0.0,0.0,222,0.0,0.0,0.0,one,SR,1
0,1053,2214,0,0,17.546,6.2707,10.5322,0.0,0.0,1176,959.0,0.0,0.0,5.66,7.43,0.0,0.0,29,0.0,0.0,0.0,one,SR,1
0,361,815,0,0,17.5155,6.3516,10.4248,0.0,0.0,1309,948.0,0.0,0.0,7.09,7.39,0.0,0.0,21,0.0,0.0,0.0,one,SR,1
0,4382,9636,0,0,17.5141,6.0137,10.7492,0.0,0.0,1476,982.0,0.0,0.0,8.74,7.51,0.0,0.0,51,0.0,0.0,0.0,one,SR,1
0,4907,5545,0,0,17.4942,6.5143,10.2472,0.0,0.0,1167,930.0,0.0,0.0,5.66,7.33,0.0,0.0,6,0.0,0.0,0.0,one,SR,1
178,1680,7620,0,0,17.2193,2.955,13.8048,0.0,0.0,1444,1665.0,0.0,0.0,11.03,7.59,0.0,0.0,81,341.0,0.0,0.0,one,RT,1
0,3345,3287,0,0,17.5026,6.0978,10.6573,0.0,0.0,1330,972.0,0.0,0.0,7.24,7.48,0.0,0.0,43,0.0,0.0,0.0,one,SR,1
0,3960,2969,0,0,17.5569,4.5388,12.214,0.0,0.0,1315,1132.0,0.0,0.0,6.57,8.04,0.0,0.0,184,0.0,0.0,0.0,one,SR,1
0,3108,9352,0,0,17.5472,4.414,12.3252,0.0,0.0,1490,1143.0,0.0,0.0,8.37,8.08,0.0,0.0,195,0.0,0.0,0.0,one,SR,1
0,343,9374,0,0,17.4244,6.1061,10.5735,0.0,0.0,1220,964.0,0.0,0.0,6.11,7.45,0.0,0.0,41,0.0,0.0,0.0,one,SR,1
0,1593,8220,0,0,17.4473,5.4638,11.2158,0.0,0.0,1341,1029.0,0.0,0.0,7.17,7.68,0.0,0.0,99,0.0,0.0,0.0,one,SR,1
0,204,7812,0,0,17.4155,5.9455,10.7199,0.0,0.0,1101,979.0,0.0,0.0,4.81,7.5,0.0,0.0,55,0.0,0.0,0.0,one,SR,1
0,1447,9022,0,0,17.392,6.2098,10.4424,0.0,0.0,1527,950.0,0.0,0.0,9.38,7.4,0.0,0.0,31,0.0,0.0,0.0,one,SR,1
0,74,6481,0,0,17.3745,6.5141,10.1319,0.0,0.0,1202,918.0,0.0,0.0,6.06,7.29,0.0,0.0,3,0.0,0.0,0.0,one,SR,1
0,3181,6149,0,0,17.4283,4.799,11.8388,0.0,0.0,1181,1093.0,0.0,0.0,5.29,7.9,0.0,0.0,158,0.0,0.0,0.0,one,SR,1
0,980,5164,0,0,17.3575,6.501,10.1281,0.0,0.0,1155,918.0,0.0,0.0,5.57,7.29,0.0,0.0,4,0.0,0.0,0.0,one,SR,1
0,210,5110,0,0,17.3647,6.2836,10.3448,0.0,0.0,1254,940.0,0.0,0.0,6.54,7.36,0.0,0.0,24,0.0,0.0,0.0,one,SR,1
88,1999,9876,8321,0,37.8256,6.7491,9.8484,20.4692,0.0,1182,1372.0,2308.0,0.0,5.58,6.82,8.76,0.0,6,388.0,382.0,0.0,many,TR,2
0,2517,9273,0,0,17.3496,6.2729,10.3407,0.0,0.0,1296,939.0,0.0,0.0,6.98,7.36,0.0,0.0,24,0.0,0.0,0.0,one,SR,1
0,4732,5487,0,0,17.4347,3.8904,12.7218,0.0,0.0,2236,1184.0,0.0,0.0,16.08,8.23,0.0,0.0,240,0.0,0.0,0.0,one,SR,1
0,3862,390,0,0,17.3882,5.0258,11.5812,0.0,0.0,1143,1067.0,0.0,0.0,4.97,7.81,0.0,0.0,137,0.0,0.0,0.0,one,SR,1
0,1449,9503,0,0,17.4127,3.907,12.6846,0.0,0.0,2133,1180.0,0.0,0.0,15.01,8.21,0.0,0.0,238,0.0,0.0,0.0,one,SR,1
0,3954,1858,0,0,17.3828,4.7251,11.8662,0.0,0.0,1512,1096.0,0.0,0.0,8.75,7.91,0.0,0.0,164,0.0,0.0,0.0,one,SR,1
0,3444,6608,0,0,17.3317,5.8276,10.753,0.0,0.0,1658,982.0,0.0,0.0,10.65,7.51,0.0,0.0,64,0.0,0.0,0.0,one,SR,1
0,4295,691,0,0,17.2891,5.8235,10.7159,0.0,0.0,1682,978.0,0.0,0.0,10.91,7.5,0.0,0.0,63,0.0,0.0,0.0,one,SR,1
0,2000,9908,0,0,17.3124,5.1024,11.4344,0.0,0.0,1608,1051.0,0.0,0.0,9.9,7.76,0.0,0.0,128,0.0,0.0,0.0,one,SR,1
0,1443,9240,0,0,17.3245,4.6934,11.8407,0.0,0.0,1463,1093.0,0.0,0.0,8.25,7.9,0.0,0.0,165,0.0,0.0,0.0,one,SR,1
0,4671,6703,0,0,17.2932,5.5,11.0321,0.0,0.0,1276,1010.0,0.0,0.0,6.55,7.61,0.0,0.0,92,0.0,0.0,0.0,one,SR,1
0,4230,528,0,0,17.2627,6.3011,10.2295,0.0,0.0,1195,928.0,0.0,0.0,5.96,7.32,0.0,0.0,20,0.0,0.0,0.0,one,SR,1
0,4153,4432,0,0,17.3085,4.8064,11.716,0.0,0.0,1238,1081.0,0.0,0.0,5.92,7.86,0.0,0.0,155,0.0,0.0,0.0,one,SR,1
0,1817,7862,0,0,17.2934,4.816,11.6924,0.0,0.0,1155,1078.0,0.0,0.0,5.06,7.85,0.0,0.0,154,0.0,0.0,0.0,one,SR,1
0,1086,8772,0,0,17.2517,5.7153,10.7842,0.0,0.0,1240,985.0,0.0,0.0,6.25,7.52,0.0,0.0,72,0.0,0.0,0.0,one,SR,1
0,31,7536,0,0,17.2134,6.472,10.0169,0.0,0.0,1392,907.0,0.0,0.0,8.09,7.25,0.0,0.0,4,0.0,0.0,0.0,one,SR,1
0,3360,3046,0,0,17.276,4.5033,11.9775,0.0,0.0,1423,1107.0,0.0,0.0,7.78,7.95,0.0,0.0,181,0.0,0.0,0.0,one,SR,1
0,4025,7281,0,0,17.2039,6.2524,10.2198,0.0,0.0,1174,927.0,0.0,0.0,5.74,7.32,0.0,0.0,23,0.0,0.0,0.0,one,SR,1
0,2686,7250,0,0,17.1724,6.4334,10.0147,0.0,0.0,1125,906.0,0.0,0.0,5.29,7.24,0.0,0.0,6,0.0,0.0,0.0,one,SR,1
0,1758,962,0,0,17.1991,5.5779,10.8661,0.0,0.0,1713,993.0,0.0,0.0,11.19,7.55,0.0,0.0,83,0.0,0.0,0.0,one,SR,1
0,2736,1283,0,0,17.1618,5.9049,10.5146,0.0,0.0,1193,957.0,0.0,0.0,5.85,7.42,0.0,0.0,53,0.0,0.0,0.0,one,SR,1
0,3541,9868,0,0,17.1408,6.4828,9.9366,0.0,0.0,1152,898.0,0.0,0.0,5.6,7.21,0.0,0.0,1,0.0,0.0,0.0,one,SR,1
0,3037,4526,0,0,17.1379,6.1738,10.2317,0.0,0.0,1162,929.0,0.0,0.0,5.61,7.32,0.0,0.0,29,0.0,0.0,0.0,one,SR,1
0,4593,5841,0,0,17.116,6.4864,9.9092,0.0,0.0,2096,895.0,0.0,0.0,15.52,7.2,0.0,0.0,0,0.0,0.0,0.0,one,SR,1
0,1540,746,0,0,17.1745,4.1,12.2685,0.0,0.0,1430,1137.0,0.0,0.0,7.76,8.06,0.0,0.0,215,0.0,0.0,0.0,one,SR,1
0,3889,8284,0,0,17.086,6.2597,10.0988,0.0,0.0,1483,915.0,0.0,0.0,9.02,7.27,0.0,0.0,20,0.0,0.0,0.0,one,SR,1
0,4467,697,0,0,17.1152,5.3315,11.0226,0.0,0.0,1315,1010.0,0.0,0.0,6.96,7.61,0.0,0.0,104,0.0,0.0,0.0,one,SR,1
0,2103,5828,0,0,17.0586,5.9813,10.341,0.0,0.0,1471,940.0,0.0,0.0,8.82,7.36,0.0,0.0,44,0.0,0.0,0.0,one,SR,1
0,3142,3700,0,0,17.0533,5.2538,11.0381,0.0,0.0,1366,1011.0,0.0,0.0,7.49,7.61,0.0,0.0,109,0.0,0.0,0.0,one,SR,1
0,635,7023,0,0,17.047,5.4113,10.88,0.0,0.0,1702,995.0,0.0,0.0,11.07,7.56,0.0,0.0,95,0.0,0.0,0.0,one,SR,1
0,125,4073,0,0,17.0982,3.8536,12.4326,0.0,0.0,1857,1154.0,0.0,0.0,12.19,8.12,0.0,0.0,236,0.0,0.0,0.0,one,SR,1
0,2307,3718,0,0,17.0062,6.2951,9.9876,0.0,0.0,1480,904.0,0.0,0.0,9.03,7.24,0.0,0.0,15,0.0,0.0,0.0,one,SR,1
39,881,3995,0,0,16.7794,4.3288,11.9519,0.0,0.0,1517,1690.0,0.0,0.0,11.44,7.99,0.0,0.0,11,443.0,0.0,0.0,one,TR,1
0,4340,2789,0,0,16.9949,6.4463,9.8311,0.0,0.0,1315,887.0,0.0,0.0,7.35,7.18,0.0,0.0,1,0.0,0.0,0.0,one,SR,1
0,248,4211,0,0,16.9963,6.2674,10.0049,0.0,0.0,1465,905.0,0.0,0.0,8.87,7.24,0.0,0.0,17,0.0,0.0,0.0,one,SR,1
0,4182,1532,0,0,17.0416,4.7785,11.4854,0.0,0.0,1180,1057.0,0.0,0.0,5.39,7.78,0.0,0.0,152,0.0,0.0,0.0,one,SR,1
0,316,6654,0,0,16.9803,6.4576,9.8058,0.0,0.0,1111,885.0,0.0,0.0,5.21,7.17,0.0,0.0,0,0.0,0.0,0.0,one,SR,1
0,2579,8972,0,0,17.0449,4.2601,11.9891,0.0,0.0,2207,1108.0,0.0,0.0,16.01,7.96,0.0,0.0,198,0.0,0.0,0.0,one,SR,1
0,2400,8633,0,0,16.9646,5.936,10.2941,0.0,0.0,1110,935.0,0.0,0.0,5.04,7.35,0.0,0.0,46,0.0,0.0,0.0,one,SR,1
0,2482,8370,0,0,17.0074,4.7102,11.5185,0.0,0.0,1435,1060.0,0.0,0.0,8.06,7.79,0.0,0.0,157,0.0,0.0,0.0,one,SR,1
0,2025,7955,0,0,16.9952,4.5197,11.6905,0.0,0.0,1239,1078.0,0.0,0.0,5.94,7.85,0.0,0.0,174,0.0,0.0,0.0,one,SR,1
0,3445,2097,0,0,16.9276,5.8851,10.3076,0.0,0.0,1489,936.0,0.0,0.0,9.02,7.35,0.0,0.0,50,0.0,0.0,0.0,one,SR,1
43,53,1451,0,0,16.6581,4.0212,12.1689,0.0,0.0,2003,1733.0,0.0,0.0,16.82,8.68,0.0,0.0,13,424.0,0.0,0.0,one,RT,1
0,3225,6291,0,0,16.8988,6.0346,10.1357,0.0,0.0,1478,918.0,0.0,0.0,8.96,7.29,0.0,0.0,36,0.0,0.0,0.0,one,SR,1
0,1007,1762,0,0,16.9015,5.8444,10.3215,0.0,0.0,1081,938.0,0.0,0.0,4.73,7.36,0.0,0.0,53,0.0,0.0,0.0,one,SR,1
0,992,3336,0,0,16.9551,4.2209,11.9403,0.0,0.0,1560,1103.0,0.0,0.0,9.23,7.94,0.0,0.0,200,0.0,0.0,0.0,one,SR,1
0,947,7540,0,0,16.8818,6.189,9.9699,0.0,0.0,1335,902.0,0.0,0.0,7.51,7.23,0.0,0.0,22,0.0,0.0,0.0,one,SR,1
0,1079,1867,0,0,16.8947,5.6682,10.4853,0.0,0.0,1338,954.0,0.0,0.0,7.38,7.41,0.0,0.0,69,0.0,0.0,0.0,one,SR,1
184,1358,5253,0,0,16.6494,3.7467,12.3976,0.0,0.0,1382,1909.0,0.0,0.0,9.97,9.05,0.0,0.0,55,524.0,0.0,0.0,one,TR,1
0,307,9105,0,0,16.8635,5.8349,10.2941,0.0,0.0,1790,935.0,0.0,0.0,12.18,7.35,0.0,0.0,53,0.0,0.0,0.0,one,SR,1
0,4178,488,0,0,16.8365,6.298,9.8213,0.0,0.0,1789,886.0,0.0,0.0,12.33,7.17,0.0,0.0,11,0.0,0.0,0.0,one,SR,1
0,1253,7870,0,0,16.837,6.1449,9.9697,0.0,0.0,1211,901.0,0.0,0.0,6.21,7.23,0.0,0.0,25,0.0,0.0,0.0,one,SR,1
0,99,5868,0,0,16.8652,5.1808,10.9269,0.0,0.0,1279,1000.0,0.0,0.0,6.61,7.58,0.0,0.0,112,0.0,0.0,0.0,one,SR,1
0,3914,9542,0,0,16.8534,5.4852,10.622,0.0,0.0,1486,968.0,0.0,0.0,8.89,7.46,0.0,0.0,84,0.0,0.0,0.0,one,SR,1
0,3640,5664,0,0,16.8183,6.037,10.0557,0.0,0.0,1270,910.0,0.0,0.0,6.8,7.26,0.0,0.0,34,0.0,0.0,0.0,one,SR,1
0,3762,4287,0,0,16.8401,5.0368,11.0419,0.0,0.0,1621,1011.0,0.0,0.0,10.17,7.61,0.0,0.0,124,0.0,0.0,0.0,one,SR,1
0,1286,4542,0,0,16.7971,6.0866,9.9873,0.0,0.0,1093,903.0,0.0,0.0,4.97,7.23,0.0,0.0,29,0.0,0.0,0.0,one,SR,1
0,2541,9883,0,0,16.846,4.698,11.3742,0.0,0.0,1426,1046.0,0.0,0.0,8.01,7.74,0.0,0.0,155,0.0,0.0,0.0,one,SR,1
0,3435,2361,0,0,16.7926,5.9404,10.124,0.0,0.0,1335,917.0,0.0,0.0,7.46,7.28,0.0,0.0,42,0.0,0.0,0.0,one,SR,1
0,3839,8626,0,0,16.8376,4.6391,11.423,0.0,0.0,1602,1051.0,0.0,0.0,9.84,7.76,0.0,0.0,160,0.0,0.0,0.0,one,SR,1
0,1993,2331,0,0,16.794,5.6743,10.382,0.0,0.0,1848,944.0,0.0,0.0,12.76,7.38,0.0,0.0,66,0.0,0.0,0.0,one,SR,1
0,1442,3037,0,0,16.8096,5.208,10.8469,0.0,0.0,1347,992.0,0.0,0.0,7.35,7.55,0.0,0.0,108,0.0,0.0,0.0,one,SR,1
0,4300,788,0,0,16.822,4.4438,11.5966,0.0,0.0,1594,1068.0,0.0,0.0,9.7,7.82,0.0,0.0,177,0.0,0.0,0.0,one,SR,1
0,4051,8237,0,0,16.7616,6.0328,10.0049,0.0,0.0,1403,905.0,0.0,0.0,8.22,7.24,0.0,0.0,33,0.0,0.0,0.0,one,SR,1
0,2668,7258,0,0,16.784,5.2115,10.8192,0.0,0.0,1268,988.0,0.0,0.0,6.53,7.53,0.0,0.0,107,0.0,0.0,0.0,one,SR,1
0,2343,851,0,0,16.7432,6.2857,9.7432,0.0,0.0,1195,878.0,0.0,0.0,6.12,7.14,0.0,0.0,10,0.0,0.0,0.0,one,SR,1
0,2334,3222,0,0,16.7788,5.0356,10.9836,0.0,0.0,1401,1006.0,0.0,0.0,7.87,7.6,0.0,0.0,123,0.0,0.0,0.0,one,SR,1
0,2094,4398,0,0,16.8051,4.0912,11.9208,0.0,0.0,1628,1101.0,0.0,0.0,9.96,7.93,0.0,0.0,208,0.0,0.0,0.0,one,SR,1
0,907,9300,0,0,16.6949,6.14,9.837,0.0,0.0,1652,888.0,0.0,0.0,10.88,7.18,0.0,0.0,22,0.0,0.0,0.0,one,SR,1
0,4160,9994,0,0,16.7211,5.1543,10.8135,0.0,0.0,1645,988.0,0.0,0.0,10.49,7.53,0.0,0.0,111,0.0,0.0,0.0,one,SR,1
0,1414,2151,0,0,16.68,6.23,9.7356,0.0,0.0,1423,878.0,0.0,0.0,8.51,7.14,0.0,0.0,14,0.0,0.0,0.0,one,SR,1
0,990,68,0,0,16.6984,5.47,10.4872,0.0,0.0,1338,954.0,0.0,0.0,7.38,7.41,0.0,0.0,82,0.0,0.0,0.0,one,SR,1
0,4130,9998,0,0,16.6974,5.0478,10.8935,0.0,0.0,1171,996.0,0.0,0.0,5.49,7.56,0.0,0.0,120,0.0,0.0,0.0,one,SR,1
0,2592,8551,0,0,16.6559,6.1534,9.7863,0.0,0.0,1136,883.0,0.0,0.0,5.48,7.16,0.0,0.0,20,0.0,0.0,0.0,one,SR,1
0,1766,4016,0,0,16.6699,5.6312,10.3038,0.0,0.0,1629,936.0,0.0,0.0,10.49,7.35,0.0,0.0,67,0.0,0.0,0.0,one,SR,1
0,4332,1654,0,0,16.6364,6.2617,9.6632,0.0,0.0,1229,870.0,0.0,0.0,6.5,7.12,0.0,0.0,10,0.0,0.0,0.0,one,SR,1
0,1863,5831,0,0,16.7028,4.2678,11.6514,0.0,0.0,1404,1074.0,0.0,0.0,7.69,7.84,0.0,0.0,190,0.0,0.0,0.0,one,SR,1
0,3493,7853,0,0,16.6563,5.3203,10.5908,0.0,0.0,1619,965.0,0.0,0.0,10.29,7.45,0.0,0.0,95,0.0,0.0,0.0,one,SR,1
0,3391,7163,0,0,16.6382,5.7493,10.1593,0.0,0.0,1357,921.0,0.0,0.0,7.68,7.3,0.0,0.0,56,0.0,0.0,0.0,one,SR,1
0,4768,2612,0,0,16.6573,4.6618,11.2275,0.0,0.0,1682,1030.0,0.0,0.0,10.75,7.68,0.0,0.0,154,0.0,0.0,0.0,one,SR,1
0,162,3990,0,0,16.6365,4.5999,11.2668,0.0,0.0,1535,1035.0,0.0,0.0,9.19,7.7,0.0,0.0,159,0.0,0.0,0.0,one,SR,1
0,930,322,0,0,16.593,4.7088,11.12,0.0,0.0,1362,1019.0,0.0,0.0,7.42,7.64,0.0,0.0,148,0.0,0.0,0.0,one,SR,1
0,415,3733,0,0,16.5343,6.2867,9.5403,0.0,0.0,1250,858.0,0.0,0.0,6.76,7.07,0.0,0.0,6,0.0,0.0,0.0,one,SR,1
0,4078,1832,0,0,16.5621,4.1915,11.589,0.0,0.0,1580,1068.0,0.0,0.0,9.56,7.82,0.0,0.0,194,0.0,0.0,0.0,one,SR,1
0,21,4179,0,0,16.453,4.6655,11.0264,0.0,0.0,1272,1010.0,0.0,0.0,6.51,7.61,0.0,0.0,149,0.0,0.0,0.0,one,SR,1
98,4036,9814,0,0,16.217,4.7603,10.9262,0.0,0.0,1342,1673.0,0.0,0.0,9.32,8.31,0.0,0.0,1,471.0,0.0,0.0,one,RT,1
0,62,8069,0,0,16.4246,4.7004,10.9657,0.0,0.0,1501,1003.0,0.0,0.0,8.93,7.59,0.0,0.0,145,0.0,0.0,0.0,one,SR,1
0,659,2639,0,0,16.3827,5.7247,9.9366,0.0,0.0,1496,898.0,0.0,0.0,9.22,7.21,0.0,0.0,53,0.0,0.0,0.0,one,SR,1
0,3852,4104,0,0,16.4364,4.1797,11.4794,0.0,0.0,1631,1056.0,0.0,0.0,10.13,7.77,0.0,0.0,192,0.0,0.0,0.0,one,SR,1
0,4087,9808,0,0,16.4275,4.4073,11.251,0.0,0.0,1686,1033.0,0.0,0.0,10.78,7.69,0.0,0.0,172,0.0,0.0,0.0,one,SR,1
0,1152,3983,0,0,16.3994,5.1482,10.5089,0.0,0.0,1118,957.0,0.0,0.0,5.06,7.42,0.0,0.0,105,0.0,0.0,0.0,one,SR,1
0,4081,137,0,0,16.363,5.8846,9.763,0.0,0.0,1174,881.0,0.0,0.0,5.89,7.15,0.0,0.0,38,0.0,0.0,0.0,one,SR,1
0,3259,9408,0,0,16.3629,5.4981,10.1359,0.0,0.0,1087,919.0,0.0,0.0,4.85,7.29,0.0,0.0,73,0.0,0.0,0.0,one,SR,1
0,1825,6515,0,0,16.4024,4.1861,11.4404,0.0,0.0,1350,1052.0,0.0,0.0,7.19,7.76,0.0,0.0,191,0.0,0.0,0.0,one,SR,1
0,2386,5492,0,0,16.3836,4.6081,11.0148,0.0,0.0,1437,1009.0,0.0,0.0,8.24,7.61,0.0,0.0,153,0.0,0.0,0.0,one,SR,1
0,4185,6229,0,0,16.3579,5.0884,10.5265,0.0,0.0,1405,959.0,0.0,0.0,8.07,7.43,0.0,0.0,109,0.0,0.0,0.0,one,SR,1
0,3892,5753,0,0,16.3373,5.3428,10.261,0.0,0.0,1890,932.0,0.0,0.0,13.24,7.33,0.0,0.0,86,0.0,0.0,0.0,one,SR,1
0,2711,1440,0,0,16.323,4.9402,10.6359,0.0,0.0,1375,970.0,0.0,0.0,7.72,7.47,0.0,0.0,122,0.0,0.0,0.0,one,SR,1
0,2688,2729,0,0,16.3487,4.0717,11.499,0.0,0.0,1762,1058.0,0.0,0.0,11.5,7.78,0.0,0.0,200,0.0,0.0,0.0,one,SR,1
173,3563,497,0,0,16.0349,0.7542,14.8074,0.0,0.0,1833,1931.0,0.0,0.0,14.99,8.73,0.0,0.0,239,421.0,0.0,0.0,one,RT,1
0,2775,667,0,0,16.2649,6.054,9.505,0.0,0.0,1889,854.0,0.0,0.0,13.48,7.06,0.0,0.0,21,0.0,0.0,0.0,one,SR,1
0,2063,6547,0,0,16.2865,5.0094,10.5341,0.0,0.0,1261,959.0,0.0,0.0,6.55,7.43,0.0,0.0,115,0.0,0.0,0.0,one,SR,1
0,953,4200,0,0,16.3107,4.0337,11.499,0.0,0.0,1651,1058.0,0.0,0.0,10.33,7.78,0.0,0.0,203,0.0,0.0,0.0,one,SR,1
0,3678,5290,0,0,16.3038,3.4823,12.0244,0.0,0.0,1937,1112.0,0.0,0.0,13.16,7.97,0.0,0.0,252,0.0,0.0,0.0,one,SR,1
0,238,8406,0,0,16.2634,4.4778,11.0245,0.0,0.0,1381,1010.0,0.0,0.0,7.65,7.61,0.0,0.0,162,0.0,0.0,0.0,one,SR,1
0,2140,2890,0,0,16.2129,5.0464,10.427,0.0,0.0,1421,949.0,0.0,0.0,8.27,7.39,0.0,0.0,110,0.0,0.0,0.0,one,SR,1
0,281,3602,0,0,16.2143,4.9447,10.5265,0.0,0.0,1192,959.0,0.0,0.0,5.83,7.43,0.0,0.0,119,0.0,0.0,0.0,one,SR,1
78,87,8769,0,0,16.0872,4.7124,10.7477,0.0,0.0,1222,1773.0,0.0,0.0,7.19,9.27,0.0,0.0,64,502.0,0.0,0.0,one,TR,1
0,3039,1028,0,0,16.1712,5.7724,9.6865,0.0,0.0,1169,872.0,0.0,0.0,5.86,7.12,0.0,0.0,44,0.0,0.0,0.0,one,SR,1
0,2999,8311,0,0,16.1728,5.6564,9.7999,0.0,0.0,1154,884.0,0.0,0.0,5.67,7.16,0.0,0.0,54,0.0,0.0,0.0,one,SR,1
0,1390,9746,0,0,16.1777,5.4406,10.0128,0.0,0.0,1146,906.0,0.0,0.0,5.51,7.24,0.0,0.0,74,0.0,0.0,0.0,one,SR,1
0,1136,6782,0,0,16.1472,6.1342,9.3138,0.0,0.0,1175,835.0,0.0,0.0,6.04,6.99,0.0,0.0,11,0.0,0.0,0.0,one,SR,1
114,2216,4062,1982,0,44.3685,6.6554,28.5908,8.1458,0.0,1420,2985.0,899.0,0.0,6.12,10.11,6.66,0.0,146,355.0,135.0,0.0,many,RT,2
0,3941,6688,0,0,16.1226,6.2538,9.1749,0.0,0.0,1132,820.0,0.0,0.0,5.64,6.94,0.0,0.0,0,0.0,0.0,0.0,one,SR,1
0,318,5286,0,0,16.1713,4.6874,10.7335,0.0,0.0,1343,980.0,0.0,0.0,7.35,7.5,0.0,0.0,141,0.0,0.0,0.0,one,SR,1
0,3348,8179,0,0,16.1148,6.1834,9.2354,0.0,0.0,1688,826.0,0.0,0.0,11.46,6.96,0.0,0.0,6,0.0,0.0,0.0,one,SR,1
0,566,2509,0,0,16.1259,5.6842,9.7277,0.0,0.0,1250,877.0,0.0,0.0,6.7,7.14,0.0,0.0,51,0.0,0.0,0.0,one,SR,1
0,1544,347,0,0,16.0979,6.1343,9.2666,0.0,0.0,1054,829.0,0.0,0.0,4.79,6.97,0.0,0.0,10,0.0,0.0,0.0,one,SR,1
0,4780,3699,0,0,16.0934,5.911,9.4776,0.0,0.0,1819,851.0,0.0,0.0,12.76,7.05,0.0,0.0,30,0.0,0.0,0.0,one,SR,1
0,3050,7854,0,0,16.0393,5.9397,9.3976,0.0,0.0,1038,843.0,0.0,0.0,4.58,7.02,0.0,0.0,26,0.0,0.0,0.0,one,SR,1
0,3286,7456,0,0,16.1067,3.7551,11.5711,0.0,0.0,1338,1065.0,0.0,0.0,7.02,7.8,0.0,0.0,223,0.0,0.0,0.0,one,SR,1
0,3963,4849,0,0,16.0381,5.5015,9.8194,0.0,0.0,1727,886.0,0.0,0.0,11.68,7.17,0.0,0.0,65,0.0,0.0,0.0,one,SR,1
0,707,1275,0,0,16.0528,4.9553,10.3605,0.0,0.0,1232,942.0,0.0,0.0,6.3,7.37,0.0,0.0,115,0.0,0.0,0.0,one,SR,1
0,2176,8111,0,0,16.0871,3.9353,11.378,0.0,0.0,1514,1046.0,0.0,0.0,8.93,7.74,0.0,0.0,207,0.0,0.0,0.0,one,SR,1
0,3106,4702,0,0,15.9982,5.5179,9.7649,0.0,0.0,1692,881.0,0.0,0.0,11.33,7.15,0.0,0.0,63,0.0,0.0,0.0,one,SR,1
0,3026,5155,0,0,15.9846,5.8098,9.47,0.0,0.0,1112,851.0,0.0,0.0,5.33,7.05,0.0,0.0,37,0.0,0.0,0.0,one,SR,1
0,1451,902,0,0,16.049,3.9902,11.2882,0.0,0.0,1614,1037.0,0.0,0.0,10.01,7.71,0.0,0.0,201,0.0,0.0,0.0,one,SR,1
0,3500,757,0,0,15.9663,5.9496,9.3176,0.0,0.0,1311,835.0,0.0,0.0,7.47,6.99,0.0,0.0,24,0.0,0.0,0.0,one,SR,1
0,1795,5215,0,0,15.9817,4.9189,10.3272,0.0,0.0,1486,938.0,0.0,0.0,8.98,7.36,0.0,0.0,116,0.0,0.0,0.0,one,SR,1
0,36,2244,0,0,15.9945,4.4012,10.839,0.0,0.0,1230,991.0,0.0,0.0,6.13,7.54,0.0,0.0,163,0.0,0.0,0.0,one,SR,1
0,3540,3595,0,0,15.9734,4.3864,10.833,0.0,0.0,1230,990.0,0.0,0.0,6.13,7.54,0.0,0.0,164,0.0,0.0,0.0,one,SR,1
0,2435,6221,0,0,15.8821,5.7256,9.4524,0.0,0.0,1201,849.0,0.0,0.0,6.27,7.04,0.0,0.0,42,0.0,0.0,0.0,one,SR,1
0,3677,7164,0,0,15.9215,4.0043,11.1515,0.0,0.0,1728,1023.0,0.0,0.0,11.25,7.66,0.0,0.0,197,0.0,0.0,0.0,one,SR,1
0,2633,886,0,0,15.836,5.9407,9.2004,0.0,0.0,1237,823.0,0.0,0.0,6.73,6.95,0.0,0.0,22,0.0,0.0,0.0,one,SR,1
0,4273,1614,0,0,15.8411,5.6846,9.4524,0.0,0.0,1378,849.0,0.0,0.0,8.13,7.04,0.0,0.0,45,0.0,0.0,0.0,one,SR,1
0,1806,7530,0,0,15.833,5.8889,9.2473,0.0,0.0,1473,828.0,0.0,0.0,9.2,6.97,0.0,0.0,26,0.0,0.0,0.0,one,SR,1
0,1764,2579,0,0,15.9044,3.888,11.2472,0.0,0.0,1257,1033.0,0.0,0.0,6.28,7.69,0.0,0.0,207,0.0,0.0,0.0,one,SR,1
0,2164,9749,0,0,15.8787,4.4498,10.6806,0.0,0.0,1428,974.0,0.0,0.0,8.26,7.48,0.0,0.0,156,0.0,0.0,0.0,one,SR,1
0,4199,1219,0,0,15.8087,6.1562,8.966,0.0,0.0,1012,799.0,0.0,0.0,4.45,6.86,0.0,0.0,2,0.0,0.0,0.0,one,SR,1
0,4423,809,0,0,15.7917,5.8135,9.2804,0.0,0.0,1206,831.0,0.0,0.0,6.38,6.98,0.0,0.0,32,0.0,0.0,0.0,one,SR,1
0,3086,931,0,0,15.8007,5.2154,9.8663,0.0,0.0,1137,891.0,0.0,0.0,5.47,7.19,0.0,0.0,86,0.0,0.0,0.0,one,SR,1
0,4825,2749,0,0,15.8238,4.5303,10.5499,0.0,0.0,1322,961.0,0.0,0.0,7.19,7.44,0.0,0.0,148,0.0,0.0,0.0,one,SR,1
0,2080,8017,0,0,15.7843,4.774,10.2764,0.0,0.0,1914,933.0,0.0,0.0,13.49,7.34,0.0,0.0,125,0.0,0.0,0.0,one,SR,1
0,3485,4437,0,0,15.7456,5.751,9.2961,0.0,0.0,1126,833.0,0.0,0.0,5.54,6.98,0.0,0.0,37,0.0,0.0,0.0,one,SR,1
0,2897,4675,0,0,15.7305,6.0439,8.9991,0.0,0.0,1359,802.0,0.0,0.0,8.08,6.88,0.0,0.0,10,0.0,0.0,0.0,one,SR,1
0,3527,4199,0,0,15.729,5.9367,9.1008,0.0,0.0,1150,813.0,0.0,0.0,5.85,6.91,0.0,0.0,20,0.0,0.0,0.0,one,SR,1
0,1327,8557,0,0,15.7226,5.6774,9.345,0.0,0.0,1309,838.0,0.0,0.0,7.44,7.0,0.0,0.0,43,0.0,0.0,0.0,one,SR,1
0,4151,4527,0,0,15.8191,2.9913,12.0303,0.0,0.0,1763,1113.0,0.0,0.0,11.33,7.97,0.0,0.0,286,0.0,0.0,0.0,one,SR,1
0,4184,8497,0,0,15.7237,5.5185,9.4993,0.0,0.0,1226,854.0,0.0,0.0,6.52,7.06,0.0,0.0,57,0.0,0.0,0.0,one,SR,1
0,3647,365,0,0,15.7058,5.9863,9.0306,0.0,0.0,1129,806.0,0.0,0.0,5.65,6.89,0.0,0.0,15,0.0,0.0,0.0,one,SR,1
0,3611,4958,0,0,15.6922,6.0031,9.0013,0.0,0.0,1367,803.0,0.0,0.0,8.16,6.88,0.0,0.0,13,0.0,0.0,0.0,one,SR,1
0,714,8503,0,0,15.7063,5.3677,9.6282,0.0,0.0,1353,867.0,0.0,0.0,7.81,7.1,0.0,0.0,70,0.0,0.0,0.0,one,SR,1
0,3976,2741,0,0,15.6473,5.9176,9.0404,0.0,0.0,1394,807.0,0.0,0.0,8.43,6.89,0.0,0.0,20,0.0,0.0,0.0,one,SR,1
0,92,1191,0,0,15.6472,5.8917,9.0656,0.0,0.0,1156,809.0,0.0,0.0,5.93,6.9,0.0,0.0,22,0.0,0.0,0.0,one,SR,1
0,438,3219,0,0,15.6466,5.6583,9.2902,0.0,0.0,1631,832.0,0.0,0.0,10.84,6.98,0.0,0.0,43,0.0,0.0,0.0,one,SR,1
0,424,3124,0,0,15.6109,5.9825,8.9427,0.0,0.0,1236,797.0,0.0,0.0,6.81,6.86,0.0,0.0,13,0.0,0.0,0.0,one,SR,1
0,4028,6466,0,0,15.6072,5.6733,9.2376,0.0,0.0,1520,827.0,0.0,0.0,9.69,6.96,0.0,0.0,41,0.0,0.0,0.0,one,SR,1
0,1851,7055,0,0,15.5871,5.8859,9.013,0.0,0.0,1206,804.0,0.0,0.0,6.47,6.88,0.0,0.0,21,0.0,0.0,0.0,one,SR,1
0,4569,2309,0,0,15.5826,5.9345,8.962,0.0,0.0,1201,798.0,0.0,0.0,6.44,6.86,0.0,0.0,17,0.0,0.0,0.0,one,SR,1
0,1693,9116,0,0,15.5949,5.4567,9.4348,0.0,0.0,1075,847.0,0.0,0.0,4.96,7.03,0.0,0.0,60,0.0,0.0,0.0,one,SR,1
0,3384,6833,0,0,15.5705,5.8168,9.0637,0.0,0.0,1298,809.0,0.0,0.0,7.42,6.9,0.0,0.0,27,0.0,0.0,0.0,one,SR,1
0,4090,9801,0,0,15.5617,6.037,8.8429,0.0,0.0,1026,786.0,0.0,0.0,4.64,6.82,0.0,0.0,7,0.0,0.0,0.0,one,SR,1
0,3565,4139,0,0,15.6279,3.7538,11.1103,0.0,0.0,1288,1018.0,0.0,0.0,6.65,7.64,0.0,0.0,213,0.0,0.0,0.0,one,SR,1
0,1193,136,0,0,15.5682,5.1796,9.6767,0.0,0.0,1351,871.0,0.0,0.0,7.78,7.12,0.0,0.0,84,0.0,0.0,0.0,one,SR,1
49,3244,4256,0,0,15.3469,4.6401,10.166,0.0,0.0,1385,1523.0,0.0,0.0,9.68,8.41,0.0,0.0,16,394.0,0.0,0.0,one,TR,1
0,4553,271,0,0,15.4757,6.0806,8.7178,0.0,0.0,1227,773.0,0.0,0.0,6.79,6.77,0.0,0.0,1,0.0,0.0,0.0,one,SR,1
0,1715,565,0,0,15.5246,4.6661,10.13,0.0,0.0,1414,918.0,0.0,0.0,8.29,7.29,0.0,0.0,129,0.0,0.0,0.0,one,SR,1
109,4961,8384,0,0,15.2472,1.9543,12.838,0.0,0.0,1240,1739.0,0.0,0.0,8.93,7.55,0.0,0.0,146,455.0,0.0,0.0,one,RT,1
0,3257,2578,0,0,15.4828,5.4597,9.3235,0.0,0.0,1461,836.0,0.0,0.0,9.04,7.0,0.0,0.0,57,0.0,0.0,0.0,one,SR,1
0,3483,9790,0,0,15.5204,4.2224,10.5539,0.0,0.0,1287,962.0,0.0,0.0,6.82,7.44,0.0,0.0,169,0.0,0.0,0.0,one,SR,1
0,686,3422,0,0,15.4472,6.0743,8.6964,0.0,0.0,1070,771.0,0.0,0.0,5.15,6.77,0.0,0.0,1,0.0,0.0,0.0,one,SR,1
0,2626,5419,0,0,15.5169,3.5922,11.1591,0.0,0.0,1431,1023.0,0.0,0.0,8.13,7.66,0.0,0.0,225,0.0,0.0,0.0,one,SR,1
0,3520,9881,0,0,15.4529,5.3615,9.3897,0.0,0.0,1183,842.0,0.0,0.0,6.11,7.02,0.0,0.0,65,0.0,0.0,0.0,one,SR,1
0,420,8873,0,0,15.4162,6.0837,8.6574,0.0,0.0,1195,767.0,0.0,0.0,6.47,6.75,0.0,0.0,0,0.0,0.0,0.0,one,SR,1
0,409,1258,0,0,15.4123,5.7901,8.9367,0.0,0.0,1479,796.0,0.0,0.0,9.36,6.85,0.0,0.0,26,0.0,0.0,0.0,one,SR,1
0,4683,240,0,0,15.4443,4.5713,10.1438,0.0,0.0,1181,920.0,0.0,0.0,5.84,7.29,0.0,0.0,136,0.0,0.0,0.0,one,SR,1
0,3857,821,0,0,15.4625,3.7484,10.9559,0.0,0.0,1390,1002.0,0.0,0.0,7.77,7.58,0.0,0.0,210,0.0,0.0,0.0,one,SR,1
0,4219,4500,0,0,15.3918,5.6179,9.0832,0.0,0.0,1248,811.0,0.0,0.0,6.89,6.91,0.0,0.0,41,0.0,0.0,0.0,one,SR,1
0,1376,1167,0,0,15.4368,4.3678,10.3331,0.0,0.0,1224,939.0,0.0,0.0,6.23,7.36,0.0,0.0,154,0.0,0.0,0.0,one,SR,1
0,589,1675,0,0,15.3785,5.7506,8.9424,0.0,0.0,1192,796.0,0.0,0.0,6.35,6.85,0.0,0.0,29,0.0,0.0,0.0,one,SR,1
0,3529,1994,0,0,15.4199,4.3774,10.3076,0.0,0.0,1653,936.0,0.0,0.0,10.74,7.35,0.0,0.0,153,0.0,0.0,0.0,one,SR,1
0,4249,2000,0,0,15.4102,4.639,10.0459,0.0,0.0,1368,909.0,0.0,0.0,7.84,7.25,0.0,0.0,129,0.0,0.0,0.0,one,SR,1
0,2465,8589,0,0,15.397,4.7674,9.9092,0.0,0.0,1359,895.0,0.0,0.0,7.79,7.2,0.0,0.0,117,0.0,0.0,0.0,one,SR,1
0,1302,9437,0,0,15.396,4.59,10.0792,0.0,0.0,1329,913.0,0.0,0.0,7.41,7.27,0.0,0.0,133,0.0,0.0,0.0,one,SR,1
0,3372,4509,0,0,15.3592,4.9902,9.6575,0.0,0.0,1228,870.0,0.0,0.0,6.49,7.12,0.0,0.0,97,0.0,0.0,0.0,one,SR,1
0,4457,238,0,0,15.3295,5.7396,8.9055,0.0,0.0,1293,793.0,0.0,0.0,7.42,6.84,0.0,0.0,29,0.0,0.0,0.0,one,SR,1
109,3538,8463,0,0,15.1162,3.0172,11.626,0.0,0.0,1322,1287.0,0.0,0.0,9.62,7.73,0.0,0.0,85,170.0,0.0,0.0,one,TR,1
0,4993,6320,0,0,15.3916,3.8571,10.7823,0.0,0.0,1299,985.0,0.0,0.0,6.87,7.52,0.0,0.0,199,0.0,0.0,0.0,one,SR,1
0,1199,6192,0,0,15.2884,5.9534,8.6595,0.0,0.0,1282,768.0,0.0,0.0,7.38,6.75,0.0,0.0,9,0.0,0.0,0.0,one,SR,1
0,2298,2792,0,0,15.2877,5.5625,9.0363,0.0,0.0,1139,806.0,0.0,0.0,5.76,6.89,0.0,0.0,44,0.0,0.0,0.0,one,SR,1
0,765,7073,0,0,15.265,6.0457,8.548,0.0,0.0,1022,756.0,0.0,0.0,4.69,6.71,0.0,0.0,0,0.0,0.0,0.0,one,SR,1
0,2267,3856,0,0,15.2789,5.4563,9.1301,0.0,0.0,1196,816.0,0.0,0.0,6.33,6.92,0.0,0.0,53,0.0,0.0,0.0,one,SR,1
0,644,4933,0,0,15.2622,5.8911,8.6945,0.0,0.0,1243,771.0,0.0,0.0,6.96,6.77,0.0,0.0,14,0.0,0.0,0.0,one,SR,1
9,2017,2095,0,0,15.0276,2.771,11.8021,0.0,0.0,1144,1532.0,0.0,0.0,7.92,7.55,0.0,0.0,90,357.0,0.0,0.0,one,TR,1
0,2640,6692,0,0,15.3046,4.2557,10.3136,0.0,0.0,1245,937.0,0.0,0.0,6.46,7.35,0.0,0.0,161,0.0,0.0,0.0,one,SR,1
197,1833,9133,0,0,15.1391,4.0604,10.4944,0.0,0.0,1298,1596.0,0.0,0.0,8.37,8.84,0.0,0.0,82,406.0,0.0,0.0,one,RT,1
0,621,8449,0,0,15.2338,5.6844,8.8665,0.0,0.0,1625,789.0,0.0,0.0,10.92,6.83,0.0,0.0,32,0.0,0.0,0.0,one,SR,1
0,3448,8792,0,0,15.2119,5.8326,8.7024,0.0,0.0,1408,772.0,0.0,0.0,8.69,6.77,0.0,0.0,18,0.0,0.0,0.0,one,SR,1
0,546,4859,0,0,15.2339,5.0388,9.4895,0.0,0.0,1279,853.0,0.0,0.0,7.08,7.06,0.0,0.0,90,0.0,0.0,0.0,one,SR,1
0,3159,9916,0,0,15.1853,5.4095,9.0851,0.0,0.0,1273,811.0,0.0,0.0,7.15,6.91,0.0,0.0,55,0.0,0.0,0.0,one,SR,1
0,727,9750,0,0,15.1619,5.641,8.8391,0.0,0.0,1450,786.0,0.0,0.0,9.09,6.82,0.0,0.0,34,0.0,0.0,0.0,one,SR,1
0,4068,7398,0,0,15.1442,5.9856,8.4895,0.0,0.0,1126,750.0,0.0,0.0,5.8,6.69,0.0,0.0,3,0.0,0.0,0.0,one,SR,1
0,2450,7233,0,0,15.2286,3.5954,10.8778,0.0,0.0,1384,994.0,0.0,0.0,7.73,7.55,0.0,0.0,219,0.0,0.0,0.0,one,SR,1
0,4330,7490,0,0,15.1705,5.1316,9.339,0.0,0.0,1546,837.0,0.0,0.0,9.93,7.0,0.0,0.0,80,0.0,0.0,0.0,one,SR,1
0,3726,5971,0,0,15.1916,4.5109,9.9583,0.0,0.0,1565,901.0,0.0,0.0,9.93,7.23,0.0,0.0,136,0.0,0.0,0.0,one,SR,1
0,2392,3163,0,0,15.1441,5.5789,8.882,0.0,0.0,1323,790.0,0.0,0.0,7.74,6.83,0.0,0.0,39,0.0,0.0,0.0,one,SR,1
0,4568,1051,0,0,15.1179,6.0137,8.4368,0.0,0.0,1241,745.0,0.0,0.0,7.02,6.67,0.0,0.0,0,0.0,0.0,0.0,one,SR,1
0,196,6205,0,0,15.1764,4.3141,10.1338,0.0,0.0,1330,918.0,0.0,0.0,7.41,7.29,0.0,0.0,153,0.0,0.0,0.0,one,SR,1
0,2654,9288,0,0,15.1943,3.7047,10.7392,0.0,0.0,1488,980.0,0.0,0.0,8.87,7.5,0.0,0.0,208,0.0,0.0,0.0,one,SR,1
0,4606,7803,0,0,15.1973,3.4041,11.0321,0.0,0.0,1785,1010.0,0.0,0.0,11.89,7.61,0.0,0.0,235,0.0,0.0,0.0,one,SR,1
0,4995,8419,0,0,15.1148,5.3851,9.0404,0.0,0.0,1333,807.0,0.0,0.0,7.79,6.89,0.0,0.0,56,0.0,0.0,0.0,one,SR,1
0,1014,2203,0,0,15.116,5.2106,9.2102,0.0,0.0,1229,824.0,0.0,0.0,6.65,6.95,0.0,0.0,72,0.0,0.0,0.0,one,SR,1
0,2141,9372,0,0,15.1341,4.2004,10.2024,0.0,0.0,1427,926.0,0.0,0.0,8.4,7.31,0.0,0.0,163,0.0,0.0,0.0,one,SR,1
0,1503,3994,0,0,15.1319,3.8908,10.4991,0.0,0.0,1570,956.0,0.0,0.0,9.81,7.42,0.0,0.0,190,0.0,0.0,0.0,one,SR,1
0,4001,9075,0,0,15.0597,5.7272,8.6574,0.0,0.0,1102,767.0,0.0,0.0,5.49,6.75,0.0,0.0,24,0.0,0.0,0.0,one,SR,1
0,135,1594,0,0,15.082,4.2476,10.1066,0.0,0.0,1984,916.0,0.0,0.0,14.28,7.28,0.0,0.0,157,0.0,0.0,0.0,one,SR,1
0,1611,7350,0,0,15.0463,4.1537,10.1631,0.0,0.0,2016,921.0,0.0,0.0,14.6,7.3,0.0,0.0,165,0.0,0.0,0.0,one,SR,1
0,1305,5145,0,0,14.9721,5.2829,9.0013,0.0,0.0,1403,803.0,0.0,0.0,8.54,6.88,0.0,0.0,62,0.0,0.0,0.0,one,SR,1
0,1260,4312,0,0,15.0212,3.8737,10.4091,0.0,0.0,1351,946.0,0.0,0.0,7.54,7.38,0.0,0.0,189,0.0,0.0,0.0,one,SR,1
0,4953,2452,0,0,14.9582,4.4077,9.833,0.0,0.0,1405,887.0,0.0,0.0,8.29,7.18,0.0,0.0,140,0.0,0.0,0.0,one,SR,1
0,3943,7504,0,0,14.9171,5.3114,8.921,0.0,0.0,1215,794.0,0.0,0.0,6.6,6.85,0.0,0.0,58,0.0,0.0,0.0,one,SR,1
0,690,6823,0,0,14.9699,3.7813,10.4484,0.0,0.0,1225,951.0,0.0,0.0,6.2,7.4,0.0,0.0,197,0.0,0.0,0.0,one,SR,1
0,2529,840,0,0,14.8866,5.8962,8.3272,0.0,0.0,1061,733.0,0.0,0.0,5.17,6.63,0.0,0.0,5,0.0,0.0,0.0,one,SR,1
0,2661,8699,0,0,14.8943,5.5858,8.634,0.0,0.0,1216,765.0,0.0,0.0,6.7,6.74,0.0,0.0,33,0.0,0.0,0.0,one,SR,1
0,2101,5041,0,0,14.8964,5.5115,8.7081,0.0,0.0,1406,772.0,0.0,0.0,8.67,6.77,0.0,0.0,40,0.0,0.0,0.0,one,SR,1
0,3337,9645,0,0,14.8899,5.6561,8.5619,0.0,0.0,1037,758.0,0.0,0.0,4.84,6.72,0.0,0.0,27,0.0,0.0,0.0,one,SR,1
0,4115,7299,0,0,14.8562,5.3902,8.7862,0.0,0.0,1316,780.0,0.0,0.0,7.7,6.8,0.0,0.0,50,0.0,0.0,0.0,one,SR,1
0,4243,4031,0,0,14.8784,4.469,9.6965,0.0,0.0,1298,874.0,0.0,0.0,7.21,7.13,0.0,0.0,133,0.0,0.0,0.0,one,SR,1
0,667,6969,0,0,14.8425,5.111,9.0423,0.0,0.0,1237,807.0,0.0,0.0,6.79,6.89,0.0,0.0,75,0.0,0.0,0.0,one,SR,1
0,1387,5159,0,0,14.8405,5.1494,9.0032,0.0,0.0,1181,803.0,0.0,0.0,6.21,6.88,0.0,0.0,71,0.0,0.0,0.0,one,SR,1
0,4218,7815,0,0,14.8135,5.8573,8.2942,0.0,0.0,1469,730.0,0.0,0.0,9.47,6.62,0.0,0.0,7,0.0,0.0,0.0,one,SR,1
0,653,8650,0,0,14.8522,4.7102,9.4386,0.0,0.0,1533,847.0,0.0,0.0,9.77,7.03,0.0,0.0,111,0.0,0.0,0.0,one,SR,1
0,4066,2204,0,0,14.8586,4.0564,10.0754,0.0,0.0,1482,913.0,0.0,0.0,9.02,7.27,0.0,0.0,170,0.0,0.0,0.0,one,SR,1
0,1292,2212,0,0,14.7791,5.5617,8.5461,0.0,0.0,1331,756.0,0.0,0.0,7.93,6.71,0.0,0.0,33,0.0,0.0,0.0,one,SR,1
0,2056,654,0,0,14.7863,5.3141,8.7922,0.0,0.0,1629,781.0,0.0,0.0,10.98,6.8,0.0,0.0,55,0.0,0.0,0.0,one,SR,1
0,3364,8147,0,0,14.8277,3.8579,10.2374,0.0,0.0,1302,929.0,0.0,0.0,7.08,7.32,0.0,0.0,187,0.0,0.0,0.0,one,SR,1
0,1585,8761,0,0,14.7284,5.8083,8.2592,0.0,0.0,1039,727.0,0.0,0.0,4.96,6.61,0.0,0.0,10,0.0,0.0,0.0,one,SR,1
0,2487,8783,0,0,14.7899,3.8928,10.1671,0.0,0.0,1360,922.0,0.0,0.0,7.71,7.3,0.0,0.0,183,0.0,0.0,0.0,one,SR,1
0,3207,9492,0,0,14.7046,5.0989,8.921,0.0,0.0,1526,794.0,0.0,0.0,9.86,6.85,0.0,0.0,73,0.0,0.0,0.0,one,SR,1
0,1899,5418,0,0,14.6591,5.7794,8.2201,0.0,0.0,1077,723.0,0.0,0.0,5.37,6.6,0.0,0.0,11,0.0,0.0,0.0,one,SR,1
0,3919,9775,0,0,14.6351,5.3608,8.6009,0.0,0.0,2049,762.0,0.0,0.0,15.45,6.73,0.0,0.0,48,0.0,0.0,0.0,one,SR,1
0,2995,2471,0,0,14.6545,4.3689,9.5772,0.0,0.0,1541,861.0,0.0,0.0,9.81,7.08,0.0,0.0,137,0.0,0.0,0.0,one,SR,1
0,565,7061,0,0,14.6196,5.2972,8.6476,0.0,0.0,1053,766.0,0.0,0.0,4.98,6.75,0.0,0.0,53,0.0,0.0,0.0,one,SR,1
247,723,9755,0,0,14.5515,2.8277,11.1049,0.0,0.0,1410,1277.0,0.0,0.0,9.23,8.19,0.0,0.0,187,166.0,0.0,0.0,one,RT,1
0,3018,7468,0,0,14.5764,5.7473,8.1713,0.0,0.0,1218,718.0,0.0,0.0,6.87,6.58,0.0,0.0,12,0.0,0.0,0.0,one,SR,1
0,446,1768,0,0,14.5769,5.7074,8.2103,0.0,0.0,1163,722.0,0.0,0.0,6.28,6.59,0.0,0.0,16,0.0,0.0,0.0,one,SR,1
0,4431,8531,0,0,14.6323,3.4639,10.4289,0.0,0.0,1470,949.0,0.0,0.0,8.78,7.39,0.0,0.0,218,0.0,0.0,0.0,one,SR,1
0,2991,4049,0,0,14.5635,5.269,8.6205,0.0,0.0,1284,764.0,0.0,0.0,7.42,6.74,0.0,0.0,55,0.0,0.0,0.0,one,SR,1
0,4838,7104,0,0,14.5523,4.5583,9.2959,0.0,0.0,1172,832.0,0.0,0.0,6.02,6.98,0.0,0.0,118,0.0,0.0,0.0,one,SR,1
0,1311,9003,0,0,14.5165,5.5256,8.3275,0.0,0.0,1153,734.0,0.0,0.0,6.14,6.63,0.0,0.0,31,0.0,0.0,0.0,one,SR,1
0,2975,6870,0,0,14.5672,3.8143,10.0283,0.0,0.0,1405,907.0,0.0,0.0,8.23,7.25,0.0,0.0,185,0.0,0.0,0.0,one,SR,1
0,4148,162,0,0,14.5836,3.3165,10.5244,0.0,0.0,1511,958.0,0.0,0.0,9.18,7.43,0.0,0.0,230,0.0,0.0,0.0,one,SR,1
0,4730,5849,0,0,14.5535,4.0574,9.7803,0.0,0.0,1374,882.0,0.0,0.0,7.98,7.16,0.0,0.0,163,0.0,0.0,0.0,one,SR,1
0,822,2054,0,0,14.5021,5.439,8.3975,0.0,0.0,1319,740.0,0.0,0.0,7.86,6.66,0.0,0.0,38,0.0,0.0,0.0,one,SR,1
0,1114,3012,0,0,14.4941,5.5461,8.2863,0.0,0.0,1284,729.0,0.0,0.0,7.53,6.62,0.0,0.0,28,0.0,0.0,0.0,one,SR,1
0,2795,8802,0,0,14.5277,3.8064,9.9973,0.0,0.0,1344,905.0,0.0,0.0,7.6,7.24,0.0,0.0,185,0.0,0.0,0.0,one,SR,1
0,1754,8114,0,0,14.5057,4.4042,9.3995,0.0,0.0,1246,843.0,0.0,0.0,6.76,7.02,0.0,0.0,131,0.0,0.0,0.0,one,SR,1
0,2866,5791,0,0,14.4987,4.4699,9.3292,0.0,0.0,1143,836.0,0.0,0.0,5.71,7.0,0.0,0.0,125,0.0,0.0,0.0,one,SR,1
0,4604,9906,0,0,14.4605,5.4379,8.3584,0.0,0.0,1220,736.0,0.0,0.0,6.83,6.64,0.0,0.0,37,0.0,0.0,0.0,one,SR,1
0,4155,7307,0,0,14.5114,4.0134,9.7822,0.0,0.0,1399,882.0,0.0,0.0,8.25,7.16,0.0,0.0,166,0.0,0.0,0.0,one,SR,1
0,4782,8326,0,0,14.4529,5.3835,8.4035,0.0,0.0,1084,741.0,0.0,0.0,5.39,6.66,0.0,0.0,42,0.0,0.0,0.0,one,SR,1
0,514,3499,0,0,14.4618,4.9042,8.8744,0.0,0.0,1315,790.0,0.0,0.0,7.66,6.83,0.0,0.0,85,0.0,0.0,0.0,one,SR,1
0,895,7561,0,0,14.4537,4.8841,8.886,0.0,0.0,1500,791.0,0.0,0.0,9.6,6.84,0.0,0.0,87,0.0,0.0,0.0,one,SR,1
0,2079,8293,0,0,14.499,3.588,10.1807,0.0,0.0,1744,923.0,0.0,0.0,11.74,7.3,0.0,0.0,204,0.0,0.0,0.0,one,SR,1
0,2997,5554,0,0,14.4318,5.2871,8.4759,0.0,0.0,1254,749.0,0.0,0.0,7.15,6.69,0.0,0.0,50,0.0,0.0,0.0,one,SR,1
0,1399,6631,0,0,14.4113,5.3596,8.3861,0.0,0.0,1221,740.0,0.0,0.0,6.83,6.66,0.0,0.0,43,0.0,0.0,0.0,one,SR,1
0,3279,2778,0,0,14.4205,5.0836,8.6614,0.0,0.0,1229,768.0,0.0,0.0,6.83,6.75,0.0,0.0,68,0.0,0.0,0.0,one,SR,1
0,915,1647,0,0,14.3762,5.5275,8.1905,0.0,0.0,1221,719.0,0.0,0.0,6.9,6.58,0.0,0.0,27,0.0,0.0,0.0,one,SR,1
0,492,3241,0,0,14.4393,3.4132,10.2919,0.0,0.0,1796,934.0,0.0,0.0,12.25,7.34,0.0,0.0,218,0.0,0.0,0.0,one,SR,1
0,3993,5801,0,0,14.3997,4.1281,9.5636,0.0,0.0,1775,860.0,0.0,0.0,12.27,7.08,0.0,0.0,153,0.0,0.0,0.0,one,SR,1
0,2069,6346,0,0,14.3566,5.2625,8.4271,0.0,0.0,1067,744.0,0.0,0.0,5.2,6.67,0.0,0.0,51,0.0,0.0,0.0,one,SR,1
0,783,1436,0,0,14.3409,4.8225,8.8369,0.0,0.0,1744,785.0,0.0,0.0,12.18,6.81,0.0,0.0,90,0.0,0.0,0.0,one,SR,1
0,678,852,0,0,14.3543,3.3282,10.2919,0.0,0.0,1533,934.0,0.0,0.0,9.49,7.34,0.0,0.0,224,0.0,0.0,0.0,one,SR,1
0,2881,1763,0,0,14.256,5.1783,8.4113,0.0,0.0,1480,742.0,0.0,0.0,9.54,6.66,0.0,0.0,56,0.0,0.0,0.0,one,SR,1
0,249,6840,0,0,14.263,4.4486,9.1223,0.0,0.0,1414,815.0,0.0,0.0,8.62,6.92,0.0,0.0,122,0.0,0.0,0.0,one,SR,1
0,1898,7832,0,0,14.265,3.8575,9.6946,0.0,0.0,1259,874.0,0.0,0.0,6.8,7.13,0.0,0.0,175,0.0,0.0,0.0,one,SR,1
0,3310,9364,0,0,14.2484,3.6777,9.8525,0.0,0.0,1389,889.0,0.0,0.0,8.12,7.18,0.0,0.0,190,0.0,0.0,0.0,one,SR,1
0,3107,3408,0,0,14.1416,5.2316,8.2494,0.0,0.0,1328,726.0,0.0,0.0,8.0,6.61,0.0,0.0,49,0.0,0.0,0.0,one,SR,1
0,4594,5853,0,0,14.1493,4.7277,8.7433,0.0,0.0,1155,776.0,0.0,0.0,6.02,6.78,0.0,0.0,94,0.0,0.0,0.0,one,SR,1
0,3126,4917,0,0,14.1761,3.4529,9.9992,0.0,0.0,1426,905.0,0.0,0.0,8.46,7.24,0.0,0.0,209,0.0,0.0,0.0,one,SR,1
0,2539,797,0,0,14.099,4.4187,8.9932,0.0,0.0,1324,801.0,0.0,0.0,7.72,6.87,0.0,0.0,121,0.0,0.0,0.0,one,SR,1
0,967,8492,0,0,14.1215,3.5647,9.8389,0.0,0.0,1452,888.0,0.0,0.0,8.78,7.18,0.0,0.0,198,0.0,0.0,0.0,one,SR,1
0,98,1162,0,0,14.1069,3.8208,9.5774,0.0,0.0,1854,862.0,0.0,0.0,13.09,7.09,0.0,0.0,175,0.0,0.0,0.0,one,SR,1
0,4679,7848,0,0,14.0712,4.7261,8.6693,0.0,0.0,1280,769.0,0.0,0.0,7.36,6.76,0.0,0.0,93,0.0,0.0,0.0,one,SR,1
0,825,3884,0,0,14.0486,5.1734,8.216,0.0,0.0,1223,722.0,0.0,0.0,6.91,6.59,0.0,0.0,52,0.0,0.0,0.0,one,SR,1
0,66,6544,0,0,14.0396,4.6363,8.7257,0.0,0.0,1606,774.0,0.0,0.0,10.76,6.78,0.0,0.0,100,0.0,0.0,0.0,one,SR,1
0,464,3300,0,0,14.0176,5.2113,8.1496,0.0,0.0,1280,715.0,0.0,0.0,7.53,6.57,0.0,0.0,48,0.0,0.0,0.0,one,SR,1
0,2602,2552,0,0,14.0215,4.9881,8.3685,0.0,0.0,1547,738.0,0.0,0.0,10.26,6.65,0.0,0.0,68,0.0,0.0,0.0,one,SR,1
0,2794,8643,0,0,14.0558,3.8493,9.5009,0.0,0.0,1326,853.0,0.0,0.0,7.57,7.06,0.0,0.0,171,0.0,0.0,0.0,one,SR,1
0,1179,3451,0,0,14.0447,4.0222,9.3233,0.0,0.0,1456,835.0,0.0,0.0,9.0,6.99,0.0,0.0,155,0.0,0.0,0.0,one,SR,1
0,4641,6069,0,0,13.9955,4.9318,8.3978,0.0,0.0,1282,741.0,0.0,0.0,7.47,6.66,0.0,0.0,73,0.0,0.0,0.0,one,SR,1
238,3446,3707,0,0,13.8238,4.4102,8.91,0.0,0.0,1140,888.0,0.0,0.0,7.44,7.04,0.0,0.0,9,61.0,0.0,0.0,one,RT,1
0,3085,8157,0,0,13.9735,5.1773,8.1398,0.0,0.0,1263,714.0,0.0,0.0,7.35,6.56,0.0,0.0,50,0.0,0.0,0.0,one,SR,1
0,4112,4674,0,0,14.0019,4.3032,9.0108,0.0,0.0,1305,803.0,0.0,0.0,7.51,6.88,0.0,0.0,129,0.0,0.0,0.0,one,SR,1
0,2833,7251,0,0,13.9794,4.6893,8.6164,0.0,0.0,1546,763.0,0.0,0.0,10.17,6.74,0.0,0.0,94,0.0,0.0,0.0,one,SR,1
0,275,2627,0,0,14.006,2.2919,10.9559,0.0,0.0,1891,1002.0,0.0,0.0,13.03,7.58,0.0,0.0,309,0.0,0.0,0.0,one,SR,1
0,665,3227,0,0,13.9364,3.4972,9.7255,0.0,0.0,1316,876.0,0.0,0.0,7.4,7.14,0.0,0.0,200,0.0,0.0,0.0,one,SR,1
72,3576,9938,0,0,13.7349,3.7783,9.4377,0.0,0.0,1109,934.0,0.0,0.0,6.97,7.19,0.0,0.0,61,57.0,0.0,0.0,one,TR,1
0,1345,5100,0,0,13.9538,2.7633,10.4503,0.0,0.0,1622,951.0,0.0,0.0,10.37,7.4,0.0,0.0,266,0.0,0.0,0.0,one,SR,1
0,4281,5206,0,0,13.8765,4.4162,8.7805,0.0,0.0,1138,780.0,0.0,0.0,5.83,6.8,0.0,0.0,116,0.0,0.0,0.0,one,SR,1
0,4624,942,0,0,13.8847,4.0115,9.179,0.0,0.0,1453,821.0,0.0,0.0,9.01,6.94,0.0,0.0,153,0.0,0.0,0.0,one,SR,1
0,75,846,0,0,13.8234,5.0291,8.1379,0.0,0.0,1160,714.0,0.0,0.0,6.27,6.56,0.0,0.0,60,0.0,0.0,0.0,one,SR,1
0,4808,6333,0,0,13.8243,4.8232,8.3373,0.0,0.0,1538,735.0,0.0,0.0,10.17,6.64,0.0,0.0,79,0.0,0.0,0.0,one,SR,1
0,1279,2246,0,0,13.8238,4.4767,8.6712,0.0,0.0,1128,769.0,0.0,0.0,5.76,6.76,0.0,0.0,110,0.0,0.0,0.0,one,SR,1
0,2311,8146,0,0,13.89,2.4611,10.6806,0.0,0.0,1886,974.0,0.0,0.0,13.07,7.48,0.0,0.0,292,0.0,0.0,0.0,one,SR,1
0,2684,1932,0,0,13.8113,4.167,8.9582,0.0,0.0,1276,798.0,0.0,0.0,7.22,6.86,0.0,0.0,137,0.0,0.0,0.0,one,SR,1
0,803,5147,0,0,13.8002,4.247,8.8703,0.0,0.0,1169,789.0,0.0,0.0,6.13,6.83,0.0,0.0,130,0.0,0.0,0.0,one,SR,1
0,280,4925,0,0,13.7754,4.8634,8.2513,0.0,0.0,1351,726.0,0.0,0.0,8.24,6.61,0.0,0.0,74,0.0,0.0,0.0,one,SR,1
0,3087,9389,0,0,13.7352,4.8682,8.2082,0.0,0.0,1231,721.0,0.0,0.0,7.0,6.59,0.0,0.0,73,0.0,0.0,0.0,one,SR,1
0,2274,2542,0,0,13.7067,4.2003,8.8253,0.0,0.0,1226,784.0,0.0,0.0,6.74,6.81,0.0,0.0,132,0.0,0.0,0.0,one,SR,1
0,3673,7992,0,0,13.6826,4.3173,8.6888,0.0,0.0,1301,771.0,0.0,0.0,7.57,6.77,0.0,0.0,121,0.0,0.0,0.0,one,SR,1
0,516,8047,0,0,13.6817,4.1911,8.8098,0.0,0.0,1273,783.0,0.0,0.0,7.24,6.81,0.0,0.0,132,0.0,0.0,0.0,one,SR,1
0,838,183,0,0,13.7168,2.9437,10.0478,0.0,0.0,1709,909.0,0.0,0.0,11.42,7.25,0.0,0.0,245,0.0,0.0,0.0,one,SR,1
0,2375,4747,0,0,13.6198,4.8053,8.1574,0.0,0.0,1158,716.0,0.0,0.0,6.25,6.57,0.0,0.0,76,0.0,0.0,0.0,one,SR,1
0,3793,8882,0,0,13.6391,4.2358,8.7257,0.0,0.0,1569,774.0,0.0,0.0,10.38,6.78,0.0,0.0,127,0.0,0.0,0.0,one,SR,1
0,2077,8607,0,0,13.6627,3.104,9.8408,0.0,0.0,1657,888.0,0.0,0.0,10.94,7.18,0.0,0.0,229,0.0,0.0,0.0,one,SR,1
0,271,9810,0,0,13.654,3.1313,9.8058,0.0,0.0,1447,885.0,0.0,0.0,8.74,7.17,0.0,0.0,227,0.0,0.0,0.0,one,SR,1
0,1794,4124,0,0,13.5949,4.2093,8.7083,0.0,0.0,1552,773.0,0.0,0.0,10.2,6.77,0.0,0.0,129,0.0,0.0,0.0,one,SR,1
0,2033,2988,0,0,13.5592,4.3342,8.5537,0.0,0.0,1185,756.0,0.0,0.0,6.4,6.71,0.0,0.0,117,0.0,0.0,0.0,one,SR,1
0,3308,3473,0,0,13.5689,3.6071,9.2647,0.0,0.0,1472,829.0,0.0,0.0,9.18,6.97,0.0,0.0,182,0.0,0.0,0.0,one,SR,1
0,1516,1886,0,0,13.5627,3.6699,9.1982,0.0,0.0,1635,822.0,0.0,0.0,10.92,6.95,0.0,0.0,176,0.0,0.0,0.0,one,SR,1
0,2947,9065,0,0,13.5443,3.4492,9.3935,0.0,0.0,1451,842.0,0.0,0.0,8.92,7.02,0.0,0.0,196,0.0,0.0,0.0,one,SR,1
0,2577,2564,0,0,13.527,3.8784,8.9622,0.0,0.0,1262,799.0,0.0,0.0,7.07,6.86,0.0,0.0,157,0.0,0.0,0.0,one,SR,1
0,784,8044,0,0,13.5059,3.7244,9.0908,0.0,0.0,1554,811.0,0.0,0.0,10.1,6.91,0.0,0.0,170,0.0,0.0,0.0,one,SR,1
0,3940,5070,0,0,13.4794,3.734,9.0558,0.0,0.0,1210,808.0,0.0,0.0,6.5,6.9,0.0,0.0,169,0.0,0.0,0.0,one,SR,1
0,2942,4213,0,0,13.4649,3.5734,9.1966,0.0,0.0,1710,823.0,0.0,0.0,11.7,6.95,0.0,0.0,183,0.0,0.0,0.0,one,SR,1
0,3878,2447,0,0,13.4325,4.2354,8.5266,0.0,0.0,1567,754.0,0.0,0.0,10.42,6.71,0.0,0.0,123,0.0,0.0,0.0,one,SR,1
10,1222,1722,0,0,13.2067,3.7402,8.9978,0.0,0.0,1300,975.0,0.0,0.0,9.43,7.69,0.0,0.0,33,85.0,0.0,0.0,one,TR,1
0,2847,3953,0,0,13.4443,3.1019,9.632,0.0,0.0,1913,867.0,0.0,0.0,13.69,7.1,0.0,0.0,225,0.0,0.0,0.0,one,SR,1
0,1623,5304,0,0,13.4095,3.881,8.8467,0.0,0.0,1245,786.0,0.0,0.0,6.94,6.82,0.0,0.0,154,0.0,0.0,0.0,one,SR,1
0,2863,5575,0,0,13.4552,2.5866,10.1397,0.0,0.0,1689,919.0,0.0,0.0,11.17,7.29,0.0,0.0,271,0.0,0.0,0.0,one,SR,1
0,4855,3559,0,0,13.3823,3.8961,8.8057,0.0,0.0,1272,782.0,0.0,0.0,7.23,6.8,0.0,0.0,152,0.0,0.0,0.0,one,SR,1
0,485,7746,0,0,13.3673,4.0993,8.595,0.0,0.0,1303,761.0,0.0,0.0,7.62,6.73,0.0,0.0,134,0.0,0.0,0.0,one,SR,1
0,4173,2629,0,0,13.293,4.3165,8.3137,0.0,0.0,1247,732.0,0.0,0.0,7.13,6.63,0.0,0.0,113,0.0,0.0,0.0,one,SR,1
0,3295,9235,0,0,13.2264,4.2259,8.337,0.0,0.0,1268,734.0,0.0,0.0,7.34,6.63,0.0,0.0,119,0.0,0.0,0.0,one,SR,1
0,4552,6179,0,0,13.201,4.2385,8.3001,0.0,0.0,1299,731.0,0.0,0.0,7.68,6.62,0.0,0.0,118,0.0,0.0,0.0,one,SR,1
0,4747,7622,0,0,13.1229,4.1003,8.3584,0.0,0.0,1316,736.0,0.0,0.0,7.84,6.64,0.0,0.0,128,0.0,0.0,0.0,one,SR,1
0,348,2994,0,0,13.1064,4.1888,8.257,0.0,0.0,1248,726.0,0.0,0.0,7.16,6.61,0.0,0.0,120,0.0,0.0,0.0,one,SR,1
0,2086,3876,0,0,13.1443,3.0144,9.4269,0.0,0.0,1437,846.0,0.0,0.0,8.76,7.03,0.0,0.0,226,0.0,0.0,0.0,one,SR,1
0,3200,9,0,0,13.1244,2.9925,9.4288,0.0,0.0,1615,846.0,0.0,0.0,10.63,7.03,0.0,0.0,228,0.0,0.0,0.0,one,SR,1
0,4574,1142,0,0,13.0259,3.6428,8.7062,0.0,0.0,1188,772.0,0.0,0.0,6.38,6.77,0.0,0.0,167,0.0,0.0,0.0,one,SR,1
0,2301,843,0,0,12.9442,2.8693,9.374,0.0,0.0,1486,840.0,0.0,0.0,9.29,7.01,0.0,0.0,235,0.0,0.0,0.0,one,SR,1
120,4536,5535,0,0,12.8075,4.4916,7.7504,0.0,0.0,1349,974.0,0.0,0.0,9.07,7.66,0.0,0.0,41,158.0,0.0,0.0,one,TR,1
0,908,7373,0,0,12.8709,3.6251,8.5735,0.0,0.0,1287,759.0,0.0,0.0,7.46,6.72,0.0,0.0,166,0.0,0.0,0.0,one,SR,1
0,4360,9376,0,0,12.8522,3.3237,8.8467,0.0,0.0,1340,786.0,0.0,0.0,7.93,6.82,0.0,0.0,192,0.0,0.0,0.0,one,SR,1
281,4921,2174,0,0,12.7024,2.5627,9.5911,0.0,0.0,1904,1442.0,0.0,0.0,15.05,8.49,0.0,0.0,162,361.0,0.0,0.0,one,RT,1
0,399,6677,0,0,12.7658,3.6496,8.4485,0.0,0.0,1291,746.0,0.0,0.0,7.55,6.68,0.0,0.0,161,0.0,0.0,0.0,one,SR,1
0,1562,8256,0,0,12.7414,3.3456,8.7181,0.0,0.0,1264,774.0,0.0,0.0,7.17,6.78,0.0,0.0,188,0.0,0.0,0.0,one,SR,1
0,3381,5816,0,0,12.6417,3.714,8.2668,0.0,0.0,1406,727.0,0.0,0.0,8.81,6.61,0.0,0.0,153,0.0,0.0,0.0,one,SR,1
0,1916,3458,0,0,12.608,3.6701,8.2765,0.0,0.0,1210,728.0,0.0,0.0,6.75,6.61,0.0,0.0,156,0.0,0.0,0.0,one,SR,1
0,2366,8012,0,0,12.6383,2.7961,9.1494,0.0,0.0,1540,817.0,0.0,0.0,9.93,6.93,0.0,0.0,235,0.0,0.0,0.0,one,SR,1
0,1018,1833,0,0,12.5508,3.4486,8.4349,0.0,0.0,1282,745.0,0.0,0.0,7.45,6.67,0.0,0.0,175,0.0,0.0,0.0,one,SR,1
0,102,7288,0,0,12.5593,2.9416,8.9327,0.0,0.0,1455,795.0,0.0,0.0,9.11,6.85,0.0,0.0,220,0.0,0.0,0.0,one,SR,1
0,4900,1087,0,0,12.5334,3.4109,8.4545,0.0,0.0,1338,747.0,0.0,0.0,8.04,6.68,0.0,0.0,178,0.0,0.0,0.0,one,SR,1
0,722,6442,0,0,12.4543,2.7088,9.0558,0.0,0.0,1667,808.0,0.0,0.0,11.3,6.9,0.0,0.0,239,0.0,0.0,0.0,one,SR,1
0,4669,180,0,0,12.3319,3.2081,8.4561,0.0,0.0,1426,746.0,0.0,0.0,8.96,6.68,0.0,0.0,191,0.0,0.0,0.0,one,SR,1
0,3160,640,0,0,12.3156,3.477,8.1808,0.0,0.0,1409,718.0,0.0,0.0,8.87,6.58,0.0,0.0,167,0.0,0.0,0.0,one,SR,1
252,3819,2973,0,0,12.203,1.873,9.7715,0.0,0.0,1357,1151.0,0.0,0.0,9.22,7.58,0.0,0.0,215,181.0,0.0,0.0,one,RT,1
0,4121,6761,0,0,12.3044,2.8183,8.8057,0.0,0.0,1614,782.0,0.0,0.0,10.82,6.8,0.0,0.0,226,0.0,0.0,0.0,one,SR,1
0,3490,4785,0,0,12.2369,3.2662,8.308,0.0,0.0,1559,732.0,0.0,0.0,10.4,6.63,0.0,0.0,184,0.0,0.0,0.0,one,SR,1
281,3047,3766,0,0,12.0635,3.6035,7.9457,0.0,0.0,1089,1148.0,0.0,0.0,6.81,7.14,0.0,0.0,70,308.0,0.0,0.0,one,RT,1
0,302,8464,7659,0,43.4888,11.5083,15.3048,15.3048,0.0,1303,1275.0,1275.0,0.0,1.34,6.85,6.85,0.0,57,0.0,0.0,0.0,many,SR,2
0,2594,9182,0,0,12.1784,3.3335,8.1867,0.0,0.0,1230,719.0,0.0,0.0,6.99,6.58,0.0,0.0,177,0.0,0.0,0.0,one,SR,1
0,4720,7884,0,0,12.0657,3.2391,8.1691,0.0,0.0,1584,717.0,0.0,0.0,10.71,6.57,0.0,0.0,183,0.0,0.0,0.0,one,SR,1
0,3093,9340,0,0,12.0611,2.6091,8.7726,0.0,0.0,1531,779.0,0.0,0.0,9.96,6.79,0.0,0.0,239,0.0,0.0,0.0,one,SR,1
0,3675,5123,0,0,11.8113,2.9683,8.1848,0.0,0.0,1684,719.0,0.0,0.0,11.76,6.58,0.0,0.0,202,0.0,0.0,0.0,one,SR,1
0,146,4066,0,0,11.7589,2.6491,8.4425,0.0,0.0,1607,745.0,0.0,0.0,10.87,6.67,0.0,0.0,229,0.0,0.0,0.0,one,SR,1
0,569,5894,0,0,11.7359,2.8018,8.2727,0.0,0.0,1452,728.0,0.0,0.0,9.29,6.61,0.0,0.0,215,0.0,0.0,0.0,one,SR,1
34,4530,4259,0,0,11.4785,4.0253,6.9983,0.0,0.0,1188,1120.0,0.0,0.0,8.38,7.55,0.0,0.0,5,318.0,0.0,0.0,one,RT,1
243,2401,339,0,0,10.8626,3.2872,7.0625,0.0,0.0,1171,1055.0,0.0,0.0,7.68,7.13,0.0,0.0,91,289.0,0.0,0.0,one,TR,1
0,3951,1927,1926,0,33.7512,9.8536,11.3699,11.3699,0.0,1089,899.0,899.0,0.0,1.01,5.79,5.79,0.0,39,0.0,0.0,0.0,many,SR,2
88,4014,208,207,0,53.1098,8.8413,21.5727,21.5727,0.0,1529,2438.0,2438.0,0.0,5.95,8.62,8.62,0.0,87,426.0,426.0,0.0,many,TR,2
257,1837,7916,0,0,10.3346,2.0323,7.8032,0.0,0.0,1431,1153.0,0.0,0.0,10.53,6.99,0.0,0.0,168,329.0,0.0,0.0,one,RT,1
0,779,8421,5404,0,34.3042,9.7756,11.6772,11.6772,0.0,1244,928.0,928.0,0.0,2.49,5.87,5.87,0.0,54,0.0,0.0,0.0,many,SR,2
66,2613,6633,6199,0,79.5149,6.2562,27.5438,44.8591,0.0,1156,2615.0,3218.0,0.0,4.44,9.3,10.25,0.0,99,180.0,-407.0,0.0,many,TR,2
0,2418,9751,5231,0,30.3094,7.5925,10.9213,10.6688,0.0,1352,861.0,832.0,0.0,4.05,5.67,5.6,0.0,174,4.0,0.0,0.0,many,SR,2
252,2588,6056,0,0,21.9611,4.6568,16.7416,0.0,0.0,1385,1583.0,0.0,0.0,9.48,8.63,0.0,0.0,28,51.0,0.0,0.0,one,TR,1
150,1010,8978,4299,4298,65.6891,8.1341,21.3539,17.5004,17.5004,1598,2403.0,1433.0,1433.0,5.98,8.02,6.99,6.99,182,446.0,-13.0,-13.0,many,TR,3
0,4583,2450,0,0,22.8601,7.2498,14.7157,0.0,0.0,1512,1388.0,0.0,0.0,7.82,8.95,0.0,0.0,55,0.0,0.0,0.0,one,SR,1
0,2464,6267,0,0,16.5948,6.1062,9.7727,0.0,0.0,1248,882.0,0.0,0.0,6.66,7.16,0.0,0.0,23,0.0,0.0,0.0,one,SR,1
85,2876,5424,2773,0,82.646,7.1053,43.2291,31.1987,0.0,1505,3536.0,2578.0,0.0,5.79,10.53,9.6,0.0,199,-87.0,-75.0,0.0,many,RT,2
182,3504,9813,3022,0,54.6318,7.0318,18.7566,27.8339,0.0,1672,1965.0,2850.0,0.0,8.47,8.98,9.11,0.0,140,206.0,353.0,0.0,many,RT,2
140,1212,8490,3893,0,87.3794,7.1993,39.674,39.6721,0.0,1183,3108.0,3108.0,0.0,4.92,9.17,9.17,0.0,21,-132.0,-132.0,0.0,many,TR,2
88,1756,1946,1945,0,71.9445,5.9252,32.6244,32.6244,0.0,1152,2734.0,2734.0,0.0,5.16,8.85,8.85,0.0,69,5.0,5.0,0.0,many,TR,2
181,3437,6117,87,0,37.9732,5.7897,15.6895,15.6927,0.0,1192,2018.0,1684.0,0.0,5.3,8.19,7.83,0.0,97,468.0,234.0,0.0,many,TR,2
151,1582,4017,0,0,33.6157,4.3134,28.765,0.0,0.0,1396,1961.0,0.0,0.0,9.82,9.37,0.0,0.0,36,-392.0,0.0,0.0,one,RT,1
223,3327,1709,1708,0,52.657,6.5106,22.6897,22.6897,0.0,1380,1632.0,1632.0,0.0,7.59,7.84,7.84,0.0,27,-207.0,-207.0,0.0,many,RT,2
0,355,5119,0,0,16.2762,4.8733,10.6554,0.0,0.0,1412,972.0,0.0,0.0,8.1,7.48,0.0,0.0,127,0.0,0.0,0.0,one,SR,1
243,364,7961,0,0,20.2773,4.8311,14.8923,0.0,0.0,1182,1436.0,0.0,0.0,7.43,8.54,0.0,0.0,11,50.0,0.0,0.0,one,TR,1
21,432,4998,0,0,22.3272,4.5872,17.2243,0.0,0.0,1507,1537.0,0.0,0.0,11.18,9.16,0.0,0.0,4,-42.0,0.0,0.0,one,RT,1
191,138,7594,0,0,21.2959,4.4819,16.2184,0.0,0.0,1467,2067.0,0.0,0.0,10.04,8.96,0.0,0.0,60,431.0,0.0,0.0,one,TR,1
224,3068,8942,3747,0,43.5543,5.4102,19.4421,17.9532,0.0,1336,2055.0,1840.0,0.0,7.29,7.74,6.74,0.0,91,306.0,285.0,0.0,many,RT,2
272,3318,9089,7446,0,42.6886,5.349,18.7186,17.8712,0.0,1315,1915.0,1919.0,0.0,7.06,8.78,7.72,0.0,96,182.0,294.0,0.0,many,RT,2
0,840,9914,0,0,14.2191,4.4775,9.052,0.0,0.0,1329,808.0,0.0,0.0,7.75,6.9,0.0,0.0,118,0.0,0.0,0.0,one,SR,1
281,672,9615,182,0,59.7079,5.1981,14.2109,39.4328,0.0,1209,1403.0,2402.0,0.0,4.9,8.31,9.35,0.0,177,77.0,-666.0,0.0,many,RT,2
147,4288,8816,0,0,20.2645,4.4796,15.224,0.0,0.0,1634,1869.0,0.0,0.0,12.11,8.61,0.0,0.0,39,357.0,0.0,0.0,one,TR,1
0,2890,1300,0,0,16.783,3.7857,12.1942,0.0,0.0,1745,1129.0,0.0,0.0,11.09,8.03,0.0,0.0,235,0.0,0.0,0.0,one,SR,1
0,2012,1626,0,0,13.3315,3.679,8.966,0.0,0.0,1280,799.0,0.0,0.0,7.26,6.86,0.0,0.0,171,0.0,0.0,0.0,one,SR,1
254,3013,4397,0,0,24.4433,4.2388,19.6813,0.0,0.0,1055,1467.0,0.0,0.0,6.37,9.23,0.0,0.0,32,-240.0,0.0,0.0,one,TR,1
0,3429,7610,0,0,16.2076,3.6834,11.7374,0.0,0.0,1823,1083.0,0.0,0.0,12.06,7.87,0.0,0.0,232,0.0,0.0,0.0,one,SR,1
85,1448,8796,0,0,28.5554,3.4795,24.5566,0.0,0.0,1121,2073.0,0.0,0.0,7.1,9.19,0.0,0.0,82,-56.0,0.0,0.0,one,RT,1
10,4872,6731,0,0,19.3399,1.3644,17.4103,0.0,0.0,1856,1703.0,0.0,0.0,14.4,8.65,0.0,0.0,254,103.0,0.0,0.0,one,RT,1
204,3842,6630,6629,0,61.1626,1.7791,29.3,29.3,0.0,2452,3090.0,3090.0,0.0,18.69,8.92,8.92,0.0,360,463.0,463.0,0.0,many,RT,2
247,2855,7881,0,0,12.8148,1.829,10.3979,0.0,0.0,1428,1274.0,0.0,0.0,9.7,7.88,0.0,0.0,236,222.0,0.0,0.0,one,RT,1
72,4947,7215,0,0,19.8229,1.7455,17.6066,0.0,0.0,1441,2111.0,0.0,0.0,10.89,8.71,0.0,0.0,170,399.0,0.0,0.0,one,RT,1
171,900,4841,3043,1643,115.9472,7.8231,26.7004,53.8667,26.4001,2107,2245.0,3930.0,2923.0,11.71,8.83,10.91,8.83,177,-27.0,-418.0,507.0,many,RT,3
0,4908,6440,3515,0,66.2701,12.5182,25.8733,25.8641,0.0,2654,2322.0,2310.0,0.0,9.74,10.08,10.07,0.0,383,8.0,0.0,0.0,many,SR,2
0,3273,6258,5187,0,69.0987,16.9038,22.5148,27.7084,0.0,2634,1985.0,2539.0,0.0,9.91,9.03,10.68,0.0,58,3.0,33.0,0.0,many,SR,2
0,652,6088,1161,0,61.8494,12.0332,23.9603,23.9603,0.0,3081,2123.0,2123.0,0.0,15.29,9.48,9.48,0.0,343,0.0,0.0,0.0,many,SR,2
0,2781,3283,2399,0,49.6584,9.3364,20.2832,18.4218,0.0,2397,1843.0,1581.0,0.0,10.62,8.41,7.76,0.0,356,59.0,3.0,0.0,many,SR,2
0,816,4770,3720,0,58.9248,9.3383,14.0091,33.664,0.0,3431,1209.0,3185.0,0.0,18.8,6.55,12.59,0.0,538,42.0,75.0,0.0,many,SR,2
0,4154,2324,0,0,43.7847,11.0595,31.1465,0.0,0.0,3952,3137.0,0.0,0.0,27.29,15.79,0.0,0.0,215,0.0,0.0,0.0,one,SR,1
0,1905,7776,7775,0,42.6468,10.5159,15.378,15.378,0.0,1693,1282.0,1282.0,0.0,5.4,6.87,6.87,0.0,127,0.0,0.0,0.0,many,SR,2
0,4346,2475,988,0,42.5762,10.9599,15.6096,14.6445,0.0,1621,1320.0,1211.0,0.0,4.76,6.95,6.67,0.0,89,12.0,0.0,0.0,many,SR,2
0,2131,4263,4260,0,47.5331,12.9325,16.5805,16.5805,0.0,1833,1396.0,1396.0,0.0,6.29,7.2,7.2,0.0,2,0.0,0.0,0.0,many,SR,2
0,2778,9092,9091,0,53.1748,12.8989,19.3339,19.3339,0.0,2433,1667.0,1667.0,0.0,11.07,8.04,8.04,0.0,108,0.0,0.0,0.0,many,SR,2
0,1089,3475,1305,0,45.7493,11.6836,16.3199,16.3199,0.0,2728,1372.0,1372.0,0.0,15.81,7.13,7.13,0.0,79,0.0,0.0,0.0,many,SR,2
0,3409,6639,3412,0,47.995,11.292,12.3004,22.8844,0.0,3478,987.0,2017.0,0.0,22.86,6.04,9.14,0.0,162,0.0,0.0,0.0,many,SR,2
0,916,417,0,0,47.0796,13.8343,31.6454,0.0,0.0,4194,3191.0,0.0,0.0,29.64,16.0,0.0,0.0,39,0.0,0.0,0.0,one,SR,1
0,4925,6124,2012,0,46.7495,8.4563,18.5938,18.138,0.0,2300,1739.0,1549.0,0.0,10.1,7.94,7.67,0.0,382,103.0,0.0,0.0,many,SR,2
0,618,5185,0,0,44.8487,12.6472,30.6436,0.0,0.0,3885,3084.0,0.0,0.0,26.77,15.58,0.0,0.0,94,0.0,0.0,0.0,one,SR,1
0,2372,5532,918,0,48.1282,12.2007,9.9905,24.4217,0.0,3303,767.0,2297.0,0.0,21.04,5.41,9.74,0.0,98,0.0,91.0,0.0,many,SR,2
0,2945,3714,770,713,62.5169,16.9538,14.3502,13.7807,15.4332,1364,1225.0,1129.0,1328.0,-3.67,6.63,6.44,6.92,71,30.0,0.0,29.0,many,SR,3
0,1603,6661,3190,0,36.3159,9.1447,14.6902,11.2206,0.0,1426,1426.0,884.0,0.0,3.63,6.86,5.75,0.0,150,150.0,0.0,0.0,many,SR,2
0,1865,3630,0,0,44.6786,13.4211,29.7376,0.0,0.0,4325,2987.0,0.0,0.0,31.73,15.2,0.0,0.0,18,0.0,0.0,0.0,one,SR,1
0,2901,6214,0,0,39.2713,10.455,27.3945,0.0,0.0,3840,2737.0,0.0,0.0,27.52,14.22,0.0,0.0,160,0.0,0.0,0.0,one,SR,1
0,4420,741,0,0,43.6806,12.3135,29.8425,0.0,0.0,4043,2999.0,0.0,0.0,28.73,15.25,0.0,0.0,96,0.0,0.0,0.0,one,SR,1
0,2743,2292,1428,0,59.1377,14.0877,21.6861,21.6083,0.0,4292,1898.0,1935.0,0.0,29.27,8.77,8.79,0.0,117,0.0,31.0,0.0,many,SR,2
0,966,7927,0,0,35.626,8.156,26.1018,0.0,0.0,3496,2600.0,0.0,0.0,24.39,13.68,0.0,0.0,284,0.0,0.0,0.0,one,SR,1
0,4354,8229,0,0,46.5492,14.0897,30.8913,0.0,0.0,4551,3110.0,0.0,0.0,33.67,15.68,0.0,0.0,2,0.0,0.0,0.0,one,SR,1
0,2986,9118,5821,0,43.0557,10.9918,16.049,14.6341,0.0,3246,1448.0,1210.0,0.0,21.66,7.14,6.67,0.0,98,73.0,0.0,0.0,many,SR,2
1,3937,9122,440,0,53.189,8.9097,22.4158,20.7401,0.0,1671,2380.0,2413.0,0.0,7.43,8.65,9.59,0.0,82,332.0,399.0,0.0,many,RT,2
0,108,9385,6299,0,38.8004,9.8618,12.4669,15.1796,0.0,2331,1004.0,1280.0,0.0,12.85,6.09,6.83,0.0,121,0.0,12.0,0.0,many,SR,2
0,3016,7553,0,0,38.08,10.2721,26.4264,0.0,0.0,2999,2634.0,0.0,0.0,19.06,13.82,0.0,0.0,148,0.0,0.0,0.0,one,SR,1
0,4703,8221,1441,0,41.0665,11.4321,13.8282,14.4962,0.0,1498,1133.0,1215.0,0.0,3.94,6.45,6.65,0.0,25,0.0,13.0,0.0,many,SR,2
0,927,6496,1368,0,30.5388,9.055,10.3728,10.0171,0.0,1340,807.0,769.0,0.0,4.22,5.52,5.42,0.0,54,3.0,0.0,0.0,many,SR,2
0,996,1143,0,0,33.3158,9.6629,22.438,0.0,0.0,3374,2209.0,0.0,0.0,24.49,12.15,0.0,0.0,87,0.0,0.0,0.0,one,SR,1
0,4889,4539,0,0,35.7471,10.4878,23.9801,0.0,0.0,3796,2373.0,0.0,0.0,28.35,12.79,0.0,0.0,70,0.0,0.0,0.0,one,SR,1
0,3380,9270,9135,9134,55.8634,16.279,13.0691,12.3403,12.3403,2476,1061.0,991.0,991.0,9.49,6.25,6.05,6.05,16,0.0,0.0,0.0,many,SR,3
260,1372,7226,6227,0,43.7916,6.402,13.2074,23.3561,0.0,1604,1769.0,2440.0,0.0,9.41,7.13,8.13,0.0,71,481.0,353.0,0.0,many,TR,2
0,742,1723,0,0,39.5343,11.6756,26.4752,0.0,0.0,3669,2639.0,0.0,0.0,26.07,13.83,0.0,0.0,53,0.0,0.0,0.0,one,SR,1
0,1632,1056,0,0,32.6215,10.3914,21.0723,0.0,0.0,3345,2063.0,0.0,0.0,24.7,11.58,0.0,0.0,2,0.0,0.0,0.0,one,SR,1
0,3694,9031,4610,0,56.9753,12.0413,22.0549,21.1266,0.0,2997,1979.0,1844.0,0.0,15.7,8.93,8.6,0.0,255,31.0,0.0,0.0,many,SR,2
0,902,5739,0,0,38.819,11.5482,25.9104,0.0,0.0,3728,2580.0,0.0,0.0,26.9,13.6,0.0,0.0,48,0.0,0.0,0.0,one,SR,1
240,1823,6612,5442,0,53.0326,6.3623,21.726,24.1911,0.0,1676,1896.0,2349.0,0.0,10.82,7.85,8.68,0.0,29,48.0,205.0,0.0,many,RT,2
0,4176,4975,0,0,28.9722,8.1021,19.7665,0.0,0.0,3027,1925.0,0.0,0.0,21.85,11.04,0.0,0.0,125,0.0,0.0,0.0,one,SR,1
140,2327,8511,4303,0,36.8399,5.9664,11.2039,18.8708,0.0,1207,830.0,2168.0,0.0,5.48,5.83,8.16,0.0,84,-45.0,401.0,0.0,many,TR,2
42,4736,318,0,0,25.9273,4.3494,20.9056,0.0,0.0,1347,3170.0,0.0,0.0,8.09,11.72,0.0,0.0,116,844.0,0.0,0.0,one,TR,1
0,802,6751,2781,0,33.3713,10.0971,11.0664,11.0664,0.0,2032,870.0,870.0,0.0,11.06,5.71,5.71,0.0,12,0.0,0.0,0.0,many,SR,2
0,4251,4156,0,0,31.9436,9.5963,21.1849,0.0,0.0,2397,2075.0,0.0,0.0,14.71,11.62,0.0,0.0,59,0.0,0.0,0.0,one,SR,1
0,4172,4261,0,0,26.7784,7.0126,18.7066,0.0,0.0,2862,1812.0,0.0,0.0,20.52,10.59,0.0,0.0,172,0.0,0.0,0.0,one,SR,1
0,768,7366,0,0,24.3226,7.205,16.1646,0.0,0.0,1766,1541.0,0.0,0.0,9.97,9.53,0.0,0.0,94,0.0,0.0,0.0,one,SR,1
0,4728,873,0,0,24.2901,6.9205,16.4067,0.0,0.0,1976,1566.0,0.0,0.0,12.08,9.63,0.0,0.0,119,0.0,0.0,0.0,one,SR,1
0,3719,6819,4655,2746,48.269,11.8616,11.6481,11.3566,11.6519,1907,924.0,897.0,924.0,4.27,5.86,5.78,5.86,266,-1.0,0.0,-1.0,many,SR,3
0,2295,8372,0,0,29.2292,9.0923,19.0631,0.0,0.0,3758,1849.0,0.0,0.0,29.79,10.74,0.0,0.0,39,0.0,0.0,0.0,one,SR,1
0,4608,8738,0,0,31.2771,8.5585,21.5413,0.0,0.0,2467,2113.0,0.0,0.0,15.31,11.77,0.0,0.0,139,0.0,0.0,0.0,one,SR,1
0,1938,5276,4784,0,51.4299,11.4725,17.7742,20.5825,0.0,1952,1514.0,1814.0,0.0,6.09,7.56,8.45,0.0,200,1.0,17.0,0.0,many,SR,2
0,2676,4395,0,0,27.2437,5.7601,20.3557,0.0,0.0,2323,1987.0,0.0,0.0,14.24,11.28,0.0,0.0,300,0.0,0.0,0.0,one,SR,1
0,3612,388,0,0,22.689,6.7188,15.0632,0.0,0.0,2452,1423.0,0.0,0.0,17.58,9.07,0.0,0.0,99,0.0,0.0,0.0,one,SR,1
0,1122,826,0,0,27.7933,8.6727,18.0876,0.0,0.0,2551,1745.0,0.0,0.0,17.49,10.33,0.0,0.0,43,0.0,0.0,0.0,one,SR,1
0,2410,8644,7401,0,28.5766,8.037,9.5757,9.8938,0.0,2849,727.0,774.0,0.0,20.28,5.3,5.4,0.0,109,0.0,12.0,0.0,many,SR,2
0,4053,3353,1045,0,34.1948,7.047,12.9188,12.9857,0.0,1724,1047.0,1052.0,0.0,6.91,6.21,6.23,0.0,283,0.0,-1.0,0.0,many,SR,2
0,2047,8289,0,0,31.0765,9.7628,20.1924,0.0,0.0,2227,1970.0,0.0,0.0,13.29,11.21,0.0,0.0,23,0.0,0.0,0.0,one,SR,1
0,262,8092,0,0,25.4714,7.3201,17.1571,0.0,0.0,3554,1646.0,0.0,0.0,28.37,9.94,0.0,0.0,111,0.0,0.0,0.0,one,SR,1
0,4459,5622,0,0,26.3022,8.1175,17.1889,0.0,0.0,2940,1650.0,0.0,0.0,21.91,9.96,0.0,0.0,58,0.0,0.0,0.0,one,SR,1
0,4470,7549,3723,0,33.359,9.5141,11.4074,11.2815,0.0,1699,901.0,890.0,0.0,7.44,5.8,5.76,0.0,61,-1.0,0.0,0.0,many,SR,2
0,3956,760,280,0,41.4205,11.3793,19.2644,9.4425,0.0,1721,1721.0,715.0,0.0,6.06,8.08,5.27,0.0,43,43.0,0.0,0.0,many,SR,2
0,1808,7738,0,0,21.8037,7.4176,13.5342,0.0,0.0,1535,1267.0,0.0,0.0,8.45,8.52,0.0,0.0,17,0.0,0.0,0.0,one,SR,1
0,1283,5994,2460,0,39.4963,10.8212,9.8392,17.5431,0.0,1569,752.0,1569.0,0.0,4.84,5.37,7.56,0.0,56,0.0,56.0,0.0,many,SR,2
0,4384,6522,0,0,27.2431,7.0611,19.1062,0.0,0.0,2306,1854.0,0.0,0.0,14.53,10.76,0.0,0.0,179,0.0,0.0,0.0,one,SR,1
0,3097,9390,0,0,21.7002,5.7116,15.0808,0.0,0.0,1740,1425.0,0.0,0.0,10.1,9.08,0.0,0.0,168,0.0,0.0,0.0,one,SR,1
0,4550,5331,0,0,30.863,9.6452,20.1005,0.0,0.0,2474,1960.0,0.0,0.0,15.92,11.17,0.0,0.0,28,0.0,0.0,0.0,one,SR,1
0,1454,7978,0,0,30.3551,8.6194,20.5976,0.0,0.0,3774,2013.0,0.0,0.0,29.38,11.38,0.0,0.0,111,0.0,0.0,0.0,one,SR,1
0,4047,2962,0,0,25.0428,8.1089,15.9883,0.0,0.0,2029,1522.0,0.0,0.0,12.79,9.46,0.0,0.0,28,0.0,0.0,0.0,one,SR,1
0,755,3603,0,0,21.2841,4.8252,15.5324,0.0,0.0,1624,1473.0,0.0,0.0,8.71,9.26,0.0,0.0,240,0.0,0.0,0.0,one,SR,1
140,2032,639,184,0,39.4965,4.9232,14.906,18.9053,0.0,1217,1913.0,1473.0,0.0,5.92,7.81,7.81,0.0,132,454.0,-110.0,0.0,many,TR,2
0,801,3578,0,0,30.3289,9.3339,19.8867,0.0,0.0,2070,1937.0,0.0,0.0,11.76,11.08,0.0,0.0,44,0.0,0.0,0.0,one,SR,1
120,865,2548,911,0,38.9035,7.4463,19.7177,10.833,0.0,1218,1664.0,1231.0,0.0,4.63,7.6,6.46,0.0,49,1.0,245.0,0.0,many,TR,2
0,4977,5011,0,0,26.2655,8.5227,16.765,0.0,0.0,2357,1604.0,0.0,0.0,15.95,9.78,0.0,0.0,19,0.0,0.0,0.0,one,SR,1
0,4425,8841,0,0,20.4613,6.4421,13.1804,0.0,0.0,1525,1230.0,0.0,0.0,8.46,8.39,0.0,0.0,76,0.0,0.0,0.0,one,SR,1
0,2628,3757,0,0,27.9743,7.7788,19.1194,0.0,0.0,2005,1855.0,0.0,0.0,11.37,10.76,0.0,0.0,130,0.0,0.0,0.0,one,SR,1
0,604,3528,0,0,26.3488,6.9133,18.3895,0.0,0.0,2334,1778.0,0.0,0.0,15.09,10.46,0.0,0.0,171,0.0,0.0,0.0,one,SR,1
0,4962,4913,2761,0,43.8698,9.3085,16.0684,17.0457,0.0,2171,1356.0,1523.0,0.0,9.77,7.07,7.4,0.0,254,6.0,58.0,0.0,many,SR,2
0,2467,9639,0,0,23.7385,5.556,17.1871,0.0,0.0,2376,1649.0,0.0,0.0,15.99,9.95,0.0,0.0,232,0.0,0.0,0.0,one,SR,1
0,1712,8436,0,0,19.8108,6.892,12.1182,0.0,0.0,1972,1122.0,0.0,0.0,13.5,8.01,0.0,0.0,22,0.0,0.0,0.0,one,SR,1
0,2787,5466,1050,0,43.3535,11.7109,19.6895,10.5746,0.0,1769,1769.0,823.0,0.0,6.17,8.21,5.57,0.0,48,48.0,0.0,0.0,many,SR,2
0,1773,8710,0,0,24.7011,6.7726,16.9432,0.0,0.0,1904,1623.0,0.0,0.0,11.13,9.85,0.0,0.0,143,0.0,0.0,0.0,one,SR,1
0,4549,6379,0,0,19.674,5.7534,13.085,0.0,0.0,1409,1221.0,0.0,0.0,7.27,8.36,0.0,0.0,121,0.0,0.0,0.0,one,SR,1
0,1048,1800,0,0,26.6771,7.0796,18.5453,0.0,0.0,2783,1794.0,0.0,0.0,19.75,10.52,0.0,0.0,163,0.0,0.0,0.0,one,SR,1
0,2507,5146,0,0,19.2813,6.3365,12.1435,0.0,0.0,2401,1124.0,0.0,0.0,18.0,8.01,0.0,0.0,60,0.0,0.0,0.0,one,SR,1
31,1218,4201,0,0,19.0168,2.6819,15.6979,0.0,0.0,1561,2122.0,0.0,0.0,10.66,9.37,0.0,0.0,208,479.0,0.0,0.0,one,TR,1
0,4694,9070,3476,0,35.0871,7.1315,13.3747,13.3055,0.0,2966,1204.0,1107.0,0.0,19.66,6.42,6.33,0.0,297,81.0,17.0,0.0,many,SR,2
0,695,7991,0,0,26.5915,8.7198,16.8889,0.0,0.0,3583,1617.0,0.0,0.0,28.78,9.83,0.0,0.0,9,0.0,0.0,0.0,one,SR,1
0,4909,4175,0,0,24.0178,7.3128,15.7688,0.0,0.0,2388,1498.0,0.0,0.0,16.65,9.36,0.0,0.0,76,0.0,0.0,0.0,one,SR,1
0,1699,3898,0,0,23.2605,7.8019,14.5692,0.0,0.0,1660,1373.0,0.0,0.0,9.43,8.89,0.0,0.0,14,0.0,0.0,0.0,one,SR,1
0,2495,6970,0,0,24.3427,7.4794,15.9208,0.0,0.0,1718,1514.0,0.0,0.0,9.56,9.42,0.0,0.0,69,0.0,0.0,0.0,one,SR,1
0,3745,2824,0,0,18.1836,4.7386,12.626,0.0,0.0,1485,1174.0,0.0,0.0,8.22,8.19,0.0,0.0,180,0.0,0.0,0.0,one,SR,1
0,3443,6535,0,0,20.3186,6.0363,13.4343,0.0,0.0,1822,1256.0,0.0,0.0,11.5,8.48,0.0,0.0,109,0.0,0.0,0.0,one,SR,1
0,3879,7606,0,0,24.7928,6.8955,16.9132,0.0,0.0,2504,1620.0,0.0,0.0,17.44,9.84,0.0,0.0,134,0.0,0.0,0.0,one,SR,1
0,4698,7967,0,0,26.2387,8.5602,16.703,0.0,0.0,2152,1598.0,0.0,0.0,13.82,9.75,0.0,0.0,15,0.0,0.0,0.0,one,SR,1
0,1295,3933,0,0,17.861,6.1222,10.9795,0.0,0.0,1422,1005.0,0.0,0.0,8.1,7.59,0.0,0.0,49,0.0,0.0,0.0,one,SR,1
0,2277,7078,6725,0,36.0662,8.1312,13.1142,13.5352,0.0,1492,1343.0,1105.0,0.0,4.1,6.48,6.37,0.0,235,199.0,0.0,0.0,many,SR,2
0,851,203,0,0,22.6165,7.636,14.1081,0.0,0.0,2107,1325.0,0.0,0.0,14.27,8.72,0.0,0.0,15,0.0,0.0,0.0,one,SR,1
0,104,4964,1875,0,28.1285,6.3783,10.2841,10.3634,0.0,1611,815.0,803.0,0.0,6.99,5.51,5.52,0.0,242,14.0,0.0,0.0,many,SR,2
0,2700,6973,0,0,25.203,8.242,16.0146,0.0,0.0,2401,1524.0,0.0,0.0,16.69,9.46,0.0,0.0,19,0.0,0.0,0.0,one,SR,1
0,4882,8853,0,0,21.3011,6.4806,13.9538,0.0,0.0,1600,1309.0,0.0,0.0,9.0,8.67,0.0,0.0,90,0.0,0.0,0.0,one,SR,1
0,4221,4037,0,0,17.1962,5.6496,10.794,0.0,0.0,1616,986.0,0.0,0.0,10.2,7.53,0.0,0.0,77,0.0,0.0,0.0,one,SR,1
0,435,9623,0,0,24.9221,7.6443,16.3185,0.0,0.0,2125,1557.0,0.0,0.0,13.68,9.59,0.0,0.0,68,0.0,0.0,0.0,one,SR,1
0,3804,3109,0,0,23.6411,7.7923,14.946,0.0,0.0,2716,1411.0,0.0,0.0,20.39,9.03,0.0,0.0,23,0.0,0.0,0.0,one,SR,1
0,4614,11,0,0,20.6286,7.0603,12.7451,0.0,0.0,2039,1186.0,0.0,0.0,14.0,8.23,0.0,0.0,24,0.0,0.0,0.0,one,SR,1
213,2618,5197,0,0,16.7484,5.2711,10.869,0.0,0.0,1299,1698.0,0.0,0.0,8.16,9.08,0.0,0.0,14,449.0,0.0,0.0,one,TR,1
0,4286,2377,0,0,23.4149,7.8254,14.6959,0.0,0.0,2126,1385.0,0.0,0.0,14.28,8.94,0.0,0.0,15,0.0,0.0,0.0,one,SR,1
0,1288,5772,5552,0,48.7913,12.2037,14.6889,20.3917,0.0,2028,1235.0,1770.0,0.0,7.73,6.7,8.37,0.0,93,14.0,-1.0,0.0,many,SR,2
0,3869,1885,0,0,16.6707,6.1581,9.7961,0.0,0.0,1198,884.0,0.0,0.0,6.13,7.16,0.0,0.0,20,0.0,0.0,0.0,one,SR,1
0,3947,5455,0,0,25.0612,8.3171,15.8064,0.0,0.0,2033,1502.0,0.0,0.0,12.91,9.38,0.0,0.0,9,0.0,0.0,0.0,one,SR,1
0,1394,2572,0,0,21.1699,7.2594,13.0752,0.0,0.0,2528,1220.0,0.0,0.0,19.03,8.35,0.0,0.0,18,0.0,0.0,0.0,one,SR,1
0,3075,7576,0,0,20.5404,6.4339,13.2645,0.0,0.0,1452,1239.0,0.0,0.0,7.67,8.42,0.0,0.0,78,0.0,0.0,0.0,one,SR,1
0,3062,1817,0,0,17.9284,5.6028,11.5459,0.0,0.0,1908,1063.0,0.0,0.0,13.02,7.8,0.0,0.0,97,0.0,0.0,0.0,one,SR,1
272,2536,9683,0,0,20.4875,4.5077,15.4083,0.0,0.0,2184,1559.0,0.0,0.0,17.79,8.72,0.0,0.0,44,104.0,0.0,0.0,one,TR,1
0,4781,4703,1266,0,36.2955,9.3212,13.3919,12.3353,0.0,1465,1091.0,1098.0,0.0,4.16,6.34,6.13,0.0,130,-1.0,77.0,0.0,many,SR,2
0,1614,6821,1122,0,69.0768,16.1379,27.8196,23.128,0.0,2996,2524.0,2041.0,0.0,13.54,10.69,9.22,0.0,122,15.0,0.0,0.0,many,SR,2
0,4289,1599,0,0,16.2076,3.7421,11.6807,0.0,0.0,1453,1077.0,0.0,0.0,8.19,7.85,0.0,0.0,227,0.0,0.0,0.0,one,SR,1
0,454,241,0,0,16.1432,4.7927,10.6047,0.0,0.0,1351,967.0,0.0,0.0,7.47,7.46,0.0,0.0,131,0.0,0.0,0.0,one,SR,1
0,3924,6615,0,0,16.0659,4.8653,10.4601,0.0,0.0,1190,952.0,0.0,0.0,5.83,7.41,0.0,0.0,123,0.0,0.0,0.0,one,SR,1
0,4157,4242,0,0,18.6654,4.6942,13.1338,0.0,0.0,1689,1226.0,0.0,0.0,10.2,8.37,0.0,0.0,194,0.0,0.0,0.0,one,SR,1
0,3661,836,0,0,23.2825,7.3629,15.0144,0.0,0.0,1871,1418.0,0.0,0.0,11.5,9.05,0.0,0.0,54,0.0,0.0,0.0,one,SR,1
0,4307,5054,0,0,16.0427,3.5633,11.6943,0.0,0.0,1541,1078.0,0.0,0.0,9.11,7.85,0.0,0.0,239,0.0,0.0,0.0,one,SR,1
0,4839,9841,5766,0,37.3583,8.2497,11.119,16.6758,0.0,1694,878.0,1623.0,0.0,5.96,5.72,7.41,0.0,244,2.0,155.0,0.0,many,SR,2
0,2376,9098,0,0,20.5113,5.2006,14.4266,0.0,0.0,2541,1358.0,0.0,0.0,18.72,8.84,0.0,0.0,188,0.0,0.0,0.0,one,SR,1
0,2359,5378,0,0,15.897,3.5656,11.5516,0.0,0.0,1479,1063.0,0.0,0.0,8.51,7.8,0.0,0.0,236,0.0,0.0,0.0,one,SR,1
0,1960,7508,0,0,19.2178,5.3585,13.0261,0.0,0.0,1593,1214.0,0.0,0.0,9.23,8.33,0.0,0.0,146,0.0,0.0,0.0,one,SR,1
0,396,8571,0,0,19.301,6.0666,12.4228,0.0,0.0,1866,1153.0,0.0,0.0,12.29,8.12,0.0,0.0,85,0.0,0.0,0.0,one,SR,1
0,4466,8670,0,0,19.3818,6.2915,12.284,0.0,0.0,1472,1138.0,0.0,0.0,8.2,8.06,0.0,0.0,66,0.0,0.0,0.0,one,SR,1
0,2249,1245,0,0,22.7649,7.7699,14.122,0.0,0.0,2003,1327.0,0.0,0.0,13.17,8.73,0.0,0.0,6,0.0,0.0,0.0,one,SR,1
0,2615,7674,0,0,18.8663,6.1277,11.9444,0.0,0.0,2208,1104.0,0.0,0.0,16.04,7.94,0.0,0.0,70,0.0,0.0,0.0,one,SR,1
0,82,794,0,0,20.9713,6.3183,13.7918,0.0,0.0,2075,1293.0,0.0,0.0,14.04,8.61,0.0,0.0,98,0.0,0.0,0.0,one,SR,1
0,897,1713,0,0,20.6056,4.9124,14.7957,0.0,0.0,1880,1396.0,0.0,0.0,11.66,8.97,0.0,0.0,216,0.0,0.0,0.0,one,SR,1
0,4674,6290,0,0,15.5568,3.854,10.9445,0.0,0.0,1399,1002.0,0.0,0.0,7.87,7.58,0.0,0.0,203,0.0,0.0,0.0,one,SR,1
0,1269,4027,839,0,42.6617,10.2211,21.1856,9.8461,0.0,2104,1954.0,756.0,0.0,9.41,8.71,5.38,0.0,168,74.0,2.0,0.0,many,SR,2
38,4948,7207,3648,0,42.9364,4.7204,8.4434,29.03,0.0,1434,1191.0,3382.0,0.0,8.37,6.71,8.72,0.0,134,337.0,712.0,0.0,many,RT,2
0,2631,6383,0,0,23.1188,7.7898,14.4442,0.0,0.0,2424,1360.0,0.0,0.0,17.49,8.85,0.0,0.0,12,0.0,0.0,0.0,one,SR,1
0,1677,5648,0,0,21.8904,7.2109,13.8173,0.0,0.0,2090,1296.0,0.0,0.0,14.19,8.62,0.0,0.0,38,0.0,0.0,0.0,one,SR,1
0,4418,9343,3362,0,31.3933,8.3994,9.4634,12.3952,0.0,1555,728.0,1005.0,0.0,6.11,5.28,6.07,0.0,124,8.0,6.0,0.0,many,SR,2
0,2939,6070,2131,0,40.8161,10.5419,10.767,18.1731,0.0,1942,873.0,1566.0,0.0,8.38,5.65,7.69,0.0,100,23.0,10.0,0.0,many,SR,2
0,3197,9974,466,0,33.2493,9.5403,11.2336,11.3214,0.0,1938,905.0,894.0,0.0,9.96,5.77,5.77,0.0,58,14.0,0.0,0.0,many,SR,2
0,1226,1343,0,0,20.3685,7.177,12.3816,0.0,0.0,2174,1148.0,0.0,0.0,15.54,8.1,0.0,0.0,8,0.0,0.0,0.0,one,SR,1
0,812,3868,0,0,22.9969,7.8627,14.2565,0.0,0.0,1941,1340.0,0.0,0.0,12.48,8.78,0.0,0.0,3,0.0,0.0,0.0,one,SR,1
0,3736,4056,401,0,30.1732,7.2348,9.9857,11.8074,0.0,2142,766.0,1107.0,0.0,12.18,5.41,6.04,0.0,210,0.0,119.0,0.0,many,SR,2
0,1722,5836,3388,0,46.7569,12.1628,14.2135,18.9251,0.0,1717,1170.0,1717.0,0.0,4.93,6.56,8.0,0.0,64,0.0,64.0,0.0,many,SR,2
0,724,9037,0,0,18.1923,4.796,12.5791,0.0,0.0,1831,1169.0,0.0,0.0,11.87,8.17,0.0,0.0,175,0.0,0.0,0.0,one,SR,1
0,1116,1391,0,0,14.8656,5.3162,8.8665,0.0,0.0,1221,789.0,0.0,0.0,6.67,6.83,0.0,0.0,57,0.0,0.0,0.0,one,SR,1
0,2907,7058,0,0,14.8853,3.1649,10.9619,0.0,0.0,1907,1003.0,0.0,0.0,13.2,7.59,0.0,0.0,250,0.0,0.0,0.0,one,SR,1
0,225,8749,5655,0,39.1292,10.5293,13.0534,14.2567,0.0,1629,1124.0,1214.0,0.0,5.5,6.3,6.6,0.0,74,46.0,28.0,0.0,many,SR,2
176,4073,1826,0,0,14.5232,3.4265,10.6383,0.0,0.0,1152,1344.0,0.0,0.0,7.97,8.58,0.0,0.0,48,221.0,0.0,0.0,one,RT,1
0,3702,9694,6386,0,36.4478,8.6665,13.3992,13.1129,0.0,1683,1092.0,1183.0,0.0,6.25,6.34,6.36,0.0,188,0.0,84.0,0.0,many,SR,2
0,2672,1689,0,0,17.6455,4.9961,11.8584,0.0,0.0,1555,1095.0,0.0,0.0,9.21,7.91,0.0,0.0,145,0.0,0.0,0.0,one,SR,1
0,836,3790,0,0,19.1472,5.9469,12.3898,0.0,0.0,1926,1150.0,0.0,0.0,12.93,8.11,0.0,0.0,92,0.0,0.0,0.0,one,SR,1
0,4741,1381,0,0,14.4941,3.943,9.8332,0.0,0.0,1301,888.0,0.0,0.0,7.2,7.18,0.0,0.0,172,0.0,0.0,0.0,one,SR,1
0,3170,7506,7262,0,43.4185,11.0767,17.8871,13.0585,0.0,1858,1535.0,1204.0,0.0,6.94,7.6,6.36,0.0,102,8.0,103.0,0.0,many,SR,2
0,3229,6435,0,0,20.0269,6.0437,13.1455,0.0,0.0,1825,1227.0,0.0,0.0,11.62,8.38,0.0,0.0,102,0.0,0.0,0.0,one,SR,1
0,1154,4452,0,0,18.5993,6.7998,11.0381,0.0,0.0,1821,1011.0,0.0,0.0,12.27,7.61,0.0,0.0,4,0.0,0.0,0.0,one,SR,1
0,1807,8504,0,0,17.1204,4.1491,12.169,0.0,0.0,1698,1127.0,0.0,0.0,10.61,8.02,0.0,0.0,210,0.0,0.0,0.0,one,SR,1
0,2373,1939,0,0,19.655,6.7766,12.0792,0.0,0.0,1967,1118.0,0.0,0.0,13.46,7.99,0.0,0.0,29,0.0,0.0,0.0,one,SR,1
0,1258,6824,0,0,19.8314,7.0055,12.0284,0.0,0.0,1798,1113.0,0.0,0.0,11.7,7.97,0.0,0.0,12,0.0,0.0,0.0,one,SR,1
0,3637,2036,0,0,19.6451,5.7454,13.0652,0.0,0.0,1438,1218.0,0.0,0.0,7.59,8.35,0.0,0.0,121,0.0,0.0,0.0,one,SR,1
0,4226,7475,4595,0,31.7516,8.0283,10.6109,11.9368,0.0,1751,921.0,1148.0,0.0,7.81,5.66,6.1,0.0,174,68.0,140.0,0.0,many,SR,2
0,764,8730,0,0,17.76,6.3203,10.6906,0.0,0.0,1830,976.0,0.0,0.0,12.47,7.49,0.0,0.0,29,0.0,0.0,0.0,one,SR,1
0,3099,5221,0,0,18.5007,4.7445,12.9266,0.0,0.0,2080,1204.0,0.0,0.0,14.37,8.3,0.0,0.0,186,0.0,0.0,0.0,one,SR,1
0,3329,4739,0,0,20.1136,6.6686,12.626,0.0,0.0,2155,1174.0,0.0,0.0,15.26,8.19,0.0,0.0,48,0.0,0.0,0.0,one,SR,1
0,1043,5281,3615,0,34.021,6.2295,16.7845,9.7469,0.0,2491,1415.0,743.0,0.0,14.81,7.25,5.35,0.0,349,-1.0,0.0,0.0,many,SR,2
0,4069,6922,4585,0,45.1942,11.0057,10.9671,21.7565,0.0,2267,861.0,2101.0,0.0,10.62,5.68,8.97,0.0,149,1.0,139.0,0.0,many,SR,2
0,3771,134,0,0,20.0836,6.3027,12.9502,0.0,0.0,1977,1207.0,0.0,0.0,13.28,8.31,0.0,0.0,80,0.0,0.0,0.0,one,SR,1
0,4496,9661,0,0,17.6406,4.6611,12.1768,0.0,0.0,1631,1128.0,0.0,0.0,9.9,8.03,0.0,0.0,175,0.0,0.0,0.0,one,SR,1
0,2114,9698,0,0,20.2942,7.0939,12.3898,0.0,0.0,1791,1150.0,0.0,0.0,11.51,8.11,0.0,0.0,14,0.0,0.0,0.0,one,SR,1
0,1041,2303,0,0,17.9616,5.6865,11.4971,0.0,0.0,2028,1058.0,0.0,0.0,14.29,7.78,0.0,0.0,90,0.0,0.0,0.0,one,SR,1
0,2364,5020,0,0,16.8988,6.0606,10.1104,0.0,0.0,1383,916.0,0.0,0.0,7.97,7.28,0.0,0.0,34,0.0,0.0,0.0,one,SR,1
0,4688,2993,1238,0,29.8208,7.5168,10.652,10.5365,0.0,2416,829.0,819.0,0.0,15.33,5.59,5.56,0.0,172,-1.0,0.0,0.0,many,SR,2
0,532,8954,0,0,18.0883,6.2622,11.0636,0.0,0.0,1893,1014.0,0.0,0.0,13.01,7.62,0.0,0.0,41,0.0,0.0,0.0,one,SR,1
175,956,9039,2280,0,65.2092,6.4802,48.0424,9.8501,0.0,1186,3863.0,997.0,0.0,4.92,10.14,6.22,0.0,72,-92.0,137.0,0.0,many,RT,2
0,177,5899,0,0,17.8458,6.5383,10.5634,0.0,0.0,2130,962.0,0.0,0.0,15.67,7.44,0.0,0.0,11,0.0,0.0,0.0,one,SR,1
0,1745,9176,0,0,17.8931,6.3706,10.7707,0.0,0.0,1232,984.0,0.0,0.0,6.17,7.52,0.0,0.0,27,0.0,0.0,0.0,one,SR,1
0,2128,9201,0,0,17.4471,6.1737,10.5303,0.0,0.0,1461,959.0,0.0,0.0,8.65,7.43,0.0,0.0,35,0.0,0.0,0.0,one,SR,1
0,2026,4146,0,0,18.3518,5.9509,11.6183,0.0,0.0,1382,1071.0,0.0,0.0,7.47,7.83,0.0,0.0,75,0.0,0.0,0.0,one,SR,1
76,1038,1971,901,900,128.7102,12.6792,34.6238,39.9842,39.9842,2909,2673.0,3523.0,3523.0,17.59,9.93,9.73,9.73,19,-217.0,134.0,134.0,many,RT,3
0,4258,1249,0,0,19.8899,7.1614,11.9346,0.0,0.0,1384,1103.0,0.0,0.0,7.39,7.94,0.0,0.0,-1,0.0,0.0,0.0,one,SR,1
0,1248,2236,0,0,18.0174,6.6713,10.6006,0.0,0.0,1575,966.0,0.0,0.0,9.83,7.45,0.0,0.0,3,0.0,0.0,0.0,one,SR,1
0,2316,5073,0,0,16.9311,6.4306,9.7844,0.0,0.0,1320,883.0,0.0,0.0,7.41,7.16,0.0,0.0,1,0.0,0.0,0.0,one,SR,1
0,2287,4342,0,0,19.3306,6.8272,11.7176,0.0,0.0,1577,1080.0,0.0,0.0,9.49,7.86,0.0,0.0,17,0.0,0.0,0.0,one,SR,1
0,128,4793,4792,0,63.1955,15.1965,23.0792,23.0792,0.0,2291,2036.0,2036.0,0.0,7.49,9.2,9.2,0.0,94,0.0,0.0,0.0,many,SR,2
0,3355,7931,7930,0,73.4682,17.4872,26.9502,26.9502,0.0,3365,2417.0,2417.0,0.0,16.61,10.4,10.4,0.0,85,0.0,0.0,0.0,many,SR,2
0,2438,2557,0,0,17.4406,6.0319,10.6611,0.0,0.0,1551,972.0,0.0,0.0,9.56,7.48,0.0,0.0,48,0.0,0.0,0.0,one,SR,1
0,610,362,0,0,15.9518,5.8946,9.3566,0.0,0.0,1624,839.0,0.0,0.0,10.75,7.01,0.0,0.0,28,0.0,0.0,0.0,one,SR,1
0,3301,3697,0,0,17.9246,5.8576,11.2961,0.0,0.0,2197,1038.0,0.0,0.0,16.13,7.71,0.0,0.0,74,0.0,0.0,0.0,one,SR,1
0,3988,5964,0,0,16.9226,5.6917,10.4894,0.0,0.0,1187,955.0,0.0,0.0,5.79,7.42,0.0,0.0,67,0.0,0.0,0.0,one,SR,1
0,3696,904,0,0,17.0478,5.5702,10.7275,0.0,0.0,2267,979.0,0.0,0.0,17.05,7.5,0.0,0.0,81,0.0,0.0,0.0,one,SR,1
0,4690,9732,0,0,16.2496,5.4252,10.0969,0.0,0.0,1610,915.0,0.0,0.0,10.36,7.27,0.0,0.0,77,0.0,0.0,0.0,one,SR,1
0,3303,3555,0,0,18.2412,6.7554,10.7354,0.0,0.0,2237,980.0,0.0,0.0,16.73,7.5,0.0,0.0,0,0.0,0.0,0.0,one,SR,1
0,3982,8105,95,0,38.773,9.7647,17.1973,10.5004,0.0,1652,1652.0,815.0,0.0,5.55,7.56,5.55,0.0,139,139.0,0.0,0.0,many,SR,2
0,459,4586,0,0,17.921,6.6116,10.5653,0.0,0.0,1340,962.0,0.0,0.0,7.37,7.44,0.0,0.0,6,0.0,0.0,0.0,one,SR,1
0,4208,6347,0,0,18.8174,6.8807,11.1708,0.0,0.0,1862,1024.0,0.0,0.0,12.66,7.66,0.0,0.0,1,0.0,0.0,0.0,one,SR,1
0,2123,3,0,0,16.0473,3.9183,11.3563,0.0,0.0,1738,1043.0,0.0,0.0,11.29,7.73,0.0,0.0,207,0.0,0.0,0.0,one,SR,1
160,1157,6808,0,0,12.0564,3.7326,7.724,0.0,0.0,1431,1185.0,0.0,0.0,9.63,8.0,0.0,0.0,114,300.0,0.0,0.0,one,TR,1
0,1391,8376,0,0,15.0055,4.5663,9.7255,0.0,0.0,1178,876.0,0.0,0.0,5.95,7.14,0.0,0.0,127,0.0,0.0,0.0,one,SR,1
0,1495,2462,0,0,17.3768,6.039,10.5927,0.0,0.0,1347,965.0,0.0,0.0,7.44,7.45,0.0,0.0,46,0.0,0.0,0.0,one,SR,1
0,2074,8381,0,0,17.0176,6.1047,10.1826,0.0,0.0,1614,923.0,0.0,0.0,10.37,7.3,0.0,0.0,32,0.0,0.0,0.0,one,SR,1
0,1215,922,0,0,18.4378,6.7072,10.9717,0.0,0.0,1354,1004.0,0.0,0.0,7.39,7.59,0.0,0.0,9,0.0,0.0,0.0,one,SR,1
0,1321,9349,9348,0,58.0491,13.7604,21.2801,21.2801,0.0,2444,1858.0,1858.0,0.0,10.11,8.64,8.64,0.0,123,0.0,0.0,0.0,many,SR,2
0,236,3937,0,0,17.2091,6.3183,10.1612,0.0,0.0,1602,921.0,0.0,0.0,10.25,7.3,0.0,0.0,17,0.0,0.0,0.0,one,SR,1
0,500,5515,0,0,11.6951,2.828,8.2082,0.0,0.0,1398,721.0,0.0,0.0,8.75,6.59,0.0,0.0,212,0.0,0.0,0.0,one,SR,1
0,3710,8866,1869,0,29.7159,6.5388,11.6477,10.3672,0.0,1942,1227.0,803.0,0.0,9.93,6.11,5.52,0.0,268,216.0,0.0,0.0,many,SR,2
0,3007,5968,2799,0,34.9591,9.1279,13.6864,10.9361,0.0,1221,1124.0,857.0,0.0,1.94,6.42,5.67,0.0,120,3.0,0.0,0.0,many,SR,2
0,2838,9685,3378,0,38.5768,10.8363,13.423,13.0586,0.0,1479,1095.0,1060.0,0.0,4.2,6.34,6.25,0.0,34,0.0,0.0,0.0,many,SR,2
0,3606,6914,0,0,15.8272,4.151,10.919,0.0,0.0,1185,999.0,0.0,0.0,5.63,7.57,0.0,0.0,182,0.0,0.0,0.0,one,SR,1
0,1019,3368,0,0,15.9251,5.589,9.626,0.0,0.0,1381,866.0,0.0,0.0,8.11,7.1,0.0,0.0,55,0.0,0.0,0.0,one,SR,1
0,4256,5478,5477,0,58.7647,13.515,21.7458,21.7458,0.0,2870,1905.0,1905.0,0.0,14.31,8.79,8.79,0.0,158,0.0,0.0,0.0,many,SR,2
0,4313,5162,0,0,16.4058,6.1259,9.5715,0.0,0.0,1337,861.0,0.0,0.0,7.66,7.08,0.0,0.0,17,0.0,0.0,0.0,one,SR,1
0,3795,6010,0,0,16.4895,5.5842,10.175,0.0,0.0,1719,923.0,0.0,0.0,11.48,7.3,0.0,0.0,68,0.0,0.0,0.0,one,SR,1
0,4524,9306,0,0,15.3134,5.6647,8.9622,0.0,0.0,1333,799.0,0.0,0.0,7.82,6.86,0.0,0.0,35,0.0,0.0,0.0,one,SR,1
0,3314,7136,0,0,14.8075,4.0262,10.0557,0.0,0.0,1720,910.0,0.0,0.0,11.53,7.26,0.0,0.0,171,0.0,0.0,0.0,one,SR,1
0,3991,2122,0,0,16.2963,5.1342,10.4229,0.0,0.0,1583,948.0,0.0,0.0,9.97,7.39,0.0,0.0,104,0.0,0.0,0.0,one,SR,1
0,2284,6826,0,0,16.8639,5.5241,10.5946,0.0,0.0,3285,965.0,0.0,0.0,27.79,7.45,0.0,0.0,81,0.0,0.0,0.0,one,SR,1
0,3994,450,0,0,12.3558,3.2719,8.4173,0.0,0.0,1808,743.0,0.0,0.0,12.98,6.67,0.0,0.0,186,0.0,0.0,0.0,one,SR,1
0,3349,8303,0,0,15.3042,5.4127,9.1966,0.0,0.0,1125,823.0,0.0,0.0,5.56,6.95,0.0,0.0,58,0.0,0.0,0.0,one,SR,1
0,3239,5795,0,0,16.3355,5.3841,10.2198,0.0,0.0,1549,927.0,0.0,0.0,9.68,7.32,0.0,0.0,82,0.0,0.0,0.0,one,SR,1
0,2024,5852,0,0,15.0819,5.3327,9.0596,0.0,0.0,1401,808.0,0.0,0.0,8.5,6.9,0.0,0.0,60,0.0,0.0,0.0,one,SR,1
0,3687,4551,4550,0,34.8899,10.4358,11.6411,11.6411,0.0,1205,924.0,924.0,0.0,2.11,5.86,5.86,0.0,8,0.0,0.0,0.0,many,SR,2
0,2924,453,0,0,17.5813,6.5021,10.3429,0.0,0.0,1235,940.0,0.0,0.0,6.34,7.36,0.0,0.0,9,0.0,0.0,0.0,one,SR,1
0,526,3048,0,0,14.0482,4.1554,9.1982,0.0,0.0,1703,822.0,0.0,0.0,11.63,6.95,0.0,0.0,143,0.0,0.0,0.0,one,SR,1
0,4595,8734,0,0,15.4728,4.5233,10.2179,0.0,0.0,1537,927.0,0.0,0.0,9.55,7.32,0.0,0.0,141,0.0,0.0,0.0,one,SR,1
0,4751,1002,0,0,15.22,5.1856,9.3349,0.0,0.0,1562,836.0,0.0,0.0,10.11,7.0,0.0,0.0,76,0.0,0.0,0.0,one,SR,1
0,423,7767,3215,0,33.7031,9.7445,11.4114,11.388,0.0,1621,904.0,900.0,0.0,6.59,5.8,5.79,0.0,47,1.0,0.0,0.0,many,SR,2
0,3242,2005,1700,0,31.6252,8.6517,11.7048,10.1333,0.0,1181,931.0,806.0,0.0,2.18,5.88,5.47,0.0,107,0.0,18.0,0.0,many,SR,2
0,862,1965,0,0,14.9946,5.4167,8.8939,0.0,0.0,1706,792.0,0.0,0.0,11.76,6.84,0.0,0.0,51,0.0,0.0,0.0,one,SR,1
0,1974,3457,0,0,14.3414,4.1267,9.5088,0.0,0.0,1557,854.0,0.0,0.0,10.0,7.06,0.0,0.0,152,0.0,0.0,0.0,one,SR,1
48,4222,8690,3778,0,47.6488,7.8903,23.7657,15.0925,0.0,1149,2438.0,1777.0,0.0,3.96,8.73,7.27,0.0,15,294.0,371.0,0.0,many,RT,2
0,4262,9393,0,0,14.8325,5.8605,8.3096,0.0,0.0,1319,731.0,0.0,0.0,7.89,6.62,0.0,0.0,7,0.0,0.0,0.0,one,SR,1
0,4597,5264,0,0,14.3249,4.7148,8.9251,0.0,0.0,1400,795.0,0.0,0.0,8.53,6.85,0.0,0.0,99,0.0,0.0,0.0,one,SR,1
0,587,2181,0,0,14.351,5.3398,8.347,0.0,0.0,1302,736.0,0.0,0.0,7.69,6.64,0.0,0.0,44,0.0,0.0,0.0,one,SR,1
0,2182,8462,0,0,15.1889,5.759,8.7512,0.0,0.0,1522,777.0,0.0,0.0,9.87,6.79,0.0,0.0,24,0.0,0.0,0.0,one,SR,1
0,1689,2603,0,0,15.2269,6.0462,8.5109,0.0,0.0,1690,752.0,0.0,0.0,11.72,6.7,0.0,0.0,-1,0.0,0.0,0.0,one,SR,1
0,2480,7026,0,0,14.6253,4.9064,9.0303,0.0,0.0,1524,805.0,0.0,0.0,9.8,6.89,0.0,0.0,88,0.0,0.0,0.0,one,SR,1
0,3885,6404,0,0,15.3031,5.9061,8.7197,0.0,0.0,1775,773.0,0.0,0.0,12.54,6.77,0.0,0.0,13,0.0,0.0,0.0,one,SR,1
0,4642,7106,0,0,14.2647,4.5742,9.0029,0.0,0.0,1270,802.0,0.0,0.0,7.15,6.88,0.0,0.0,110,0.0,0.0,0.0,one,SR,1
0,924,1481,1480,0,47.1238,9.8276,17.8888,17.8888,0.0,1807,1525.0,1525.0,0.0,5.3,7.59,7.59,0.0,262,0.0,0.0,0.0,many,SR,2
0,57,1502,0,0,14.5037,5.2401,8.5909,0.0,0.0,1150,760.0,0.0,0.0,6.02,6.73,0.0,0.0,56,0.0,0.0,0.0,one,SR,1
0,3175,5906,0,0,14.0499,4.3917,8.9717,0.0,0.0,1235,799.0,0.0,0.0,6.79,6.86,0.0,0.0,122,0.0,0.0,0.0,one,SR,1
0,233,8750,0,0,14.1152,3.9669,9.4445,0.0,0.0,1620,848.0,0.0,0.0,10.68,7.04,0.0,0.0,162,0.0,0.0,0.0,one,SR,1
0,3562,6971,0,0,14.5238,5.6872,8.1789,0.0,0.0,1186,718.0,0.0,0.0,6.53,6.58,0.0,0.0,16,0.0,0.0,0.0,one,SR,1
0,190,7492,0,0,14.7738,5.2022,8.8879,0.0,0.0,1945,791.0,0.0,0.0,14.27,6.84,0.0,0.0,65,0.0,0.0,0.0,one,SR,1
0,4186,8481,6760,1185,68.7757,16.5472,14.6388,14.5256,20.8774,2450,1211.0,1200.0,1855.0,6.05,6.67,6.64,8.55,214,0.0,0.0,26.0,many,SR,3
0,507,6665,6664,0,56.8207,14.7505,20.2042,20.2042,0.0,2822,1752.0,1752.0,0.0,14.68,8.31,8.31,0.0,14,0.0,0.0,0.0,many,SR,2
0,3401,2911,0,0,15.0316,5.4133,8.9329,0.0,0.0,1518,796.0,0.0,0.0,9.77,6.85,0.0,0.0,52,0.0,0.0,0.0,one,SR,1
0,4859,6952,0,0,14.5928,4.4977,9.3935,0.0,0.0,1429,842.0,0.0,0.0,8.69,7.02,0.0,0.0,124,0.0,0.0,0.0,one,SR,1
0,1231,7351,0,0,14.6793,5.5265,8.4838,0.0,0.0,1386,750.0,0.0,0.0,8.53,6.69,0.0,0.0,34,0.0,0.0,0.0,one,SR,1
0,2784,3281,0,0,14.0272,4.8749,8.4835,0.0,0.0,1563,749.0,0.0,0.0,10.39,6.69,0.0,0.0,78,0.0,0.0,0.0,one,SR,1
0,4479,9507,0,0,14.61,4.7716,9.1456,0.0,0.0,1337,817.0,0.0,0.0,7.8,6.93,0.0,0.0,100,0.0,0.0,0.0,one,SR,1
0,287,917,0,0,13.3059,3.8501,8.7764,0.0,0.0,1759,779.0,0.0,0.0,12.36,6.79,0.0,0.0,155,0.0,0.0,0.0,one,SR,1
0,1729,1733,0,0,15.864,6.0414,9.1301,0.0,0.0,1410,816.0,0.0,0.0,8.57,6.92,0.0,0.0,13,0.0,0.0,0.0,one,SR,1
200,3945,6898,2262,1199,106.8929,7.1968,35.2432,27.5472,35.4625,3352,3228.0,2757.0,3227.0,22.21,10.92,9.92,10.59,395,113.0,252.0,119.0,many,RT,3
0,2993,1796,0,0,14.5348,4.6723,9.1689,0.0,0.0,1633,819.0,0.0,0.0,10.9,6.94,0.0,0.0,107,0.0,0.0,0.0,one,SR,1
0,2873,2341,0,0,14.9558,5.2995,8.9698,0.0,0.0,1700,799.0,0.0,0.0,11.67,6.86,0.0,0.0,60,0.0,0.0,0.0,one,SR,1
0,3046,4530,0,0,14.3118,5.2728,8.3742,0.0,0.0,1136,738.0,0.0,0.0,5.94,6.65,0.0,0.0,49,0.0,0.0,0.0,one,SR,1
0,1407,7711,0,0,13.7308,4.805,8.2649,0.0,0.0,1384,727.0,0.0,0.0,8.58,6.61,0.0,0.0,78,0.0,0.0,0.0,one,SR,1
0,1676,4737,0,0,14.792,5.844,8.2863,0.0,0.0,1950,729.0,0.0,0.0,14.52,6.62,0.0,0.0,8,0.0,0.0,0.0,one,SR,1
0,3683,5997,0,0,15.7514,6.1634,8.9036,0.0,0.0,1389,793.0,0.0,0.0,8.43,6.84,0.0,0.0,0,0.0,0.0,0.0,one,SR,1
0,1436,2023,0,0,14.9619,5.5503,8.7336,0.0,0.0,1349,775.0,0.0,0.0,8.06,6.78,0.0,0.0,38,0.0,0.0,0.0,one,SR,1
0,4564,3929,0,0,13.5593,4.3014,8.5852,0.0,0.0,2223,760.0,0.0,0.0,17.29,6.73,0.0,0.0,120,0.0,0.0,0.0,one,SR,1
0,70,3009,0,0,15.0977,5.7912,8.6321,0.0,0.0,1224,765.0,0.0,0.0,6.78,6.74,0.0,0.0,19,0.0,0.0,0.0,one,SR,1
0,2756,7849,0,0,14.865,5.9145,8.2885,0.0,0.0,1115,730.0,0.0,0.0,5.75,6.62,0.0,0.0,3,0.0,0.0,0.0,one,SR,1
0,2895,6647,1585,0,48.8356,12.5346,18.5278,16.2803,0.0,1947,1611.0,1367.0,0.0,7.01,7.81,7.12,0.0,62,17.0,-1.0,0.0,many,SR,2
0,1402,4543,0,0,14.2841,5.4898,8.1379,0.0,0.0,1846,714.0,0.0,0.0,13.48,6.56,0.0,0.0,29,0.0,0.0,0.0,one,SR,1
0,509,8803,7284,7283,95.2773,22.233,25.1651,22.5432,22.5432,2365,2248.0,1983.0,1983.0,-0.3,9.86,9.04,9.04,198,5.0,0.0,0.0,many,SR,3
0,3094,159,0,0,13.1886,4.2583,8.2689,0.0,0.0,1367,728.0,0.0,0.0,8.4,6.61,0.0,0.0,116,0.0,0.0,0.0,one,SR,1
0,2439,6738,0,0,11.8648,2.9351,8.2687,0.0,0.0,1943,727.0,0.0,0.0,14.45,6.61,0.0,0.0,206,0.0,0.0,0.0,one,SR,1
201,2827,7667,7367,5450,114.0803,7.3603,31.5703,32.86,41.0387,2765,3219.0,3713.0,3891.0,17.77,10.39,9.71,11.41,266,347.0,688.0,258.0,many,RT,3
0,3701,7465,7464,0,34.4456,9.4479,11.9055,11.9055,0.0,1316,950.0,950.0,0.0,3.14,5.93,5.93,0.0,84,0.0,0.0,0.0,many,SR,2
39,944,5009,4801,0,63.8874,6.0812,26.6173,30.422,0.0,1158,3166.0,3895.0,0.0,5.26,8.83,8.84,0.0,56,679.0,1016.0,0.0,many,TR,2
0,1594,4887,3105,0,37.7801,9.6292,13.5549,13.324,0.0,1338,1138.0,1085.0,0.0,2.6,6.4,6.32,0.0,124,22.0,0.0,0.0,many,SR,2
0,4508,4558,1069,0,35.9301,8.9508,12.8702,12.8702,0.0,1668,1042.0,1042.0,0.0,6.36,6.19,6.19,0.0,150,0.0,0.0,0.0,many,SR,2
38,3649,9928,8597,3776,80.6888,11.0586,30.3523,19.8218,18.088,1294,3264.0,1822.0,2237.0,1.27,9.78,7.86,9.05,86,486.0,101.0,448.0,many,RT,3
0,1760,8741,8740,0,53.7535,10.4504,20.8018,20.8018,0.0,3061,1812.0,1812.0,0.0,16.84,8.5,8.5,0.0,331,0.0,0.0,0.0,many,SR,2
0,3252,1726,1725,0,51.2207,10.1134,19.7373,19.7373,0.0,2252,1706.0,1706.0,0.0,8.95,8.16,8.16,0.0,313,0.0,0.0,0.0,many,SR,2
66,2050,8586,940,0,70.8492,4.8929,20.1882,44.9105,0.0,1220,2059.0,2584.0,0.0,5.09,8.33,10.25,0.0,193,233.0,-892.0,0.0,many,RT,2
278,2972,8827,6215,3418,96.5476,10.658,37.0966,23.7386,23.7386,1794,3067.0,2202.0,2202.0,6.99,10.37,8.39,8.39,81,-84.0,135.0,135.0,many,RT,3
0,463,7455,2424,0,38.234,10.7472,13.1303,13.1043,0.0,1360,1066.0,1064.0,0.0,3.01,6.26,6.26,0.0,36,-1.0,0.0,0.0,many,SR,2
0,553,9188,510,0,59.0379,13.6732,22.3572,21.2395,0.0,2100,2040.0,1854.0,0.0,6.14,9.05,8.63,0.0,153,53.0,0.0,0.0,many,SR,2
0,4247,9768,0,0,16.8773,6.2717,9.8858,0.0,0.0,1535,893.0,0.0,0.0,9.64,7.2,0.0,0.0,14,0.0,0.0,0.0,one,SR,1
234,596,3328,3310,0,55.5135,7.0423,32.6558,15.0282,0.0,1309,1973.0,1731.0,0.0,6.66,9.03,6.84,0.0,3,-586.0,364.0,0.0,many,RT,2
0,1533,9120,0,0,18.6118,5.9541,11.8662,0.0,0.0,1441,1096.0,0.0,0.0,8.01,7.91,0.0,0.0,80,0.0,0.0,0.0,one,SR,1
0,3280,4726,2457,0,35.4924,9.4561,12.3784,12.4435,0.0,1494,995.0,1007.0,0.0,4.76,6.06,6.08,0.0,101,0.0,4.0,0.0,many,SR,2
0,2600,9799,8937,0,42.5766,10.8341,15.3863,14.9802,0.0,1437,1413.0,1259.0,0.0,2.7,6.98,6.78,0.0,106,93.0,11.0,0.0,many,SR,2
116,1429,6218,5345,0,38.6179,6.1737,14.7639,16.7948,0.0,1251,1767.0,2374.0,0.0,5.17,7.43,8.43,0.0,123,373.0,662.0,0.0,many,RT,2
0,455,6232,914,0,30.3455,7.8386,10.5147,10.8672,0.0,2300,865.0,852.0,0.0,14.03,5.6,5.65,0.0,156,34.0,1.0,0.0,many,SR,2
181,217,9598,9597,0,63.6438,6.7292,27.985,27.985,0.0,1177,2634.0,2634.0,0.0,3.86,8.72,8.72,0.0,121,202.0,202.0,0.0,many,RT,2
0,2257,8423,8422,0,33.9567,10.3386,11.2339,11.2339,0.0,1483,886.0,886.0,0.0,5.22,5.75,5.75,0.0,1,0.0,0.0,0.0,many,SR,2
0,112,9177,4323,0,48.499,12.6945,17.1656,17.1656,0.0,3184,1453.0,1453.0,0.0,20.17,7.37,7.37,0.0,39,0.0,0.0,0.0,many,SR,2
0,2969,4348,4347,0,58.2061,12.3076,22.0604,22.0604,0.0,2224,1936.0,1936.0,0.0,7.35,8.89,8.89,0.0,252,0.0,0.0,0.0,many,SR,2
180,3274,2938,0,0,20.2975,4.1355,15.6901,0.0,0.0,1160,1256.0,0.0,0.0,7.93,7.72,0.0,0.0,8,-86.0,0.0,0.0,one,TR,1
157,305,5251,4331,3682,114.0741,8.8424,48.0715,35.9736,20.0014,1193,3387.0,2727.0,2251.0,1.86,9.98,8.98,7.89,125,-446.0,-199.0,415.0,many,RT,3
0,1572,6189,3284,1232,45.2345,13.2043,9.8563,9.8706,10.6609,1330,754.0,755.0,920.0,-0.82,5.38,5.38,5.67,108,0.0,0.0,64.0,many,SR,3
0,4133,8843,302,0,32.1628,6.2863,12.3936,12.2715,0.0,1894,997.0,1004.0,0.0,8.99,6.07,6.05,0.0,315,0.0,14.0,0.0,many,SR,2
0,1538,2859,647,0,31.8073,7.7843,13.3477,9.5025,0.0,2075,1232.0,727.0,0.0,11.23,6.44,5.29,0.0,189,103.0,5.0,0.0,many,SR,2
49,144,2317,492,0,55.2608,4.8979,13.9417,35.6589,0.0,1365,1631.0,2359.0,0.0,7.47,6.84,8.78,0.0,134,350.0,-450.0,0.0,many,RT,2
281,2948,8102,0,0,30.5544,4.4757,25.5358,0.0,0.0,1256,2620.0,0.0,0.0,8.3,9.43,0.0,0.0,28,291.0,0.0,0.0,one,TR,1
0,4240,6726,5096,0,34.5675,10.1027,11.6544,11.6374,0.0,1292,926.0,931.0,0.0,3.01,5.87,5.87,0.0,31,0.0,5.0,0.0,many,SR,2
50,2428,9406,9405,0,28.9794,4.9135,11.6015,11.6015,0.0,1250,1067.0,1067.0,0.0,5.36,6.31,6.31,0.0,195,85.0,85.0,0.0,many,TR,2
0,4373,8677,7785,0,43.3034,11.3344,19.3106,11.2729,0.0,2380,1731.0,889.0,0.0,12.52,8.09,5.76,0.0,78,47.0,0.0,0.0,many,SR,2
0,1704,1853,0,0,19.3979,5.2629,13.2919,0.0,0.0,1415,1242.0,0.0,0.0,7.27,8.43,0.0,0.0,159,0.0,0.0,0.0,one,SR,1
0,1784,9650,6350,0,35.034,9.4065,9.8373,14.5761,0.0,1358,752.0,1345.0,0.0,3.33,5.37,6.77,0.0,104,0.0,100.0,0.0,many,SR,2
0,3209,6655,4349,0,39.8572,10.5034,14.5124,13.5334,0.0,1561,1276.0,1112.0,0.0,4.62,6.7,6.38,0.0,87,55.0,5.0,0.0,many,SR,2
0,4675,5261,0,0,19.5731,4.1733,14.5126,0.0,0.0,1621,1367.0,0.0,0.0,9.04,8.87,0.0,0.0,260,0.0,0.0,0.0,one,SR,1
0,3984,1986,1411,0,31.7076,9.4273,10.5889,10.5765,0.0,1930,824.0,823.0,0.0,10.23,5.58,5.57,0.0,42,0.0,0.0,0.0,many,SR,2
0,137,8046,1224,0,29.274,8.2431,10.0658,9.8791,0.0,1335,828.0,756.0,0.0,4.24,5.48,5.38,0.0,105,39.0,0.0,0.0,many,SR,2
50,2478,8446,768,0,39.4024,4.5825,15.8818,18.1617,0.0,1181,2104.0,1968.0,0.0,5.41,7.87,7.89,0.0,164,540.0,305.0,0.0,many,RT,2
103,3453,3070,876,0,60.9841,4.9962,24.8738,30.3431,0.0,2329,2557.0,2321.0,0.0,17.52,7.86,8.85,0.0,133,371.0,-178.0,0.0,many,TR,2
0,1681,7253,7222,0,34.6959,9.8698,9.9629,13.6805,0.0,1160,764.0,1128.0,0.0,1.54,5.41,6.42,0.0,53,0.0,6.0,0.0,many,SR,2
0,3730,5814,5813,0,31.803,8.4213,11.1188,11.1188,0.0,1840,875.0,875.0,0.0,9.02,5.72,5.72,0.0,128,0.0,0.0,0.0,many,SR,2
120,4110,9336,2614,0,38.5512,5.7022,9.1109,22.9043,0.0,1364,1192.0,1434.0,0.0,6.82,6.53,7.81,0.0,123,310.0,-368.0,0.0,many,TR,2
0,3362,3086,1868,0,33.2843,9.427,10.9085,11.7891,0.0,1142,854.0,981.0,0.0,1.55,5.66,5.94,0.0,69,0.0,30.0,0.0,many,SR,2
0,758,3511,0,0,16.2475,3.9965,11.4737,0.0,0.0,1414,1056.0,0.0,0.0,7.85,7.77,0.0,0.0,205,0.0,0.0,0.0,one,SR,1
186,4193,2672,621,0,64.3389,3.2444,36.6738,23.6548,0.0,1607,3062.0,2355.0,0.0,9.98,9.78,7.88,0.0,249,-30.0,286.0,0.0,many,RT,2
22,2016,36,0,0,20.9567,4.6055,15.7927,0.0,0.0,1197,1595.0,0.0,0.0,7.54,8.58,0.0,0.0,29,117.0,0.0,0.0,one,RT,1
0,1309,7512,2372,0,37.8449,10.4479,13.1068,13.038,0.0,1562,1095.0,1057.0,0.0,5.13,6.28,6.24,0.0,56,22.0,-1.0,0.0,many,SR,2
0,2754,7525,0,0,22.9141,4.5554,17.3558,0.0,0.0,1870,1668.0,0.0,0.0,10.61,10.03,0.0,0.0,305,0.0,0.0,0.0,one,SR,1
0,1386,6157,4614,0,32.4806,8.2694,11.8141,11.223,0.0,1471,1026.0,908.0,0.0,4.88,5.98,5.77,0.0,157,61.0,17.0,0.0,many,SR,2
98,4890,7201,6317,0,54.626,8.3011,24.0372,21.2667,0.0,1513,2413.0,2588.0,0.0,6.7,8.42,8.79,0.0,61,277.0,548.0,0.0,many,RT,2
215,2433,7567,0,0,34.9468,4.9424,29.4361,0.0,0.0,1406,2689.0,0.0,0.0,9.65,9.68,0.0,0.0,12,106.0,0.0,0.0,one,RT,1
191,1736,4717,2443,0,44.6407,4.879,18.5118,20.4214,0.0,1351,2133.0,1904.0,0.0,6.73,8.7,7.59,0.0,176,364.0,144.0,0.0,many,RT,2
124,894,8357,0,0,19.4466,3.563,15.3873,0.0,0.0,1170,1775.0,0.0,0.0,7.82,7.96,0.0,0.0,62,313.0,0.0,0.0,one,TR,1
0,2279,3877,3279,0,52.4676,13.9213,18.4952,18.4952,0.0,2285,1584.0,1584.0,0.0,9.99,7.78,7.78,0.0,6,0.0,0.0,0.0,many,SR,2
0,1682,9861,5087,0,59.1657,14.7975,17.4644,25.1718,0.0,2478,1483.0,2248.0,0.0,10.43,7.46,9.86,0.0,54,0.0,4.0,0.0,many,SR,2
238,4174,7184,4189,0,33.4194,4.4521,12.4584,15.7738,0.0,1188,1386.0,2039.0,0.0,5.86,6.68,7.67,0.0,148,258.0,508.0,0.0,many,RT,2
0,216,2801,0,0,17.8037,6.5747,10.4875,0.0,0.0,1517,955.0,0.0,0.0,9.25,7.42,0.0,0.0,7,0.0,0.0,0.0,one,SR,1
140,2235,3345,0,0,21.2172,4.4379,16.2819,0.0,0.0,1312,1888.0,0.0,0.0,9.3,7.97,0.0,0.0,3,347.0,0.0,0.0,one,RT,1
0,3767,4927,2566,0,43.1567,8.6209,16.7303,16.3674,0.0,1848,1410.0,1376.0,0.0,6.46,7.24,7.14,0.0,295,-1.0,0.0,0.0,many,SR,2
0,2557,7243,738,0,44.3654,11.3797,17.5674,14.0092,0.0,1904,1543.0,1216.0,0.0,7.31,7.54,6.55,0.0,89,36.0,47.0,0.0,many,SR,2
166,4893,549,0,0,25.0514,4.2047,20.3388,0.0,0.0,1097,2335.0,0.0,0.0,6.95,9.08,0.0,0.0,25,392.0,0.0,0.0,one,TR,1
103,2524,7883,5083,5081,117.2421,7.8099,27.3351,40.3891,40.3891,4048,3048.0,3299.0,3299.0,30.63,9.41,9.39,9.39,277,515.0,-40.0,-40.0,many,TR,3
262,298,3085,2395,0,74.7845,8.2066,38.9084,26.6348,0.0,2218,3680.0,2005.0,0.0,13.98,11.13,9.22,0.0,76,235.0,-228.0,0.0,many,TR,2
0,2197,5357,0,0,15.6712,3.9324,10.9795,0.0,0.0,1259,1005.0,0.0,0.0,6.39,7.59,0.0,0.0,198,0.0,0.0,0.0,one,SR,1
66,1961,9242,0,0,28.8328,3.7514,24.5883,0.0,0.0,1253,2096.0,0.0,0.0,8.72,8.93,0.0,0.0,47,-25.0,0.0,0.0,one,TR,1
166,1078,4618,0,0,24.6819,4.0409,20.1072,0.0,0.0,1148,1766.0,0.0,0.0,7.25,9.34,0.0,0.0,52,-43.0,0.0,0.0,one,RT,1
0,183,9021,0,0,13.1582,3.7808,8.7005,0.0,0.0,1229,772.0,0.0,0.0,6.81,6.77,0.0,0.0,158,0.0,0.0,0.0,one,SR,1
0,4856,7141,0,0,13.7868,3.1731,9.8937,0.0,0.0,1629,894.0,0.0,0.0,10.62,7.2,0.0,0.0,226,0.0,0.0,0.0,one,SR,1
43,2328,9978,0,0,16.1787,4.0402,11.6185,0.0,0.0,1321,1548.0,0.0,0.0,9.19,9.2,0.0,0.0,44,285.0,0.0,0.0,one,TR,1
0,684,9962,9266,0,40.179,7.5149,14.3667,16.9073,0.0,2068,1185.0,1441.0,0.0,9.2,6.6,7.3,0.0,341,0.0,9.0,0.0,many,SR,2
78,1244,617,0,0,26.9176,5.9529,20.2857,0.0,0.0,1521,1791.0,0.0,0.0,9.86,9.79,0.0,0.0,11,-60.0,0.0,0.0,one,RT,1
0,3449,9314,3116,0,37.6277,10.0978,12.1748,14.0978,0.0,1939,975.0,1210.0,0.0,9.04,6.0,6.57,0.0,83,0.0,36.0,0.0,many,SR,2
0,1994,5530,5529,0,36.8686,8.8145,13.3935,13.3935,0.0,1431,1092.0,1092.0,0.0,3.62,6.34,6.34,0.0,177,0.0,0.0,0.0,many,SR,2
47,1068,9195,370,0,57.0907,6.9123,24.7804,24.5217,0.0,2247,2435.0,2689.0,0.0,15.71,8.58,8.18,0.0,67,242.0,473.0,0.0,many,RT,2
0,140,6730,4701,0,31.6677,8.4965,12.0256,10.0028,0.0,1497,1016.0,768.0,0.0,5.43,6.01,5.42,0.0,122,39.0,0.0,0.0,many,SR,2
178,888,6603,0,0,23.5956,3.2843,19.8214,0.0,0.0,1612,1835.0,0.0,0.0,12.52,8.9,0.0,0.0,77,51.0,0.0,0.0,one,RT,1
184,4100,7568,1597,0,62.4029,7.4908,17.865,36.1094,0.0,1331,2539.0,4272.0,0.0,5.54,8.69,10.69,0.0,65,711.0,872.0,0.0,many,RT,2
0,3424,5137,4493,0,39.5003,10.2296,13.8086,14.1566,0.0,1764,1142.0,1231.0,0.0,6.77,6.46,6.6,0.0,104,7.0,47.0,0.0,many,SR,2
0,2488,9335,7371,0,51.6512,13.4927,18.2636,18.3474,0.0,1602,1594.0,1570.0,0.0,2.89,7.74,7.74,0.0,30,23.0,0.0,0.0,many,SR,2
72,1514,5224,2110,0,84.1964,6.8123,42.7865,33.7387,0.0,1485,2623.0,2971.0,0.0,7.86,10.26,9.33,0.0,63,-742.0,95.0,0.0,many,RT,2
109,4494,5680,0,0,22.7447,2.914,19.3522,0.0,0.0,1363,2074.0,0.0,0.0,10.0,8.79,0.0,0.0,95,266.0,0.0,0.0,one,RT,1
52,166,8480,0,0,18.7872,2.7944,15.5365,0.0,0.0,1208,1494.0,0.0,0.0,8.58,8.56,0.0,0.0,90,56.0,0.0,0.0,one,RT,1
0,3949,9329,0,0,21.321,7.1942,13.2841,0.0,0.0,1855,1241.0,0.0,0.0,11.89,8.43,0.0,0.0,27,0.0,0.0,0.0,one,SR,1
0,1628,8194,0,0,27.6034,8.8345,17.7499,0.0,0.0,2735,1709.0,0.0,0.0,19.55,10.19,0.0,0.0,23,0.0,0.0,0.0,one,SR,1
98,3282,3907,0,0,20.2604,2.9803,16.7573,0.0,0.0,1177,2369.0,0.0,0.0,7.65,9.23,0.0,0.0,118,614.0,0.0,0.0,one,TR,1
0,4253,3664,0,0,26.2291,8.5916,16.6636,0.0,0.0,2048,1594.0,0.0,0.0,12.74,9.74,0.0,0.0,12,0.0,0.0,0.0,one,SR,1
170,1110,9830,0,0,24.791,3.3407,20.9951,0.0,0.0,1227,2594.0,0.0,0.0,8.79,9.55,0.0,0.0,52,524.0,0.0,0.0,one,RT,1
39,3773,6861,0,0,17.7877,3.356,13.9482,0.0,0.0,1484,1095.0,0.0,0.0,11.23,7.84,0.0,0.0,68,-115.0,0.0,0.0,one,TR,1
0,4406,9634,6571,0,31.6718,9.2921,10.723,10.5384,0.0,1583,848.0,819.0,0.0,6.56,5.62,5.56,0.0,53,8.0,0.0,0.0,many,SR,2
1,39,880,0,0,22.5638,3.2873,18.5837,0.0,0.0,1302,2782.0,0.0,0.0,7.44,10.93,0.0,0.0,201,727.0,0.0,0.0,one,RT,1
0,4447,8080,2272,0,37.1681,7.8956,17.4366,10.5286,0.0,2224,1494.0,878.0,0.0,11.59,7.46,5.61,0.0,264,10.0,43.0,0.0,many,SR,2
0,2335,4876,0,0,19.0642,6.1579,12.1063,0.0,0.0,1842,1120.0,0.0,0.0,12.14,8.0,0.0,0.0,71,0.0,0.0,0.0,one,SR,1
208,4836,3870,0,0,27.4311,3.0878,23.7969,0.0,0.0,1183,1958.0,0.0,0.0,7.5,9.46,0.0,0.0,125,-115.0,0.0,0.0,one,TR,1
0,2169,2367,0,0,24.5836,7.1419,16.4761,0.0,0.0,1801,1573.0,0.0,0.0,10.22,9.66,0.0,0.0,106,0.0,0.0,0.0,one,SR,1
266,344,4088,0,0,19.0176,3.1138,15.3581,0.0,0.0,1136,1605.0,0.0,0.0,7.02,8.46,0.0,0.0,123,157.0,0.0,0.0,one,TR,1
0,2255,7298,5016,0,38.2196,9.3851,14.4447,13.09,0.0,1410,1344.0,1063.0,0.0,3.11,6.74,6.25,0.0,158,108.0,0.0,0.0,many,SR,2
116,241,406,0,0,23.2839,1.48,21.3437,0.0,0.0,1346,2947.0,0.0,0.0,9.99,9.6,0.0,0.0,182,770.0,0.0,0.0,one,RT,1
0,3634,1088,0,0,22.4244,6.4403,15.0768,0.0,0.0,1608,1424.0,0.0,0.0,8.72,9.07,0.0,0.0,118,0.0,0.0,0.0,one,SR,1
10,4117,6354,2894,0,75.9112,5.8846,42.7312,26.3761,0.0,1226,2855.0,2875.0,0.0,4.6,10.6,9.6,0.0,163,-581.0,428.0,0.0,many,TR,2
233,1647,5729,2616,0,50.907,6.1247,21.5681,22.3414,0.0,1553,1614.0,1968.0,0.0,8.45,7.36,8.37,0.0,118,-129.0,38.0,0.0,many,RT,2
76,1767,2791,0,0,40.1144,4.6142,34.8561,0.0,0.0,2877,3105.0,0.0,0.0,24.41,11.44,0.0,0.0,81,12.0,0.0,0.0,one,TR,1
0,1282,7038,7037,0,28.7797,7.8955,9.9029,9.9029,0.0,1152,759.0,759.0,0.0,2.39,5.39,5.39,0.0,124,0.0,0.0,0.0,many,SR,2
0,347,284,0,0,26.759,7.7554,17.9749,0.0,0.0,2043,1734.0,0.0,0.0,12.19,10.29,0.0,0.0,103,0.0,0.0,0.0,one,SR,1
210,4719,1743,1742,0,61.3143,6.8026,26.7705,26.7705,0.0,1515,2706.0,2706.0,0.0,7.17,8.85,8.85,0.0,132,319.0,319.0,0.0,many,TR,2
0,431,6901,6531,0,39.1755,9.6013,13.6282,14.6238,0.0,1427,1152.0,1363.0,0.0,3.08,6.43,6.79,0.0,157,27.0,110.0,0.0,many,SR,2
0,2440,7333,3848,0,33.8213,9.0449,14.09,9.4978,0.0,2791,1165.0,815.0,0.0,18.61,6.53,5.36,0.0,113,5.0,68.0,0.0,many,SR,2
66,2614,8711,0,0,29.0369,2.5148,25.9647,0.0,0.0,1228,2988.0,0.0,0.0,7.88,10.57,0.0,0.0,171,481.0,0.0,0.0,one,TR,1
0,814,8107,4970,0,37.5852,9.55,12.7087,14.0577,0.0,1996,1029.0,1181.0,0.0,9.54,6.15,6.54,0.0,128,2.0,18.0,0.0,many,SR,2
157,71,8430,4547,0,30.7154,5.77,11.1219,13.04,0.0,1638,962.0,1107.0,0.0,10.15,6.93,6.9,0.0,88,-3.0,-1.0,0.0,many,RT,2
90,740,9918,9917,0,57.6501,5.956,25.3577,25.3577,0.0,2217,2437.0,2437.0,0.0,14.47,8.89,8.89,0.0,195,193.0,193.0,0.0,many,RT,2
184,2242,8315,587,0,41.6652,6.569,23.259,11.0546,0.0,1119,2238.0,1444.0,0.0,4.71,8.78,7.05,0.0,33,168.0,361.0,0.0,many,RT,2
0,3153,5052,5051,0,51.3471,9.9581,19.8737,19.8737,0.0,3378,1720.0,1720.0,0.0,20.69,8.21,8.21,0.0,329,0.0,0.0,0.0,many,SR,2
278,2211,7663,5860,0,60.7919,6.4943,22.9651,30.4781,0.0,1467,1524.0,2309.0,0.0,7.71,8.28,9.27,0.0,82,-330.0,-219.0,0.0,many,RT,2
0,4379,1596,0,0,19.3992,6.0231,12.5596,0.0,0.0,1615,1167.0,0.0,0.0,9.61,8.17,0.0,0.0,91,0.0,0.0,0.0,one,SR,1
0,3412,1378,1377,0,47.1583,12.3403,16.6862,16.6862,0.0,2243,1407.0,1407.0,0.0,10.54,7.23,7.23,0.0,46,0.0,0.0,0.0,many,SR,2
162,402,8136,223,222,83.0507,6.6893,19.3005,27.9041,27.9041,2683,2319.0,3065.0,3065.0,16.9,8.18,9.18,9.18,313,491.0,509.0,509.0,many,TR,3
0,439,8411,7809,0,33.3955,9.2837,9.4815,13.4655,0.0,1788,718.0,1119.0,0.0,8.29,5.28,6.37,0.0,82,0.0,14.0,0.0,many,SR,2
247,2145,7598,0,0,14.8179,2.3686,11.8286,0.0,0.0,1848,1604.0,0.0,0.0,13.82,8.21,0.0,0.0,220,372.0,0.0,0.0,one,RT,1
0,4611,9299,4051,4050,58.5273,14.7956,16.9254,12.4183,12.4183,1712,1712.0,999.0,999.0,0.25,7.55,6.07,6.07,200,200.0,0.0,0.0,many,SR,3
0,932,1991,1990,0,29.5662,8.907,9.7935,9.7935,0.0,2287,748.0,748.0,0.0,14.36,5.36,5.36,0.0,51,0.0,0.0,0.0,many,SR,2
281,2251,7364,4916,0,42.0797,8.9182,17.0153,15.1303,0.0,1727,1626.0,2011.0,0.0,8.99,8.64,7.52,0.0,16,67.0,533.0,0.0,many,RT,2
11,1627,9856,9226,269,101.2057,13.644,44.565,18.4591,22.9493,2317,3092.0,2136.0,2914.0,10.03,10.57,8.13,9.18,45,-504.0,402.0,677.0,many,RT,3
0,3868,6854,1525,0,36.1197,7.905,13.4715,13.4715,0.0,1509,1100.0,1100.0,0.0,4.4,6.36,6.36,0.0,242,0.0,0.0,0.0,many,SR,2
0,123,6014,2142,0,45.7135,12.0955,16.102,16.102,0.0,3106,1351.0,1351.0,0.0,19.89,7.07,7.07,0.0,43,0.0,0.0,0.0,many,SR,2
0,2149,4535,0,0,26.3653,8.2395,17.1327,0.0,0.0,2397,1643.0,0.0,0.0,16.23,9.93,0.0,0.0,48,0.0,0.0,0.0,one,SR,1
0,616,4101,1278,0,37.6256,10.0084,11.8428,14.5084,0.0,1331,944.0,1331.0,0.0,2.58,5.92,6.74,0.0,95,0.0,95.0,0.0,many,SR,2
79,717,7438,1383,0,37.4193,6.3242,14.6514,15.5993,0.0,1552,1555.0,2237.0,0.0,8.7,7.21,8.24,0.0,87,231.0,637.0,0.0,many,RT,2
165,4407,8255,0,0,39.3449,1.8554,36.9561,0.0,0.0,1309,3194.0,0.0,0.0,8.94,10.33,0.0,0.0,201,23.0,0.0,0.0,one,TR,1
0,314,9107,0,0,20.1478,6.8141,12.5186,0.0,0.0,1892,1163.0,0.0,0.0,12.53,8.15,0.0,0.0,36,0.0,0.0,0.0,one,SR,1
0,2155,822,0,0,35.722,11.0742,23.3929,0.0,0.0,3676,2311.0,0.0,0.0,27.3,12.55,0.0,0.0,15,0.0,0.0,0.0,one,SR,1
0,2667,2942,0,0,16.4846,6.3224,9.4581,0.0,0.0,1226,849.0,0.0,0.0,6.54,7.04,0.0,0.0,1,0.0,0.0,0.0,one,SR,1
178,4832,9330,0,0,17.1709,0.6082,16.1075,0.0,0.0,1478,1863.0,0.0,0.0,11.42,8.55,0.0,0.0,238,305.0,0.0,0.0,one,TR,1
0,4687,6078,2200,0,32.3827,9.4024,10.8181,11.0246,0.0,1166,898.0,866.0,0.0,2.0,5.68,5.7,0.0,57,37.0,0.0,0.0,many,SR,2
0,4526,2130,0,0,26.3393,8.352,16.9994,0.0,0.0,1902,1630.0,0.0,0.0,11.08,9.88,0.0,0.0,37,0.0,0.0,0.0,one,SR,1
0,4190,4994,2260,0,47.7413,11.9495,18.9171,15.3861,0.0,2459,1718.0,1299.0,0.0,12.42,8.0,6.89,0.0,99,65.0,12.0,0.0,many,SR,2
0,4565,2358,0,0,15.6914,5.5937,9.3957,0.0,0.0,2230,843.0,0.0,0.0,17.1,7.02,0.0,0.0,50,0.0,0.0,0.0,one,SR,1
92,4840,9094,3233,0,44.1345,7.3374,17.7607,18.0131,0.0,1578,1731.0,1583.0,0.0,7.36,8.17,8.06,0.0,128,131.0,11.0,0.0,many,RT,2
0,970,5565,0,0,21.6222,7.2185,13.5515,0.0,0.0,1696,1268.0,0.0,0.0,10.14,8.52,0.0,0.0,31,0.0,0.0,0.0,one,SR,1
104,2891,1780,0,0,38.6818,2.9126,35.2843,0.0,0.0,2525,2255.0,0.0,0.0,22.15,9.85,0.0,0.0,99,-569.0,0.0,0.0,one,TR,1
0,1127,9005,0,0,14.5117,5.5738,8.2765,0.0,0.0,1474,728.0,0.0,0.0,9.52,6.61,0.0,0.0,26,0.0,0.0,0.0,one,SR,1
0,1085,6949,3795,0,32.8841,7.608,12.0673,12.014,0.0,1703,977.0,960.0,0.0,7.13,5.99,5.96,0.0,215,8.0,0.0,0.0,many,SR,2
0,2508,6402,4903,0,33.2371,8.7565,10.4462,12.8473,0.0,1224,810.0,1224.0,0.0,2.17,5.54,6.34,0.0,132,0.0,132.0,0.0,many,SR,2
0,4216,71,0,0,25.4174,6.9884,17.4234,0.0,0.0,2053,1675.0,0.0,0.0,12.51,10.06,0.0,0.0,141,0.0,0.0,0.0,one,SR,1
0,2546,4147,0,0,15.2755,4.8964,9.6672,0.0,0.0,1551,871.0,0.0,0.0,9.88,7.12,0.0,0.0,103,0.0,0.0,0.0,one,SR,1
210,1320,6650,0,0,28.5746,1.0808,27.0319,0.0,0.0,1260,2381.0,0.0,0.0,9.07,9.62,0.0,0.0,210,13.0,0.0,0.0,one,RT,1
50,4414,8529,6789,0,23.4367,4.6424,9.1511,8.7446,0.0,1566,1131.0,919.0,0.0,8.36,6.66,6.33,0.0,235,254.0,135.0,0.0,many,RT,2
0,2578,7519,5715,0,45.6079,11.2397,15.1164,17.804,0.0,2413,1286.0,1609.0,0.0,12.31,6.83,7.65,0.0,122,21.0,66.0,0.0,many,SR,2
0,4441,5823,0,0,23.0696,6.7514,15.3973,0.0,0.0,2067,1459.0,0.0,0.0,13.42,9.21,0.0,0.0,105,0.0,0.0,0.0,one,SR,1
0,4179,2699,0,0,22.4928,6.114,15.4555,0.0,0.0,2199,1465.0,0.0,0.0,14.78,9.23,0.0,0.0,150,0.0,0.0,0.0,one,SR,1
0,1895,9375,0,0,18.6027,5.8622,11.9463,0.0,0.0,1726,1104.0,0.0,0.0,10.97,7.94,0.0,0.0,88,0.0,0.0,0.0,one,SR,1
0,2926,2815,2814,0,36.8608,9.3909,13.109,13.109,0.0,2281,1065.0,1065.0,0.0,12.68,6.26,6.26,0.0,128,0.0,0.0,0.0,many,SR,2
0,1529,3386,0,0,22.5356,6.1647,15.448,0.0,0.0,1708,1464.0,0.0,0.0,9.63,9.23,0.0,0.0,146,0.0,0.0,0.0,one,SR,1
0,4037,6744,0,0,14.5186,5.2892,8.5578,0.0,0.0,1568,757.0,0.0,0.0,10.42,6.72,0.0,0.0,52,0.0,0.0,0.0,one,SR,1
0,130,791,0,0,23.4204,7.4806,15.0339,0.0,0.0,1753,1420.0,0.0,0.0,10.25,9.06,0.0,0.0,46,0.0,0.0,0.0,one,SR,1
92,2925,6801,0,0,27.894,5.194,22.097,0.0,0.0,1184,1798.0,0.0,0.0,7.0,10.03,0.0,0.0,16,-172.0,0.0,0.0,one,RT,1
0,1083,6715,0,0,17.8794,6.0109,11.1046,0.0,0.0,1761,1018.0,0.0,0.0,11.62,7.64,0.0,0.0,59,0.0,0.0,0.0,one,SR,1
0,1435,7962,0,0,20.8559,7.249,12.7823,0.0,0.0,1408,1190.0,0.0,0.0,7.36,8.25,0.0,0.0,12,0.0,0.0,0.0,one,SR,1
0,2436,4326,2171,0,40.3989,9.5848,14.3043,15.1548,0.0,1493,1178.0,1451.0,0.0,3.48,6.58,6.97,0.0,178,-1.0,136.0,0.0,many,SR,2
195,2143,9712,0,0,30.5444,3.3487,26.7308,0.0,0.0,1805,2031.0,0.0,0.0,14.77,9.65,0.0,0.0,57,-238.0,0.0,0.0,one,RT,1
0,2575,1580,0,0,20.2836,6.1429,13.2976,0.0,0.0,1957,1242.0,0.0,0.0,12.96,8.43,0.0,0.0,99,0.0,0.0,0.0,one,SR,1
208,1990,1264,364,0,33.8214,8.2103,13.0484,11.6266,0.0,1179,1278.0,1451.0,0.0,3.96,7.88,6.48,0.0,15,73.0,366.0,0.0,many,RT,2
0,4689,9859,6245,0,33.9854,8.5186,14.5484,9.7082,0.0,1619,1202.0,883.0,0.0,6.11,6.65,5.45,0.0,162,0.0,102.0,0.0,many,SR,2
51,642,3627,0,0,38.5039,5.4736,32.0525,0.0,0.0,3013,3787.0,0.0,0.0,22.84,13.78,0.0,0.0,227,558.0,0.0,0.0,one,TR,1
160,2742,798,0,0,44.3935,4.5008,39.3392,0.0,0.0,1361,3189.0,0.0,0.0,9.31,10.54,0.0,0.0,33,-129.0,0.0,0.0,one,RT,1
246,3597,8137,1092,0,37.3624,6.2201,18.4645,11.7429,0.0,1608,1644.0,1460.0,0.0,8.47,7.66,6.69,0.0,150,54.0,355.0,0.0,many,RT,2
0,2669,7399,6073,0,36.4489,9.6719,10.802,14.7303,0.0,1366,844.0,1366.0,0.0,3.14,5.63,6.81,0.0,105,0.0,105.0,0.0,many,SR,2
0,1992,2827,108,0,38.1568,7.497,14.6266,14.6959,0.0,1984,1224.0,1217.0,0.0,8.8,6.68,6.69,0.0,310,10.0,0.0,0.0,many,SR,2
0,2222,9745,0,0,20.9434,6.4581,13.6299,0.0,0.0,1600,1277.0,0.0,0.0,9.1,8.55,0.0,0.0,85,0.0,0.0,0.0,one,SR,1
210,1144,3060,0,0,12.714,3.4056,8.8503,0.0,0.0,1079,1129.0,0.0,0.0,7.21,7.58,0.0,0.0,49,217.0,0.0,0.0,one,TR,1
0,3913,7000,0,0,15.6302,6.1073,8.841,0.0,0.0,1551,786.0,0.0,0.0,10.15,6.82,0.0,0.0,2,0.0,0.0,0.0,one,SR,1
50,4168,6965,6254,0,42.9783,5.9314,20.7276,15.5534,0.0,1085,2051.0,1695.0,0.0,4.5,7.92,7.74,0.0,66,220.0,255.0,0.0,many,RT,2
277,4344,1295,976,0,49.9491,5.231,14.3235,29.578,0.0,1220,1857.0,3413.0,0.0,5.46,7.2,8.97,0.0,145,480.0,690.0,0.0,many,RT,2
0,475,7357,2756,0,33.6051,6.6688,12.8493,12.8493,0.0,2172,1040.0,1040.0,0.0,11.67,6.19,6.19,0.0,305,0.0,0.0,0.0,many,SR,2
0,321,3642,0,0,18.6291,5.5565,12.2666,0.0,0.0,1547,1137.0,0.0,0.0,8.99,8.06,0.0,0.0,116,0.0,0.0,0.0,one,SR,1
0,1365,6490,6489,0,32.9023,7.8932,11.9112,11.9112,0.0,1673,950.0,950.0,0.0,6.89,5.93,5.93,0.0,190,0.0,0.0,0.0,many,SR,2
26,1184,6012,3875,2997,111.6973,9.8319,28.3709,35.9389,35.9389,2637,2780.0,2608.0,2608.0,13.14,9.22,10.47,10.47,322,263.0,-373.0,-373.0,many,RT,3
0,2387,7212,7211,2536,88.9274,22.5235,19.7011,19.7011,24.4063,2338,1703.0,1703.0,2199.0,1.19,8.15,8.15,9.64,57,0.0,0.0,23.0,many,SR,3
89,2070,2884,465,0,85.9545,7.2584,41.2034,36.401,0.0,2541,3373.0,3248.0,0.0,16.86,10.36,10.55,0.0,175,-86.0,83.0,0.0,many,RT,2
0,4523,9152,8608,8020,81.932,20.4758,24.191,17.3216,17.4788,2310,2310.0,1468.0,1562.0,2.07,9.7,7.41,7.54,117,117.0,0.0,55.0,many,SR,3
15,2071,9404,1398,1104,75.3944,6.3585,20.3937,20.309,27.0179,2616,2429.0,2392.0,2672.0,15.63,8.35,8.42,8.38,374,502.0,475.0,306.0,many,TR,3
89,1185,9386,8560,0,68.9275,2.7561,19.7797,45.6422,0.0,2526,2719.0,3812.0,0.0,19.78,8.74,10.76,0.0,272,736.0,-28.0,0.0,many,TR,2
4,3155,6238,4649,0,69.32,7.1212,22.0318,39.1322,0.0,2038,2513.0,2815.0,0.0,12.09,9.17,10.17,0.0,150,425.0,-381.0,0.0,many,TR,2
184,3395,9320,8124,7686,68.3407,9.7281,17.4553,18.5028,21.4997,1598,1921.0,2413.0,2174.0,6.39,7.09,7.73,7.73,46,355.0,634.0,280.0,many,RT,3
272,3933,8938,4381,0,61.0013,8.5596,27.731,23.7335,0.0,1501,2242.0,2758.0,0.0,6.97,9.3,8.47,0.0,16,-115.0,554.0,0.0,many,RT,2
0,3646,6005,2056,0,61.5834,15.2684,23.8622,20.6552,0.0,2272,2199.0,1797.0,0.0,7.68,9.52,8.45,0.0,62,61.0,0.0,0.0,many,SR,2
120,4712,9262,3374,0,61.3875,5.13,21.4227,33.9463,0.0,1419,2162.0,3408.0,0.0,6.9,8.75,10.14,0.0,196,217.0,369.0,0.0,many,TR,2
190,770,9690,8002,0,53.7714,5.0655,25.688,22.2156,0.0,2489,3152.0,2511.0,0.0,18.91,8.95,9.07,0.0,147,715.0,419.0,0.0,many,RT,2
67,2800,6790,351,0,63.7195,10.4829,25.4942,26.4639,0.0,3316,3042.0,2990.0,0.0,23.31,10.39,10.39,0.0,70,560.0,465.0,0.0,many,TR,2
0,4035,4764,141,0,54.2623,9.6606,21.4082,21.4542,0.0,2917,1871.0,1887.0,0.0,14.98,8.68,8.71,0.0,409,0.0,8.0,0.0,many,SR,2
0,223,5732,3240,470,64.4506,15.1196,18.2626,12.0518,16.8497,1844,1627.0,1303.0,1844.0,-0.14,7.77,6.25,7.66,299,47.0,243.0,299.0,many,SR,3
184,4250,6397,4297,0,51.5148,8.2619,24.0299,18.2555,0.0,1438,2561.0,2372.0,0.0,6.39,9.04,8.63,0.0,31,355.0,565.0,0.0,many,RT,2
0,60,6786,5577,5280,50.7234,14.8648,12.1338,10.7392,11.2476,1270,994.0,838.0,885.0,-2.31,6.01,5.62,5.75,53,16.0,0.0,-1.0,many,SR,3
231,2773,3713,1325,0,49.9857,6.8567,20.5574,21.4995,0.0,1364,1999.0,2771.0,0.0,4.67,9.16,8.56,0.0,191,119.0,687.0,0.0,many,RT,2
0,669,9701,3754,0,59.0877,13.1493,22.08,22.08,0.0,4535,1937.0,1937.0,0.0,31.61,8.89,8.89,0.0,195,0.0,0.0,0.0,many,SR,2
10,1759,9398,8018,0,47.9274,8.5745,20.38,17.8727,0.0,1215,2161.0,2350.0,0.0,2.86,8.74,8.26,0.0,91,276.0,591.0,0.0,many,RT,2
0,436,7817,1026,0,48.2571,10.9999,17.8824,17.8576,0.0,3109,1524.0,1521.0,0.0,18.99,7.59,7.58,0.0,181,0.0,0.0,0.0,many,SR,2
0,4310,5029,2352,0,47.3291,9.8008,18.0017,18.0017,0.0,2699,1535.0,1535.0,0.0,14.61,7.63,7.63,0.0,268,0.0,0.0,0.0,many,SR,2
0,3590,5252,3335,0,46.5583,12.5601,12.856,19.7061,0.0,2371,1041.0,1719.0,0.0,11.97,6.19,8.17,0.0,25,0.0,11.0,0.0,many,SR,2
278,3624,5491,2079,0,49.477,6.2012,25.2165,17.1976,0.0,1571,2286.0,1429.0,0.0,8.74,8.31,7.31,0.0,106,119.0,-17.0,0.0,many,TR,2
136,1209,6158,2742,0,44.9927,6.7823,19.2088,18.0942,0.0,1150,2677.0,2183.0,0.0,3.91,8.38,7.7,0.0,95,757.0,484.0,0.0,many,RT,2
0,156,5805,676,0,48.2917,9.3126,18.7147,18.688,0.0,2054,1688.0,1603.0,0.0,7.38,7.92,7.84,0.0,333,58.0,0.0,0.0,many,SR,2
11,1934,8297,0,0,49.1981,8.1818,39.8931,0.0,0.0,2081,4858.0,0.0,0.0,11.74,16.23,0.0,0.0,132,784.0,0.0,0.0,one,RT,1
0,3073,8441,2676,0,53.6924,13.0284,23.722,15.3155,0.0,2842,2103.0,1279.0,0.0,15.2,9.41,6.86,0.0,110,3.0,2.0,0.0,many,SR,2
0,2188,7454,7453,0,47.9868,10.2682,18.0936,18.0936,0.0,1807,1545.0,1545.0,0.0,5.19,7.66,7.66,0.0,240,0.0,0.0,0.0,many,SR,2
0,2759,5854,4457,0,42.0927,11.3397,15.037,14.3734,0.0,1357,1302.0,1186.0,0.0,2.17,6.82,6.6,0.0,51,38.0,0.0,0.0,many,SR,2
0,4408,5217,0,0,50.3057,12.1587,36.3503,0.0,0.0,4836,3693.0,0.0,0.0,34.61,17.97,0.0,0.0,274,0.0,0.0,0.0,one,SR,1
0,3414,1432,0,0,47.801,13.8796,32.2945,0.0,0.0,3673,3260.0,0.0,0.0,23.92,16.27,0.0,0.0,52,0.0,0.0,0.0,one,SR,1
0,3267,330,329,0,48.9846,11.1708,18.14,18.14,0.0,1940,1549.0,1549.0,0.0,6.57,7.67,7.67,0.0,180,0.0,0.0,0.0,many,SR,2
0,234,4802,82,0,38.1153,8.724,15.3399,12.7466,0.0,1470,1311.0,1030.0,0.0,3.69,6.89,6.16,0.0,206,24.0,0.0,0.0,many,SR,2
277,213,5635,5613,0,41.7152,6.7517,12.2504,21.7972,0.0,1454,1557.0,1764.0,0.0,7.02,7.1,8.06,0.0,102,376.0,-68.0,0.0,many,RT,2
0,3513,9660,6693,0,44.7148,8.4974,17.4498,17.2816,0.0,2641,1481.0,1465.0,0.0,14.36,7.46,7.4,0.0,333,0.0,0.0,0.0,many,SR,2
260,142,909,769,0,37.349,5.431,14.681,16.3163,0.0,1887,2013.0,2002.0,0.0,11.53,7.6,7.6,0.0,195,555.0,453.0,0.0,many,RT,2
118,1975,7422,5294,4641,101.765,11.579,38.9098,29.3149,20.4362,2981,2698.0,3329.0,1968.0,17.57,10.33,10.63,8.28,147,-467.0,546.0,152.0,many,RT,3
0,2053,9626,0,0,41.3498,12.4298,27.4938,0.0,0.0,4311,2748.0,0.0,0.0,32.43,14.26,0.0,0.0,28,0.0,0.0,0.0,one,SR,1
50,4424,9500,6408,6380,64.4875,11.7694,22.4069,9.1416,19.7423,1733,2835.0,875.0,1658.0,5.35,10.41,5.93,6.93,74,578.0,101.0,33.0,many,RT,3
0,936,3381,396,0,36.1418,7.3721,13.8094,13.6741,0.0,2325,1134.0,1119.0,0.0,12.84,6.45,6.41,0.0,287,2.0,0.0,0.0,many,SR,2
0,4964,7908,0,0,35.8087,8.6905,25.7641,0.0,0.0,3103,2564.0,0.0,0.0,20.39,13.54,0.0,0.0,239,0.0,0.0,0.0,one,SR,1
0,4422,9023,7111,0,35.1113,10.3753,11.7781,11.7781,0.0,1984,938.0,938.0,0.0,10.21,5.9,5.9,0.0,17,0.0,0.0,0.0,many,SR,2
0,1502,6991,4776,0,34.1713,8.748,10.4404,13.7687,0.0,1336,810.0,1336.0,0.0,3.1,5.54,6.61,0.0,149,0.0,149.0,0.0,many,SR,2
0,3668,3011,0,0,39.4945,11.0943,26.9948,0.0,0.0,3417,2695.0,0.0,0.0,23.23,14.05,0.0,0.0,106,0.0,0.0,0.0,one,SR,1
1,480,7958,0,0,33.1073,4.0568,28.2813,0.0,0.0,1320,3112.0,0.0,0.0,6.94,12.69,0.0,0.0,196,322.0,0.0,0.0,one,RT,1
0,4024,2080,1479,0,32.9918,7.0812,13.3249,11.3449,0.0,1790,1410.0,956.0,0.0,7.63,6.58,5.83,0.0,279,232.0,43.0,0.0,many,SR,2
0,3931,7295,2818,0,32.6923,9.7806,10.8927,10.8876,0.0,2780,852.0,852.0,0.0,19.01,5.66,5.66,0.0,28,-1.0,0.0,0.0,many,SR,2
95,2082,5959,5012,0,59.5108,7.3759,28.3619,22.812,0.0,2020,2851.0,2311.0,0.0,12.56,9.42,8.19,0.0,87,306.0,283.0,0.0,many,RT,2
0,4271,4548,3316,0,31.5378,9.8348,10.3006,10.3025,0.0,1321,797.0,797.0,0.0,3.97,5.5,5.5,0.0,5,0.0,0.0,0.0,many,SR,2
0,3517,1263,383,0,54.8059,12.0767,23.2928,17.7365,0.0,2863,2258.0,1510.0,0.0,14.76,9.45,7.55,0.0,220,143.0,0.0,0.0,many,SR,2
184,4924,4009,574,327,94.8785,13.6857,25.6917,27.6407,26.1312,1850,2593.0,3526.0,2987.0,3.86,9.69,10.8,10.81,128,247.0,782.0,458.0,many,RT,3
260,3627,8544,6569,0,53.572,3.9155,23.5455,25.3325,0.0,1295,2061.0,2717.0,0.0,6.59,8.13,8.65,0.0,211,54.0,421.0,0.0,many,TR,2
0,4727,7721,7720,0,35.0084,8.4704,12.6552,12.6552,0.0,1332,1022.0,1022.0,0.0,2.94,6.14,6.14,0.0,176,0.0,0.0,0.0,many,SR,2
0,3472,8528,6981,0,30.7635,7.4587,12.1189,10.0304,0.0,2032,1142.0,771.0,0.0,10.94,6.13,5.43,0.0,201,123.0,0.0,0.0,many,SR,2
0,3834,2116,2115,0,30.4998,8.7405,10.3291,10.3291,0.0,2228,799.0,799.0,0.0,13.48,5.51,5.51,0.0,80,0.0,0.0,0.0,many,SR,2
0,2776,6425,6424,0,38.2192,9.9185,13.5134,13.5134,0.0,1434,1104.0,1104.0,0.0,3.59,6.37,6.37,0.0,106,0.0,0.0,0.0,many,SR,2
0,304,9647,8158,0,35.5188,7.4947,11.3556,15.3917,0.0,1691,909.0,1403.0,0.0,6.26,5.79,6.97,0.0,273,8.0,86.0,0.0,many,SR,2
0,4884,3975,0,0,32.9884,7.4863,24.2126,0.0,0.0,2912,2399.0,0.0,0.0,18.97,12.89,0.0,0.0,281,0.0,0.0,0.0,one,SR,1
0,110,9484,0,0,33.0906,6.5216,25.2369,0.0,0.0,2903,2508.0,0.0,0.0,18.49,13.32,0.0,0.0,373,0.0,0.0,0.0,one,SR,1
0,1980,1453,1080,0,28.8409,7.8088,10.6332,9.3052,0.0,1150,870.0,809.0,0.0,2.23,5.62,5.32,0.0,139,30.0,77.0,0.0,many,SR,2
263,4132,6785,0,0,28.2295,3.2167,24.4373,0.0,0.0,1627,3444.0,0.0,0.0,11.9,10.75,0.0,0.0,134,906.0,0.0,0.0,one,TR,1
0,4657,5606,525,0,28.5943,6.4215,10.5936,10.4671,0.0,2028,825.0,812.0,0.0,11.29,5.58,5.54,0.0,245,0.0,0.0,0.0,many,SR,2
0,2289,8927,5207,0,35.6041,9.3372,9.6372,15.4087,0.0,2469,742.0,1287.0,0.0,14.94,5.33,6.88,0.0,113,6.0,2.0,0.0,many,SR,2
0,1913,9954,3236,0,28.0816,7.0661,9.1717,10.7411,0.0,1224,960.0,838.0,0.0,2.93,5.41,5.62,0.0,195,194.0,0.0,0.0,many,SR,2
0,2623,91,0,0,33.0992,9.5537,22.3348,0.0,0.0,3039,2198.0,0.0,0.0,21.01,12.11,0.0,0.0,92,0.0,0.0,0.0,one,SR,1
0,3438,9558,5671,0,27.4513,5.3336,10.4005,10.6054,0.0,2151,806.0,842.0,0.0,12.58,5.53,5.59,0.0,319,0.0,12.0,0.0,many,SR,2
0,2544,420,0,0,26.3937,8.7367,16.6824,0.0,0.0,2504,1596.0,0.0,0.0,17.52,9.75,0.0,0.0,3,0.0,0.0,0.0,one,SR,1
31,2408,4990,0,0,31.3575,5.9304,24.7594,0.0,0.0,1787,2709.0,0.0,0.0,12.75,10.68,0.0,0.0,6,332.0,0.0,0.0,one,TR,1
213,719,1774,0,0,25.5036,3.8405,21.204,0.0,0.0,1255,3065.0,0.0,0.0,9.05,9.59,0.0,0.0,20,869.0,0.0,0.0,one,TR,1
38,2821,8554,6148,0,75.5013,7.2899,16.5514,50.8192,0.0,1141,1881.0,3011.0,0.0,4.41,7.52,10.89,0.0,19,352.0,-942.0,0.0,many,RT,2
0,3439,8921,6951,0,43.2347,9.1909,17.7843,14.804,0.0,2314,1816.0,1228.0,0.0,11.2,7.84,6.72,0.0,267,214.0,1.0,0.0,many,SR,2
0,1088,9331,0,0,25.971,8.1246,16.8644,0.0,0.0,2314,1615.0,0.0,0.0,15.46,9.82,0.0,0.0,49,0.0,0.0,0.0,one,SR,1
265,4566,4440,0,0,25.5893,4.4649,20.5196,0.0,0.0,1138,1900.0,0.0,0.0,6.51,9.05,0.0,0.0,67,52.0,0.0,0.0,one,RT,1
0,430,3066,0,0,24.9888,8.3931,15.6638,0.0,0.0,1893,1487.0,0.0,0.0,11.49,9.32,0.0,0.0,0,0.0,0.0,0.0,one,SR,1
0,195,7451,428,0,42.9043,11.0363,12.4916,17.9921,0.0,1672,1006.0,1672.0,0.0,5.1,6.09,7.75,0.0,97,0.0,97.0,0.0,many,SR,2
0,2085,5457,0,0,24.7853,7.9296,15.9132,0.0,0.0,2245,1514.0,0.0,0.0,15.09,9.42,0.0,0.0,38,0.0,0.0,0.0,one,SR,1
0,2362,4321,0,0,24.4136,7.296,16.1646,0.0,0.0,1874,1541.0,0.0,0.0,11.1,9.53,0.0,0.0,88,0.0,0.0,0.0,one,SR,1
120,143,8736,4266,0,77.6662,6.6319,18.3158,51.7692,0.0,1630,2508.0,3032.0,0.0,8.57,7.76,10.73,0.0,131,715.0,-972.0,0.0,many,RT,2
0,352,5955,5074,0,27.8232,5.892,10.331,10.4947,0.0,2009,799.0,815.0,0.0,11.14,5.51,5.55,0.0,277,0.0,0.0,0.0,many,SR,2
18,2918,3840,0,0,23.777,1.7703,21.5405,0.0,0.0,1265,1973.0,0.0,0.0,9.09,8.66,0.0,0.0,166,71.0,0.0,0.0,one,RT,1
0,4919,4092,0,0,23.9868,4.7313,18.217,0.0,0.0,3185,1759.0,0.0,0.0,24.1,10.39,0.0,0.0,315,0.0,0.0,0.0,one,SR,1
0,3110,6180,0,0,30.6968,6.8112,22.6612,0.0,0.0,2563,2233.0,0.0,0.0,15.89,12.24,0.0,0.0,287,0.0,0.0,0.0,one,SR,1
213,4439,9689,8250,0,36.4688,6.0855,13.5428,15.9451,0.0,1838,1318.0,2117.0,0.0,11.24,6.9,8.05,0.0,135,131.0,536.0,0.0,many,RT,2
72,2122,4060,2146,0,41.8047,6.4541,15.9007,18.6877,0.0,1553,1871.0,1940.0,0.0,9.45,6.81,7.81,0.0,28,422.0,258.0,0.0,many,RT,2
0,3321,5840,0,0,31.0476,7.6194,22.2223,0.0,0.0,3154,2186.0,0.0,0.0,22.26,12.06,0.0,0.0,221,0.0,0.0,0.0,one,SR,1
238,2715,2507,0,0,22.6484,3.6713,18.4892,0.0,0.0,1527,2239.0,0.0,0.0,11.64,8.88,0.0,0.0,49,436.0,0.0,0.0,one,TR,1
0,265,8175,0,0,23.0139,4.6145,17.3954,0.0,0.0,2111,1671.0,0.0,0.0,13.13,10.04,0.0,0.0,302,0.0,0.0,0.0,one,SR,1
186,528,7153,0,0,26.4932,5.2593,20.5442,0.0,0.0,1680,2323.0,0.0,0.0,11.43,9.9,0.0,0.0,65,324.0,0.0,0.0,one,TR,1
40,386,2247,1138,0,68.9847,7.9011,39.7977,20.4089,0.0,1687,4142.0,1923.0,0.0,9.82,10.39,8.39,0.0,0,579.0,114.0,0.0,many,TR,2
0,2738,7143,0,0,22.6842,5.5608,16.1703,0.0,0.0,1892,1541.0,0.0,0.0,11.29,9.53,0.0,0.0,206,0.0,0.0,0.0,one,SR,1
0,2722,8382,0,0,31.5931,9.0872,21.3368,0.0,0.0,3112,2092.0,0.0,0.0,22.15,11.69,0.0,0.0,98,0.0,0.0,0.0,one,SR,1
0,2932,4915,0,0,22.0482,6.4903,14.665,0.0,0.0,2185,1383.0,0.0,0.0,14.91,8.93,0.0,0.0,106,0.0,0.0,0.0,one,SR,1
25,3983,3572,0,0,26.0039,4.9085,20.4687,0.0,0.0,1366,2776.0,0.0,0.0,8.7,11.27,0.0,0.0,50,595.0,0.0,0.0,one,RT,1
0,3530,3184,2411,0,32.0064,9.1854,10.2745,11.4154,0.0,1457,795.0,929.0,0.0,5.12,5.49,5.82,0.0,68,1.0,19.0,0.0,many,SR,2
0,2674,1,0,0,21.6493,6.691,14.0867,0.0,0.0,1972,1323.0,0.0,0.0,12.86,8.72,0.0,0.0,79,0.0,0.0,0.0,one,SR,1
0,4663,7305,4541,0,36.4356,9.3566,14.7675,11.0636,0.0,1475,1307.0,869.0,0.0,4.26,6.78,5.7,0.0,128,60.0,0.0,0.0,many,SR,2
252,194,1487,0,0,27.4581,6.6763,20.0207,0.0,0.0,1510,2864.0,0.0,0.0,9.01,11.61,0.0,0.0,12,668.0,0.0,0.0,one,TR,1
263,2609,2164,0,0,25.1022,5.4014,19.1014,0.0,0.0,2178,2688.0,0.0,0.0,17.47,9.99,0.0,0.0,0,679.0,0.0,0.0,one,TR,1
275,3332,8550,0,0,21.0565,3.5124,16.957,0.0,0.0,1342,2361.0,0.0,0.0,8.81,8.87,0.0,0.0,121,617.0,0.0,0.0,one,RT,1
0,2510,1392,0,0,26.1832,6.5191,18.6091,0.0,0.0,2153,1801.0,0.0,0.0,13.11,10.55,0.0,0.0,203,0.0,0.0,0.0,one,SR,1
246,1197,9220,0,0,26.3529,6.0094,19.6758,0.0,0.0,1719,2970.0,0.0,0.0,12.04,10.68,0.0,0.0,0,822.0,0.0,0.0,one,RT,1
257,1408,9067,7755,0,39.7568,5.3461,19.016,14.5361,0.0,1506,1794.0,2084.0,0.0,8.09,7.98,8.61,0.0,163,119.0,560.0,0.0,many,RT,2
165,1132,1018,0,0,20.497,5.1009,14.792,0.0,0.0,1066,2137.0,0.0,0.0,5.76,9.04,0.0,0.0,23,561.0,0.0,0.0,one,RT,1
0,2317,8014,0,0,25.169,8.0066,16.2078,0.0,0.0,1941,1545.0,0.0,0.0,11.79,9.55,0.0,0.0,40,0.0,0.0,0.0,one,SR,1
281,473,1256,0,0,20.3729,4.1402,15.5222,0.0,0.0,1565,2338.0,0.0,0.0,10.04,10.1,0.0,0.0,154,611.0,0.0,0.0,one,TR,1
181,171,2089,0,0,19.796,3.9695,15.355,0.0,0.0,1725,2123.0,0.0,0.0,13.87,7.72,0.0,0.0,19,594.0,0.0,0.0,one,TR,1
0,4198,6104,5734,0,31.9906,6.9829,13.6902,10.1051,0.0,1803,1426.0,801.0,0.0,8.02,6.66,5.46,0.0,268,219.0,17.0,0.0,many,SR,2
0,18,30,0,0,19.9933,7.1781,12.0184,0.0,0.0,1111,1111.0,0.0,0.0,4.49,7.97,0.0,0.0,0,0.0,0.0,0.0,one,SR,1
127,2955,8724,0,0,19.6871,1.634,17.5571,0.0,0.0,1429,2289.0,0.0,0.0,10.54,8.96,0.0,0.0,193,523.0,0.0,0.0,one,TR,1
0,2826,4860,0,0,27.723,8.5239,18.1625,0.0,0.0,3288,1754.0,0.0,0.0,25.19,10.37,0.0,0.0,55,0.0,0.0,0.0,one,SR,1
0,4058,7442,0,0,27.9702,8.6523,18.2771,0.0,0.0,2336,1765.0,0.0,0.0,15.16,10.41,0.0,0.0,49,0.0,0.0,0.0,one,SR,1
0,1630,4823,0,0,24.9307,7.9461,16.0371,0.0,0.0,1805,1527.0,0.0,0.0,10.42,9.48,0.0,0.0,40,0.0,0.0,0.0,one,SR,1
0,754,9631,2305,0,46.6308,8.8506,19.4836,16.7632,0.0,2339,1681.0,1414.0,0.0,10.76,8.09,7.25,0.0,338,0.0,0.0,0.0,many,SR,2
0,3187,2357,0,0,19.6455,4.5859,14.1843,0.0,0.0,1970,1333.0,0.0,0.0,12.81,8.75,0.0,0.0,225,0.0,0.0,0.0,one,SR,1
21,52,7282,0,0,19.2325,2.9264,15.7745,0.0,0.0,1407,2388.0,0.0,0.0,9.99,9.32,0.0,0.0,127,680.0,0.0,0.0,one,TR,1
0,2148,2220,0,0,24.9544,6.7444,17.2134,0.0,0.0,2228,1652.0,0.0,0.0,14.42,9.97,0.0,0.0,152,0.0,0.0,0.0,one,SR,1
0,73,1754,0,0,22.9704,7.8464,14.2467,0.0,0.0,2040,1339.0,0.0,0.0,13.52,8.77,0.0,0.0,4,0.0,0.0,0.0,one,SR,1
0,1210,1361,292,0,30.4435,7.879,10.3006,11.1396,0.0,1315,797.0,899.0,0.0,3.69,5.5,5.74,0.0,153,0.0,16.0,0.0,many,SR,2
238,2994,5952,0,0,18.6135,3.541,14.5366,0.0,0.0,1111,1417.0,0.0,0.0,6.84,8.36,0.0,0.0,88,66.0,0.0,0.0,one,TR,1
0,1474,6296,0,0,18.8676,5.9816,12.0868,0.0,0.0,1542,1118.0,0.0,0.0,9.0,7.99,0.0,0.0,83,0.0,0.0,0.0,one,SR,1
0,2068,4670,0,0,27.3566,8.8611,17.4872,0.0,0.0,2675,1682.0,0.0,0.0,19.01,10.08,0.0,0.0,15,0.0,0.0,0.0,one,SR,1
0,2883,2772,0,0,18.6776,6.6815,11.2277,0.0,0.0,1047,1031.0,0.0,0.0,4.08,7.68,0.0,0.0,16,0.0,0.0,0.0,one,SR,1
0,106,9055,0,0,18.5028,6.2821,11.4444,0.0,0.0,1897,1053.0,0.0,0.0,12.93,7.76,0.0,0.0,48,0.0,0.0,0.0,one,SR,1
0,2272,7632,0,0,18.5413,3.6291,14.0419,0.0,0.0,1825,1319.0,0.0,0.0,11.33,8.7,0.0,0.0,287,0.0,0.0,0.0,one,SR,1
0,2431,2751,0,0,25.1939,6.7456,17.4423,0.0,0.0,2310,1676.0,0.0,0.0,15.2,10.06,0.0,0.0,158,0.0,0.0,0.0,one,SR,1
233,4708,6966,3887,0,33.5548,4.0054,12.9003,15.7904,0.0,1681,1791.0,2090.0,0.0,9.92,7.31,7.28,0.0,254,505.0,569.0,0.0,many,RT,2
0,4079,9467,774,0,34.8308,7.9296,10.2581,15.3929,0.0,1516,791.0,1454.0,0.0,4.67,5.49,7.02,0.0,227,-1.0,122.0,0.0,many,SR,2
0,2029,7904,0,0,18.3939,3.3647,14.155,0.0,0.0,2115,1330.0,0.0,0.0,14.34,8.74,0.0,0.0,307,0.0,0.0,0.0,one,SR,1
0,1158,4843,0,0,18.2363,6.5019,10.9755,0.0,0.0,1575,1004.0,0.0,0.0,9.71,7.59,0.0,0.0,23,0.0,0.0,0.0,one,SR,1
0,3289,2180,367,0,39.8006,8.9506,12.3831,17.1099,0.0,1762,996.0,1618.0,0.0,6.29,6.06,7.51,0.0,223,0.0,121.0,0.0,many,SR,2
0,2612,7922,0,0,18.2553,4.0457,13.3641,0.0,0.0,1664,1249.0,0.0,0.0,9.86,8.46,0.0,0.0,243,0.0,0.0,0.0,one,SR,1
79,4060,8008,0,0,17.6575,2.5668,14.599,0.0,0.0,1198,1584.0,0.0,0.0,8.15,7.92,0.0,0.0,127,215.0,0.0,0.0,one,RT,1
0,3157,4908,2003,0,32.8568,7.9128,13.6703,10.0884,0.0,1242,1119.0,776.0,0.0,2.37,6.41,5.44,0.0,188,0.0,0.0,0.0,many,SR,2
0,2144,5926,0,0,17.9066,5.9674,11.1729,0.0,0.0,1802,1025.0,0.0,0.0,12.02,7.66,0.0,0.0,64,0.0,0.0,0.0,one,SR,1
0,4440,7587,0,0,23.9165,7.0318,15.9415,0.0,0.0,1937,1516.0,0.0,0.0,11.85,9.43,0.0,0.0,100,0.0,0.0,0.0,one,SR,1
0,2165,519,0,0,17.6628,6.0088,10.8976,0.0,0.0,1670,997.0,0.0,0.0,10.73,7.56,0.0,0.0,55,0.0,0.0,0.0,one,SR,1
0,4764,8540,0,0,17.5963,6.0801,10.7647,0.0,0.0,2168,983.0,0.0,0.0,16.0,7.51,0.0,0.0,47,0.0,0.0,0.0,one,SR,1
0,946,1152,0,0,17.6692,4.0547,12.7899,0.0,0.0,2234,1190.0,0.0,0.0,16.04,8.25,0.0,0.0,230,0.0,0.0,0.0,one,SR,1
0,1711,3030,0,0,17.3603,5.7208,10.8838,0.0,0.0,1166,995.0,0.0,0.0,5.44,7.56,0.0,0.0,74,0.0,0.0,0.0,one,SR,1
0,4116,4921,0,0,22.0174,4.7885,16.2716,0.0,0.0,2274,1552.0,0.0,0.0,15.26,9.57,0.0,0.0,261,0.0,0.0,0.0,one,SR,1
0,2205,1507,0,0,17.2475,5.768,10.7294,0.0,0.0,1142,979.0,0.0,0.0,5.24,7.5,0.0,0.0,67,0.0,0.0,0.0,one,SR,1
0,3051,5929,0,0,17.0708,6.1978,10.1438,0.0,0.0,1296,920.0,0.0,0.0,7.05,7.29,0.0,0.0,25,0.0,0.0,0.0,one,SR,1
277,2432,9646,0,0,16.9131,4.1678,12.1666,0.0,0.0,1104,1633.0,0.0,0.0,6.38,8.79,0.0,0.0,71,342.0,0.0,0.0,one,RT,1
0,3926,5,0,0,16.9396,5.2597,10.9228,0.0,0.0,1530,999.0,0.0,0.0,9.25,7.57,0.0,0.0,106,0.0,0.0,0.0,one,SR,1
0,1150,3635,0,0,23.4888,7.9132,14.6824,0.0,0.0,2929,1384.0,0.0,0.0,22.72,8.93,0.0,0.0,9,0.0,0.0,0.0,one,SR,1
72,3550,3262,0,0,23.4627,6.5742,16.131,0.0,0.0,2213,2134.0,0.0,0.0,16.42,10.58,0.0,0.0,17,394.0,0.0,0.0,one,TR,1
0,2355,8198,0,0,16.8242,5.559,10.5225,0.0,0.0,1207,958.0,0.0,0.0,5.99,7.43,0.0,0.0,77,0.0,0.0,0.0,one,SR,1
0,266,6004,0,0,22.6753,6.531,15.2304,0.0,0.0,1837,1441.0,0.0,0.0,11.06,9.14,0.0,0.0,116,0.0,0.0,0.0,one,SR,1
0,3859,6818,2254,0,37.2957,9.5319,11.8197,14.6804,0.0,2007,979.0,1234.0,0.0,9.7,5.94,6.7,0.0,126,27.0,14.0,0.0,many,SR,2
0,949,1807,0,0,20.9286,7.2306,12.8701,0.0,0.0,1872,1199.0,0.0,0.0,12.21,8.28,0.0,0.0,15,0.0,0.0,0.0,one,SR,1
92,1111,1217,0,0,16.3702,1.6995,14.207,0.0,0.0,1363,1724.0,0.0,0.0,10.14,8.64,0.0,0.0,169,303.0,0.0,0.0,one,TR,1
0,2104,2863,0,0,23.1131,7.4806,14.7372,0.0,0.0,2642,1390.0,0.0,0.0,19.68,8.95,0.0,0.0,40,0.0,0.0,0.0,one,SR,1
0,4381,5730,0,0,16.5614,6.0652,9.7803,0.0,0.0,1146,882.0,0.0,0.0,5.59,7.16,0.0,0.0,26,0.0,0.0,0.0,one,SR,1
0,4074,8265,0,0,16.4339,3.2563,12.3681,0.0,0.0,1954,1147.0,0.0,0.0,13.23,8.09,0.0,0.0,275,0.0,0.0,0.0,one,SR,1
0,410,9527,0,0,20.9685,5.4435,14.6335,0.0,0.0,1786,1379.0,0.0,0.0,10.73,8.91,0.0,0.0,176,0.0,0.0,0.0,one,SR,1
0,2845,6102,0,0,21.9598,5.749,15.2941,0.0,0.0,2423,1448.0,0.0,0.0,17.19,9.17,0.0,0.0,171,0.0,0.0,0.0,one,SR,1
0,4050,3482,0,0,15.9961,5.5322,9.7491,0.0,0.0,1097,879.0,0.0,0.0,5.09,7.15,0.0,0.0,62,0.0,0.0,0.0,one,SR,1
0,1481,8729,2889,0,36.0188,10.0697,13.6306,11.1035,0.0,1402,1147.0,884.0,0.0,3.79,6.43,5.72,0.0,59,23.0,8.0,0.0,many,SR,2
0,283,3552,0,0,15.9172,5.1738,10.0188,0.0,0.0,1488,907.0,0.0,0.0,9.1,7.25,0.0,0.0,92,0.0,0.0,0.0,one,SR,1
0,411,4519,0,0,18.215,4.1736,13.2019,0.0,0.0,2021,1232.0,0.0,0.0,13.66,8.4,0.0,0.0,231,0.0,0.0,0.0,one,SR,1
0,4661,2964,0,0,18.9724,4.7988,13.3291,0.0,0.0,1463,1246.0,0.0,0.0,7.76,8.44,0.0,0.0,191,0.0,0.0,0.0,one,SR,1
0,442,9910,3945,2437,62.7296,16.1475,17.7195,17.3914,9.4444,2333,1534.0,1476.0,715.0,6.25,7.56,7.44,5.27,143,19.0,0.0,0.0,many,SR,3
0,1092,3926,0,0,19.5111,7.0621,11.665,0.0,0.0,1077,1075.0,0.0,0.0,4.25,7.84,0.0,0.0,0,0.0,0.0,0.0,one,SR,1
0,4522,2094,0,0,15.5149,4.59,10.1943,0.0,0.0,1706,924.0,0.0,0.0,11.34,7.31,0.0,0.0,136,0.0,0.0,0.0,one,SR,1
0,1501,6034,0,0,15.3774,5.4701,9.2121,0.0,0.0,1487,824.0,0.0,0.0,9.36,6.95,0.0,0.0,54,0.0,0.0,0.0,one,SR,1
0,4202,5444,0,0,21.8427,6.9918,13.9831,0.0,0.0,1897,1312.0,0.0,0.0,12.11,8.68,0.0,0.0,56,0.0,0.0,0.0,one,SR,1
78,3379,9068,0,0,17.7934,3.0689,14.2407,0.0,0.0,1141,1303.0,0.0,0.0,7.63,7.84,0.0,0.0,88,26.0,0.0,0.0,one,RT,1
0,1565,101,0,0,18.3776,4.5784,12.9678,0.0,0.0,1505,1209.0,0.0,0.0,8.32,8.31,0.0,0.0,198,0.0,0.0,0.0,one,SR,1
0,4665,9783,0,0,21.5259,6.7655,13.8955,0.0,0.0,2579,1304.0,0.0,0.0,19.29,8.65,0.0,0.0,70,0.0,0.0,0.0,one,SR,1
0,2740,3111,0,0,19.8514,4.9474,14.0341,0.0,0.0,1574,1318.0,0.0,0.0,8.7,8.7,0.0,0.0,197,0.0,0.0,0.0,one,SR,1
35,4292,1863,0,0,14.6785,4.4628,9.712,0.0,0.0,1219,1143.0,0.0,0.0,8.27,8.04,0.0,0.0,5,152.0,0.0,0.0,one,RT,1
0,4937,2505,0,0,14.9158,3.0296,11.1219,0.0,0.0,1796,1019.0,0.0,0.0,11.98,7.64,0.0,0.0,263,0.0,0.0,0.0,one,SR,1
0,923,9873,0,0,14.807,5.0052,9.1103,0.0,0.0,1099,813.0,0.0,0.0,5.32,6.91,0.0,0.0,83,0.0,0.0,0.0,one,SR,1
0,4000,8298,0,0,20.6237,6.1409,13.6277,0.0,0.0,1660,1276.0,0.0,0.0,9.73,8.55,0.0,0.0,106,0.0,0.0,0.0,one,SR,1
0,4390,4316,0,0,21.0502,7.1764,13.0399,0.0,0.0,2309,1216.0,0.0,0.0,16.74,8.34,0.0,0.0,23,0.0,0.0,0.0,one,SR,1
0,16,8825,0,0,14.6695,5.1853,8.8038,0.0,0.0,1151,782.0,0.0,0.0,5.96,6.8,0.0,0.0,64,0.0,0.0,0.0,one,SR,1
0,486,3652,0,0,14.5223,3.9149,9.8877,0.0,0.0,1207,893.0,0.0,0.0,6.2,7.2,0.0,0.0,175,0.0,0.0,0.0,one,SR,1
0,4966,6092,0,0,20.1935,7.2044,12.1863,0.0,0.0,1370,1128.0,0.0,0.0,7.16,8.03,0.0,0.0,2,0.0,0.0,0.0,one,SR,1
0,4464,4961,0,0,21.1008,7.0486,13.2119,0.0,0.0,2199,1234.0,0.0,0.0,15.53,8.4,0.0,0.0,35,0.0,0.0,0.0,one,SR,1
0,1872,7497,0,0,19.3317,6.2231,12.3016,0.0,0.0,1783,1140.0,0.0,0.0,11.46,8.07,0.0,0.0,71,0.0,0.0,0.0,one,SR,1
0,2447,7437,5218,0,30.1835,8.6652,10.0276,10.396,0.0,1978,770.0,808.0,0.0,10.92,5.42,5.53,0.0,81,0.0,2.0,0.0,many,SR,2
0,3212,2132,0,0,14.1415,5.2644,8.2179,0.0,0.0,1222,722.0,0.0,0.0,6.9,6.59,0.0,0.0,46,0.0,0.0,0.0,one,SR,1
0,4944,9436,0,0,19.491,6.8883,11.8134,0.0,0.0,1612,1090.0,0.0,0.0,9.82,7.89,0.0,0.0,15,0.0,0.0,0.0,one,SR,1
0,1648,6820,0,0,14.0522,5.1933,8.2003,0.0,0.0,1262,720.0,0.0,0.0,7.32,6.59,0.0,0.0,50,0.0,0.0,0.0,one,SR,1
0,1340,2018,0,0,20.3075,6.4583,13.0163,0.0,0.0,2185,1213.0,0.0,0.0,15.45,8.33,0.0,0.0,71,0.0,0.0,0.0,one,SR,1
0,2168,2376,0,0,14.0126,3.9187,9.3919,0.0,0.0,1563,843.0,0.0,0.0,10.09,7.02,0.0,0.0,164,0.0,0.0,0.0,one,SR,1
0,393,5546,0,0,13.9713,4.752,8.548,0.0,0.0,1286,756.0,0.0,0.0,7.46,6.71,0.0,0.0,88,0.0,0.0,0.0,one,SR,1
0,198,4272,0,0,13.9465,4.4237,8.841,0.0,0.0,1428,786.0,0.0,0.0,8.86,6.82,0.0,0.0,117,0.0,0.0,0.0,one,SR,1
0,4,6289,2900,0,34.9895,8.968,10.7846,14.0174,0.0,1797,892.0,1178.0,0.0,7.89,5.67,6.53,0.0,137,35.0,19.0,0.0,many,SR,2
0,2218,4023,0,0,20.5709,7.0658,12.6843,0.0,0.0,1987,1179.0,0.0,0.0,13.48,8.21,0.0,0.0,22,0.0,0.0,0.0,one,SR,1
0,1272,5440,0,0,13.6729,3.3665,9.597,0.0,0.0,2038,864.0,0.0,0.0,15.01,7.09,0.0,0.0,206,0.0,0.0,0.0,one,SR,1
0,458,3928,0,0,19.1937,6.9085,11.5068,0.0,0.0,1986,1059.0,0.0,0.0,13.85,7.78,0.0,0.0,7,0.0,0.0,0.0,one,SR,1
0,2651,6954,0,0,13.4915,4.0249,8.7865,0.0,0.0,1181,781.0,0.0,0.0,6.28,6.8,0.0,0.0,143,0.0,0.0,0.0,one,SR,1
164,1052,2144,0,0,13.2485,3.4107,9.3684,0.0,0.0,1562,1366.0,0.0,0.0,12.18,7.69,0.0,0.0,56,361.0,0.0,0.0,one,TR,1
0,1273,2208,0,0,17.1052,3.8651,12.4285,0.0,0.0,1872,1153.0,0.0,0.0,12.35,8.12,0.0,0.0,235,0.0,0.0,0.0,one,SR,1
0,3978,785,0,0,17.6022,6.1789,10.6749,0.0,0.0,1724,974.0,0.0,0.0,11.37,7.48,0.0,0.0,38,0.0,0.0,0.0,one,SR,1
124,86,7176,0,0,13.2018,3.172,9.4742,0.0,0.0,1151,939.0,0.0,0.0,7.08,7.56,0.0,0.0,125,38.0,0.0,0.0,one,TR,1
0,2608,5628,0,0,13.199,4.3585,8.1827,0.0,0.0,1211,718.0,0.0,0.0,6.8,6.58,0.0,0.0,107,0.0,0.0,0.0,one,SR,1
233,313,7476,3669,0,41.8125,6.8634,12.3453,21.7326,0.0,1352,1716.0,2502.0,0.0,6.36,7.13,8.58,0.0,67,490.0,468.0,0.0,many,RT,2
0,1893,6447,0,0,16.0073,3.1188,12.0889,0.0,0.0,1881,1119.0,0.0,0.0,12.55,8.0,0.0,0.0,278,0.0,0.0,0.0,one,SR,1
0,4800,3182,0,0,19.4474,7.0364,11.6281,0.0,0.0,2185,1072.0,0.0,0.0,15.9,7.83,0.0,0.0,1,0.0,0.0,0.0,one,SR,1
0,934,3367,0,0,19.1591,6.6873,11.6867,0.0,0.0,2376,1078.0,0.0,0.0,17.88,7.85,0.0,0.0,26,0.0,0.0,0.0,one,SR,1
257,3413,5236,0,0,12.6559,3.7582,8.4054,0.0,0.0,1184,1140.0,0.0,0.0,8.0,7.92,0.0,0.0,46,231.0,0.0,0.0,one,RT,1
0,1507,2155,0,0,19.0041,6.9212,11.3115,0.0,0.0,1239,1039.0,0.0,0.0,6.07,7.71,0.0,0.0,2,0.0,0.0,0.0,one,SR,1
0,903,4476,0,0,17.9389,6.0641,11.1105,0.0,0.0,1237,1019.0,0.0,0.0,6.11,7.64,0.0,0.0,56,0.0,0.0,0.0,one,SR,1
0,1498,9196,0,0,19.7622,7.131,11.8407,0.0,0.0,2099,1093.0,0.0,0.0,14.93,7.9,0.0,0.0,-1,0.0,0.0,0.0,one,SR,1
0,1959,2224,0,0,16.8167,5.7394,10.341,0.0,0.0,1269,940.0,0.0,0.0,6.7,7.36,0.0,0.0,61,0.0,0.0,0.0,one,SR,1
0,1316,7146,0,0,16.167,4.6672,10.749,0.0,0.0,1878,981.0,0.0,0.0,12.96,7.51,0.0,0.0,143,0.0,0.0,0.0,one,SR,1
0,1608,2957,0,0,15.4257,3.2379,11.413,0.0,0.0,1850,1049.0,0.0,0.0,12.45,7.75,0.0,0.0,255,0.0,0.0,0.0,one,SR,1
0,2444,6807,0,0,17.8137,6.1799,10.8781,0.0,0.0,1306,995.0,0.0,0.0,6.91,7.56,0.0,0.0,43,0.0,0.0,0.0,one,SR,1
0,1042,2300,0,0,15.5683,5.7564,9.1201,0.0,0.0,1782,814.0,0.0,0.0,12.49,6.92,0.0,0.0,32,0.0,0.0,0.0,one,SR,1
0,939,4409,0,0,16.6669,4.9326,10.9755,0.0,0.0,1440,1004.0,0.0,0.0,8.29,7.59,0.0,0.0,130,0.0,0.0,0.0,one,SR,1
0,2023,475,0,0,12.0519,2.1951,9.1632,0.0,0.0,1682,819.0,0.0,0.0,11.42,6.94,0.0,0.0,276,0.0,0.0,0.0,one,SR,1
0,3195,9193,0,0,16.4235,4.8081,10.8604,0.0,0.0,2237,993.0,0.0,0.0,16.69,7.55,0.0,0.0,136,0.0,0.0,0.0,one,SR,1
0,3378,9197,0,0,15.9846,4.3735,10.8564,0.0,0.0,1207,992.0,0.0,0.0,5.88,7.55,0.0,0.0,165,0.0,0.0,0.0,one,SR,1
0,413,6399,0,0,17.2652,6.0665,10.4582,0.0,0.0,2463,952.0,0.0,0.0,19.2,7.41,0.0,0.0,41,0.0,0.0,0.0,one,SR,1
0,1485,5540,0,0,15.2927,4.5032,10.0635,0.0,0.0,1176,911.0,0.0,0.0,5.81,7.26,0.0,0.0,139,0.0,0.0,0.0,one,SR,1
0,4489,9076,0,0,16.023,5.8178,9.4993,0.0,0.0,1820,854.0,0.0,0.0,12.76,7.06,0.0,0.0,37,0.0,0.0,0.0,one,SR,1
0,2625,7973,5874,0,31.3567,7.745,10.84,11.6154,0.0,1217,848.0,1003.0,0.0,2.37,5.64,5.92,0.0,182,0.0,58.0,0.0,many,SR,2
0,780,153,0,0,15.3401,5.8514,8.8079,0.0,0.0,1622,783.0,0.0,0.0,10.9,6.81,0.0,0.0,19,0.0,0.0,0.0,one,SR,1
0,3304,6127,6126,0,72.4183,18.0641,26.161,26.161,0.0,4690,2340.0,2340.0,0.0,30.96,10.16,10.16,0.0,16,0.0,0.0,0.0,many,SR,2
0,4997,5792,0,0,16.2249,6.1089,9.4133,0.0,0.0,1188,845.0,0.0,0.0,6.15,7.03,0.0,0.0,15,0.0,0.0,0.0,one,SR,1
0,2195,348,0,0,15.552,5.8609,9.0032,0.0,0.0,1498,803.0,0.0,0.0,9.54,6.88,0.0,0.0,23,0.0,0.0,0.0,one,SR,1
0,178,7489,7488,0,64.6978,16.3905,23.2289,23.2289,0.0,2832,2050.0,2050.0,0.0,13.09,9.25,9.25,0.0,18,0.0,0.0,0.0,many,SR,2
0,4784,7898,0,0,15.5792,5.8198,9.0694,0.0,0.0,1511,809.0,0.0,0.0,9.66,6.9,0.0,0.0,27,0.0,0.0,0.0,one,SR,1
0,1059,9293,0,0,14.1438,5.0725,8.4054,0.0,0.0,1323,741.0,0.0,0.0,7.9,6.66,0.0,0.0,63,0.0,0.0,0.0,one,SR,1
278,2137,156,155,0,97.1613,9.1725,43.3826,43.3826,0.0,2237,3642.0,3642.0,0.0,12.48,11.12,11.12,0.0,126,-49.0,-49.0,0.0,many,RT,2
0,1438,4417,0,0,15.1439,5.2309,9.2178,0.0,0.0,1227,824.0,0.0,0.0,6.63,6.95,0.0,0.0,70,0.0,0.0,0.0,one,SR,1
0,796,4163,1546,0,40.6131,10.526,19.1768,9.5702,0.0,3571,1767.0,730.0,0.0,25.43,8.1,5.3,0.0,105,82.0,2.0,0.0,many,SR,2
0,2415,4006,0,0,14.1272,4.7543,8.6964,0.0,0.0,1513,771.0,0.0,0.0,9.8,6.77,0.0,0.0,91,0.0,0.0,0.0,one,SR,1
0,4233,731,0,0,13.9975,5.0635,8.2727,0.0,0.0,1551,728.0,0.0,0.0,10.33,6.61,0.0,0.0,61,0.0,0.0,0.0,one,SR,1
0,674,4145,0,0,15.0097,5.7032,8.6321,0.0,0.0,2309,765.0,0.0,0.0,18.17,6.74,0.0,0.0,25,0.0,0.0,0.0,one,SR,1
0,1,8122,0,0,15.3945,5.6953,9.0111,0.0,0.0,2078,804.0,0.0,0.0,15.63,6.88,0.0,0.0,34,0.0,0.0,0.0,one,SR,1
0,349,6986,0,0,14.8058,5.3677,8.7591,0.0,0.0,1217,778.0,0.0,0.0,6.67,6.79,0.0,0.0,51,0.0,0.0,0.0,one,SR,1
168,1281,2518,773,0,64.5899,6.7464,17.1349,39.8467,0.0,1187,1409.0,3375.0,0.0,4.71,7.11,9.51,0.0,69,-17.0,42.0,0.0,many,RT,2
0,572,4235,2325,0,42.6946,11.9104,14.7225,14.7225,0.0,2006,1219.0,1219.0,0.0,9.01,6.7,6.7,0.0,10,0.0,0.0,0.0,many,SR,2
0,3516,119,0,0,14.5232,5.567,8.2942,0.0,0.0,1257,730.0,0.0,0.0,7.24,6.62,0.0,0.0,27,0.0,0.0,0.0,one,SR,1
0,2031,9878,0,0,14.8203,5.7244,8.429,0.0,0.0,1637,744.0,0.0,0.0,11.19,6.67,0.0,0.0,19,0.0,0.0,0.0,one,SR,1
0,3369,8552,0,0,14.4349,5.3086,8.4583,0.0,0.0,1661,747.0,0.0,0.0,11.43,6.68,0.0,0.0,48,0.0,0.0,0.0,one,SR,1
0,1620,5480,5479,0,54.8904,14.1616,19.5534,19.5534,0.0,2066,1689.0,1689.0,0.0,7.09,8.11,8.11,0.0,30,0.0,0.0,0.0,many,SR,2
48,2300,8057,2963,0,33.2418,6.5982,11.0262,14.8673,0.0,1059,1146.0,1155.0,0.0,4.37,6.73,6.77,0.0,11,154.0,-61.0,0.0,many,TR,2
265,4108,8721,4209,0,55.8164,7.2025,26.6086,21.0996,0.0,1094,2355.0,2133.0,0.0,3.34,8.39,7.67,0.0,65,88.0,275.0,0.0,many,RT,2
31,3361,7390,5389,0,34.2709,6.4465,10.2866,16.7634,0.0,1155,858.0,1639.0,0.0,5.16,5.79,6.96,0.0,36,31.0,188.0,0.0,many,RT,2
0,4048,7541,767,294,47.6197,11.7028,10.6887,12.7009,10.7892,2187,833.0,1026.0,844.0,7.32,5.6,6.15,5.63,269,0.0,0.0,1.0,many,SR,3
277,2704,5257,5256,0,43.4004,6.0654,18.2471,18.2471,0.0,1211,1642.0,1642.0,0.0,5.15,7.2,7.2,0.0,103,91.0,91.0,0.0,many,RT,2
0,4460,7091,349,0,37.9895,10.6226,15.6701,10.448,0.0,1616,1309.0,810.0,0.0,5.73,6.95,5.54,0.0,42,0.0,0.0,0.0,many,SR,2
281,4442,5733,2525,0,43.9718,5.1032,16.5103,21.5525,0.0,1231,1852.0,2216.0,0.0,5.67,7.05,8.01,0.0,147,359.0,293.0,0.0,many,TR,2
0,3548,6174,6173,0,41.5074,9.4586,15.3381,15.3381,0.0,1832,1278.0,1278.0,0.0,6.88,6.86,6.86,0.0,198,0.0,0.0,0.0,many,SR,2
234,3569,7142,1129,0,48.5186,5.595,25.625,16.516,0.0,1161,2769.0,1667.0,0.0,5.15,8.93,6.9,0.0,99,428.0,227.0,0.0,many,RT,2
272,663,6775,4953,0,61.0507,4.878,27.717,27.6961,0.0,1233,3278.0,3276.0,0.0,6.11,8.8,8.8,0.0,134,703.0,703.0,0.0,many,RT,2
120,4852,7600,4084,0,43.7123,5.7501,16.2923,20.9195,0.0,1335,2262.0,2340.0,0.0,7.26,7.78,7.72,0.0,69,642.0,440.0,0.0,many,RT,2
147,4432,1459,0,0,22.5716,3.7484,18.1986,0.0,0.0,1653,1818.0,0.0,0.0,11.74,9.25,0.0,0.0,128,111.0,0.0,0.0,one,TR,1
0,1452,9452,3354,0,48.5322,11.6314,17.1634,18.2272,0.0,2449,1462.0,1589.0,0.0,12.12,7.38,7.73,0.0,134,6.0,22.0,0.0,many,SR,2
0,429,8077,0,0,20.1347,4.7779,14.4713,0.0,0.0,1668,1362.0,0.0,0.0,9.54,8.85,0.0,0.0,218,0.0,0.0,0.0,one,SR,1
213,2949,9512,9260,0,69.3661,6.8151,18.2667,43.3088,0.0,1534,1686.0,2469.0,0.0,7.33,7.83,9.93,0.0,134,88.0,-870.0,0.0,many,RT,2
0,2906,4204,4095,0,43.6399,9.641,18.9643,13.5796,0.0,1860,1632.0,1402.0,0.0,6.44,7.93,6.62,0.0,236,1.0,209.0,0.0,many,SR,2
42,2462,8854,69,0,61.3432,9.6455,31.7356,18.8514,0.0,1208,2476.0,1628.0,0.0,2.69,9.61,8.49,0.0,24,-184.0,-28.0,0.0,many,RT,2
0,4917,8470,5271,0,46.8933,10.9107,17.3238,17.1798,0.0,4176,1470.0,1456.0,0.0,30.54,7.42,7.37,0.0,164,1.0,1.0,0.0,many,SR,2
88,3333,1755,129,0,56.4215,3.9461,28.4646,23.242,0.0,1302,2038.0,2855.0,0.0,6.75,8.84,8.85,0.0,203,-286.0,635.0,0.0,many,RT,2
252,207,1248,0,0,49.0948,3.9909,44.6186,0.0,0.0,1032,3659.0,0.0,0.0,6.47,10.85,0.0,0.0,26,-92.0,0.0,0.0,one,TR,1
0,4505,8336,0,0,20.4172,6.4081,13.1707,0.0,0.0,1572,1229.0,0.0,0.0,8.96,8.38,0.0,0.0,78,0.0,0.0,0.0,one,SR,1
0,868,6077,2125,0,40.8264,8.5665,15.4408,15.4408,0.0,1642,1288.0,1288.0,0.0,4.84,6.89,6.89,0.0,262,0.0,0.0,0.0,many,SR,2
0,6,6589,2167,0,39.1184,9.7968,14.0071,14.0133,0.0,1873,1151.0,1157.0,0.0,7.96,6.5,6.51,0.0,131,0.0,4.0,0.0,many,SR,2
117,4721,1464,0,0,23.3,3.8655,18.9626,0.0,0.0,1201,1817.0,0.0,0.0,8.36,8.72,0.0,0.0,26,97.0,0.0,0.0,one,TR,1
252,493,2875,0,0,22.6993,3.5914,18.6505,0.0,0.0,1088,1528.0,0.0,0.0,7.31,8.57,0.0,0.0,36,-97.0,0.0,0.0,one,RT,1
223,4740,504,0,0,17.7567,3.3681,13.8502,0.0,0.0,1130,1620.0,0.0,0.0,7.02,8.38,0.0,0.0,101,259.0,0.0,0.0,one,RT,1
0,2383,5638,1536,0,35.7522,8.4546,11.1564,14.878,0.0,1336,1082.0,1233.0,0.0,2.66,5.89,6.74,0.0,199,146.0,-1.0,0.0,many,SR,2
120,2499,1518,0,0,19.1545,1.7763,16.9159,0.0,0.0,1277,2210.0,0.0,0.0,9.25,8.62,0.0,0.0,163,519.0,0.0,0.0,one,RT,1
118,4528,3141,0,0,32.3834,3.4823,28.4214,0.0,0.0,1998,3055.0,0.0,0.0,16.66,9.8,0.0,0.0,57,436.0,0.0,0.0,one,TR,1
0,1473,9526,6319,0,50.0649,11.0438,13.8872,23.5226,0.0,2429,1139.0,2412.0,0.0,11.0,6.47,9.64,0.0,236,0.0,236.0,0.0,many,SR,2
0,623,7183,7182,0,39.9798,10.4285,14.1222,14.1222,0.0,2547,1162.0,1162.0,0.0,14.98,6.53,6.53,0.0,91,0.0,0.0,0.0,many,SR,2
0,3916,3866,3865,0,54.0451,13.3924,19.5166,19.5166,0.0,3451,1685.0,1685.0,0.0,21.66,8.1,8.1,0.0,81,0.0,0.0,0.0,many,SR,2
0,3299,4112,2615,0,44.5244,11.3754,15.9939,15.7519,0.0,2743,1362.0,1317.0,0.0,16.17,7.06,6.97,0.0,86,15.0,0.0,0.0,many,SR,2
32,3725,2240,0,0,20.4778,2.4791,17.4879,0.0,0.0,1196,1943.0,0.0,0.0,7.96,9.11,0.0,0.0,145,255.0,0.0,0.0,one,RT,1
0,4577,2088,0,0,20.8461,6.8565,13.1514,0.0,0.0,1605,1228.0,0.0,0.0,9.31,8.38,0.0,0.0,47,0.0,0.0,0.0,one,SR,1
0,3113,1250,0,0,25.3702,7.6467,16.7461,0.0,0.0,2399,1603.0,0.0,0.0,16.39,9.77,0.0,0.0,79,0.0,0.0,0.0,one,SR,1
31,1901,8659,0,0,15.6949,2.4867,12.7282,0.0,0.0,1554,1584.0,0.0,0.0,12.0,7.8,0.0,0.0,125,329.0,0.0,0.0,one,TR,1
0,4484,4436,0,0,14.9532,5.8793,8.4075,0.0,0.0,1068,742.0,0.0,0.0,5.22,6.66,0.0,0.0,8,0.0,0.0,0.0,one,SR,1
68,4150,197,0,0,21.9919,2.2418,19.2909,0.0,0.0,1592,2249.0,0.0,0.0,12.58,8.59,0.0,0.0,129,414.0,0.0,0.0,one,TR,1
0,3313,8452,1353,0,40.9594,9.5865,19.0078,10.9989,0.0,1910,1674.0,863.0,0.0,7.76,7.97,5.69,0.0,185,28.0,0.0,0.0,many,SR,2
10,4880,3909,3139,0,64.2287,8.7363,28.1908,26.0767,0.0,1513,3201.0,2277.0,0.0,4.86,10.05,9.2,0.0,156,546.0,12.0,0.0,many,RT,2
0,1944,8693,1463,0,46.9442,11.8316,19.6112,14.0325,0.0,1910,1701.0,1213.0,0.0,6.83,8.13,6.56,0.0,95,5.0,43.0,0.0,many,SR,2
281,2241,9119,0,0,23.7997,2.0594,21.1921,0.0,0.0,1435,2319.0,0.0,0.0,10.13,9.48,0.0,0.0,196,308.0,0.0,0.0,one,TR,1
0,1359,7059,3719,0,39.9646,9.3131,14.6578,14.6578,0.0,2587,1213.0,1213.0,0.0,15.14,6.68,6.68,0.0,185,0.0,0.0,0.0,many,SR,2
26,651,1787,1657,0,59.5062,8.7723,25.9909,23.5861,0.0,2433,2337.0,2424.0,0.0,15.13,8.74,8.83,0.0,112,89.0,288.0,0.0,many,TR,2
0,1090,7271,2590,0,48.1056,12.8099,11.5771,22.2369,0.0,2166,927.0,1980.0,0.0,9.41,5.85,8.97,0.0,36,6.0,19.0,0.0,many,SR,2
49,3776,8684,6023,0,52.2046,6.5213,31.1242,13.6202,0.0,1301,2727.0,1280.0,0.0,5.21,9.45,6.93,0.0,132,51.0,96.0,0.0,many,RT,2
0,1229,5506,2914,0,36.592,10.4087,11.1901,13.775,0.0,2250,882.0,1129.0,0.0,12.66,5.74,6.44,0.0,38,0.0,0.0,0.0,many,SR,2
191,1753,8407,5797,0,45.7551,7.0253,25.8889,11.881,0.0,1169,2770.0,1377.0,0.0,3.64,8.69,7.91,0.0,110,428.0,213.0,0.0,many,RT,2
0,3772,6570,0,0,36.6956,9.3234,26.008,0.0,0.0,4520,2590.0,0.0,0.0,35.18,13.64,0.0,0.0,202,0.0,0.0,0.0,one,SR,1
0,3077,9971,0,0,21.0289,6.9224,13.2645,0.0,0.0,2314,1239.0,0.0,0.0,16.72,8.42,0.0,0.0,45,0.0,0.0,0.0,one,SR,1
262,3987,959,958,0,54.787,5.5654,24.2145,24.2145,0.0,1731,2520.0,2520.0,0.0,11.04,7.96,7.96,0.0,107,375.0,375.0,0.0,many,RT,2
0,886,7765,117,0,49.4011,8.9521,21.1681,17.6591,0.0,2699,1941.0,1502.0,0.0,13.74,8.7,7.52,0.0,385,66.0,0.0,0.0,many,SR,2
224,539,6809,0,0,22.614,1.1694,20.9131,0.0,0.0,1566,1744.0,0.0,0.0,11.66,9.32,0.0,0.0,247,-105.0,0.0,0.0,one,RT,1
0,3829,3038,0,0,28.8513,8.3078,19.4533,0.0,0.0,2493,1891.0,0.0,0.0,16.36,10.9,0.0,0.0,103,0.0,0.0,0.0,one,SR,1
0,787,5443,0,0,31.8609,8.1765,22.4679,0.0,0.0,2675,2213.0,0.0,0.0,17.14,12.16,0.0,0.0,189,0.0,0.0,0.0,one,SR,1
0,2268,4533,4532,0,52.5932,10.1254,20.397,20.397,0.0,2556,1771.0,1771.0,0.0,11.77,8.37,8.37,0.0,337,0.0,0.0,0.0,many,SR,2
0,2962,4514,1724,0,36.9888,8.1299,13.676,13.8941,0.0,1596,1119.0,1143.0,0.0,5.16,6.41,6.47,0.0,237,0.0,2.0,0.0,many,SR,2
0,2057,7831,5148,0,27.8656,6.4149,10.1788,10.1788,0.0,1850,785.0,785.0,0.0,9.59,5.47,5.47,0.0,234,0.0,0.0,0.0,many,SR,2
124,3479,9516,9387,0,33.1363,5.29,10.3795,16.6026,0.0,1695,892.0,1788.0,0.0,10.02,6.39,7.25,0.0,170,17.0,294.0,0.0,many,RT,2
0,3140,9862,0,0,24.6047,6.9772,16.6544,0.0,0.0,2374,1592.0,0.0,0.0,16.17,9.73,0.0,0.0,122,0.0,0.0,0.0,one,SR,1
0,72,389,0,0,24.7016,8.3074,15.4706,0.0,0.0,2037,1466.0,0.0,0.0,13.08,9.24,0.0,0.0,1,0.0,0.0,0.0,one,SR,1
18,3743,6485,3770,0,77.6478,3.8561,36.6315,36.4291,0.0,1254,2503.0,2487.0,0.0,6.59,8.66,8.65,0.0,186,-389.0,-389.0,0.0,many,RT,2
0,295,5066,0,0,25.8342,7.5814,17.2547,0.0,0.0,2529,1656.0,0.0,0.0,17.57,9.98,0.0,0.0,96,0.0,0.0,0.0,one,SR,1
0,2807,545,0,0,22.677,6.8459,14.9286,0.0,0.0,1634,1410.0,0.0,0.0,9.04,9.02,0.0,0.0,87,0.0,0.0,0.0,one,SR,1
114,2831,3205,1112,0,96.029,9.0375,40.2934,45.03,0.0,2606,3969.0,3795.0,0.0,12.35,12.34,13.34,0.0,408,307.0,-154.0,0.0,many,RT,2
0,583,7836,5426,0,83.3075,19.1137,28.8342,33.025,0.0,3690,2603.0,3088.0,0.0,17.73,10.99,12.36,0.0,130,0.0,51.0,0.0,many,SR,2
262,2938,6370,1471,0,49.3582,5.2849,22.1274,20.9124,0.0,2159,1995.0,2967.0,0.0,13.37,8.17,9.17,0.0,274,83.0,835.0,0.0,many,TR,2
213,1004,7691,2064,1031,69.1039,11.3749,12.9868,20.0462,23.1556,1291,1772.0,1865.0,2019.0,-0.31,8.08,8.1,8.23,170,441.0,107.0,39.0,many,RT,3
227,2519,9872,2594,0,42.796,6.9856,20.8332,14.1968,0.0,1201,2027.0,1449.0,0.0,5.59,7.91,6.89,0.0,3,196.0,194.0,0.0,many,TR,2
42,3272,8753,5650,0,41.7747,8.5834,15.827,16.3547,0.0,1067,1389.0,2273.0,0.0,2.12,7.62,8.47,0.0,35,13.0,607.0,0.0,many,RT,2
32,199,7841,6644,0,43.7617,4.4812,21.4841,16.7444,0.0,2971,2905.0,2072.0,0.0,21.73,9.31,8.21,0.0,340,747.0,447.0,0.0,many,TR,2
31,3526,9049,802,0,56.9892,9.7001,25.421,20.7838,0.0,1546,3053.0,2091.0,0.0,6.47,9.29,8.55,0.0,4,635.0,211.0,0.0,many,RT,2
0,2496,6493,4679,0,37.2015,9.0707,10.452,16.4015,0.0,1560,859.0,1435.0,0.0,4.88,5.58,7.19,0.0,166,34.0,40.0,0.0,many,SR,2
0,898,8078,0,0,43.7379,11.769,30.4204,0.0,0.0,5873,3060.0,0.0,0.0,47.73,15.49,0.0,0.0,148,0.0,0.0,0.0,one,SR,1
9,880,4322,2516,0,58.9457,9.8425,24.1584,23.635,0.0,1967,3184.0,3247.0,0.0,8.87,10.5,9.6,0.0,133,738.0,868.0,0.0,many,TR,2
0,2473,4848,752,0,38.8285,8.4383,14.7207,14.3125,0.0,1579,1579.0,1180.0,0.0,4.37,6.99,6.59,0.0,258,258.0,0.0,0.0,many,SR,2
0,1367,5822,1975,0,43.3657,12.0563,11.9663,17.9849,0.0,1907,960.0,1542.0,0.0,7.8,5.95,7.63,0.0,12,3.0,6.0,0.0,many,SR,2
78,1834,8341,8340,3290,92.9396,13.1728,30.0258,30.0258,18.0799,1689,2606.0,2606.0,2042.0,3.02,9.87,9.87,7.61,106,-2.0,-2.0,382.0,many,TR,3
50,1423,6382,838,0,71.1801,4.0499,25.6221,40.7696,0.0,1593,2559.0,3241.0,0.0,10.08,8.69,9.69,0.0,177,282.0,-123.0,0.0,many,RT,2
19,1788,893,0,0,33.0363,4.4569,27.7021,0.0,0.0,3394,3257.0,0.0,0.0,27.74,12.77,0.0,0.0,235,461.0,0.0,0.0,one,TR,1
0,1463,6658,0,0,41.5289,12.5247,27.5745,0.0,0.0,3715,2757.0,0.0,0.0,26.14,14.3,0.0,0.0,24,0.0,0.0,0.0,one,SR,1
0,1683,1344,0,0,37.268,9.5733,26.3175,0.0,0.0,4935,2623.0,0.0,0.0,39.42,13.77,0.0,0.0,193,0.0,0.0,0.0,one,SR,1
39,1362,8767,1374,790,62.0012,11.1255,21.6591,13.5249,14.4181,1755,2906.0,1570.0,1493.0,6.96,9.08,7.84,6.82,23,751.0,270.0,219.0,many,RT,3
0,961,5747,0,0,28.2307,7.9901,19.1625,0.0,0.0,2221,1860.0,0.0,0.0,13.62,10.78,0.0,0.0,117,0.0,0.0,0.0,one,SR,1
0,2695,1124,0,0,37.1555,10.6176,25.2069,0.0,0.0,4778,2505.0,0.0,0.0,38.19,13.31,0.0,0.0,93,0.0,0.0,0.0,one,SR,1
0,4203,4012,0,0,34.9214,8.8021,24.8056,0.0,0.0,2913,2461.0,0.0,0.0,18.76,13.14,0.0,0.0,206,0.0,0.0,0.0,one,SR,1
0,254,1034,0,0,29.9644,9.11,19.7515,0.0,0.0,3165,1923.0,0.0,0.0,23.31,11.03,0.0,0.0,56,0.0,0.0,0.0,one,SR,1
0,61,6701,0,0,29.5629,5.1947,23.1247,0.0,0.0,2522,2282.0,0.0,0.0,15.29,12.44,0.0,0.0,409,0.0,0.0,0.0,one,SR,1
263,804,8980,5864,0,61.4841,6.4889,38.7987,15.3784,0.0,1342,2805.0,2082.0,0.0,6.73,9.5,7.68,0.0,60,-331.0,563.0,0.0,many,RT,2
0,133,7737,1815,0,51.5549,11.7316,16.1844,22.0388,0.0,2567,1383.0,1943.0,0.0,12.55,7.11,8.89,0.0,182,17.0,7.0,0.0,many,SR,2
0,161,4449,2692,0,51.8731,12.8317,16.4131,21.0511,0.0,2074,1380.0,1888.0,0.0,7.58,7.15,8.62,0.0,93,0.0,37.0,0.0,many,SR,2
0,4194,1972,0,0,30.4047,8.3524,20.9016,0.0,0.0,3951,2045.0,0.0,0.0,31.13,11.51,0.0,0.0,137,0.0,0.0,0.0,one,SR,1
0,590,887,0,0,26.2187,8.464,16.7762,0.0,0.0,2326,1606.0,0.0,0.0,15.62,9.79,0.0,0.0,24,0.0,0.0,0.0,one,SR,1
0,3311,7334,5794,0,50.9253,11.1694,19.4057,18.7413,0.0,2005,1855.0,1609.0,0.0,6.57,8.23,7.86,0.0,226,128.0,0.0,0.0,many,SR,2
0,3820,6452,0,0,29.4192,8.5005,19.8135,0.0,0.0,2334,1929.0,0.0,0.0,14.56,11.05,0.0,0.0,99,0.0,0.0,0.0,one,SR,1
151,1276,5303,0,0,26.3311,3.2271,22.3758,0.0,0.0,1739,2625.0,0.0,0.0,11.71,11.28,0.0,0.0,227,370.0,0.0,0.0,one,TR,1
166,1441,8126,0,0,22.9685,4.1891,18.298,0.0,0.0,1034,2078.0,0.0,0.0,6.52,8.81,0.0,0.0,10,328.0,0.0,0.0,one,RT,1
0,2765,7934,2290,0,37.5781,9.8284,14.009,12.4815,0.0,2318,1151.0,1004.0,0.0,13.01,6.5,6.09,0.0,103,0.0,-1.0,0.0,many,SR,2
0,1707,6974,0,0,31.9278,10.1902,20.5995,0.0,0.0,2986,2013.0,0.0,0.0,21.11,11.38,0.0,0.0,4,0.0,0.0,0.0,one,SR,1
0,2537,3712,0,0,27.3143,7.4119,18.838,0.0,0.0,2376,1825.0,0.0,0.0,15.37,10.64,0.0,0.0,148,0.0,0.0,0.0,one,SR,1
26,3136,5716,0,0,26.1798,5.0663,20.5108,0.0,0.0,1832,2221.0,0.0,0.0,13.81,10.03,0.0,0.0,25,241.0,0.0,0.0,one,TR,1
0,974,8061,526,0,47.0157,10.9241,18.3857,16.2209,0.0,1696,1575.0,1362.0,0.0,4.44,7.75,7.1,0.0,167,1.0,0.0,0.0,many,SR,2
0,2041,605,0,0,21.4074,7.4583,13.1124,0.0,0.0,1269,1224.0,0.0,0.0,5.79,8.37,0.0,0.0,5,0.0,0.0,0.0,one,SR,1
25,1164,6595,0,0,24.1668,3.6672,19.9051,0.0,0.0,3382,2180.0,0.0,0.0,30.16,9.95,0.0,0.0,115,249.0,0.0,0.0,one,TR,1
0,191,9217,0,0,21.0137,6.5872,13.5732,0.0,0.0,1511,1271.0,0.0,0.0,8.19,8.53,0.0,0.0,75,0.0,0.0,0.0,one,SR,1
0,1073,895,0,0,22.5708,6.5302,15.131,0.0,0.0,1623,1430.0,0.0,0.0,8.86,9.1,0.0,0.0,113,0.0,0.0,0.0,one,SR,1
0,2193,21,0,0,28.843,8.4126,19.3444,0.0,0.0,2649,1880.0,0.0,0.0,18.04,10.86,0.0,0.0,93,0.0,0.0,0.0,one,SR,1
78,751,5339,4162,0,43.4546,6.3002,18.7297,17.57,0.0,1639,2003.0,1998.0,0.0,9.52,8.24,7.31,0.0,95,279.0,395.0,0.0,many,RT,2
233,2696,5076,0,0,23.2121,5.0887,17.4366,0.0,0.0,1694,2145.0,0.0,0.0,11.61,9.87,0.0,0.0,75,368.0,0.0,0.0,one,RT,1
0,4369,6209,0,0,21.4301,5.8039,14.7312,0.0,0.0,3012,1389.0,0.0,0.0,23.57,8.95,0.0,0.0,154,0.0,0.0,0.0,one,SR,1
0,4660,7855,0,0,25.3342,8.4611,15.9302,0.0,0.0,1934,1515.0,0.0,0.0,11.82,9.43,0.0,0.0,2,0.0,0.0,0.0,one,SR,1
0,3641,9087,5768,0,68.0178,14.2639,13.1984,38.5275,0.0,4920,1073.0,3558.0,0.0,33.41,6.28,14.0,0.0,272,0.0,0.0,0.0,many,SR,2
0,3835,6198,0,0,22.6376,6.8249,14.911,0.0,0.0,2071,1408.0,0.0,0.0,13.63,9.02,0.0,0.0,88,0.0,0.0,0.0,one,SR,1
0,1369,6916,0,0,25.1551,7.7503,16.4404,0.0,0.0,1919,1570.0,0.0,0.0,11.47,9.64,0.0,0.0,64,0.0,0.0,0.0,one,SR,1
0,3343,1638,0,0,23.3916,6.9854,15.4817,0.0,0.0,2292,1468.0,0.0,0.0,15.75,9.24,0.0,0.0,91,0.0,0.0,0.0,one,SR,1
0,1336,7135,0,0,24.1378,8.101,15.1272,0.0,0.0,1514,1430.0,0.0,0.0,7.71,9.1,0.0,0.0,6,0.0,0.0,0.0,one,SR,1
0,4998,9083,3401,0,33.6354,7.6236,12.3259,12.4601,0.0,1452,994.0,1158.0,0.0,4.21,6.05,6.21,0.0,233,3.0,111.0,0.0,many,SR,2
120,3357,7763,6368,6367,108.9937,11.7037,13.9426,40.9977,40.9977,1055,1974.0,3266.0,3266.0,-1.09,7.78,9.37,9.37,32,558.0,-99.0,-99.0,many,RT,3
0,2522,7885,0,0,21.7918,5.1199,15.7369,0.0,0.0,1795,1495.0,0.0,0.0,10.43,9.35,0.0,0.0,225,0.0,0.0,0.0,one,SR,1
0,706,9867,0,0,23.4489,6.6871,15.8232,0.0,0.0,2453,1504.0,0.0,0.0,17.31,9.39,0.0,0.0,120,0.0,0.0,0.0,one,SR,1
0,3925,368,0,0,25.2521,8.4667,15.8457,0.0,0.0,2437,1507.0,0.0,0.0,17.13,9.4,0.0,0.0,0,0.0,0.0,0.0,one,SR,1
0,3001,8737,6817,0,41.0099,11.224,14.6287,13.8441,0.0,1559,1209.0,1137.0,0.0,4.55,6.67,6.46,0.0,41,-1.0,1.0,0.0,many,SR,2
0,3367,5677,3949,0,31.1418,7.9116,12.3895,9.683,0.0,1221,1045.0,915.0,0.0,2.4,6.1,5.47,0.0,171,35.0,127.0,0.0,many,SR,2
260,9,1282,0,0,18.4975,2.7331,15.0797,0.0,0.0,1488,2372.0,0.0,0.0,9.46,9.85,0.0,0.0,234,677.0,0.0,0.0,one,RT,1
0,2979,899,0,0,21.255,6.8405,13.5616,0.0,0.0,1896,1270.0,0.0,0.0,12.23,8.53,0.0,0.0,57,0.0,0.0,0.0,one,SR,1
0,4527,5845,0,0,15.6972,5.8057,9.1966,0.0,0.0,1397,823.0,0.0,0.0,8.41,6.95,0.0,0.0,31,0.0,0.0,0.0,one,SR,1
0,4846,4609,0,0,15.6686,6.1413,8.8451,0.0,0.0,1591,787.0,0.0,0.0,10.57,6.82,0.0,0.0,0,0.0,0.0,0.0,one,SR,1
0,1920,4215,0,0,21.4807,5.9798,14.6102,0.0,0.0,2424,1377.0,0.0,0.0,17.44,8.91,0.0,0.0,139,0.0,0.0,0.0,one,SR,1
0,4823,1036,0,0,20.0061,5.1957,13.944,0.0,0.0,1544,1308.0,0.0,0.0,8.41,8.66,0.0,0.0,178,0.0,0.0,0.0,one,SR,1
0,1290,2255,0,0,14.9597,5.4571,8.8215,0.0,0.0,1207,784.0,0.0,0.0,6.54,6.81,0.0,0.0,46,0.0,0.0,0.0,one,SR,1
78,158,7310,0,0,14.7179,1.5248,12.6982,0.0,0.0,1202,1434.0,0.0,0.0,8.17,7.95,0.0,0.0,200,208.0,0.0,0.0,one,RT,1
0,3433,9245,0,0,18.6066,3.9783,13.7683,0.0,0.0,1758,1290.0,0.0,0.0,10.72,8.6,0.0,0.0,257,0.0,0.0,0.0,one,SR,1
0,1907,8300,0,0,20.6716,6.0977,13.7156,0.0,0.0,1886,1285.0,0.0,0.0,12.08,8.58,0.0,0.0,111,0.0,0.0,0.0,one,SR,1
184,222,6587,0,0,18.3301,4.8058,12.9375,0.0,0.0,1442,1272.0,0.0,0.0,9.86,8.87,0.0,0.0,33,18.0,0.0,0.0,one,RT,1
0,4274,4293,3514,0,32.288,8.5257,11.3043,11.3043,0.0,1444,892.0,892.0,0.0,4.78,5.77,5.77,0.0,127,0.0,0.0,0.0,many,SR,2
0,4016,9960,7766,0,36.2972,10.0767,12.6909,12.3089,0.0,2057,1049.0,988.0,0.0,10.61,6.17,6.04,0.0,62,17.0,0.0,0.0,many,SR,2
0,1353,2931,0,0,17.7066,5.2109,11.71,0.0,0.0,1708,1080.0,0.0,0.0,10.86,7.86,0.0,0.0,127,0.0,0.0,0.0,one,SR,1
0,315,167,0,0,17.2209,3.7461,12.655,0.0,0.0,1680,1176.0,0.0,0.0,10.26,8.2,0.0,0.0,248,0.0,0.0,0.0,one,SR,1
0,2217,2611,0,0,13.4762,4.0805,8.7181,0.0,0.0,1228,774.0,0.0,0.0,6.8,6.78,0.0,0.0,138,0.0,0.0,0.0,one,SR,1
0,1644,4007,1801,0,32.1102,9.4696,10.7674,10.7483,0.0,1130,843.0,841.0,0.0,1.74,5.63,5.62,0.0,45,1.0,1.0,0.0,many,SR,2
0,4453,3462,0,0,17.3628,4.8733,11.704,0.0,0.0,1520,1079.0,0.0,0.0,8.89,7.85,0.0,0.0,150,0.0,0.0,0.0,one,SR,1
0,1493,8498,0,0,15.1729,3.7945,10.6318,0.0,0.0,1334,969.0,0.0,0.0,7.29,7.47,0.0,0.0,200,0.0,0.0,0.0,one,SR,1
0,4798,1319,0,0,19.104,6.8106,11.5147,0.0,0.0,1980,1060.0,0.0,0.0,13.78,7.79,0.0,0.0,14,0.0,0.0,0.0,one,SR,1
0,2746,6268,0,0,15.9875,3.751,11.4599,0.0,0.0,1361,1054.0,0.0,0.0,7.3,7.77,0.0,0.0,221,0.0,0.0,0.0,one,SR,1
0,4580,6937,1204,0,40.392,10.3511,19.1673,9.5447,0.0,1732,1652.0,730.0,0.0,6.23,7.99,5.3,0.0,110,1.0,4.0,0.0,many,SR,2
0,3975,7869,7868,0,40.2281,10.1418,14.3829,14.3829,0.0,1738,1186.0,1186.0,0.0,6.36,6.6,6.6,0.0,119,0.0,0.0,0.0,many,SR,2
0,2119,1337,0,0,17.9436,6.0511,11.1279,0.0,0.0,2252,1020.0,0.0,0.0,16.76,7.65,0.0,0.0,57,0.0,0.0,0.0,one,SR,1
0,1300,6527,2718,0,35.3922,10.1239,10.3634,13.706,0.0,1203,803.0,1186.0,0.0,1.84,5.52,6.47,0.0,46,0.0,46.0,0.0,many,SR,2
0,2650,5508,0,0,15.8254,4.9182,10.1769,0.0,0.0,1749,923.0,0.0,0.0,11.79,7.3,0.0,0.0,113,0.0,0.0,0.0,one,SR,1
184,1831,6421,0,0,16.5373,5.4739,10.4462,0.0,0.0,2351,1592.0,0.0,0.0,19.13,9.17,0.0,0.0,6,387.0,0.0,0.0,one,RT,1
0,3163,6280,0,0,16.4403,4.6408,11.0381,0.0,0.0,1364,1011.0,0.0,0.0,7.47,7.61,0.0,0.0,151,0.0,0.0,0.0,one,SR,1
0,51,6698,0,0,17.58,6.0999,10.7297,0.0,0.0,1660,980.0,0.0,0.0,10.68,7.5,0.0,0.0,45,0.0,0.0,0.0,one,SR,1
0,1445,5441,0,0,15.9139,5.6018,9.6027,0.0,0.0,1960,864.0,0.0,0.0,14.2,7.09,0.0,0.0,54,0.0,0.0,0.0,one,SR,1
0,4655,6717,0,0,17.262,5.9058,10.6104,0.0,0.0,1970,967.0,0.0,0.0,13.97,7.46,0.0,0.0,55,0.0,0.0,0.0,one,SR,1
0,4705,9536,0,0,14.9472,4.0741,10.1438,0.0,0.0,3125,920.0,0.0,0.0,26.25,7.29,0.0,0.0,170,0.0,0.0,0.0,one,SR,1
42,3180,733,0,0,12.9326,3.8433,8.5867,0.0,0.0,1587,1199.0,0.0,0.0,12.14,8.03,0.0,0.0,47,260.0,0.0,0.0,one,RT,1
0,1663,4425,0,0,16.5754,6.0142,9.843,0.0,0.0,1485,889.0,0.0,0.0,9.13,7.18,0.0,0.0,31,0.0,0.0,0.0,one,SR,1
0,4187,5470,261,0,26.5182,6.5468,9.3306,9.5738,0.0,1354,871.0,727.0,0.0,4.61,5.37,5.3,0.0,209,120.0,0.0,0.0,many,SR,2
0,4303,9202,0,0,17.2982,6.0773,10.4796,0.0,0.0,1751,954.0,0.0,0.0,11.71,7.41,0.0,0.0,41,0.0,0.0,0.0,one,SR,1
0,4177,1351,0,0,16.2009,5.1135,10.3508,0.0,0.0,1367,941.0,0.0,0.0,7.72,7.37,0.0,0.0,104,0.0,0.0,0.0,one,SR,1
114,1268,7308,7220,0,76.8614,4.6839,22.2196,49.1086,0.0,1366,2715.0,3435.0,0.0,6.7,8.27,10.22,0.0,202,620.0,-483.0,0.0,many,RT,2
0,3105,4170,0,0,14.3077,4.1088,9.4933,0.0,0.0,1782,853.0,0.0,0.0,12.36,7.06,0.0,0.0,153,0.0,0.0,0.0,one,SR,1
0,1708,4575,0,0,16.2416,6.142,9.3976,0.0,0.0,1097,843.0,0.0,0.0,5.2,7.02,0.0,0.0,12,0.0,0.0,0.0,one,SR,1
0,1781,4081,0,0,17.0762,6.2221,10.1259,0.0,0.0,1572,917.0,0.0,0.0,9.95,7.28,0.0,0.0,23,0.0,0.0,0.0,one,SR,1
0,892,7354,0,0,16.5349,5.7713,10.0383,0.0,0.0,1689,909.0,0.0,0.0,11.21,7.25,0.0,0.0,52,0.0,0.0,0.0,one,SR,1
1,1013,3980,0,0,13.9703,3.4369,10.0473,0.0,0.0,1489,906.0,0.0,0.0,11.26,7.86,0.0,0.0,64,-37.0,0.0,0.0,one,TR,1
0,4735,5474,0,0,15.846,5.852,9.2959,0.0,0.0,1473,832.0,0.0,0.0,9.18,6.98,0.0,0.0,30,0.0,0.0,0.0,one,SR,1
0,693,578,0,0,15.0645,4.605,9.7451,0.0,0.0,1684,878.0,0.0,0.0,11.25,7.14,0.0,0.0,125,0.0,0.0,0.0,one,SR,1
0,345,3762,0,0,16.1498,6.19,9.2628,0.0,0.0,2032,829.0,0.0,0.0,15.06,6.97,0.0,0.0,6,0.0,0.0,0.0,one,SR,1
0,1871,7217,0,0,12.7405,3.4643,8.6028,0.0,0.0,1819,762.0,0.0,0.0,13.04,6.73,0.0,0.0,177,0.0,0.0,0.0,one,SR,1
0,1906,6743,0,0,12.2695,3.0622,8.5364,0.0,0.0,1889,755.0,0.0,0.0,13.8,6.71,0.0,0.0,203,0.0,0.0,0.0,one,SR,1
0,1530,446,0,0,16.2916,6.192,9.3976,0.0,0.0,1394,843.0,0.0,0.0,8.32,7.02,0.0,0.0,9,0.0,0.0,0.0,one,SR,1
0,3405,9132,9131,4984,76.5687,17.5311,21.5763,21.5763,13.4896,2137,1953.0,1953.0,1101.0,0.88,8.8,8.8,6.36,275,46.0,46.0,0.0,many,SR,3
0,357,7791,0,0,13.9548,4.7374,8.5461,0.0,0.0,1767,756.0,0.0,0.0,12.51,6.71,0.0,0.0,89,0.0,0.0,0.0,one,SR,1
27,3801,8451,0,0,12.3191,2.6963,9.1326,0.0,0.0,1724,1339.0,0.0,0.0,13.69,7.9,0.0,0.0,117,342.0,0.0,0.0,one,RT,1
0,2151,9155,0,0,15.007,5.5386,8.7884,0.0,0.0,1652,781.0,0.0,0.0,11.23,6.8,0.0,0.0,40,0.0,0.0,0.0,one,SR,1
0,2621,3171,0,0,11.934,3.0872,8.1886,0.0,0.0,1274,719.0,0.0,0.0,7.45,6.58,0.0,0.0,194,0.0,0.0,0.0,one,SR,1
0,2597,4002,0,0,14.2194,5.1159,8.4366,0.0,0.0,2092,744.0,0.0,0.0,15.96,6.67,0.0,0.0,61,0.0,0.0,0.0,one,SR,1
118,4320,8350,0,0,8.9264,1.0374,7.3948,0.0,0.0,1470,1150.0,0.0,0.0,10.99,7.94,0.0,0.0,233,296.0,0.0,0.0,one,TR,1
0,4629,9333,8861,0,37.8262,10.7865,15.7047,10.0913,0.0,1352,1352.0,777.0,0.0,3.0,6.99,5.44,0.0,28,28.0,0.0,0.0,many,SR,2
0,1532,2903,2902,0,56.056,10.8787,21.7108,21.7108,0.0,2748,1901.0,1901.0,0.0,13.05,8.78,8.78,0.0,336,0.0,0.0,0.0,many,SR,2
0,2152,1929,0,0,21.2631,5.8614,14.5145,0.0,0.0,2709,1367.0,0.0,0.0,20.46,8.87,0.0,0.0,145,0.0,0.0,0.0,one,SR,1
208,3173,9923,1609,0,60.8029,7.7886,24.4155,27.6635,0.0,1495,2625.0,2396.0,0.0,7.28,8.68,8.68,0.0,43,402.0,42.0,0.0,many,TR,2
0,2503,8188,214,0,36.9608,10.6377,12.686,12.4136,0.0,1305,1052.0,998.0,0.0,2.69,6.17,6.07,0.0,26,20.0,0.0,0.0,many,SR,2
0,4143,8454,4495,0,42.5064,11.972,16.7901,12.4117,0.0,1419,1419.0,998.0,0.0,2.91,7.26,6.07,0.0,2,2.0,0.0,0.0,many,SR,2
0,3408,8251,3080,0,39.5286,11.2324,9.5281,17.4917,0.0,1576,723.0,1492.0,0.0,5.06,5.29,7.47,0.0,18,0.0,5.0,0.0,many,SR,2
162,3625,5242,3036,0,78.7768,7.3535,34.615,35.7665,0.0,1733,3104.0,2380.0,0.0,8.82,10.23,10.19,0.0,138,94.0,-521.0,0.0,many,TR,2
0,1021,6787,1394,0,48.9281,13.0485,17.195,17.208,0.0,3038,1467.0,1457.0,0.0,18.61,7.39,7.38,0.0,17,8.0,0.0,0.0,many,SR,2
0,545,4768,4766,0,49.8473,10.4637,18.9012,18.9012,0.0,2917,1624.0,1624.0,0.0,16.4,7.91,7.91,0.0,257,0.0,0.0,0.0,many,SR,2
0,452,8572,0,0,16.5471,5.0555,10.7411,0.0,0.0,1639,980.0,0.0,0.0,10.46,7.5,0.0,0.0,116,0.0,0.0,0.0,one,SR,1
0,1702,5493,0,0,15.9952,5.5377,9.7432,0.0,0.0,1218,878.0,0.0,0.0,6.36,7.14,0.0,0.0,61,0.0,0.0,0.0,one,SR,1
66,4452,1094,0,0,27.0208,3.9189,22.5561,0.0,0.0,1363,2394.0,0.0,0.0,9.4,9.46,0.0,0.0,68,288.0,0.0,0.0,one,RT,1
25,2782,4238,0,0,45.9308,4.459,40.9359,0.0,0.0,1116,3237.0,0.0,0.0,6.9,11.36,0.0,0.0,25,-231.0,0.0,0.0,one,RT,1
0,3718,4591,59,0,49.7968,9.5854,15.1259,23.4704,0.0,2366,1257.0,2102.0,0.0,10.31,6.8,9.35,0.0,338,0.0,20.0,0.0,many,SR,2
213,1638,55,0,0,17.6349,4.8367,12.2553,0.0,0.0,1247,1417.0,0.0,0.0,8.21,8.43,0.0,0.0,4,193.0,0.0,0.0,one,TR,1
0,1927,9714,338,0,58.3641,13.6245,22.4284,20.5654,0.0,3102,2011.0,1789.0,0.0,16.86,9.04,8.42,0.0,143,28.0,1.0,0.0,many,SR,2
0,2556,9345,4704,0,36.3602,8.2551,15.719,11.1011,0.0,1660,1435.0,960.0,0.0,5.86,7.06,5.79,0.0,226,86.0,62.0,0.0,many,SR,2
0,3418,5785,0,0,13.0167,3.1157,9.2061,0.0,0.0,1465,823.0,0.0,0.0,9.13,6.95,0.0,0.0,214,0.0,0.0,0.0,one,SR,1
215,4946,1577,1443,0,57.8357,8.4688,17.9909,30.4142,0.0,1085,2496.0,2385.0,0.0,2.74,8.36,8.26,0.0,13,690.0,-100.0,0.0,many,RT,2
0,3403,9149,2398,0,85.9498,17.3241,35.5105,30.653,0.0,3823,3268.0,2782.0,0.0,17.98,13.07,11.55,0.0,330,5.0,0.0,0.0,many,SR,2
11,3000,5883,5882,0,37.3462,4.6209,15.9805,15.9805,0.0,1339,1370.0,1370.0,0.0,7.18,6.82,6.82,0.0,154,36.0,36.0,0.0,many,RT,2
0,2981,2297,0,0,26.038,5.4143,19.5302,0.0,0.0,2900,1899.0,0.0,0.0,20.61,10.93,0.0,0.0,302,0.0,0.0,0.0,one,SR,1
0,2340,9588,9587,0,52.7478,13.9675,18.6087,18.6087,0.0,2703,1595.0,1595.0,0.0,14.32,7.81,7.81,0.0,7,0.0,0.0,0.0,many,SR,2
0,4118,8510,5186,0,49.5599,11.5712,16.3608,20.0864,0.0,1836,1375.0,1745.0,0.0,5.4,7.14,8.28,0.0,157,0.0,3.0,0.0,many,SR,2
0,3770,7581,7580,0,28.8234,8.7561,9.5053,9.5053,0.0,1715,721.0,721.0,0.0,8.5,5.28,5.28,0.0,52,0.0,0.0,0.0,many,SR,2
0,1430,6194,6193,0,41.8719,9.4968,15.4969,15.4969,0.0,2394,1293.0,1293.0,0.0,12.71,6.91,6.91,0.0,200,0.0,0.0,0.0,many,SR,2
118,2774,6601,0,0,41.4622,2.54,38.3955,0.0,0.0,1233,2935.0,0.0,0.0,8.21,10.27,0.0,0.0,150,-253.0,0.0,0.0,one,RT,1
0,2681,6988,896,0,33.9462,10.1937,11.1606,11.4372,0.0,2442,879.0,914.0,0.0,15.25,5.73,5.81,0.0,14,0.0,6.0,0.0,many,SR,2
195,4979,8919,0,0,13.799,4.0402,9.2827,0.0,0.0,1181,1260.0,0.0,0.0,8.12,7.76,0.0,0.0,17,282.0,0.0,0.0,one,RT,1
247,3464,7119,103,0,38.6124,6.7802,18.3237,12.5832,0.0,1558,1635.0,1185.0,0.0,8.03,7.53,6.73,0.0,106,63.0,95.0,0.0,many,RT,2
181,4556,2009,0,0,16.3626,3.5371,12.3306,0.0,0.0,1446,1804.0,0.0,0.0,10.73,7.95,0.0,0.0,63,511.0,0.0,0.0,one,TR,1
0,4196,8576,2021,0,48.4069,13.0882,20.309,13.5362,0.0,1780,1780.0,1106.0,0.0,5.43,8.36,6.38,0.0,12,12.0,0.0,0.0,many,SR,2
0,1139,4389,3988,0,66.4716,13.9793,25.7138,24.8023,0.0,3079,2295.0,2210.0,0.0,14.54,10.02,9.74,0.0,260,0.0,3.0,0.0,many,SR,2
281,1554,7793,5178,0,30.6724,7.5036,9.1266,13.09,0.0,2332,1322.0,1619.0,0.0,15.92,7.53,7.99,0.0,73,351.0,324.0,0.0,many,RT,2
0,1148,6263,0,0,23.2084,7.3754,14.9305,0.0,0.0,2522,1410.0,0.0,0.0,18.36,9.02,0.0,0.0,51,0.0,0.0,0.0,one,SR,1
0,4644,1984,0,0,15.5799,4.2496,10.5851,0.0,0.0,1898,965.0,0.0,0.0,13.22,7.45,0.0,0.0,168,0.0,0.0,0.0,one,SR,1
0,1162,8653,0,0,21.0998,7.0584,13.2019,0.0,0.0,1465,1232.0,0.0,0.0,7.83,8.4,0.0,0.0,34,0.0,0.0,0.0,one,SR,1
0,4896,4634,2096,0,47.2857,12.0656,16.922,16.8422,0.0,2265,1429.0,1421.0,0.0,10.68,7.29,7.27,0.0,71,0.0,0.0,0.0,many,SR,2
0,3188,2374,2373,0,30.2519,9.4384,9.8687,9.8687,0.0,1351,755.0,755.0,0.0,4.5,5.38,5.38,0.0,17,0.0,0.0,0.0,many,SR,2
79,3237,3923,0,0,21.7539,2.4617,18.825,0.0,0.0,1209,2269.0,0.0,0.0,8.49,9.67,0.0,0.0,119,394.0,0.0,0.0,one,TR,1
31,2370,3743,0,0,13.0104,2.5917,9.9147,0.0,0.0,1283,1238.0,0.0,0.0,8.94,7.04,0.0,0.0,133,270.0,0.0,0.0,one,TR,1
11,2471,7257,0,0,38.5683,4.0592,34.0372,0.0,0.0,1118,2826.0,0.0,0.0,7.49,9.72,0.0,0.0,13,-55.0,0.0,0.0,one,RT,1
0,1821,409,408,0,32.6808,8.9944,11.2672,11.2672,0.0,1175,889.0,889.0,0.0,1.97,5.76,5.76,0.0,94,0.0,0.0,0.0,many,SR,2
0,4745,9533,4477,0,59.1953,15.137,22.5322,19.8008,0.0,2020,2020.0,1713.0,0.0,5.68,9.07,8.19,0.0,27,27.0,0.0,0.0,many,SR,2
0,1058,7533,3925,0,32.8171,7.3192,10.3529,13.9263,0.0,1610,802.0,1382.0,0.0,5.94,5.51,6.67,0.0,249,0.0,171.0,0.0,many,SR,2
132,2769,7109,7108,0,94.9085,8.729,42.6042,42.6042,0.0,4001,3376.0,3376.0,0.0,33.27,10.86,10.86,0.0,1,-192.0,-192.0,0.0,many,RT,2
38,991,1367,0,0,12.3666,3.9885,7.8062,0.0,0.0,1095,957.0,0.0,0.0,6.35,7.72,0.0,0.0,79,138.0,0.0,0.0,one,RT,1
75,3219,9216,0,0,19.1817,2.3504,16.3492,0.0,0.0,1318,1938.0,0.0,0.0,9.5,8.82,0.0,0.0,136,333.0,0.0,0.0,one,TR,1
181,1335,4752,0,0,19.8253,2.3198,17.0106,0.0,0.0,1472,2058.0,0.0,0.0,11.0,8.95,0.0,0.0,146,379.0,0.0,0.0,one,RT,1
227,3477,3943,0,0,24.5786,2.261,21.704,0.0,0.0,1645,1901.0,0.0,0.0,11.75,9.14,0.0,0.0,223,-20.0,0.0,0.0,one,TR,1
0,172,6271,2059,0,29.2329,4.5714,9.8255,13.6309,0.0,2781,753.0,1459.0,0.0,18.35,5.37,6.68,0.0,428,1.0,246.0,0.0,many,SR,2
18,3036,8846,8845,0,72.6819,7.7847,31.9854,31.9854,0.0,3168,2086.0,2086.0,0.0,24.93,8.63,8.63,0.0,38,-439.0,-439.0,0.0,many,RT,2
50,2922,8056,0,0,13.8386,1.5721,11.8002,0.0,0.0,1230,1320.0,0.0,0.0,8.72,7.66,0.0,0.0,179,189.0,0.0,0.0,one,RT,1
0,3537,2407,2396,0,50.9962,13.316,22.0934,14.0423,0.0,3334,1978.0,1154.0,0.0,21.11,8.93,6.51,0.0,40,28.0,0.0,0.0,many,SR,2
0,4775,2777,0,0,15.8707,5.668,9.4971,0.0,0.0,1154,853.0,0.0,0.0,5.77,7.06,0.0,0.0,47,0.0,0.0,0.0,one,SR,1
0,3211,4501,0,0,20.7265,6.1564,13.7118,0.0,0.0,1404,1285.0,0.0,0.0,7.02,8.58,0.0,0.0,107,0.0,0.0,0.0,one,SR,1
0,984,7007,2522,0,42.7249,10.8562,11.0008,19.4766,0.0,2088,863.0,1835.0,0.0,9.4,5.69,8.23,0.0,114,0.0,109.0,0.0,many,SR,2
0,285,507,0,0,14.3798,4.7703,8.9248,0.0,0.0,1102,794.0,0.0,0.0,5.41,6.85,0.0,0.0,95,0.0,0.0,0.0,one,SR,1
0,3642,6040,6039,0,65.3162,16.3163,23.5645,23.5645,0.0,3295,2084.0,2084.0,0.0,17.76,9.35,9.35,0.0,36,0.0,0.0,0.0,many,SR,2
277,2009,9426,0,0,13.701,1.6822,11.542,0.0,0.0,1399,1398.0,0.0,0.0,10.4,7.77,0.0,0.0,178,257.0,0.0,0.0,one,RT,1
184,4398,7534,1335,0,68.3099,8.2758,45.2015,13.8178,0.0,1291,3798.0,1942.0,0.0,4.42,11.02,8.13,0.0,59,-29.0,520.0,0.0,many,TR,2
85,2180,8908,0,0,31.7095,5.147,25.9765,0.0,0.0,1484,2257.0,0.0,0.0,10.31,9.86,0.0,0.0,9,-35.0,0.0,0.0,one,TR,1
0,174,8584,0,0,21.601,5.3688,15.3148,0.0,0.0,1629,1450.0,0.0,0.0,8.85,9.17,0.0,0.0,197,0.0,0.0,0.0,one,SR,1
0,3883,8629,0,0,17.2265,4.9717,11.4775,0.0,0.0,1634,1056.0,0.0,0.0,10.16,7.77,0.0,0.0,138,0.0,0.0,0.0,one,SR,1
116,1625,2426,0,0,30.5572,4.8759,24.8774,0.0,0.0,2197,2606.0,0.0,0.0,15.83,12.04,0.0,0.0,161,169.0,0.0,0.0,one,RT,1
265,2871,9831,4833,0,49.1852,6.2977,20.7027,21.0134,0.0,1928,2775.0,2938.0,0.0,9.7,8.82,8.89,0.0,290,721.0,823.0,0.0,many,RT,2
0,2118,9471,0,0,21.2555,7.2198,13.1962,0.0,0.0,2336,1232.0,0.0,0.0,16.97,8.4,0.0,0.0,23,0.0,0.0,0.0,one,SR,1
0,4804,2378,0,0,20.6773,7.0141,12.8368,0.0,0.0,1800,1195.0,0.0,0.0,11.46,8.26,0.0,0.0,29,0.0,0.0,0.0,one,SR,1
0,4263,1048,0,0,20.8543,3.9128,15.9959,0.0,0.0,2160,1522.0,0.0,0.0,14.17,9.46,0.0,0.0,314,0.0,0.0,0.0,one,SR,1
0,3359,2985,948,0,30.0532,6.145,11.4284,11.3214,0.0,2092,910.0,894.0,0.0,11.54,5.81,5.77,0.0,292,4.0,0.0,0.0,many,SR,2
66,4487,3212,0,0,22.5902,4.3446,17.6932,0.0,0.0,1078,1852.0,0.0,0.0,6.35,8.52,0.0,0.0,43,207.0,0.0,0.0,one,TR,1
66,3854,5549,0,0,22.7259,1.2449,20.9356,0.0,0.0,1680,2658.0,0.0,0.0,12.73,9.45,0.0,0.0,250,582.0,0.0,0.0,one,TR,1
0,4910,2091,775,0,47.008,12.0684,15.1973,18.2884,0.0,1868,1264.0,1564.0,0.0,6.53,6.82,7.72,0.0,70,0.0,0.0,0.0,many,SR,2
1,4734,5295,2992,111,93.4548,14.5585,27.5906,21.7665,27.5834,2547,3161.0,2853.0,3147.0,9.14,9.96,9.66,9.94,208,555.0,671.0,546.0,many,RT,3
0,3659,7103,719,0,36.829,10.0504,11.1378,14.4071,0.0,1369,877.0,1188.0,0.0,3.27,5.73,6.61,0.0,72,0.0,-1.0,0.0,many,SR,2
50,269,4966,4965,0,55.1212,5.4035,24.4569,24.4569,0.0,1154,2348.0,2348.0,0.0,4.88,9.02,9.02,0.0,125,169.0,169.0,0.0,many,TR,2
0,3460,5560,0,0,18.4799,5.6445,12.0379,0.0,0.0,2538,1113.0,0.0,0.0,19.47,7.97,0.0,0.0,105,0.0,0.0,0.0,one,SR,1
281,2666,5086,0,0,25.0475,4.0701,20.444,0.0,0.0,1104,2278.0,0.0,0.0,6.79,9.33,0.0,0.0,50,328.0,0.0,0.0,one,TR,1
42,1346,8890,8889,0,75.5969,8.6276,32.963,32.963,0.0,2477,2998.0,2998.0,0.0,16.62,10.22,10.22,0.0,52,109.0,109.0,0.0,many,TR,2
0,175,9716,6129,0,33.0139,8.2775,9.873,13.6821,0.0,1724,779.0,1118.0,0.0,7.47,5.4,6.41,0.0,161,17.0,-1.0,0.0,many,SR,2
0,2426,7960,4895,0,29.5828,7.3669,11.2338,9.8687,0.0,1258,890.0,755.0,0.0,3.19,5.75,5.38,0.0,181,3.0,0.0,0.0,many,SR,2
0,2087,7980,4486,0,53.7552,14.1839,22.1416,15.8385,0.0,1951,1944.0,1326.0,0.0,6.16,8.91,7.0,0.0,10,0.0,0.0,0.0,many,SR,2
210,3525,6241,3110,2904,70.8731,12.9336,20.0872,21.816,14.4836,1951,2254.0,2213.0,2038.0,6.51,9.35,8.35,7.82,71,329.0,256.0,573.0,many,RT,3
50,346,9423,9238,4141,68.1755,10.0738,19.8386,9.221,27.6704,1482,2073.0,962.0,2646.0,3.22,8.4,6.46,9.86,155,260.0,133.0,164.0,many,RT,3
68,418,9676,9630,0,68.7825,9.9558,28.1334,29.3088,0.0,2982,3287.0,2895.0,0.0,18.85,10.92,10.92,0.0,171,565.0,199.0,0.0,many,TR,2
0,962,6111,4608,4607,79.992,18.8028,23.1883,17.7828,17.7828,2613,2046.0,1514.0,1514.0,5.52,9.23,7.56,7.56,213,0.0,0.0,0.0,many,SR,3
114,4102,7986,0,0,50.7136,5.8123,44.0967,0.0,0.0,1769,3913.0,0.0,0.0,11.33,13.05,0.0,0.0,98,6.0,0.0,0.0,one,RT,1
11,1841,7428,4971,0,46.1309,4.9652,15.5427,24.5948,0.0,1889,1912.0,2365.0,0.0,10.58,8.16,9.13,0.0,293,397.0,168.0,0.0,many,RT,2
184,1494,9353,8754,0,41.2078,5.6857,16.8682,17.6228,0.0,1503,1594.0,1546.0,0.0,6.5,8.11,8.2,0.0,245,82.0,-3.0,0.0,many,RT,2
0,1883,8906,1078,0,41.2898,11.166,17.5342,11.2597,0.0,2139,1496.0,954.0,0.0,10.49,7.49,5.81,0.0,55,5.0,47.0,0.0,many,SR,2
0,4861,8193,5370,0,55.6664,12.4489,16.5178,24.9861,0.0,2584,1390.0,2400.0,0.0,11.71,7.18,9.96,0.0,203,0.0,125.0,0.0,many,SR,2
96,4615,7294,0,0,47.1671,7.7785,38.4521,0.0,0.0,3200,3613.0,0.0,0.0,25.17,14.37,0.0,0.0,45,25.0,0.0,0.0,one,RT,1
0,2303,5590,638,0,47.6139,12.4084,23.7572,9.961,0.0,2285,2161.0,764.0,0.0,10.61,9.47,5.41,0.0,67,41.0,0.0,0.0,many,SR,2
31,4020,7724,3732,0,57.1209,8.3448,28.0525,19.7252,0.0,1343,2705.0,1984.0,0.0,5.12,8.99,7.99,0.0,44,237.0,222.0,0.0,many,TR,2
114,3524,6657,0,0,44.2313,7.0874,36.2132,0.0,0.0,2365,3396.0,0.0,0.0,16.46,13.31,0.0,0.0,88,49.0,0.0,0.0,one,RT,1
213,3009,7984,2196,0,56.8373,6.6722,27.8346,21.5733,0.0,1178,2708.0,2977.0,0.0,5.55,8.76,8.81,0.0,10,265.0,825.0,0.0,many,RT,2
0,76,6029,4488,0,36.4411,9.3486,11.4407,14.398,0.0,2005,1026.0,1221.0,0.0,9.77,5.9,6.63,0.0,132,86.0,24.0,0.0,many,SR,2
0,1515,2535,2534,0,38.8398,9.5035,14.0176,14.0176,0.0,1622,1152.0,1152.0,0.0,5.32,6.51,6.51,0.0,151,0.0,0.0,0.0,many,SR,2
0,3457,7158,0,0,45.1061,12.8985,30.6492,0.0,0.0,4012,3085.0,0.0,0.0,28.1,15.58,0.0,0.0,77,0.0,0.0,0.0,one,SR,1
0,746,3543,3542,0,41.6733,10.2948,15.0118,15.0118,0.0,1631,1247.0,1247.0,0.0,4.93,6.78,6.78,0.0,130,0.0,0.0,0.0,many,SR,2
175,3191,8704,1904,0,36.839,7.9146,10.04,17.9532,0.0,1277,764.0,2027.0,0.0,5.03,5.83,8.48,0.0,32,-29.0,328.0,0.0,many,RT,2
85,683,7911,4090,0,58.8355,6.7361,28.4902,22.6916,0.0,1221,2332.0,2800.0,0.0,4.56,8.9,8.28,0.0,104,-67.0,657.0,0.0,many,RT,2
228,4328,9759,0,0,29.4225,3.2786,25.6808,0.0,0.0,1327,3421.0,0.0,0.0,9.77,9.63,0.0,0.0,61,881.0,0.0,0.0,one,RT,1
0,2502,1923,0,0,40.8324,11.9924,27.4169,0.0,0.0,4251,2740.0,0.0,0.0,31.83,14.23,0.0,0.0,56,0.0,0.0,0.0,one,SR,1
160,769,1784,0,0,32.3274,4.4983,26.997,0.0,0.0,1862,2675.0,0.0,0.0,12.06,12.32,0.0,0.0,204,84.0,0.0,0.0,one,TR,1
0,3735,9456,957,0,42.5472,11.947,14.9909,14.2744,0.0,1538,1252.0,1176.0,0.0,4.13,6.78,6.57,0.0,5,5.0,0.0,0.0,many,SR,2
0,650,7903,7224,0,46.3809,11.4039,15.1788,18.3324,0.0,2292,1397.0,1569.0,0.0,10.87,6.93,7.73,0.0,122,96.0,1.0,0.0,many,SR,2
0,2885,5702,2282,0,39.7727,8.907,13.266,16.234,0.0,1848,1080.0,1661.0,0.0,7.11,6.3,7.35,0.0,231,0.0,212.0,0.0,many,SR,2
0,1657,5551,3924,0,33.0662,8.7253,11.5749,11.596,0.0,1970,924.0,922.0,0.0,10.16,5.85,5.85,0.0,123,4.0,1.0,0.0,many,SR,2
79,3386,6087,3120,1925,102.4732,10.4641,38.1853,24.9998,27.3707,1965,3163.0,2779.0,3711.0,7.55,10.11,10.25,10.17,179,-59.0,396.0,975.0,many,RT,3
1,2563,6328,1422,0,62.2324,10.212,21.8931,28.9459,0.0,1446,2836.0,2745.0,0.0,4.55,9.61,10.2,0.0,29,654.0,147.0,0.0,many,RT,2
31,4627,4596,1681,0,35.7168,6.3745,18.6535,9.8968,0.0,1581,1557.0,1127.0,0.0,9.47,6.94,5.98,0.0,52,18.0,247.0,0.0,many,TR,2
84,1889,5105,1526,0,46.9673,5.1997,22.7323,18.2684,0.0,1890,2763.0,2177.0,0.0,12.94,8.73,7.94,0.0,116,601.0,455.0,0.0,many,TR,2
262,1970,3678,0,0,25.2603,1.4596,23.3337,0.0,0.0,1274,3164.0,0.0,0.0,9.17,9.67,0.0,0.0,187,818.0,0.0,0.0,one,RT,1
26,3054,5738,5737,3013,105.5516,12.163,36.0423,36.0423,19.8762,2297,3424.0,3424.0,2906.0,11.27,9.76,9.76,9.76,47,283.0,283.0,814.0,many,RT,3
0,1368,7485,0,0,32.454,9.9951,21.2918,0.0,0.0,3245,2087.0,0.0,0.0,23.57,11.67,0.0,0.0,35,0.0,0.0,0.0,one,SR,1
42,3616,8610,2582,0,53.245,9.8187,22.1348,20.1406,0.0,1502,2474.0,2647.0,0.0,5.41,8.87,8.64,0.0,37,407.0,666.0,0.0,many,TR,2
72,995,924,0,0,21.6835,2.6526,18.4902,0.0,0.0,1246,2309.0,0.0,0.0,8.22,9.41,0.0,0.0,151,459.0,0.0,0.0,one,RT,1
0,1986,8917,0,0,24.7194,4.5824,19.0631,0.0,0.0,2323,1849.0,0.0,0.0,14.73,10.74,0.0,0.0,347,0.0,0.0,0.0,one,SR,1
0,1352,7056,0,0,30.06,9.229,19.729,0.0,0.0,2886,1921.0,0.0,0.0,20.38,11.02,0.0,0.0,47,0.0,0.0,0.0,one,SR,1
0,748,3774,0,0,25.5722,5.656,18.8511,0.0,0.0,2075,1827.0,0.0,0.0,12.2,10.65,0.0,0.0,268,0.0,0.0,0.0,one,SR,1
134,1954,88,0,0,25.6686,5.7322,19.2687,0.0,0.0,1508,2513.0,0.0,0.0,9.82,10.68,0.0,0.0,19,497.0,0.0,0.0,one,TR,1
0,369,4270,0,0,20.3113,4.5516,14.86,0.0,0.0,1857,1402.0,0.0,0.0,11.4,9.0,0.0,0.0,242,0.0,0.0,0.0,one,SR,1
0,4169,8217,0,0,19.7919,7.1076,11.8917,0.0,0.0,1304,1099.0,0.0,0.0,6.56,7.92,0.0,0.0,2,0.0,0.0,0.0,one,SR,1
0,4744,1561,715,0,37.2134,9.3977,10.6583,15.8965,0.0,2450,831.0,1331.0,0.0,14.38,5.6,7.01,0.0,133,0.0,0.0,0.0,many,SR,2
277,4551,4997,0,0,18.6979,3.1727,15.048,0.0,0.0,1258,1613.0,0.0,0.0,8.91,7.77,0.0,0.0,77,220.0,0.0,0.0,one,RT,1
0,4963,6774,0,0,26.1252,7.9856,17.1458,0.0,0.0,2703,1645.0,0.0,0.0,19.44,9.94,0.0,0.0,66,0.0,0.0,0.0,one,SR,1
265,3599,4795,0,0,23.5717,6.0411,16.7865,0.0,0.0,1901,2600.0,0.0,0.0,13.26,10.44,0.0,0.0,45,719.0,0.0,0.0,one,RT,1
0,4518,7502,0,0,18.2206,5.1803,12.2354,0.0,0.0,1395,1134.0,0.0,0.0,7.4,8.05,0.0,0.0,141,0.0,0.0,0.0,one,SR,1
0,940,1676,0,0,17.2739,4.2684,12.202,0.0,0.0,1353,1130.0,0.0,0.0,6.98,8.03,0.0,0.0,202,0.0,0.0,0.0,one,SR,1
203,4588,3351,0,0,20.9888,4.4659,15.9355,0.0,0.0,1608,2358.0,0.0,0.0,11.6,8.87,0.0,0.0,56,673.0,0.0,0.0,one,RT,1
0,2843,585,0,0,23.1123,7.6252,14.5966,0.0,0.0,1576,1376.0,0.0,0.0,8.53,8.9,0.0,0.0,27,0.0,0.0,0.0,one,SR,1
0,4091,5093,0,0,17.0039,4.8034,11.4249,0.0,0.0,1921,1051.0,0.0,0.0,13.19,7.76,0.0,0.0,149,0.0,0.0,0.0,one,SR,1
0,2302,8228,0,0,16.7074,3.9328,11.9794,0.0,0.0,1541,1107.0,0.0,0.0,9.02,7.95,0.0,0.0,220,0.0,0.0,0.0,one,SR,1
0,611,742,0,0,22.7765,6.7319,15.1347,0.0,0.0,1900,1431.0,0.0,0.0,11.76,9.1,0.0,0.0,100,0.0,0.0,0.0,one,SR,1
0,4499,6610,3073,0,33.2561,9.4017,11.7844,10.9101,0.0,1168,940.0,897.0,0.0,1.82,5.9,5.7,0.0,71,1.0,30.0,0.0,many,SR,2
0,3350,7579,0,0,16.3618,5.4951,10.1378,0.0,0.0,1098,919.0,0.0,0.0,4.97,7.29,0.0,0.0,73,0.0,0.0,0.0,one,SR,1
0,2728,6811,0,0,16.0196,5.0416,10.2452,0.0,0.0,1207,930.0,0.0,0.0,6.08,7.33,0.0,0.0,106,0.0,0.0,0.0,one,SR,1
0,4715,6788,0,0,20.2215,4.5668,14.7586,0.0,0.0,1763,1392.0,0.0,0.0,10.45,8.96,0.0,0.0,239,0.0,0.0,0.0,one,SR,1
0,1509,599,0,0,19.8385,5.2463,13.7333,0.0,0.0,2377,1287.0,0.0,0.0,17.23,8.59,0.0,0.0,170,0.0,0.0,0.0,one,SR,1
0,3499,4992,0,0,21.3944,6.4057,14.116,0.0,0.0,2592,1326.0,0.0,0.0,19.36,8.73,0.0,0.0,99,0.0,0.0,0.0,one,SR,1
0,1424,6344,0,0,15.2323,4.795,9.7236,0.0,0.0,1370,876.0,0.0,0.0,7.96,7.14,0.0,0.0,111,0.0,0.0,0.0,one,SR,1
0,3684,7052,0,0,19.0683,4.4476,13.7607,0.0,0.0,2028,1290.0,0.0,0.0,13.55,8.6,0.0,0.0,225,0.0,0.0,0.0,one,SR,1
0,2089,4241,0,0,22.2084,7.6522,13.6983,0.0,0.0,2678,1284.0,0.0,0.0,20.4,8.58,0.0,0.0,5,0.0,0.0,0.0,one,SR,1
0,322,543,0,0,14.5594,3.8243,10.0109,0.0,0.0,1274,906.0,0.0,0.0,6.86,7.24,0.0,0.0,184,0.0,0.0,0.0,one,SR,1
0,4537,632,0,0,14.3781,4.5599,9.1261,0.0,0.0,1327,815.0,0.0,0.0,7.7,6.92,0.0,0.0,114,0.0,0.0,0.0,one,SR,1
9,3059,6058,0,0,19.6369,5.4044,13.6016,0.0,0.0,1742,1824.0,0.0,0.0,12.61,9.31,0.0,0.0,19,375.0,0.0,0.0,one,RT,1
0,2173,1952,0,0,13.8189,3.8894,9.2335,0.0,0.0,1304,826.0,0.0,0.0,7.43,6.96,0.0,0.0,162,0.0,0.0,0.0,one,SR,1
0,2457,7556,2493,0,37.1919,9.6425,15.0009,11.2929,0.0,1341,1247.0,910.0,0.0,2.78,6.77,5.78,0.0,113,1.0,13.0,0.0,many,SR,2
0,3023,5519,0,0,19.9684,6.5822,12.5693,0.0,0.0,1919,1168.0,0.0,0.0,12.8,8.17,0.0,0.0,53,0.0,0.0,0.0,one,SR,1
0,2043,2757,0,0,13.3109,4.5103,8.1439,0.0,0.0,1783,715.0,0.0,0.0,12.81,6.57,0.0,0.0,96,0.0,0.0,0.0,one,SR,1
10,1617,4253,0,0,16.7467,5.0836,11.0773,0.0,0.0,1336,1578.0,0.0,0.0,8.76,8.86,0.0,0.0,13,358.0,0.0,0.0,one,TR,1
0,4706,9088,0,0,17.5,5.2332,11.4892,0.0,0.0,1285,1057.0,0.0,0.0,6.49,7.78,0.0,0.0,121,0.0,0.0,0.0,one,SR,1
0,1050,1730,0,0,18.7113,5.6186,12.2861,0.0,0.0,1500,1139.0,0.0,0.0,8.49,8.07,0.0,0.0,112,0.0,0.0,0.0,one,SR,1
0,4729,5453,0,0,18.1545,5.1345,12.2159,0.0,0.0,1730,1132.0,0.0,0.0,10.93,8.04,0.0,0.0,144,0.0,0.0,0.0,one,SR,1
161,1735,9789,0,0,16.7984,4.6735,11.5343,0.0,0.0,2574,1355.0,0.0,0.0,21.71,7.91,0.0,0.0,44,217.0,0.0,0.0,one,TR,1
203,3690,8797,0,0,14.5926,2.9811,11.1209,0.0,0.0,1348,1763.0,0.0,0.0,9.74,8.91,0.0,0.0,98,494.0,0.0,0.0,one,RT,1
277,4444,9898,0,0,14.0966,1.8384,11.7973,0.0,0.0,1523,1680.0,0.0,0.0,11.84,7.61,0.0,0.0,158,466.0,0.0,0.0,one,RT,1
0,4480,2504,0,0,19.4597,6.895,11.7765,0.0,0.0,1687,1087.0,0.0,0.0,10.62,7.88,0.0,0.0,14,0.0,0.0,0.0,one,SR,1
0,4842,4420,0,0,18.254,5.4989,11.9601,0.0,0.0,2000,1106.0,0.0,0.0,13.85,7.95,0.0,0.0,113,0.0,0.0,0.0,one,SR,1
0,3004,4465,0,0,19.3098,6.7596,11.7626,0.0,0.0,2313,1085.0,0.0,0.0,17.2,7.88,0.0,0.0,23,0.0,0.0,0.0,one,SR,1
0,2396,3662,0,0,16.4254,6.334,9.3897,0.0,0.0,1714,842.0,0.0,0.0,11.68,7.02,0.0,0.0,-1,0.0,0.0,0.0,one,SR,1
0,4883,8073,0,0,16.4817,5.591,10.1612,0.0,0.0,1830,921.0,0.0,0.0,12.65,7.3,0.0,0.0,67,0.0,0.0,0.0,one,SR,1
0,1239,6690,0,0,17.8582,6.3281,10.7783,0.0,0.0,1088,984.0,0.0,0.0,4.66,7.52,0.0,0.0,30,0.0,0.0,0.0,one,SR,1
0,668,1365,0,0,14.1541,3.8015,9.6417,0.0,0.0,1262,868.0,0.0,0.0,6.85,7.11,0.0,0.0,177,0.0,0.0,0.0,one,SR,1
0,3758,739,0,0,15.1198,5.3522,9.0773,0.0,0.0,1575,810.0,0.0,0.0,10.32,6.9,0.0,0.0,59,0.0,0.0,0.0,one,SR,1
0,3377,7029,0,0,13.9883,3.7717,9.5107,0.0,0.0,1415,854.0,0.0,0.0,8.5,7.06,0.0,0.0,176,0.0,0.0,0.0,one,SR,1
0,1824,1674,0,0,15.7392,5.8053,9.2376,0.0,0.0,1383,827.0,0.0,0.0,8.25,6.96,0.0,0.0,32,0.0,0.0,0.0,one,SR,1
0,4731,3590,0,0,13.5852,4.72,8.2063,0.0,0.0,2079,721.0,0.0,0.0,15.9,6.59,0.0,0.0,83,0.0,0.0,0.0,one,SR,1
0,3121,3337,0,0,13.7712,4.6386,8.4642,0.0,0.0,1126,748.0,0.0,0.0,5.81,6.68,0.0,0.0,94,0.0,0.0,0.0,one,SR,1
0,4297,3003,0,0,14.5267,5.7261,8.1439,0.0,0.0,1528,715.0,0.0,0.0,10.13,6.57,0.0,0.0,13,0.0,0.0,0.0,one,SR,1
0,4738,1430,0,0,15.1913,5.9739,8.5461,0.0,0.0,1183,756.0,0.0,0.0,6.38,6.71,0.0,0.0,5,0.0,0.0,0.0,one,SR,1
0,323,3242,0,0,13.563,4.5018,8.3956,0.0,0.0,1133,740.0,0.0,0.0,5.91,6.66,0.0,0.0,102,0.0,0.0,0.0,one,SR,1
0,2470,3598,0,0,12.9699,4.0498,8.2592,0.0,0.0,1301,727.0,0.0,0.0,7.71,6.61,0.0,0.0,130,0.0,0.0,0.0,one,SR,1
0,4181,7650,1170,0,32.8471,9.3532,11.3231,11.0227,0.0,1668,909.0,866.0,0.0,7.18,5.79,5.7,0.0,67,11.0,0.0,0.0,many,SR,2
0,912,8195,540,0,42.7699,11.3429,15.5954,14.4752,0.0,1411,1308.0,1195.0,0.0,2.61,6.94,6.63,0.0,59,4.0,0.0,0.0,many,SR,2
0,1318,7302,4531,0,52.4346,12.2387,20.0718,18.5155,0.0,1989,1773.0,1586.0,0.0,6.41,8.3,7.79,0.0,153,24.0,0.0,0.0,many,SR,2
0,494,8420,4828,0,65.4294,14.6868,24.9908,23.8154,0.0,2431,2228.0,2254.0,0.0,8.1,9.8,9.57,0.0,187,3.0,103.0,0.0,many,SR,2
0,3587,8521,4928,0,37.27,9.8541,9.6908,16.4676,0.0,2091,738.0,1477.0,0.0,10.64,5.33,7.24,0.0,100,0.0,65.0,0.0,many,SR,2
0,688,244,0,0,12.2921,3.0241,8.595,0.0,0.0,1594,761.0,0.0,0.0,10.68,6.73,0.0,0.0,207,0.0,0.0,0.0,one,SR,1
0,139,1746,1745,0,57.9459,13.699,21.2598,21.2598,0.0,2999,1856.0,1856.0,0.0,15.94,8.64,8.64,0.0,126,0.0,0.0,0.0,many,SR,2
0,3556,8578,4087,0,57.2661,14.1658,22.5219,18.8847,0.0,2755,1989.0,1622.0,0.0,13.69,9.04,7.9,0.0,74,6.0,0.0,0.0,many,SR,2
0,25,7609,0,0,13.9577,3.8056,9.4483,0.0,0.0,1407,848.0,0.0,0.0,8.44,7.04,0.0,0.0,173,0.0,0.0,0.0,one,SR,1
0,2290,8330,0,0,21.1926,3.8602,16.3711,0.0,0.0,2010,1562.0,0.0,0.0,12.45,9.61,0.0,0.0,327,0.0,0.0,0.0,one,SR,1
0,1642,8064,5887,0,44.1426,8.6558,16.717,17.2791,0.0,2192,1710.0,1464.0,0.0,9.6,7.51,7.4,0.0,325,213.0,0.0,0.0,many,SR,2
0,3942,6511,0,0,14.5116,3.7803,10.0071,0.0,0.0,1341,906.0,0.0,0.0,7.56,7.24,0.0,0.0,187,0.0,0.0,0.0,one,SR,1
181,776,1531,0,0,22.6456,4.2101,17.9449,0.0,0.0,1381,2007.0,0.0,0.0,10.09,8.91,0.0,0.0,14,289.0,0.0,0.0,one,TR,1
1,3560,4240,4239,0,44.8611,6.8589,18.5966,18.5966,0.0,1083,1572.0,1572.0,0.0,4.09,7.05,7.05,0.0,29,27.0,27.0,0.0,many,RT,2
136,3554,8373,3586,0,56.475,8.4798,22.1438,24.779,0.0,1990,3003.0,2741.0,0.0,11.24,9.25,9.47,0.0,80,787.0,424.0,0.0,many,TR,2
0,2330,8994,3445,0,30.9568,7.0733,10.8571,11.8659,0.0,1518,872.0,967.0,0.0,5.49,5.67,5.94,0.0,230,16.0,15.0,0.0,many,SR,2
210,785,8489,1562,0,53.6727,3.6638,25.8234,23.4434,0.0,1348,1758.0,1692.0,0.0,7.47,7.71,7.71,0.0,206,-283.0,-197.0,0.0,many,TR,2
85,1875,8909,2020,0,60.8175,6.6735,26.3589,26.8601,0.0,1789,2427.0,2230.0,0.0,10.46,8.63,8.62,0.0,113,143.0,-35.0,0.0,many,RT,2
227,730,1543,0,0,23.2462,2.0937,20.6954,0.0,0.0,1185,2909.0,0.0,0.0,8.33,9.57,0.0,0.0,138,780.0,0.0,0.0,one,RT,1
0,1653,4177,0,0,15.8808,5.9045,9.2785,0.0,0.0,1443,831.0,0.0,0.0,8.87,6.98,0.0,0.0,26,0.0,0.0,0.0,one,SR,1
0,954,6175,1707,0,54.177,12.4956,20.02,20.0114,0.0,2159,1733.0,1733.0,0.0,7.82,8.25,8.25,0.0,161,-1.0,0.0,0.0,many,SR,2
76,1744,2722,0,0,26.4894,4.0242,21.9678,0.0,0.0,2731,2480.0,0.0,0.0,24.2,8.97,0.0,0.0,31,415.0,0.0,0.0,one,TR,1
147,3796,9248,0,0,22.879,2.4924,19.8295,0.0,0.0,1276,2364.0,0.0,0.0,8.38,9.57,0.0,0.0,172,415.0,0.0,0.0,one,TR,1
270,757,6331,3194,0,92.4262,6.8199,47.5775,36.9371,0.0,1831,3394.0,3159.0,0.0,9.4,11.42,10.5,0.0,205,-495.0,-12.0,0.0,many,RT,2
85,1684,3189,0,0,26.1809,3.019,22.5107,0.0,0.0,1242,1807.0,0.0,0.0,7.18,9.51,0.0,0.0,194,-159.0,0.0,0.0,one,TR,1
0,3973,8148,7694,0,47.1344,10.8665,14.7834,19.9826,0.0,2822,1225.0,1799.0,0.0,16.11,6.71,8.31,0.0,181,0.0,48.0,0.0,many,SR,2
36,4541,2269,0,0,23.9045,2.3201,21.1057,0.0,0.0,1403,2117.0,0.0,0.0,10.42,8.79,0.0,0.0,136,199.0,0.0,0.0,one,RT,1
0,4429,4079,2250,0,31.2237,8.7304,10.6878,10.6849,0.0,1546,834.0,833.0,0.0,6.15,5.6,5.6,0.0,93,0.0,0.0,0.0,many,SR,2
0,2887,9912,5289,0,35.4511,8.6916,12.2614,13.2497,0.0,1366,984.0,1274.0,0.0,3.11,6.03,6.45,0.0,174,0.0,140.0,0.0,many,SR,2
157,2548,7907,2913,0,48.2512,7.1797,16.7094,23.4754,0.0,1908,1975.0,3031.0,0.0,12.05,7.4,9.47,0.0,55,422.0,720.0,0.0,many,TR,2
0,3214,3231,80,0,34.7904,10.4679,12.5144,10.6393,0.0,1289,1008.0,829.0,0.0,3.02,6.1,5.59,0.0,4,0.0,0.0,0.0,many,SR,2
50,4446,934,0,0,29.1473,5.3053,23.1015,0.0,0.0,1515,2262.0,0.0,0.0,9.24,10.41,0.0,0.0,93,102.0,0.0,0.0,one,RT,1
208,1866,1055,0,0,48.1149,1.3542,46.304,0.0,0.0,1292,3814.0,0.0,0.0,9.46,11.57,0.0,0.0,188,-111.0,0.0,0.0,one,TR,1
42,1967,7397,0,0,24.9943,3.3565,20.9948,0.0,0.0,1182,1828.0,0.0,0.0,6.62,9.43,0.0,0.0,166,-52.0,0.0,0.0,one,TR,1
76,472,2449,0,0,30.4653,3.5754,26.3844,0.0,0.0,2905,2828.0,0.0,0.0,25.95,10.05,0.0,0.0,67,365.0,0.0,0.0,one,TR,1
39,2416,9066,245,0,43.7574,8.5315,17.4339,16.7797,0.0,1221,2397.0,2032.0,0.0,3.71,8.25,7.87,0.0,40,653.0,434.0,0.0,many,RT,2
11,2315,1960,0,0,24.2321,0.9812,22.7596,0.0,0.0,1421,1922.0,0.0,0.0,10.5,8.91,0.0,0.0,235,-52.0,0.0,0.0,one,RT,1
1,4088,8140,8065,0,51.9389,6.9831,21.9823,21.991,0.0,1775,1881.0,1878.0,0.0,9.79,7.91,7.91,0.0,127,19.0,16.0,0.0,many,RT,2
98,4021,3432,0,0,55.0917,4.6799,49.8787,0.0,0.0,1223,4648.0,0.0,0.0,8.04,12.33,0.0,0.0,8,276.0,0.0,0.0,one,TR,1
114,1178,1115,0,0,24.2662,5.3904,18.271,0.0,0.0,3440,2154.0,0.0,0.0,30.68,10.05,0.0,0.0,4,317.0,0.0,0.0,one,RT,1
243,3198,1732,286,0,62.1053,4.486,20.6159,36.2315,0.0,1217,1781.0,3480.0,0.0,5.83,7.75,9.97,0.0,168,30.0,303.0,0.0,many,RT,2
0,3468,312,0,0,22.4459,6.5743,14.9677,0.0,0.0,1588,1414.0,0.0,0.0,8.54,9.04,0.0,0.0,107,0.0,0.0,0.0,one,SR,1
0,83,5670,0,0,15.3664,4.3618,10.2707,0.0,0.0,1372,933.0,0.0,0.0,7.8,7.34,0.0,0.0,153,0.0,0.0,0.0,one,SR,1
0,4362,2575,0,0,23.4097,7.8726,14.6452,0.0,0.0,1885,1380.0,0.0,0.0,11.77,8.92,0.0,0.0,11,0.0,0.0,0.0,one,SR,1
224,2581,7079,325,0,38.7665,6.0738,14.6296,17.1242,0.0,1499,1489.0,2063.0,0.0,7.29,6.69,7.69,0.0,162,211.0,448.0,0.0,many,RT,2
0,3792,7260,0,0,18.6587,5.8979,11.9658,0.0,0.0,1369,1106.0,0.0,0.0,7.22,7.95,0.0,0.0,86,0.0,0.0,0.0,one,SR,1
0,3455,9053,0,0,22.3711,6.4091,15.0553,0.0,0.0,1816,1422.0,0.0,0.0,10.91,9.07,0.0,0.0,120,0.0,0.0,0.0,one,SR,1
0,95,2261,0,0,18.4469,5.3276,12.3116,0.0,0.0,1491,1142.0,0.0,0.0,8.39,8.08,0.0,0.0,133,0.0,0.0,0.0,one,SR,1
173,2126,9126,0,0,20.5469,0.2812,19.8062,0.0,0.0,1795,2660.0,0.0,0.0,14.71,9.59,0.0,0.0,263,640.0,0.0,0.0,one,RT,1
0,3221,4602,0,0,24.0124,4.8133,18.1625,0.0,0.0,1981,1754.0,0.0,0.0,11.47,10.37,0.0,0.0,308,0.0,0.0,0.0,one,SR,1
98,2204,3006,2072,0,55.3933,9.3598,23.5018,21.3753,0.0,3520,2091.0,2572.0,0.0,26.55,8.76,8.8,0.0,72,43.0,529.0,0.0,many,RT,2
121,2940,9323,5685,591,76.1609,13.0814,23.8389,16.41,21.2885,1690,3065.0,2348.0,2940.0,3.87,10.0,8.37,9.05,55,695.0,667.0,800.0,many,RT,3
0,3656,6063,5970,0,83.7214,14.5087,24.0029,42.7262,0.0,4363,2127.0,4020.0,0.0,23.46,9.49,15.35,0.0,535,0.0,34.0,0.0,many,SR,2
227,1147,9958,8241,0,55.8443,6.9632,22.2572,25.8455,0.0,1172,2357.0,2608.0,0.0,5.3,7.89,8.89,0.0,3,367.0,295.0,0.0,many,TR,2
79,4205,8785,2820,0,50.2792,6.3277,17.9357,25.2153,0.0,1146,1580.0,3200.0,0.0,4.83,7.2,8.8,0.0,60,62.0,787.0,0.0,many,RT,2
0,4704,5071,1444,0,36.1021,8.6466,15.877,10.3108,0.0,2923,1527.0,806.0,0.0,19.28,7.17,5.51,0.0,189,141.0,6.0,0.0,many,SR,2
174,3352,935,0,0,40.3622,5.6294,34.0216,0.0,0.0,2574,3404.0,0.0,0.0,20.63,12.11,0.0,0.0,53,249.0,0.0,0.0,one,RT,1
0,4502,6582,3117,0,42.9876,8.0604,16.6795,16.7974,0.0,2540,1406.0,1440.0,0.0,13.62,7.23,7.28,0.0,341,0.0,16.0,0.0,many,SR,2
96,3980,6992,0,0,42.4922,8.4512,33.1036,0.0,0.0,3275,4067.0,0.0,0.0,25.95,14.37,0.0,0.0,-1,677.0,0.0,0.0,one,TR,1
0,1337,9063,2599,0,40.5943,10.1597,14.7016,14.4029,0.0,4180,1217.0,1189.0,0.0,31.92,6.69,6.61,0.0,124,0.0,0.0,0.0,many,SR,2
0,3119,7209,1829,0,33.6808,8.7841,12.1939,11.498,0.0,1631,1077.0,1075.0,0.0,6.28,6.09,5.96,0.0,141,71.0,117.0,0.0,many,SR,2
157,2559,4077,0,0,31.6039,2.4297,28.7129,0.0,0.0,1200,2963.0,0.0,0.0,8.45,9.61,0.0,0.0,118,360.0,0.0,0.0,one,TR,1
0,1308,6019,3405,0,39.9695,10.7216,13.9748,13.9748,0.0,2710,1147.0,1147.0,0.0,16.77,6.49,6.49,0.0,66,0.0,0.0,0.0,many,SR,2
164,4858,7080,3940,0,47.0636,7.191,12.4834,26.4762,0.0,1520,1324.0,2673.0,0.0,7.74,6.55,9.58,0.0,70,217.0,269.0,0.0,many,TR,2
0,4936,9016,0,0,37.2826,9.6994,26.2107,0.0,0.0,3455,2611.0,0.0,0.0,23.92,13.73,0.0,0.0,181,0.0,0.0,0.0,one,SR,1
0,1319,8647,0,0,35.9122,9.7497,24.8468,0.0,0.0,3349,2466.0,0.0,0.0,23.32,13.16,0.0,0.0,143,0.0,0.0,0.0,one,SR,1
186,4973,8777,0,0,34.5277,7.1562,26.5705,0.0,0.0,1881,2995.0,0.0,0.0,12.54,12.01,0.0,0.0,4,370.0,0.0,0.0,one,RT,1
51,1668,7782,0,0,31.5952,6.5046,24.284,0.0,0.0,2492,3152.0,0.0,0.0,18.91,12.07,0.0,0.0,52,617.0,0.0,0.0,one,RT,1
0,624,6578,3259,0,48.5565,10.4587,17.4542,19.0792,0.0,2703,1482.0,1888.0,0.0,14.3,7.46,8.19,0.0,247,0.0,175.0,0.0,many,SR,2
0,843,6225,2256,0,62.4358,11.9517,31.6183,16.9486,0.0,3074,2896.0,1432.0,0.0,15.02,11.87,7.3,0.0,362,13.0,0.0,0.0,many,SR,2
260,1171,4733,3489,0,45.8346,9.1132,15.6689,19.9898,0.0,1533,2261.0,2123.0,0.0,6.53,8.36,8.26,0.0,31,644.0,297.0,0.0,many,RT,2
195,2179,7562,4786,0,42.7648,6.9646,15.7237,19.1739,0.0,1185,1990.0,1771.0,0.0,4.32,7.63,7.39,0.0,79,476.0,126.0,0.0,many,RT,2
0,267,9619,0,0,24.7529,5.2493,18.4553,0.0,0.0,2048,1784.0,0.0,0.0,12.07,10.48,0.0,0.0,286,0.0,0.0,0.0,one,SR,1
0,2121,9026,0,0,22.5901,6.7837,14.9051,0.0,0.0,1958,1407.0,0.0,0.0,12.45,9.01,0.0,0.0,91,0.0,0.0,0.0,one,SR,1
0,2745,9441,0,0,31.3158,8.7356,21.408,0.0,0.0,2874,2100.0,0.0,0.0,19.63,11.72,0.0,0.0,124,0.0,0.0,0.0,one,SR,1
0,1069,1212,0,0,22.2332,7.0358,14.3173,0.0,0.0,1673,1347.0,0.0,0.0,9.65,8.8,0.0,0.0,61,0.0,0.0,0.0,one,SR,1
0,3566,1641,124,0,50.8107,11.5359,17.5614,20.1323,0.0,1947,1492.0,1783.0,0.0,6.21,7.49,8.32,0.0,184,0.0,27.0,0.0,many,SR,2
78,607,3931,523,0,46.5065,6.8249,22.111,16.6873,0.0,1232,2384.0,1998.0,0.0,4.99,8.08,7.75,0.0,77,385.0,420.0,0.0,many,RT,2
262,1049,1169,0,0,20.7168,2.8927,17.3091,0.0,0.0,1145,2462.0,0.0,0.0,7.39,9.15,0.0,0.0,119,658.0,0.0,0.0,one,RT,1
0,2019,552,0,0,25.655,8.3538,16.341,0.0,0.0,2481,1559.0,0.0,0.0,17.41,9.6,0.0,0.0,20,0.0,0.0,0.0,one,SR,1
0,4791,9628,1998,0,40.435,11.3458,17.3948,10.3948,0.0,1510,1510.0,806.0,0.0,4.16,7.47,5.53,0.0,24,24.0,0.0,0.0,many,SR,2
120,4023,6242,5548,0,48.9174,6.4076,9.2367,32.485,0.0,1238,1149.0,3084.0,0.0,5.91,6.94,8.94,0.0,47,247.0,275.0,0.0,many,RT,2
124,3786,9124,6378,0,73.3545,5.653,13.1106,53.6455,0.0,1481,1573.0,3973.0,0.0,7.04,6.86,10.6,0.0,195,353.0,-355.0,0.0,many,TR,2
0,4592,4757,4604,0,49.7984,13.3051,11.9369,23.0421,0.0,2078,953.0,2041.0,0.0,8.19,5.94,9.2,0.0,22,0.0,6.0,0.0,many,SR,2
9,4367,1322,0,0,20.4432,4.6521,15.1181,0.0,0.0,1265,2034.0,0.0,0.0,7.23,9.73,0.0,0.0,96,424.0,0.0,0.0,one,TR,1
0,731,1880,1837,0,40.8314,7.0859,20.4522,11.8476,0.0,2665,1777.0,1132.0,0.0,14.97,8.39,6.07,0.0,404,0.0,134.0,0.0,many,SR,2
0,448,1804,0,0,16.0666,5.5078,9.8408,0.0,0.0,1509,888.0,0.0,0.0,9.38,7.18,0.0,0.0,65,0.0,0.0,0.0,one,SR,1
34,395,2442,0,0,20.3419,4.7142,14.9246,0.0,0.0,1532,2360.0,0.0,0.0,9.76,10.03,0.0,0.0,110,666.0,0.0,0.0,one,RT,1
0,330,7965,0,0,15.8552,4.9948,10.1319,0.0,0.0,1190,918.0,0.0,0.0,5.94,7.29,0.0,0.0,107,0.0,0.0,0.0,one,SR,1
240,373,762,0,0,15.4463,1.524,13.4621,0.0,0.0,1180,1840.0,0.0,0.0,8.25,8.6,0.0,0.0,179,436.0,0.0,0.0,one,RT,1
0,4082,9069,8781,0,33.473,8.6157,11.5041,12.1694,0.0,1275,912.0,985.0,0.0,2.73,5.83,6.01,0.0,139,0.0,7.0,0.0,many,SR,2
275,3539,4279,0,0,15.3375,2.7062,12.0687,0.0,0.0,1270,1861.0,0.0,0.0,8.27,8.63,0.0,0.0,161,530.0,0.0,0.0,one,RT,1
262,3128,8649,0,0,18.6083,3.442,14.4954,0.0,0.0,1200,1964.0,0.0,0.0,6.56,9.71,0.0,0.0,177,408.0,0.0,0.0,one,TR,1
0,3803,1772,0,0,18.5886,4.3973,13.3465,0.0,0.0,1746,1247.0,0.0,0.0,10.73,8.45,0.0,0.0,219,0.0,0.0,0.0,one,SR,1
0,3373,3392,0,0,17.693,6.254,10.6904,0.0,0.0,1748,975.0,0.0,0.0,11.62,7.49,0.0,0.0,33,0.0,0.0,0.0,one,SR,1
160,4986,2584,0,0,18.103,4.0404,13.5338,0.0,0.0,1680,1180.0,0.0,0.0,12.88,8.29,0.0,0.0,49,-53.0,0.0,0.0,one,TR,1
0,3056,2883,0,0,20.4205,7.0868,12.5186,0.0,0.0,1595,1163.0,0.0,0.0,9.41,8.15,0.0,0.0,17,0.0,0.0,0.0,one,SR,1
50,4533,7747,0,0,13.9075,1.9199,11.5193,0.0,0.0,1180,1678.0,0.0,0.0,8.17,8.68,0.0,0.0,157,419.0,0.0,0.0,one,TR,1
0,4939,649,0,0,19.2173,5.4188,12.9675,0.0,0.0,1999,1208.0,0.0,0.0,13.51,8.31,0.0,0.0,141,0.0,0.0,0.0,one,SR,1
0,2874,6394,0,0,20.6168,7.0326,12.7606,0.0,0.0,1943,1187.0,0.0,0.0,12.99,8.24,0.0,0.0,26,0.0,0.0,0.0,one,SR,1
0,2490,7356,0,0,16.4873,4.801,10.9288,0.0,0.0,2109,1000.0,0.0,0.0,15.33,7.58,0.0,0.0,138,0.0,0.0,0.0,one,SR,1
0,1153,1563,0,0,13.7589,4.262,8.8158,0.0,0.0,1272,784.0,0.0,0.0,7.23,6.81,0.0,0.0,128,0.0,0.0,0.0,one,SR,1
0,2513,2195,0,0,19.4326,6.6453,11.9913,0.0,0.0,2069,1109.0,0.0,0.0,14.56,7.96,0.0,0.0,36,0.0,0.0,0.0,one,SR,1
0,184,981,0,0,18.9257,5.9973,12.1277,0.0,0.0,1727,1122.0,0.0,0.0,10.93,8.01,0.0,0.0,83,0.0,0.0,0.0,one,SR,1
0,3787,8291,3146,0,43.7259,11.9367,10.3291,20.0824,0.0,1772,799.0,1740.0,0.0,6.21,5.51,8.27,0.0,32,0.0,0.0,0.0,many,SR,2
0,1717,9756,0,0,19.3068,6.947,11.579,0.0,0.0,1670,1066.0,0.0,0.0,10.51,7.81,0.0,0.0,6,0.0,0.0,0.0,one,SR,1
0,2153,6145,2294,0,41.5776,10.8864,10.9095,18.4327,0.0,1930,855.0,1651.0,0.0,8.12,5.66,7.83,0.0,86,0.0,52.0,0.0,many,SR,2
0,2244,1181,0,0,13.6438,3.7004,9.2471,0.0,0.0,1596,827.0,0.0,0.0,10.49,6.96,0.0,0.0,175,0.0,0.0,0.0,one,SR,1
0,1381,9708,5219,0,48.5301,10.4548,10.0671,26.4155,0.0,2687,1048.0,2401.0,0.0,13.88,5.66,10.27,0.0,265,196.0,26.0,0.0,many,SR,2
0,2750,7197,0,0,14.6135,3.6336,10.2472,0.0,0.0,1438,930.0,0.0,0.0,8.5,7.33,0.0,0.0,202,0.0,0.0,0.0,one,SR,1
0,2811,3951,0,0,15.2406,5.1062,9.431,0.0,0.0,1602,847.0,0.0,0.0,10.49,7.03,0.0,0.0,84,0.0,0.0,0.0,one,SR,1
0,1958,4755,0,0,15.1321,5.6719,8.7805,0.0,0.0,1664,780.0,0.0,0.0,11.35,6.8,0.0,0.0,31,0.0,0.0,0.0,one,SR,1
0,372,806,0,0,14.339,5.3481,8.3275,0.0,0.0,1125,734.0,0.0,0.0,5.84,6.63,0.0,0.0,43,0.0,0.0,0.0,one,SR,1
278,2007,9148,5058,0,62.3734,5.2754,47.3013,8.8247,0.0,1861,4074.0,1137.0,0.0,10.79,10.92,7.8,0.0,237,67.0,212.0,0.0,many,RT,2
0,2692,6139,0,0,14.0957,4.6076,8.8076,0.0,0.0,1617,782.0,0.0,0.0,10.85,6.8,0.0,0.0,104,0.0,0.0,0.0,one,SR,1
92,239,2958,0,0,13.8921,4.5559,8.7877,0.0,0.0,1207,1158.0,0.0,0.0,7.74,7.49,0.0,0.0,26,248.0,0.0,0.0,one,RT,1
0,4415,1021,0,0,13.2384,4.1019,8.468,0.0,0.0,1336,748.0,0.0,0.0,8.01,6.68,0.0,0.0,131,0.0,0.0,0.0,one,SR,1
0,1939,2583,0,0,11.8337,2.5922,8.5695,0.0,0.0,1443,758.0,0.0,0.0,9.1,6.72,0.0,0.0,236,0.0,0.0,0.0,one,SR,1
39,854,2157,220,0,52.5777,6.3123,18.0287,27.2689,0.0,1437,1470.0,3440.0,0.0,6.38,7.14,10.54,0.0,164,-24.0,753.0,0.0,many,RT,2
0,3243,7513,5371,0,36.922,9.1148,13.6874,12.8481,0.0,1755,1172.0,1129.0,0.0,6.98,6.46,6.26,0.0,159,37.0,64.0,0.0,many,SR,2
0,3802,5778,5777,0,64.856,16.4212,23.2904,23.2904,0.0,3411,2057.0,2057.0,0.0,19.13,9.27,9.27,0.0,18,0.0,0.0,0.0,many,SR,2
1,3571,5495,5494,0,34.3758,4.3465,14.6379,14.6379,0.0,1409,1605.0,1605.0,0.0,8.01,6.77,6.77,0.0,166,295.0,295.0,0.0,many,TR,2
164,511,9757,7126,2619,83.0733,12.3214,21.5817,24.1,23.6335,1737,2855.0,2773.0,2582.0,5.31,9.09,8.58,8.7,42,716.0,538.0,413.0,many,TR,3
0,4789,64,63,0,49.5185,12.5457,17.732,17.732,0.0,2036,1509.0,1509.0,0.0,7.8,7.54,7.54,0.0,71,0.0,0.0,0.0,many,SR,2
0,3708,6729,3981,687,65.1566,15.212,16.2161,16.6884,14.9271,1769,1425.0,1406.0,1238.0,-0.44,7.15,7.23,6.75,260,45.0,-1.0,0.0,many,SR,3
157,2553,9460,6132,0,62.4563,7.1649,23.2148,31.229,0.0,1241,2562.0,2899.0,0.0,5.4,9.24,9.24,0.0,32,391.0,189.0,0.0,many,TR,2
201,3750,5819,310,0,78.3446,6.7169,38.3065,32.5112,0.0,2689,3971.0,3440.0,0.0,20.95,10.69,10.41,0.0,39,517.0,460.0,0.0,many,RT,2
0,1714,7953,6560,0,53.0092,13.3785,21.4488,16.592,0.0,3624,1875.0,1398.0,0.0,23.74,8.7,7.2,0.0,64,0.0,0.0,0.0,many,SR,2
48,3045,2898,0,0,20.3356,3.8669,15.9887,0.0,0.0,1306,1502.0,0.0,0.0,9.39,7.8,0.0,0.0,31,80.0,0.0,0.0,one,TR,1
157,2558,2384,1200,0,57.1383,4.0373,15.8855,36.4435,0.0,1422,1987.0,2896.0,0.0,7.98,7.85,8.87,0.0,199,452.0,-91.0,0.0,many,RT,2
38,2001,8838,3806,2663,95.6058,15.4166,31.9876,28.3164,18.1724,2036,2758.0,2749.0,1783.0,5.96,9.71,9.71,8.71,0,11.0,214.0,117.0,many,TR,3
117,1489,7071,0,0,21.6874,3.1476,18.0294,0.0,0.0,1140,2418.0,0.0,0.0,7.38,9.1,0.0,0.0,99,586.0,0.0,0.0,one,TR,1
52,891,8746,0,0,12.8881,2.3933,9.9851,0.0,0.0,1429,1465.0,0.0,0.0,10.42,8.1,0.0,0.0,150,378.0,0.0,0.0,one,TR,1
246,4576,5469,1128,0,47.2814,5.0335,14.6778,26.6123,0.0,1588,1128.0,2261.0,0.0,8.05,6.76,8.82,0.0,245,-70.0,-9.0,0.0,many,TR,2
0,1595,9224,5776,0,63.2481,16.0843,21.8694,23.4788,0.0,2134,1917.0,2075.0,0.0,6.07,8.83,9.33,0.0,18,0.0,0.0,0.0,many,SR,2
168,1811,4646,31,0,28.6919,4.5073,12.3129,11.0295,0.0,1364,1388.0,1592.0,0.0,6.74,6.91,7.51,0.0,210,254.0,449.0,0.0,many,RT,2
162,3182,784,0,0,18.0056,2.225,15.3204,0.0,0.0,1217,1668.0,0.0,0.0,8.64,7.6,0.0,0.0,131,256.0,0.0,0.0,one,TR,1
0,1932,8288,0,0,34.3471,9.6955,23.3967,0.0,0.0,2651,2311.0,0.0,0.0,16.54,12.55,0.0,0.0,109,0.0,0.0,0.0,one,SR,1
0,501,7242,0,0,18.8205,4.8898,13.0947,0.0,0.0,1936,1222.0,0.0,0.0,12.8,8.36,0.0,0.0,180,0.0,0.0,0.0,one,SR,1
208,1483,8458,0,0,18.0033,1.8292,15.6697,0.0,0.0,1205,1841.0,0.0,0.0,8.11,8.04,0.0,0.0,185,342.0,0.0,0.0,one,RT,1
0,3467,8959,6635,0,35.4919,6.8548,17.2493,10.1037,0.0,2672,1462.0,778.0,0.0,16.5,7.4,5.45,0.0,321,0.0,0.0,0.0,many,SR,2
0,2944,3021,196,0,32.4452,7.1607,14.4405,9.646,0.0,1491,1205.0,768.0,0.0,4.87,6.63,5.35,0.0,247,9.0,24.0,0.0,many,SR,2
136,1266,5049,0,0,23.9683,0.4858,22.976,0.0,0.0,1670,2413.0,0.0,0.0,12.98,9.07,0.0,0.0,278,301.0,0.0,0.0,one,RT,1
9,3716,505,0,0,22.8306,5.3532,16.815,0.0,0.0,1842,2430.0,0.0,0.0,13.38,9.62,0.0,0.0,42,635.0,0.0,0.0,one,RT,1
0,2313,678,0,0,23.4405,6.9271,15.585,0.0,0.0,2051,1478.0,0.0,0.0,13.18,9.28,0.0,0.0,98,0.0,0.0,0.0,one,SR,1
0,3122,3752,3508,0,59.0552,13.3318,22.6307,21.3207,0.0,2238,1992.0,1862.0,0.0,7.55,9.06,8.66,0.0,179,0.0,0.0,0.0,many,SR,2
0,4520,5920,5381,0,42.2972,11.8338,15.0532,14.0794,0.0,1935,1252.0,1157.0,0.0,8.34,6.79,6.52,0.0,10,1.0,0.0,0.0,many,SR,2
0,3270,6409,3992,0,43.5504,12.0183,11.183,18.982,0.0,2166,886.0,1633.0,0.0,10.44,5.74,7.93,0.0,20,4.0,1.0,0.0,many,SR,2
0,1325,5192,2065,0,29.129,8.3264,10.0716,9.647,0.0,1198,877.0,734.0,0.0,2.82,5.52,5.32,0.0,98,73.0,0.0,0.0,many,SR,2
99,297,2421,0,0,18.6298,2.9235,15.2496,0.0,0.0,1493,2195.0,0.0,0.0,11.57,8.57,0.0,0.0,81,606.0,0.0,0.0,one,RT,1
0,1757,34,0,0,15.2289,4.9326,9.5872,0.0,0.0,1294,863.0,0.0,0.0,7.21,7.09,0.0,0.0,99,0.0,0.0,0.0,one,SR,1
18,2582,8936,3655,0,51.8599,4.3346,24.3388,22.435,0.0,1695,2528.0,2309.0,0.0,11.03,8.74,8.77,0.0,166,329.0,270.0,0.0,many,RT,2
0,1586,2625,0,0,26.0391,7.7412,17.2978,0.0,0.0,2245,1661.0,0.0,0.0,14.57,10.0,0.0,0.0,86,0.0,0.0,0.0,one,SR,1
49,3703,8625,0,0,22.481,4.5837,17.2989,0.0,0.0,1101,2480.0,0.0,0.0,6.17,8.98,0.0,0.0,55,682.0,0.0,0.0,one,TR,1
0,2816,4557,1637,0,51.0596,8.9651,24.3697,16.0583,0.0,3227,2167.0,1347.0,0.0,18.88,9.61,7.06,0.0,412,3.0,0.0,0.0,many,SR,2
11,3120,8975,7447,4599,69.1241,11.9252,19.6494,16.7593,19.433,1364,2198.0,2075.0,1935.0,2.11,8.14,7.71,7.72,20,381.0,477.0,217.0,many,RT,3
23,3928,6652,0,0,33.9449,4.9938,28.2615,0.0,0.0,3019,3453.0,0.0,0.0,25.49,11.9,0.0,0.0,83,628.0,0.0,0.0,one,TR,1
176,2002,3737,0,0,16.8229,3.7835,12.5531,0.0,0.0,1378,1295.0,0.0,0.0,10.09,7.86,0.0,0.0,41,115.0,0.0,0.0,one,RT,1
0,2862,4103,0,0,41.74,10.9907,29.2498,0.0,0.0,3422,2935.0,0.0,0.0,22.44,15.0,0.0,0.0,171,0.0,0.0,0.0,one,SR,1
0,1922,4047,4046,0,50.5013,8.3094,20.2632,20.2632,0.0,3204,1758.0,1758.0,0.0,18.65,8.33,8.33,0.0,456,0.0,0.0,0.0,many,SR,2
39,3549,8486,0,0,17.1535,3.5033,13.1639,0.0,0.0,1084,1542.0,0.0,0.0,7.0,7.86,0.0,0.0,60,268.0,0.0,0.0,one,RT,1
0,3231,9310,0,0,30.166,7.9436,21.0647,0.0,0.0,3325,2063.0,0.0,0.0,24.49,11.58,0.0,0.0,169,0.0,0.0,0.0,one,SR,1
50,2018,3062,3061,1687,89.4363,12.5356,25.8982,25.8982,23.7027,1875,2547.0,2547.0,2694.0,7.07,8.84,8.84,9.35,6,249.0,249.0,457.0,many,TR,3
0,828,3764,3763,0,53.0417,11.9362,19.736,19.736,0.0,2776,1707.0,1707.0,0.0,14.45,8.17,8.17,0.0,189,0.0,0.0,0.0,many,SR,2
150,4012,9458,3540,0,49.0336,4.5945,22.5897,21.0296,0.0,1670,3041.0,2824.0,0.0,10.16,8.05,8.14,0.0,190,859.0,778.0,0.0,many,TR,2
42,1291,2731,1155,0,48.5025,8.7794,18.1316,20.4769,0.0,1453,1945.0,2566.0,0.0,5.22,8.47,9.68,0.0,86,256.0,525.0,0.0,many,RT,2
186,4762,3553,2435,1963,68.4447,10.008,25.3597,16.354,15.5778,3140,2809.0,1931.0,1537.0,22.66,8.88,7.79,6.78,21,477.0,386.0,188.0,many,RT,3
278,4419,9093,0,0,41.9444,2.4533,39.0316,0.0,0.0,1384,2704.0,0.0,0.0,10.4,10.59,0.0,0.0,115,-484.0,0.0,0.0,one,TR,1
50,3484,6477,3202,1340,69.53,11.2608,23.1584,17.6214,16.1854,1331,1870.0,2363.0,2126.0,2.24,8.48,9.28,8.28,33,-90.0,557.0,516.0,many,RT,3
262,2363,3904,0,0,48.2309,7.308,39.8342,0.0,0.0,2604,4099.0,0.0,0.0,17.54,14.89,0.0,0.0,170,286.0,0.0,0.0,one,TR,1
68,1468,8425,6504,0,39.8546,6.2615,17.3267,15.3644,0.0,2112,2351.0,1544.0,0.0,14.06,8.5,7.52,0.0,127,609.0,164.0,0.0,many,RT,2
49,3651,7338,5564,0,66.7742,6.493,23.6454,35.8688,0.0,1052,3025.0,2248.0,0.0,4.14,8.86,8.81,0.0,28,740.0,-548.0,0.0,many,RT,2
0,173,6007,4070,0,36.1884,10.3135,12.347,12.3174,0.0,1381,992.0,1000.0,0.0,3.61,6.05,6.05,0.0,40,0.0,8.0,0.0,many,SR,2
0,3261,951,0,0,38.3697,10.5305,26.4565,0.0,0.0,2816,2637.0,0.0,0.0,17.12,13.83,0.0,0.0,131,0.0,0.0,0.0,one,SR,1
114,1984,2028,0,0,33.5201,6.1362,26.5547,0.0,0.0,2759,3182.0,0.0,0.0,21.51,12.29,0.0,0.0,91,497.0,0.0,0.0,one,RT,1
0,4029,3667,0,0,34.119,8.2535,24.5616,0.0,0.0,2799,2436.0,0.0,0.0,17.65,13.04,0.0,0.0,238,0.0,0.0,0.0,one,SR,1
0,2819,6234,3443,0,34.4686,8.5992,12.8561,11.8009,0.0,1470,1077.0,940.0,0.0,4.52,6.22,5.9,0.0,158,26.0,0.0,0.0,many,SR,2
281,3133,2458,0,0,25.5966,5.2962,19.6062,0.0,0.0,1261,2463.0,0.0,0.0,6.99,9.94,0.0,0.0,65,482.0,0.0,0.0,one,RT,1
0,3494,9705,0,0,24.2706,7.7257,15.615,0.0,0.0,1707,1482.0,0.0,0.0,9.55,9.3,0.0,0.0,44,0.0,0.0,0.0,one,SR,1
180,2809,6597,2498,0,44.4763,6.8273,17.6181,19.2309,0.0,1259,2215.0,1363.0,0.0,6.02,8.02,6.98,0.0,26,517.0,-165.0,0.0,many,RT,2
233,3650,3938,0,0,21.1573,1.2489,19.3889,0.0,0.0,1751,1584.0,0.0,0.0,13.71,8.2,0.0,0.0,234,-75.0,0.0,0.0,one,RT,1
86,3797,6662,0,0,20.5549,2.4462,17.5884,0.0,0.0,1944,1884.0,0.0,0.0,15.73,8.2,0.0,0.0,153,256.0,0.0,0.0,one,TR,1
233,3514,680,0,0,20.3626,1.8555,18.0406,0.0,0.0,1309,2269.0,0.0,0.0,9.55,8.67,0.0,0.0,160,497.0,0.0,0.0,one,RT,1
124,1022,6768,0,0,19.424,4.6811,14.1707,0.0,0.0,1117,2022.0,0.0,0.0,6.58,8.72,0.0,0.0,32,527.0,0.0,0.0,one,TR,1
0,3156,5900,0,0,26.4119,8.2937,17.1251,0.0,0.0,2220,1643.0,0.0,0.0,14.37,9.93,0.0,0.0,44,0.0,0.0,0.0,one,SR,1
0,4811,107,0,0,17.7145,5.8809,11.0712,0.0,0.0,1302,1014.0,0.0,0.0,6.81,7.62,0.0,0.0,67,0.0,0.0,0.0,one,SR,1
0,557,3910,0,0,16.7272,4.2984,11.6454,0.0,0.0,1633,1073.0,0.0,0.0,10.1,7.83,0.0,0.0,188,0.0,0.0,0.0,one,SR,1
0,1137,7130,5078,0,50.9538,13.3702,14.323,21.7221,0.0,2852,1181.0,1918.0,0.0,16.1,6.59,8.8,0.0,33,0.0,11.0,0.0,many,SR,2
0,917,1741,0,0,20.1596,5.0963,14.1881,0.0,0.0,3078,1333.0,0.0,0.0,24.44,8.75,0.0,0.0,190,0.0,0.0,0.0,one,SR,1
0,518,9038,1090,0,45.7353,12.1084,13.7617,18.4391,0.0,1649,1127.0,1649.0,0.0,4.48,6.44,7.83,0.0,50,0.0,50.0,0.0,many,SR,2
38,3306,8582,3155,2523,83.4046,11.5481,36.653,8.8666,24.9196,2150,2890.0,1161.0,2885.0,9.82,9.82,6.94,10.41,83,-162.0,277.0,472.0,many,RT,3
0,3383,5436,0,0,14.4033,3.1748,10.4872,0.0,0.0,1815,954.0,0.0,0.0,12.39,7.41,0.0,0.0,239,0.0,0.0,0.0,one,SR,1
0,4392,2541,0,0,21.049,7.1246,13.0888,0.0,0.0,1814,1221.0,0.0,0.0,11.53,8.36,0.0,0.0,27,0.0,0.0,0.0,one,SR,1
0,4234,6500,0,0,13.8403,4.0203,9.128,0.0,0.0,1167,815.0,0.0,0.0,6.02,6.92,0.0,0.0,151,0.0,0.0,0.0,one,SR,1
0,3010,7790,0,0,17.9634,6.5484,10.667,0.0,0.0,2256,973.0,0.0,0.0,16.96,7.48,0.0,0.0,13,0.0,0.0,0.0,one,SR,1
0,152,7375,3314,0,32.6449,9.5742,10.7735,11.1606,0.0,1535,849.0,879.0,0.0,5.89,5.63,5.73,0.0,45,5.0,0.0,0.0,many,SR,2
0,4561,9678,0,0,18.081,5.5391,11.7548,0.0,0.0,1578,1084.0,0.0,0.0,9.48,7.87,0.0,0.0,106,0.0,0.0,0.0,one,SR,1
88,332,6528,4662,0,29.2911,7.4383,12.0555,8.9653,0.0,1223,1618.0,1077.0,0.0,5.35,7.11,6.21,0.0,4,433.0,249.0,0.0,many,RT,2
0,5,6857,0,0,17.2028,6.2494,10.2217,0.0,0.0,1520,927.0,0.0,0.0,9.37,7.32,0.0,0.0,23,0.0,0.0,0.0,one,SR,1
0,564,7964,0,0,15.8161,4.1823,10.8781,0.0,0.0,1487,995.0,0.0,0.0,8.81,7.56,0.0,0.0,179,0.0,0.0,0.0,one,SR,1
0,2098,9082,0,0,15.6394,4.4957,10.4053,0.0,0.0,1661,946.0,0.0,0.0,10.79,7.38,0.0,0.0,147,0.0,0.0,0.0,one,SR,1
0,3393,4660,0,0,17.3347,6.4661,10.1397,0.0,0.0,1922,919.0,0.0,0.0,13.62,7.29,0.0,0.0,7,0.0,0.0,0.0,one,SR,1
134,3014,1712,0,0,11.1096,1.3252,9.3211,0.0,0.0,1323,1034.0,0.0,0.0,9.72,7.63,0.0,0.0,194,115.0,0.0,0.0,one,RT,1
191,716,3296,0,0,15.1723,4.6788,9.8911,0.0,0.0,1142,1502.0,0.0,0.0,6.57,8.02,0.0,0.0,51,416.0,0.0,0.0,one,RT,1
0,2729,9674,0,0,16.3102,6.2511,9.3585,0.0,0.0,2271,839.0,0.0,0.0,17.54,7.01,0.0,0.0,4,0.0,0.0,0.0,one,SR,1
0,2475,4296,0,0,16.3866,6.1598,9.5205,0.0,0.0,1081,855.0,0.0,0.0,4.99,7.06,0.0,0.0,14,0.0,0.0,0.0,one,SR,1
0,1505,6660,0,0,16.3323,6.1985,9.4307,0.0,0.0,2269,846.0,0.0,0.0,17.5,7.03,0.0,0.0,9,0.0,0.0,0.0,one,SR,1
0,277,2779,0,0,14.9651,5.7294,8.5638,0.0,0.0,1081,758.0,0.0,0.0,5.3,6.72,0.0,0.0,22,0.0,0.0,0.0,one,SR,1
0,4620,262,0,0,15.103,5.8514,8.5792,0.0,0.0,1355,759.0,0.0,0.0,8.18,6.72,0.0,0.0,14,0.0,0.0,0.0,one,SR,1
0,3657,9807,0,0,14.9257,5.5767,8.6731,0.0,0.0,2439,769.0,0.0,0.0,19.53,6.76,0.0,0.0,35,0.0,0.0,0.0,one,SR,1
0,649,8987,12,0,64.5464,13.9781,22.5354,26.0955,0.0,2735,2008.0,2525.0,0.0,11.28,9.06,10.32,0.0,236,18.0,136.0,0.0,many,SR,2
0,2912,5914,228,0,38.7101,8.1699,16.4559,12.7513,0.0,1846,1385.0,1031.0,0.0,7.39,7.17,6.16,0.0,261,0.0,0.0,0.0,many,SR,2
0,1128,7859,385,0,57.7685,10.772,16.9587,28.2271,0.0,2948,1433.0,2546.0,0.0,14.66,7.3,10.8,0.0,377,0.0,2.0,0.0,many,SR,2
0,3342,6997,5556,0,40.3553,10.7625,13.4194,14.8564,0.0,1505,1109.0,1333.0,0.0,3.95,6.36,6.81,0.0,75,10.0,72.0,0.0,many,SR,2
210,365,5942,5941,0,62.1137,8.1422,26.4222,26.4222,0.0,2490,2831.0,2831.0,0.0,16.0,9.64,9.64,0.0,137,389.0,389.0,0.0,many,RT,2
136,1779,5757,5722,0,58.5433,7.3893,22.2007,28.0578,0.0,1571,2162.0,3783.0,0.0,8.44,8.26,9.69,0.0,46,200.0,1017.0,0.0,many,TR,2
0,1991,6706,0,0,32.6285,10.244,21.2205,0.0,0.0,2419,2079.0,0.0,0.0,14.92,11.64,0.0,0.0,16,0.0,0.0,0.0,one,SR,1
7,594,9990,0,0,14.6287,2.8801,11.1764,0.0,0.0,1189,1220.0,0.0,0.0,7.33,7.72,0.0,0.0,155,145.0,0.0,0.0,one,TR,1
249,1874,8821,8444,2187,125.2153,11.6973,28.2768,46.1211,37.7853,3227,2489.0,4368.0,2461.0,21.87,9.46,10.45,9.44,22,33.0,385.0,-532.0,many,RT,3
72,4758,4183,0,0,24.464,3.3283,20.625,0.0,0.0,1579,2641.0,0.0,0.0,11.98,9.11,0.0,0.0,87,607.0,0.0,0.0,one,RT,1
0,3658,9539,1558,0,31.697,8.422,11.43,10.6916,0.0,1982,1062.0,834.0,0.0,10.43,5.93,5.6,0.0,134,113.0,0.0,0.0,many,SR,2
0,2718,5229,3226,0,42.6973,11.0003,10.4951,19.8216,0.0,2022,861.0,1738.0,0.0,8.81,5.59,8.21,0.0,97,33.0,16.0,0.0,many,SR,2
160,861,8812,3864,0,51.7659,8.9452,16.6268,25.0631,0.0,1353,2226.0,2426.0,0.0,4.03,8.72,9.58,0.0,84,542.0,162.0,0.0,many,RT,2
0,4954,8507,3753,0,29.9768,8.9158,9.6119,10.3628,0.0,1762,778.0,801.0,0.0,8.72,5.35,5.51,0.0,59,34.0,-1.0,0.0,many,SR,2
0,1636,9128,0,0,20.5681,5.7817,13.9207,0.0,0.0,1859,1306.0,0.0,0.0,11.73,8.66,0.0,0.0,137,0.0,0.0,0.0,one,SR,1
0,4771,1825,1447,0,28.364,6.6404,10.6351,9.9778,0.0,1385,830.0,896.0,0.0,4.55,5.59,5.52,0.0,229,1.0,93.0,0.0,many,SR,2
195,1832,5216,0,0,37.8539,5.5979,31.6229,0.0,0.0,1594,2707.0,0.0,0.0,11.04,11.33,0.0,0.0,7,-100.0,0.0,0.0,one,RT,1
48,3145,4224,2093,0,71.0758,9.4855,43.2636,16.8935,0.0,2159,4427.0,2371.0,0.0,9.77,14.06,8.27,0.0,233,387.0,663.0,0.0,many,RT,2
66,4579,5127,1598,0,75.8045,7.797,22.2121,44.9118,0.0,1057,2666.0,2624.0,0.0,3.15,8.48,10.36,0.0,11,571.0,-868.0,0.0,many,RT,2
252,1100,4289,3755,0,52.3505,8.9402,23.8785,18.4637,0.0,1595,2414.0,2237.0,0.0,7.13,9.34,8.34,0.0,46,234.0,467.0,0.0,many,TR,2
164,4701,9366,8899,0,63.3727,8.1387,17.5349,36.7427,0.0,1221,2057.0,3182.0,0.0,4.21,7.68,9.89,0.0,32,421.0,51.0,0.0,many,RT,2
262,2698,296,0,0,24.6876,4.3776,19.8045,0.0,0.0,1298,1895.0,0.0,0.0,9.08,8.05,0.0,0.0,12,146.0,0.0,0.0,one,RT,1
14,919,3606,0,0,17.5109,3.0433,14.0099,0.0,0.0,1524,1355.0,0.0,0.0,11.88,7.58,0.0,0.0,74,94.0,0.0,0.0,one,RT,1
233,1338,7548,3668,0,66.547,5.9247,17.9141,41.7554,0.0,1993,1453.0,3647.0,0.0,12.35,7.04,10.49,0.0,181,-24.0,84.0,0.0,many,RT,2
0,1577,4424,1734,0,30.2261,6.9332,11.0512,11.1001,0.0,1709,868.0,872.0,0.0,7.67,5.7,5.71,0.0,228,0.0,-1.0,0.0,many,SR,2
85,556,9347,4576,0,46.6068,7.6885,19.9411,17.9586,0.0,1528,2736.0,2153.0,0.0,6.88,8.55,7.63,0.0,101,750.0,472.0,0.0,many,RT,2
86,209,7915,0,0,22.5275,1.2543,20.7624,0.0,0.0,1588,2527.0,0.0,0.0,12.08,9.11,0.0,0.0,228,512.0,0.0,0.0,one,RT,1
0,2210,9384,8306,0,47.3654,11.1981,17.2975,17.3854,0.0,2127,1466.0,1474.0,0.0,8.97,7.41,7.44,0.0,148,0.0,-1.0,0.0,many,SR,2
252,2329,2999,0,0,13.5242,1.4783,11.5525,0.0,0.0,1263,1003.0,0.0,0.0,8.82,7.93,0.0,0.0,202,-54.0,0.0,0.0,one,RT,1
157,4534,8131,0,0,37.014,1.2346,35.3221,0.0,0.0,1454,2940.0,0.0,0.0,11.15,9.57,0.0,0.0,197,-34.0,0.0,0.0,one,TR,1
0,4931,7535,4373,0,57.8864,11.3964,22.427,22.2654,0.0,2303,1971.0,1983.0,0.0,8.0,9.0,8.98,0.0,326,0.0,19.0,0.0,many,SR,2
0,466,9915,0,0,17.2488,5.6738,10.8214,0.0,0.0,1767,989.0,0.0,0.0,11.77,7.54,0.0,0.0,76,0.0,0.0,0.0,one,SR,1
0,1884,1431,0,0,16.3481,5.1095,10.497,0.0,0.0,1447,955.0,0.0,0.0,8.52,7.42,0.0,0.0,107,0.0,0.0,0.0,one,SR,1
0,1896,9004,3175,0,66.9336,13.3648,21.9849,29.5565,0.0,3273,1928.0,2891.0,0.0,16.12,8.86,11.41,0.0,333,0.0,154.0,0.0,many,SR,2
39,4098,8786,5398,0,58.5904,8.1241,30.0781,19.3413,0.0,1788,3403.0,2809.0,0.0,9.35,9.93,9.54,0.0,89,599.0,783.0,0.0,many,RT,2
0,1002,2760,2759,0,34.3758,10.2456,11.4832,11.4832,0.0,1810,910.0,910.0,0.0,8.53,5.82,5.82,0.0,16,0.0,0.0,0.0,many,SR,2
203,319,4883,4549,0,86.1981,9.0496,27.1998,48.8017,0.0,1438,2938.0,4003.0,0.0,4.78,9.85,11.62,0.0,87,414.0,-113.0,0.0,many,RT,2
265,1205,5273,2558,0,86.8216,8.0156,28.8571,48.8618,0.0,2779,3774.0,2843.0,0.0,19.4,10.46,10.41,0.0,121,921.0,-931.0,0.0,many,RT,2
160,3766,8999,2453,0,66.2474,5.0236,38.6493,21.7269,0.0,2000,3247.0,2686.0,0.0,13.37,10.44,8.04,0.0,178,-40.0,639.0,0.0,many,RT,2
51,1465,6835,0,0,31.1046,5.2795,25.0626,0.0,0.0,2151,3074.0,0.0,0.0,15.72,11.62,0.0,0.0,108,538.0,0.0,0.0,one,RT,1
0,3417,9888,7290,0,42.5437,10.6215,17.8161,12.7243,0.0,1930,1558.0,1099.0,0.0,7.83,7.61,6.21,0.0,124,29.0,51.0,0.0,many,SR,2
0,4126,9865,0,0,25.6777,7.7785,16.9151,0.0,0.0,1813,1620.0,0.0,0.0,10.18,9.84,0.0,0.0,74,0.0,0.0,0.0,one,SR,1
212,482,4227,0,0,25.3454,3.5658,21.0433,0.0,0.0,2013,3215.0,0.0,0.0,14.51,11.36,0.0,0.0,209,891.0,0.0,0.0,one,RT,1
79,2113,2520,0,0,26.0007,5.1841,19.8662,0.0,0.0,2316,3497.0,0.0,0.0,15.77,14.5,0.0,0.0,230,993.0,0.0,0.0,one,RT,1
0,631,7013,3709,0,34.7392,9.0795,12.1015,12.3539,0.0,1282,968.0,996.0,0.0,2.62,5.98,6.06,0.0,120,0.0,2.0,0.0,many,SR,2
0,3704,522,0,0,18.0067,4.9076,12.2921,0.0,0.0,1827,1140.0,0.0,0.0,11.92,8.07,0.0,0.0,161,0.0,0.0,0.0,one,SR,1
0,4478,3167,0,0,17.8676,3.9894,13.044,0.0,0.0,1786,1217.0,0.0,0.0,11.25,8.34,0.0,0.0,240,0.0,0.0,0.0,one,SR,1
38,858,6028,4165,2414,71.8674,8.874,24.8144,12.8874,24.167,1221,3027.0,1719.0,2741.0,2.7,8.8,6.71,8.73,85,678.0,485.0,502.0,many,RT,3
0,1558,8240,0,0,22.5515,6.3839,15.2529,0.0,0.0,2078,1443.0,0.0,0.0,13.59,9.15,0.0,0.0,126,0.0,0.0,0.0,one,SR,1
0,1378,4280,0,0,24.983,8.3426,15.707,0.0,0.0,2076,1491.0,0.0,0.0,13.4,9.33,0.0,0.0,4,0.0,0.0,0.0,one,SR,1
120,773,1636,0,0,18.1721,5.0841,12.4914,0.0,0.0,1079,1788.0,0.0,0.0,5.96,8.97,0.0,0.0,20,431.0,0.0,0.0,one,TR,1
0,3392,8717,0,0,22.8322,7.6999,14.2546,0.0,0.0,1552,1340.0,0.0,0.0,8.4,8.78,0.0,0.0,14,0.0,0.0,0.0,one,SR,1
88,2530,2327,0,0,15.7191,2.4344,12.7916,0.0,0.0,1203,1563.0,0.0,0.0,8.19,7.93,0.0,0.0,137,302.0,0.0,0.0,one,RT,1
157,2616,5428,4765,0,62.0332,4.5726,46.6026,10.0536,0.0,1241,2641.0,1360.0,0.0,5.79,10.01,7.04,0.0,182,-932.0,355.0,0.0,many,RT,2
0,4854,8823,0,0,15.642,5.3318,9.6008,0.0,0.0,1271,864.0,0.0,0.0,6.96,7.09,0.0,0.0,72,0.0,0.0,0.0,one,SR,1
0,4724,9504,8814,0,62.7839,16.0823,23.6668,21.2319,0.0,2108,2108.0,1854.0,0.0,5.91,9.4,8.63,0.0,10,10.0,0.0,0.0,many,SR,2
0,2771,633,0,0,18.2111,5.4807,11.9365,0.0,0.0,1754,1103.0,0.0,0.0,11.27,7.94,0.0,0.0,114,0.0,0.0,0.0,one,SR,1
36,1685,1747,0,0,16.5251,4.4653,11.4734,0.0,0.0,1930,1750.0,0.0,0.0,14.99,8.86,0.0,0.0,56,466.0,0.0,0.0,one,RT,1
0,3055,4184,0,0,15.7979,3.7537,11.2744,0.0,0.0,1375,1035.0,0.0,0.0,7.51,7.7,0.0,0.0,217,0.0,0.0,0.0,one,SR,1
0,3607,5027,0,0,14.4709,5.3769,8.4271,0.0,0.0,2122,744.0,0.0,0.0,16.28,6.67,0.0,0.0,43,0.0,0.0,0.0,one,SR,1
0,4404,2798,0,0,12.4336,3.3497,8.4173,0.0,0.0,1366,743.0,0.0,0.0,8.34,6.67,0.0,0.0,181,0.0,0.0,0.0,one,SR,1
0,957,7086,5165,0,36.6367,10.7591,14.4563,10.2106,0.0,1222,1207.0,787.0,0.0,1.93,6.63,5.47,0.0,10,10.0,-1.0,0.0,many,SR,2
0,2865,6097,0,0,15.1637,4.0991,10.3291,0.0,0.0,1654,938.0,0.0,0.0,10.75,7.36,0.0,0.0,172,0.0,0.0,0.0,one,SR,1
0,2095,9236,0,0,16.4851,5.7113,10.0481,0.0,0.0,1538,910.0,0.0,0.0,9.62,7.26,0.0,0.0,56,0.0,0.0,0.0,one,SR,1
0,4922,3622,0,0,15.327,5.7795,8.8646,0.0,0.0,1652,789.0,0.0,0.0,11.2,6.83,0.0,0.0,25,0.0,0.0,0.0,one,SR,1
0,3575,3505,0,0,14.2508,4.8576,8.7159,0.0,0.0,3085,773.0,0.0,0.0,26.3,6.77,0.0,0.0,85,0.0,0.0,0.0,one,SR,1
0,1942,469,0,0,13.1061,3.4903,8.9308,0.0,0.0,1706,795.0,0.0,0.0,11.75,6.85,0.0,0.0,183,0.0,0.0,0.0,one,SR,1
0,3962,9153,6338,0,43.9553,12.2805,13.7265,16.5857,0.0,1396,1124.0,1396.0,0.0,2.39,6.43,7.2,0.0,-1,0.0,-1.0,0.0,many,SR,2
92,3450,3285,0,0,21.3573,5.4872,15.2066,0.0,0.0,1416,1949.0,0.0,0.0,8.9,9.63,0.0,0.0,33,360.0,0.0,0.0,one,TR,1
234,3826,9394,5496,0,52.9161,5.3749,24.236,22.5605,0.0,1144,1698.0,1995.0,0.0,5.31,7.73,7.71,0.0,91,-239.0,84.0,0.0,many,RT,2
0,2818,7699,7651,0,38.4048,9.7196,12.6067,14.794,0.0,2130,1017.0,1233.0,0.0,10.8,6.12,6.72,0.0,126,0.0,5.0,0.0,many,SR,2
136,1119,5608,0,0,33.0306,3.6162,28.9425,0.0,0.0,1346,2963.0,0.0,0.0,9.89,9.72,0.0,0.0,43,341.0,0.0,0.0,one,RT,1
42,1484,858,695,0,53.1889,9.5706,21.5368,21.0099,0.0,2140,1917.0,2232.0,0.0,12.83,8.4,8.32,0.0,5,44.0,319.0,0.0,many,RT,2
0,1246,6921,3178,0,28.3751,7.1016,10.65,9.5319,0.0,1235,873.0,723.0,0.0,3.14,5.63,5.29,0.0,186,31.0,0.0,0.0,many,SR,2
136,1236,5359,0,0,20.3224,3.4703,16.3626,0.0,0.0,1105,1971.0,0.0,0.0,7.2,8.9,0.0,0.0,64,353.0,0.0,0.0,one,RT,1
0,4666,6680,0,0,25.6391,5.7014,18.8717,0.0,0.0,2365,1829.0,0.0,0.0,15.24,10.66,0.0,0.0,266,0.0,0.0,0.0,one,SR,1
0,3897,3420,1025,0,60.7581,14.5365,22.4747,21.9582,0.0,2160,1996.0,1925.0,0.0,6.58,9.03,8.85,0.0,107,14.0,0.0,0.0,many,SR,2
0,2540,9653,7813,0,35.1612,10.4059,9.9134,13.6598,0.0,1154,760.0,1140.0,0.0,1.48,5.39,6.43,0.0,16,0.0,16.0,0.0,many,SR,2
181,2200,9142,0,0,34.3275,2.6794,31.1716,0.0,0.0,1494,2757.0,0.0,0.0,11.4,9.76,0.0,0.0,110,54.0,0.0,0.0,one,TR,1
262,2851,3594,0,0,27.46,3.1374,23.8539,0.0,0.0,1085,1512.0,0.0,0.0,7.17,8.69,0.0,0.0,74,-414.0,0.0,0.0,one,RT,1
164,3461,226,0,0,13.6467,2.344,10.7983,0.0,0.0,1282,1310.0,0.0,0.0,8.92,8.04,0.0,0.0,150,217.0,0.0,0.0,one,RT,1
0,2965,4864,0,0,23.6047,7.9646,14.7448,0.0,0.0,2524,1390.0,0.0,0.0,18.44,8.95,0.0,0.0,7,0.0,0.0,0.0,one,SR,1
162,419,7948,2919,0,44.6428,6.1663,16.9914,20.7292,0.0,1823,2091.0,2714.0,0.0,12.34,6.77,7.79,0.0,44,530.0,732.0,0.0,many,RT,2
136,4486,6178,5804,0,84.1639,6.3099,49.4972,27.4571,0.0,1848,4166.0,2855.0,0.0,11.31,10.59,9.41,0.0,122,30.0,361.0,0.0,many,RT,2
184,2446,7131,3510,0,64.6706,7.6774,33.9878,21.9481,0.0,1385,3536.0,2337.0,0.0,5.03,10.58,8.99,0.0,126,439.0,306.0,0.0,many,RT,2
78,4482,6740,0,0,24.7642,5.2291,18.855,0.0,0.0,1707,2230.0,0.0,0.0,11.8,10.8,0.0,0.0,61,298.0,0.0,0.0,one,RT,1
0,4488,5277,0,0,18.3462,5.1118,12.4228,0.0,0.0,1532,1153.0,0.0,0.0,8.78,8.12,0.0,0.0,150,0.0,0.0,0.0,one,SR,1
0,4352,9744,4667,0,26.7206,5.9068,9.8601,9.8776,0.0,1936,754.0,755.0,0.0,10.64,5.38,5.38,0.0,258,0.0,-1.0,0.0,many,SR,2
272,1064,9108,0,0,35.595,3.2659,31.8092,0.0,0.0,1228,2502.0,0.0,0.0,8.21,10.2,0.0,0.0,97,-202.0,0.0,0.0,one,RT,1
136,4750,472,0,0,25.5204,4.4499,20.4873,0.0,0.0,2815,2938.0,0.0,0.0,24.31,9.83,0.0,0.0,55,799.0,0.0,0.0,one,RT,1
23,3927,8021,0,0,33.736,5.081,28.0294,0.0,0.0,2430,3291.0,0.0,0.0,19.88,11.26,0.0,0.0,38,555.0,0.0,0.0,one,TR,1
50,1322,9268,5566,0,74.075,10.6697,32.1724,29.9711,0.0,2528,2944.0,2626.0,0.0,15.19,10.65,9.96,0.0,47,88.0,11.0,0.0,many,RT,2
0,2783,7155,0,0,19.5975,6.4946,12.2959,0.0,0.0,2275,1140.0,0.0,0.0,16.62,8.07,0.0,0.0,53,0.0,0.0,0.0,one,SR,1
162,2603,671,0,0,22.6466,0.1093,22.0824,0.0,0.0,1830,2694.0,0.0,0.0,15.12,8.55,0.0,0.0,272,596.0,0.0,0.0,one,RT,1
0,363,6128,0,0,34.9999,10.7039,23.0552,0.0,0.0,2479,2275.0,0.0,0.0,14.86,12.41,0.0,0.0,32,0.0,0.0,0.0,one,SR,1
52,4766,9012,0,0,34.0002,7.8745,25.2331,0.0,0.0,2386,3881.0,0.0,0.0,17.02,13.93,0.0,0.0,11,1011.0,0.0,0.0,one,RT,1
0,958,8505,0,0,19.997,6.5785,12.6005,0.0,0.0,1266,1171.0,0.0,0.0,5.93,8.18,0.0,0.0,54,0.0,0.0,0.0,one,SR,1
247,4774,9900,0,0,17.9693,4.1793,13.0887,0.0,0.0,1361,2000.0,0.0,0.0,7.98,10.01,0.0,0.0,146,498.0,0.0,0.0,one,RT,1
0,3635,6832,467,0,46.833,11.5952,20.6123,13.149,0.0,4230,1797.0,1138.0,0.0,31.13,8.44,6.32,0.0,116,3.0,50.0,0.0,many,SR,2
124,1698,5609,0,0,18.8651,3.1412,15.1453,0.0,0.0,1273,2111.0,0.0,0.0,8.16,8.79,0.0,0.0,141,535.0,0.0,0.0,one,RT,1
121,2020,2538,0,0,21.1974,5.4199,15.114,0.0,0.0,1379,2238.0,0.0,0.0,8.51,10.63,0.0,0.0,38,528.0,0.0,0.0,one,RT,1
0,866,8307,0,0,15.8876,4.41,10.7275,0.0,0.0,1329,979.0,0.0,0.0,7.2,7.5,0.0,0.0,160,0.0,0.0,0.0,one,SR,1
0,1973,8213,0,0,15.8767,3.8502,11.257,0.0,0.0,1377,1034.0,0.0,0.0,7.53,7.7,0.0,0.0,210,0.0,0.0,0.0,one,SR,1
0,3044,6405,0,0,20.5113,6.9429,12.7451,0.0,0.0,1922,1186.0,0.0,0.0,12.77,8.23,0.0,0.0,32,0.0,0.0,0.0,one,SR,1
0,444,321,0,0,20.6573,7.1883,12.6493,0.0,0.0,1436,1176.0,0.0,0.0,7.7,8.2,0.0,0.0,13,0.0,0.0,0.0,one,SR,1
0,1265,9569,0,0,13.0747,3.8617,8.5421,0.0,0.0,1364,755.0,0.0,0.0,8.28,6.71,0.0,0.0,149,0.0,0.0,0.0,one,SR,1
0,2040,8280,0,0,15.006,3.4841,10.7704,0.0,0.0,1529,983.0,0.0,0.0,9.29,7.51,0.0,0.0,224,0.0,0.0,0.0,one,SR,1
0,4027,5210,4111,0,27.1342,5.5963,10.3103,10.1322,0.0,1923,800.0,780.0,0.0,10.33,5.5,5.45,0.0,291,2.0,0.0,0.0,many,SR,2
0,2596,8292,0,0,15.7751,5.6572,9.4152,0.0,0.0,3020,845.0,0.0,0.0,25.39,7.03,0.0,0.0,46,0.0,0.0,0.0,one,SR,1
0,965,6638,0,0,14.0218,5.1585,8.2044,0.0,0.0,1318,721.0,0.0,0.0,7.91,6.59,0.0,0.0,53,0.0,0.0,0.0,one,SR,1
1,2823,2853,0,0,11.8574,3.7272,7.6296,0.0,0.0,1440,1036.0,0.0,0.0,10.62,8.01,0.0,0.0,53,192.0,0.0,0.0,one,TR,1
0,4584,9395,6747,0,36.2269,8.1879,13.0976,13.6675,0.0,2126,1156.0,1118.0,0.0,10.86,6.33,6.41,0.0,224,66.0,0.0,0.0,many,SR,2
263,4851,4307,0,0,41.5584,4.1269,36.9656,0.0,0.0,1522,2412.0,0.0,0.0,11.79,9.66,0.0,0.0,5,-535.0,0.0,0.0,one,RT,1
262,4304,3999,755,0,77.0025,5.2993,32.2404,38.3811,0.0,2467,2996.0,3041.0,0.0,16.17,10.45,10.36,0.0,303,135.0,-177.0,0.0,many,RT,2
0,3203,8864,7008,0,39.4799,9.2326,10.2169,18.6943,0.0,1778,818.0,1626.0,0.0,6.64,5.5,7.86,0.0,191,21.0,16.0,0.0,many,SR,2
50,4449,5156,3406,0,78.2645,12.1657,31.4542,33.2056,0.0,1762,2755.0,2924.0,0.0,5.55,10.95,11.44,0.0,54,-32.0,-32.0,0.0,many,RT,2
0,2265,3582,224,0,70.4277,14.847,27.0535,26.4509,0.0,2641,2512.0,2368.0,0.0,9.04,10.51,10.25,0.0,262,60.0,0.0,0.0,many,SR,2
233,4326,6872,0,0,21.2609,3.1512,17.5421,0.0,0.0,1185,2087.0,0.0,0.0,7.33,8.68,0.0,0.0,134,386.0,0.0,0.0,one,RT,1
0,782,6918,2314,0,39.8758,10.5648,15.739,12.2671,0.0,1821,1374.0,984.0,0.0,7.38,7.02,6.03,0.0,81,41.0,0.0,0.0,many,SR,2
15,3293,3564,3460,0,44.0032,6.5859,17.2175,19.346,0.0,2103,2145.0,1934.0,0.0,14.4,7.45,8.09,0.0,75,519.0,200.0,0.0,many,RT,2
272,3557,6841,1591,0,66.5369,8.3946,27.6269,29.5005,0.0,2732,2257.0,2644.0,0.0,19.55,9.27,9.88,0.0,51,-96.0,57.0,0.0,many,RT,2
227,4095,4015,0,0,25.9907,4.7062,20.6055,0.0,0.0,1834,2233.0,0.0,0.0,13.15,10.79,0.0,0.0,96,201.0,0.0,0.0,one,TR,1
88,3992,3375,0,0,21.9095,2.6144,18.8109,0.0,0.0,1166,2691.0,0.0,0.0,7.88,8.84,0.0,0.0,119,764.0,0.0,0.0,one,TR,1
136,4503,9554,8547,0,47.3093,5.014,19.4126,22.0291,0.0,1260,2463.0,2797.0,0.0,5.55,8.42,8.11,0.0,182,580.0,702.0,0.0,many,RT,2
0,2980,3350,2313,0,30.7394,9.177,10.1075,10.359,0.0,1964,778.0,801.0,0.0,10.76,5.45,5.51,0.0,47,0.0,-1.0,0.0,many,SR,2
0,3022,9505,0,0,24.7891,6.5927,17.2002,0.0,0.0,2395,1651.0,0.0,0.0,16.18,9.96,0.0,0.0,162,0.0,0.0,0.0,one,SR,1
0,2491,2403,0,0,23.45,4.98,17.4628,0.0,0.0,2250,1679.0,0.0,0.0,14.56,10.07,0.0,0.0,279,0.0,0.0,0.0,one,SR,1
0,1416,2793,1171,0,40.3166,11.5183,16.242,11.2691,0.0,1371,1371.0,889.0,0.0,2.81,7.11,5.76,0.0,5,5.0,0.0,0.0,many,SR,2
10,4089,984,0,0,19.0031,5.3778,13.0156,0.0,0.0,1188,1410.0,0.0,0.0,6.99,9.1,0.0,0.0,8,106.0,0.0,0.0,one,RT,1
38,4601,9933,9622,0,49.9672,6.3463,27.9853,14.8792,0.0,1291,2945.0,1498.0,0.0,6.75,8.72,6.84,0.0,32,439.0,195.0,0.0,many,RT,2
51,1690,8224,5614,0,69.9676,11.7,30.009,26.8993,0.0,2465,3463.0,3373.0,0.0,13.65,10.66,10.94,0.0,37,607.0,700.0,0.0,many,RT,2
0,3822,6032,5833,0,32.8649,8.8257,11.7734,11.0931,0.0,3414,1084.0,872.0,0.0,25.29,6.02,5.71,0.0,118,105.0,0.0,0.0,many,SR,2
284,157,9737,6590,0,92.452,8.7662,27.2528,55.1625,0.0,3479,2330.0,4292.0,0.0,25.09,8.9,13.8,0.0,182,2.0,-382.0,0.0,many,TR,2
0,1721,8285,0,0,36.3827,9.464,25.5728,0.0,0.0,3775,2543.0,0.0,0.0,27.52,13.46,0.0,0.0,181,0.0,0.0,0.0,one,SR,1
0,792,7816,2267,0,38.0952,8.7861,12.7485,15.2572,0.0,1803,1030.0,1311.0,0.0,7.2,6.16,6.87,0.0,201,0.0,29.0,0.0,many,SR,2
85,725,9146,4797,0,42.3479,8.1109,15.611,17.5933,0.0,1438,2064.0,2085.0,0.0,5.8,8.05,8.27,0.0,81,515.0,405.0,0.0,many,RT,2
0,3415,1187,0,0,20.1519,6.0194,13.2898,0.0,0.0,1460,1241.0,0.0,0.0,7.75,8.43,0.0,0.0,107,0.0,0.0,0.0,one,SR,1
0,1230,7794,0,0,24.6893,7.7829,15.962,0.0,0.0,1741,1519.0,0.0,0.0,9.78,9.44,0.0,0.0,49,0.0,0.0,0.0,one,SR,1
0,1748,5183,0,0,19.6023,4.9254,13.8152,0.0,0.0,1833,1295.0,0.0,0.0,11.49,8.62,0.0,0.0,193,0.0,0.0,0.0,one,SR,1
0,2804,1611,0,0,18.8787,5.3692,12.6884,0.0,0.0,1687,1180.0,0.0,0.0,10.32,8.21,0.0,0.0,138,0.0,0.0,0.0,one,SR,1
147,4378,5568,0,0,18.8563,5.226,13.0425,0.0,0.0,2477,1697.0,0.0,0.0,20.72,8.88,0.0,0.0,5,335.0,0.0,0.0,one,TR,1
0,2637,282,0,0,19.7504,6.4938,12.4443,0.0,0.0,2296,1155.0,0.0,0.0,16.8,8.12,0.0,0.0,56,0.0,0.0,0.0,one,SR,1
0,4636,6705,0,0,17.6906,5.5427,11.3742,0.0,0.0,1588,1046.0,0.0,0.0,9.71,7.74,0.0,0.0,97,0.0,0.0,0.0,one,SR,1
0,1146,5059,0,0,15.3662,4.8757,9.7746,0.0,0.0,1378,882.0,0.0,0.0,8.03,7.16,0.0,0.0,107,0.0,0.0,0.0,one,SR,1
0,2808,8835,7811,0,43.3395,11.9287,11.7781,18.2715,0.0,1601,938.0,1566.0,0.0,4.56,5.9,7.71,0.0,22,0.0,3.0,0.0,many,SR,2
18,2489,6133,2158,0,54.5481,5.7477,21.7225,26.3323,0.0,2023,2243.0,2199.0,0.0,14.53,7.72,8.73,0.0,66,320.0,-35.0,0.0,many,RT,2
0,1156,9414,4938,0,33.4292,8.8098,11.7509,11.6915,0.0,3685,941.0,929.0,0.0,28.1,5.9,5.87,0.0,122,4.0,0.0,0.0,many,SR,2
0,4386,1758,0,0,15.9531,3.587,11.585,0.0,0.0,1471,1067.0,0.0,0.0,8.41,7.81,0.0,0.0,235,0.0,0.0,0.0,one,SR,1
0,2708,6834,5297,0,42.9463,12.0437,14.5047,15.0554,0.0,1255,1198.0,1255.0,0.0,1.09,6.64,6.79,0.0,3,0.0,3.0,0.0,many,SR,2
254,2102,9084,4099,0,88.5744,8.7697,35.7836,43.0408,0.0,3394,2861.0,2626.0,0.0,26.81,9.37,10.44,0.0,4,-108.0,-764.0,0.0,many,RT,2
279,4903,6897,3095,0,49.8905,5.7766,23.086,20.294,0.0,1548,2902.0,2443.0,0.0,9.65,8.66,7.68,0.0,57,690.0,557.0,0.0,many,RT,2
162,231,9580,2102,0,49.9818,6.5487,20.1249,22.5454,0.0,1399,1642.0,2205.0,0.0,7.82,7.76,7.87,0.0,22,-48.0,236.0,0.0,many,RT,2
0,2717,8094,4207,0,45.063,11.7815,12.9248,18.9406,0.0,2418,1046.0,1667.0,0.0,12.64,6.21,7.95,0.0,66,-1.0,28.0,0.0,many,SR,2
0,842,9529,4914,0,28.9474,6.5909,10.8954,10.3377,0.0,1704,937.0,800.0,0.0,7.78,5.73,5.51,0.0,240,60.0,0.0,0.0,many,SR,2
140,2474,7306,2610,0,55.6325,6.2652,20.4857,28.1032,0.0,1054,1368.0,1908.0,0.0,4.06,7.81,7.98,0.0,51,-280.0,-315.0,0.0,many,RT,2
247,2008,6321,5598,0,50.9014,6.5377,22.0252,21.3029,0.0,1710,1921.0,2214.0,0.0,8.64,7.95,8.41,0.0,190,45.0,283.0,0.0,many,RT,2
0,2452,6153,5783,0,44.5937,11.9705,16.3172,14.9178,0.0,1408,1374.0,1241.0,0.0,2.29,7.13,6.75,0.0,36,2.0,2.0,0.0,many,SR,2
0,2167,8548,6183,0,60.1962,13.7545,23.3006,21.3474,0.0,2153,2058.0,1865.0,0.0,6.46,9.27,8.66,0.0,163,0.0,0.0,0.0,many,SR,2
23,299,5847,0,0,29.2557,5.4881,23.124,0.0,0.0,2086,2488.0,0.0,0.0,16.11,10.44,0.0,0.0,21,271.0,0.0,0.0,one,TR,1
15,1177,4154,2040,0,64.2779,6.2689,33.8107,23.2931,0.0,1776,3472.0,2534.0,0.0,10.5,9.49,8.56,0.0,128,463.0,404.0,0.0,many,RT,2
262,2233,7633,7471,1511,84.7688,13.0907,21.1463,21.6606,27.3209,2084,2548.0,1945.0,2225.0,7.93,9.17,8.17,9.17,59,503.0,71.0,-97.0,many,TR,3
0,4341,9945,9555,0,38.4908,10.2157,13.5486,13.45,0.0,1901,1107.0,1143.0,0.0,8.47,6.38,6.39,0.0,87,0.0,33.0,0.0,many,SR,2
181,3620,8705,5223,0,58.0406,8.7095,24.1339,24.0851,0.0,1355,2237.0,2880.0,0.0,4.22,9.39,8.73,0.0,89,82.0,612.0,0.0,many,RT,2
195,3547,1521,0,0,29.9435,5.8644,23.3004,0.0,0.0,2019,3456.0,0.0,0.0,14.19,11.79,0.0,0.0,78,921.0,0.0,0.0,one,RT,1
233,4454,4400,0,0,23.0892,5.0285,17.453,0.0,0.0,1274,2516.0,0.0,0.0,7.91,9.08,0.0,0.0,30,695.0,0.0,0.0,one,RT,1
0,2264,3134,2609,0,38.3259,10.4184,15.8356,10.8086,0.0,2444,1325.0,845.0,0.0,14.29,7.0,5.64,0.0,65,0.0,0.0,0.0,many,SR,2
0,3753,110,0,0,23.3491,7.7912,14.665,0.0,0.0,1775,1383.0,0.0,0.0,10.6,8.93,0.0,0.0,17,0.0,0.0,0.0,one,SR,1
52,1873,7313,0,0,20.7466,3.3684,16.7225,0.0,0.0,2746,2269.0,0.0,0.0,22.93,9.56,0.0,0.0,173,521.0,0.0,0.0,one,TR,1
15,2398,7452,0,0,15.914,1.6268,13.7977,0.0,0.0,2125,1860.0,0.0,0.0,17.91,8.9,0.0,0.0,190,415.0,0.0,0.0,one,RT,1
0,3167,6575,6574,4767,63.3203,15.4955,17.8726,17.8726,10.0126,2153,1522.0,1522.0,860.0,4.0,7.59,7.59,5.49,212,-1.0,-1.0,65.0,many,SR,3
0,3254,9651,0,0,13.2156,3.3753,9.1475,0.0,0.0,1631,817.0,0.0,0.0,10.89,6.93,0.0,0.0,195,0.0,0.0,0.0,one,SR,1
0,1646,72,0,0,16.3424,4.5284,11.0519,0.0,0.0,1209,1013.0,0.0,0.0,5.84,7.62,0.0,0.0,159,0.0,0.0,0.0,one,SR,1
0,4865,8527,0,0,17.4031,6.4048,10.2648,0.0,0.0,1266,932.0,0.0,0.0,6.69,7.33,0.0,0.0,14,0.0,0.0,0.0,one,SR,1
0,4803,3344,0,0,15.7358,4.5554,10.4405,0.0,0.0,1472,950.0,0.0,0.0,8.8,7.4,0.0,0.0,144,0.0,0.0,0.0,one,SR,1
0,3208,3932,0,0,17.0232,5.8859,10.3993,0.0,0.0,2053,945.0,0.0,0.0,14.91,7.38,0.0,0.0,52,0.0,0.0,0.0,one,SR,1
0,242,7213,0,0,13.4661,3.7593,9.0187,0.0,0.0,1944,804.0,0.0,0.0,14.22,6.88,0.0,0.0,166,0.0,0.0,0.0,one,SR,1
0,3814,2017,2016,0,48.2194,12.1391,17.2994,17.2994,0.0,2950,1466.0,1466.0,0.0,17.64,7.41,7.41,0.0,82,0.0,0.0,0.0,many,SR,2
0,2585,7850,5040,0,44.3122,12.3369,11.3404,19.2543,0.0,1668,896.0,1668.0,0.0,5.09,5.78,8.03,0.0,6,0.0,6.0,0.0,many,SR,2
184,2341,2137,378,0,47.311,9.3126,18.6734,18.2469,0.0,1985,2449.0,2122.0,0.0,11.14,9.73,9.05,0.0,27,537.0,351.0,0.0,many,RT,2
233,3228,9904,7876,0,59.782,6.8496,18.2675,33.8444,0.0,1207,1750.0,2400.0,0.0,5.29,6.98,9.22,0.0,37,185.0,-340.0,0.0,many,RT,2
0,786,9392,0,0,26.5676,6.4988,18.9973,0.0,0.0,1986,1843.0,0.0,0.0,11.21,10.71,0.0,0.0,215,0.0,0.0,0.0,one,SR,1
85,244,7528,464,0,68.8619,8.6902,26.65,32.2726,0.0,2242,2813.0,3935.0,0.0,12.3,9.55,12.94,0.0,174,367.0,706.0,0.0,many,RT,2
157,1858,5550,0,0,19.1755,4.2553,14.4447,0.0,0.0,1013,1774.0,0.0,0.0,6.36,8.75,0.0,0.0,2,321.0,0.0,0.0,one,RT,1
39,1001,546,0,0,40.1804,3.8174,35.7865,0.0,0.0,1594,3109.0,0.0,0.0,11.55,10.77,0.0,0.0,94,0.0,0.0,0.0,one,RT,1
38,2915,7860,2133,0,55.3925,8.5814,22.2287,23.4406,0.0,2164,2552.0,2352.0,0.0,12.45,8.71,8.71,0.0,116,470.0,248.0,0.0,many,TR,2
191,662,5930,0,0,25.4851,2.8948,21.9887,0.0,0.0,1328,2983.0,0.0,0.0,8.53,10.02,0.0,0.0,172,737.0,0.0,0.0,one,RT,1
166,2694,2221,0,0,22.0779,3.5046,18.0682,0.0,0.0,1180,2591.0,0.0,0.0,7.84,9.05,0.0,0.0,71,718.0,0.0,0.0,one,RT,1
0,441,6398,5921,0,32.676,7.8952,13.5571,10.0428,0.0,2128,1108.0,772.0,0.0,11.72,6.38,5.43,0.0,187,0.0,0.0,0.0,many,SR,2
0,476,6769,0,0,19.0567,6.6159,11.6571,0.0,0.0,1897,1074.0,0.0,0.0,12.87,7.84,0.0,0.0,30,0.0,0.0,0.0,one,SR,1
0,3805,9291,0,0,14.9776,4.742,9.5286,0.0,0.0,1588,857.0,0.0,0.0,10.31,7.07,0.0,0.0,111,0.0,0.0,0.0,one,SR,1
0,4772,5922,4838,0,41.2406,7.6765,12.3907,19.7475,0.0,2113,996.0,1737.0,0.0,9.35,6.06,8.2,0.0,352,0.0,21.0,0.0,many,SR,2
112,255,5607,0,0,15.5378,3.7517,11.2863,0.0,0.0,1088,1652.0,0.0,0.0,6.93,8.0,0.0,0.0,51,452.0,0.0,0.0,one,RT,1
50,2605,9932,9816,0,47.248,6.6465,22.1824,17.559,0.0,1215,1778.0,2234.0,0.0,5.02,8.27,8.33,0.0,75,-92.0,517.0,0.0,many,RT,2
88,1284,677,0,0,23.9671,4.5577,18.7579,0.0,0.0,1190,2031.0,0.0,0.0,6.63,9.51,0.0,0.0,89,226.0,0.0,0.0,one,TR,1
168,3246,8895,0,0,24.0332,3.2894,20.2779,0.0,0.0,1089,1540.0,0.0,0.0,7.24,8.66,0.0,0.0,62,-186.0,0.0,0.0,one,RT,1
124,324,1482,186,0,62.0299,6.3015,37.1866,17.6193,0.0,1253,2852.0,2148.0,0.0,4.85,9.55,7.67,0.0,137,-206.0,486.0,0.0,many,RT,2
157,4952,5839,0,0,26.3332,4.5947,21.2267,0.0,0.0,1266,2216.0,0.0,0.0,8.69,9.12,0.0,0.0,1,248.0,0.0,0.0,one,RT,1
0,1180,1627,0,0,25.484,6.4942,17.9619,0.0,0.0,2400,1732.0,0.0,0.0,15.95,10.28,0.0,0.0,188,0.0,0.0,0.0,one,SR,1
79,4639,2675,1425,0,57.4083,5.542,22.581,28.4513,0.0,1663,2717.0,2957.0,0.0,9.96,8.16,9.18,0.0,134,607.0,395.0,0.0,many,RT,2
0,3354,2581,1582,0,64.2752,15.0647,17.8467,29.4724,0.0,3414,1588.0,2760.0,0.0,18.82,7.64,11.27,0.0,134,48.0,67.0,0.0,many,SR,2
0,1417,9575,0,0,23.0342,7.5674,14.5771,0.0,0.0,2187,1374.0,0.0,0.0,14.96,8.9,0.0,0.0,30,0.0,0.0,0.0,one,SR,1
0,1956,1326,0,0,15.6517,3.0788,11.7843,0.0,0.0,1816,1088.0,0.0,0.0,11.97,7.89,0.0,0.0,274,0.0,0.0,0.0,one,SR,1
79,4879,8963,6887,0,36.9708,4.4815,12.564,19.1653,0.0,1306,1362.0,2134.0,0.0,6.87,6.81,7.79,0.0,161,226.0,380.0,0.0,many,RT,2
186,69,8683,6573,0,43.746,5.1868,9.7315,28.0775,0.0,1239,1142.0,2468.0,0.0,6.26,6.75,8.75,0.0,107,224.0,69.0,0.0,many,TR,2
0,3810,2061,0,0,17.8116,6.3056,10.7549,0.0,0.0,1907,982.0,0.0,0.0,13.26,7.51,0.0,0.0,31,0.0,0.0,0.0,one,SR,1
0,1490,8871,8041,0,57.2657,10.74,22.5502,22.1613,0.0,2318,2187.0,1945.0,0.0,8.01,9.23,8.92,0.0,381,144.0,0.0,0.0,many,SR,2
50,2455,9223,4313,0,47.3911,8.9364,17.1116,20.3341,0.0,1941,2097.0,2869.0,0.0,11.3,7.74,9.35,0.0,10,472.0,783.0,0.0,many,TR,2
164,1847,4143,0,0,26.918,5.2684,20.9783,0.0,0.0,1322,2464.0,0.0,0.0,7.84,10.71,0.0,0.0,53,360.0,0.0,0.0,one,RT,1
88,933,5202,0,0,21.1858,4.2761,16.411,0.0,0.0,1395,1440.0,0.0,0.0,10.16,7.99,0.0,0.0,15,-2.0,0.0,0.0,one,RT,1
79,1606,6506,6505,0,53.5378,7.2777,22.7128,22.7128,0.0,1598,1981.0,1981.0,0.0,9.27,8.17,8.17,0.0,16,38.0,38.0,0.0,many,RT,2
231,4866,7683,0,0,24.6454,3.5226,20.331,0.0,0.0,1676,2925.0,0.0,0.0,10.47,10.92,0.0,0.0,246,736.0,0.0,0.0,one,RT,1
0,4978,9400,0,0,25.6537,7.0585,17.5829,0.0,0.0,2478,1692.0,0.0,0.0,16.91,10.12,0.0,0.0,140,0.0,0.0,0.0,one,SR,1
0,4368,8865,4545,0,56.4939,14.8125,23.4279,16.6015,0.0,2076,2076.0,1398.0,0.0,6.93,9.32,7.2,0.0,4,4.0,0.0,0.0,many,SR,2
0,3495,2933,0,0,16.1302,5.3407,10.0635,0.0,0.0,1193,911.0,0.0,0.0,5.99,7.26,0.0,0.0,82,0.0,0.0,0.0,one,SR,1
48,2476,6501,0,0,20.4143,2.2907,17.5114,0.0,0.0,1367,1946.0,0.0,0.0,8.84,9.12,0.0,0.0,220,255.0,0.0,0.0,one,RT,1
0,170,2492,2487,0,54.2744,11.3407,23.0025,18.2414,0.0,2279,2048.0,1559.0,0.0,8.72,9.2,7.7,0.0,264,14.0,0.0,0.0,many,SR,2
186,4232,9074,4065,0,80.6521,7.2711,27.1852,45.0709,0.0,2306,3472.0,4169.0,0.0,14.09,9.66,11.58,0.0,195,832.0,229.0,0.0,many,RT,2
50,834,9014,6488,0,58.0606,8.9725,25.6522,22.1163,0.0,1440,3814.0,3120.0,0.0,3.24,11.98,11.22,0.0,198,1048.0,765.0,0.0,many,TR,2
0,4331,9599,0,0,24.8517,7.3923,16.493,0.0,0.0,2579,1575.0,0.0,0.0,18.38,9.66,0.0,0.0,89,0.0,0.0,0.0,one,SR,1
0,80,580,0,0,22.056,6.5088,14.655,0.0,0.0,2249,1381.0,0.0,0.0,15.58,8.92,0.0,0.0,104,0.0,0.0,0.0,one,SR,1
0,3955,9009,4338,0,40.319,8.194,14.4432,16.2752,0.0,2250,1603.0,1367.0,0.0,10.97,6.95,7.12,0.0,305,294.0,0.0,0.0,many,SR,2
38,877,6626,0,0,27.0552,2.049,24.546,0.0,0.0,1164,2477.0,0.0,0.0,8.08,9.6,0.0,0.0,143,229.0,0.0,0.0,one,RT,1
50,2038,9944,2353,0,35.102,6.3797,8.4666,19.4002,0.0,1121,994.0,2102.0,0.0,4.07,6.28,8.28,0.0,90,211.0,314.0,0.0,many,RT,2
88,284,4136,0,0,19.2859,0.5927,18.2078,0.0,0.0,1786,1740.0,0.0,0.0,14.39,8.85,0.0,0.0,258,74.0,0.0,0.0,one,RT,1
136,3138,4000,0,0,33.0923,4.0194,28.6077,0.0,0.0,1137,2454.0,0.0,0.0,7.75,9.65,0.0,0.0,12,-24.0,0.0,0.0,one,TR,1
136,2957,8850,7710,0,38.7816,5.7048,15.6604,16.6391,0.0,1363,1577.0,1927.0,0.0,7.32,7.65,7.12,0.0,88,164.0,405.0,0.0,many,RT,2
31,2036,1500,0,0,24.5871,5.5308,18.4314,0.0,0.0,1740,2023.0,0.0,0.0,12.65,9.25,0.0,0.0,7,254.0,0.0,0.0,one,RT,1
272,2385,5163,0,0,23.9915,4.2891,19.1496,0.0,0.0,1701,2733.0,0.0,0.0,12.89,9.53,0.0,0.0,47,737.0,0.0,0.0,one,RT,1
124,3533,7020,0,0,20.8762,5.7995,14.3736,0.0,0.0,1962,2412.0,0.0,0.0,14.27,11.03,0.0,0.0,36,680.0,0.0,0.0,one,TR,1
262,1405,8732,7204,0,60.7359,8.994,23.2571,27.4512,0.0,1170,3284.0,2122.0,0.0,2.98,10.17,9.17,0.0,21,885.0,-183.0,0.0,many,TR,2
79,1732,3985,2058,0,52.3935,5.6454,21.1468,24.8135,0.0,1393,2807.0,3053.0,0.0,7.54,7.96,9.92,0.0,99,769.0,634.0,0.0,many,RT,2
0,4191,3565,0,0,25.5019,8.3338,16.2135,0.0,0.0,2161,1545.0,0.0,0.0,14.1,9.55,0.0,0.0,18,0.0,0.0,0.0,one,SR,1
38,3256,5818,5452,3829,92.1766,14.1582,27.6319,27.4771,21.1965,1828,3053.0,2881.0,2619.0,3.78,9.71,9.71,8.71,86,485.0,363.0,580.0,many,TR,3
0,2194,6359,6358,0,60.6269,14.2319,22.3014,22.3014,0.0,3446,1959.0,1959.0,0.0,20.05,8.96,8.96,0.0,130,0.0,0.0,0.0,many,SR,2
0,1527,2645,2546,0,43.5599,8.7993,16.7567,16.531,0.0,1880,1722.0,1414.0,0.0,6.48,7.52,7.2,0.0,304,219.0,16.0,0.0,many,SR,2
0,1814,7483,0,0,19.7062,6.7146,12.1885,0.0,0.0,1961,1129.0,0.0,0.0,13.36,8.03,0.0,0.0,35,0.0,0.0,0.0,one,SR,1
0,1789,9502,0,0,27.3942,7.5111,18.8191,0.0,0.0,2396,1824.0,0.0,0.0,15.58,10.64,0.0,0.0,141,0.0,0.0,0.0,one,SR,1
38,2011,5594,2739,0,50.162,8.4301,22.8129,17.9731,0.0,2022,2376.0,2067.0,0.0,12.72,8.68,7.78,0.0,6,304.0,398.0,0.0,many,TR,2
208,3339,7843,6517,0,51.1983,6.265,29.6897,14.379,0.0,1207,3432.0,1795.0,0.0,4.89,9.32,8.32,0.0,104,678.0,365.0,0.0,many,TR,2
95,4892,730,0,0,25.7431,5.966,18.9644,0.0,0.0,2567,2356.0,0.0,0.0,19.64,12.13,0.0,0.0,92,312.0,0.0,0.0,one,RT,1
0,3553,8465,0,0,24.9965,8.0412,16.0089,0.0,0.0,2008,1524.0,0.0,0.0,12.57,9.46,0.0,0.0,33,0.0,0.0,0.0,one,SR,1
0,3830,7002,6659,5902,54.208,14.8498,12.3156,12.2319,12.9754,1700,989.0,981.0,1134.0,1.33,6.04,6.02,6.29,114,0.0,0.0,59.0,many,SR,3
281,2744,9594,3970,0,80.3193,7.2923,35.9658,36.196,0.0,1489,2285.0,2312.0,0.0,7.85,9.3,9.35,0.0,34,-554.0,-549.0,0.0,many,RT,2
