station,driver,rider1,rider2,rider3,VMT,save_d,save_r1,save_r2,save_r3,T_d,T_r1,T_r2,T_r3,cost_d,cost_r1,cost_r2,cost_r3,detour_d,detour_r1,detour_r2,detour_r3,size,type,num_riders
0,16,3437,3436,0,30.4699,21.001,3.5123,3.5123,0.0,1155,792.0,792.0,0.0,-9.87,12.22,12.22,0.0,68,0.0,0.0,0.0,many,SR,2
0,18,30,0,0,19.9933,17.7821,0.2363,0.0,0.0,1111,1111.0,0.0,0.0,-6.11,19.75,0.0,0.0,0,0.0,0.0,0.0,one,SR,1
0,28,9443,3895,0,65.9196,49.6083,5.2209,5.2936,0.0,2436,2211.0,2180.0,0.0,-26.59,29.06,28.91,0.0,175,19.0,0.0,0.0,many,SR,2
0,41,5916,1814,66,65.8219,47.7672,4.0431,4.0431,4.3827,2073,1057.0,1057.0,2073.0,-28.51,15.23,15.23,25.41,171,0.0,0.0,171.0,many,SR,3
0,46,5574,5573,0,49.7096,35.8302,4.8515,4.8515,0.0,1862,1543.0,1543.0,0.0,-18.04,20.88,20.88,0.0,120,0.0,0.0,0.0,many,SR,2
0,47,4265,3549,0,33.7926,23.7143,3.5904,3.7975,0.0,1084,827.0,993.0,0.0,-12.83,12.62,14.29,0.0,34,0.0,19.0,0.0,many,SR,2
0,48,3796,0,0,19.4012,17.1004,0.0911,0.0,0.0,1895,1277.0,0.0,0.0,0.01,22.1,0.0,0.0,190,0.0,0.0,0.0,one,SR,1
0,63,6919,3567,0,39.17,27.655,4.3503,3.9471,0.0,1408,1277.0,1008.0,0.0,-14.17,17.51,14.67,0.0,89,19.0,0.0,0.0,many,SR,2
0,67,7638,7637,6072,60.0581,42.6714,4.3483,4.3483,3.757,1434,1326.0,1326.0,911.0,-29.34,17.88,17.88,13.57,118,35.0,35.0,0.0,many,SR,3
0,69,7889,7888,0,37.6741,26.5987,4.0219,4.0219,0.0,1179,1051.0,1051.0,0.0,-14.91,15.16,15.16,0.0,47,0.0,0.0,0.0,many,SR,2
0,84,6815,1349,0,44.153,31.6965,4.4606,4.437,0.0,1422,1270.0,1314.0,0.0,-17.1,17.64,17.95,0.0,23,0.0,17.0,0.0,many,SR,2
0,85,9782,0,0,15.3695,13.3392,0.4964,0.0,0.0,1129,799.0,0.0,0.0,-1.95,15.34,0.0,0.0,32,0.0,0.0,0.0,one,SR,1
0,88,4454,1523,0,36.5023,25.686,3.4521,4.1589,0.0,1349,1315.0,1119.0,0.0,-14.68,16.12,15.93,0.0,216,179.0,0.0,0.0,many,SR,2
0,92,1191,0,0,15.6472,13.6132,0.4861,0.0,0.0,1156,809.0,0.0,0.0,-1.79,15.48,0.0,0.0,22,0.0,0.0,0.0,one,SR,1
0,127,5397,1608,0,31.9844,22.3504,3.2899,3.5709,0.0,1233,1233.0,819.0,0.0,-12.01,15.2,12.53,0.0,178,178.0,0.0,0.0,many,SR,2
0,145,1786,0,0,14.8052,12.8079,0.554,0.0,0.0,1092,735.0,0.0,0.0,-1.52,14.43,0.0,0.0,13,0.0,0.0,0.0,one,SR,1
0,149,9342,308,0,42.4675,30.4692,4.3079,3.9735,0.0,1707,1195.0,1707.0,0.0,-15.53,16.79,20.38,0.0,204,0.0,204.0,0.0,many,SR,2
0,156,5805,676,0,48.2917,34.3792,4.6612,4.8897,0.0,2054,1688.0,1603.0,0.0,-17.69,21.98,21.64,0.0,333,58.0,0.0,0.0,many,SR,2
0,166,7815,0,0,14.7315,12.7428,0.5525,0.0,0.0,1131,730.0,0.0,0.0,-1.05,14.36,0.0,0.0,13,0.0,0.0,0.0,one,SR,1
0,189,9584,1846,0,67.3762,51.2926,4.8226,5.0245,0.0,4054,3156.0,1801.0,0.0,-13.56,38.23,24.13,0.0,330,236.0,0.0,0.0,many,SR,2
0,213,7671,3769,0,41.0605,28.5492,4.4962,4.4312,0.0,1605,1293.0,1313.0,0.0,-15.4,17.9,17.94,0.0,253,0.0,17.0,0.0,many,SR,2
0,214,6487,0,0,20.009,17.7725,0.1852,0.0,0.0,1537,1165.0,0.0,0.0,-2.32,20.51,0.0,0.0,47,0.0,0.0,0.0,one,SR,1
0,219,5696,5695,0,32.7871,22.7832,3.6846,3.6846,0.0,1292,876.0,876.0,0.0,-10.15,13.17,13.17,0.0,64,0.0,0.0,0.0,many,SR,2
0,220,1074,1024,0,32.8229,22.7686,3.665,3.5651,0.0,1248,1213.0,817.0,0.0,-12.31,15.74,12.5,0.0,181,111.0,0.0,0.0,many,SR,2
0,224,3019,3018,0,41.6407,29.7732,4.2727,4.2727,0.0,1453,1179.0,1179.0,0.0,-14.64,16.61,16.61,0.0,9,0.0,0.0,0.0,many,SR,2
0,228,7798,1740,0,33.1511,23.0225,3.722,3.722,0.0,1140,898.0,898.0,0.0,-12.19,13.42,13.42,0.0,78,0.0,0.0,0.0,many,SR,2
0,243,4666,4665,0,51.9265,37.302,4.9809,4.9809,0.0,2302,1736.0,1736.0,0.0,-17.79,23.31,23.31,0.0,318,0.0,0.0,0.0,many,SR,2
0,246,7621,541,0,34.6338,24.391,3.6279,3.6591,0.0,1336,850.0,1336.0,0.0,-12.57,12.88,16.68,0.0,151,0.0,151.0,0.0,many,SR,2
0,249,8614,6840,0,29.6184,20.2282,3.37,3.5487,0.0,1430,829.0,818.0,0.0,-7.23,12.23,12.48,0.0,138,36.0,3.0,0.0,many,SR,2
0,272,5434,4513,607,74.9025,54.8517,4.32,4.9155,4.5584,1825,1243.0,1651.0,1825.0,-37.15,17.18,22.22,23.18,100,14.0,2.0,100.0,many,SR,3
0,297,5335,0,0,18.1925,15.9208,0.1525,0.0,0.0,1627,1213.0,0.0,0.0,-1.99,21.19,0.0,0.0,215,0.0,0.0,0.0,one,SR,1
0,303,6751,2781,0,30.3793,20.4239,3.6671,3.6671,0.0,1711,870.0,870.0,0.0,-5.62,13.11,13.11,0.0,216,0.0,0.0,0.0,many,SR,2
0,304,9647,8158,0,35.5188,24.4724,3.6926,4.1906,0.0,1691,909.0,1403.0,0.0,-10.71,13.46,18.17,0.0,273,8.0,86.0,0.0,many,SR,2
0,322,9716,543,0,28.9887,19.7508,3.0755,3.6229,0.0,1302,855.0,934.0,0.0,-9.18,11.88,13.51,0.0,212,93.0,28.0,0.0,many,SR,2
0,326,4475,3174,0,33.5185,23.0526,3.8435,3.8141,0.0,1707,960.0,945.0,0.0,-7.35,14.13,13.96,0.0,152,0.0,0.0,0.0,many,SR,2
0,330,7965,3445,0,33.3281,23.2527,3.7627,3.5441,0.0,1197,919.0,1021.0,0.0,-12.35,13.65,14.04,0.0,114,1.0,69.0,0.0,many,SR,2
0,331,9805,720,0,33.9492,23.8825,3.5689,3.7417,0.0,1105,817.0,1105.0,0.0,-13.2,12.5,15.06,0.0,63,0.0,63.0,0.0,many,SR,2
0,334,4870,4507,0,58.7193,43.6285,4.7443,5.3008,0.0,2590,1498.0,2310.0,0.0,-18.22,20.14,30.32,0.0,122,14.0,18.0,0.0,many,SR,2
0,341,9218,1785,0,31.0279,20.9064,3.7218,3.7218,0.0,1551,895.0,895.0,0.0,-7.82,13.39,13.39,0.0,218,0.0,0.0,0.0,many,SR,2
0,342,8267,5425,57,51.4054,36.0292,3.8413,3.8317,3.4347,1586,955.0,953.0,1115.0,-21.76,14.07,14.05,14.57,163,0.0,0.0,116.0,many,SR,3
0,352,5955,5074,0,27.8232,18.2463,3.5355,3.5631,0.0,2009,799.0,815.0,0.0,-1.21,12.3,12.48,0.0,277,0.0,0.0,0.0,many,SR,2
0,356,8940,5924,823,59.377,42.7741,3.4083,3.4164,4.9271,1962,736.0,738.0,1933.0,-23.06,11.59,11.62,25.3,61,0.0,-1.0,39.0,many,SR,3
0,360,1622,0,0,16.5655,14.471,0.3883,0.0,0.0,1371,921.0,0.0,0.0,-0.96,17.06,0.0,0.0,61,0.0,0.0,0.0,one,SR,1
0,379,7285,5938,0,31.6642,21.961,3.5298,3.5511,0.0,1249,798.0,1007.0,0.0,-10.49,12.29,13.93,0.0,112,0.0,64.0,0.0,many,SR,2
231,386,3492,1222,1221,90.2885,27.9848,31.8803,13.4357,13.4357,1959,3788.0,1674.0,1674.0,-11.4,16.85,14.84,14.84,272,393.0,-46.0,-46.0,many,TR,3
0,410,5749,722,0,40.9142,28.4932,4.4904,4.3705,0.0,1852,1291.0,1301.0,0.0,-12.6,17.88,17.72,0.0,242,0.0,24.0,0.0,many,SR,2
0,416,9543,7687,1265,52.7301,37.1958,3.7948,3.7948,3.7963,1382,933.0,933.0,933.0,-22.82,13.83,13.83,13.82,10,-1.0,-1.0,0.0,many,SR,3
0,417,991,358,357,70.0151,50.0437,4.8163,4.6687,4.6687,1602,1502.0,1381.0,1381.0,-35.54,20.38,18.9,18.9,158,-1.0,0.0,0.0,many,SR,3
0,421,6923,4743,4742,46.014,31.9272,3.4509,3.4473,3.4473,1548,1016.0,754.0,754.0,-17.42,13.83,11.79,11.79,119,82.0,0.0,0.0,many,SR,3
128,425,8668,1691,0,72.8528,26.4986,20.9201,22.2323,0.0,2609,3040.0,3610.0,0.0,-1.42,21.16,20.86,0.0,158,204.0,580.0,0.0,many,TR,2
0,451,3098,968,0,37.7853,26.8336,4.016,3.8813,0.0,1118,1049.0,1118.0,0.0,-15.75,15.14,15.41,0.0,45,0.0,45.0,0.0,many,SR,2
0,453,7968,7406,0,83.9051,64.6684,5.7509,5.8155,0.0,3281,2943.0,2931.0,0.0,-34.58,38.33,38.37,0.0,298,15.0,0.0,0.0,many,SR,2
181,473,71,0,0,22.8027,13.105,8.1215,0.0,0.0,1485,1818.0,0.0,0.0,1.41,18.76,0.0,0.0,74,143.0,0.0,0.0,one,TR,1
0,486,3652,0,0,14.5223,12.4382,0.4175,0.0,0.0,1207,893.0,0.0,0.0,-2.33,16.67,0.0,0.0,175,0.0,0.0,0.0,one,SR,1
0,495,6212,0,0,13.3097,11.2829,0.5015,0.0,0.0,1276,793.0,0.0,0.0,-0.33,15.25,0.0,0.0,167,0.0,0.0,0.0,one,SR,1
0,496,3837,0,0,17.7545,15.637,0.3547,0.0,0.0,1057,961.0,0.0,0.0,-4.77,17.63,0.0,0.0,16,0.0,0.0,0.0,one,SR,1
0,499,936,0,0,19.458,17.1877,0.1497,0.0,0.0,1766,1214.0,0.0,0.0,-0.54,21.21,0.0,0.0,130,0.0,0.0,0.0,one,SR,1
0,516,3165,3164,0,32.1634,21.8467,3.7808,3.7808,0.0,1342,929.0,929.0,0.0,-10.7,13.77,13.77,0.0,201,0.0,0.0,0.0,many,SR,2
185,525,3141,0,0,29.8559,5.0322,23.9771,0.0,0.0,1201,3241.0,0.0,0.0,4.99,13.47,0.0,0.0,177,622.0,0.0,0.0,one,TR,1
0,533,7701,0,0,19.9453,17.669,0.1176,0.0,0.0,1425,1241.0,0.0,0.0,-4.47,21.59,0.0,0.0,120,0.0,0.0,0.0,one,SR,1
0,541,1330,1130,0,37.5141,26.6181,3.8395,4.0283,0.0,1187,956.0,1187.0,0.0,-14.79,14.08,16.2,0.0,44,0.0,44.0,0.0,many,SR,2
0,549,1005,1004,0,31.0933,20.9471,3.7296,3.7296,0.0,2172,899.0,899.0,0.0,-1.38,13.43,13.43,0.0,221,0.0,0.0,0.0,many,SR,2
0,568,2638,2637,0,30.083,20.6993,3.4867,3.4867,0.0,1870,777.0,777.0,0.0,-2.06,12.05,12.05,0.0,68,0.0,0.0,0.0,many,SR,2
0,586,8249,2684,0,51.8696,38.084,4.6177,4.7785,0.0,2127,1897.0,1455.0,0.0,-17.17,24.12,19.77,0.0,97,97.0,0.0,0.0,many,SR,2
0,591,1867,0,0,15.34,13.2189,0.3681,0.0,0.0,1298,954.0,0.0,0.0,-2.15,17.53,0.0,0.0,175,0.0,0.0,0.0,one,SR,1
0,601,9997,3334,0,32.2515,22.4016,3.1341,3.802,0.0,1833,1285.0,934.0,0.0,-6.98,15.31,13.83,0.0,261,221.0,0.0,0.0,many,SR,2
0,610,7512,2372,0,34.4715,23.3863,3.9809,4.0397,0.0,1882,1095.0,1057.0,0.0,-7.82,15.41,15.24,0.0,286,22.0,-1.0,0.0,many,SR,2
0,616,1306,1278,0,39.2407,27.9189,4.1862,3.8046,0.0,1377,1130.0,1377.0,0.0,-15.52,16.05,17.26,0.0,141,0.0,141.0,0.0,many,SR,2
118,619,6075,4659,0,62.7031,18.7905,23.4103,17.999,0.0,1649,2971.0,2986.0,0.0,-5.21,16.66,16.37,0.0,255,266.0,604.0,0.0,many,TR,2
0,631,7013,3709,0,34.7392,24.0977,3.8687,3.8999,0.0,1282,968.0,996.0,0.0,-12.4,14.22,14.51,0.0,120,0.0,2.0,0.0,many,SR,2
43,636,6663,0,0,21.0751,13.2709,6.1233,0.0,0.0,1586,2486.0,0.0,0.0,1.53,20.81,0.0,0.0,127,649.0,0.0,0.0,one,RT,1
0,647,6588,609,0,74.4996,57.4098,5.3398,5.2351,0.0,3498,2813.0,2227.0,0.0,-21.91,35.88,29.27,0.0,84,80.0,18.0,0.0,many,SR,2
0,652,6088,1161,0,61.8494,45.7155,5.248,5.248,0.0,3081,2123.0,2123.0,0.0,-18.39,28.19,28.19,0.0,343,0.0,0.0,0.0,many,SR,2
0,659,9785,9784,0,39.7692,27.6999,4.3374,4.3374,0.0,1638,1211.0,1211.0,0.0,-13.35,16.97,16.97,0.0,195,0.0,0.0,0.0,many,SR,2
0,670,7500,2211,0,33.3094,23.3452,3.4975,3.8376,0.0,1461,795.0,956.0,0.0,-8.32,12.21,14.08,0.0,22,4.0,0.0,0.0,many,SR,2
0,688,6281,3309,0,38.5433,26.4957,4.3169,4.3373,0.0,1663,1215.0,1210.0,0.0,-13.08,16.97,16.96,0.0,276,4.0,0.0,0.0,many,SR,2
0,693,282,0,0,16.5575,14.3249,0.1955,0.0,0.0,1833,1155.0,0.0,0.0,0.91,20.37,0.0,0.0,274,0.0,0.0,0.0,one,SR,1
0,695,9448,6843,1944,61.9417,43.0765,4.4999,4.4981,4.4999,3931,1291.0,1294.0,1291.0,-7.03,17.88,17.91,17.88,357,0.0,0.0,0.0,many,SR,3
0,699,7098,3256,0,52.4342,38.3623,4.9135,4.8195,0.0,1968,1683.0,1546.0,0.0,-18.39,22.56,20.83,0.0,47,7.0,7.0,0.0,many,SR,2
0,708,170,0,0,21.9327,19.6407,0.0993,0.0,0.0,1396,1265.0,0.0,0.0,-5.08,21.93,0.0,0.0,7,0.0,0.0,0.0,one,SR,1
0,717,6533,6532,0,45.7103,32.101,4.7996,4.7996,0.0,1737,1477.0,1477.0,0.0,-17.85,20.05,20.05,0.0,272,0.0,0.0,0.0,many,SR,2
114,728,9078,7639,0,38.4185,18.0062,9.9623,8.1724,0.0,1406,2307.0,1479.0,0.0,-5.74,15.72,13.06,0.0,170,584.0,209.0,0.0,many,RT,2
0,746,2653,2652,0,44.1821,31.5969,4.5001,4.5001,0.0,1547,1295.0,1295.0,0.0,-16.02,17.93,17.93,0.0,46,0.0,0.0,0.0,many,SR,2
0,749,2535,2534,0,38.9982,27.2978,4.2198,4.2198,0.0,1539,1152.0,1152.0,0.0,-13.19,16.3,16.3,0.0,140,0.0,0.0,0.0,many,SR,2
0,754,7555,398,397,56.4911,40.0022,4.6851,3.3614,3.3614,2392,2252.0,715.0,715.0,-20.61,28.11,11.35,11.35,391,135.0,0.0,0.0,many,SR,3
0,778,4361,4360,1503,53.7403,38.0949,3.4494,3.4494,4.3086,1657,757.0,757.0,1657.0,-22.54,11.82,11.82,20.73,126,0.0,0.0,126.0,many,SR,3
0,781,9600,8953,0,52.7327,38.5917,5.0392,4.6039,0.0,2593,2014.0,1347.0,0.0,-13.25,26.46,18.51,0.0,129,28.0,0.0,0.0,many,SR,2
0,806,4404,460,0,40.9114,29.2344,4.2295,4.1981,0.0,1517,1155.0,1139.0,0.0,-13.32,16.34,16.16,0.0,1,0.0,0.0,0.0,many,SR,2
0,816,4770,3720,0,58.9248,43.5066,4.0837,5.6245,0.0,3431,1209.0,3185.0,0.0,-15.36,16.47,40.63,0.0,538,42.0,75.0,0.0,many,SR,2
0,817,9427,7645,0,47.6274,34.264,4.8244,4.5057,0.0,1918,1692.0,1294.0,0.0,-16.16,22.42,17.91,0.0,139,27.0,0.0,0.0,many,SR,2
0,818,8945,1565,359,48.2125,33.8043,3.7756,3.1873,3.3423,1291,941.0,1291.0,768.0,-23.37,13.85,15.46,11.71,213,5.0,213.0,21.0,many,SR,3
0,824,1693,1692,0,46.7652,33.3053,4.7766,4.7766,0.0,1714,1436.0,1436.0,0.0,-17.16,19.53,19.53,0.0,127,0.0,0.0,0.0,many,SR,2
0,862,2587,2586,0,34.6979,23.8191,3.961,3.961,0.0,1846,1018.0,1018.0,0.0,-7.23,14.78,14.78,0.0,191,0.0,0.0,0.0,many,SR,2
0,867,1656,1262,0,42.4212,30.3705,4.1501,4.3393,0.0,1473,1473.0,1211.0,0.0,-16.58,18.64,16.97,0.0,115,115.0,0.0,0.0,many,SR,2
0,868,6077,2125,0,40.8264,28.2845,4.4864,4.4864,0.0,1642,1288.0,1288.0,0.0,-14.88,17.85,17.85,0.0,262,0.0,0.0,0.0,many,SR,2
0,889,8892,4734,1694,77.5269,57.0609,4.3706,4.9703,4.6273,1908,1227.0,1761.0,1908.0,-38.45,17.15,23.57,24.26,97,0.0,5.0,97.0,many,SR,3
0,910,7112,2402,2322,60.3674,43.0212,3.597,4.2914,4.4829,1516,870.0,1295.0,1474.0,-28.86,12.96,17.53,19.26,120,13.0,35.0,61.0,many,SR,3
0,915,1647,0,0,14.3762,12.39,0.5655,0.0,0.0,1221,719.0,0.0,0.0,0.03,14.21,0.0,0.0,27,0.0,0.0,0.0,one,SR,1
0,923,4716,4281,0,29.1309,20.0002,3.3589,3.4274,0.0,1091,744.0,771.0,0.0,-9.64,11.56,11.88,0.0,75,10.0,9.0,0.0,many,SR,2
0,930,322,0,0,16.593,14.4346,0.3135,0.0,0.0,1362,1019.0,0.0,0.0,-2.3,18.45,0.0,0.0,148,0.0,0.0,0.0,one,SR,1
0,937,6621,5355,0,43.8104,30.8789,4.6115,4.6136,0.0,1860,1347.0,1350.0,0.0,-13.83,18.51,18.55,0.0,169,0.0,0.0,0.0,many,SR,2
0,954,6175,1707,0,54.177,39.5524,4.9837,4.9845,0.0,2159,1733.0,1733.0,0.0,-19.24,23.29,23.28,0.0,161,-1.0,0.0,0.0,many,SR,2
0,959,8632,8631,1813,111.9852,86.0505,5.4308,5.4308,5.5111,2495,2376.0,2376.0,2495.0,-59.86,31.38,31.38,32.86,1,0.0,0.0,1.0,many,SR,3
0,967,8492,0,0,14.1215,12.0402,0.4217,0.0,0.0,1452,888.0,0.0,0.0,0.31,16.6,0.0,0.0,198,0.0,0.0,0.0,one,SR,1
0,978,3901,3899,0,44.3249,31.4955,4.5802,4.5802,0.0,1485,1332.0,1332.0,0.0,-17.43,18.34,18.34,0.0,104,0.0,0.0,0.0,many,SR,2
38,991,1367,0,0,12.3666,8.5222,2.7688,0.0,0.0,1095,957.0,0.0,0.0,1.82,12.76,0.0,0.0,79,138.0,0.0,0.0,one,RT,1
0,992,7808,1154,0,37.4737,25.7739,4.1495,4.259,0.0,1623,1182.0,1171.0,0.0,-12.58,16.39,16.52,0.0,263,22.0,0.0,0.0,many,SR,2
0,998,5741,5740,0,60.7725,44.9639,5.1899,5.1899,0.0,2910,2040.0,2040.0,0.0,-18.3,27.14,27.14,0.0,266,0.0,0.0,0.0,many,SR,2
0,1009,1916,1188,0,35.2137,24.3934,3.7149,4.0829,0.0,1194,1054.0,1098.0,0.0,-14.67,14.6,15.62,0.0,192,52.0,6.0,0.0,many,SR,2
0,1019,7199,3626,0,33.6265,23.3454,3.7394,3.7789,0.0,1430,953.0,928.0,0.0,-9.85,13.87,13.76,0.0,104,16.0,0.0,0.0,many,SR,2
0,1026,5912,1259,0,28.0925,18.7868,3.4613,3.4613,0.0,1333,765.0,765.0,0.0,-7.45,11.92,11.92,0.0,182,0.0,0.0,0.0,many,SR,2
0,1053,2214,0,0,17.546,15.4239,0.362,0.0,0.0,1176,959.0,0.0,0.0,-3.49,17.6,0.0,0.0,29,0.0,0.0,0.0,one,SR,1
0,1057,5132,5131,2032,76.6888,56.4235,4.4273,4.4273,5.0555,2211,1254.0,1254.0,2211.0,-33.98,17.46,17.46,28.63,53,0.0,0.0,53.0,many,SR,3
0,1060,9425,0,0,20.7756,18.4993,0.1176,0.0,0.0,1685,1241.0,0.0,0.0,-1.74,21.59,0.0,0.0,64,0.0,0.0,0.0,one,SR,1
0,1070,5365,5364,0,47.2404,33.9683,4.7177,4.7177,0.0,1570,1406.0,1406.0,0.0,-18.05,19.18,19.18,0.0,39,0.0,0.0,0.0,many,SR,2
0,1076,5925,5333,5000,59.1537,41.8917,3.7928,4.3492,4.3355,1324,931.0,1219.0,1211.0,-29.16,13.81,17.06,16.97,80,-1.0,0.0,0.0,many,SR,3
0,1081,5870,5869,0,54.5963,40.2419,4.929,4.929,0.0,1781,1670.0,1670.0,0.0,-21.77,22.48,22.48,0.0,16,0.0,0.0,0.0,many,SR,2
0,1082,8484,8459,2098,99.1262,75.4546,4.8952,5.3995,4.6352,2769,1622.0,2441.0,2769.0,-49.6,21.85,32.01,33.56,220,2.0,15.0,220.0,many,SR,3
0,1085,4846,993,992,52.005,36.2006,3.79,3.7748,3.7748,1760,1378.0,923.0,923.0,-21.7,17.23,13.71,13.71,272,144.0,0.0,0.0,many,SR,3
0,1094,9495,8874,0,43.8078,31.379,4.4445,4.4423,0.0,1818,1269.0,1296.0,0.0,-12.79,17.61,17.81,0.0,34,2.0,11.0,0.0,many,SR,2
0,1098,9891,175,0,27.647,18.3883,3.4234,3.459,0.0,1320,775.0,759.0,0.0,-7.53,11.92,11.85,0.0,205,10.0,0.0,0.0,many,SR,2
0,1101,5037,1770,610,77.9932,57.2491,4.3239,5.4017,4.3094,2682,1201.0,2550.0,1227.0,-32.22,16.87,33.18,17.04,214,-1.0,31.0,10.0,many,SR,3
0,1102,3915,3914,1947,53.2872,37.2789,3.8962,3.8962,3.8962,1844,984.0,984.0,984.0,-19.51,14.4,14.4,14.4,109,0.0,0.0,0.0,many,SR,3
11,1103,8869,5883,5882,59.2379,14.0119,14.9839,14.237,14.237,1209,2340.0,1370.0,1370.0,-3.22,10.55,8.56,8.56,130,618.0,36.0,36.0,many,RT,3
0,1104,6246,0,0,19.106,16.8517,0.1733,0.0,0.0,1442,1186.0,0.0,0.0,-3.59,20.81,0.0,0.0,128,0.0,0.0,0.0,one,SR,1
0,1107,8387,8386,1473,68.3857,49.4109,4.4255,4.4255,4.4746,1694,1255.0,1255.0,1694.0,-33.06,17.47,17.47,21.55,98,0.0,0.0,98.0,many,SR,3
0,1119,8022,3704,0,41.0204,29.3262,3.9218,4.5139,0.0,1303,999.0,1303.0,0.0,-15.64,14.57,18.02,0.0,0,0.0,0.0,0.0,many,SR,2
0,1139,8652,5940,5939,84.0166,61.0663,5.0968,5.1027,5.1027,3349,1907.0,1910.0,1910.0,-33.67,25.47,25.51,25.51,530,0.0,0.0,0.0,many,SR,3
260,1157,413,0,0,17.6772,11.3055,4.8832,0.0,0.0,1460,1697.0,0.0,0.0,1.93,17.89,0.0,0.0,143,287.0,0.0,0.0,one,RT,1
0,1169,5604,5603,0,37.2859,26.1968,4.0276,4.0276,0.0,1679,1052.0,1052.0,0.0,-9.68,15.17,15.17,0.0,76,0.0,0.0,0.0,many,SR,2
0,1175,9792,9791,0,56.6629,41.1801,5.1354,5.1354,0.0,2607,1954.0,1954.0,0.0,-19.54,26.06,26.06,0.0,391,0.0,0.0,0.0,many,SR,2
0,1188,563,0,0,18.5117,16.3575,0.3009,0.0,0.0,1457,1025.0,0.0,0.0,-1.38,18.53,0.0,0.0,22,0.0,0.0,0.0,one,SR,1
0,1203,5555,2826,0,36.6202,25.9148,3.8983,3.9024,0.0,1277,987.0,1010.0,0.0,-12.73,14.43,14.61,0.0,16,0.0,7.0,0.0,many,SR,2
0,1204,6458,4935,0,49.0068,35.7492,4.7793,4.1596,0.0,2098,1519.0,1881.0,0.0,-16.84,20.44,22.75,0.0,213,11.0,190.0,0.0,many,SR,2
0,1207,6675,6674,0,64.4051,48.5576,5.2005,5.2005,0.0,2529,2047.0,2047.0,0.0,-22.46,27.23,27.23,0.0,32,0.0,0.0,0.0,many,SR,2
0,1214,6251,0,0,14.3508,12.3432,0.5389,0.0,0.0,1092,753.0,0.0,0.0,-1.75,14.69,0.0,0.0,60,0.0,0.0,0.0,one,SR,1
0,1229,4100,3447,0,44.0112,31.1886,4.5786,4.5672,0.0,2342,1336.0,1340.0,0.0,-8.5,18.39,18.38,0.0,130,0.0,5.0,0.0,many,SR,2
25,1249,7125,6728,0,44.3115,21.2197,11.0752,9.3796,0.0,1304,2414.0,2447.0,0.0,-10.04,17.19,16.19,0.0,172,518.0,698.0,0.0,many,RT,2
0,1259,7232,5099,2409,72.5281,52.4153,4.7645,4.7626,4.7626,1426,1426.0,1426.0,1426.0,-37.44,19.41,19.41,19.41,0,0.0,0.0,0.0,many,SR,3
0,1265,8910,0,0,17.0659,14.8628,0.248,0.0,0.0,1402,1097.0,0.0,0.0,-2.88,19.55,0.0,0.0,187,0.0,0.0,0.0,one,SR,1
114,1266,9888,5156,0,53.7635,13.9185,10.2491,27.781,0.0,1557,2025.0,2923.0,0.0,0.01,13.23,13.92,0.0,165,496.0,136.0,0.0,many,RT,2
0,1270,9578,4972,0,32.5192,22.5662,3.5513,3.6876,0.0,1187,978.0,910.0,0.0,-11.96,13.71,13.43,0.0,127,55.0,11.0,0.0,many,SR,2
0,1274,4817,0,0,13.7934,11.7246,0.4261,0.0,0.0,1353,876.0,0.0,0.0,-0.58,16.43,0.0,0.0,209,0.0,0.0,0.0,one,SR,1
0,1277,921,0,0,21.1162,18.8554,0.1543,0.0,0.0,1329,1204.0,0.0,0.0,-5.0,21.06,0.0,0.0,7,0.0,0.0,0.0,one,SR,1
0,1279,6406,4318,0,32.7888,22.9481,3.4572,3.7873,0.0,1047,760.0,971.0,0.0,-12.37,11.86,14.1,0.0,29,0.0,13.0,0.0,many,SR,2
0,1281,5703,1375,0,38.7377,27.1968,4.1707,4.1707,0.0,1227,1125.0,1125.0,0.0,-15.91,16.0,16.0,0.0,109,0.0,0.0,0.0,many,SR,2
0,1296,7269,7268,5526,88.6392,66.2709,5.0958,5.0958,4.6396,1960,1892.0,1892.0,1956.0,-47.25,25.28,25.28,24.81,107,0.0,0.0,101.0,many,SR,3
0,1298,2201,0,0,17.1729,14.9864,0.2724,0.0,0.0,1623,1068.0,0.0,0.0,-0.19,19.14,0.0,0.0,153,0.0,0.0,0.0,one,SR,1
0,1302,9437,0,0,15.396,13.3042,0.3969,0.0,0.0,1329,913.0,0.0,0.0,-1.3,16.95,0.0,0.0,133,0.0,0.0,0.0,one,SR,1
0,1304,5735,3170,0,38.4252,26.8019,4.1001,4.2591,0.0,1337,1114.0,1216.0,0.0,-15.34,15.78,16.86,0.0,176,8.0,15.0,0.0,many,SR,2
0,1305,6977,6976,0,29.8404,20.0431,3.6198,3.6198,0.0,1544,842.0,842.0,0.0,-6.81,12.79,12.79,0.0,203,0.0,0.0,0.0,many,SR,2
0,1312,4847,0,0,17.563,15.3395,0.1948,0.0,0.0,1362,1149.0,0.0,0.0,-3.96,20.29,0.0,0.0,199,0.0,0.0,0.0,one,SR,1
0,1321,2017,2016,1748,70.772,50.7593,4.7957,4.7957,4.4857,2503,1466.0,1466.0,1504.0,-27.14,19.91,19.91,19.53,182,0.0,0.0,68.0,many,SR,3
0,1332,7025,309,0,42.835,30.4666,4.3678,4.4529,0.0,1738,1316.0,1269.0,0.0,-13.68,17.85,17.63,0.0,100,28.0,0.0,0.0,many,SR,2
222,1337,8204,8203,0,111.7254,51.9599,26.4237,26.4237,0.0,4759,5254.0,5254.0,0.0,-12.29,40.59,40.59,0.0,703,462.0,462.0,0.0,many,RT,2
0,1339,7303,6797,0,38.2849,27.2132,4.0739,3.965,0.0,1181,1084.0,1022.0,0.0,-14.89,15.5,14.83,0.0,6,3.0,0.0,0.0,many,SR,2
0,1378,8473,6033,2555,64.3295,45.7389,4.4394,4.4374,4.4394,2190,1265.0,1264.0,1265.0,-24.47,17.59,17.57,17.59,118,0.0,0.0,0.0,many,SR,3
136,1395,6266,1160,674,125.5905,52.8285,19.909,26.9158,19.7143,2911,3377.0,3208.0,3580.0,-25.44,24.98,24.25,25.0,217,299.0,-189.0,464.0,many,RT,3
0,1406,4128,3585,2044,51.1296,35.686,3.9322,3.6058,3.6099,1650,1371.0,837.0,842.0,-21.34,17.46,12.72,12.78,203,117.0,1.0,1.0,many,SR,3
0,1410,2782,2034,0,44.2109,31.6151,4.065,4.4785,0.0,2038,1900.0,1284.0,0.0,-15.07,22.72,17.8,0.0,331,211.0,0.0,0.0,many,SR,2
0,1411,8118,2783,2691,86.4879,64.9991,4.9156,3.5842,5.0751,2690,1776.0,2690.0,1922.0,-42.98,23.59,29.98,25.57,425,18.0,425.0,7.0,many,SR,3
0,1412,2387,2386,0,32.6766,22.7332,3.6668,3.6668,0.0,1167,865.0,865.0,0.0,-11.23,13.05,13.05,0.0,52,0.0,0.0,0.0,many,SR,2
0,1416,4819,4818,2793,57.4281,40.8029,3.9494,3.9494,3.9033,1544,1015.0,1015.0,1544.0,-27.2,14.75,14.75,18.73,178,0.0,0.0,178.0,many,SR,3
0,1418,2455,795,0,44.4437,31.7743,4.3589,4.5895,0.0,1506,1441.0,1342.0,0.0,-17.68,18.78,18.44,0.0,117,71.0,2.0,0.0,many,SR,2
0,1421,7565,1769,859,53.9209,38.1002,3.8847,3.7354,3.8493,1186,982.0,1101.0,961.0,-26.71,14.38,15.0,14.14,73,0.0,64.0,0.0,many,SR,3
0,1423,5057,2720,0,31.8831,22.2312,3.5826,3.5649,0.0,1437,824.0,813.0,0.0,-7.45,12.58,12.46,0.0,21,0.0,0.0,0.0,many,SR,2
0,1435,8566,8564,0,32.3511,22.4239,3.661,3.661,0.0,1466,863.0,863.0,0.0,-8.05,13.03,13.03,0.0,70,0.0,0.0,0.0,many,SR,2
0,1439,6324,6322,3810,82.509,60.3895,5.0002,5.0002,5.0002,3052,1769.0,1769.0,1769.0,-32.02,23.73,23.73,23.73,251,0.0,0.0,0.0,many,SR,3
0,1440,7416,7415,0,40.7177,29.0454,4.2137,4.2137,0.0,1485,1145.0,1145.0,0.0,-13.61,16.22,16.22,0.0,11,0.0,0.0,0.0,many,SR,2
0,1444,2579,0,0,17.0074,14.8505,0.2923,0.0,0.0,1334,1033.0,0.0,0.0,-2.77,18.65,0.0,0.0,132,0.0,0.0,0.0,one,SR,1
0,1453,3454,3453,0,40.2441,28.5685,4.212,4.212,0.0,1404,1148.0,1148.0,0.0,-14.52,16.26,16.26,0.0,48,0.0,0.0,0.0,many,SR,2
0,1464,6685,4113,0,36.3856,25.6957,3.8824,3.8415,0.0,1236,1134.0,959.0,0.0,-13.72,15.54,14.12,0.0,68,49.0,0.0,0.0,many,SR,2
0,1466,3234,2886,1720,69.5334,50.3392,4.4184,4.6282,4.3311,1782,1293.0,1713.0,1379.0,-33.64,17.76,22.17,18.24,137,13.0,68.0,56.0,many,SR,3
0,1482,4978,2047,0,36.2377,25.5055,3.8317,3.9981,0.0,1412,953.0,1035.0,0.0,-11.3,14.05,14.98,0.0,42,0.0,0.0,0.0,many,SR,2
0,1485,5540,0,0,15.2927,13.1982,0.4024,0.0,0.0,1176,911.0,0.0,0.0,-2.88,16.92,0.0,0.0,139,0.0,0.0,0.0,one,SR,1
0,1488,4291,1579,0,33.7675,23.3925,3.9661,3.5123,0.0,1480,1274.0,791.0,0.0,-10.53,16.76,12.21,0.0,183,82.0,0.0,0.0,many,SR,2
0,1500,7802,3208,0,37.4586,26.534,3.4205,4.2512,0.0,1312,1309.0,1169.0,0.0,-15.5,16.03,16.5,0.0,187,181.0,0.0,0.0,many,SR,2
0,1526,6529,4889,0,37.3137,25.7071,4.1942,4.1902,0.0,1641,1137.0,1133.0,0.0,-11.77,16.13,16.09,0.0,225,0.0,0.0,0.0,many,SR,2
0,1540,746,0,0,17.1745,14.9521,0.2106,0.0,0.0,1430,1137.0,0.0,0.0,-3.09,20.12,0.0,0.0,215,0.0,0.0,0.0,one,SR,1
0,1544,347,0,0,16.0979,14.0467,0.475,0.0,0.0,1054,829.0,0.0,0.0,-3.12,15.76,0.0,0.0,10,0.0,0.0,0.0,one,SR,1
0,1546,9686,3031,98,102.0333,77.6226,4.9057,5.9221,4.9407,3157,1680.0,3157.0,1701.0,-44.63,22.52,41.08,22.82,11,7.0,11.0,4.0,many,SR,3
0,1547,8995,0,0,17.6272,15.4688,0.3135,0.0,0.0,1125,1019.0,0.0,0.0,-4.79,18.45,0.0,0.0,78,0.0,0.0,0.0,one,SR,1
0,1552,3694,1240,573,51.5689,36.3078,3.5392,3.9216,3.5318,1451,803.0,1449.0,800.0,-23.18,12.33,18.04,12.31,144,1.0,144.0,0.0,many,SR,3
0,1559,4200,0,0,15.8398,13.6609,0.2789,0.0,0.0,1653,1058.0,0.0,0.0,0.26,19.0,0.0,0.0,235,0.0,0.0,0.0,one,SR,1
0,1560,3055,0,0,20.1362,17.9206,0.2251,0.0,0.0,1122,1122.0,0.0,0.0,-6.13,19.91,0.0,0.0,0,0.0,0.0,0.0,one,SR,1
0,1565,101,0,0,18.3776,16.1177,0.1463,0.0,0.0,1505,1209.0,0.0,0.0,-3.22,21.14,0.0,0.0,198,0.0,0.0,0.0,one,SR,1
38,1581,9463,5798,2209,64.8059,22.3925,15.7253,13.6076,10.301,1345,2108.0,1828.0,2336.0,-10.89,9.68,9.87,19.25,179,449.0,346.0,385.0,many,RT,3
0,1592,4370,1574,0,31.1361,21.57,3.3849,3.6791,0.0,1449,726.0,924.0,0.0,-7.3,11.47,13.55,0.0,65,0.0,15.0,0.0,many,SR,2
0,1603,6661,3190,0,36.3159,25.6785,3.8379,3.7021,0.0,1426,1426.0,884.0,0.0,-12.9,17.71,13.26,0.0,150,150.0,0.0,0.0,many,SR,2
0,1607,7856,2338,1704,70.437,50.7788,4.6668,4.6443,4.6668,2034,1381.0,1401.0,1381.0,-29.77,18.9,19.0,18.9,24,0.0,11.0,0.0,many,SR,3
0,1611,4151,3118,0,29.8256,20.193,3.567,3.567,0.0,2008,816.0,816.0,0.0,-1.4,12.49,12.49,0.0,157,0.0,0.0,0.0,many,SR,2
224,1613,8978,4299,4298,64.8872,12.1782,19.4985,15.7712,15.7712,1303,2453.0,1484.0,1484.0,-1.33,9.67,8.51,8.51,194,496.0,38.0,38.0,many,TR,3
0,1616,8359,5876,3188,51.4713,36.2087,3.7511,3.7511,3.3909,1391,909.0,909.0,1391.0,-24.72,13.55,13.55,16.6,213,0.0,0.0,213.0,many,SR,3
0,1626,9886,6681,0,33.6105,23.5537,3.8111,3.5395,0.0,1163,948.0,902.0,0.0,-12.14,13.96,13.11,0.0,55,3.0,32.0,0.0,many,SR,2
0,1631,8557,0,0,15.177,13.1301,0.458,0.0,0.0,1132,838.0,0.0,0.0,-2.41,15.89,0.0,0.0,80,0.0,0.0,0.0,one,SR,1
0,1649,416,415,0,49.5525,35.4927,4.8825,4.8825,0.0,2099,1590.0,1590.0,0.0,-16.61,21.47,21.47,0.0,216,0.0,0.0,0.0,many,SR,2
0,1681,7222,2155,0,35.809,25.1328,3.5754,4.0021,0.0,1295,1263.0,1039.0,0.0,-14.29,15.96,15.02,0.0,188,141.0,0.0,0.0,many,SR,2
0,1687,9540,6030,0,47.5619,34.4572,4.8433,4.4351,0.0,1538,1534.0,1257.0,0.0,-18.29,20.77,17.49,0.0,-1,0.0,0.0,0.0,many,SR,2
0,1688,1120,0,0,20.1626,17.7958,0.0086,0.0,0.0,1536,1382.0,0.0,0.0,-5.1,23.58,0.0,0.0,234,0.0,0.0,0.0,one,SR,1
0,1702,5991,5968,2702,52.2012,36.6131,3.6631,4.0523,3.6631,1244,867.0,1148.0,867.0,-24.82,13.07,15.95,13.07,87,0.0,27.0,0.0,many,SR,3
0,1746,2573,1132,1131,55.0209,38.2182,3.7005,4.2455,4.2455,1849,882.0,1162.0,1162.0,-22.08,13.25,16.43,16.43,224,-1.0,-1.0,-1.0,many,SR,3
0,1757,34,0,0,15.2289,13.1695,0.4351,0.0,0.0,1294,863.0,0.0,0.0,-1.03,16.24,0.0,0.0,99,0.0,0.0,0.0,one,SR,1
0,1780,6176,5727,53,45.018,31.1664,3.2337,3.4465,3.463,1389,998.0,769.0,762.0,-18.79,13.29,11.92,11.88,151,112.0,4.0,0.0,many,SR,3
0,1782,8334,0,0,18.0511,15.9174,0.3497,0.0,0.0,1102,976.0,0.0,0.0,-4.49,17.84,0.0,0.0,10,0.0,0.0,0.0,one,SR,1
0,1788,4761,2946,0,44.1375,30.9829,4.6804,4.6804,0.0,3375,1387.0,1387.0,0.0,1.29,18.97,18.97,0.0,216,0.0,0.0,0.0,many,SR,2
0,1796,8338,3836,0,39.7579,28.3637,3.9177,4.0026,0.0,1690,994.0,1686.0,0.0,-13.52,14.51,20.23,0.0,198,0.0,195.0,0.0,many,SR,2
0,1805,4250,4249,0,59.1958,43.101,5.241,5.241,0.0,3037,2113.0,2113.0,0.0,-18.63,28.06,28.06,0.0,506,0.0,0.0,0.0,many,SR,2
85,1807,4801,562,561,73.5121,30.5595,22.9234,8.1763,8.1763,1661,3663.0,2126.0,2126.0,-15.65,17.3,15.23,15.23,173,784.0,577.0,577.0,many,TR,3
0,1813,7178,5054,0,37.0666,25.1301,4.5136,4.0805,0.0,2031,1298.0,1078.0,0.0,-8.76,17.96,15.46,0.0,338,0.0,0.0,0.0,many,SR,2
0,1819,4468,3400,0,29.2026,20.1677,3.3751,3.3766,0.0,1101,721.0,722.0,0.0,-8.99,11.42,11.42,0.0,26,0.0,1.0,0.0,many,SR,2
0,1821,409,408,0,32.6808,22.6041,3.7062,3.7062,0.0,1175,889.0,889.0,0.0,-11.64,13.32,13.32,0.0,94,0.0,0.0,0.0,many,SR,2
0,1828,8025,0,0,13.9671,11.9726,0.5582,0.0,0.0,1073,730.0,0.0,0.0,-1.66,14.36,0.0,0.0,65,0.0,0.0,0.0,one,SR,1
0,1835,9073,5585,4593,70.7687,52.0288,3.9001,4.7874,3.9099,3295,1042.0,2597.0,990.0,-20.69,14.86,32.1,14.47,222,17.0,164.0,0.0,many,SR,3
0,1871,4551,4550,0,30.2639,19.9554,3.7824,3.7824,0.0,1965,924.0,924.0,0.0,-4.06,13.72,13.72,0.0,323,0.0,0.0,0.0,many,SR,2
0,1882,7337,3172,0,28.4025,19.1893,3.4355,3.4355,0.0,1384,747.0,747.0,0.0,-6.55,11.71,11.71,0.0,129,0.0,0.0,0.0,many,SR,2
0,1883,8906,2708,0,54.5529,39.6593,4.6526,5.2646,0.0,2434,1530.0,2244.0,0.0,-19.23,20.23,29.54,0.0,350,39.0,14.0,0.0,many,SR,2
0,1892,9207,8335,0,34.4661,24.1546,3.9043,3.5809,0.0,1288,1017.0,952.0,0.0,-11.91,14.68,13.58,0.0,88,8.0,40.0,0.0,many,SR,2
0,1900,5664,0,0,14.5127,12.4168,0.4051,0.0,0.0,1314,910.0,0.0,0.0,-1.42,16.91,0.0,0.0,191,0.0,0.0,0.0,one,SR,1
0,1902,6459,1164,211,52.9126,37.2038,3.7494,3.1936,4.1923,2449,1038.0,1236.0,1137.0,-15.45,14.56,15.04,16.13,270,40.0,195.0,0.0,many,SR,3
0,1911,3689,0,0,17.7266,15.5693,0.3152,0.0,0.0,1389,1017.0,0.0,0.0,-1.99,18.42,0.0,0.0,69,0.0,0.0,0.0,one,SR,1
0,1913,4007,1801,0,31.3283,21.5627,3.6062,3.6041,0.0,1127,843.0,841.0,0.0,-11.16,12.79,12.77,0.0,98,1.0,1.0,0.0,many,SR,2
0,1924,5663,5662,0,37.6777,26.4224,4.0823,4.0823,0.0,1429,1077.0,1077.0,0.0,-12.81,15.45,15.45,0.0,95,0.0,0.0,0.0,many,SR,2
0,1955,7788,7787,3820,75.5631,55.2723,4.7936,4.7936,4.2325,2070,1463.0,1463.0,2070.0,-36.51,19.87,19.87,24.96,203,0.0,0.0,203.0,many,SR,3
0,1960,7508,0,0,19.2178,16.9455,0.1516,0.0,0.0,1593,1214.0,0.0,0.0,-2.36,21.21,0.0,0.0,146,0.0,0.0,0.0,one,SR,1
0,1965,6885,3647,0,47.629,34.3121,4.7057,4.7584,0.0,2769,1396.0,1432.0,0.0,-5.6,19.07,19.46,0.0,25,0.0,2.0,0.0,many,SR,2
262,1970,9928,8597,3776,76.3009,20.4085,27.8264,17.3214,8.1918,1262,3430.0,1988.0,2403.0,-9.72,11.61,9.67,18.25,175,652.0,267.0,614.0,many,RT,3
0,1982,1303,1302,0,49.7845,35.4774,4.923,4.923,0.0,2133,1656.0,1656.0,0.0,-17.75,22.31,22.31,0.0,319,0.0,0.0,0.0,many,SR,2
0,1994,5530,5529,0,36.8686,25.5319,4.106,4.106,0.0,1431,1092.0,1092.0,0.0,-13.1,15.62,15.62,0.0,177,0.0,0.0,0.0,many,SR,2
0,2002,9410,3569,0,38.985,26.9243,4.6627,4.008,0.0,1582,1377.0,1041.0,0.0,-13.9,18.86,15.04,0.0,245,0.0,0.0,0.0,many,SR,2
0,2025,7955,0,0,16.9952,14.8086,0.2583,0.0,0.0,1239,1078.0,0.0,0.0,-4.35,19.28,0.0,0.0,174,0.0,0.0,0.0,one,SR,1
0,2026,4146,0,0,18.3518,16.173,0.2604,0.0,0.0,1382,1071.0,0.0,0.0,-2.75,19.18,0.0,0.0,75,0.0,0.0,0.0,one,SR,1
0,2027,8851,0,0,18.1838,16.0529,0.3398,0.0,0.0,1351,981.0,0.0,0.0,-1.93,17.91,0.0,0.0,5,0.0,0.0,0.0,one,SR,1
0,2028,9137,9136,0,62.8343,46.8571,5.22,5.22,0.0,3499,2083.0,2083.0,0.0,-13.09,27.69,27.69,0.0,203,0.0,0.0,0.0,many,SR,2
0,2045,9179,5944,0,32.9412,22.787,3.714,3.7397,0.0,1383,891.0,926.0,0.0,-9.78,13.34,13.66,0.0,104,0.0,7.0,0.0,many,SR,2
277,2063,208,207,0,48.8445,14.3721,16.4007,16.4007,0.0,1192,2782.0,2782.0,0.0,-2.52,12.35,12.35,0.0,46,770.0,770.0,0.0,many,TR,2
0,2065,7647,5017,0,37.0668,26.2319,3.8728,3.9827,0.0,1376,1049.0,1031.0,0.0,-12.37,14.86,14.93,0.0,40,24.0,0.0,0.0,many,SR,2
0,2071,2468,2467,0,51.8278,37.3287,4.9585,4.9585,0.0,2509,1704.0,1704.0,0.0,-14.89,22.91,22.91,0.0,267,0.0,0.0,0.0,many,SR,2
0,2072,8056,0,0,17.3489,15.1281,0.2176,0.0,0.0,1319,1131.0,0.0,0.0,-4.18,20.03,0.0,0.0,198,0.0,0.0,0.0,one,SR,1
1,2078,6601,0,0,36.7355,17.3524,17.1197,0.0,0.0,1508,3873.0,0.0,0.0,-4.54,27.63,0.0,0.0,206,685.0,0.0,0.0,one,RT,1
0,2084,6172,0,0,15.766,13.731,0.48,0.0,0.0,1066,814.0,0.0,0.0,-2.8,15.55,0.0,0.0,18,0.0,0.0,0.0,one,SR,1
0,2089,503,502,0,41.5251,29.0127,4.4784,4.4784,0.0,2877,1282.0,1282.0,0.0,-1.79,17.78,17.78,0.0,204,0.0,0.0,0.0,many,SR,2
0,2090,3434,2172,0,31.1674,21.4998,3.4671,3.4829,0.0,1583,1189.0,770.0,0.0,-7.84,15.19,11.98,0.0,202,135.0,-1.0,0.0,many,SR,2
0,2125,4152,1107,1106,64.91,46.6339,4.6955,4.1786,4.1786,1509,1509.0,1130.0,1130.0,-31.17,20.13,16.05,16.05,26,26.0,0.0,0.0,many,SR,3
0,2129,7631,2925,557,46.7257,31.7983,3.6652,3.6652,3.6652,1686,870.0,870.0,870.0,-17.68,13.11,13.11,13.11,245,0.0,0.0,0.0,many,SR,3
0,2131,4263,4260,0,47.5331,34.3038,4.7076,4.7076,0.0,1833,1396.0,1396.0,0.0,-15.08,19.07,19.07,0.0,2,0.0,0.0,0.0,many,SR,2
0,2135,4652,4651,0,56.6428,41.6851,5.0404,5.0404,0.0,2101,1821.0,1821.0,0.0,-21.83,24.38,24.38,0.0,151,0.0,0.0,0.0,many,SR,2
0,2136,6014,2142,0,44.0035,31.0679,4.6118,4.6118,0.0,1606,1351.0,1351.0,0.0,-16.55,18.56,18.56,0.0,160,0.0,0.0,0.0,many,SR,2
247,2145,7598,0,0,14.8179,8.2194,5.3278,0.0,0.0,1848,1604.0,0.0,0.0,7.97,14.71,0.0,0.0,220,372.0,0.0,0.0,one,RT,1
0,2146,337,0,0,18.6223,16.4409,0.2658,0.0,0.0,1416,1069.0,0.0,0.0,-2.37,19.16,0.0,0.0,55,0.0,0.0,0.0,one,SR,1
0,2149,6783,4435,1566,62.3294,44.0139,4.3805,4.3824,4.3824,2521,1234.0,1234.0,1234.0,-20.06,17.23,17.23,17.23,172,0.0,0.0,0.0,many,SR,3
0,2150,4212,0,0,22.0582,19.7561,0.108,0.0,0.0,1266,1266.0,0.0,0.0,-6.45,21.94,0.0,0.0,0,0.0,0.0,0.0,one,SR,1
0,2154,6839,3431,2755,54.2441,37.6833,3.6239,4.7847,3.6027,3250,846.0,1453.0,860.0,-6.82,12.83,19.75,12.91,223,0.0,0.0,7.0,many,SR,3
0,2188,7454,7453,0,47.9868,34.1186,4.8434,4.8434,0.0,1807,1545.0,1545.0,0.0,-18.66,20.91,20.91,0.0,240,0.0,0.0,0.0,many,SR,2
0,2212,7655,693,0,34.7808,24.4844,3.773,3.7786,0.0,1399,925.0,924.0,0.0,-10.01,13.73,13.72,0.0,15,0.0,0.0,0.0,many,SR,2
0,2234,4524,1468,1467,78.5085,57.1541,4.9128,4.9128,4.9128,2692,1636.0,1636.0,1636.0,-31.28,22.05,22.05,22.05,163,0.0,0.0,0.0,many,SR,3
0,2259,4414,2022,0,35.7557,25.2709,3.6979,3.8845,0.0,1068,1068.0,978.0,0.0,-14.91,14.69,14.33,0.0,58,58.0,0.0,0.0,many,SR,2
0,2261,8878,7156,0,32.8106,22.9635,3.633,3.6337,0.0,1727,855.0,851.0,0.0,-5.09,12.91,12.89,0.0,18,2.0,0.0,0.0,many,SR,2
0,2301,8421,5404,0,34.0477,23.7258,3.7846,3.7846,0.0,1323,928.0,928.0,0.0,-10.88,13.76,13.76,0.0,72,0.0,0.0,0.0,many,SR,2
0,2305,8155,663,0,35.6096,25.0649,4.0367,3.5376,0.0,1363,1337.0,801.0,0.0,-12.42,17.38,12.32,0.0,114,90.0,0.0,0.0,many,SR,2
0,2325,4793,4792,0,59.0697,43.273,5.189,5.189,0.0,2725,2036.0,2036.0,0.0,-20.16,27.09,27.09,0.0,375,0.0,0.0,0.0,many,SR,2
224,2333,3850,2961,0,29.9947,7.5525,10.3032,11.0,0.0,1682,1476.0,1445.0,0.0,7.41,8.75,8.64,0.0,184,331.0,274.0,0.0,many,RT,2
0,2337,4900,3645,260,55.6607,38.575,4.124,4.124,4.1235,1642,1100.0,1100.0,1098.0,-25.19,15.73,15.73,15.69,263,-1.0,-1.0,0.0,many,SR,3
0,2342,6400,2192,0,43.388,30.4264,4.7282,4.4176,0.0,1799,1557.0,1250.0,0.0,-15.45,20.74,17.42,0.0,267,25.0,0.0,0.0,many,SR,2
0,2347,9766,9765,94,51.2552,35.9716,3.4964,3.4964,4.2354,1192,780.0,780.0,1159.0,-23.98,12.09,12.09,16.38,36,0.0,0.0,0.0,many,SR,3
0,2359,5378,0,0,15.897,13.7114,0.2785,0.0,0.0,1479,1063.0,0.0,0.0,-1.63,19.07,0.0,0.0,236,0.0,0.0,0.0,one,SR,1
0,2361,2857,2856,0,29.8484,20.4424,3.4945,3.4945,0.0,1422,780.0,780.0,0.0,-6.82,12.09,12.09,0.0,90,0.0,0.0,0.0,many,SR,2
184,2373,7899,4506,0,44.421,19.319,13.875,8.9756,0.0,2003,2136.0,1789.0,0.0,0.77,14.2,14.31,0.0,65,317.0,327.0,0.0,many,TR,2
0,2374,7744,4187,0,36.0425,24.9626,3.9003,4.1354,0.0,1220,989.0,1132.0,0.0,-14.59,14.46,15.99,0.0,166,0.0,8.0,0.0,many,SR,2
157,2383,7818,3180,614,47.9011,26.7553,6.044,6.0459,6.0459,1160,1665.0,1666.0,1666.0,-14.91,13.03,13.03,13.03,23,474.0,474.0,474.0,many,TR,3
0,2411,961,0,0,16.496,14.3895,0.3847,0.0,0.0,1258,932.0,0.0,0.0,-2.29,17.22,0.0,0.0,76,0.0,0.0,0.0,one,SR,1
0,2425,4199,0,0,15.6526,13.6201,0.479,0.0,0.0,1061,813.0,0.0,0.0,-2.84,15.54,0.0,0.0,25,0.0,0.0,0.0,one,SR,1
0,2439,7665,1426,0,44.4543,32.2782,4.5396,3.8766,0.0,1844,1844.0,973.0,0.0,-14.48,23.33,14.27,0.0,107,107.0,0.0,0.0,many,SR,2
0,2454,5064,5063,0,30.7481,21.4116,3.4711,3.4711,0.0,1166,770.0,770.0,0.0,-9.31,11.97,11.97,0.0,10,0.0,0.0,0.0,many,SR,2
0,2476,8835,150,0,31.1449,21.6654,3.0504,3.7082,0.0,1340,1118.0,890.0,0.0,-10.42,13.88,13.33,0.0,193,180.0,0.0,0.0,many,SR,2
0,2478,6069,0,0,13.8839,11.8926,0.5395,0.0,0.0,1097,741.0,0.0,0.0,-1.55,14.52,0.0,0.0,80,0.0,0.0,0.0,one,SR,1
0,2487,8783,0,0,14.7899,12.6929,0.3893,0.0,0.0,1360,922.0,0.0,0.0,-1.09,17.08,0.0,0.0,183,0.0,0.0,0.0,one,SR,1
0,2495,7235,7234,0,51.4287,36.8905,4.9667,4.9667,0.0,1960,1713.0,1713.0,0.0,-20.86,23.02,23.02,0.0,311,0.0,0.0,0.0,many,SR,2
0,2499,365,0,0,15.7058,13.6792,0.483,0.0,0.0,1129,806.0,0.0,0.0,-2.04,15.44,0.0,0.0,15,0.0,0.0,0.0,one,SR,1
0,2503,6581,4301,0,39.7556,27.9482,4.1431,4.3332,0.0,1418,1109.0,1281.0,0.0,-15.09,15.82,17.49,0.0,139,0.0,24.0,0.0,many,SR,2
0,2508,4903,1882,0,35.6311,25.1431,3.3223,4.0649,0.0,1281,1281.0,1071.0,0.0,-14.46,15.62,15.39,0.0,189,189.0,0.0,0.0,many,SR,2
0,2514,6524,5708,2735,43.0514,29.3242,3.4355,3.4005,3.4005,1914,754.0,734.0,734.0,-11.32,11.78,11.56,11.56,143,1.0,0.0,0.0,many,SR,3
0,2515,452,451,0,42.5304,29.7034,4.5802,4.5802,0.0,1718,1331.0,1331.0,0.0,-14.96,18.33,18.33,0.0,225,0.0,0.0,0.0,many,SR,2
0,2542,3359,820,0,33.2661,23.0999,3.7374,3.7374,0.0,1324,901.0,901.0,0.0,-10.32,13.46,13.46,0.0,77,0.0,0.0,0.0,many,SR,2
0,2543,4001,0,0,20.8833,18.5975,0.1271,0.0,0.0,1418,1241.0,0.0,0.0,-4.54,21.59,0.0,0.0,57,0.0,0.0,0.0,one,SR,1
0,2553,2390,2389,0,35.8068,24.9218,3.9629,3.9629,0.0,1326,1019.0,1019.0,0.0,-12.71,14.8,14.8,0.0,117,0.0,0.0,0.0,many,SR,2
0,2561,1211,0,0,19.3412,17.1486,0.2402,0.0,0.0,1320,1095.0,0.0,0.0,-3.71,19.52,0.0,0.0,29,0.0,0.0,0.0,one,SR,1
0,2562,9250,8089,3261,56.9987,40.5612,3.4119,4.2465,3.9237,1719,740.0,1175.0,1719.0,-25.65,11.62,16.53,20.4,214,1.0,3.0,214.0,many,SR,3
0,2569,8206,1668,0,66.1196,49.5472,5.3324,5.3324,0.0,3164,2230.0,2230.0,0.0,-19.95,29.54,29.54,0.0,247,0.0,0.0,0.0,many,SR,2
0,2570,5240,1448,1421,76.209,56.7262,4.7335,3.4242,4.6793,2330,2196.0,742.0,2166.0,-35.35,27.64,11.67,27.16,211,117.0,-1.0,125.0,many,SR,3
0,2587,8911,0,0,20.3373,18.06,0.1256,0.0,0.0,1470,1236.0,0.0,0.0,-3.93,21.52,0.0,0.0,89,0.0,0.0,0.0,one,SR,1
0,2590,7554,6778,0,51.7262,37.419,4.9251,4.7748,0.0,2265,1659.0,1824.0,0.0,-17.68,22.34,23.73,0.0,276,0.0,55.0,0.0,many,SR,2
0,2634,5382,594,0,46.5886,33.3583,4.7027,4.4106,0.0,2002,1561.0,1608.0,0.0,-16.03,20.71,20.47,0.0,252,32.0,98.0,0.0,many,SR,2
0,2636,6084,0,0,17.5534,15.2677,0.1085,0.0,0.0,1891,1254.0,0.0,0.0,0.26,21.77,0.0,0.0,295,0.0,0.0,0.0,one,SR,1
0,2644,6125,421,0,38.9243,27.012,4.7902,3.6828,0.0,1734,1583.0,879.0,0.0,-12.75,21.18,13.21,0.0,269,16.0,0.0,0.0,many,SR,2
0,2649,7019,5043,0,54.614,40.2613,4.9329,4.9197,0.0,2221,1694.0,1654.0,0.0,-17.18,22.72,22.28,0.0,17,5.0,0.0,0.0,many,SR,2
0,2650,6950,2907,154,65.5542,46.2432,4.5939,4.5958,4.5939,1875,1339.0,1339.0,1339.0,-30.06,18.42,18.42,18.42,239,0.0,0.0,0.0,many,SR,3
0,2661,8699,0,0,14.8943,12.8874,0.5212,0.0,0.0,1216,765.0,0.0,0.0,-0.6,14.86,0.0,0.0,33,0.0,0.0,0.0,one,SR,1
0,2675,7975,6548,2109,55.263,38.8626,3.9799,3.9649,3.9649,1181,1081.0,1020.0,1020.0,-28.02,15.29,14.81,14.81,106,18.0,0.0,0.0,many,SR,3
0,2681,6490,6489,3924,52.725,37.224,3.7815,3.7815,3.7671,2450,962.0,962.0,921.0,-11.81,14.01,14.01,13.68,22,12.0,12.0,0.0,many,SR,3
0,2687,9574,256,0,35.5497,24.234,4.0963,4.0971,0.0,1685,1088.0,1098.0,0.0,-10.41,15.58,15.65,0.0,264,0.0,4.0,0.0,many,SR,2
0,2694,2701,583,0,27.855,18.6298,3.4359,3.4358,0.0,1283,753.0,751.0,0.0,-7.71,11.78,11.76,0.0,174,0.0,0.0,0.0,many,SR,2
0,2696,7417,3584,0,41.6066,28.9822,4.3852,4.5782,0.0,1890,1371.0,1330.0,0.0,-13.1,18.29,18.32,0.0,271,44.0,0.0,0.0,many,SR,2
0,2702,9729,9728,0,46.7057,33.6154,4.6608,4.6608,0.0,1674,1376.0,1376.0,0.0,-16.34,18.84,18.84,0.0,21,0.0,0.0,0.0,many,SR,2
136,2710,6018,6017,4078,63.1261,17.4818,12.5248,12.5248,18.4115,1330,1383.0,1383.0,3180.0,-5.68,10.28,10.28,13.28,148,46.0,46.0,905.0,many,RT,3
0,2721,7331,3504,3503,102.7792,78.395,5.038,5.2008,5.2008,2816,2816.0,2042.0,2042.0,-50.93,35.11,27.17,27.17,144,144.0,0.0,0.0,many,SR,3
0,2735,1283,0,0,17.1618,15.0389,0.3656,0.0,0.0,1193,957.0,0.0,0.0,-3.29,17.57,0.0,0.0,53,0.0,0.0,0.0,one,SR,1
0,2747,7605,3266,0,38.7502,27.5768,4.055,4.055,0.0,1065,1065.0,1065.0,0.0,-16.39,15.32,15.32,0.0,0,0.0,0.0,0.0,many,SR,2
0,2771,7741,7740,0,43.0742,30.011,4.6529,4.6529,0.0,1900,1371.0,1371.0,0.0,-13.87,18.79,18.79,0.0,260,0.0,0.0,0.0,many,SR,2
0,2778,4920,4919,0,63.8971,47.9127,5.2274,5.2274,0.0,2452,2080.0,2080.0,0.0,-24.02,27.65,27.65,0.0,127,0.0,0.0,0.0,many,SR,2
0,2781,3283,2399,0,49.6584,35.5002,4.7744,4.8597,0.0,2397,1843.0,1581.0,0.0,-15.55,23.92,21.32,0.0,356,59.0,3.0,0.0,many,SR,2
0,2795,8802,0,0,14.5277,12.4442,0.3998,0.0,0.0,1344,905.0,0.0,0.0,-1.04,16.84,0.0,0.0,185,0.0,0.0,0.0,one,SR,1
0,2815,7835,5547,4740,67.306,48.9739,4.2238,3.6968,4.5098,1861,1586.0,1861.0,1298.0,-33.58,19.74,21.32,17.96,283,134.0,283.0,0.0,many,SR,3
0,2830,6392,0,0,15.8959,13.7897,0.3759,0.0,0.0,1137,938.0,0.0,0.0,-3.63,17.3,0.0,0.0,122,0.0,0.0,0.0,one,SR,1
0,2833,8284,0,0,16.7618,14.6688,0.3952,0.0,0.0,1494,915.0,0.0,0.0,0.41,16.98,0.0,0.0,42,0.0,0.0,0.0,one,SR,1
0,2835,2563,2562,0,32.8844,22.9534,3.6629,3.6629,0.0,1741,863.0,863.0,0.0,-5.17,13.03,13.03,0.0,34,0.0,0.0,0.0,many,SR,2
0,2836,9010,7387,0,40.9164,28.3844,4.4825,4.4825,0.0,1959,1287.0,1287.0,0.0,-11.53,17.83,17.83,0.0,254,0.0,0.0,0.0,many,SR,2
0,2856,8149,0,0,13.8255,11.7676,0.4605,0.0,0.0,1236,844.0,0.0,0.0,-1.4,15.97,0.0,0.0,178,0.0,0.0,0.0,one,SR,1
0,2857,4216,0,0,19.3804,17.1982,0.2553,0.0,0.0,1319,1077.0,0.0,0.0,-3.49,19.27,0.0,0.0,10,0.0,0.0,0.0,one,SR,1
0,2872,4625,4624,1501,50.6773,35.4522,3.7334,3.7334,3.7277,1356,899.0,899.0,899.0,-22.04,13.43,13.43,13.43,56,0.0,0.0,0.0,many,SR,3
0,2883,2772,0,0,18.6776,16.5218,0.294,0.0,0.0,1047,1031.0,0.0,0.0,-5.76,18.62,0.0,0.0,16,0.0,0.0,0.0,one,SR,1
0,2892,7959,5755,4345,146.4838,115.898,5.4276,5.9038,6.167,3954,2366.0,3954.0,3924.0,-76.27,31.25,49.64,49.99,129,0.0,129.0,71.0,many,SR,3
0,2896,5762,2420,2417,56.3122,39.9504,3.9544,3.8982,3.8982,1345,1345.0,985.0,985.0,-27.38,17.29,14.41,14.41,106,106.0,0.0,0.0,many,SR,3
0,2899,4246,1866,1864,61.2014,43.7228,4.2097,4.2059,4.2059,1142,1142.0,1142.0,1142.0,-31.72,16.19,16.19,16.19,0,0.0,0.0,0.0,many,SR,3
0,2920,7249,7248,0,42.8344,29.6523,4.6919,4.6919,0.0,1891,1389.0,1389.0,0.0,-14.33,18.99,18.99,0.0,309,0.0,0.0,0.0,many,SR,2
0,2929,7301,5693,0,49.9769,36.5399,4.5002,4.3234,0.0,2532,2405.0,1200.0,0.0,-14.93,29.29,16.85,0.0,340,195.0,0.0,0.0,many,SR,2
0,2944,3021,196,0,32.4452,22.0105,4.2686,3.3182,0.0,1491,1205.0,768.0,0.0,-9.98,16.8,11.68,0.0,247,9.0,24.0,0.0,many,SR,2
0,2959,933,932,0,29.4597,20.3245,3.4101,3.4101,0.0,1722,735.0,735.0,0.0,-2.75,11.57,11.57,0.0,35,0.0,0.0,0.0,many,SR,2
0,2960,7566,2506,2289,70.9253,51.3696,4.4217,4.5308,4.8842,1609,1255.0,1314.0,1599.0,-34.58,17.47,18.12,21.6,7,0.0,2.0,-1.0,many,SR,3
0,2962,6983,4420,539,57.7949,40.8971,4.0845,4.0486,4.0845,1443,1082.0,1125.0,1082.0,-26.97,15.51,15.78,15.51,84,0.0,19.0,0.0,many,SR,3
0,2982,6743,2216,0,38.0965,27.2577,3.4436,4.0185,0.0,1853,755.0,1842.0,0.0,-10.93,11.8,21.97,0.0,214,0.0,213.0,0.0,many,SR,2
0,2985,2551,457,0,27.3589,18.2073,3.4356,3.3579,0.0,1361,749.0,781.0,0.0,-6.93,11.73,11.85,0.0,206,0.0,22.0,0.0,many,SR,2
0,2991,3759,2474,0,29.7443,20.3142,3.5001,3.5028,0.0,1334,785.0,784.0,0.0,-7.84,12.13,12.14,0.0,105,1.0,-1.0,0.0,many,SR,2
0,2999,8311,0,0,16.1728,14.0938,0.425,0.0,0.0,1154,884.0,0.0,0.0,-2.77,16.54,0.0,0.0,54,0.0,0.0,0.0,one,SR,1
0,3011,7203,2545,0,28.8291,19.5186,3.4674,3.4612,0.0,1153,765.0,763.0,0.0,-9.33,11.93,11.89,0.0,131,-1.0,0.0,0.0,many,SR,2
0,3033,7251,0,0,12.5304,10.5228,0.5248,0.0,0.0,1273,763.0,0.0,0.0,0.02,14.83,0.0,0.0,193,0.0,0.0,0.0,one,SR,1
0,3039,1028,0,0,16.1712,14.0952,0.4389,0.0,0.0,1169,872.0,0.0,0.0,-2.46,16.37,0.0,0.0,44,0.0,0.0,0.0,one,SR,1
0,3040,7596,6026,0,49.0164,35.7319,4.5116,4.7134,0.0,1739,1296.0,1739.0,0.0,-18.28,17.94,22.66,0.0,55,0.0,55.0,0.0,many,SR,2
0,3042,6494,2975,0,33.6119,23.1106,3.8414,3.8414,0.0,1391,957.0,957.0,0.0,-10.76,14.09,14.09,0.0,154,0.0,0.0,0.0,many,SR,2
52,3047,8746,1984,0,26.1835,9.546,8.4514,6.8599,0.0,1182,1465.0,1336.0,0.0,0.48,9.63,9.63,0.0,163,378.0,371.0,0.0,many,TR,2
0,3050,7854,0,0,16.0393,13.9857,0.4576,0.0,0.0,1038,843.0,0.0,0.0,-3.47,15.96,0.0,0.0,26,0.0,0.0,0.0,one,SR,1
0,3058,5587,1549,0,27.8727,18.5581,3.4669,3.4669,0.0,1255,764.0,764.0,0.0,-8.25,11.9,11.9,0.0,196,0.0,0.0,0.0,many,SR,2
0,3062,7672,0,0,23.0099,20.672,0.0321,0.0,0.0,1817,1345.0,0.0,0.0,-1.67,23.06,0.0,0.0,6,0.0,0.0,0.0,one,SR,1
0,3072,8115,7944,7943,77.5806,56.3391,4.8954,4.894,4.894,3042,1622.0,1620.0,1620.0,-27.08,21.88,21.85,21.85,183,0.0,0.0,0.0,many,SR,3
0,3076,1239,0,0,20.3901,18.1328,0.1735,0.0,0.0,1369,1188.0,0.0,0.0,-4.38,20.84,0.0,0.0,43,0.0,0.0,0.0,one,SR,1
0,3094,9308,0,0,14.1642,12.107,0.457,0.0,0.0,1408,846.0,0.0,0.0,0.38,16.0,0.0,0.0,157,0.0,0.0,0.0,one,SR,1
0,3127,6203,5523,1918,53.1302,37.5406,4.1499,3.5204,3.4963,1621,1621.0,793.0,779.0,-22.79,19.91,12.24,12.07,155,155.0,-1.0,0.0,many,SR,3
262,3128,7869,7868,0,32.7421,16.2897,7.2479,7.2479,0.0,1113,1655.0,1655.0,0.0,-5.92,11.78,11.78,0.0,90,469.0,469.0,0.0,many,TR,2
0,3130,6642,0,0,20.5437,18.2272,0.0729,0.0,0.0,1590,1301.0,0.0,0.0,-3.5,22.44,0.0,0.0,134,0.0,0.0,0.0,one,SR,1
0,3137,6233,1836,0,34.055,23.9711,3.9845,3.4101,0.0,1081,1081.0,735.0,0.0,-12.85,15.32,11.57,0.0,16,16.0,0.0,0.0,many,SR,2
0,3148,7068,5473,0,36.8549,25.6785,4.2223,3.8305,0.0,1535,1173.0,1045.0,0.0,-11.99,16.47,14.76,0.0,166,6.0,29.0,0.0,many,SR,2
0,3156,9701,3754,0,59.07,43.65,5.1254,5.1254,0.0,2372,1937.0,1937.0,0.0,-21.62,25.85,25.85,0.0,196,0.0,0.0,0.0,many,SR,2
0,3160,5247,0,0,18.5514,16.2881,0.1413,0.0,0.0,1434,1215.0,0.0,0.0,-4.04,21.22,0.0,0.0,192,0.0,0.0,0.0,one,SR,1
0,3170,9363,9362,7506,57.8021,40.9424,3.673,3.673,4.8153,1848,874.0,874.0,1533.0,-22.88,13.15,13.15,20.68,92,0.0,0.0,6.0,many,SR,3
0,3174,1680,0,0,21.0213,18.7181,0.1063,0.0,0.0,1926,1268.0,0.0,0.0,0.45,21.97,0.0,0.0,72,0.0,0.0,0.0,one,SR,1
0,3178,3291,2766,514,60.5318,42.3683,4.3567,4.3584,4.335,2085,1223.0,1221.0,1211.0,-24.13,17.1,17.07,16.96,249,1.0,1.0,1.0,many,SR,3
0,3181,8380,0,0,18.1143,15.9289,0.2741,0.0,0.0,1110,1066.0,0.0,0.0,-5.55,19.11,0.0,0.0,87,0.0,0.0,0.0,one,SR,1
195,3182,7455,2424,0,31.1465,9.3589,10.3907,10.3281,0.0,1104,1226.0,1228.0,0.0,1.97,8.34,8.35,0.0,18,159.0,164.0,0.0,many,RT,2
0,3187,6120,3872,2385,63.8577,44.8511,4.5294,4.5334,4.5198,2016,1309.0,1311.0,1306.0,-27.65,18.08,18.11,18.05,271,0.0,0.0,0.0,many,SR,3
0,3202,9973,0,0,20.1673,17.8075,0.0187,0.0,0.0,1802,1370.0,0.0,0.0,-2.15,23.41,0.0,0.0,223,0.0,0.0,0.0,one,SR,1
0,3210,6388,1979,1978,95.3072,72.2194,4.3863,5.1141,5.1141,2800,2800.0,1929.0,1929.0,-46.86,33.24,25.75,25.75,276,276.0,0.0,0.0,many,SR,3
0,3243,5371,3080,0,43.5098,31.1681,4.0069,4.7854,0.0,1649,1077.0,1493.0,0.0,-14.63,15.32,20.18,0.0,53,12.0,6.0,0.0,many,SR,2
0,3271,855,0,0,18.9742,16.7852,0.2593,0.0,0.0,1295,1079.0,0.0,0.0,-3.77,19.3,0.0,0.0,40,0.0,0.0,0.0,one,SR,1
0,3273,6258,5187,0,69.0987,52.6443,5.1349,5.3767,0.0,2634,1985.0,2539.0,0.0,-25.83,26.41,33.02,0.0,58,3.0,33.0,0.0,many,SR,2
0,3275,4410,0,0,16.659,14.4765,0.2783,0.0,0.0,1343,1061.0,0.0,0.0,-3.04,19.04,0.0,0.0,182,0.0,0.0,0.0,one,SR,1
0,3282,3241,0,0,15.3076,13.1961,0.3868,0.0,0.0,1218,934.0,0.0,0.0,-2.73,17.25,0.0,0.0,159,0.0,0.0,0.0,one,SR,1
0,3286,7456,0,0,16.1067,13.92,0.2768,0.0,0.0,1338,1065.0,0.0,0.0,-3.14,19.1,0.0,0.0,223,0.0,0.0,0.0,one,SR,1
0,3290,6376,2219,842,74.0503,52.4668,4.9538,4.9404,4.8666,4230,1703.0,1670.0,1723.0,-16.99,22.87,22.48,22.87,610,2.0,0.0,22.0,many,SR,3
0,3298,7048,0,0,15.8371,13.7724,0.4319,0.0,0.0,1208,869.0,0.0,0.0,-2.01,16.33,0.0,0.0,63,0.0,0.0,0.0,one,SR,1
0,3301,6565,6564,0,39.9596,28.4397,4.1648,4.1648,0.0,2142,1121.0,1121.0,0.0,-6.22,15.95,15.95,0.0,19,0.0,0.0,0.0,many,SR,2
0,3322,8038,6632,0,37.0815,26.2938,3.5064,4.2802,0.0,1335,789.0,1335.0,0.0,-12.99,12.19,17.82,0.0,49,0.0,49.0,0.0,many,SR,2
0,3340,5760,2476,0,48.9206,35.0479,4.6064,4.9048,0.0,2767,1671.0,1630.0,0.0,-10.2,21.64,21.98,0.0,287,68.0,0.0,0.0,many,SR,2
0,3343,3636,1345,0,48.0058,34.112,4.8492,4.8519,0.0,2448,1549.0,1549.0,0.0,-12.03,20.97,20.96,0.0,247,-1.0,0.0,0.0,many,SR,2
78,3379,313,0,0,18.4713,6.2269,11.4487,0.0,0.0,1117,1744.0,0.0,0.0,4.57,11.96,0.0,0.0,64,286.0,0.0,0.0,one,RT,1
0,3382,7743,3295,0,45.0633,32.1584,4.0398,4.8084,0.0,2096,1682.0,1495.0,0.0,-14.5,20.29,20.28,0.0,297,186.0,0.0,0.0,many,SR,2
0,3396,6828,6827,5951,67.1235,48.4982,4.149,4.149,4.9216,2497,1112.0,1112.0,1661.0,-22.43,15.85,15.85,22.36,11,0.0,0.0,1.0,many,SR,3
0,3401,1381,0,0,16.0665,13.9909,0.416,0.0,0.0,1531,888.0,0.0,0.0,1.14,16.6,0.0,0.0,65,0.0,0.0,0.0,one,SR,1
0,3403,9149,2398,0,85.9498,66.3068,6.0252,5.7131,0.0,3823,3268.0,2782.0,0.0,-31.0,42.55,36.49,0.0,330,5.0,0.0,0.0,many,SR,2
0,3415,1187,1171,0,34.8843,24.3339,3.9621,3.5248,0.0,1574,1347.0,933.0,0.0,-11.04,17.31,13.32,0.0,221,106.0,44.0,0.0,many,SR,2
0,3418,9832,0,0,18.5001,16.2267,0.1218,0.0,0.0,1465,1236.0,0.0,0.0,-3.98,21.52,0.0,0.0,214,0.0,0.0,0.0,one,SR,1
0,3421,499,0,0,11.7676,9.7605,0.5256,0.0,0.0,1464,762.0,0.0,0.0,2.04,14.81,0.0,0.0,244,0.0,0.0,0.0,one,SR,1
0,3429,5511,2051,0,48.1549,34.5582,4.7996,4.7883,0.0,1695,1477.0,1479.0,0.0,-18.28,20.05,20.04,0.0,104,0.0,3.0,0.0,many,SR,2
0,3443,6535,0,0,20.3186,18.0242,0.1145,0.0,0.0,1822,1256.0,0.0,0.0,-0.49,21.8,0.0,0.0,109,0.0,0.0,0.0,one,SR,1
0,3450,8776,0,0,18.9496,16.7686,0.2852,0.0,0.0,1403,1055.0,0.0,0.0,-2.33,18.96,0.0,0.0,20,0.0,0.0,0.0,one,SR,1
0,3466,6945,3348,494,54.6815,38.6988,4.0912,3.6925,3.6868,1491,1491.0,881.0,881.0,-24.96,18.66,13.23,13.23,131,131.0,0.0,0.0,many,SR,3
0,3473,7062,2916,2393,78.6393,57.3529,4.8716,4.8265,4.8526,2661,1588.0,1607.0,1864.0,-32.68,21.45,21.54,24.37,223,0.0,12.0,44.0,many,SR,3
0,3478,8301,6980,0,45.8746,32.9548,4.3754,4.7752,0.0,1552,1273.0,1492.0,0.0,-17.63,17.53,20.16,0.0,66,13.0,6.0,0.0,many,SR,2
0,3479,6943,792,0,37.475,25.968,4.6204,3.6905,0.0,1716,1372.0,880.0,0.0,-10.75,18.74,13.22,0.0,191,5.0,0.0,0.0,many,SR,2
0,3489,7096,7095,5408,65.8432,46.3856,4.6253,4.6253,4.6253,2556,1355.0,1355.0,1355.0,-23.4,18.61,18.61,18.61,263,0.0,0.0,0.0,many,SR,3
0,3491,6699,0,0,23.2773,20.9224,0.0307,0.0,0.0,1727,1358.0,0.0,0.0,-2.78,23.24,0.0,0.0,0,0.0,0.0,0.0,one,SR,1
0,3499,3381,396,0,34.1318,22.634,4.1818,4.1154,0.0,2914,1134.0,1129.0,0.0,1.79,16.08,15.93,0.0,421,2.0,10.0,0.0,many,SR,2
0,3507,5753,0,0,15.2549,13.156,0.3771,0.0,0.0,1284,932.0,0.0,0.0,-2.01,17.22,0.0,0.0,160,0.0,0.0,0.0,one,SR,1
0,3523,5832,0,0,17.988,15.8441,0.316,0.0,0.0,1222,1007.0,0.0,0.0,-3.62,18.28,0.0,0.0,42,0.0,0.0,0.0,one,SR,1
0,3525,5774,5773,2989,58.5433,40.586,4.3158,4.3158,4.2883,2204,1200.0,1200.0,1185.0,-22.19,16.85,16.85,16.68,324,0.0,0.0,0.0,many,SR,3
0,3552,6440,3515,0,66.0991,49.2277,5.3893,5.3679,0.0,3290,2314.0,2314.0,0.0,-20.48,30.6,30.55,0.0,396,0.0,4.0,0.0,many,SR,2
0,3566,1641,124,0,50.8107,36.7302,4.812,4.8881,0.0,1947,1492.0,1783.0,0.0,-18.98,20.24,23.57,0.0,184,0.0,27.0,0.0,many,SR,2
0,3578,3637,202,0,64.0227,48.0703,5.3761,4.9408,0.0,3090,2391.0,1897.0,0.0,-18.27,31.4,24.95,0.0,181,13.0,31.0,0.0,many,SR,2
0,3602,2100,2099,732,64.1193,46.2249,3.9277,3.9277,4.894,1660,1001.0,1001.0,1659.0,-28.88,14.59,14.59,22.27,6,0.0,0.0,6.0,many,SR,3
0,3609,240,0,0,13.5422,11.4501,0.3872,0.0,0.0,1629,920.0,0.0,0.0,1.76,17.05,0.0,0.0,266,0.0,0.0,0.0,one,SR,1
0,3611,2769,2767,0,34.3071,23.5783,3.9121,3.9121,0.0,1529,995.0,995.0,0.0,-10.09,14.52,14.52,0.0,175,0.0,0.0,0.0,many,SR,2
0,3628,6875,1075,0,42.7199,30.7558,4.2763,3.749,0.0,2478,2113.0,944.0,0.0,-9.43,25.56,13.83,0.0,320,199.0,10.0,0.0,many,SR,2
0,3631,1682,0,0,18.6253,16.4278,0.2564,0.0,0.0,1597,1087.0,0.0,0.0,-0.7,19.41,0.0,0.0,71,0.0,0.0,0.0,one,SR,1
0,3638,6762,6637,0,31.9195,22.1028,3.6268,3.5019,0.0,1387,1011.0,866.0,0.0,-9.63,14.12,12.77,0.0,143,52.0,26.0,0.0,many,SR,2
0,3641,7344,5768,0,92.1367,72.9562,6.1788,3.8836,0.0,5269,3450.0,4127.0,0.0,-26.74,44.91,46.27,0.0,621,0.0,569.0,0.0,many,SR,2
0,3662,9693,9691,0,72.7854,54.6134,5.6156,5.6156,0.0,4501,2640.0,2640.0,0.0,-15.21,34.7,34.7,0.0,536,0.0,0.0,0.0,many,SR,2
0,3664,4944,2479,0,38.4952,26.632,4.2768,4.2724,0.0,1808,1176.0,1174.0,0.0,-10.84,16.59,16.55,0.0,218,-1.0,0.0,0.0,many,SR,2
0,3676,8619,2318,0,77.7927,60.2349,4.7822,5.5714,0.0,3684,2449.0,3283.0,0.0,-26.16,30.5,41.55,0.0,314,143.0,100.0,0.0,many,SR,2
0,3677,3527,3526,0,41.4277,28.8187,4.5097,4.5097,0.0,1769,1297.0,1297.0,0.0,-13.73,17.95,17.95,0.0,238,0.0,0.0,0.0,many,SR,2
0,3679,5572,1996,0,32.0105,21.8023,3.7531,3.7432,0.0,1951,910.0,911.0,0.0,-3.92,13.56,13.56,0.0,178,0.0,1.0,0.0,many,SR,2
0,3688,4756,4684,0,34.6113,24.1148,3.836,3.7514,0.0,1225,1142.0,913.0,0.0,-13.32,15.5,13.59,0.0,141,61.0,0.0,0.0,many,SR,2
0,3689,8536,619,0,37.3936,26.3882,4.2603,3.7259,0.0,1434,1201.0,900.0,0.0,-12.12,16.75,13.45,0.0,54,10.0,0.0,0.0,many,SR,2
106,3699,9005,0,0,10.5677,6.7794,2.8427,0.0,0.0,1126,870.0,0.0,0.0,3.31,11.46,0.0,0.0,118,142.0,0.0,0.0,one,RT,1
0,3706,6016,0,0,18.5946,16.4297,0.2946,0.0,0.0,1162,1037.0,0.0,0.0,-4.63,18.7,0.0,0.0,28,0.0,0.0,0.0,one,SR,1
0,3728,7024,5201,5200,51.0464,35.2666,3.8473,3.8473,3.8473,1309,960.0,960.0,960.0,-24.4,14.13,14.13,14.13,196,0.0,0.0,0.0,many,SR,3
0,3745,2824,0,0,18.1836,15.9438,0.1757,0.0,0.0,1485,1174.0,0.0,0.0,-2.98,20.64,0.0,0.0,180,0.0,0.0,0.0,one,SR,1
0,3751,7863,5918,0,35.8201,25.1847,3.6282,3.9177,0.0,1242,1169.0,1127.0,0.0,-14.76,15.34,15.56,0.0,179,102.0,41.0,0.0,many,SR,2
0,3762,834,833,0,31.0123,21.1459,3.6396,3.6396,0.0,1643,855.0,855.0,0.0,-6.03,12.94,12.94,0.0,146,0.0,0.0,0.0,many,SR,2
0,3763,5761,1488,0,58.2393,43.021,5.089,5.0873,0.0,2334,1885.0,1888.0,0.0,-20.87,25.19,25.23,0.0,161,0.0,0.0,0.0,many,SR,2
0,3775,4441,4432,965,58.0817,41.6186,3.6522,4.0788,3.942,1340,1167.0,1081.0,1318.0,-29.04,15.35,15.5,17.05,102,99.0,0.0,100.0,many,SR,3
0,3780,5990,4639,0,37.8459,26.5371,4.0943,4.1001,0.0,1641,1087.0,1088.0,0.0,-10.8,15.57,15.58,0.0,102,0.0,0.0,0.0,many,SR,2
0,3784,7851,333,0,37.9557,26.7554,3.908,4.1483,0.0,1306,997.0,1248.0,0.0,-14.58,14.53,16.9,0.0,105,1.0,43.0,0.0,many,SR,2
0,3796,3007,0,0,14.6511,12.5407,0.3603,0.0,0.0,1323,952.0,0.0,0.0,-1.86,17.5,0.0,0.0,219,0.0,0.0,0.0,one,SR,1
0,3812,1358,0,0,21.1348,18.8697,0.1573,0.0,0.0,1249,1205.0,0.0,0.0,-5.86,21.08,0.0,0.0,7,0.0,0.0,0.0,one,SR,1
0,3844,9105,0,0,16.343,14.2385,0.3784,0.0,0.0,1688,935.0,0.0,0.0,2.19,17.26,0.0,0.0,89,0.0,0.0,0.0,one,SR,1
0,3864,7882,954,0,31.9753,22.3422,3.4029,3.4944,0.0,1218,1218.0,779.0,0.0,-11.83,15.28,12.07,0.0,156,156.0,0.0,0.0,many,SR,2
0,3869,4964,1875,0,31.5039,22.0148,3.53,3.4922,0.0,1191,801.0,813.0,0.0,-9.7,12.32,12.35,0.0,13,0.0,10.0,0.0,many,SR,2
0,3881,9052,8232,0,49.1925,35.7812,4.796,4.604,0.0,1694,1619.0,1348.0,0.0,-18.32,21.59,18.53,0.0,22,20.0,0.0,0.0,many,SR,2
0,3886,5179,2921,0,43.8819,31.0001,4.5979,4.5923,0.0,1726,1341.0,1343.0,0.0,-15.1,18.45,18.47,0.0,152,0.0,0.0,0.0,many,SR,2
128,3920,5661,0,0,40.8143,22.8421,15.3045,0.0,0.0,3550,3590.0,0.0,0.0,13.27,30.68,0.0,0.0,80,399.0,0.0,0.0,one,RT,1
0,3923,4648,0,0,18.3198,16.1831,0.3314,0.0,0.0,1057,991.0,0.0,0.0,-5.15,18.05,0.0,0.0,5,0.0,0.0,0.0,one,SR,1
0,3929,8000,5904,3801,45.4014,31.566,3.2159,3.3771,3.3832,1315,1315.0,723.0,723.0,-20.92,15.7,11.44,11.45,216,216.0,0.0,-1.0,many,SR,3
0,3931,7885,4230,2618,73.8537,53.3861,4.7936,4.8109,4.8052,2830,1499.0,1485.0,1485.0,-24.81,20.28,20.15,20.15,78,4.0,0.0,0.0,many,SR,3
0,3953,9724,5458,0,46.9423,33.3765,4.7955,4.7955,0.0,2281,1463.0,1463.0,0.0,-11.82,19.87,19.87,0.0,164,0.0,0.0,0.0,many,SR,2
0,3966,8675,8362,0,59.7837,44.8218,4.9624,4.8391,0.0,2940,1715.0,2255.0,0.0,-15.57,23.05,28.56,0.0,111,0.0,103.0,0.0,many,SR,2
0,3982,8105,7467,0,45.2557,32.7138,3.5869,4.8353,0.0,1811,1811.0,1528.0,0.0,-18.06,20.5,20.69,0.0,298,298.0,0.0,0.0,many,SR,2
0,3983,7122,0,0,18.3284,16.0569,0.134,0.0,0.0,1533,1226.0,0.0,0.0,-3.14,21.38,0.0,0.0,217,0.0,0.0,0.0,one,SR,1
0,4001,5516,0,0,18.0963,15.8772,0.206,0.0,0.0,1231,1138.0,0.0,0.0,-5.19,20.13,0.0,0.0,153,0.0,0.0,0.0,one,SR,1
0,4003,2917,0,0,20.1493,17.926,0.2186,0.0,0.0,1852,1132.0,0.0,0.0,1.4,20.05,0.0,0.0,8,0.0,0.0,0.0,one,SR,1
0,4056,848,0,0,14.8293,12.8366,0.5607,0.0,0.0,1004,727.0,0.0,0.0,-2.35,14.32,0.0,0.0,4,0.0,0.0,0.0,one,SR,1
0,4063,9486,0,0,21.3389,19.0534,0.1041,0.0,0.0,1621,1257.0,0.0,0.0,-2.61,21.81,0.0,0.0,40,0.0,0.0,0.0,one,SR,1
0,4082,9069,8781,0,33.473,23.0827,3.7475,3.8515,0.0,1275,912.0,985.0,0.0,-11.73,13.58,14.33,0.0,139,0.0,7.0,0.0,many,SR,2
0,4089,8475,2344,0,36.2026,24.9963,4.0804,4.0511,0.0,1363,1076.0,1064.0,0.0,-13.36,15.44,15.31,0.0,183,0.0,0.0,0.0,many,SR,2
0,4112,4674,0,0,14.0019,11.9675,0.495,0.0,0.0,1305,803.0,0.0,0.0,-0.15,15.39,0.0,0.0,129,0.0,0.0,0.0,one,SR,1
0,4127,6949,3795,0,32.8208,22.3852,3.8592,3.7409,0.0,1309,969.0,986.0,0.0,-11.77,14.23,14.13,0.0,214,0.0,26.0,0.0,many,SR,2
247,4132,2164,0,0,21.5944,12.5961,7.1379,0.0,0.0,1776,2773.0,0.0,0.0,1.9,21.6,0.0,0.0,283,764.0,0.0,0.0,one,TR,1
0,4135,7752,7482,0,27.4902,18.6019,3.1619,3.3673,0.0,1601,876.0,718.0,0.0,-4.42,12.21,11.38,0.0,180,85.0,0.0,0.0,many,SR,2
0,4142,6557,3612,0,43.3864,30.4833,4.4842,4.64,0.0,1692,1284.0,1509.0,0.0,-16.24,17.8,19.99,0.0,241,0.0,37.0,0.0,many,SR,2
0,4162,5237,1738,0,32.2165,22.3694,3.6416,3.624,0.0,1334,857.0,848.0,0.0,-9.23,12.96,12.86,0.0,59,0.0,0.0,0.0,many,SR,2
0,4174,6849,6848,0,32.4848,22.1444,3.7905,3.7905,0.0,1224,931.0,931.0,0.0,-11.98,13.8,13.8,0.0,184,0.0,0.0,0.0,many,SR,2
0,4198,6104,5734,0,31.9906,22.223,3.4246,3.4372,0.0,1803,1426.0,801.0,0.0,-7.22,16.93,12.13,0.0,268,219.0,17.0,0.0,many,SR,2
0,4199,7906,7905,0,28.9348,19.5016,3.5024,3.5024,0.0,1171,785.0,785.0,0.0,-9.56,12.14,12.14,0.0,161,0.0,0.0,0.0,many,SR,2
0,4203,8517,6244,2947,43.3943,28.2884,3.7105,3.704,3.704,3225,890.0,884.0,884.0,-2.02,13.34,13.26,13.26,518,-1.0,0.0,0.0,many,SR,3
0,4209,6665,6664,0,54.6443,39.9457,4.9978,4.9978,0.0,2181,1752.0,1752.0,0.0,-19.43,23.52,23.52,0.0,163,0.0,0.0,0.0,many,SR,2
0,4228,4722,4721,0,32.9396,22.4583,3.8337,3.8337,0.0,1275,955.0,955.0,0.0,-11.94,14.07,14.07,0.0,196,0.0,0.0,0.0,many,SR,2
0,4229,6994,6993,2408,50.3203,34.3539,3.708,3.708,4.2218,2031,886.0,886.0,1204.0,-17.63,13.29,13.29,16.71,314,0.0,0.0,16.0,many,SR,3
0,4231,3390,1407,0,42.9234,30.8328,4.1098,4.2811,0.0,2076,1092.0,1725.0,0.0,-11.5,15.62,21.37,0.0,168,0.0,143.0,0.0,many,SR,2
0,4238,8543,8542,0,35.7153,24.7737,3.9788,3.9788,0.0,1451,1030.0,1030.0,0.0,-11.62,14.92,14.92,0.0,142,0.0,0.0,0.0,many,SR,2
0,4240,6726,5096,0,34.5675,24.2788,3.7788,3.7617,0.0,1292,926.0,931.0,0.0,-11.17,13.74,13.74,0.0,31,0.0,5.0,0.0,many,SR,2
0,4244,5919,0,0,18.0248,15.795,0.1856,0.0,0.0,1295,1160.0,0.0,0.0,-4.8,20.44,0.0,0.0,178,0.0,0.0,0.0,one,SR,1
0,4256,7230,4076,4075,79.7889,57.7754,4.9876,4.9876,4.9876,3100,1751.0,1751.0,1751.0,-30.91,23.5,23.5,23.5,388,0.0,0.0,0.0,many,SR,3
0,4257,5233,4379,1757,58.0562,41.3638,4.1796,3.2125,4.4331,1523,1464.0,828.0,1337.0,-27.81,18.63,11.93,18.12,167,107.0,62.0,25.0,many,SR,3
0,4270,691,0,0,15.6656,13.5345,0.3442,0.0,0.0,1248,978.0,0.0,0.0,-2.98,17.87,0.0,0.0,174,0.0,0.0,0.0,one,SR,1
0,4300,7511,7510,0,32.1511,21.8801,3.7671,3.7671,0.0,1605,921.0,921.0,0.0,-7.78,13.68,13.68,0.0,188,0.0,0.0,0.0,many,SR,2
0,4303,3613,0,0,21.6165,19.2547,0.0065,0.0,0.0,1843,1380.0,0.0,0.0,-1.85,23.55,0.0,0.0,133,0.0,0.0,0.0,one,SR,1
0,4310,5029,2352,0,47.3291,33.4811,4.8459,4.8459,0.0,2699,1535.0,1535.0,0.0,-9.07,20.78,20.78,0.0,268,0.0,0.0,0.0,many,SR,2
78,4320,4641,0,0,23.6586,13.2128,8.946,0.0,0.0,1257,2154.0,0.0,0.0,-0.3,19.0,0.0,0.0,20,338.0,0.0,0.0,one,RT,1
0,4337,6711,5624,2825,48.0708,33.1913,3.6572,3.6572,3.6572,1668,863.0,863.0,863.0,-17.66,13.03,13.03,13.03,135,0.0,0.0,0.0,many,SR,3
0,4358,5688,550,0,32.8153,22.7256,3.6766,3.5515,0.0,1511,1267.0,812.0,0.0,-9.89,16.17,12.45,0.0,207,127.0,0.0,0.0,many,SR,2
0,4367,1229,0,0,15.8977,13.7477,0.3165,0.0,0.0,1357,1011.0,0.0,0.0,-2.25,18.34,0.0,0.0,188,0.0,0.0,0.0,one,SR,1
0,4370,5209,376,0,35.3904,24.7282,3.8924,3.8924,0.0,1286,983.0,983.0,0.0,-12.39,14.39,14.39,0.0,80,0.0,0.0,0.0,many,SR,2
0,4379,5838,5837,2115,44.484,30.1905,3.5337,3.5337,3.5336,1732,800.0,800.0,799.0,-15.05,12.31,12.31,12.3,208,0.0,0.0,0.0,many,SR,3
0,4383,3878,0,0,17.7895,15.6588,0.3494,0.0,0.0,1369,974.0,0.0,0.0,-1.66,17.81,0.0,0.0,26,0.0,0.0,0.0,one,SR,1
0,4384,6270,3332,0,41.6904,28.7937,4.5959,4.6001,0.0,2435,1347.0,1346.0,0.0,-7.74,18.5,18.5,0.0,308,1.0,0.0,0.0,many,SR,2
0,4388,698,0,0,20.004,17.7457,0.1533,0.0,0.0,1497,1203.0,0.0,0.0,-3.23,21.05,0.0,0.0,82,0.0,0.0,0.0,one,SR,1
184,4398,8610,7534,1335,93.8753,27.5061,15.2038,39.8603,8.1535,1291,2819.0,3798.0,1942.0,-14.81,14.36,16.36,13.79,59,752.0,-29.0,520.0,many,TR,3
0,4420,9057,9056,0,78.5031,60.4136,5.6021,5.6021,0.0,4053,2618.0,2618.0,0.0,-19.41,34.43,34.43,0.0,106,0.0,0.0,0.0,many,SR,2
0,4429,330,329,0,47.5649,33.6697,4.8519,4.8519,0.0,1730,1549.0,1549.0,0.0,-19.56,20.96,20.96,0.0,277,0.0,0.0,0.0,many,SR,2
0,4436,6542,2568,0,38.3588,27.1573,3.8963,4.1319,0.0,2033,1161.0,1129.0,0.0,-7.21,15.77,15.96,0.0,96,56.0,7.0,0.0,many,SR,2
0,4439,6753,17,0,36.5154,25.7974,3.4887,4.2429,0.0,1777,778.0,1341.0,0.0,-8.22,12.06,17.8,0.0,74,0.0,57.0,0.0,many,SR,2
0,4451,6169,2165,0,36.1054,25.3865,3.8243,3.906,0.0,1357,1137.0,988.0,0.0,-12.65,15.44,14.44,0.0,103,61.0,0.0,0.0,many,SR,2
0,4463,4245,4243,0,37.6347,26.0295,4.1904,4.1904,0.0,1941,1136.0,1136.0,0.0,-8.64,16.12,16.12,0.0,204,0.0,0.0,0.0,many,SR,2
0,4467,697,0,0,17.1152,14.9714,0.3116,0.0,0.0,1315,1010.0,0.0,0.0,-2.68,18.32,0.0,0.0,104,0.0,0.0,0.0,one,SR,1
0,4475,9797,28,0,57.3525,42.4817,4.9332,5.0847,0.0,2603,1676.0,1958.0,0.0,-16.35,22.56,25.97,0.0,82,0.0,11.0,0.0,many,SR,2
0,4493,9532,9531,0,27.6569,18.5564,3.3984,3.3984,0.0,1247,730.0,730.0,0.0,-7.64,11.52,11.52,0.0,149,0.0,0.0,0.0,many,SR,2
0,4499,7831,5148,3073,46.4251,32.2444,3.5024,3.5024,3.4404,1191,785.0,785.0,920.0,-21.11,12.14,12.14,13.07,94,0.0,0.0,53.0,many,SR,3
0,4524,9854,9853,0,31.7534,21.8699,3.6436,3.6436,0.0,1400,859.0,859.0,0.0,-8.67,12.98,12.98,0.0,102,0.0,0.0,0.0,many,SR,2
0,4587,8535,8534,0,46.7093,33.3924,4.7332,4.7332,0.0,1905,1412.0,1412.0,0.0,-14.65,19.25,19.25,0.0,86,0.0,0.0,0.0,many,SR,2
0,4588,2733,967,0,35.9822,24.8854,4.0314,4.0314,0.0,1717,1052.0,1052.0,0.0,-9.28,15.17,15.17,0.0,165,0.0,0.0,0.0,many,SR,2
0,4623,7140,5250,437,47.977,33.4969,3.5692,3.5692,3.5768,1570,821.0,821.0,821.0,-17.4,12.55,12.55,12.55,27,0.0,0.0,0.0,many,SR,3
0,4638,9354,7806,0,34.1643,24.0506,3.9953,3.377,0.0,1167,1167.0,722.0,0.0,-12.42,15.99,11.43,0.0,43,43.0,0.0,0.0,many,SR,2
1,4658,2903,2902,0,48.7875,22.8492,11.679,11.679,0.0,1210,2599.0,2599.0,0.0,-10.52,15.9,15.9,0.0,26,698.0,698.0,0.0,many,RT,2
0,4662,9451,7499,2724,83.2208,61.3287,4.9763,4.9802,4.9781,2767,1724.0,1728.0,1725.0,-33.56,23.16,23.23,23.19,88,0.0,-1.0,-1.0,many,SR,3
0,4678,4774,4773,0,49.4114,35.6491,4.8245,4.8245,0.0,1973,1518.0,1518.0,0.0,-16.3,20.57,20.57,0.0,94,0.0,0.0,0.0,many,SR,2
0,4685,5184,2923,0,37.3996,26.3733,3.7429,4.0669,0.0,1712,1334.0,1067.0,0.0,-10.97,16.81,15.35,0.0,176,137.0,-1.0,0.0,many,SR,2
0,4703,8221,1441,0,41.0665,29.3053,4.1921,4.2732,0.0,1498,1133.0,1215.0,0.0,-13.93,16.09,16.87,0.0,25,0.0,13.0,0.0,many,SR,2
0,4706,7317,0,0,18.3042,16.0482,0.1707,0.0,0.0,1350,1189.0,0.0,0.0,-4.59,20.85,0.0,0.0,186,0.0,0.0,0.0,one,SR,1
0,4723,877,0,0,14.9385,12.829,0.3664,0.0,0.0,1398,947.0,0.0,0.0,-1.01,17.43,0.0,0.0,195,0.0,0.0,0.0,one,SR,1
0,4730,5849,0,0,14.5535,12.4757,0.4267,0.0,0.0,1374,882.0,0.0,0.0,-0.43,16.51,0.0,0.0,163,0.0,0.0,0.0,one,SR,1
1,4736,318,0,0,25.0025,11.7702,11.6165,0.0,0.0,1420,3135.0,0.0,0.0,0.37,21.16,0.0,0.0,189,809.0,0.0,0.0,one,TR,1
0,4752,6060,0,0,19.437,17.1157,0.0565,0.0,0.0,1866,1316.0,0.0,0.0,-0.79,22.65,0.0,0.0,223,0.0,0.0,0.0,one,SR,1
0,4781,4703,1266,0,36.2955,25.4951,4.1045,3.6517,0.0,1465,1091.0,1098.0,0.0,-12.01,15.62,14.82,0.0,130,-1.0,77.0,0.0,many,SR,2
0,4784,2815,2814,0,36.4986,25.3328,4.0512,4.0512,0.0,1637,1065.0,1065.0,0.0,-10.38,15.32,15.32,0.0,153,0.0,0.0,0.0,many,SR,2
0,4785,3268,3267,0,39.6495,27.6064,4.3277,4.3277,0.0,1731,1208.0,1208.0,0.0,-12.31,16.94,16.94,0.0,197,0.0,0.0,0.0,many,SR,2
0,4788,3562,1166,0,33.3115,22.8816,3.4905,4.0893,0.0,1593,783.0,1196.0,0.0,-8.93,12.11,16.39,0.0,189,1.0,36.0,0.0,many,SR,2
0,4793,9355,5417,0,30.392,21.0667,3.4709,3.46,0.0,1109,766.0,779.0,0.0,-9.9,11.93,12.02,0.0,33,0.0,5.0,0.0,many,SR,2
162,4797,1626,0,0,11.5608,4.86,6.0493,0.0,0.0,1178,863.0,0.0,0.0,6.51,9.51,0.0,0.0,69,64.0,0.0,0.0,one,TR,1
0,4798,1319,0,0,19.104,16.9277,0.2734,0.0,0.0,1980,1060.0,0.0,0.0,3.66,19.03,0.0,0.0,14,0.0,0.0,0.0,one,SR,1
0,4803,5745,3444,0,31.7822,21.8662,3.6593,3.6423,0.0,1442,867.0,872.0,0.0,-8.39,13.07,13.07,0.0,114,0.0,5.0,0.0,many,SR,2
0,4813,3150,0,0,18.1632,15.8984,0.1485,0.0,0.0,1375,1211.0,0.0,0.0,-4.61,21.16,0.0,0.0,215,0.0,0.0,0.0,one,SR,1
0,4814,2392,1236,0,74.8879,57.6694,5.0655,5.3659,0.0,3789,3043.0,2286.0,0.0,-21.3,37.63,30.24,0.0,233,171.0,0.0,0.0,many,SR,2
0,4817,9673,4137,1108,59.1729,42.1446,4.171,3.9748,3.971,1563,1563.0,1026.0,1026.0,-27.79,19.37,14.87,14.87,141,141.0,0.0,0.0,many,SR,3
0,4838,7104,0,0,14.5523,12.4994,0.4725,0.0,0.0,1172,832.0,0.0,0.0,-1.92,15.8,0.0,0.0,118,0.0,0.0,0.0,one,SR,1
0,4849,204,0,0,18.4485,16.2891,0.3074,0.0,0.0,1202,1024.0,0.0,0.0,-4.05,18.52,0.0,0.0,26,0.0,0.0,0.0,one,SR,1
0,4873,1594,0,0,13.2577,11.166,0.3925,0.0,0.0,1835,916.0,0.0,0.0,3.97,16.99,0.0,0.0,282,0.0,0.0,0.0,one,SR,1
0,4878,9818,8164,0,41.7742,29.8466,3.6254,4.5412,0.0,1703,1703.0,1315.0,0.0,-15.97,19.46,18.15,0.0,273,273.0,0.0,0.0,many,SR,2
0,4911,1389,644,0,37.7387,26.792,4.0316,3.8494,0.0,1224,1224.0,963.0,0.0,-14.74,16.5,14.16,0.0,55,55.0,0.0,0.0,many,SR,2
0,4941,7370,5580,0,46.8086,33.0307,4.8106,4.825,0.0,2525,1551.0,1516.0,0.0,-10.77,20.88,20.54,0.0,290,8.0,0.0,0.0,many,SR,2
0,4947,9839,9838,1851,43.4186,29.4233,3.4694,3.4694,3.4728,1464,767.0,767.0,767.0,-16.88,11.95,11.95,11.94,193,-1.0,-1.0,0.0,many,SR,3
0,4969,6454,6453,0,48.5288,35.0295,4.7812,4.7812,0.0,3210,1448.0,1448.0,0.0,-1.73,19.68,19.68,0.0,28,0.0,0.0,0.0,many,SR,2
0,4970,3209,0,0,18.2249,16.0249,0.2293,0.0,0.0,1267,1108.0,0.0,0.0,-4.43,19.71,0.0,0.0,117,0.0,0.0,0.0,one,SR,1
0,4990,7409,1497,0,44.0905,30.7911,4.7335,4.7234,0.0,2959,1410.0,1406.0,0.0,-3.51,19.24,19.18,0.0,259,-1.0,0.0,0.0,many,SR,2
0,4993,6320,0,0,15.3916,13.2584,0.3364,0.0,0.0,1299,985.0,0.0,0.0,-2.53,17.97,0.0,0.0,199,0.0,0.0,0.0,one,SR,1
103,2296,2990,1183,133,118.9435,35.9119,29.6777,26.2136,23.0918,3037,3051.0,3252.0,2901.0,-4.55,16.96,19.03,16.49,36,-49.0,184.0,241.0,many,RT,3
0,1264,4573,4572,2423,106.2492,81.4923,5.106,5.106,5.1014,3567,1912.0,1912.0,3567.0,-47.54,25.53,25.53,43.37,239,0.0,0.0,239.0,many,SR,3
204,1690,8224,5614,12,101.2379,19.8613,30.5134,26.3236,22.2555,2476,3089.0,2999.0,2788.0,5.44,11.71,13.07,13.06,48,233.0,326.0,399.0,many,RT,3
89,3304,9676,9630,6590,128.9846,32.1494,23.6572,24.8326,44.2037,5024,3051.0,2659.0,4319.0,15.48,16.38,16.38,24.65,350,329.0,-37.0,-355.0,many,TR,3
18,363,8846,8845,2158,102.3234,19.8775,27.6553,27.6553,24.8525,2493,2123.0,2123.0,2199.0,5.63,12.81,12.81,10.21,46,-402.0,-402.0,-35.0,many,RT,3
136,1779,6573,5757,5722,89.7156,22.2131,22.1262,19.1389,23.6948,1571,2626.0,2162.0,3783.0,-6.39,14.05,11.32,14.06,46,227.0,200.0,1017.0,many,TR,3
184,4250,7568,6397,4297,74.056,25.0198,13.5065,18.6292,14.0711,1438,2542.0,2561.0,2372.0,-10.37,13.03,14.44,12.82,31,714.0,355.0,565.0,many,RT,3
99,1561,8226,8119,0,72.7377,29.2294,23.661,16.5343,0.0,3649,2658.0,3085.0,0.0,8.5,20.58,20.55,0.0,40,-211.0,524.0,0.0,many,RT,2
86,837,7388,5448,830,70.5226,18.058,20.4375,13.9455,15.9473,1862,2472.0,2141.0,1786.0,0.34,11.3,10.3,9.74,79,363.0,540.0,187.0,many,TR,3
95,3517,6127,6126,346,83.0341,31.1089,15.1227,15.1227,17.4726,3104,3102.0,3102.0,2905.0,-5.27,18.02,18.02,18.02,461,762.0,762.0,478.0,many,TR,3
94,899,6020,4206,2655,90.8566,21.1923,26.7418,22.5565,17.9333,2436,2434.0,2726.0,1410.0,3.68,10.13,13.06,12.14,48,40.0,335.0,-350.0,many,TR,3
0,2100,9144,4377,1336,67.6728,48.8516,4.8008,4.0866,4.4898,1551,1551.0,1085.0,1314.0,-32.71,20.86,15.54,18.04,10,10.0,0.0,9.0,many,SR,3
186,3554,3586,2247,1138,95.6276,22.4857,24.2548,32.2414,13.8526,2091,2694.0,4279.0,2060.0,-3.18,10.19,17.37,14.37,181,377.0,716.0,251.0,many,TR,3
0,3276,597,596,0,63.8606,47.8014,5.2371,5.2371,0.0,4467,2102.0,2102.0,0.0,-3.36,27.93,27.93,0.0,168,0.0,0.0,0.0,many,SR,2
94,436,1321,1320,0,70.4239,18.8999,24.6419,24.6419,0.0,3014,3231.0,3231.0,0.0,11.49,15.2,15.2,0.0,86,477.0,477.0,0.0,many,RT,2
66,4050,5550,5066,4486,58.2462,16.9298,13.5258,14.2863,11.5003,1111,1776.0,2199.0,1722.0,-6.37,9.66,10.69,9.69,76,323.0,543.0,396.0,many,RT,3
29,4705,8305,1897,0,56.6903,6.9068,26.8232,21.7305,0.0,3239,3758.0,2865.0,0.0,22.94,12.06,11.23,0.0,284,933.0,592.0,0.0,many,RT,2
132,3632,3286,1116,844,124.3658,21.9286,33.3981,34.9804,31.2689,3077,3258.0,3455.0,3904.0,7.2,15.49,15.15,15.26,217,-20.0,59.0,607.0,many,RT,3
0,1738,7450,3428,3364,60.2149,43.2323,4.4822,3.8726,3.4159,1895,1358.0,1895.0,737.0,-27.01,18.37,22.15,11.6,251,24.0,251.0,0.0,many,SR,3
0,376,4815,4588,4587,59.3124,41.9678,4.1904,4.114,4.114,1461,1363.0,1098.0,1098.0,-29.0,17.88,15.69,15.69,162,72.0,0.0,0.0,many,SR,3
164,2657,8288,4838,1582,80.836,22.5178,19.0369,10.8504,25.6594,1358,3126.0,2387.0,3064.0,-10.69,13.51,14.38,13.82,166,815.0,671.0,371.0,many,RT,3
0,2310,1534,660,0,57.4713,42.8,4.8743,4.9491,0.0,1980,1980.0,1696.0,0.0,-22.84,25.67,22.81,0.0,57,57.0,0.0,0.0,many,SR,2
0,4206,6274,6273,0,57.2571,42.1583,5.0656,5.0656,0.0,2741,1857.0,1857.0,0.0,-15.93,24.84,24.84,0.0,174,0.0,0.0,0.0,many,SR,2
0,4433,8860,8770,0,56.7395,42.6914,5.5439,3.7337,0.0,2848,2611.0,903.0,0.0,-13.03,34.23,13.48,0.0,17,9.0,0.0,0.0,many,SR,2
0,4319,4764,141,0,56.9545,41.8832,4.9773,5.081,0.0,2345,1895.0,1879.0,0.0,-20.49,25.01,25.12,0.0,221,24.0,0.0,0.0,many,SR,2
160,3530,7867,909,769,54.4373,23.3612,7.1052,9.5118,11.5265,1596,1323.0,2035.0,1952.0,-9.64,12.04,12.68,12.6,207,209.0,577.0,403.0,many,RT,3
1,1708,9406,9405,2582,54.1153,22.3427,8.902,8.902,11.3557,1165,1085.0,1085.0,2689.0,-11.28,8.94,8.94,17.25,80,103.0,103.0,708.0,many,TR,3
0,979,2540,2539,0,55.8709,41.1797,4.9928,4.9928,0.0,3425,1753.0,1753.0,0.0,-6.39,23.53,23.53,0.0,80,0.0,0.0,0.0,many,SR,2
0,3557,6145,4047,4046,66.8415,47.1919,3.6377,5.0001,5.0001,3153,855.0,1758.0,1758.0,-21.0,12.94,23.59,23.59,472,0.0,0.0,0.0,many,SR,3
0,1374,4706,3468,3467,63.0984,45.2184,4.8003,4.014,4.014,2101,1500.0,1046.0,1046.0,-23.41,20.31,15.1,15.1,17,2.0,0.0,0.0,many,SR,3
184,3300,8642,5056,0,51.8283,12.3527,16.7472,20.9259,0.0,1685,2802.0,2741.0,0.0,1.47,13.11,12.91,0.0,264,722.0,448.0,0.0,many,TR,2
0,3409,6278,6277,0,55.1466,39.3304,5.1937,5.1937,0.0,3966,2040.0,2040.0,0.0,-7.22,27.14,27.14,0.0,650,0.0,0.0,0.0,many,SR,2
0,4889,345,344,0,54.7418,38.8476,5.2113,5.2113,0.0,4435,2057.0,2057.0,0.0,-2.68,27.36,27.36,0.0,709,0.0,0.0,0.0,many,SR,2
0,4035,9000,8401,0,54.0392,39.0816,5.0568,5.0328,0.0,2831,1832.0,1802.0,0.0,-14.09,24.54,24.15,0.0,323,-1.0,0.0,0.0,many,SR,2
0,2580,6549,1409,745,53.5425,37.8929,3.7947,3.7534,3.58,1524,1522.0,915.0,909.0,-24.69,18.36,13.62,13.24,191,189.0,0.0,27.0,many,SR,3
0,1401,1560,1559,0,53.3738,38.89,4.9521,4.9521,0.0,2384,1703.0,1703.0,0.0,-16.18,22.9,22.9,0.0,159,0.0,0.0,0.0,many,SR,2
270,1920,1521,778,0,56.0924,16.2529,23.3568,14.3299,0.0,2498,3265.0,2368.0,0.0,6.85,12.53,18.0,0.0,213,730.0,250.0,0.0,many,RT,2
117,3582,8505,7086,3179,56.9817,13.673,11.1085,11.0369,19.503,2026,1570.0,1605.0,2249.0,6.33,8.01,8.39,10.2,87,399.0,408.0,310.0,many,RT,3
0,1836,6006,1703,0,51.7714,38.4904,3.7357,4.7902,0.0,3618,905.0,2776.0,0.0,-4.81,13.5,34.05,0.0,294,0.0,188.0,0.0,many,SR,2
278,4304,7663,5860,0,61.8626,13.1375,19.8523,27.3993,0.0,2173,1524.0,2309.0,0.0,9.55,11.39,12.35,0.0,9,-330.0,-219.0,0.0,many,RT,2
0,288,6318,3349,0,51.2348,37.4297,4.4188,4.7991,0.0,2457,2101.0,1479.0,0.0,-15.49,25.8,20.08,0.0,263,168.0,0.0,0.0,many,SR,2
0,1288,5552,1941,0,50.932,37.0513,4.5683,4.8425,0.0,2152,1875.0,1551.0,0.0,-17.63,23.75,20.94,0.0,217,104.0,3.0,0.0,many,SR,2
272,4809,6606,5423,0,47.0956,12.0883,20.5261,12.8919,0.0,1604,2046.0,2041.0,0.0,2.54,12.04,11.86,0.0,151,-8.0,435.0,0.0,many,TR,2
0,571,2278,1184,0,49.4158,35.7009,4.8264,4.8002,0.0,2492,1525.0,1493.0,0.0,-10.63,20.64,20.24,0.0,75,1.0,1.0,0.0,many,SR,2
0,2358,8569,4771,316,49.286,34.0798,4.0081,3.5572,3.6139,2217,1044.0,812.0,838.0,-12.96,15.08,12.45,12.74,148,0.0,0.0,0.0,many,SR,3
121,3695,5881,14,0,47.6672,20.3786,11.6603,13.1183,0.0,1537,2390.0,2822.0,0.0,-6.45,15.52,16.58,0.0,151,562.0,746.0,0.0,many,RT,2
0,3814,6787,1394,0,48.9413,35.4323,4.7575,4.7894,0.0,2884,1467.0,1457.0,0.0,-5.38,19.82,19.8,0.0,16,8.0,0.0,0.0,many,SR,2
0,4724,8673,7558,6268,49.0652,33.5737,3.6632,3.6632,4.0293,2347,868.0,868.0,1055.0,-12.58,13.08,13.08,15.19,249,0.0,0.0,1.0,many,SR,3
0,193,8099,7378,898,49.0069,33.6064,3.8118,3.6985,3.7895,1908,945.0,880.0,937.0,-16.87,13.94,13.23,13.83,225,1.0,-1.0,3.0,many,SR,3
0,218,8331,4337,0,48.9261,35.651,4.8611,4.1519,0.0,1870,1573.0,1753.0,0.0,-18.72,21.26,21.36,0.0,185,0.0,172.0,0.0,many,SR,2
0,1461,8947,2803,0,48.6652,34.9888,4.8212,4.699,0.0,2533,1516.0,1592.0,0.0,-10.81,20.54,21.02,0.0,165,0.0,38.0,0.0,many,SR,2
0,1352,5892,5891,2463,48.5472,32.1795,3.6198,3.6198,4.6758,3377,842.0,842.0,1387.0,-4.61,12.79,12.79,18.95,538,0.0,0.0,2.0,many,SR,3
0,1714,9660,6693,0,48.0735,34.4818,4.8043,4.7874,0.0,3664,1481.0,1465.0,0.0,2.47,20.1,19.9,0.0,104,0.0,0.0,0.0,many,SR,2
0,123,6301,553,0,47.8218,34.3499,4.778,4.7746,0.0,3126,1438.0,1444.0,0.0,-2.45,19.56,19.63,0.0,63,0.0,0.0,0.0,many,SR,2
0,27,8300,2905,0,47.9003,34.6727,4.4862,4.7334,0.0,2562,1285.0,1698.0,0.0,-9.17,17.81,22.27,0.0,96,0.0,45.0,0.0,many,SR,2
0,2729,1135,1134,0,47.767,34.1655,4.797,4.797,0.0,2397,1476.0,1476.0,0.0,-10.9,20.04,20.04,0.0,130,0.0,0.0,0.0,many,SR,2
0,2372,5532,918,0,48.1282,35.6187,3.4671,4.925,0.0,3303,767.0,2297.0,0.0,-2.37,11.94,29.24,0.0,98,0.0,91.0,0.0,many,SR,2
0,469,3338,1586,0,47.3837,34.1567,4.5313,4.6717,0.0,2590,1308.0,1703.0,0.0,-9.02,18.07,22.17,0.0,141,0.0,58.0,0.0,many,SR,2
78,2600,9799,3931,0,44.5193,12.3646,11.1455,19.5935,0.0,1357,1572.0,2384.0,0.0,1.51,10.56,10.6,0.0,26,252.0,385.0,0.0,many,RT,2
0,3251,6752,1878,0,47.1486,33.2993,4.74,4.8497,0.0,2283,1602.0,1586.0,0.0,-14.36,21.23,21.36,0.0,344,31.0,5.0,0.0,many,SR,2
0,1722,5836,3388,0,46.7569,33.9624,4.2627,4.6542,0.0,1717,1170.0,1717.0,0.0,-16.87,16.51,22.27,0.0,64,0.0,64.0,0.0,many,SR,2
0,3368,6749,2308,0,46.757,34.1034,4.6947,4.0493,0.0,1847,1847.0,1065.0,0.0,-15.79,23.78,15.32,0.0,74,74.0,0.0,0.0,many,SR,2
0,1938,5276,4784,0,51.4299,37.1941,4.8263,4.9509,0.0,1952,1514.0,1814.0,0.0,-19.63,20.5,24.08,0.0,200,1.0,17.0,0.0,many,SR,2
0,1261,4927,2566,0,46.3217,33.119,4.7297,4.6646,0.0,3443,1410.0,1376.0,0.0,1.88,19.24,18.84,0.0,79,-1.0,0.0,0.0,many,SR,2
0,3122,9188,2557,0,46.2724,33.9605,4.4342,3.8038,0.0,2244,2159.0,989.0,0.0,-13.1,26.48,14.26,0.0,185,172.0,17.0,0.0,many,SR,2
102,199,7846,3169,0,54.004,13.5522,19.4285,19.273,0.0,2781,2567.0,2615.0,0.0,13.45,12.75,12.75,0.0,150,410.0,456.0,0.0,many,TR,2
0,3545,3624,3623,0,44.9544,31.7747,4.6919,4.6919,0.0,1767,1388.0,1388.0,0.0,-15.61,18.98,18.98,0.0,163,0.0,0.0,0.0,many,SR,2
166,4893,8677,549,0,46.7984,11.0891,15.5142,18.8441,0.0,1145,1960.0,2335.0,0.0,-0.14,10.94,10.57,0.0,73,276.0,392.0,0.0,many,TR,2
0,2431,6260,6257,5269,44.6813,30.6246,3.3849,3.3849,3.6749,2281,727.0,727.0,874.0,-8.56,11.48,11.48,13.15,129,0.0,0.0,0.0,many,SR,3
0,3278,7891,5895,0,44.8741,31.8687,4.253,4.7963,0.0,2906,1166.0,1760.0,0.0,-5.09,16.46,23.1,0.0,255,0.0,41.0,0.0,many,SR,2
0,2820,8879,1453,0,44.3544,32.251,4.8725,3.589,0.0,2130,1794.0,846.0,0.0,-10.41,23.65,12.77,0.0,36,31.0,6.0,0.0,many,SR,2
0,3412,7171,7170,0,44.1962,31.1059,4.6608,4.6608,0.0,2389,1376.0,1376.0,0.0,-8.83,18.84,18.84,0.0,192,0.0,0.0,0.0,many,SR,2
0,2155,7517,3531,0,44.1192,31.1863,4.6032,4.6119,0.0,3816,1357.0,1353.0,0.0,6.61,18.59,18.58,0.0,155,3.0,0.0,0.0,many,SR,2
136,4900,8454,5457,826,61.2889,21.3929,10.8266,12.8712,13.7293,1217,1788.0,1879.0,2376.0,-9.44,11.68,10.95,12.06,57,371.0,365.0,631.0,many,RT,3
85,725,9146,4797,0,42.3479,18.498,10.1678,11.4952,0.0,1438,2064.0,2085.0,0.0,-4.58,13.5,14.37,0.0,81,515.0,405.0,0.0,many,RT,2
278,4029,3667,1643,0,62.0035,19.3437,20.5606,19.8987,0.0,2593,2921.0,3006.0,0.0,7.42,15.02,14.99,0.0,32,485.0,590.0,0.0,many,RT,2
184,4491,4290,1061,0,42.0149,17.8905,10.7361,11.3863,0.0,1345,1514.0,2035.0,0.0,-3.9,13.71,12.31,0.0,9,51.0,491.0,0.0,many,TR,2
0,4926,8692,7374,0,43.6478,31.2836,4.2936,4.3821,0.0,2124,1193.0,1584.0,0.0,-10.89,16.75,20.14,0.0,131,2.0,100.0,0.0,many,SR,2
0,442,6582,3117,0,43.6269,30.362,4.7215,4.6863,0.0,2487,1406.0,1440.0,0.0,-8.6,19.18,19.39,0.0,297,0.0,16.0,0.0,many,SR,2
0,1802,7845,7844,0,43.3132,30.6375,4.5294,4.5294,0.0,1925,1309.0,1309.0,0.0,-12.34,18.08,18.08,0.0,131,0.0,0.0,0.0,many,SR,2
0,3208,8061,526,0,48.0394,34.5451,4.8614,4.6371,0.0,2098,1575.0,1362.0,0.0,-13.93,21.27,18.69,0.0,97,1.0,0.0,0.0,many,SR,2
0,487,9911,3889,0,43.2652,30.6776,4.0716,4.6681,0.0,1859,1237.0,1670.0,0.0,-15.11,16.68,21.8,0.0,270,52.0,54.0,0.0,many,SR,2
0,3492,6609,5977,0,43.5277,30.8701,4.0743,4.4416,0.0,4259,2004.0,1263.0,0.0,7.44,23.84,17.57,0.0,437,226.0,-1.0,0.0,many,SR,2
0,4097,6497,3008,0,42.6977,30.108,4.5705,4.3763,0.0,1832,1329.0,1352.0,0.0,-13.55,18.31,18.12,0.0,183,0.0,40.0,0.0,many,SR,2
0,4094,3543,3542,0,42.4375,30.1493,4.406,4.406,0.0,2488,1247.0,1247.0,0.0,-5.16,17.38,17.38,0.0,78,0.0,0.0,0.0,many,SR,2
210,819,8107,4015,0,40.7181,13.8272,6.5193,18.5783,0.0,2000,1318.0,2238.0,0.0,4.86,11.14,12.8,0.0,158,291.0,206.0,0.0,many,TR,2
0,2911,7330,4942,0,42.3086,29.8215,4.7292,4.2137,0.0,2910,1409.0,1145.0,0.0,-1.34,19.22,16.22,0.0,142,0.0,0.0,0.0,many,SR,2
0,1628,5840,2757,0,42.717,30.0227,5.2978,3.3633,0.0,3140,2186.0,715.0,0.0,-3.33,28.98,11.35,0.0,428,0.0,0.0,0.0,many,SR,2
0,1558,9631,5556,0,46.8813,33.519,4.9148,4.4316,0.0,2131,1689.0,1261.0,0.0,-13.77,22.62,17.54,0.0,179,8.0,0.0,0.0,many,SR,2
0,4010,8266,2693,0,42.2845,29.3629,4.5549,4.6138,0.0,2343,1416.0,1353.0,0.0,-9.17,18.95,18.58,0.0,301,31.0,0.0,0.0,many,SR,2
0,4800,4059,381,0,41.9228,29.7999,4.3415,4.3551,0.0,2255,1235.0,1222.0,0.0,-7.16,17.17,17.1,0.0,71,7.0,0.0,0.0,many,SR,2
0,951,9412,9411,0,41.9257,29.4518,4.4648,4.4648,0.0,2048,1277.0,1277.0,0.0,-10.39,17.72,17.72,0.0,167,0.0,0.0,0.0,many,SR,2
160,1717,6331,3194,2768,110.9324,23.6934,42.9562,32.2194,9.3631,1706,3548.0,3262.0,2025.0,-6.39,15.4,14.79,12.82,42,-341.0,91.0,570.0,many,RT,3
0,4509,6958,4579,0,41.8746,30.3914,4.2413,3.5494,0.0,2073,2024.0,809.0,0.0,-11.47,24.51,12.41,0.0,194,193.0,0.0,0.0,many,SR,2
0,2488,9335,7371,0,51.6512,37.7769,4.7677,4.8609,0.0,1602,1594.0,1570.0,0.0,-21.39,21.23,21.22,0.0,30,23.0,0.0,0.0,many,SR,2
0,4166,6695,5352,0,41.3396,29.3418,4.8687,3.5268,0.0,1948,1794.0,809.0,0.0,-11.97,23.65,12.37,0.0,210,31.0,4.0,0.0,many,SR,2
0,2544,8481,6760,0,41.2566,29.2157,4.3393,4.3196,0.0,2585,1211.0,1200.0,0.0,-3.3,16.97,16.85,0.0,84,0.0,0.0,0.0,many,SR,2
0,3424,4493,2764,0,41.4214,29.5414,3.3492,4.8075,0.0,1931,1408.0,1523.0,0.0,-13.23,16.67,20.57,0.0,271,224.0,5.0,0.0,many,SR,2
0,1241,7128,7127,0,40.816,29.1627,4.2042,4.2042,0.0,1748,1145.0,1145.0,0.0,-10.85,16.22,16.22,0.0,3,0.0,0.0,0.0,many,SR,2
252,2614,9823,6079,0,38.5397,9.6596,13.6929,14.0901,0.0,1072,1153.0,1518.0,0.0,1.38,8.47,8.5,0.0,15,-93.0,161.0,0.0,many,TR,2
0,2893,7319,6781,0,40.7116,28.9189,4.0689,4.4177,0.0,1366,1075.0,1277.0,0.0,-15.41,15.43,17.63,0.0,57,0.0,8.0,0.0,many,SR,2
164,2953,8976,6040,6039,71.0559,20.0987,9.5637,19.3744,19.3744,1731,2198.0,2699.0,2699.0,-5.63,15.48,10.98,10.98,253,538.0,615.0,615.0,many,RT,3
0,225,5655,1156,0,40.2283,28.5586,3.9448,4.2884,0.0,1717,1268.0,1313.0,0.0,-12.9,16.69,17.68,0.0,162,82.0,40.0,0.0,many,SR,2
241,3998,1462,1461,88,63.1835,16.2657,13.9227,13.9227,16.8553,2503,2418.0,2418.0,2681.0,6.33,11.39,11.39,12.39,252,690.0,690.0,665.0,many,TR,3
68,2467,9846,2013,0,38.8029,13.7178,9.4326,13.5156,0.0,2520,1587.0,1859.0,0.0,7.23,13.71,14.66,0.0,376,181.0,101.0,0.0,many,RT,2
0,3916,6019,3405,0,39.7642,28.0757,4.2195,4.2195,0.0,3450,1147.0,1147.0,0.0,6.98,16.25,16.25,0.0,80,0.0,0.0,0.0,many,SR,2
252,1505,6452,2407,0,47.672,20.0929,12.5446,12.7762,0.0,2276,2656.0,2688.0,0.0,3.57,15.29,15.29,0.0,16,727.0,738.0,0.0,many,TR,2
0,3038,7634,2805,0,39.7292,27.5601,4.7733,3.9376,0.0,1701,1470.0,1008.0,0.0,-13.26,19.91,14.67,0.0,243,4.0,0.0,0.0,many,SR,2
0,2332,3186,569,0,39.438,28.1973,4.6707,3.3708,0.0,1567,1564.0,714.0,0.0,-12.34,20.66,11.34,0.0,41,39.0,0.0,0.0,many,SR,2
0,2303,8849,8848,0,39.3784,27.4638,4.2884,4.2884,0.0,2394,1186.0,1186.0,0.0,-4.9,16.69,16.69,0.0,176,0.0,0.0,0.0,many,SR,2
109,1582,4403,2797,0,37.731,13.8544,10.6546,11.3606,0.0,1558,2171.0,2104.0,0.0,-0.39,12.67,11.94,0.0,198,616.0,566.0,0.0,many,RT,2
0,4471,8431,7401,0,38.8484,27.6429,4.6552,3.463,0.0,2100,1396.0,762.0,0.0,-5.74,18.99,11.88,0.0,10,7.0,0.0,0.0,many,SR,2
0,431,6901,6531,0,39.1755,27.8037,4.0601,3.967,0.0,1427,1152.0,1363.0,0.0,-15.12,16.0,17.45,0.0,157,27.0,110.0,0.0,many,SR,2
76,4919,4058,0,0,37.1789,13.3466,22.2505,0.0,0.0,2931,3915.0,0.0,0.0,16.54,20.82,0.0,0.0,61,813.0,0.0,0.0,one,TR,1
0,2461,9780,9779,0,38.7208,27.1871,4.1705,4.1705,0.0,3823,1122.0,1122.0,0.0,11.41,15.96,15.96,0.0,106,0.0,0.0,0.0,many,SR,2
0,829,9419,5998,0,39.3861,27.2116,3.7355,4.8704,0.0,2286,902.0,1660.0,0.0,-8.11,13.47,22.22,0.0,335,0.0,11.0,0.0,many,SR,2
0,2680,9577,9032,0,38.4792,27.2578,3.8003,4.3191,0.0,2179,937.0,1238.0,0.0,-5.04,13.87,17.15,0.0,45,0.0,11.0,0.0,many,SR,2
0,1909,7479,5113,0,38.4761,27.3126,4.3104,3.7034,0.0,1993,1292.0,971.0,0.0,-7.42,17.55,13.94,0.0,71,30.0,27.0,0.0,many,SR,2
0,2912,5914,228,0,38.7101,26.6632,4.6765,3.9827,0.0,1846,1385.0,1031.0,0.0,-11.11,18.95,14.93,0.0,261,0.0,0.0,0.0,many,SR,2
0,2013,3502,2208,0,38.5177,26.7669,4.2501,4.2127,0.0,1463,1179.0,1157.0,0.0,-14.23,16.56,16.32,0.0,193,4.0,4.0,0.0,many,SR,2
0,2818,7699,7651,0,38.4048,26.904,3.9571,4.3498,0.0,2130,1017.0,1233.0,0.0,-6.38,14.77,17.17,0.0,126,0.0,5.0,0.0,many,SR,2
0,4140,4054,4053,0,38.3007,27.0531,4.0785,4.0785,0.0,1181,1077.0,1077.0,0.0,-15.42,15.45,15.45,0.0,52,0.0,0.0,0.0,many,SR,2
0,4917,8470,5271,0,46.8933,33.3493,4.7917,4.78,0.0,4176,1470.0,1456.0,0.0,8.1,19.95,19.77,0.0,164,1.0,1.0,0.0,many,SR,2
0,802,6475,6474,0,38.1954,26.0333,4.3668,4.3668,0.0,2349,1226.0,1226.0,0.0,-6.19,17.14,17.14,0.0,329,0.0,0.0,0.0,many,SR,2
0,3150,2030,41,0,37.987,26.4998,4.4023,3.8491,0.0,2928,1361.0,959.0,0.0,1.62,18.24,14.12,0.0,179,38.0,0.0,0.0,many,SR,2
0,282,7460,5410,0,37.5955,26.6738,3.9724,3.9766,0.0,2607,1026.0,1025.0,0.0,0.62,14.86,14.86,0.0,6,1.0,0.0,0.0,many,SR,2
0,4789,4428,2872,0,38.1643,26.6889,4.9995,2.8986,0.0,2341,1814.0,854.0,0.0,-7.61,24.21,11.56,0.0,376,7.0,120.0,0.0,many,SR,2
0,3449,9314,3116,0,37.6277,26.5474,3.8824,4.1129,0.0,1939,975.0,1210.0,0.0,-7.41,14.3,16.55,0.0,83,0.0,36.0,0.0,many,SR,2
0,1620,6342,6341,0,37.8059,26.0784,4.2277,4.2277,0.0,2266,1157.0,1157.0,0.0,-5.66,16.36,16.36,0.0,230,0.0,0.0,0.0,many,SR,2
0,3252,8333,8332,0,37.5901,26.2115,4.1179,4.1179,0.0,2081,1100.0,1100.0,0.0,-6.43,15.71,15.71,0.0,142,0.0,0.0,0.0,many,SR,2
0,4608,5730,1672,0,37.4524,25.8896,3.5505,4.7008,0.0,2595,917.0,1483.0,0.0,-2.56,13.24,19.87,0.0,267,35.0,20.0,0.0,many,SR,2
0,2943,5861,5189,0,37.2916,26.4219,3.6387,4.0451,0.0,1333,1333.0,1059.0,0.0,-14.68,16.61,15.25,0.0,154,154.0,0.0,0.0,many,SR,2
0,2722,1496,1495,0,37.4306,25.5384,4.2806,4.2806,0.0,3317,1183.0,1183.0,0.0,4.85,16.66,16.66,0.0,303,0.0,0.0,0.0,many,SR,2
0,3574,1315,1314,0,37.1259,25.9278,4.0628,4.0628,0.0,2080,1069.0,1069.0,0.0,-5.81,15.36,15.36,0.0,118,0.0,0.0,0.0,many,SR,2
134,3718,9012,0,0,35.7177,14.4637,19.5873,0.0,0.0,2065,3378.0,0.0,0.0,6.68,21.67,0.0,0.0,37,508.0,0.0,0.0,one,RT,1
0,831,8943,7429,0,41.5913,29.7397,4.3878,4.1203,0.0,1365,1236.0,1163.0,0.0,-15.76,17.24,16.19,0.0,24,1.0,21.0,0.0,many,SR,2
0,2669,6073,1507,0,37.0767,26.2531,3.7471,3.8883,0.0,1428,1428.0,979.0,0.0,-13.7,17.54,14.34,0.0,167,167.0,0.0,0.0,many,SR,2
0,1804,8009,7920,0,36.9955,26.022,3.8864,3.9692,0.0,2024,978.0,1285.0,0.0,-6.81,14.33,16.85,0.0,139,0.0,85.0,0.0,many,SR,2
0,1659,6135,6134,0,36.7757,26.0217,3.9236,3.9236,0.0,1476,996.0,996.0,0.0,-10.66,14.53,14.53,0.0,10,0.0,0.0,0.0,many,SR,2
117,559,5506,1524,0,34.8899,9.3183,7.8861,16.6247,0.0,1200,1155.0,2337.0,0.0,3.05,7.91,10.7,0.0,16,273.0,513.0,0.0,many,TR,2
0,15,8429,3470,0,36.7468,25.9999,3.8376,3.9536,0.0,2512,957.0,1108.0,0.0,-0.23,14.09,15.46,0.0,41,0.0,30.0,0.0,many,SR,2
36,3163,9095,2269,0,47.3919,9.4481,16.7167,20.1256,0.0,1245,1564.0,2149.0,0.0,3.16,9.38,9.63,0.0,32,-5.0,231.0,0.0,many,RT,2
0,2219,7780,1857,0,36.3596,25.4297,3.9768,3.9748,0.0,2376,1029.0,1026.0,0.0,-1.86,14.91,14.87,0.0,94,0.0,0.0,0.0,many,SR,2
0,2067,4669,2965,0,36.7548,25.9742,3.5605,3.8278,0.0,3747,1759.0,951.0,0.0,8.81,19.9,14.02,0.0,311,294.0,0.0,0.0,many,SR,2
134,3328,6464,0,0,34.8588,13.1734,20.1601,0.0,0.0,1771,3211.0,0.0,0.0,4.87,20.25,0.0,0.0,38,429.0,0.0,0.0,one,TR,1
0,1198,5486,2310,0,36.1453,25.5819,3.6434,4.0743,0.0,1085,855.0,1085.0,0.0,-14.22,12.94,15.52,0.0,2,0.0,2.0,0.0,many,SR,2
0,2523,9542,9541,0,36.143,25.566,3.8668,3.8668,0.0,1596,968.0,968.0,0.0,-8.83,14.22,14.22,0.0,2,0.0,0.0,0.0,many,SR,2
50,3339,9923,4767,1609,69.7864,19.1722,21.0709,4.5715,22.6356,1230,2493.0,1032.0,2668.0,-8.11,12.57,10.22,12.57,127,270.0,237.0,314.0,many,TR,3
0,4971,6441,3634,0,36.377,25.1524,3.6441,4.4899,0.0,1396,870.0,1290.0,0.0,-13.16,13.05,17.86,0.0,182,5.0,1.0,0.0,many,SR,2
0,4618,6739,2287,0,36.2266,25.386,3.9575,3.9376,0.0,2144,1016.0,1009.0,0.0,-4.0,14.77,14.68,0.0,77,-1.0,0.0,0.0,many,SR,2
0,1237,9063,2599,0,36.5843,24.5665,4.351,4.2904,0.0,3966,1217.0,1189.0,0.0,11.26,17.04,16.72,0.0,397,0.0,0.0,0.0,many,SR,2
0,814,8488,4970,0,36.0631,25.3554,3.8942,3.733,0.0,2030,982.0,1285.0,0.0,-6.41,14.38,16.43,0.0,162,0.0,122.0,0.0,many,SR,2
0,3459,7858,5578,0,36.304,24.418,4.2786,4.2786,0.0,2919,1182.0,1182.0,0.0,0.69,16.64,16.64,0.0,378,0.0,0.0,0.0,many,SR,2
0,4143,9730,4495,0,35.8226,25.1635,3.8606,3.9153,0.0,1471,975.0,1000.0,0.0,-10.5,14.27,14.56,0.0,54,2.0,2.0,0.0,many,SR,2
0,1025,5642,5190,0,36.1905,24.9847,4.1006,3.8423,0.0,2010,1460.0,968.0,0.0,-8.26,18.46,14.17,0.0,299,118.0,4.0,0.0,many,SR,2
10,260,7525,2110,0,58.5174,14.2739,12.958,29.6419,0.0,1134,2266.0,2952.0,0.0,-2.89,11.93,13.5,0.0,36,598.0,76.0,0.0,many,RT,2
0,4477,8896,3094,0,35.5439,25.1724,4.0356,3.4551,0.0,1674,1177.0,864.0,0.0,-8.35,16.14,12.66,0.0,52,39.0,33.0,0.0,many,SR,2
0,673,9104,5765,0,35.374,24.9342,3.6293,3.975,0.0,1120,881.0,1073.0,0.0,-13.76,13.12,15.24,0.0,40,10.0,15.0,0.0,many,SR,2
92,3615,5654,3299,0,33.7787,11.5618,9.2399,11.3877,0.0,1286,1399.0,1796.0,0.0,-0.8,8.3,13.59,0.0,187,359.0,236.0,0.0,many,TR,2
233,936,9580,3669,2102,76.1454,19.9059,17.6206,17.4598,18.7492,2160,1574.0,2562.0,2137.0,0.99,10.55,12.6,11.95,122,-116.0,528.0,168.0,many,RT,3
0,962,7324,7323,0,44.0589,31.387,4.5275,4.5275,0.0,2480,1309.0,1309.0,0.0,-6.51,18.08,18.08,0.0,80,0.0,0.0,0.0,many,SR,2
0,4508,3665,2804,0,34.961,24.5836,3.8572,3.6291,0.0,1616,967.0,1086.0,0.0,-9.05,14.21,14.7,0.0,98,0.0,75.0,0.0,many,SR,2
0,3930,4637,1930,0,34.7981,24.4677,3.7866,3.7866,0.0,2765,930.0,930.0,0.0,4.22,13.79,13.79,0.0,24,0.0,0.0,0.0,many,SR,2
0,58,5718,3530,0,34.5625,24.329,3.7551,3.7609,0.0,2045,912.0,913.0,0.0,-2.99,13.58,13.59,0.0,9,0.0,0.0,0.0,many,SR,2
160,2041,6427,4515,0,33.8121,17.8766,6.1293,7.8201,0.0,1264,1828.0,1558.0,0.0,-4.6,14.9,10.96,0.0,0,486.0,409.0,0.0,many,RT,2
0,1538,9023,7111,0,34.5788,24.2026,3.8004,3.8004,0.0,1939,938.0,938.0,0.0,-4.62,13.88,13.88,0.0,53,0.0,0.0,0.0,many,SR,2
0,456,5806,3968,0,35.2373,24.5598,3.8743,3.6866,0.0,1594,1301.0,1029.0,0.0,-11.31,16.8,14.36,0.0,238,105.0,48.0,0.0,many,SR,2
0,2907,8464,7659,0,44.2206,31.7591,4.4609,4.4609,0.0,1664,1275.0,1275.0,0.0,-14.39,17.7,17.7,0.0,7,0.0,0.0,0.0,many,SR,2
0,4079,9467,774,0,34.8308,24.1877,3.5222,4.0643,0.0,1516,791.0,1454.0,0.0,-11.59,12.22,18.34,0.0,227,-1.0,122.0,0.0,many,SR,2
50,1644,3202,1340,0,42.2066,13.1475,14.5085,13.0726,0.0,1096,2363.0,2126.0,0.0,-1.79,12.39,11.39,0.0,11,557.0,516.0,0.0,many,RT,2
0,278,8766,4985,0,38.6665,27.338,4.313,3.8216,0.0,1942,1351.0,944.0,0.0,-8.35,17.99,13.94,0.0,96,50.0,0.0,0.0,many,SR,2
0,1250,9143,4102,0,34.7554,23.6126,3.4495,4.6072,0.0,1910,759.0,1410.0,0.0,-7.72,11.85,19.01,0.0,284,0.0,19.0,0.0,many,SR,2
272,2536,9683,8813,0,48.728,14.871,12.5087,19.6253,0.0,2184,1559.0,2617.0,0.0,7.42,11.62,13.62,0.0,44,104.0,388.0,0.0,many,TR,2
0,3666,7425,39,0,34.8609,24.5468,3.9276,3.4364,0.0,1238,1000.0,1162.0,0.0,-13.55,14.58,14.92,0.0,137,0.0,132.0,0.0,many,SR,2
0,4863,6810,5483,0,34.199,23.9799,3.7513,3.7513,0.0,2071,912.0,912.0,0.0,-2.7,13.58,13.58,0.0,32,0.0,0.0,0.0,many,SR,2
0,801,8745,8744,0,34.2,23.6778,3.8474,3.8474,0.0,2147,961.0,961.0,0.0,-2.9,14.14,14.14,0.0,121,0.0,0.0,0.0,many,SR,2
0,2819,6234,3443,0,34.4686,23.8393,3.9173,3.8062,0.0,1470,1077.0,940.0,0.0,-10.72,15.16,13.9,0.0,158,26.0,0.0,0.0,many,SR,2
0,3287,8756,4714,0,33.9061,23.8526,3.6962,3.7021,0.0,1499,887.0,884.0,0.0,-8.16,13.29,13.26,0.0,3,1.0,0.0,0.0,many,SR,2
0,1977,5456,2986,0,33.9774,23.8913,3.5159,3.7607,0.0,1213,789.0,1213.0,0.0,-12.55,12.19,15.91,0.0,95,0.0,96.0,0.0,many,SR,2
0,1881,7726,3741,0,34.3554,23.9589,3.8304,3.759,0.0,1333,1011.0,913.0,0.0,-11.27,14.48,13.59,0.0,89,20.0,0.0,0.0,many,SR,2
32,1051,9244,0,0,32.462,12.0815,19.0277,0.0,0.0,1588,2541.0,0.0,0.0,4.5,17.53,0.0,0.0,7,140.0,0.0,0.0,one,RT,1
0,3348,5508,2027,0,33.8501,23.5944,3.7395,3.7748,0.0,1756,931.0,923.0,0.0,-6.23,13.71,13.71,0.0,74,8.0,0.0,0.0,many,SR,2
86,1904,6353,3863,3100,58.3333,17.65,12.8006,12.8447,12.8447,2948,1926.0,1934.0,1934.0,11.21,10.27,10.33,10.33,143,444.0,444.0,444.0,many,RT,3
0,111,6812,1697,0,33.802,23.3892,3.4549,4.0022,0.0,1328,1107.0,1040.0,0.0,-12.66,14.52,15.03,0.0,219,112.0,0.0,0.0,many,SR,2
0,4998,9083,3401,0,33.6354,23.2235,3.8975,3.5553,0.0,1452,994.0,1158.0,0.0,-11.39,14.48,15.11,0.0,233,3.0,111.0,0.0,many,SR,2
0,2718,6747,6730,0,37.4891,26.5111,4.1255,3.8287,0.0,1973,1126.0,989.0,0.0,-6.5,15.92,14.32,0.0,48,8.0,12.0,0.0,many,SR,2
0,1172,7879,2053,0,33.1414,23.0153,3.749,3.5291,0.0,1428,963.0,1085.0,0.0,-10.64,13.97,14.51,0.0,179,17.0,91.0,0.0,many,SR,2
0,1641,5347,3207,0,32.9051,22.8345,3.7043,3.7043,0.0,1944,888.0,888.0,0.0,-3.55,13.31,13.31,0.0,77,0.0,0.0,0.0,many,SR,2
0,3407,4999,3342,0,32.8675,22.8712,3.6808,3.6808,0.0,1360,876.0,876.0,0.0,-9.43,13.17,13.17,0.0,58,0.0,0.0,0.0,many,SR,2
0,932,3882,3881,0,32.9274,22.6874,3.7573,3.7573,0.0,2362,916.0,916.0,0.0,0.27,13.63,13.63,0.0,126,0.0,0.0,0.0,many,SR,2
0,4558,616,615,0,32.733,22.9471,3.6141,3.6141,0.0,1830,842.0,842.0,0.0,-3.8,12.79,12.79,0.0,5,0.0,0.0,0.0,many,SR,2
0,4657,2933,132,0,33.1556,22.3139,3.7532,4.0705,0.0,2114,911.0,1228.0,0.0,-4.97,13.57,16.61,0.0,331,0.0,49.0,0.0,many,SR,2
0,2989,7690,1119,0,32.8362,22.6233,3.7494,3.7494,0.0,1672,911.0,911.0,0.0,-6.87,13.57,13.57,0.0,123,0.0,0.0,0.0,many,SR,2
0,2081,9852,4405,0,32.6283,22.8848,3.5979,3.6004,0.0,3390,840.0,835.0,0.0,12.69,12.74,12.71,0.0,2,2.0,0.0,0.0,many,SR,2
0,3157,4908,2003,0,32.8568,22.418,4.1532,3.4886,0.0,1242,1119.0,776.0,0.0,-12.13,15.93,12.04,0.0,188,0.0,0.0,0.0,many,SR,2
0,30,682,681,0,32.6275,22.8145,3.622,3.622,0.0,1880,847.0,847.0,0.0,-3.38,12.84,12.84,0.0,21,0.0,0.0,0.0,many,SR,2
0,119,7463,242,0,32.7174,22.9305,3.3828,3.7002,0.0,1186,723.0,1186.0,0.0,-11.88,11.44,15.6,0.0,96,0.0,96.0,0.0,many,SR,2
0,3410,2760,2759,0,32.6892,22.4901,3.7436,3.7436,0.0,2607,910.0,910.0,0.0,2.97,13.56,13.56,0.0,131,0.0,0.0,0.0,many,SR,2
0,2720,7795,6065,0,32.5233,22.5945,3.4679,3.8079,0.0,1371,828.0,969.0,0.0,-9.48,12.4,14.13,0.0,88,20.0,9.0,0.0,many,SR,2
0,3357,6139,1376,0,32.5543,22.6427,3.5041,3.6967,0.0,1143,782.0,1108.0,0.0,-12.4,12.11,15.0,0.0,120,0.0,71.0,0.0,many,SR,2
0,4725,9678,27,0,36.972,25.5743,4.0941,4.0099,0.0,1826,1084.0,1345.0,0.0,-10.47,15.53,17.4,0.0,278,0.0,96.0,0.0,many,SR,2
0,1392,9566,8585,0,32.2708,22.6076,3.5623,3.4752,0.0,1399,1025.0,793.0,0.0,-8.94,14.1,12.15,0.0,70,67.0,7.0,0.0,many,SR,2
0,4804,9634,6571,0,31.9622,22.2813,3.5788,3.5728,0.0,1804,848.0,819.0,0.0,-3.82,12.77,12.53,0.0,33,8.0,0.0,0.0,many,SR,2
0,2245,6269,1844,0,32.0869,21.9397,3.7279,3.7279,0.0,1752,901.0,901.0,0.0,-5.83,13.46,13.46,0.0,156,0.0,0.0,0.0,many,SR,2
0,2380,8033,2501,0,31.9735,22.0794,3.4852,3.6982,0.0,1847,1014.0,882.0,0.0,-5.0,13.87,13.24,0.0,158,77.0,0.0,0.0,many,SR,2
0,2765,7059,3719,0,40.4647,28.3831,4.3413,4.3413,0.0,2366,1213.0,1213.0,0.0,-5.75,17.0,17.0,0.0,151,0.0,0.0,0.0,many,SR,2
0,3043,3918,3322,0,31.732,21.9109,3.6163,3.6335,0.0,1232,840.0,856.0,0.0,-10.21,12.78,12.94,0.0,84,-1.0,1.0,0.0,many,SR,2
0,4245,6987,6226,0,31.9991,22.2729,3.4182,3.5666,0.0,1461,743.0,1239.0,0.0,-9.33,11.67,15.75,0.0,164,0.0,136.0,0.0,many,SR,2
0,1067,6207,1625,0,31.48,21.885,3.557,3.5551,0.0,1565,809.0,809.0,0.0,-5.91,12.41,12.41,0.0,32,0.0,0.0,0.0,many,SR,2
76,299,5847,0,0,29.9307,8.2814,20.6953,0.0,0.0,2086,2326.0,0.0,0.0,13.32,13.54,0.0,0.0,21,109.0,0.0,0.0,one,TR,1
0,2107,5698,1821,0,31.4265,21.7675,3.3945,3.7534,0.0,1848,728.0,915.0,0.0,-3.2,11.5,13.62,0.0,57,0.0,0.0,0.0,many,SR,2
0,3863,6265,1933,0,31.466,21.7303,3.4731,3.6608,0.0,1676,822.0,942.0,0.0,-5.82,12.38,13.64,0.0,115,16.0,25.0,0.0,many,SR,2
0,175,4231,4229,0,31.2817,21.7495,3.5338,3.5338,0.0,1593,801.0,801.0,0.0,-5.46,12.32,12.32,0.0,30,0.0,0.0,0.0,many,SR,2
0,1071,9562,6620,0,31.3764,21.766,3.4157,3.6257,0.0,1965,899.0,845.0,0.0,-2.49,12.87,12.82,0.0,93,50.0,0.0,0.0,many,SR,2
0,1141,5151,5150,0,31.3327,21.6272,3.5886,3.5886,0.0,1902,829.0,829.0,0.0,-2.78,12.64,12.64,0.0,77,0.0,0.0,0.0,many,SR,2
0,2377,8491,4635,0,31.5785,22.0198,3.3924,3.3523,0.0,1411,725.0,1411.0,0.0,-10.51,11.46,16.68,0.0,226,0.0,226.0,0.0,many,SR,2
0,1024,6583,2037,0,31.1021,21.3866,3.5925,3.5925,0.0,2275,830.0,830.0,0.0,1.11,12.65,12.65,0.0,95,0.0,0.0,0.0,many,SR,2
0,3074,4668,1716,0,31.2295,21.7663,3.5278,3.236,0.0,1186,796.0,1186.0,0.0,-11.84,12.27,14.73,0.0,173,0.0,173.0,0.0,many,SR,2
0,2443,6679,6678,0,31.0288,21.3343,3.5866,3.5866,0.0,1727,826.0,826.0,0.0,-4.56,12.61,12.61,0.0,93,0.0,0.0,0.0,many,SR,2
0,3367,5677,3949,0,31.1418,21.6744,3.7995,2.981,0.0,1221,1045.0,915.0,0.0,-11.36,14.69,12.18,0.0,171,35.0,127.0,0.0,many,SR,2
0,4764,5921,3556,0,31.143,21.551,3.2061,3.6922,0.0,2305,837.0,1104.0,0.0,-0.04,11.99,14.94,0.0,184,65.0,72.0,0.0,many,SR,2
0,3944,6113,5957,0,31.1533,20.6718,3.8242,3.8139,0.0,2047,1017.0,941.0,0.0,-4.1,14.52,13.91,0.0,336,22.0,0.0,0.0,many,SR,2
0,1539,6276,1715,0,30.7806,21.142,3.7099,3.2962,0.0,2019,887.0,951.0,0.0,-2.49,13.3,13.03,0.0,174,0.0,88.0,0.0,many,SR,2
127,4371,4161,1445,0,39.9932,13.4552,12.2669,12.2669,0.0,2676,2097.0,2097.0,0.0,10.06,13.02,13.02,0.0,313,447.0,447.0,0.0,many,TR,2
0,4844,8403,7572,0,30.9513,21.5151,3.734,2.7749,0.0,2221,901.0,1435.0,0.0,-3.03,13.47,15.8,0.0,330,-1.0,327.0,0.0,many,SR,2
0,4601,6496,1368,0,30.4436,21.0004,3.5347,3.4767,0.0,1320,807.0,769.0,0.0,-8.03,12.36,11.96,0.0,61,3.0,0.0,0.0,many,SR,2
0,4011,6876,1105,0,30.6325,20.7015,3.6672,3.5361,0.0,1721,871.0,1040.0,0.0,-6.48,13.12,14.16,0.0,263,0.0,77.0,0.0,many,SR,2
0,4545,7786,2674,0,30.2487,20.9893,3.4494,3.4475,0.0,1145,756.0,756.0,0.0,-9.24,11.81,11.81,0.0,19,0.0,0.0,0.0,many,SR,2
0,3370,1621,1620,0,30.2315,20.9912,3.4434,3.4434,0.0,1626,752.0,752.0,0.0,-4.11,11.77,11.77,0.0,13,0.0,0.0,0.0,many,SR,2
0,1705,7954,3099,0,30.59,20.6086,3.7713,3.4495,0.0,1804,1191.0,758.0,0.0,-5.9,15.77,11.84,0.0,289,86.0,0.0,0.0,many,SR,2
0,4871,4719,1775,0,30.3048,20.6483,3.5711,3.573,0.0,1744,822.0,822.0,0.0,-4.3,12.56,12.56,0.0,134,0.0,0.0,0.0,many,SR,2
162,4890,6317,5598,2575,69.4112,23.0567,15.1308,18.1062,10.4683,1506,2634.0,2186.0,1874.0,-8.03,14.74,11.72,11.04,54,594.0,255.0,494.0,many,RT,3
0,6,6589,2167,0,39.1184,27.4328,4.2179,4.207,0.0,1873,1151.0,1157.0,0.0,-9.68,16.29,16.32,0.0,131,0.0,4.0,0.0,many,SR,2
0,3710,9174,4409,0,30.4177,20.9682,3.6944,2.9684,0.0,1955,882.0,1237.0,0.0,-4.55,13.24,14.63,0.0,281,0.0,233.0,0.0,many,SR,2
76,1473,6835,6319,0,56.9428,12.3942,23.3628,19.6102,0.0,2315,3192.0,2564.0,0.0,10.13,12.83,12.92,0.0,122,656.0,388.0,0.0,many,RT,2
0,1300,9879,4272,0,30.1025,20.4384,3.5529,3.5104,0.0,1360,994.0,785.0,0.0,-9.13,13.85,12.15,0.0,203,58.0,-1.0,0.0,many,SR,2
0,1036,4202,2333,0,29.8228,20.5924,3.4298,3.4494,0.0,2797,746.0,756.0,0.0,8.21,11.7,11.81,0.0,39,0.0,0.0,0.0,many,SR,2
0,1189,831,829,0,29.8829,20.364,3.5316,3.5316,0.0,1252,797.0,797.0,0.0,-8.95,12.28,12.28,0.0,119,0.0,0.0,0.0,many,SR,2
0,3573,9488,3738,0,29.8468,20.5409,3.2577,3.5257,0.0,2197,954.0,793.0,0.0,0.37,12.99,12.23,0.0,148,94.0,0.0,0.0,many,SR,2
0,2567,7693,5969,0,29.748,20.5659,3.3269,3.3928,0.0,1306,952.0,731.0,0.0,-8.45,13.09,11.53,0.0,109,83.0,0.0,0.0,many,SR,2
0,4179,6622,119,0,29.8365,19.8908,3.863,3.3923,0.0,2344,1119.0,731.0,0.0,0.4,15.39,11.52,0.0,295,48.0,1.0,0.0,many,SR,2
0,1798,8247,8246,0,29.3998,20.3688,3.375,3.375,0.0,1696,720.0,720.0,0.0,-2.72,11.4,11.4,0.0,11,0.0,0.0,0.0,many,SR,2
0,4885,6115,2150,0,29.293,20.0929,3.4339,3.4263,0.0,1310,745.0,745.0,0.0,-7.3,11.7,11.7,0.0,66,-1.0,-1.0,0.0,many,SR,2
0,2447,6854,1525,0,38.032,26.6572,4.116,4.116,0.0,2008,1100.0,1100.0,0.0,-7.2,15.71,15.71,0.0,111,0.0,0.0,0.0,many,SR,2
0,4567,3828,2553,0,29.0985,19.4535,3.7297,3.4121,0.0,1723,900.0,736.0,0.0,-4.44,13.45,11.59,0.0,210,0.0,0.0,0.0,many,SR,2
0,172,6271,2059,0,29.2329,19.6125,3.4298,3.3144,0.0,2781,753.0,1459.0,0.0,3.31,11.77,17.0,0.0,428,1.0,246.0,0.0,many,SR,2
48,4312,8486,5874,0,30.9136,9.845,12.3728,7.5818,0.0,1068,1599.0,1298.0,0.0,1.19,8.42,8.72,0.0,13,325.0,353.0,0.0,many,RT,2
0,4251,8202,6955,0,28.9067,18.7258,3.8727,3.61,0.0,2717,971.0,837.0,0.0,4.24,14.25,12.73,0.0,379,0.0,0.0,0.0,many,SR,2
0,2597,2528,423,0,28.5977,19.1108,3.4945,3.5243,0.0,2243,806.0,813.0,0.0,1.34,12.29,12.39,0.0,212,8.0,6.0,0.0,many,SR,2
0,4208,5606,525,0,28.6338,18.9914,3.577,3.561,0.0,2103,825.0,812.0,0.0,-0.46,12.6,12.45,0.0,242,0.0,0.0,0.0,many,SR,2
0,1211,2263,1552,0,28.4315,19.4721,3.1488,3.4355,0.0,2231,858.0,747.0,0.0,2.05,12.04,11.71,0.0,130,82.0,0.0,0.0,many,SR,2
0,3913,9076,5792,0,28.5229,19.0213,3.4338,3.4931,0.0,1832,902.0,875.0,0.0,-3.94,12.92,12.82,0.0,283,48.0,30.0,0.0,many,SR,2
0,346,4051,4050,0,36.4692,25.7118,3.9218,3.9218,0.0,1362,999.0,999.0,0.0,-11.92,14.57,14.57,0.0,35,0.0,0.0,0.0,many,SR,2
233,4454,7476,3460,0,40.0055,15.1272,9.6748,13.4771,0.0,1272,1716.0,2053.0,0.0,-2.18,9.8,13.46,0.0,28,490.0,319.0,0.0,many,RT,2
0,4719,4609,1353,0,28.0936,19.0962,2.8192,3.6591,0.0,1627,951.0,863.0,0.0,-5.59,12.16,13.03,0.0,244,164.0,0.0,0.0,many,SR,2
0,2169,6316,703,0,32.2515,21.8945,3.9761,3.5023,0.0,1969,1258.0,783.0,0.0,-5.23,16.67,12.12,0.0,274,74.0,0.0,0.0,many,SR,2
0,3971,1818,1145,0,27.8515,18.7634,3.3945,3.3945,0.0,1678,728.0,728.0,0.0,-3.07,11.5,11.5,0.0,132,0.0,0.0,0.0,many,SR,2
134,73,7486,0,0,26.9197,12.5837,12.6438,0.0,0.0,2217,2084.0,0.0,0.0,8.05,20.92,0.0,0.0,181,-37.0,0.0,0.0,one,TR,1
136,1123,6151,5728,0,33.5099,8.0178,9.048,15.3923,0.0,1275,1030.0,2307.0,0.0,3.92,8.44,9.08,0.0,99,81.0,654.0,0.0,many,RT,2
124,1745,7176,5357,0,26.5562,10.9882,6.5216,7.4832,0.0,1415,1036.0,1380.0,0.0,0.79,10.1,9.53,0.0,210,135.0,375.0,0.0,many,TR,2
278,1769,4126,4125,1517,56.0912,11.5882,14.3402,14.3402,14.3402,1518,1853.0,1853.0,1853.0,2.6,8.94,8.94,8.94,120,376.0,376.0,376.0,many,TR,3
0,2689,7849,7468,0,26.9926,18.2945,3.0575,3.3506,0.0,3076,810.0,722.0,0.0,11.69,11.52,11.38,0.0,158,80.0,4.0,0.0,many,SR,2
38,714,9414,4938,0,26.0462,10.1526,7.1904,7.2557,0.0,1479,1216.0,1204.0,0.0,2.5,9.31,9.16,0.0,196,279.0,275.0,0.0,many,RT,2
0,1572,5470,1232,0,30.0812,20.7577,3.4434,3.4098,0.0,1323,751.0,913.0,0.0,-8.34,11.76,12.95,0.0,101,0.0,57.0,0.0,many,SR,2
0,4728,5736,290,0,30.0001,20.6756,3.0919,3.6273,0.0,2046,1012.0,855.0,0.0,-1.96,13.14,12.91,0.0,189,139.0,2.0,0.0,many,SR,2
9,4694,5605,0,0,25.8654,14.8076,9.0518,0.0,0.0,2891,2651.0,0.0,0.0,12.3,24.06,0.0,0.0,222,421.0,0.0,0.0,one,TR,1
0,4688,2993,1238,0,29.8208,20.139,3.5929,3.5709,0.0,2416,829.0,819.0,0.0,2.71,12.65,12.53,0.0,172,-1.0,0.0,0.0,many,SR,2
1,3937,4348,4347,0,50.5524,23.5919,12.0597,12.0597,0.0,1724,2340.0,2340.0,0.0,-7.47,17.21,17.21,0.0,135,404.0,404.0,0.0,many,RT,2
170,4978,7695,0,0,25.0768,13.9178,9.5574,0.0,0.0,2372,2001.0,0.0,0.0,10.49,19.02,0.0,0.0,34,186.0,0.0,0.0,one,RT,1
243,2498,8344,0,0,23.6931,6.2828,16.6628,0.0,0.0,1112,2146.0,0.0,0.0,4.95,11.48,0.0,0.0,31,321.0,0.0,0.0,one,TR,1
116,241,406,0,0,23.2839,2.9976,19.6575,0.0,0.0,1346,2947.0,0.0,0.0,8.47,11.29,0.0,0.0,182,770.0,0.0,0.0,one,RT,1
116,1634,7313,0,0,23.5036,8.8875,13.5715,0.0,0.0,1738,2092.0,0.0,0.0,8.85,13.45,0.0,0.0,35,344.0,0.0,0.0,one,TR,1
114,2938,8732,7204,6183,79.4738,20.3362,18.6789,21.873,15.7494,2239,3354.0,2192.0,2059.0,-2.02,14.45,14.45,13.45,354,955.0,-113.0,194.0,many,TR,3
34,4341,3082,0,0,23.0618,13.0232,8.5641,0.0,0.0,1831,2284.0,0.0,0.0,5.96,17.74,0.0,0.0,17,531.0,0.0,0.0,one,RT,1
1,1950,4698,0,0,22.7618,10.4382,11.0174,0.0,0.0,1180,2569.0,0.0,0.0,0.63,16.06,0.0,0.0,90,704.0,0.0,0.0,one,TR,1
0,1971,4809,0,0,23.6207,21.2552,0.0059,0.0,0.0,1595,1383.0,0.0,0.0,-4.49,23.6,0.0,0.0,-1,0.0,0.0,0.0,one,SR,1
0,1150,3635,0,0,23.4888,21.1228,0.005,0.0,0.0,2929,1384.0,0.0,0.0,9.51,23.61,0.0,0.0,9,0.0,0.0,0.0,one,SR,1
86,4614,6662,0,0,21.9144,6.9459,14.0994,0.0,0.0,2075,1884.0,0.0,0.0,13.96,11.69,0.0,0.0,60,256.0,0.0,0.0,one,TR,1
0,4186,1719,0,0,23.3344,20.9856,0.0161,0.0,0.0,2237,1364.0,0.0,0.0,2.49,23.33,0.0,0.0,1,0.0,0.0,0.0,one,SR,1
191,1973,8814,0,0,22.7167,14.4941,6.4937,0.0,0.0,1240,2593.0,0.0,0.0,-2.54,20.29,0.0,0.0,73,739.0,0.0,0.0,one,TR,1
0,335,3211,0,0,23.1593,20.8133,0.0203,0.0,0.0,2374,1359.0,0.0,0.0,4.0,23.26,0.0,0.0,8,0.0,0.0,0.0,one,SR,1
0,171,1637,0,0,23.1215,20.7824,0.0304,0.0,0.0,1706,1347.0,0.0,0.0,-2.86,23.09,0.0,0.0,0,0.0,0.0,0.0,one,SR,1
0,3467,5165,262,0,26.3924,17.1387,3.4253,3.4261,0.0,2657,807.0,766.0,0.0,6.28,12.18,11.85,0.0,306,19.0,7.0,0.0,many,SR,2
0,72,1754,0,0,22.9704,20.6264,0.0466,0.0,0.0,2040,1339.0,0.0,0.0,0.74,22.97,0.0,0.0,4,0.0,0.0,0.0,one,SR,1
0,1120,1741,0,0,22.823,20.4824,0.0517,0.0,0.0,2142,1333.0,0.0,0.0,1.89,22.89,0.0,0.0,8,0.0,0.0,0.0,one,SR,1
140,2235,3345,0,0,21.2172,6.9577,13.4822,0.0,0.0,1312,1888.0,0.0,0.0,6.78,10.77,0.0,0.0,3,347.0,0.0,0.0,one,RT,1
0,1315,827,0,0,22.748,20.397,0.0084,0.0,0.0,3182,1371.0,0.0,0.0,12.33,23.43,0.0,0.0,47,0.0,0.0,0.0,one,SR,1
0,4710,8191,0,0,22.6782,20.3336,0.0317,0.0,0.0,2292,1350.0,0.0,0.0,3.25,23.13,0.0,0.0,33,0.0,0.0,0.0,one,SR,1
0,1712,629,0,0,22.558,20.2302,0.0516,0.0,0.0,1968,1324.0,0.0,0.0,0.18,22.76,0.0,0.0,18,0.0,0.0,0.0,one,SR,1
176,3721,5787,4208,3737,50.5467,15.5161,10.8882,10.8882,11.5303,1273,1553.0,1553.0,1296.0,-2.15,9.68,9.68,8.88,0,303.0,303.0,116.0,many,RT,3
42,3616,8890,8889,0,74.7917,18.4928,27.0351,27.0351,0.0,1572,2998.0,2998.0,0.0,-3.55,16.14,16.14,0.0,107,109.0,109.0,0.0,many,TR,2
0,563,7522,0,0,22.4698,20.1521,0.0712,0.0,0.0,2026,1303.0,0.0,0.0,1.06,22.46,0.0,0.0,5,0.0,0.0,0.0,one,SR,1
0,1633,4617,0,0,22.5738,20.2076,0.0095,0.0,0.0,1567,1381.0,0.0,0.0,-4.76,23.57,0.0,0.0,69,0.0,0.0,0.0,one,SR,1
0,295,3068,0,0,22.5019,20.1438,0.0212,0.0,0.0,2494,1367.0,0.0,0.0,5.15,23.37,0.0,0.0,61,0.0,0.0,0.0,one,SR,1
0,4159,8108,0,0,22.4413,20.1015,0.034,0.0,0.0,1784,1345.0,0.0,0.0,-2.02,23.06,0.0,0.0,45,0.0,0.0,0.0,one,SR,1
0,4188,5502,0,0,22.2275,19.9024,0.0603,0.0,0.0,1953,1316.0,0.0,0.0,0.12,22.65,0.0,0.0,33,0.0,0.0,0.0,one,SR,1
0,3947,854,0,0,22.1848,19.87,0.0754,0.0,0.0,2044,1298.0,0.0,0.0,1.31,22.39,0.0,0.0,20,0.0,0.0,0.0,one,SR,1
0,4002,3251,0,0,22.1772,19.8537,0.0531,0.0,0.0,2137,1320.0,0.0,0.0,2.0,22.7,0.0,0.0,40,0.0,0.0,0.0,one,SR,1
0,4392,9783,0,0,22.1344,19.82,0.0665,0.0,0.0,1815,1304.0,0.0,0.0,-1.17,22.48,0.0,0.0,28,0.0,0.0,0.0,one,SR,1
0,1976,8045,0,0,22.1501,19.806,0.0325,0.0,0.0,1672,1349.0,0.0,0.0,-3.25,23.11,0.0,0.0,68,0.0,0.0,0.0,one,SR,1
0,130,9209,0,0,21.9458,19.6393,0.0968,0.0,0.0,1724,1277.0,0.0,0.0,-1.79,22.1,0.0,0.0,17,0.0,0.0,0.0,one,SR,1
0,3799,2483,0,0,22.0029,19.6772,0.0453,0.0,0.0,1663,1327.0,0.0,0.0,-3.06,22.8,0.0,0.0,58,0.0,0.0,0.0,one,SR,1
0,886,7618,0,0,21.9117,19.5903,0.075,0.0,0.0,2357,1303.0,0.0,0.0,4.53,22.46,0.0,0.0,43,0.0,0.0,0.0,one,SR,1
0,1677,5648,0,0,21.8904,19.5806,0.0733,0.0,0.0,2090,1296.0,0.0,0.0,1.82,22.37,0.0,0.0,38,0.0,0.0,0.0,one,SR,1
0,2114,5433,0,0,21.9612,19.616,0.0309,0.0,0.0,1860,1351.0,0.0,0.0,-1.3,23.14,0.0,0.0,83,0.0,0.0,0.0,one,SR,1
0,3325,7521,0,0,21.7851,19.4986,0.1121,0.0,0.0,1481,1252.0,0.0,0.0,-4.02,21.74,0.0,0.0,5,0.0,0.0,0.0,one,SR,1
0,2345,9402,0,0,21.857,19.537,0.0678,0.0,0.0,1758,1307.0,0.0,0.0,-1.81,22.52,0.0,0.0,50,0.0,0.0,0.0,one,SR,1
0,3709,2063,0,0,21.8953,19.5433,0.0349,0.0,0.0,1830,1353.0,0.0,0.0,-1.64,23.17,0.0,0.0,90,0.0,0.0,0.0,one,SR,1
0,4573,6920,0,0,21.9264,19.5617,0.0023,0.0,0.0,1662,1385.0,0.0,0.0,-3.81,23.62,0.0,0.0,116,0.0,0.0,0.0,one,SR,1
0,934,1,0,0,21.8092,19.4782,0.0563,0.0,0.0,2418,1323.0,0.0,0.0,4.92,22.75,0.0,0.0,68,0.0,0.0,0.0,one,SR,1
0,2389,8913,0,0,21.8499,19.5032,0.0239,0.0,0.0,1748,1357.0,0.0,0.0,-2.55,23.23,0.0,0.0,96,0.0,0.0,0.0,one,SR,1
0,4765,4215,0,0,21.8681,19.5099,0.0071,0.0,0.0,1630,1377.0,0.0,0.0,-4.04,23.51,0.0,0.0,113,0.0,0.0,0.0,one,SR,1
0,545,9971,0,0,21.6727,19.3918,0.1249,0.0,0.0,2661,1239.0,0.0,0.0,8.54,21.56,0.0,0.0,1,0.0,0.0,0.0,one,SR,1
0,3771,2225,0,0,21.6563,19.3617,0.1189,0.0,0.0,1912,1253.0,0.0,0.0,0.49,21.76,0.0,0.0,15,0.0,0.0,0.0,one,SR,1
0,2371,8515,0,0,21.7253,19.3775,0.0222,0.0,0.0,1648,1359.0,0.0,0.0,-3.63,23.26,0.0,0.0,106,0.0,0.0,0.0,one,SR,1
0,4492,3927,0,0,21.6774,19.3362,0.0367,0.0,0.0,1590,1344.0,0.0,0.0,-4.04,23.04,0.0,0.0,96,0.0,0.0,0.0,one,SR,1
0,2932,7050,0,0,21.4976,19.2208,0.1308,0.0,0.0,2086,1232.0,0.0,0.0,2.59,21.46,0.0,0.0,7,0.0,0.0,0.0,one,SR,1
0,1726,952,0,0,21.5386,19.2288,0.0874,0.0,0.0,1966,1286.0,0.0,0.0,0.64,22.22,0.0,0.0,53,0.0,0.0,0.0,one,SR,1
0,3029,8219,0,0,21.6422,19.2858,0.0237,0.0,0.0,2034,1364.0,0.0,0.0,0.36,23.33,0.0,0.0,117,0.0,0.0,0.0,one,SR,1
0,684,7922,0,0,21.4586,19.1701,0.1184,0.0,0.0,1752,1249.0,0.0,0.0,-1.13,21.7,0.0,0.0,25,0.0,0.0,0.0,one,SR,1
0,2218,1036,0,0,21.5093,19.1831,0.0727,0.0,0.0,2040,1308.0,0.0,0.0,1.14,22.54,0.0,0.0,75,0.0,0.0,0.0,one,SR,1
0,700,3114,0,0,21.3811,19.1086,0.142,0.0,0.0,1476,1221.0,0.0,0.0,-3.68,21.3,0.0,0.0,5,0.0,0.0,0.0,one,SR,1
0,1888,8616,0,0,21.4415,19.1416,0.0972,0.0,0.0,1771,1272.0,0.0,0.0,-1.23,22.03,0.0,0.0,47,0.0,0.0,0.0,one,SR,1
0,2115,3237,0,0,21.3319,19.0694,0.1377,0.0,0.0,1781,1217.0,0.0,0.0,-0.42,21.25,0.0,0.0,4,0.0,0.0,0.0,one,SR,1
0,383,7362,0,0,21.4194,19.1011,0.0562,0.0,0.0,1543,1314.0,0.0,0.0,-4.16,22.62,0.0,0.0,86,0.0,0.0,0.0,one,SR,1
0,2128,8135,0,0,21.3165,19.0254,0.1054,0.0,0.0,1470,1260.0,0.0,0.0,-4.24,21.86,0.0,0.0,44,0.0,0.0,0.0,one,SR,1
0,4323,2444,0,0,21.2954,19.0019,0.1206,0.0,0.0,1454,1251.0,0.0,0.0,-4.29,21.73,0.0,0.0,38,0.0,0.0,0.0,one,SR,1
0,970,8605,0,0,21.4813,19.1057,0.0004,0.0,0.0,1820,1394.0,0.0,0.0,-2.27,23.75,0.0,0.0,155,0.0,0.0,0.0,one,SR,1
0,3315,2018,0,0,21.1111,18.8395,0.1525,0.0,0.0,1922,1213.0,0.0,0.0,1.11,21.19,0.0,0.0,16,0.0,0.0,0.0,one,SR,1
0,2874,3402,0,0,21.1076,18.8444,0.1369,0.0,0.0,1937,1218.0,0.0,0.0,1.2,21.26,0.0,0.0,20,0.0,0.0,0.0,one,SR,1
0,3513,4503,0,0,21.1429,18.8328,0.0962,0.0,0.0,2383,1280.0,0.0,0.0,5.1,22.14,0.0,0.0,75,0.0,0.0,0.0,one,SR,1
0,4390,4316,0,0,21.0502,18.7825,0.1443,0.0,0.0,2309,1216.0,0.0,0.0,5.13,21.23,0.0,0.0,23,0.0,0.0,0.0,one,SR,1
0,949,1807,0,0,20.9286,18.6745,0.1547,0.0,0.0,1872,1199.0,0.0,0.0,0.76,20.99,0.0,0.0,15,0.0,0.0,0.0,one,SR,1
0,3546,1276,0,0,20.8557,18.603,0.1802,0.0,0.0,1352,1180.0,0.0,0.0,-4.46,20.73,0.0,0.0,4,0.0,0.0,0.0,one,SR,1
0,3023,4961,0,0,20.8883,18.6141,0.1253,0.0,0.0,1916,1234.0,0.0,0.0,0.78,21.49,0.0,0.0,50,0.0,0.0,0.0,one,SR,1
52,4669,193,0,0,20.0937,11.442,7.2776,0.0,0.0,1298,2170.0,0.0,0.0,1.26,16.74,0.0,0.0,63,575.0,0.0,0.0,one,RT,1
0,1854,9936,0,0,20.7495,18.5133,0.1764,0.0,0.0,1654,1171.0,0.0,0.0,-1.17,20.6,0.0,0.0,2,0.0,0.0,0.0,one,SR,1
7,2056,6499,4356,0,43.2183,12.186,15.7,13.9245,0.0,1607,2454.0,1577.0,0.0,4.2,11.04,10.04,0.0,33,636.0,127.0,0.0,many,TR,2
0,4391,8238,0,0,20.686,18.4527,0.1806,0.0,0.0,1770,1166.0,0.0,0.0,0.11,20.53,0.0,0.0,2,0.0,0.0,0.0,one,SR,1
0,1773,7539,0,0,20.9212,18.5915,0.0394,0.0,0.0,1899,1334.0,0.0,0.0,-0.67,22.9,0.0,0.0,138,0.0,0.0,0.0,one,SR,1
0,1269,646,0,0,20.7448,18.4616,0.1216,0.0,0.0,2004,1243.0,0.0,0.0,1.59,21.62,0.0,0.0,68,0.0,0.0,0.0,one,SR,1
0,2134,9265,0,0,20.67,18.4115,0.1577,0.0,0.0,2105,1200.0,0.0,0.0,3.2,21.01,0.0,0.0,34,0.0,0.0,0.0,one,SR,1
0,4746,4386,0,0,20.5406,18.3026,0.1924,0.0,0.0,1415,1161.0,0.0,0.0,-3.55,20.46,0.0,0.0,8,0.0,0.0,0.0,one,SR,1
0,3416,3830,0,0,20.7107,18.4036,0.0819,0.0,0.0,2381,1288.0,0.0,0.0,4.97,22.25,0.0,0.0,111,0.0,0.0,0.0,one,SR,1
0,2792,4252,0,0,20.5565,18.2942,0.1615,0.0,0.0,1472,1200.0,0.0,0.0,-3.45,21.01,0.0,0.0,42,0.0,0.0,0.0,one,SR,1
0,2313,9040,0,0,20.6205,18.3352,0.1138,0.0,0.0,2036,1250.0,0.0,0.0,1.83,21.72,0.0,0.0,83,0.0,0.0,0.0,one,SR,1
0,3487,1414,0,0,20.6891,18.3717,0.0668,0.0,0.0,1642,1306.0,0.0,0.0,-3.02,22.51,0.0,0.0,129,0.0,0.0,0.0,one,SR,1
0,3044,6405,0,0,20.5113,18.2627,0.1676,0.0,0.0,1922,1186.0,0.0,0.0,1.45,20.81,0.0,0.0,32,0.0,0.0,0.0,one,SR,1
0,4374,6292,0,0,20.7402,18.398,0.0306,0.0,0.0,1775,1349.0,0.0,0.0,-2.17,23.11,0.0,0.0,164,0.0,0.0,0.0,one,SR,1
0,4966,623,0,0,20.6531,18.3322,0.0617,0.0,0.0,1505,1312.0,0.0,0.0,-4.53,22.59,0.0,0.0,137,0.0,0.0,0.0,one,SR,1
0,3342,7297,0,0,20.4646,18.2159,0.172,0.0,0.0,1463,1183.0,0.0,0.0,-3.33,20.77,0.0,0.0,33,0.0,0.0,0.0,one,SR,1
0,3669,9526,0,0,20.3725,18.1471,0.2108,0.0,0.0,1520,1139.0,0.0,0.0,-2.17,20.15,0.0,0.0,-1,0.0,0.0,0.0,one,SR,1
0,833,8800,0,0,20.3853,18.1606,0.1932,0.0,0.0,1967,1151.0,0.0,0.0,2.37,20.32,0.0,0.0,9,0.0,0.0,0.0,one,SR,1
0,2531,7700,0,0,20.4387,18.1865,0.1669,0.0,0.0,1606,1189.0,0.0,0.0,-1.9,20.85,0.0,0.0,40,0.0,0.0,0.0,one,SR,1
0,883,2239,0,0,20.563,18.2468,0.0825,0.0,0.0,1900,1294.0,0.0,0.0,-0.15,22.34,0.0,0.0,127,0.0,0.0,0.0,one,SR,1
0,4425,8841,0,0,20.4613,18.1818,0.1363,0.0,0.0,1525,1230.0,0.0,0.0,-3.28,21.43,0.0,0.0,76,0.0,0.0,0.0,one,SR,1
170,603,8724,0,0,19.6262,8.7024,9.5937,0.0,0.0,1712,2438.0,0.0,0.0,6.0,16.3,0.0,0.0,223,672.0,0.0,0.0,one,TR,1
0,226,7434,0,0,20.3044,18.0811,0.2045,0.0,0.0,2690,1142.0,0.0,0.0,10.08,20.19,0.0,0.0,6,0.0,0.0,0.0,one,SR,1
0,1545,2541,0,0,20.4052,18.1346,0.1401,0.0,0.0,1598,1221.0,0.0,0.0,-2.4,21.3,0.0,0.0,71,0.0,0.0,0.0,one,SR,1
0,1343,2821,0,0,20.3612,18.1078,0.1653,0.0,0.0,1614,1191.0,0.0,0.0,-1.85,20.88,0.0,0.0,47,0.0,0.0,0.0,one,SR,1
0,501,599,0,0,20.4808,18.1724,0.0846,0.0,0.0,1882,1287.0,0.0,0.0,-0.25,22.24,0.0,0.0,126,0.0,0.0,0.0,one,SR,1
0,671,4799,0,0,20.2919,18.0567,0.1825,0.0,0.0,1889,1166.0,0.0,0.0,1.36,20.53,0.0,0.0,29,0.0,0.0,0.0,one,SR,1
0,2492,4578,0,0,20.2986,18.0496,0.1623,0.0,0.0,1702,1190.0,0.0,0.0,-0.91,20.87,0.0,0.0,50,0.0,0.0,0.0,one,SR,1
0,780,3421,0,0,20.3738,18.0314,0.0395,0.0,0.0,1787,1343.0,0.0,0.0,-1.96,23.03,0.0,0.0,184,0.0,0.0,0.0,one,SR,1
0,2783,7513,0,0,20.059,17.8397,0.2104,0.0,0.0,2239,1135.0,0.0,0.0,5.43,20.09,0.0,0.0,17,0.0,0.0,0.0,one,SR,1
0,3329,4739,0,0,20.1136,17.8738,0.1757,0.0,0.0,2155,1174.0,0.0,0.0,4.05,20.64,0.0,0.0,48,0.0,0.0,0.0,one,SR,1
0,577,3265,0,0,20.0578,17.8096,0.1587,0.0,0.0,1889,1192.0,0.0,0.0,1.03,20.89,0.0,0.0,68,0.0,0.0,0.0,one,SR,1
247,3338,9900,0,0,19.5604,13.7974,4.1699,0.0,0.0,1890,2000.0,0.0,0.0,5.51,18.93,0.0,0.0,37,498.0,0.0,0.0,one,RT,1
0,4128,5095,0,0,20.0195,17.7657,0.16,0.0,0.0,1798,1195.0,0.0,0.0,0.04,20.94,0.0,0.0,74,0.0,0.0,0.0,one,SR,1
0,3118,199,0,0,19.8892,17.6915,0.2326,0.0,0.0,1414,1104.0,0.0,0.0,-2.84,19.65,0.0,0.0,0,0.0,0.0,0.0,one,SR,1
0,4046,9043,0,0,19.8966,17.6911,0.2306,0.0,0.0,1699,1111.0,0.0,0.0,0.06,19.75,0.0,0.0,6,0.0,0.0,0.0,one,SR,1
0,4072,449,0,0,20.0731,17.7966,0.122,0.0,0.0,2213,1238.0,0.0,0.0,3.85,21.55,0.0,0.0,109,0.0,0.0,0.0,one,SR,1
0,1258,5599,0,0,19.8899,17.6719,0.2077,0.0,0.0,1815,1136.0,0.0,0.0,0.96,20.1,0.0,0.0,29,0.0,0.0,0.0,one,SR,1
0,1393,5427,0,0,20.0575,17.7636,0.1153,0.0,0.0,1764,1255.0,0.0,0.0,-1.09,21.79,0.0,0.0,126,0.0,0.0,0.0,one,SR,1
0,1624,6966,0,0,20.0855,17.7738,0.0893,0.0,0.0,2211,1286.0,0.0,0.0,3.21,22.22,0.0,0.0,152,0.0,0.0,0.0,one,SR,1
0,4069,3023,0,0,19.8468,17.6268,0.2281,0.0,0.0,2139,1123.0,0.0,0.0,4.53,19.92,0.0,0.0,21,0.0,0.0,0.0,one,SR,1
0,2619,2686,0,0,20.1231,17.7963,0.0577,0.0,0.0,1729,1319.0,0.0,0.0,-2.27,22.69,0.0,0.0,179,0.0,0.0,0.0,one,SR,1
0,1257,6824,0,0,19.8314,17.6285,0.2251,0.0,0.0,1798,1113.0,0.0,0.0,1.08,19.78,0.0,0.0,12,0.0,0.0,0.0,one,SR,1
0,1042,1624,0,0,20.0893,17.7783,0.0716,0.0,0.0,1912,1298.0,0.0,0.0,-0.08,22.39,0.0,0.0,162,0.0,0.0,0.0,one,SR,1
0,3575,5859,0,0,20.1284,17.7958,0.0352,0.0,0.0,3197,1339.0,0.0,0.0,12.89,22.97,0.0,0.0,197,0.0,0.0,0.0,one,SR,1
0,2643,7327,0,0,19.836,17.6016,0.2071,0.0,0.0,1590,1148.0,0.0,0.0,-1.55,20.27,0.0,0.0,44,0.0,0.0,0.0,one,SR,1
0,2951,7264,0,0,19.7863,17.5817,0.2226,0.0,0.0,1835,1116.0,0.0,0.0,1.43,19.82,0.0,0.0,18,0.0,0.0,0.0,one,SR,1
0,273,6142,0,0,20.0247,17.7089,0.0878,0.0,0.0,1561,1290.0,0.0,0.0,-3.66,22.28,0.0,0.0,160,0.0,0.0,0.0,one,SR,1
0,4862,4026,0,0,19.9947,17.6834,0.0945,0.0,0.0,1435,1282.0,0.0,0.0,-4.88,22.17,0.0,0.0,155,0.0,0.0,0.0,one,SR,1
0,3811,4894,0,0,19.7072,17.5118,0.2501,0.0,0.0,1090,1090.0,0.0,0.0,-6.06,19.45,0.0,0.0,0,0.0,0.0,0.0,one,SR,1
0,2603,4095,0,0,19.7718,17.5173,0.1636,0.0,0.0,1647,1193.0,0.0,0.0,-1.52,20.91,0.0,0.0,89,0.0,0.0,0.0,one,SR,1
224,1987,5051,1463,0,39.8176,9.6781,17.8951,11.1122,0.0,1744,2063.0,1432.0,0.0,8.12,8.76,8.56,0.0,35,343.0,262.0,0.0,many,TR,2
78,3815,6343,0,0,19.1109,12.5953,5.068,0.0,0.0,1119,1956.0,0.0,0.0,-1.28,17.48,0.0,0.0,30,497.0,0.0,0.0,one,RT,1
0,3847,3517,0,0,19.589,17.3921,0.2573,0.0,0.0,1355,1086.0,0.0,0.0,-3.23,19.4,0.0,0.0,5,0.0,0.0,0.0,one,SR,1
0,1,1152,0,0,19.7018,17.4453,0.1699,0.0,0.0,2135,1190.0,0.0,0.0,3.64,20.87,0.0,0.0,91,0.0,0.0,0.0,one,SR,1
35,2087,9685,9289,3378,45.7659,16.9985,9.0457,9.0076,8.7873,1965,1365.0,1318.0,1327.0,3.29,9.6,9.27,9.4,24,270.0,255.0,267.0,many,RT,3
0,4518,4984,0,0,19.5621,17.3585,0.2428,0.0,0.0,1274,1101.0,0.0,0.0,-4.27,19.61,0.0,0.0,20,0.0,0.0,0.0,one,SR,1
0,701,979,0,0,19.9033,17.5665,0.0338,0.0,0.0,2126,1343.0,0.0,0.0,1.6,23.03,0.0,0.0,216,0.0,0.0,0.0,one,SR,1
0,2008,3675,0,0,19.9721,17.5965,0.0004,0.0,0.0,1778,1394.0,0.0,0.0,-2.71,23.75,0.0,0.0,258,0.0,0.0,0.0,one,SR,1
0,2104,3166,0,0,19.7408,17.4618,0.123,0.0,0.0,2735,1239.0,0.0,0.0,9.31,21.56,0.0,0.0,133,0.0,0.0,0.0,one,SR,1
0,2740,3111,0,0,19.8514,17.527,0.0567,0.0,0.0,1574,1318.0,0.0,0.0,-3.88,22.68,0.0,0.0,197,0.0,0.0,0.0,one,SR,1
0,458,8211,0,0,19.7438,17.4638,0.1169,0.0,0.0,2116,1244.0,0.0,0.0,2.75,21.63,0.0,0.0,137,0.0,0.0,0.0,one,SR,1
0,4944,9436,0,0,19.491,17.2918,0.2539,0.0,0.0,1612,1090.0,0.0,0.0,-0.58,19.45,0.0,0.0,15,0.0,0.0,0.0,one,SR,1
0,4549,6379,0,0,19.674,17.4073,0.1363,0.0,0.0,1409,1221.0,0.0,0.0,-4.38,21.3,0.0,0.0,121,0.0,0.0,0.0,one,SR,1
0,4672,5290,0,0,19.4996,17.2916,0.2316,0.0,0.0,2162,1112.0,0.0,0.0,4.91,19.76,0.0,0.0,34,0.0,0.0,0.0,one,SR,1
0,236,4623,0,0,19.4741,17.2772,0.2432,0.0,0.0,1606,1096.0,0.0,0.0,-0.72,19.54,0.0,0.0,21,0.0,0.0,0.0,one,SR,1
0,3637,2036,0,0,19.6451,17.3706,0.1483,0.0,0.0,1438,1218.0,0.0,0.0,-4.04,21.26,0.0,0.0,121,0.0,0.0,0.0,one,SR,1
0,4480,2504,0,0,19.4597,17.2698,0.2488,0.0,0.0,1687,1087.0,0.0,0.0,0.24,19.41,0.0,0.0,14,0.0,0.0,0.0,one,SR,1
0,1484,490,0,0,19.8006,17.465,0.0496,0.0,0.0,2347,1331.0,0.0,0.0,4.07,22.86,0.0,0.0,212,0.0,0.0,0.0,one,SR,1
0,148,6467,0,0,19.6685,17.3756,0.1073,0.0,0.0,1674,1260.0,0.0,0.0,-2.09,21.86,0.0,0.0,157,0.0,0.0,0.0,one,SR,1
0,155,3910,0,0,19.3935,17.206,0.2663,0.0,0.0,1970,1073.0,0.0,0.0,3.39,19.21,0.0,0.0,6,0.0,0.0,0.0,one,SR,1
0,793,8695,0,0,19.4738,17.2612,0.2108,0.0,0.0,1607,1130.0,0.0,0.0,-1.14,20.02,0.0,0.0,52,0.0,0.0,0.0,one,SR,1
0,993,9551,0,0,19.5809,17.318,0.1466,0.0,0.0,1668,1211.0,0.0,0.0,-1.53,21.16,0.0,0.0,118,0.0,0.0,0.0,one,SR,1
0,1095,8808,0,0,19.5184,17.2846,0.1797,0.0,0.0,1904,1167.0,0.0,0.0,1.5,20.54,0.0,0.0,82,0.0,0.0,0.0,one,SR,1
0,2635,7432,0,0,19.6919,17.3739,0.0659,0.0,0.0,2128,1307.0,0.0,0.0,2.08,22.52,0.0,0.0,198,0.0,0.0,0.0,one,SR,1
0,920,5592,0,0,19.3898,17.1967,0.2394,0.0,0.0,1685,1096.0,0.0,0.0,0.11,19.54,0.0,0.0,27,0.0,0.0,0.0,one,SR,1
0,51,1293,0,0,19.5208,17.258,0.1421,0.0,0.0,1740,1214.0,0.0,0.0,-0.82,21.21,0.0,0.0,125,0.0,0.0,0.0,one,SR,1
0,4655,828,0,0,19.5698,17.2782,0.1046,0.0,0.0,2079,1261.0,0.0,0.0,2.15,21.87,0.0,0.0,164,0.0,0.0,0.0,one,SR,1
0,1926,3371,0,0,19.6017,17.2948,0.0775,0.0,0.0,1743,1291.0,0.0,0.0,-1.76,22.29,0.0,0.0,189,0.0,0.0,0.0,one,SR,1
257,3516,4535,491,0,46.5937,13.2748,13.1979,18.6384,0.0,1235,2237.0,1960.0,0.0,-0.38,11.39,11.44,0.0,5,594.0,69.0,0.0,many,TR,2
0,1748,5183,0,0,19.6023,17.2855,0.0817,0.0,0.0,1833,1295.0,0.0,0.0,-0.87,22.35,0.0,0.0,193,0.0,0.0,0.0,one,SR,1
0,4052,7333,0,0,19.3927,17.1515,0.197,0.0,0.0,1829,1160.0,0.0,0.0,0.81,20.44,0.0,0.0,85,0.0,0.0,0.0,one,SR,1
0,4942,1630,0,0,19.3042,17.0999,0.2463,0.0,0.0,1823,1099.0,0.0,0.0,1.52,19.58,0.0,0.0,36,0.0,0.0,0.0,one,SR,1
0,2538,8811,0,0,19.3015,17.0937,0.2272,0.0,0.0,1871,1115.0,0.0,0.0,1.82,19.81,0.0,0.0,50,0.0,0.0,0.0,one,SR,1
0,3730,7497,0,0,19.3317,17.1038,0.2119,0.0,0.0,1783,1140.0,0.0,0.0,0.58,20.16,0.0,0.0,71,0.0,0.0,0.0,one,SR,1
0,4373,9098,0,0,19.6388,17.2896,0.025,0.0,0.0,2550,1358.0,0.0,0.0,5.86,23.24,0.0,0.0,248,0.0,0.0,0.0,one,SR,1
0,2057,4852,0,0,19.5139,17.2074,0.0827,0.0,0.0,1808,1287.0,0.0,0.0,-1.03,22.24,0.0,0.0,192,0.0,0.0,0.0,one,SR,1
0,2522,4913,0,0,19.5865,17.2419,0.0317,0.0,0.0,1814,1350.0,0.0,0.0,-1.77,23.13,0.0,0.0,244,0.0,0.0,0.0,one,SR,1
0,2845,9741,0,0,19.5971,17.2441,0.0288,0.0,0.0,2503,1358.0,0.0,0.0,5.36,23.24,0.0,0.0,251,0.0,0.0,0.0,one,SR,1
0,1741,6081,0,0,19.2376,17.0343,0.2339,0.0,0.0,1681,1107.0,0.0,0.0,-0.07,19.69,0.0,0.0,47,0.0,0.0,0.0,one,SR,1
0,396,8571,0,0,19.301,17.0714,0.1953,0.0,0.0,1866,1153.0,0.0,0.0,1.28,20.34,0.0,0.0,85,0.0,0.0,0.0,one,SR,1
0,2683,5890,0,0,19.2101,17.0074,0.2533,0.0,0.0,1641,1093.0,0.0,0.0,-0.32,19.5,0.0,0.0,37,0.0,0.0,0.0,one,SR,1
0,2074,9481,0,0,19.2336,17.0281,0.2306,0.0,0.0,1633,1111.0,0.0,0.0,-0.63,19.75,0.0,0.0,51,0.0,0.0,0.0,one,SR,1
0,177,3854,0,0,19.2235,17.0246,0.231,0.0,0.0,2166,1106.0,0.0,0.0,5.03,19.68,0.0,0.0,47,0.0,0.0,0.0,one,SR,1
0,4546,6385,0,0,19.3545,17.0811,0.15,0.0,0.0,2153,1216.0,0.0,0.0,3.5,21.23,0.0,0.0,139,0.0,0.0,0.0,one,SR,1
0,3888,8127,0,0,19.1528,16.9657,0.2574,0.0,0.0,1720,1079.0,0.0,0.0,0.69,19.3,0.0,0.0,28,0.0,0.0,0.0,one,SR,1
0,4441,6092,0,0,19.1901,16.9673,0.2239,0.0,0.0,2032,1128.0,0.0,0.0,3.35,19.99,0.0,0.0,70,0.0,0.0,0.0,one,SR,1
247,3716,2355,0,0,18.8353,12.0939,5.0888,0.0,0.0,1990,2309.0,0.0,0.0,6.02,19.53,0.0,0.0,190,647.0,0.0,0.0,one,RT,1
0,1349,8163,0,0,19.1063,16.9157,0.2524,0.0,0.0,2018,1085.0,0.0,0.0,3.75,19.38,0.0,0.0,36,0.0,0.0,0.0,one,SR,1
0,2564,4083,0,0,19.4487,17.1125,0.0487,0.0,0.0,1909,1332.0,0.0,0.0,-0.54,22.87,0.0,0.0,237,0.0,0.0,0.0,one,SR,1
0,2902,8410,0,0,19.0147,16.8305,0.2757,0.0,0.0,1422,1064.0,0.0,0.0,-2.25,19.08,0.0,0.0,24,0.0,0.0,0.0,one,SR,1
0,184,2651,0,0,19.1612,16.9114,0.1844,0.0,0.0,1759,1175.0,0.0,0.0,-0.12,20.65,0.0,0.0,115,0.0,0.0,0.0,one,SR,1
0,371,1730,0,0,19.0855,16.8639,0.207,0.0,0.0,1720,1139.0,0.0,0.0,-0.07,20.15,0.0,0.0,87,0.0,0.0,0.0,one,SR,1
0,4037,2357,0,0,19.336,16.9993,0.0479,0.0,0.0,1762,1333.0,0.0,0.0,-2.1,22.89,0.0,0.0,246,0.0,0.0,0.0,one,SR,1
0,3179,3069,0,0,18.9517,16.767,0.2705,0.0,0.0,1771,1068.0,0.0,0.0,1.37,19.14,0.0,0.0,32,0.0,0.0,0.0,one,SR,1
0,3511,7105,0,0,18.8991,16.7299,0.2932,0.0,0.0,1440,1041.0,0.0,0.0,-1.76,18.76,0.0,0.0,11,0.0,0.0,0.0,one,SR,1
0,4883,2729,0,0,18.9198,16.7409,0.2789,0.0,0.0,1788,1058.0,0.0,0.0,1.67,19.0,0.0,0.0,25,0.0,0.0,0.0,one,SR,1
0,3991,4329,0,0,19.2797,16.9609,0.0554,0.0,0.0,1712,1315.0,0.0,0.0,-2.39,22.63,0.0,0.0,233,0.0,0.0,0.0,one,SR,1
0,1925,689,0,0,19.1482,16.87,0.1336,0.0,0.0,1705,1231.0,0.0,0.0,-1.4,21.45,0.0,0.0,166,0.0,0.0,0.0,one,SR,1
0,2273,58,0,0,19.0487,16.8109,0.1879,0.0,0.0,2344,1164.0,0.0,0.0,6.16,20.5,0.0,0.0,112,0.0,0.0,0.0,one,SR,1
0,2393,9112,0,0,18.9224,16.7293,0.2676,0.0,0.0,1319,1076.0,0.0,0.0,-3.48,19.25,0.0,0.0,41,0.0,0.0,0.0,one,SR,1
0,3978,1602,0,0,19.3465,16.9831,0.0137,0.0,0.0,1970,1376.0,0.0,0.0,-0.46,23.5,0.0,0.0,284,0.0,0.0,0.0,one,SR,1
0,3133,5519,0,0,19.009,16.7708,0.1827,0.0,0.0,1314,1168.0,0.0,0.0,-4.7,20.56,0.0,0.0,118,0.0,0.0,0.0,one,SR,1
0,4091,1817,0,0,18.8393,16.6594,0.2728,0.0,0.0,1807,1063.0,0.0,0.0,1.81,19.07,0.0,0.0,35,0.0,0.0,0.0,one,SR,1
0,1272,8613,0,0,18.8857,16.6901,0.2404,0.0,0.0,1894,1097.0,0.0,0.0,2.29,19.55,0.0,0.0,62,0.0,0.0,0.0,one,SR,1
0,440,7935,0,0,19.0726,16.7915,0.1294,0.0,0.0,1552,1236.0,0.0,0.0,-3.07,21.52,0.0,0.0,176,0.0,0.0,0.0,one,SR,1
0,1215,9842,0,0,18.8257,16.6409,0.2749,0.0,0.0,1383,1065.0,0.0,0.0,-2.67,19.1,0.0,0.0,38,0.0,0.0,0.0,one,SR,1
0,3077,685,0,0,18.7503,16.585,0.3035,0.0,0.0,2281,1031.0,0.0,0.0,7.19,18.62,0.0,0.0,12,0.0,0.0,0.0,one,SR,1
0,2924,4695,0,0,18.8032,16.613,0.2718,0.0,0.0,1271,1071.0,0.0,0.0,-3.92,19.18,0.0,0.0,45,0.0,0.0,0.0,one,SR,1
0,70,4223,0,0,18.8583,16.6341,0.1984,0.0,0.0,1314,1147.0,0.0,0.0,-4.44,20.26,0.0,0.0,109,0.0,0.0,0.0,one,SR,1
0,924,8820,0,0,19.0413,16.7269,0.0665,0.0,0.0,1784,1304.0,0.0,0.0,-1.5,22.48,0.0,0.0,239,0.0,0.0,0.0,one,SR,1
0,3460,8671,0,0,18.6925,16.5132,0.2736,0.0,0.0,2477,1062.0,0.0,0.0,8.86,19.06,0.0,0.0,44,0.0,0.0,0.0,one,SR,1
0,1758,1505,0,0,19.0174,16.6971,0.0626,0.0,0.0,1877,1311.0,0.0,0.0,-0.61,22.58,0.0,0.0,247,0.0,0.0,0.0,one,SR,1
0,2511,6314,0,0,18.9176,16.6322,0.1182,0.0,0.0,1694,1247.0,0.0,0.0,-1.72,21.67,0.0,0.0,196,0.0,0.0,0.0,one,SR,1
0,921,6805,0,0,18.6792,16.4841,0.2598,0.0,0.0,1366,1083.0,0.0,0.0,-3.08,19.35,0.0,0.0,64,0.0,0.0,0.0,one,SR,1
0,532,4398,0,0,18.6516,16.4462,0.2447,0.0,0.0,1934,1101.0,0.0,0.0,2.66,19.61,0.0,0.0,82,0.0,0.0,0.0,one,SR,1
0,731,9941,0,0,18.5016,16.3562,0.3232,0.0,0.0,2264,1003.0,0.0,0.0,7.37,18.22,0.0,0.0,3,0.0,0.0,0.0,one,SR,1
0,698,7646,0,0,18.5391,16.3803,0.2942,0.0,0.0,1269,1033.0,0.0,0.0,-3.46,18.65,0.0,0.0,28,0.0,0.0,0.0,one,SR,1
0,1359,1385,0,0,18.5746,16.3909,0.2766,0.0,0.0,2455,1063.0,0.0,0.0,8.61,19.07,0.0,0.0,53,0.0,0.0,0.0,one,SR,1
0,3683,1401,0,0,18.5642,16.3734,0.2709,0.0,0.0,1451,1072.0,0.0,0.0,-2.04,19.2,0.0,0.0,62,0.0,0.0,0.0,one,SR,1
0,2699,3293,0,0,18.5515,16.3493,0.2541,0.0,0.0,1364,1092.0,0.0,0.0,-3.21,19.48,0.0,0.0,81,0.0,0.0,0.0,one,SR,1
0,4915,5492,0,0,18.4178,16.2727,0.3143,0.0,0.0,1989,1009.0,0.0,0.0,4.41,18.31,0.0,0.0,14,0.0,0.0,0.0,one,SR,1
0,3870,622,0,0,18.409,16.2504,0.318,0.0,0.0,1576,1016.0,0.0,0.0,-0.02,18.41,0.0,0.0,22,0.0,0.0,0.0,one,SR,1
0,4417,6825,0,0,18.6818,16.4108,0.1348,0.0,0.0,1571,1225.0,0.0,0.0,-2.73,21.36,0.0,0.0,192,0.0,0.0,0.0,one,SR,1
0,2222,5923,0,0,18.4392,16.2643,0.2707,0.0,0.0,1575,1061.0,0.0,0.0,-0.6,19.04,0.0,0.0,60,0.0,0.0,0.0,one,SR,1
0,751,188,0,0,18.7624,16.4568,0.0747,0.0,0.0,1791,1292.0,0.0,0.0,-1.27,22.31,0.0,0.0,247,0.0,0.0,0.0,one,SR,1
0,4157,4242,0,0,18.6654,16.3957,0.1321,0.0,0.0,1689,1226.0,0.0,0.0,-1.5,21.38,0.0,0.0,194,0.0,0.0,0.0,one,SR,1
0,2811,5137,0,0,18.5283,16.3128,0.2066,0.0,0.0,1639,1135.0,0.0,0.0,-0.87,20.09,0.0,0.0,121,0.0,0.0,0.0,one,SR,1
0,1243,478,0,0,18.3619,16.2041,0.3144,0.0,0.0,1458,1018.0,0.0,0.0,-1.28,18.43,0.0,0.0,27,0.0,0.0,0.0,one,SR,1
0,1027,8370,0,0,18.4124,16.2324,0.2772,0.0,0.0,1535,1060.0,0.0,0.0,-1.01,19.03,0.0,0.0,61,0.0,0.0,0.0,one,SR,1
0,2946,5922,0,0,18.3006,16.1573,0.331,0.0,0.0,1288,996.0,0.0,0.0,-2.79,18.12,0.0,0.0,11,0.0,0.0,0.0,one,SR,1
0,573,1584,0,0,18.4443,16.2483,0.2352,0.0,0.0,1582,1101.0,0.0,0.0,-1.04,19.61,0.0,0.0,96,0.0,0.0,0.0,one,SR,1
0,3359,7678,0,0,18.7328,16.4068,0.0683,0.0,0.0,2067,1311.0,0.0,0.0,1.38,22.58,0.0,0.0,267,0.0,0.0,0.0,one,SR,1
0,842,72,0,0,18.2916,16.1461,0.3091,0.0,0.0,1490,1013.0,0.0,0.0,-0.88,18.36,0.0,0.0,26,0.0,0.0,0.0,one,SR,1
0,724,794,0,0,18.6408,16.3289,0.0796,0.0,0.0,1913,1293.0,0.0,0.0,-0.0,22.32,0.0,0.0,257,0.0,0.0,0.0,one,SR,1
0,71,4950,0,0,18.6892,16.3593,0.0439,0.0,0.0,1838,1331.0,0.0,0.0,-1.28,22.86,0.0,0.0,288,0.0,0.0,0.0,one,SR,1
0,1886,6239,0,0,18.7053,16.3594,0.0344,0.0,0.0,2157,1349.0,0.0,0.0,1.85,23.11,0.0,0.0,303,0.0,0.0,0.0,one,SR,1
0,3914,628,0,0,18.6279,16.3123,0.0649,0.0,0.0,1671,1306.0,0.0,0.0,-2.71,22.51,0.0,0.0,269,0.0,0.0,0.0,one,SR,1
66,2101,9711,2179,0,26.5058,16.2805,4.0764,4.1549,0.0,1480,1213.0,1220.0,0.0,-2.41,11.99,11.95,0.0,114,302.0,305.0,0.0,many,TR,2
0,600,570,0,0,18.301,16.1112,0.2488,0.0,0.0,1364,1087.0,0.0,0.0,-3.15,19.41,0.0,0.0,93,0.0,0.0,0.0,one,SR,1
0,4107,8369,0,0,18.3224,16.1198,0.2348,0.0,0.0,1835,1106.0,0.0,0.0,1.56,19.68,0.0,0.0,109,0.0,0.0,0.0,one,SR,1
0,3080,7218,0,0,18.1298,16.0048,0.3437,0.0,0.0,1400,974.0,0.0,0.0,-1.33,17.81,0.0,0.0,2,0.0,0.0,0.0,one,SR,1
0,3496,303,0,0,18.1701,16.0229,0.3066,0.0,0.0,1433,1016.0,0.0,0.0,-1.52,18.41,0.0,0.0,37,0.0,0.0,0.0,one,SR,1
0,4834,700,0,0,18.2857,16.0838,0.2453,0.0,0.0,1374,1098.0,0.0,0.0,-3.18,19.57,0.0,0.0,104,0.0,0.0,0.0,one,SR,1
0,767,3782,0,0,18.1699,15.9928,0.2814,0.0,0.0,1315,1055.0,0.0,0.0,-3.25,18.96,0.0,0.0,73,0.0,0.0,0.0,one,SR,1
0,4216,3182,0,0,18.1876,16.0083,0.2595,0.0,0.0,1999,1072.0,0.0,0.0,3.71,19.2,0.0,0.0,87,0.0,0.0,0.0,one,SR,1
0,4591,37,0,0,18.2008,15.9962,0.2226,0.0,0.0,1700,1116.0,0.0,0.0,0.01,19.82,0.0,0.0,126,0.0,0.0,0.0,one,SR,1
0,377,7114,0,0,18.1754,15.9746,0.2329,0.0,0.0,1362,1106.0,0.0,0.0,-3.41,19.68,0.0,0.0,119,0.0,0.0,0.0,one,SR,1
0,140,7707,0,0,18.2135,15.995,0.2068,0.0,0.0,1519,1137.0,0.0,0.0,-2.16,20.12,0.0,0.0,144,0.0,0.0,0.0,one,SR,1
43,186,1451,0,0,16.8562,5.9469,10.2494,0.0,0.0,1505,1733.0,0.0,0.0,9.86,10.6,0.0,0.0,0,424.0,0.0,0.0,one,RT,1
0,3532,9537,0,0,18.1279,15.9235,0.2463,0.0,0.0,1447,1099.0,0.0,0.0,-2.43,19.58,0.0,0.0,116,0.0,0.0,0.0,one,SR,1
0,1309,1662,0,0,18.1424,15.9296,0.2293,0.0,0.0,1637,1117.0,0.0,0.0,-0.66,19.83,0.0,0.0,131,0.0,0.0,0.0,one,SR,1
0,4729,5453,0,0,18.1545,15.9388,0.211,0.0,0.0,1730,1132.0,0.0,0.0,0.12,20.05,0.0,0.0,144,0.0,0.0,0.0,one,SR,1
0,2756,4901,0,0,18.0904,15.8901,0.2522,0.0,0.0,1224,1092.0,0.0,0.0,-4.68,19.48,0.0,0.0,112,0.0,0.0,0.0,one,SR,1
0,1671,4228,0,0,18.0007,15.8278,0.297,0.0,0.0,1253,1041.0,0.0,0.0,-3.73,18.76,0.0,0.0,72,0.0,0.0,0.0,one,SR,1
0,4161,8228,0,0,18.0861,15.8772,0.2396,0.0,0.0,1721,1107.0,0.0,0.0,0.35,19.69,0.0,0.0,126,0.0,0.0,0.0,one,SR,1
0,2098,5207,0,0,18.3313,16.0202,0.0901,0.0,0.0,1785,1285.0,0.0,0.0,-1.25,22.21,0.0,0.0,271,0.0,0.0,0.0,one,SR,1
0,2029,7904,0,0,18.3939,16.0589,0.0504,0.0,0.0,2115,1330.0,0.0,0.0,1.65,22.85,0.0,0.0,307,0.0,0.0,0.0,one,SR,1
0,1424,2900,0,0,18.1436,15.9068,0.194,0.0,0.0,1428,1159.0,0.0,0.0,-3.39,20.43,0.0,0.0,169,0.0,0.0,0.0,one,SR,1
0,2119,1337,0,0,17.9436,15.7865,0.3108,0.0,0.0,2252,1020.0,0.0,0.0,7.03,18.46,0.0,0.0,57,0.0,0.0,0.0,one,SR,1
0,3713,1450,0,0,17.8852,15.7499,0.3286,0.0,0.0,1190,992.0,0.0,0.0,-3.77,18.07,0.0,0.0,35,0.0,0.0,0.0,one,SR,1
0,892,5674,0,0,17.9715,15.79,0.2844,0.0,0.0,1725,1056.0,0.0,0.0,1.04,18.97,0.0,0.0,88,0.0,0.0,0.0,one,SR,1
49,723,3028,0,0,22.569,13.2658,7.6337,0.0,0.0,1343,2570.0,0.0,0.0,-0.92,19.7,0.0,0.0,120,690.0,0.0,0.0,one,RT,1
0,1239,6690,0,0,17.8582,15.7199,0.3429,0.0,0.0,1088,984.0,0.0,0.0,-4.73,17.95,0.0,0.0,30,0.0,0.0,0.0,one,SR,1
0,2106,5885,0,0,18.1328,15.8886,0.1646,0.0,0.0,1984,1185.0,0.0,0.0,2.12,20.8,0.0,0.0,193,0.0,0.0,0.0,one,SR,1
0,1295,3933,0,0,17.861,15.7145,0.3215,0.0,0.0,1422,1005.0,0.0,0.0,-1.49,18.25,0.0,0.0,49,0.0,0.0,0.0,one,SR,1
0,986,2627,0,0,17.8532,15.7026,0.3297,0.0,0.0,1860,1002.0,0.0,0.0,3.14,18.21,0.0,0.0,47,0.0,0.0,0.0,one,SR,1
0,4496,1772,0,0,18.1749,15.8857,0.122,0.0,0.0,1703,1247.0,0.0,0.0,-1.62,21.67,0.0,0.0,247,0.0,0.0,0.0,one,SR,1
0,4027,1225,0,0,18.1027,15.8392,0.1457,0.0,0.0,1852,1212.0,0.0,0.0,0.39,21.18,0.0,0.0,220,0.0,0.0,0.0,one,SR,1
0,2873,217,0,0,17.9683,15.7523,0.2199,0.0,0.0,1791,1126.0,0.0,0.0,0.84,19.96,0.0,0.0,151,0.0,0.0,0.0,one,SR,1
0,2713,3595,0,0,17.6995,15.5616,0.3341,0.0,0.0,1666,990.0,0.0,0.0,1.26,18.04,0.0,0.0,46,0.0,0.0,0.0,one,SR,1
0,4262,8902,0,0,17.9899,15.7194,0.1542,0.0,0.0,1539,1211.0,0.0,0.0,-2.89,21.16,0.0,0.0,227,0.0,0.0,0.0,one,SR,1
0,3873,2174,0,0,17.7948,15.6065,0.2558,0.0,0.0,2318,1081.0,0.0,0.0,6.95,19.33,0.0,0.0,122,0.0,0.0,0.0,one,SR,1
0,4294,2928,0,0,17.6568,15.5143,0.3415,0.0,0.0,1796,988.0,0.0,0.0,2.65,18.01,0.0,0.0,48,0.0,0.0,0.0,one,SR,1
0,1509,11,0,0,17.9213,15.6727,0.1676,0.0,0.0,2416,1186.0,0.0,0.0,6.64,20.81,0.0,0.0,209,0.0,0.0,0.0,one,SR,1
0,375,2097,0,0,17.5627,15.4539,0.3814,0.0,0.0,1117,936.0,0.0,0.0,-3.82,17.28,0.0,0.0,7,0.0,0.0,0.0,one,SR,1
0,361,815,0,0,17.5155,15.3997,0.3713,0.0,0.0,1309,948.0,0.0,0.0,-1.96,17.44,0.0,0.0,21,0.0,0.0,0.0,one,SR,1
0,4445,4567,0,0,17.8508,15.5946,0.1611,0.0,0.0,1385,1196.0,0.0,0.0,-4.31,20.95,0.0,0.0,223,0.0,0.0,0.0,one,SR,1
0,1861,5929,0,0,17.4375,15.3454,0.3872,0.0,0.0,1891,920.0,0.0,0.0,4.51,17.05,0.0,0.0,0,0.0,0.0,0.0,one,SR,1
0,540,6912,0,0,17.7151,15.4978,0.2226,0.0,0.0,1590,1125.0,0.0,0.0,-1.26,19.95,0.0,0.0,168,0.0,0.0,0.0,one,SR,1
0,2438,1989,0,0,17.6969,15.4902,0.2289,0.0,0.0,1661,1113.0,0.0,0.0,-0.36,19.78,0.0,0.0,158,0.0,0.0,0.0,one,SR,1
0,2280,1599,0,0,17.6359,15.4499,0.2591,0.0,0.0,1791,1077.0,0.0,0.0,1.46,19.27,0.0,0.0,129,0.0,0.0,0.0,one,SR,1
0,2316,9318,0,0,17.7597,15.5121,0.1737,0.0,0.0,1534,1181.0,0.0,0.0,-2.56,20.74,0.0,0.0,215,0.0,0.0,0.0,one,SR,1
0,3687,2094,0,0,17.3893,15.2835,0.3952,0.0,0.0,1205,924.0,0.0,0.0,-2.74,17.11,0.0,0.0,8,0.0,0.0,0.0,one,SR,1
0,74,6481,0,0,17.3745,15.276,0.3965,0.0,0.0,1202,918.0,0.0,0.0,-2.7,17.02,0.0,0.0,3,0.0,0.0,0.0,one,SR,1
0,343,9374,0,0,17.4244,15.307,0.3502,0.0,0.0,1220,964.0,0.0,0.0,-3.09,17.67,0.0,0.0,41,0.0,0.0,0.0,one,SR,1
0,1895,9088,0,0,17.5542,15.3759,0.2797,0.0,0.0,1755,1057.0,0.0,0.0,1.34,18.99,0.0,0.0,117,0.0,0.0,0.0,one,SR,1
0,980,5164,0,0,17.3575,15.2628,0.3927,0.0,0.0,1155,918.0,0.0,0.0,-3.19,17.02,0.0,0.0,4,0.0,0.0,0.0,one,SR,1
0,3568,1670,0,0,17.8078,15.5276,0.1214,0.0,0.0,1654,1241.0,0.0,0.0,-2.06,21.59,0.0,0.0,266,0.0,0.0,0.0,one,SR,1
0,1447,9022,0,0,17.392,15.277,0.3677,0.0,0.0,1527,950.0,0.0,0.0,0.31,17.47,0.0,0.0,31,0.0,0.0,0.0,one,SR,1
0,4735,4699,0,0,17.5618,15.367,0.265,0.0,0.0,1580,1079.0,0.0,0.0,-0.78,19.3,0.0,0.0,137,0.0,0.0,0.0,one,SR,1
0,3470,7241,0,0,17.6411,15.4119,0.2146,0.0,0.0,1458,1139.0,0.0,0.0,-2.82,20.15,0.0,0.0,186,0.0,0.0,0.0,one,SR,1
0,1495,2462,0,0,17.3768,15.2494,0.3589,0.0,0.0,1347,965.0,0.0,0.0,-1.77,17.69,0.0,0.0,46,0.0,0.0,0.0,one,SR,1
0,4461,982,0,0,17.3204,15.2054,0.3818,0.0,0.0,1172,940.0,0.0,0.0,-3.29,17.33,0.0,0.0,27,0.0,0.0,0.0,one,SR,1
0,129,7012,0,0,17.674,15.4204,0.1556,0.0,0.0,1611,1198.0,0.0,0.0,-1.97,20.98,0.0,0.0,236,0.0,0.0,0.0,one,SR,1
0,2803,6995,0,0,17.4668,15.2915,0.2654,0.0,0.0,1217,1065.0,0.0,0.0,-4.41,19.1,0.0,0.0,130,0.0,0.0,0.0,one,SR,1
0,3960,2969,0,0,17.5569,15.3432,0.2091,0.0,0.0,1315,1132.0,0.0,0.0,-4.23,20.05,0.0,0.0,184,0.0,0.0,0.0,one,SR,1
0,4649,6345,0,0,17.235,15.1448,0.3994,0.0,0.0,1131,910.0,0.0,0.0,-3.34,16.91,0.0,0.0,5,0.0,0.0,0.0,one,SR,1
0,3108,9352,0,0,17.5472,15.3233,0.2037,0.0,0.0,1490,1143.0,0.0,0.0,-2.54,20.2,0.0,0.0,195,0.0,0.0,0.0,one,SR,1
0,31,7536,0,0,17.2134,15.1288,0.3981,0.0,0.0,1392,907.0,0.0,0.0,-0.56,16.86,0.0,0.0,4,0.0,0.0,0.0,one,SR,1
0,266,8622,0,0,17.5204,15.3067,0.2091,0.0,0.0,1908,1132.0,0.0,0.0,1.99,20.05,0.0,0.0,187,0.0,0.0,0.0,one,SR,1
0,4918,6290,0,0,17.3168,15.1776,0.3183,0.0,0.0,1398,1002.0,0.0,0.0,-1.71,18.21,0.0,0.0,83,0.0,0.0,0.0,one,SR,1
0,4025,7281,0,0,17.2039,15.1002,0.3889,0.0,0.0,1174,927.0,0.0,0.0,-3.11,17.15,0.0,0.0,23,0.0,0.0,0.0,one,SR,1
0,2686,7250,0,0,17.1724,15.0808,0.4066,0.0,0.0,1125,906.0,0.0,0.0,-3.35,16.85,0.0,0.0,6,0.0,0.0,0.0,one,SR,1
0,4230,3619,0,0,17.2725,15.13,0.3415,0.0,0.0,1249,988.0,0.0,0.0,-3.09,18.01,0.0,0.0,74,0.0,0.0,0.0,one,SR,1
0,4823,2361,0,0,17.1653,15.0654,0.3992,0.0,0.0,1383,917.0,0.0,0.0,-0.78,17.01,0.0,0.0,17,0.0,0.0,0.0,one,SR,1
0,4671,6703,0,0,17.2932,15.1399,0.3211,0.0,0.0,1276,1010.0,0.0,0.0,-3.09,18.32,0.0,0.0,92,0.0,0.0,0.0,one,SR,1
0,1086,8772,0,0,17.2517,15.1166,0.3383,0.0,0.0,1240,985.0,0.0,0.0,-3.15,17.97,0.0,0.0,72,0.0,0.0,0.0,one,SR,1
0,3954,1858,0,0,17.3828,15.1859,0.2432,0.0,0.0,1512,1096.0,0.0,0.0,-1.71,19.54,0.0,0.0,164,0.0,0.0,0.0,one,SR,1
0,2000,9908,0,0,17.3124,15.1337,0.2886,0.0,0.0,1608,1051.0,0.0,0.0,-0.13,18.9,0.0,0.0,128,0.0,0.0,0.0,one,SR,1
0,3037,4526,0,0,17.1379,15.0406,0.3796,0.0,0.0,1162,929.0,0.0,0.0,-3.26,17.18,0.0,0.0,29,0.0,0.0,0.0,one,SR,1
0,4221,4037,0,0,17.1962,15.0605,0.3375,0.0,0.0,1616,986.0,0.0,0.0,0.78,17.98,0.0,0.0,77,0.0,0.0,0.0,one,SR,1
0,1533,3287,0,0,17.1551,15.0275,0.3492,0.0,0.0,1428,972.0,0.0,0.0,-1.01,17.78,0.0,0.0,67,0.0,0.0,0.0,one,SR,1
0,1443,9240,0,0,17.3245,15.1255,0.2495,0.0,0.0,1463,1093.0,0.0,0.0,-2.18,19.5,0.0,0.0,165,0.0,0.0,0.0,one,SR,1
0,1817,7862,0,0,17.2934,15.105,0.2602,0.0,0.0,1155,1078.0,0.0,0.0,-5.23,19.28,0.0,0.0,154,0.0,0.0,0.0,one,SR,1
0,1729,8198,0,0,17.113,14.9915,0.3629,0.0,0.0,1454,958.0,0.0,0.0,-0.56,17.59,0.0,0.0,57,0.0,0.0,0.0,one,SR,1
0,4263,9656,0,0,17.575,15.2679,0.0819,0.0,0.0,2171,1288.0,0.0,0.0,2.77,22.25,0.0,0.0,325,0.0,0.0,0.0,one,SR,1
0,1449,9503,0,0,17.4127,15.1695,0.1707,0.0,0.0,2133,1180.0,0.0,0.0,3.74,20.73,0.0,0.0,238,0.0,0.0,0.0,one,SR,1
0,4340,2789,0,0,16.9949,14.9123,0.4244,0.0,0.0,1315,887.0,0.0,0.0,-1.12,16.58,0.0,0.0,1,0.0,0.0,0.0,one,SR,1
0,316,6654,0,0,16.9803,14.9045,0.4204,0.0,0.0,1111,885.0,0.0,0.0,-3.23,16.55,0.0,0.0,0,0.0,0.0,0.0,one,SR,1
0,3852,7451,0,0,17.1316,14.9864,0.3188,0.0,0.0,1538,1006.0,0.0,0.0,-0.29,18.26,0.0,0.0,99,0.0,0.0,0.0,one,SR,1
0,1653,6291,0,0,16.9868,14.8845,0.4003,0.0,0.0,1447,918.0,0.0,0.0,-0.12,17.02,0.0,0.0,30,0.0,0.0,0.0,one,SR,1
0,1350,8193,0,0,17.6456,15.2723,0.0038,0.0,0.0,2485,1390.0,0.0,0.0,4.77,23.69,0.0,0.0,413,0.0,0.0,0.0,one,SR,1
0,4644,4101,0,0,17.0038,14.8942,0.3708,0.0,0.0,1782,944.0,0.0,0.0,3.06,17.39,0.0,0.0,52,0.0,0.0,0.0,one,SR,1
0,589,4438,0,0,17.2476,15.0424,0.2217,0.0,0.0,1355,1117.0,0.0,0.0,-3.62,19.83,0.0,0.0,192,0.0,0.0,0.0,one,SR,1
0,2400,8633,0,0,16.9646,14.8601,0.3784,0.0,0.0,1110,935.0,0.0,0.0,-3.88,17.26,0.0,0.0,46,0.0,0.0,0.0,one,SR,1
0,233,8111,0,0,17.1153,14.9471,0.2852,0.0,0.0,1595,1046.0,0.0,0.0,-0.2,18.83,0.0,0.0,137,0.0,0.0,0.0,one,SR,1
0,3142,3700,0,0,17.0533,14.9033,0.3165,0.0,0.0,1366,1011.0,0.0,0.0,-2.16,18.34,0.0,0.0,109,0.0,0.0,0.0,one,SR,1
0,3221,4294,0,0,17.3807,15.0788,0.1035,0.0,0.0,1994,1269.0,0.0,0.0,1.15,21.98,0.0,0.0,321,0.0,0.0,0.0,one,SR,1
0,1007,1762,0,0,16.9015,14.7972,0.374,0.0,0.0,1081,938.0,0.0,0.0,-4.22,17.3,0.0,0.0,53,0.0,0.0,0.0,one,SR,1
0,1253,7870,0,0,16.837,14.7445,0.4146,0.0,0.0,1211,901.0,0.0,0.0,-2.39,16.78,0.0,0.0,25,0.0,0.0,0.0,one,SR,1
0,4182,1532,0,0,17.0416,14.867,0.2759,0.0,0.0,1180,1057.0,0.0,0.0,-4.7,18.99,0.0,0.0,152,0.0,0.0,0.0,one,SR,1
0,1507,9614,0,0,17.0207,14.8416,0.2833,0.0,0.0,1389,1055.0,0.0,0.0,-2.48,18.96,0.0,0.0,152,0.0,0.0,0.0,one,SR,1
0,3926,5,0,0,16.9396,14.7946,0.3284,0.0,0.0,1530,999.0,0.0,0.0,-0.28,18.17,0.0,0.0,106,0.0,0.0,0.0,one,SR,1
0,1286,4542,0,0,16.7971,14.7052,0.411,0.0,0.0,1093,903.0,0.0,0.0,-3.65,16.81,0.0,0.0,29,0.0,0.0,0.0,one,SR,1
0,1246,8280,0,0,16.8818,14.7422,0.3457,0.0,0.0,1145,983.0,0.0,0.0,-4.12,17.94,0.0,0.0,96,0.0,0.0,0.0,one,SR,1
0,2579,8972,0,0,17.0449,14.8354,0.2388,0.0,0.0,2207,1108.0,0.0,0.0,5.44,19.71,0.0,0.0,198,0.0,0.0,0.0,one,SR,1
0,4068,4211,0,0,16.7529,14.6619,0.4074,0.0,0.0,1157,905.0,0.0,0.0,-3.0,16.84,0.0,0.0,34,0.0,0.0,0.0,one,SR,1
0,125,4073,0,0,17.0982,14.868,0.1944,0.0,0.0,1857,1154.0,0.0,0.0,1.18,20.36,0.0,0.0,236,0.0,0.0,0.0,one,SR,1
0,1993,2331,0,0,16.794,14.6843,0.3708,0.0,0.0,1848,944.0,0.0,0.0,3.75,17.39,0.0,0.0,66,0.0,0.0,0.0,one,SR,1
0,99,5868,0,0,16.8652,14.7253,0.3219,0.0,0.0,1279,1000.0,0.0,0.0,-2.93,18.18,0.0,0.0,112,0.0,0.0,0.0,one,SR,1
0,907,9300,0,0,16.6949,14.6155,0.4198,0.0,0.0,1652,888.0,0.0,0.0,2.41,16.6,0.0,0.0,22,0.0,0.0,0.0,one,SR,1
0,1414,2151,0,0,16.68,14.6101,0.4244,0.0,0.0,1423,878.0,0.0,0.0,0.13,16.45,0.0,0.0,14,0.0,0.0,0.0,one,SR,1
0,2592,8551,0,0,16.6559,14.5812,0.4221,0.0,0.0,1136,883.0,0.0,0.0,-2.95,16.53,0.0,0.0,20,0.0,0.0,0.0,one,SR,1
0,1442,3037,0,0,16.8096,14.6762,0.3267,0.0,0.0,1347,992.0,0.0,0.0,-2.12,18.07,0.0,0.0,108,0.0,0.0,0.0,one,SR,1
0,4332,1654,0,0,16.6364,14.5655,0.4368,0.0,0.0,1229,870.0,0.0,0.0,-1.8,16.34,0.0,0.0,10,0.0,0.0,0.0,one,SR,1
0,2064,7887,0,0,17.309,14.9643,0.0361,0.0,0.0,2833,1347.0,0.0,0.0,8.97,23.09,0.0,0.0,397,0.0,0.0,0.0,one,SR,1
0,2541,9883,0,0,16.846,14.6816,0.2814,0.0,0.0,1426,1046.0,0.0,0.0,-1.97,18.83,0.0,0.0,155,0.0,0.0,0.0,one,SR,1
0,1357,3937,0,0,16.6664,14.5661,0.394,0.0,0.0,1457,921.0,0.0,0.0,-0.06,17.06,0.0,0.0,54,0.0,0.0,0.0,one,SR,1
0,2334,3222,0,0,16.7788,14.6374,0.315,0.0,0.0,1401,1006.0,0.0,0.0,-1.73,18.26,0.0,0.0,123,0.0,0.0,0.0,one,SR,1
0,3839,8626,0,0,16.8376,14.6704,0.2772,0.0,0.0,1602,1051.0,0.0,0.0,-0.19,18.9,0.0,0.0,160,0.0,0.0,0.0,one,SR,1
0,4776,4465,0,0,16.8838,14.6894,0.2562,0.0,0.0,2339,1085.0,0.0,0.0,7.12,19.38,0.0,0.0,188,0.0,0.0,0.0,one,SR,1
0,990,68,0,0,16.6984,14.5754,0.37,0.0,0.0,1338,954.0,0.0,0.0,-1.73,17.53,0.0,0.0,82,0.0,0.0,0.0,one,SR,1
0,3173,6282,0,0,16.6797,14.5698,0.3753,0.0,0.0,1523,941.0,0.0,0.0,0.38,17.35,0.0,0.0,71,0.0,0.0,0.0,one,SR,1
0,1766,4016,0,0,16.6699,14.5649,0.3776,0.0,0.0,1629,936.0,0.0,0.0,1.56,17.28,0.0,0.0,67,0.0,0.0,0.0,one,SR,1
0,4160,9994,0,0,16.7211,14.5843,0.3358,0.0,0.0,1645,988.0,0.0,0.0,1.06,18.01,0.0,0.0,111,0.0,0.0,0.0,one,SR,1
0,1114,9080,0,0,16.6129,14.4991,0.3694,0.0,0.0,1338,948.0,0.0,0.0,-1.65,17.44,0.0,0.0,82,0.0,0.0,0.0,one,SR,1
0,321,2505,0,0,16.6419,14.4816,0.3154,0.0,0.0,1576,1019.0,0.0,0.0,-0.06,18.45,0.0,0.0,145,0.0,0.0,0.0,one,SR,1
0,4768,2612,0,0,16.6573,14.4926,0.3043,0.0,0.0,1682,1030.0,0.0,0.0,0.92,18.6,0.0,0.0,154,0.0,0.0,0.0,one,SR,1
0,1863,5831,0,0,16.7028,14.5186,0.2616,0.0,0.0,1404,1074.0,0.0,0.0,-2.56,19.23,0.0,0.0,190,0.0,0.0,0.0,one,SR,1
0,4522,3330,0,0,16.3527,14.3008,0.446,0.0,0.0,1581,850.0,0.0,0.0,2.15,16.06,0.0,0.0,11,0.0,0.0,0.0,one,SR,1
72,3326,8741,8740,0,43.9892,10.7706,15.9451,15.9451,0.0,1320,2463.0,2463.0,0.0,1.9,10.64,10.64,0.0,81,651.0,651.0,0.0,many,TR,2
0,3225,2931,0,0,16.6405,14.4527,0.2566,0.0,0.0,1642,1080.0,0.0,0.0,-0.14,19.31,0.0,0.0,200,0.0,0.0,0.0,one,SR,1
0,3607,7540,0,0,16.3817,14.298,0.4042,0.0,0.0,2135,902.0,0.0,0.0,7.3,16.79,0.0,0.0,56,0.0,0.0,0.0,one,SR,1
0,2490,7356,0,0,16.4873,14.3455,0.3238,0.0,0.0,2109,1000.0,0.0,0.0,5.78,18.18,0.0,0.0,138,0.0,0.0,0.0,one,SR,1
0,3529,80,0,0,16.237,14.1934,0.4674,0.0,0.0,1500,829.0,0.0,0.0,1.56,15.76,0.0,0.0,0,0.0,0.0,0.0,one,SR,1
0,3259,9408,0,0,16.3629,14.2695,0.3899,0.0,0.0,1087,919.0,0.0,0.0,-3.92,17.03,0.0,0.0,73,0.0,0.0,0.0,one,SR,1
0,3448,8265,0,0,16.6832,14.4532,0.2041,0.0,0.0,1648,1147.0,0.0,0.0,-0.93,20.26,0.0,0.0,258,0.0,0.0,0.0,one,SR,1
0,2775,667,0,0,16.2649,14.205,0.4483,0.0,0.0,1889,854.0,0.0,0.0,5.33,16.12,0.0,0.0,21,0.0,0.0,0.0,one,SR,1
0,2546,9193,0,0,16.46,14.3223,0.3297,0.0,0.0,1581,993.0,0.0,0.0,0.33,18.08,0.0,0.0,133,0.0,0.0,0.0,one,SR,1
0,4078,1832,0,0,16.5621,14.385,0.2629,0.0,0.0,1580,1068.0,0.0,0.0,-0.64,19.14,0.0,0.0,194,0.0,0.0,0.0,one,SR,1
0,21,4179,0,0,16.453,14.3054,0.3154,0.0,0.0,1272,1010.0,0.0,0.0,-3.13,18.32,0.0,0.0,149,0.0,0.0,0.0,one,SR,1
0,4564,4664,0,0,16.6611,14.4232,0.1879,0.0,0.0,2378,1164.0,0.0,0.0,6.52,20.5,0.0,0.0,275,0.0,0.0,0.0,one,SR,1
0,62,8069,0,0,16.4246,14.2735,0.3289,0.0,0.0,1501,1003.0,0.0,0.0,-0.64,18.22,0.0,0.0,145,0.0,0.0,0.0,one,SR,1
0,164,1242,0,0,16.6079,14.3881,0.2096,0.0,0.0,1620,1136.0,0.0,0.0,-1.08,20.1,0.0,0.0,253,0.0,0.0,0.0,one,SR,1
0,1656,2517,0,0,16.479,14.3,0.2648,0.0,0.0,1557,1068.0,0.0,0.0,-0.88,19.14,0.0,0.0,200,0.0,0.0,0.0,one,SR,1
0,4087,9808,0,0,16.4275,14.2668,0.2961,0.0,0.0,1686,1033.0,0.0,0.0,0.92,18.65,0.0,0.0,172,0.0,0.0,0.0,one,SR,1
0,3941,6688,0,0,16.1226,14.0803,0.4788,0.0,0.0,1132,820.0,0.0,0.0,-2.19,15.63,0.0,0.0,0,0.0,0.0,0.0,one,SR,1
0,933,9595,0,0,16.5276,14.3227,0.2314,0.0,0.0,1615,1110.0,0.0,0.0,-0.8,19.74,0.0,0.0,235,0.0,0.0,0.0,one,SR,1
0,3851,4104,0,0,16.4364,14.2587,0.2806,0.0,0.0,1631,1056.0,0.0,0.0,0.05,18.97,0.0,0.0,192,0.0,0.0,0.0,one,SR,1
0,3986,902,0,0,16.3863,14.2252,0.2908,0.0,0.0,2090,1037.0,0.0,0.0,5.11,18.7,0.0,0.0,178,0.0,0.0,0.0,one,SR,1
0,1825,6515,0,0,16.4024,14.2269,0.2839,0.0,0.0,1350,1052.0,0.0,0.0,-2.85,18.92,0.0,0.0,191,0.0,0.0,0.0,one,SR,1
0,4780,3699,0,0,16.0934,14.0333,0.4528,0.0,0.0,1819,851.0,0.0,0.0,4.63,16.07,0.0,0.0,30,0.0,0.0,0.0,one,SR,1
0,566,2509,0,0,16.1259,14.0547,0.4271,0.0,0.0,1250,877.0,0.0,0.0,-1.67,16.44,0.0,0.0,51,0.0,0.0,0.0,one,SR,1
0,4109,2920,0,0,16.4307,14.2349,0.2448,0.0,0.0,1730,1094.0,0.0,0.0,0.61,19.51,0.0,0.0,227,0.0,0.0,0.0,one,SR,1
0,2140,2890,0,0,16.2129,14.1041,0.3628,0.0,0.0,1421,949.0,0.0,0.0,-0.79,17.46,0.0,0.0,110,0.0,0.0,0.0,one,SR,1
0,4177,1351,0,0,16.2009,14.0948,0.3715,0.0,0.0,1367,941.0,0.0,0.0,-1.26,17.35,0.0,0.0,104,0.0,0.0,0.0,one,SR,1
0,2035,2929,0,0,16.3528,14.1756,0.2814,0.0,0.0,1693,1055.0,0.0,0.0,0.71,18.96,0.0,0.0,197,0.0,0.0,0.0,one,SR,1
0,281,3602,0,0,16.2143,14.0979,0.3563,0.0,0.0,1192,959.0,0.0,0.0,-3.32,17.6,0.0,0.0,119,0.0,0.0,0.0,one,SR,1
0,4045,6782,0,0,15.9828,13.9395,0.4586,0.0,0.0,1325,835.0,0.0,0.0,-0.35,15.85,0.0,0.0,22,0.0,0.0,0.0,one,SR,1
0,3195,1889,0,0,16.1913,14.0491,0.3326,0.0,0.0,2254,994.0,0.0,0.0,7.38,18.1,0.0,0.0,153,0.0,0.0,0.0,one,SR,1
0,318,5286,0,0,16.1713,14.041,0.3406,0.0,0.0,1343,980.0,0.0,0.0,-2.01,17.9,0.0,0.0,141,0.0,0.0,0.0,one,SR,1
0,3500,757,0,0,15.9663,13.9192,0.4624,0.0,0.0,1311,835.0,0.0,0.0,-0.5,15.85,0.0,0.0,24,0.0,0.0,0.0,one,SR,1
0,612,6448,0,0,16.0309,13.9566,0.4132,0.0,0.0,1246,889.0,0.0,0.0,-1.87,16.61,0.0,0.0,68,0.0,0.0,0.0,one,SR,1
0,1399,2376,0,0,15.9572,13.9094,0.4519,0.0,0.0,1209,843.0,0.0,0.0,-1.67,15.96,0.0,0.0,31,0.0,0.0,0.0,one,SR,1
0,3106,4702,0,0,15.9982,13.9266,0.4219,0.0,0.0,1692,881.0,0.0,0.0,2.92,16.5,0.0,0.0,63,0.0,0.0,0.0,one,SR,1
0,769,7750,0,0,16.3533,14.1304,0.2098,0.0,0.0,1930,1138.0,0.0,0.0,2.15,20.13,0.0,0.0,272,0.0,0.0,0.0,one,SR,1
0,3314,6447,0,0,16.2889,14.0807,0.2219,0.0,0.0,1808,1119.0,0.0,0.0,1.11,19.86,0.0,0.0,259,0.0,0.0,0.0,one,SR,1
0,2728,6811,0,0,16.0196,13.918,0.3826,0.0,0.0,1207,930.0,0.0,0.0,-2.8,17.19,0.0,0.0,106,0.0,0.0,0.0,one,SR,1
0,1334,3537,0,0,16.2198,14.0313,0.2602,0.0,0.0,1503,1078.0,0.0,0.0,-1.57,19.28,0.0,0.0,227,0.0,0.0,0.0,one,SR,1
0,1445,5441,0,0,15.9139,13.8483,0.4399,0.0,0.0,1960,864.0,0.0,0.0,5.95,16.26,0.0,0.0,54,0.0,0.0,0.0,one,SR,1
0,2435,6221,0,0,15.8821,13.8289,0.4487,0.0,0.0,1201,849.0,0.0,0.0,-1.83,16.04,0.0,0.0,42,0.0,0.0,0.0,one,SR,1
0,1806,7530,0,0,15.833,13.7918,0.4664,0.0,0.0,1473,828.0,0.0,0.0,1.29,15.75,0.0,0.0,26,0.0,0.0,0.0,one,SR,1
0,1795,5215,0,0,15.9817,13.8717,0.3797,0.0,0.0,1486,938.0,0.0,0.0,0.03,17.3,0.0,0.0,116,0.0,0.0,0.0,one,SR,1
0,4273,1614,0,0,15.8411,13.7879,0.4487,0.0,0.0,1378,849.0,0.0,0.0,0.03,16.04,0.0,0.0,45,0.0,0.0,0.0,one,SR,1
0,4423,809,0,0,15.7917,13.745,0.4677,0.0,0.0,1206,831.0,0.0,0.0,-1.55,15.79,0.0,0.0,32,0.0,0.0,0.0,one,SR,1
0,53,8146,0,0,15.993,13.8605,0.3513,0.0,0.0,2138,974.0,0.0,0.0,6.42,17.81,0.0,0.0,148,0.0,0.0,0.0,one,SR,1
0,2547,8220,0,0,16.0525,13.8902,0.3032,0.0,0.0,1548,1029.0,0.0,0.0,-0.48,18.59,0.0,0.0,194,0.0,0.0,0.0,one,SR,1
0,2897,4675,0,0,15.7305,13.6986,0.4939,0.0,0.0,1359,802.0,0.0,0.0,0.43,15.38,0.0,0.0,10,0.0,0.0,0.0,one,SR,1
0,1504,5314,0,0,15.9254,13.8112,0.3782,0.0,0.0,1650,942.0,0.0,0.0,1.7,17.36,0.0,0.0,124,0.0,0.0,0.0,one,SR,1
0,36,2244,0,0,15.9945,13.8598,0.3295,0.0,0.0,1230,991.0,0.0,0.0,-3.33,18.05,0.0,0.0,163,0.0,0.0,0.0,one,SR,1
0,3378,9197,0,0,15.9846,13.8417,0.3362,0.0,0.0,1207,992.0,0.0,0.0,-3.59,18.07,0.0,0.0,165,0.0,0.0,0.0,one,SR,1
0,2668,4917,0,0,15.8612,13.7759,0.4017,0.0,0.0,1255,905.0,0.0,0.0,-1.98,16.84,0.0,0.0,94,0.0,0.0,0.0,one,SR,1
0,3445,8319,0,0,15.9395,13.8179,0.3488,0.0,0.0,1585,968.0,0.0,0.0,0.69,17.73,0.0,0.0,146,0.0,0.0,0.0,one,SR,1
0,3485,4437,0,0,15.7456,13.7016,0.4622,0.0,0.0,1126,833.0,0.0,0.0,-2.41,15.82,0.0,0.0,37,0.0,0.0,0.0,one,SR,1
0,3146,4853,0,0,15.8994,13.7825,0.3696,0.0,0.0,1166,950.0,0.0,0.0,-3.48,17.47,0.0,0.0,133,0.0,0.0,0.0,one,SR,1
0,1974,9196,0,0,16.0955,13.8965,0.2495,0.0,0.0,1654,1093.0,0.0,0.0,-0.18,19.5,0.0,0.0,249,0.0,0.0,0.0,one,SR,1
0,4527,5845,0,0,15.6972,13.6608,0.4687,0.0,0.0,1397,823.0,0.0,0.0,0.56,15.68,0.0,0.0,31,0.0,0.0,0.0,one,SR,1
0,4184,8497,0,0,15.7237,13.6695,0.4426,0.0,0.0,1226,854.0,0.0,0.0,-1.63,16.12,0.0,0.0,57,0.0,0.0,0.0,one,SR,1
0,3976,2741,0,0,15.6473,13.62,0.4821,0.0,0.0,1394,807.0,0.0,0.0,0.73,15.45,0.0,0.0,20,0.0,0.0,0.0,one,SR,1
0,4751,77,0,0,15.7973,13.695,0.4003,0.0,0.0,1597,918.0,0.0,0.0,1.45,17.02,0.0,0.0,111,0.0,0.0,0.0,one,SR,1
0,424,3124,0,0,15.6109,13.5895,0.4905,0.0,0.0,1236,797.0,0.0,0.0,-0.8,15.31,0.0,0.0,13,0.0,0.0,0.0,one,SR,1
0,4488,5222,0,0,16.0423,13.8368,0.2306,0.0,0.0,1651,1111.0,0.0,0.0,-0.44,19.75,0.0,0.0,269,0.0,0.0,0.0,one,SR,1
85,446,1861,0,0,20.0223,11.6057,7.1233,0.0,0.0,1150,2053.0,0.0,0.0,0.43,15.93,0.0,0.0,3,541.0,0.0,0.0,one,RT,1
0,438,3219,0,0,15.6466,13.5994,0.4668,0.0,0.0,1631,832.0,0.0,0.0,2.9,15.8,0.0,0.0,43,0.0,0.0,0.0,one,SR,1
0,2080,8017,0,0,15.7843,13.679,0.382,0.0,0.0,1914,933.0,0.0,0.0,4.59,17.23,0.0,0.0,125,0.0,0.0,0.0,one,SR,1
0,4569,2309,0,0,15.5826,13.551,0.4992,0.0,0.0,1201,798.0,0.0,0.0,-1.18,15.32,0.0,0.0,17,0.0,0.0,0.0,one,SR,1
0,3885,127,0,0,15.7479,13.6499,0.3973,0.0,0.0,1875,917.0,0.0,0.0,4.38,17.01,0.0,0.0,113,0.0,0.0,0.0,one,SR,1
0,4090,9801,0,0,15.5617,13.539,0.5074,0.0,0.0,1026,786.0,0.0,0.0,-2.87,15.15,0.0,0.0,7,0.0,0.0,0.0,one,SR,1
0,1851,7055,0,0,15.5871,13.5597,0.4865,0.0,0.0,1206,804.0,0.0,0.0,-1.2,15.41,0.0,0.0,21,0.0,0.0,0.0,one,SR,1
0,4028,6466,0,0,15.6072,13.5666,0.4672,0.0,0.0,1520,827.0,0.0,0.0,1.8,15.73,0.0,0.0,41,0.0,0.0,0.0,one,SR,1
98,4021,3432,0,0,55.0917,8.1637,46.0079,0.0,0.0,1223,4648.0,0.0,0.0,4.56,16.2,0.0,0.0,8,276.0,0.0,0.0,one,TR,1
0,4593,2191,0,0,15.8991,13.7393,0.2881,0.0,0.0,2308,1038.0,0.0,0.0,7.39,18.72,0.0,0.0,212,0.0,0.0,0.0,one,SR,1
0,3384,6833,0,0,15.5705,13.5383,0.4842,0.0,0.0,1298,809.0,0.0,0.0,-0.3,15.48,0.0,0.0,27,0.0,0.0,0.0,one,SR,1
0,1013,6107,0,0,15.98,13.7701,0.2335,0.0,0.0,1699,1112.0,0.0,0.0,0.05,19.76,0.0,0.0,274,0.0,0.0,0.0,one,SR,1
0,1693,9116,0,0,15.5949,13.5409,0.4523,0.0,0.0,1075,847.0,0.0,0.0,-3.13,16.02,0.0,0.0,60,0.0,0.0,0.0,one,SR,1
0,4553,271,0,0,15.4757,13.4585,0.5202,0.0,0.0,1227,773.0,0.0,0.0,-0.59,14.97,0.0,0.0,1,0.0,0.0,0.0,one,SR,1
0,4738,8762,0,0,15.5898,13.5168,0.4431,0.0,0.0,1257,867.0,0.0,0.0,-1.47,16.3,0.0,0.0,79,0.0,0.0,0.0,one,SR,1
0,686,3422,0,0,15.4472,13.4331,0.52,0.0,0.0,1070,771.0,0.0,0.0,-2.21,14.94,0.0,0.0,1,0.0,0.0,0.0,one,SR,1
0,1193,136,0,0,15.5682,13.4928,0.4398,0.0,0.0,1351,871.0,0.0,0.0,-0.53,16.36,0.0,0.0,84,0.0,0.0,0.0,one,SR,1
0,1438,9877,0,0,15.6261,13.535,0.3933,0.0,0.0,1276,915.0,0.0,0.0,-1.88,16.98,0.0,0.0,119,0.0,0.0,0.0,one,SR,1
0,4943,7490,0,0,15.4961,13.446,0.4626,0.0,0.0,1652,837.0,0.0,0.0,3.06,15.88,0.0,0.0,58,0.0,0.0,0.0,one,SR,1
0,4133,9376,0,0,15.4204,13.3938,0.5112,0.0,0.0,1596,786.0,0.0,0.0,3.12,15.15,0.0,0.0,17,0.0,0.0,0.0,one,SR,1
0,3257,2578,0,0,15.4828,13.4389,0.4578,0.0,0.0,1461,836.0,0.0,0.0,1.07,15.86,0.0,0.0,57,0.0,0.0,0.0,one,SR,1
0,4281,886,0,0,15.4457,13.4055,0.4725,0.0,0.0,1070,823.0,0.0,0.0,-2.87,15.68,0.0,0.0,48,0.0,0.0,0.0,one,SR,1
0,4151,4527,0,0,15.8191,13.6144,0.227,0.0,0.0,1763,1113.0,0.0,0.0,0.71,19.78,0.0,0.0,286,0.0,0.0,0.0,one,SR,1
0,315,5619,0,0,15.7993,13.5917,0.2369,0.0,0.0,1715,1108.0,0.0,0.0,0.27,19.71,0.0,0.0,283,0.0,0.0,0.0,one,SR,1
0,4066,8179,0,0,15.3976,13.35,0.4757,0.0,0.0,1367,826.0,0.0,0.0,0.21,15.72,0.0,0.0,55,0.0,0.0,0.0,one,SR,1
0,4181,1908,0,0,15.7448,13.5559,0.269,0.0,0.0,1855,1072.0,0.0,0.0,2.2,19.2,0.0,0.0,254,0.0,0.0,0.0,one,SR,1
0,4620,5319,0,0,15.4766,13.3941,0.4059,0.0,0.0,1457,900.0,0.0,0.0,0.21,16.77,0.0,0.0,116,0.0,0.0,0.0,one,SR,1
0,765,7073,0,0,15.265,13.2614,0.5307,0.0,0.0,1022,756.0,0.0,0.0,-2.53,14.73,0.0,0.0,0,0.0,0.0,0.0,one,SR,1
0,3565,4139,0,0,15.6279,13.4701,0.3144,0.0,0.0,1288,1018.0,0.0,0.0,-3.07,18.43,0.0,0.0,213,0.0,0.0,0.0,one,SR,1
0,744,5059,0,0,15.4233,13.3512,0.421,0.0,0.0,1416,882.0,0.0,0.0,0.01,16.51,0.0,0.0,103,0.0,0.0,0.0,one,SR,1
0,644,4933,0,0,15.2622,13.2499,0.5181,0.0,0.0,1243,771.0,0.0,0.0,-0.4,14.94,0.0,0.0,14,0.0,0.0,0.0,one,SR,1
0,4758,6010,0,0,15.4613,13.3656,0.3866,0.0,0.0,1630,923.0,0.0,0.0,1.73,17.09,0.0,0.0,138,0.0,0.0,0.0,one,SR,1
0,2298,2792,0,0,15.2877,13.2553,0.4887,0.0,0.0,1139,806.0,0.0,0.0,-1.93,15.44,0.0,0.0,44,0.0,0.0,0.0,one,SR,1
0,3349,8303,0,0,15.3042,13.2678,0.4687,0.0,0.0,1125,823.0,0.0,0.0,-2.3,15.68,0.0,0.0,58,0.0,0.0,0.0,one,SR,1
0,3237,6818,0,0,15.4819,13.362,0.3698,0.0,0.0,1253,952.0,0.0,0.0,-2.59,17.5,0.0,0.0,163,0.0,0.0,0.0,one,SR,1
0,2465,8589,0,0,15.397,13.3098,0.4177,0.0,0.0,1359,895.0,0.0,0.0,-0.76,16.7,0.0,0.0,117,0.0,0.0,0.0,one,SR,1
0,3372,4509,0,0,15.3592,13.294,0.4311,0.0,0.0,1228,870.0,0.0,0.0,-1.81,16.34,0.0,0.0,97,0.0,0.0,0.0,one,SR,1
0,4249,2000,0,0,15.4102,13.3149,0.4059,0.0,0.0,1368,909.0,0.0,0.0,-0.84,16.89,0.0,0.0,129,0.0,0.0,0.0,one,SR,1
0,466,469,0,0,15.2444,13.2165,0.4998,0.0,0.0,1728,795.0,0.0,0.0,4.39,15.28,0.0,0.0,37,0.0,0.0,0.0,one,SR,1
0,4489,9536,0,0,15.4195,13.3274,0.3872,0.0,0.0,1921,920.0,0.0,0.0,4.83,17.05,0.0,0.0,138,0.0,0.0,0.0,one,SR,1
0,1376,1167,0,0,15.4368,13.33,0.375,0.0,0.0,1224,939.0,0.0,0.0,-2.73,17.32,0.0,0.0,154,0.0,0.0,0.0,one,SR,1
140,478,3511,0,0,14.6964,6.2942,7.6843,0.0,0.0,1203,1388.0,0.0,0.0,6.17,10.18,0.0,0.0,12,332.0,0.0,0.0,one,TR,1
0,2094,7197,0,0,15.4217,13.3182,0.3845,0.0,0.0,1567,930.0,0.0,0.0,0.98,17.19,0.0,0.0,147,0.0,0.0,0.0,one,SR,1
0,1436,86,0,0,15.2524,13.212,0.4769,0.0,0.0,1370,820.0,0.0,0.0,0.31,15.63,0.0,0.0,59,0.0,0.0,0.0,one,SR,1
0,4233,9870,0,0,15.5968,13.4142,0.2642,0.0,0.0,1753,1071.0,0.0,0.0,1.14,19.18,0.0,0.0,263,0.0,0.0,0.0,one,SR,1
0,2626,5419,0,0,15.5169,13.3562,0.3102,0.0,0.0,1431,1023.0,0.0,0.0,-1.63,18.51,0.0,0.0,225,0.0,0.0,0.0,one,SR,1
0,364,9868,0,0,15.3398,13.2528,0.4133,0.0,0.0,1295,898.0,0.0,0.0,-1.47,16.74,0.0,0.0,124,0.0,0.0,0.0,one,SR,1
0,727,9750,0,0,15.1619,13.143,0.5036,0.0,0.0,1450,786.0,0.0,0.0,1.59,15.15,0.0,0.0,34,0.0,0.0,0.0,one,SR,1
0,3857,821,0,0,15.4625,13.312,0.3297,0.0,0.0,1390,1002.0,0.0,0.0,-1.79,18.21,0.0,0.0,210,0.0,0.0,0.0,one,SR,1
0,546,4859,0,0,15.2339,13.1803,0.4435,0.0,0.0,1279,853.0,0.0,0.0,-1.06,16.1,0.0,0.0,90,0.0,0.0,0.0,one,SR,1
0,2392,3163,0,0,15.1441,13.119,0.504,0.0,0.0,1323,790.0,0.0,0.0,0.2,15.21,0.0,0.0,39,0.0,0.0,0.0,one,SR,1
0,3608,1442,0,0,15.1114,13.1041,0.5159,0.0,0.0,1512,769.0,0.0,0.0,2.45,14.91,0.0,0.0,22,0.0,0.0,0.0,one,SR,1
0,4006,2974,0,0,15.0722,13.0726,0.5365,0.0,0.0,1025,749.0,0.0,0.0,-2.41,14.63,0.0,0.0,7,0.0,0.0,0.0,one,SR,1
0,2143,8450,0,0,15.5886,13.3772,0.2266,0.0,0.0,2054,1118.0,0.0,0.0,3.7,19.85,0.0,0.0,306,0.0,0.0,0.0,one,SR,1
0,4219,7504,0,0,15.1255,13.0981,0.5006,0.0,0.0,1251,794.0,0.0,0.0,-0.6,15.27,0.0,0.0,44,0.0,0.0,0.0,one,SR,1
0,4108,4496,0,0,15.2337,13.1499,0.4227,0.0,0.0,1152,889.0,0.0,0.0,-2.85,16.61,0.0,0.0,123,0.0,0.0,0.0,one,SR,1
0,3889,9176,0,0,15.3471,13.2164,0.3353,0.0,0.0,1664,984.0,0.0,0.0,1.31,17.95,0.0,0.0,201,0.0,0.0,0.0,one,SR,1
0,1014,2203,0,0,15.116,13.0752,0.4716,0.0,0.0,1229,824.0,0.0,0.0,-1.22,15.69,0.0,0.0,72,0.0,0.0,0.0,one,SR,1
0,2024,5852,0,0,15.0819,13.0446,0.4908,0.0,0.0,1401,808.0,0.0,0.0,0.79,15.47,0.0,0.0,60,0.0,0.0,0.0,one,SR,1
0,4356,6742,0,0,15.5883,13.3453,0.1804,0.0,0.0,2192,1173.0,0.0,0.0,4.45,20.63,0.0,0.0,356,0.0,0.0,0.0,one,SR,1
0,2205,3289,0,0,15.1336,13.0686,0.4549,0.0,0.0,1172,853.0,0.0,0.0,-2.19,16.1,0.0,0.0,97,0.0,0.0,0.0,one,SR,1
0,3726,5971,0,0,15.1916,13.1105,0.4032,0.0,0.0,1565,901.0,0.0,0.0,1.33,16.78,0.0,0.0,136,0.0,0.0,0.0,one,SR,1
0,4115,7398,0,0,14.9667,12.9665,0.5357,0.0,0.0,1281,750.0,0.0,0.0,0.27,14.64,0.0,0.0,15,0.0,0.0,0.0,one,SR,1
0,196,6205,0,0,15.1764,13.076,0.3984,0.0,0.0,1330,918.0,0.0,0.0,-1.35,17.02,0.0,0.0,153,0.0,0.0,0.0,one,SR,1
0,137,6717,0,0,15.2324,13.1057,0.3553,0.0,0.0,1424,967.0,0.0,0.0,-0.99,17.71,0.0,0.0,194,0.0,0.0,0.0,one,SR,1
0,287,785,0,0,15.2337,13.1068,0.3456,0.0,0.0,1804,974.0,0.0,0.0,2.91,17.81,0.0,0.0,200,0.0,0.0,0.0,one,SR,1
0,2529,840,0,0,14.8866,12.8923,0.5538,0.0,0.0,1061,733.0,0.0,0.0,-1.82,14.4,0.0,0.0,5,0.0,0.0,0.0,one,SR,1
0,2141,9372,0,0,15.1341,13.0386,0.3822,0.0,0.0,1427,926.0,0.0,0.0,-0.44,17.13,0.0,0.0,163,0.0,0.0,0.0,one,SR,1
0,3337,9645,0,0,14.8899,12.8908,0.5233,0.0,0.0,1037,758.0,0.0,0.0,-2.39,14.76,0.0,0.0,27,0.0,0.0,0.0,one,SR,1
0,2654,9288,0,0,15.1943,13.0583,0.3463,0.0,0.0,1488,980.0,0.0,0.0,-0.48,17.9,0.0,0.0,208,0.0,0.0,0.0,one,SR,1
0,1493,8498,0,0,15.1729,13.0432,0.3555,0.0,0.0,1334,969.0,0.0,0.0,-1.96,17.74,0.0,0.0,200,0.0,0.0,0.0,one,SR,1
0,4185,7307,0,0,15.0481,12.9683,0.4286,0.0,0.0,1425,882.0,0.0,0.0,0.1,16.51,0.0,0.0,129,0.0,0.0,0.0,one,SR,1
0,3620,9168,0,0,15.0801,12.9769,0.3898,0.0,0.0,1433,926.0,0.0,0.0,-0.37,17.13,0.0,0.0,167,0.0,0.0,0.0,one,SR,1
0,1391,8376,0,0,15.0055,12.9273,0.4356,0.0,0.0,1178,876.0,0.0,0.0,-2.41,16.43,0.0,0.0,127,0.0,0.0,0.0,one,SR,1
0,1116,1391,0,0,14.8656,12.8468,0.4991,0.0,0.0,1221,789.0,0.0,0.0,-0.86,15.2,0.0,0.0,57,0.0,0.0,0.0,one,SR,1
0,372,261,0,0,14.765,12.778,0.555,0.0,0.0,1090,727.0,0.0,0.0,-1.44,14.32,0.0,0.0,8,0.0,0.0,0.0,one,SR,1
0,57,8073,0,0,15.0297,12.9295,0.394,0.0,0.0,1260,921.0,0.0,0.0,-2.13,17.06,0.0,0.0,166,0.0,0.0,0.0,one,SR,1
0,349,8292,0,0,14.9215,12.8686,0.454,0.0,0.0,1270,845.0,0.0,0.0,-1.05,15.99,0.0,0.0,104,0.0,0.0,0.0,one,SR,1
0,4953,2452,0,0,14.9582,12.8736,0.4263,0.0,0.0,1405,887.0,0.0,0.0,-0.17,16.58,0.0,0.0,140,0.0,0.0,0.0,one,SR,1
0,1585,8761,0,0,14.7284,12.7471,0.5493,0.0,0.0,1039,727.0,0.0,0.0,-1.98,14.32,0.0,0.0,10,0.0,0.0,0.0,one,SR,1
0,265,157,0,0,15.1858,13.0068,0.2833,0.0,0.0,2086,1055.0,0.0,0.0,4.84,18.96,0.0,0.0,277,0.0,0.0,0.0,one,SR,1
0,653,8650,0,0,14.8522,12.7944,0.4561,0.0,0.0,1533,847.0,0.0,0.0,1.68,16.02,0.0,0.0,111,0.0,0.0,0.0,one,SR,1
0,690,6823,0,0,14.9699,12.8581,0.3631,0.0,0.0,1225,951.0,0.0,0.0,-2.88,17.49,0.0,0.0,197,0.0,0.0,0.0,one,SR,1
0,1146,2542,0,0,14.7304,12.7069,0.5109,0.0,0.0,1333,784.0,0.0,0.0,0.38,15.13,0.0,0.0,62,0.0,0.0,0.0,one,SR,1
0,4382,8485,0,0,14.6566,12.6521,0.5387,0.0,0.0,1462,751.0,0.0,0.0,2.16,14.66,0.0,0.0,37,0.0,0.0,0.0,one,SR,1
0,4517,9234,0,0,15.0918,12.9121,0.2684,0.0,0.0,2030,1066.0,0.0,0.0,4.11,19.11,0.0,0.0,293,0.0,0.0,0.0,one,SR,1
0,3919,9775,0,0,14.6351,12.6337,0.5199,0.0,0.0,2049,762.0,0.0,0.0,8.18,14.81,0.0,0.0,48,0.0,0.0,0.0,one,SR,1
0,1764,6051,0,0,14.7689,12.7006,0.4454,0.0,0.0,1180,862.0,0.0,0.0,-2.22,16.23,0.0,0.0,130,0.0,0.0,0.0,one,SR,1
0,3782,374,0,0,14.5762,12.5931,0.5468,0.0,0.0,1423,730.0,0.0,0.0,2.02,14.36,0.0,0.0,23,0.0,0.0,0.0,one,SR,1
0,2211,731,0,0,14.571,12.5854,0.5523,0.0,0.0,1407,728.0,0.0,0.0,1.87,14.33,0.0,0.0,22,0.0,0.0,0.0,one,SR,1
0,565,7061,0,0,14.6196,12.6083,0.5242,0.0,0.0,1053,766.0,0.0,0.0,-2.33,14.87,0.0,0.0,53,0.0,0.0,0.0,one,SR,1
0,3364,8147,0,0,14.8277,12.7248,0.3853,0.0,0.0,1302,929.0,0.0,0.0,-1.79,17.18,0.0,0.0,187,0.0,0.0,0.0,one,SR,1
0,1566,3178,0,0,14.5298,12.5451,0.5584,0.0,0.0,1090,723.0,0.0,0.0,-1.39,14.26,0.0,0.0,20,0.0,0.0,0.0,one,SR,1
0,1311,9003,0,0,14.5165,12.5312,0.5434,0.0,0.0,1153,734.0,0.0,0.0,-0.87,14.42,0.0,0.0,31,0.0,0.0,0.0,one,SR,1
0,779,2639,0,0,14.7457,12.6586,0.4133,0.0,0.0,1354,898.0,0.0,0.0,-0.85,16.74,0.0,0.0,164,0.0,0.0,0.0,one,SR,1
0,2217,1768,0,0,14.4713,12.4928,0.5535,0.0,0.0,1113,722.0,0.0,0.0,-1.14,14.25,0.0,0.0,23,0.0,0.0,0.0,one,SR,1
0,4330,7492,0,0,14.5568,12.5349,0.4994,0.0,0.0,1546,791.0,0.0,0.0,2.53,15.22,0.0,0.0,80,0.0,0.0,0.0,one,SR,1
0,2688,8734,0,0,14.7365,12.6347,0.387,0.0,0.0,1753,927.0,0.0,0.0,2.97,17.15,0.0,0.0,191,0.0,0.0,0.0,one,SR,1
0,4739,113,0,0,14.5622,12.527,0.4845,0.0,0.0,1423,811.0,0.0,0.0,0.98,15.51,0.0,0.0,98,0.0,0.0,0.0,one,SR,1
0,939,8866,0,0,14.8349,12.683,0.3184,0.0,0.0,1571,1011.0,0.0,0.0,-0.01,18.34,0.0,0.0,261,0.0,0.0,0.0,one,SR,1
0,4782,8326,0,0,14.4529,12.456,0.5452,0.0,0.0,1084,741.0,0.0,0.0,-1.68,14.52,0.0,0.0,42,0.0,0.0,0.0,one,SR,1
0,3984,5027,0,0,14.4314,12.4385,0.5369,0.0,0.0,1934,744.0,0.0,0.0,7.2,14.56,0.0,0.0,46,0.0,0.0,0.0,one,SR,1
0,2997,5554,0,0,14.4318,12.4359,0.5327,0.0,0.0,1254,749.0,0.0,0.0,-0.0,14.63,0.0,0.0,50,0.0,0.0,0.0,one,SR,1
0,1163,5926,0,0,14.803,12.6468,0.3028,0.0,0.0,2004,1025.0,0.0,0.0,4.36,18.53,0.0,0.0,275,0.0,0.0,0.0,one,SR,1
0,4299,4563,0,0,14.7306,12.5963,0.3488,0.0,0.0,1834,977.0,0.0,0.0,3.19,17.85,0.0,0.0,237,0.0,0.0,0.0,one,SR,1
0,514,3499,0,0,14.4618,12.4444,0.4964,0.0,0.0,1315,790.0,0.0,0.0,0.12,15.21,0.0,0.0,85,0.0,0.0,0.0,one,SR,1
0,895,7561,0,0,14.4537,12.4338,0.4975,0.0,0.0,1500,791.0,0.0,0.0,2.05,15.22,0.0,0.0,87,0.0,0.0,0.0,one,SR,1
0,3279,2778,0,0,14.4205,12.4137,0.5168,0.0,0.0,1229,768.0,0.0,0.0,-0.51,14.9,0.0,0.0,68,0.0,0.0,0.0,one,SR,1
0,2069,6346,0,0,14.3566,12.3636,0.5369,0.0,0.0,1067,744.0,0.0,0.0,-1.9,14.56,0.0,0.0,51,0.0,0.0,0.0,one,SR,1
0,2964,6164,0,0,14.5228,12.4526,0.4332,0.0,0.0,1212,872.0,0.0,0.0,-2.01,16.37,0.0,0.0,156,0.0,0.0,0.0,one,SR,1
0,2200,5793,0,0,14.2949,12.3123,0.5662,0.0,0.0,1414,716.0,0.0,0.0,2.1,14.16,0.0,0.0,30,0.0,0.0,0.0,one,SR,1
72,3576,9938,0,0,13.7349,6.8803,5.9911,0.0,0.0,1109,934.0,0.0,0.0,3.87,10.64,0.0,0.0,61,57.0,0.0,0.0,one,TR,1
0,3634,6677,0,0,14.3234,12.3274,0.5372,0.0,0.0,1545,746.0,0.0,0.0,3.09,14.59,0.0,0.0,55,0.0,0.0,0.0,one,SR,1
0,96,963,0,0,14.2695,12.2894,0.5651,0.0,0.0,1566,715.0,0.0,0.0,3.71,14.15,0.0,0.0,31,0.0,0.0,0.0,one,SR,1
0,783,1436,0,0,14.3409,12.3149,0.512,0.0,0.0,1744,785.0,0.0,0.0,4.69,15.14,0.0,0.0,90,0.0,0.0,0.0,one,SR,1
0,4148,162,0,0,14.5836,12.4602,0.3648,0.0,0.0,1511,958.0,0.0,0.0,0.04,17.59,0.0,0.0,230,0.0,0.0,0.0,one,SR,1
0,1077,4489,0,0,14.3291,12.3104,0.5132,0.0,0.0,1194,779.0,0.0,0.0,-1.01,15.06,0.0,0.0,85,0.0,0.0,0.0,one,SR,1
0,4597,5264,0,0,14.3249,12.3027,0.4941,0.0,0.0,1400,795.0,0.0,0.0,0.95,15.28,0.0,0.0,99,0.0,0.0,0.0,one,SR,1
0,2750,4660,0,0,14.4966,12.3994,0.3937,0.0,0.0,1436,919.0,0.0,0.0,-0.25,17.03,0.0,0.0,200,0.0,0.0,0.0,one,SR,1
0,2079,8293,0,0,14.499,12.3976,0.3923,0.0,0.0,1744,923.0,0.0,0.0,2.93,17.09,0.0,0.0,204,0.0,0.0,0.0,one,SR,1
0,3993,5801,0,0,14.3997,12.3364,0.4433,0.0,0.0,1775,860.0,0.0,0.0,4.06,16.2,0.0,0.0,153,0.0,0.0,0.0,one,SR,1
0,3107,3408,0,0,14.1416,12.1609,0.5502,0.0,0.0,1328,726.0,0.0,0.0,1.07,14.31,0.0,0.0,49,0.0,0.0,0.0,one,SR,1
0,1113,8967,0,0,14.1836,12.1814,0.5235,0.0,0.0,1468,760.0,0.0,0.0,2.11,14.79,0.0,0.0,77,0.0,0.0,0.0,one,SR,1
0,1646,6192,0,0,14.1839,12.1791,0.5149,0.0,0.0,1134,768.0,0.0,0.0,-1.5,14.9,0.0,0.0,84,0.0,0.0,0.0,one,SR,1
0,1059,9293,0,0,14.1438,12.145,0.5471,0.0,0.0,1323,741.0,0.0,0.0,0.83,14.52,0.0,0.0,63,0.0,0.0,0.0,one,SR,1
0,1127,8047,0,0,14.198,12.1808,0.5061,0.0,0.0,1545,783.0,0.0,0.0,2.62,15.11,0.0,0.0,97,0.0,0.0,0.0,one,SR,1
0,4594,5853,0,0,14.1493,12.1342,0.5139,0.0,0.0,1155,776.0,0.0,0.0,-1.38,15.01,0.0,0.0,94,0.0,0.0,0.0,one,SR,1
0,1648,6820,0,0,14.0522,12.0654,0.5647,0.0,0.0,1262,720.0,0.0,0.0,0.45,14.22,0.0,0.0,50,0.0,0.0,0.0,one,SR,1
0,678,852,0,0,14.3543,12.2428,0.3868,0.0,0.0,1533,934.0,0.0,0.0,0.57,17.25,0.0,0.0,224,0.0,0.0,0.0,one,SR,1
0,1898,7832,0,0,14.265,12.1994,0.4258,0.0,0.0,1259,874.0,0.0,0.0,-1.54,16.4,0.0,0.0,175,0.0,0.0,0.0,one,SR,1
0,2164,8873,0,0,14.1064,12.0945,0.5233,0.0,0.0,1361,767.0,0.0,0.0,0.89,14.89,0.0,0.0,89,0.0,0.0,0.0,one,SR,1
0,464,3300,0,0,14.0176,12.0356,0.567,0.0,0.0,1280,715.0,0.0,0.0,0.7,14.15,0.0,0.0,48,0.0,0.0,0.0,one,SR,1
0,2602,2552,0,0,14.0215,12.032,0.542,0.0,0.0,1547,738.0,0.0,0.0,3.22,14.48,0.0,0.0,68,0.0,0.0,0.0,one,SR,1
0,958,6402,0,0,14.1142,12.0757,0.4891,0.0,0.0,1340,810.0,0.0,0.0,0.13,15.49,0.0,0.0,128,0.0,0.0,0.0,one,SR,1
0,776,3951,0,0,14.1624,12.1123,0.4485,0.0,0.0,1524,847.0,0.0,0.0,1.59,16.02,0.0,0.0,157,0.0,0.0,0.0,one,SR,1
0,3084,8157,0,0,13.9735,11.992,0.5678,0.0,0.0,1263,714.0,0.0,0.0,0.54,14.14,0.0,0.0,50,0.0,0.0,0.0,one,SR,1
0,135,7793,0,0,14.3322,12.2089,0.3463,0.0,0.0,2085,971.0,0.0,0.0,5.9,17.77,0.0,0.0,258,0.0,0.0,0.0,one,SR,1
10,1222,1722,0,0,13.2067,5.4869,7.0571,0.0,0.0,1300,975.0,0.0,0.0,7.69,9.63,0.0,0.0,33,85.0,0.0,0.0,one,TR,1
0,66,6544,0,0,14.0396,12.0238,0.5174,0.0,0.0,1606,774.0,0.0,0.0,3.38,14.98,0.0,0.0,100,0.0,0.0,0.0,one,SR,1
0,668,1365,0,0,14.1541,12.0862,0.4366,0.0,0.0,1262,868.0,0.0,0.0,-1.43,16.31,0.0,0.0,177,0.0,0.0,0.0,one,SR,1
0,3126,908,0,0,14.1577,12.0769,0.4084,0.0,0.0,1420,897.0,0.0,0.0,-0.14,16.72,0.0,0.0,203,0.0,0.0,0.0,one,SR,1
0,98,1162,0,0,14.1069,12.0481,0.4359,0.0,0.0,1854,862.0,0.0,0.0,4.86,16.23,0.0,0.0,175,0.0,0.0,0.0,one,SR,1
0,1179,3451,0,0,14.0447,11.9919,0.4681,0.0,0.0,1456,835.0,0.0,0.0,1.03,15.85,0.0,0.0,155,0.0,0.0,0.0,one,SR,1
181,344,8046,1224,0,25.265,8.9434,7.7219,7.5219,0.0,1065,884.0,888.0,0.0,1.48,7.59,7.19,0.0,52,95.0,132.0,0.0,many,TR,2
0,2794,8643,0,0,14.0558,11.9908,0.4549,0.0,0.0,1326,853.0,0.0,0.0,-0.57,16.1,0.0,0.0,171,0.0,0.0,0.0,one,SR,1
0,75,846,0,0,13.8234,11.8439,0.5659,0.0,0.0,1160,714.0,0.0,0.0,-0.54,14.14,0.0,0.0,60,0.0,0.0,0.0,one,SR,1
0,3673,3662,0,0,13.9599,11.905,0.4603,0.0,0.0,1347,842.0,0.0,0.0,-0.21,15.95,0.0,0.0,167,0.0,0.0,0.0,one,SR,1
0,3045,1675,0,0,13.8765,11.8461,0.5009,0.0,0.0,1406,796.0,0.0,0.0,1.0,15.3,0.0,0.0,131,0.0,0.0,0.0,one,SR,1
0,280,4925,0,0,13.7754,11.7927,0.5521,0.0,0.0,1351,726.0,0.0,0.0,1.31,14.31,0.0,0.0,74,0.0,0.0,0.0,one,SR,1
0,4974,488,0,0,13.9911,11.9091,0.4253,0.0,0.0,1535,886.0,0.0,0.0,1.21,16.57,0.0,0.0,205,0.0,0.0,0.0,one,SR,1
0,4624,942,0,0,13.8847,11.8475,0.4723,0.0,0.0,1453,821.0,0.0,0.0,1.17,15.65,0.0,0.0,153,0.0,0.0,0.0,one,SR,1
0,3087,9389,0,0,13.7352,11.7498,0.562,0.0,0.0,1231,721.0,0.0,0.0,0.11,14.23,0.0,0.0,73,0.0,0.0,0.0,one,SR,1
0,109,2246,0,0,13.8016,11.7943,0.5159,0.0,0.0,1251,769.0,0.0,0.0,-0.29,14.91,0.0,0.0,111,0.0,0.0,0.0,one,SR,1
0,87,6333,0,0,13.751,11.7651,0.5426,0.0,0.0,1242,735.0,0.0,0.0,0.05,14.43,0.0,0.0,84,0.0,0.0,0.0,one,SR,1
0,4460,6508,0,0,13.8075,11.7857,0.5135,0.0,0.0,1696,781.0,0.0,0.0,4.23,15.08,0.0,0.0,122,0.0,0.0,0.0,one,SR,1
0,665,3227,0,0,13.9364,11.8581,0.4356,0.0,0.0,1316,876.0,0.0,0.0,-0.97,16.43,0.0,0.0,200,0.0,0.0,0.0,one,SR,1
0,4234,6500,0,0,13.8403,11.799,0.4849,0.0,0.0,1167,815.0,0.0,0.0,-1.75,15.56,0.0,0.0,151,0.0,0.0,0.0,one,SR,1
0,803,5147,0,0,13.8002,11.7776,0.5029,0.0,0.0,1169,789.0,0.0,0.0,-1.4,15.2,0.0,0.0,130,0.0,0.0,0.0,one,SR,1
0,104,1885,0,0,13.928,11.8528,0.4212,0.0,0.0,1576,884.0,0.0,0.0,1.66,16.54,0.0,0.0,207,0.0,0.0,0.0,one,SR,1
181,2386,4837,4752,0,33.5521,9.688,6.8353,15.8048,0.0,1375,924.0,2058.0,0.0,3.42,8.09,10.15,0.0,91,147.0,379.0,0.0,many,RT,2
0,2375,4747,0,0,13.6198,11.6391,0.5643,0.0,0.0,1158,716.0,0.0,0.0,-0.59,14.16,0.0,0.0,76,0.0,0.0,0.0,one,SR,1
0,4741,2911,0,0,13.7233,11.7024,0.4914,0.0,0.0,1270,796.0,0.0,0.0,-0.43,15.3,0.0,0.0,141,0.0,0.0,0.0,one,SR,1
0,3640,1911,0,0,13.6505,11.6375,0.5216,0.0,0.0,1358,769.0,0.0,0.0,0.84,14.91,0.0,0.0,122,0.0,0.0,0.0,one,SR,1
0,3793,8882,0,0,13.6391,11.6233,0.5174,0.0,0.0,1569,774.0,0.0,0.0,2.99,14.98,0.0,0.0,127,0.0,0.0,0.0,one,SR,1
0,323,3242,0,0,13.563,11.5647,0.5479,0.0,0.0,1133,740.0,0.0,0.0,-1.16,14.5,0.0,0.0,102,0.0,0.0,0.0,one,SR,1
0,2712,1502,0,0,13.5767,11.5669,0.5311,0.0,0.0,1218,760.0,0.0,0.0,-0.52,14.79,0.0,0.0,119,0.0,0.0,0.0,one,SR,1
0,1916,8364,0,0,13.6638,11.6146,0.4546,0.0,0.0,1241,842.0,0.0,0.0,-1.32,15.95,0.0,0.0,187,0.0,0.0,0.0,one,SR,1
0,283,931,0,0,13.7135,11.6324,0.4173,0.0,0.0,1624,891.0,0.0,0.0,2.08,16.64,0.0,0.0,228,0.0,0.0,0.0,one,SR,1
0,838,183,0,0,13.7168,11.6196,0.4078,0.0,0.0,1709,909.0,0.0,0.0,2.74,16.89,0.0,0.0,245,0.0,0.0,0.0,one,SR,1
0,271,9810,0,0,13.654,11.5782,0.4204,0.0,0.0,1447,885.0,0.0,0.0,0.29,16.55,0.0,0.0,227,0.0,0.0,0.0,one,SR,1
0,1516,1886,0,0,13.5627,11.5154,0.4809,0.0,0.0,1635,822.0,0.0,0.0,3.07,15.66,0.0,0.0,176,0.0,0.0,0.0,one,SR,1
0,2577,2564,0,0,13.527,11.5044,0.4888,0.0,0.0,1262,799.0,0.0,0.0,-0.55,15.34,0.0,0.0,157,0.0,0.0,0.0,one,SR,1
0,3308,3473,0,0,13.5689,11.5195,0.4731,0.0,0.0,1472,829.0,0.0,0.0,1.27,15.76,0.0,0.0,182,0.0,0.0,0.0,one,SR,1
0,4921,2360,0,0,13.631,11.5521,0.4206,0.0,0.0,1972,887.0,0.0,0.0,5.78,16.58,0.0,0.0,230,0.0,0.0,0.0,one,SR,1
0,784,8044,0,0,13.5059,11.465,0.4902,0.0,0.0,1554,811.0,0.0,0.0,2.36,15.51,0.0,0.0,170,0.0,0.0,0.0,one,SR,1
0,1316,6442,0,0,13.4809,11.4474,0.487,0.0,0.0,1904,808.0,0.0,0.0,6.07,15.47,0.0,0.0,169,0.0,0.0,0.0,one,SR,1
0,3940,5070,0,0,13.4794,11.4459,0.487,0.0,0.0,1210,808.0,0.0,0.0,-1.21,15.47,0.0,0.0,169,0.0,0.0,0.0,one,SR,1
183,4494,3060,0,0,12.541,4.7853,7.1311,0.0,0.0,1325,1142.0,0.0,0.0,8.29,9.25,0.0,0.0,57,230.0,0.0,0.0,one,TR,1
0,1623,5304,0,0,13.4095,11.383,0.5112,0.0,0.0,1245,786.0,0.0,0.0,-0.57,15.15,0.0,0.0,154,0.0,0.0,0.0,one,SR,1
0,4855,3559,0,0,13.3823,11.3599,0.5126,0.0,0.0,1272,782.0,0.0,0.0,-0.23,15.1,0.0,0.0,152,0.0,0.0,0.0,one,SR,1
0,1162,3929,0,0,13.3333,11.3293,0.5254,0.0,0.0,1566,760.0,0.0,0.0,3.14,14.79,0.0,0.0,135,0.0,0.0,0.0,one,SR,1
0,2847,3953,0,0,13.4443,11.3769,0.4374,0.0,0.0,1913,867.0,0.0,0.0,5.42,16.3,0.0,0.0,225,0.0,0.0,0.0,one,SR,1
210,2290,4549,0,0,51.5753,6.6293,43.9199,0.0,0.0,1861,4061.0,0.0,0.0,10.31,16.26,0.0,0.0,178,-55.0,0.0,0.0,one,RT,1
0,4013,7848,0,0,13.3025,11.2971,0.514,0.0,0.0,1465,769.0,0.0,0.0,1.96,14.91,0.0,0.0,145,0.0,0.0,0.0,one,SR,1
0,1767,2132,0,0,13.2322,11.2462,0.5611,0.0,0.0,2904,722.0,0.0,0.0,17.67,14.25,0.0,0.0,108,0.0,0.0,0.0,one,SR,1
0,3892,3890,0,0,13.6498,11.4901,0.3163,0.0,0.0,2152,1018.0,0.0,0.0,6.0,18.43,0.0,0.0,348,0.0,0.0,0.0,one,SR,1
0,3295,9235,0,0,13.2264,11.2316,0.5529,0.0,0.0,1268,734.0,0.0,0.0,0.34,14.42,0.0,0.0,119,0.0,0.0,0.0,one,SR,1
0,2608,5628,0,0,13.199,11.2114,0.5683,0.0,0.0,1211,718.0,0.0,0.0,-0.06,14.19,0.0,0.0,107,0.0,0.0,0.0,one,SR,1
0,3390,3615,0,0,13.2306,11.2288,0.5473,0.0,0.0,1261,743.0,0.0,0.0,0.15,14.55,0.0,0.0,127,0.0,0.0,0.0,one,SR,1
0,52,8449,0,0,13.2948,11.276,0.4991,0.0,0.0,1444,789.0,0.0,0.0,1.49,15.2,0.0,0.0,164,0.0,0.0,0.0,one,SR,1
0,4552,6179,0,0,13.201,11.2155,0.5479,0.0,0.0,1299,731.0,0.0,0.0,0.7,14.38,0.0,0.0,118,0.0,0.0,0.0,one,SR,1
0,2033,5229,0,0,13.3103,11.2635,0.4721,0.0,0.0,1267,828.0,0.0,0.0,-0.87,15.75,0.0,0.0,199,0.0,0.0,0.0,one,SR,1
140,2812,6194,6193,0,35.5849,11.6573,11.2803,11.2803,0.0,1158,1602.0,1602.0,0.0,-0.14,9.83,9.83,0.0,44,309.0,309.0,0.0,many,RT,2
140,2612,9075,0,0,12.327,5.6243,6.0697,0.0,0.0,1426,1009.0,0.0,0.0,9.28,8.33,0.0,0.0,5,242.0,0.0,0.0,one,TR,1
281,2956,4287,0,0,12.9731,7.6736,4.3257,0.0,0.0,2112,1393.0,0.0,0.0,13.41,12.74,0.0,0.0,75,382.0,0.0,0.0,one,RT,1
0,348,2994,0,0,13.1064,11.1181,0.5578,0.0,0.0,1248,726.0,0.0,0.0,0.23,14.31,0.0,0.0,120,0.0,0.0,0.0,one,SR,1
0,3162,2204,0,0,13.3272,11.2392,0.3931,0.0,0.0,1653,913.0,0.0,0.0,2.1,16.95,0.0,0.0,274,0.0,0.0,0.0,one,SR,1
166,1441,5841,0,0,12.8133,6.5293,5.5067,0.0,0.0,1056,1095.0,0.0,0.0,4.09,10.77,0.0,0.0,32,200.0,0.0,0.0,one,RT,1
0,1605,9569,0,0,13.0408,11.034,0.5353,0.0,0.0,1194,755.0,0.0,0.0,-0.71,14.72,0.0,0.0,151,0.0,0.0,0.0,one,SR,1
0,2086,3876,0,0,13.1443,11.089,0.4551,0.0,0.0,1437,846.0,0.0,0.0,0.69,16.0,0.0,0.0,226,0.0,0.0,0.0,one,SR,1
0,4574,1142,0,0,13.0259,11.0111,0.5191,0.0,0.0,1188,772.0,0.0,0.0,-0.99,14.96,0.0,0.0,167,0.0,0.0,0.0,one,SR,1
0,3200,9,0,0,13.1244,11.0672,0.457,0.0,0.0,1615,846.0,0.0,0.0,2.56,16.0,0.0,0.0,228,0.0,0.0,0.0,one,SR,1
275,1170,5041,0,0,12.1221,5.4237,6.0795,0.0,0.0,1281,1062.0,0.0,0.0,7.88,8.19,0.0,0.0,10,290.0,0.0,0.0,one,RT,1
0,138,7622,0,0,12.9044,10.9065,0.5532,0.0,0.0,1550,736.0,0.0,0.0,3.27,14.45,0.0,0.0,143,0.0,0.0,0.0,one,SR,1
0,908,7373,0,0,12.8709,10.8694,0.5243,0.0,0.0,1287,759.0,0.0,0.0,0.22,14.77,0.0,0.0,166,0.0,0.0,0.0,one,SR,1
0,557,632,0,0,12.9291,10.8897,0.483,0.0,0.0,1658,815.0,0.0,0.0,3.4,15.56,0.0,0.0,213,0.0,0.0,0.0,one,SR,1
0,2733,9434,0,0,12.81,10.7978,0.5322,0.0,0.0,1252,761.0,0.0,0.0,-0.17,14.8,0.0,0.0,172,0.0,0.0,0.0,one,SR,1
234,672,3331,1443,0,47.7181,8.7242,9.5083,28.4803,0.0,1054,1220.0,2405.0,0.0,2.02,7.94,10.11,0.0,22,228.0,-80.0,0.0,many,RT,2
0,485,3281,0,0,12.7734,10.7699,0.5403,0.0,0.0,1333,749.0,0.0,0.0,0.83,14.63,0.0,0.0,164,0.0,0.0,0.0,one,SR,1
0,4247,8985,0,0,12.8342,10.791,0.4727,0.0,0.0,1749,825.0,0.0,0.0,4.23,15.71,0.0,0.0,228,0.0,0.0,0.0,one,SR,1
0,3214,2798,0,0,12.686,10.6936,0.5378,0.0,0.0,1449,743.0,0.0,0.0,2.12,14.55,0.0,0.0,164,0.0,0.0,0.0,one,SR,1
0,3381,5816,0,0,12.6417,10.6528,0.5569,0.0,0.0,1406,727.0,0.0,0.0,1.88,14.32,0.0,0.0,153,0.0,0.0,0.0,one,SR,1
0,4288,4849,0,0,12.8584,10.7782,0.4234,0.0,0.0,1877,886.0,0.0,0.0,4.8,16.57,0.0,0.0,282,0.0,0.0,0.0,one,SR,1
252,3819,2973,0,0,12.203,6.0439,5.1372,0.0,0.0,1357,1151.0,0.0,0.0,5.05,12.22,0.0,0.0,215,181.0,0.0,0.0,one,RT,1
0,2732,5235,0,0,12.6666,10.6442,0.5126,0.0,0.0,1565,782.0,0.0,0.0,2.84,15.1,0.0,0.0,201,0.0,0.0,0.0,one,SR,1
0,2267,1087,0,0,12.5993,10.6065,0.5325,0.0,0.0,1316,747.0,0.0,0.0,0.68,14.6,0.0,0.0,173,0.0,0.0,0.0,one,SR,1
0,1018,1833,0,0,12.5508,10.5592,0.5342,0.0,0.0,1282,745.0,0.0,0.0,0.34,14.57,0.0,0.0,175,0.0,0.0,0.0,one,SR,1
0,2559,647,0,0,12.5165,10.5305,0.5611,0.0,0.0,1239,722.0,0.0,0.0,0.19,14.25,0.0,0.0,157,0.0,0.0,0.0,one,SR,1
0,4641,2583,0,0,12.5113,10.5046,0.5309,0.0,0.0,1399,758.0,0.0,0.0,1.41,14.76,0.0,0.0,190,0.0,0.0,0.0,one,SR,1
0,102,7288,0,0,12.5593,10.5295,0.5017,0.0,0.0,1455,795.0,0.0,0.0,1.52,15.28,0.0,0.0,220,0.0,0.0,0.0,one,SR,1
35,209,9329,0,0,17.3873,5.6189,11.141,0.0,0.0,1362,1552.0,0.0,0.0,8.65,9.27,0.0,0.0,2,311.0,0.0,0.0,one,RT,1
0,2324,949,0,0,12.4962,10.4816,0.5006,0.0,0.0,1862,785.0,0.0,0.0,5.93,15.14,0.0,0.0,215,0.0,0.0,0.0,one,SR,1
0,285,1430,0,0,12.3268,10.325,0.5288,0.0,0.0,1207,756.0,0.0,0.0,-0.58,14.73,0.0,0.0,200,0.0,0.0,0.0,one,SR,1
0,3549,9925,0,0,12.2545,10.2732,0.5634,0.0,0.0,1194,717.0,0.0,0.0,-0.22,14.18,0.0,0.0,170,0.0,0.0,0.0,one,SR,1
0,2594,9182,0,0,12.1784,10.196,0.5617,0.0,0.0,1230,719.0,0.0,0.0,0.13,14.21,0.0,0.0,177,0.0,0.0,0.0,one,SR,1
38,56,2358,0,0,11.8122,8.1119,2.643,0.0,0.0,1108,1131.0,0.0,0.0,2.12,12.57,0.0,0.0,96,288.0,0.0,0.0,one,RT,1
0,4156,8012,0,0,12.2687,10.2243,0.4851,0.0,0.0,1593,817.0,0.0,0.0,2.69,15.59,0.0,0.0,260,0.0,0.0,0.0,one,SR,1
0,2949,8509,0,0,12.237,10.1941,0.4639,0.0,0.0,1674,831.0,0.0,0.0,3.37,15.79,0.0,0.0,274,0.0,0.0,0.0,one,SR,1
0,4360,2995,0,0,12.0222,10.0194,0.5412,0.0,0.0,1362,748.0,0.0,0.0,1.15,14.62,0.0,0.0,214,0.0,0.0,0.0,one,SR,1
0,3093,9340,0,0,12.0611,10.0442,0.5113,0.0,0.0,1531,779.0,0.0,0.0,2.53,15.06,0.0,0.0,239,0.0,0.0,0.0,one,SR,1
275,2928,2859,0,0,15.2344,5.3466,9.2618,0.0,0.0,1111,1536.0,0.0,0.0,6.03,9.26,0.0,0.0,20,407.0,0.0,0.0,one,RT,1
223,2404,4147,0,0,11.4189,7.0605,3.328,0.0,0.0,1508,1148.0,0.0,0.0,6.56,12.3,0.0,0.0,151,277.0,0.0,0.0,one,RT,1
0,569,5894,0,0,11.7359,9.7502,0.5523,0.0,0.0,1452,728.0,0.0,0.0,2.35,14.33,0.0,0.0,215,0.0,0.0,0.0,one,SR,1
0,1695,180,0,0,11.603,9.5994,0.5448,0.0,0.0,1502,746.0,0.0,0.0,2.64,14.59,0.0,0.0,241,0.0,0.0,0.0,one,SR,1
152,3915,4822,0,0,15.8724,9.6337,4.8604,0.0,0.0,1593,1786.0,0.0,0.0,4.32,16.78,0.0,0.0,189,419.0,0.0,0.0,one,RT,1
277,2975,9898,0,0,14.7258,4.0042,10.0899,0.0,0.0,1335,1680.0,0.0,0.0,8.33,9.32,0.0,0.0,115,466.0,0.0,0.0,one,RT,1
223,4137,8192,3789,0,28.9943,9.5681,9.1111,9.2111,0.0,1113,925.0,901.0,0.0,1.75,8.52,8.52,0.0,25,-7.0,-31.0,0.0,many,TR,2
69,3327,4533,4532,0,47.4531,9.4128,18.4965,18.4965,0.0,1354,2019.0,2019.0,0.0,4.79,9.24,9.24,0.0,1,248.0,248.0,0.0,many,TR,2
266,2875,4397,0,0,24.1941,5.6078,17.956,0.0,0.0,1346,1624.0,0.0,0.0,8.46,10.3,0.0,0.0,5,-83.0,0.0,0.0,one,TR,1
117,1749,9751,5231,0,25.1728,8.8767,7.7646,7.4412,0.0,1079,951.0,922.0,0.0,1.52,8.45,8.45,0.0,64,94.0,90.0,0.0,many,RT,2
181,4541,1097,0,0,16.1004,5.4741,10.0173,0.0,0.0,1268,1489.0,0.0,0.0,7.83,9.09,0.0,0.0,1,338.0,0.0,0.0,one,RT,1
195,2817,4931,0,0,13.8971,8.3539,4.5694,0.0,0.0,1290,1323.0,0.0,0.0,4.78,11.74,0.0,0.0,28,372.0,0.0,0.0,one,TR,1
0,4653,6986,0,0,10.5231,8.5107,0.5084,0.0,0.0,2175,778.0,0.0,0.0,9.3,15.04,0.0,0.0,343,0.0,0.0,0.0,one,SR,1
238,3274,9529,4183,0,33.8709,7.623,7.1089,17.9716,0.0,1349,1121.0,2841.0,0.0,3.66,8.75,10.93,0.0,197,244.0,807.0,0.0,many,RT,2
0,2246,2629,0,0,10.3258,8.3359,0.5508,0.0,0.0,1920,732.0,0.0,0.0,7.21,14.39,0.0,0.0,315,0.0,0.0,0.0,one,SR,1
147,777,8816,0,0,19.8068,8.2597,10.5153,0.0,0.0,1356,1869.0,0.0,0.0,4.95,13.32,0.0,0.0,70,357.0,0.0,0.0,one,TR,1
64,4295,9504,7722,0,39.1925,6.499,19.4263,12.1474,0.0,1863,2835.0,1974.0,0.0,9.48,10.61,9.59,0.0,244,737.0,557.0,0.0,many,TR,2
275,4404,2450,0,0,17.845,4.9431,12.2928,0.0,0.0,1222,1935.0,0.0,0.0,7.35,9.09,0.0,0.0,37,547.0,0.0,0.0,one,RT,1
106,4848,6117,0,0,19.4467,5.4687,13.3662,0.0,0.0,1088,2112.0,0.0,0.0,5.92,10.12,0.0,0.0,3,562.0,0.0,0.0,one,TR,1
262,1365,8657,650,0,80.1183,28.6185,18.9556,28.9602,0.0,1731,3276.0,4111.0,0.0,-14.08,19.81,26.03,0.0,248,573.0,280.0,0.0,many,RT,2
76,649,8417,7759,0,71.3591,17.3727,23.1566,28.7451,0.0,2594,3102.0,3809.0,0.0,8.47,16.13,14.72,0.0,95,411.0,710.0,0.0,many,RT,2
0,1124,7115,2190,47,71.3187,52.028,4.5929,4.6909,4.0707,1981,1375.0,1981.0,1080.0,-32.63,18.7,25.19,15.48,96,12.0,96.0,1.0,many,SR,3
0,1820,7677,1406,0,64.117,48.8169,4.1794,5.1892,0.0,2752,2752.0,2039.0,0.0,-24.49,32.18,27.13,0.0,312,312.0,0.0,0.0,many,SR,2
0,3288,9579,6556,0,62.6175,47.1048,5.1275,5.153,0.0,1983,1940.0,1983.0,0.0,-26.27,25.88,26.44,0.0,-1,0.0,-1.0,0.0,many,SR,2
0,843,6225,2256,0,62.4358,46.2208,5.7239,4.7662,0.0,3074,2896.0,1432.0,0.0,-19.25,37.77,19.48,0.0,362,13.0,0.0,0.0,many,SR,2
0,3646,6005,2056,0,61.5834,46.3056,5.0081,5.0236,0.0,2272,2199.0,1797.0,0.0,-23.36,28.38,24.08,0.0,62,61.0,0.0,0.0,many,SR,2
0,4745,9533,7299,7261,61.4881,45.0138,4.2191,3.4983,3.3876,2219,2219.0,780.0,1190.0,-25.02,26.55,12.09,15.06,226,226.0,0.0,148.0,many,SR,3
272,542,6979,1113,0,56.5876,15.7109,16.5648,22.4709,0.0,1390,2859.0,3153.0,0.0,-1.97,13.79,13.62,0.0,59,737.0,633.0,0.0,many,TR,2
186,3263,8133,5403,0,54.616,24.3929,14.084,13.3546,0.0,2470,2032.0,2803.0,0.0,0.87,16.98,16.87,0.0,46,67.0,702.0,0.0,many,TR,2
0,828,3764,3763,0,53.0417,38.5423,4.9549,4.9549,0.0,2776,1707.0,1707.0,0.0,-12.16,22.95,22.95,0.0,189,0.0,0.0,0.0,many,SR,2
42,2940,2731,1155,0,49.1918,22.0681,11.4551,13.1541,0.0,1674,1945.0,2566.0,0.0,-5.05,15.14,17.0,0.0,39,256.0,525.0,0.0,many,RT,2
0,1927,1212,338,0,49.8215,36.0004,4.5873,4.9855,0.0,3112,1351.0,1797.0,0.0,-5.56,18.51,23.97,0.0,153,4.0,9.0,0.0,many,SR,2
0,1944,8693,4055,0,48.3791,34.9527,4.7006,4.5672,0.0,1984,1757.0,1391.0,0.0,-16.59,22.81,18.78,0.0,169,61.0,21.0,0.0,many,SR,2
0,1308,7543,6858,4462,53.4581,37.3325,3.6609,3.8982,3.9316,2943,1410.0,992.0,1004.0,-10.81,17.24,14.48,14.63,299,175.0,1.0,0.0,many,SR,3
0,2557,7243,738,0,44.3654,31.9299,4.6763,4.0668,0.0,1904,1543.0,1216.0,0.0,-13.24,20.43,16.5,0.0,89,36.0,47.0,0.0,many,SR,2
79,2445,6359,6358,4890,76.8484,27.1669,14.881,14.881,16.5717,2384,2275.0,2275.0,2355.0,-5.1,15.06,15.06,15.35,202,316.0,316.0,264.0,many,RT,3
0,4667,9492,7312,0,43.1634,31.2226,3.5238,4.8687,0.0,2540,794.0,1755.0,0.0,-5.26,12.24,23.24,0.0,49,0.0,25.0,0.0,many,SR,2
0,650,7903,5071,0,42.2312,30.1917,3.7596,4.5849,0.0,2379,1482.0,1408.0,0.0,-8.28,17.99,18.96,0.0,209,181.0,22.0,0.0,many,SR,2
0,1090,4636,2371,0,42.0619,29.4785,4.504,4.4864,0.0,2325,1297.0,1307.0,0.0,-7.92,17.95,17.98,0.0,195,0.0,7.0,0.0,many,SR,2
38,2821,8554,6148,0,75.5013,12.4949,12.7072,48.8801,0.0,1141,1881.0,3011.0,0.0,-0.79,11.37,12.83,0.0,19,352.0,-942.0,0.0,many,RT,2
0,2153,3861,2294,0,41.8477,30.012,3.7234,4.6055,0.0,1950,905.0,1667.0,0.0,-11.09,13.48,21.59,0.0,106,2.0,68.0,0.0,many,SR,2
0,3899,5731,43,0,41.8957,29.3465,4.5358,4.308,0.0,1670,1559.0,1196.0,0.0,-15.81,20.25,16.8,0.0,273,66.0,0.0,0.0,many,SR,2
0,3001,8737,6817,0,41.0099,29.1814,4.3377,4.1824,0.0,1559,1209.0,1137.0,0.0,-13.41,16.96,16.12,0.0,41,-1.0,1.0,0.0,many,SR,2
0,4519,6189,3284,446,44.232,30.1903,3.4352,3.4493,3.518,2928,756.0,755.0,867.0,-2.01,11.79,11.8,12.8,175,2.0,0.0,24.0,many,SR,3
0,1612,4708,1089,0,40.3102,27.641,4.6563,4.3962,0.0,2579,1379.0,1241.0,0.0,-5.47,18.86,17.31,0.0,335,2.0,0.0,0.0,many,SR,2
0,1156,8373,383,0,53.6359,38.5295,5.3067,4.817,0.0,3994,2218.0,1510.0,0.0,-2.91,29.36,20.47,0.0,431,2.0,0.0,0.0,many,SR,2
0,2436,9087,2171,0,39.1001,27.8133,4.0726,3.8582,0.0,1478,1073.0,1478.0,0.0,-14.68,15.41,18.15,0.0,163,0.0,163.0,0.0,many,SR,2
0,3859,4915,2254,0,39.0235,27.4029,4.5873,3.4334,0.0,2222,1403.0,1443.0,0.0,-9.07,18.92,17.07,0.0,341,20.0,223.0,0.0,many,SR,2
0,2776,6425,6424,0,38.2192,26.8197,4.1238,4.1238,0.0,1434,1104.0,1104.0,0.0,-13.31,15.76,15.76,0.0,106,0.0,0.0,0.0,many,SR,2
0,973,7850,4710,0,38.4236,27.0773,3.6783,4.5071,0.0,1518,906.0,1331.0,0.0,-12.51,13.4,18.21,0.0,94,10.0,11.0,0.0,many,SR,2
0,1608,9395,994,0,37.9115,26.229,4.1021,4.3276,0.0,1803,1090.0,1207.0,0.0,-10.34,15.6,16.93,0.0,208,0.0,0.0,0.0,many,SR,2
260,4576,8544,3548,1128,83.7716,15.9187,21.1499,20.8126,23.8501,1510,1995.0,3122.0,2209.0,-2.51,10.8,11.8,11.8,167,-12.0,808.0,-61.0,many,TR,3
15,2003,1371,0,0,36.4539,17.616,16.2313,0.0,0.0,4705,3233.0,0.0,0.0,25.94,30.07,0.0,0.0,399,109.0,0.0,0.0,one,TR,1
0,1481,8729,2889,0,36.0188,25.3787,4.071,3.6531,0.0,1402,1147.0,884.0,0.0,-11.52,15.99,13.17,0.0,59,23.0,8.0,0.0,many,SR,2
0,2308,7652,7233,0,35.5392,25.0327,3.3998,3.9196,0.0,1496,1486.0,994.0,0.0,-12.98,17.36,14.51,0.0,249,241.0,0.0,0.0,many,SR,2
0,1865,6617,5411,0,53.7088,39.3311,5.0474,4.8012,0.0,4405,1899.0,1475.0,0.0,5.49,25.25,20.04,0.0,98,9.0,-1.0,0.0,many,SR,2
0,3267,9834,6119,0,34.6354,24.273,3.6927,3.8104,0.0,1860,1072.0,939.0,0.0,-6.2,14.69,13.9,0.0,100,62.0,-1.0,0.0,many,SR,2
210,257,8758,1317,0,37.4932,14.4026,10.9897,10.2338,0.0,1481,2040.0,2022.0,0.0,-1.25,12.34,12.33,0.0,164,516.0,546.0,0.0,many,RT,2
0,1917,8113,3326,0,33.2533,22.9771,3.4984,3.9014,0.0,1522,782.0,1274.0,0.0,-9.91,12.11,16.66,0.0,199,0.0,91.0,0.0,many,SR,2
0,4024,2080,1479,0,32.9918,23.0867,3.306,3.5798,0.0,1790,1410.0,956.0,0.0,-8.38,16.6,13.59,0.0,279,232.0,43.0,0.0,many,SR,2
0,4629,9333,8861,0,37.8262,26.8686,4.4441,3.4829,0.0,1352,1352.0,777.0,0.0,-13.08,18.25,12.05,0.0,28,28.0,0.0,0.0,many,SR,2
0,945,4112,2615,0,42.2017,29.611,4.5585,4.3633,0.0,1896,1357.0,1362.0,0.0,-13.11,18.51,18.17,0.0,233,10.0,45.0,0.0,many,SR,2
184,1358,2819,810,0,59.4496,14.3513,14.9788,28.3058,0.0,1462,2686.0,2979.0,0.0,-0.97,13.17,13.97,0.0,135,732.0,146.0,0.0,many,TR,2
0,4042,7934,565,0,36.9225,25.9685,4.2239,3.7358,0.0,1413,1150.0,925.0,0.0,-12.11,16.29,13.65,0.0,67,-1.0,7.0,0.0,many,SR,2
0,4246,7258,2255,0,31.9699,21.9314,3.8787,3.5023,0.0,1443,995.0,784.0,0.0,-8.77,14.44,12.13,0.0,136,7.0,0.0,0.0,many,SR,2
124,4487,866,865,0,40.2681,11.2138,13.8652,13.8652,0.0,1083,2018.0,2018.0,0.0,-0.54,9.62,9.62,0.0,48,490.0,490.0,0.0,many,TR,2
0,1089,3475,1305,0,45.7493,32.6876,4.651,4.651,0.0,2728,1372.0,1372.0,0.0,-5.19,18.8,18.8,0.0,79,0.0,0.0,0.0,many,SR,2
0,388,5896,5850,0,31.3607,20.8355,3.8562,3.7904,0.0,2178,1022.0,980.0,0.0,-3.04,14.61,14.17,0.0,346,19.0,16.0,0.0,many,SR,2
0,2228,9959,8014,0,45.7066,33.0683,3.5668,4.8472,0.0,2435,1892.0,1545.0,0.0,-12.45,21.34,20.91,0.0,338,313.0,0.0,0.0,many,SR,2
0,796,4293,3514,1824,43.9057,30.1721,3.7178,3.7178,2.3185,3851,892.0,892.0,1193.0,4.62,13.36,13.36,13.08,385,0.0,0.0,325.0,many,SR,3
4,2901,6214,0,0,34.1025,16.8462,15.2855,0.0,0.0,3741,3366.0,0.0,0.0,21.54,23.71,0.0,0.0,61,629.0,0.0,0.0,one,TR,1
0,3472,8528,6981,0,30.7635,21.1602,3.4523,3.4731,0.0,2032,1142.0,771.0,0.0,-2.76,14.8,11.98,0.0,201,123.0,0.0,0.0,many,SR,2
0,3191,9650,6350,0,35.0912,24.7497,3.4415,3.9873,0.0,1345,752.0,1345.0,0.0,-12.09,11.77,17.36,0.0,100,0.0,100.0,0.0,many,SR,2
233,4853,8679,6321,0,45.1224,12.9932,12.4284,18.192,0.0,1764,2054.0,1860.0,0.0,4.94,10.05,12.04,0.0,40,575.0,-16.0,0.0,many,RT,2
0,4470,7549,3723,0,33.359,23.231,3.7359,3.712,0.0,1699,901.0,890.0,0.0,-6.28,13.47,13.33,0.0,61,-1.0,0.0,0.0,many,SR,2
0,1470,7773,5706,0,32.7516,22.9461,3.5243,3.6781,0.0,1252,795.0,954.0,0.0,-10.28,12.27,13.76,0.0,33,-1.0,26.0,0.0,many,SR,2
0,3659,7103,2147,0,31.8605,22.2075,3.5998,3.5159,0.0,1340,896.0,789.0,0.0,-8.77,13.19,12.19,0.0,43,19.0,0.0,0.0,many,SR,2
0,1682,4873,3643,0,55.2587,40.7377,4.5136,5.3019,0.0,2534,1299.0,2193.0,0.0,-15.74,17.97,29.08,0.0,110,0.0,-1.0,0.0,many,SR,2
0,2279,3877,3279,0,52.4676,38.4351,4.8764,4.8764,0.0,2285,1584.0,1584.0,0.0,-14.52,21.4,21.4,0.0,6,0.0,0.0,0.0,many,SR,2
38,4948,7207,5040,3648,64.5077,11.8463,7.0316,16.4942,27.6011,1434,1191.0,2078.0,3382.0,1.25,8.12,9.08,10.15,134,337.0,416.0,712.0,many,RT,3
0,2507,8927,5146,0,28.4318,19.393,3.4026,2.879,0.0,2711,736.0,1434.0,0.0,3.65,11.59,15.99,0.0,370,0.0,310.0,0.0,many,SR,2
0,507,7247,7246,0,43.306,30.9383,4.4333,4.4333,0.0,2847,1258.0,1258.0,0.0,-1.62,17.51,17.51,0.0,39,0.0,0.0,0.0,many,SR,2
0,161,3538,110,0,46.3642,33.3212,4.388,4.6707,0.0,2154,1655.0,1383.0,0.0,-13.24,20.92,18.92,0.0,173,109.0,0.0,0.0,many,SR,2
0,1437,3136,1307,0,54.6795,40.0865,4.7353,4.972,0.0,2333,2019.0,1719.0,0.0,-19.48,25.75,23.11,0.0,265,90.0,-1.0,0.0,many,SR,2
0,3009,7767,3215,0,33.5741,23.4166,3.7314,3.7335,0.0,1224,904.0,900.0,0.0,-11.38,13.48,13.45,0.0,56,1.0,0.0,0.0,many,SR,2
0,3951,1927,1926,0,33.7512,23.6164,3.7239,3.7239,0.0,1089,899.0,899.0,0.0,-12.75,13.43,13.43,0.0,39,0.0,0.0,0.0,many,SR,2
233,313,1881,897,38,56.2163,18.5738,10.2974,14.8549,10.2935,1367,1476.0,1629.0,1479.0,-5.42,10.41,10.11,10.45,82,236.0,109.0,237.0,many,RT,3
0,1209,3086,1868,0,33.3065,23.2655,3.6452,3.7009,0.0,1123,854.0,981.0,0.0,-12.46,12.92,14.02,0.0,68,0.0,30.0,0.0,many,SR,2
0,108,9385,6299,0,38.8004,27.2529,3.9278,4.3953,0.0,2331,1004.0,1280.0,0.0,-4.54,14.63,17.62,0.0,121,0.0,12.0,0.0,many,SR,2
0,2623,6187,2184,0,28.8548,19.1741,3.5828,3.5788,0.0,3186,827.0,823.0,0.0,10.78,12.62,12.57,0.0,239,0.0,0.0,0.0,many,SR,2
0,2816,4726,2457,0,36.3366,25.6606,3.8326,3.9297,0.0,2854,1015.0,1003.0,0.0,3.74,14.52,14.61,0.0,39,20.0,0.0,0.0,many,SR,2
26,133,4642,3614,279,94.117,37.6911,16.2301,19.7288,16.2303,2415,2927.0,2908.0,2935.0,-12.77,18.39,17.58,18.4,30,545.0,376.0,550.0,many,RT,3
0,4321,9464,6567,0,46.1971,33.1875,4.2904,4.6487,0.0,2590,1189.0,1879.0,0.0,-9.44,16.72,23.98,0.0,235,0.0,90.0,0.0,many,SR,2
114,2216,1982,1674,0,23.2633,9.4469,6.8955,5.7955,0.0,1321,899.0,1081.0,0.0,3.74,7.91,9.35,0.0,47,135.0,254.0,0.0,many,RT,2
48,4222,8690,3778,0,47.6488,14.7028,19.2835,12.0051,0.0,1149,2438.0,1777.0,0.0,-2.85,13.22,10.36,0.0,15,294.0,371.0,0.0,many,RT,2
0,1953,1308,568,0,39.3347,27.6534,3.756,4.5126,0.0,1799,1157.0,1386.0,0.0,-11.82,15.49,18.64,0.0,209,77.0,28.0,0.0,many,SR,2
0,2210,9384,8306,0,47.3654,33.7813,4.7938,4.7967,0.0,2127,1466.0,1474.0,0.0,-13.61,19.91,20.02,0.0,148,0.0,-1.0,0.0,many,SR,2
0,3668,2086,1610,0,43.8071,29.8143,4.8459,4.8874,0.0,3892,1564.0,1590.0,0.0,2.53,21.11,21.49,0.0,581,3.0,-1.0,0.0,many,SR,2
0,1367,5822,1975,0,43.3657,31.2304,3.827,4.8197,0.0,1907,960.0,1542.0,0.0,-11.37,14.09,20.79,0.0,12,3.0,6.0,0.0,many,SR,2
114,298,5818,5452,1891,87.5078,20.2557,22.8035,22.6487,18.9636,2502,3073.0,2901.0,2710.0,0.74,14.45,14.45,14.45,360,505.0,383.0,448.0,many,TR,3
0,2565,4854,0,0,22.1261,19.7687,0.0176,0.0,0.0,2019,1369.0,0.0,0.0,0.14,23.4,0.0,0.0,88,0.0,0.0,0.0,one,SR,1
0,3893,3728,0,0,21.9237,19.5826,0.0367,0.0,0.0,2283,1344.0,0.0,0.0,3.23,23.04,0.0,0.0,79,0.0,0.0,0.0,one,SR,1
224,585,7739,5743,5052,80.7678,13.9368,23.1931,23.9986,17.9201,1764,2389.0,2590.0,2057.0,3.05,9.9,10.53,8.76,105,222.0,293.0,337.0,many,TR,3
166,2401,3516,1399,0,44.2254,11.3882,13.3653,18.173,0.0,1101,2268.0,1666.0,0.0,-0.13,10.72,10.27,0.0,21,646.0,-62.0,0.0,many,RT,2
0,2662,7538,0,0,20.8795,18.5655,0.0859,0.0,0.0,1955,1290.0,0.0,0.0,0.47,22.28,0.0,0.0,102,0.0,0.0,0.0,one,SR,1
0,1347,3413,0,0,20.9227,18.587,0.054,0.0,0.0,1828,1328.0,0.0,0.0,-1.34,22.82,0.0,0.0,133,0.0,0.0,0.0,one,SR,1
0,4318,5905,5117,0,35.541,24.9461,3.6234,3.9433,0.0,1495,953.0,1260.0,0.0,-11.56,13.66,16.62,0.0,158,34.0,80.0,0.0,many,SR,2
26,4016,5888,4959,0,89.5226,23.7722,23.2942,39.5867,0.0,2135,2889.0,4125.0,0.0,-3.41,19.42,20.27,0.0,140,52.0,12.0,0.0,many,RT,2
0,1138,6759,0,0,20.3975,18.0721,0.0691,0.0,0.0,2717,1310.0,0.0,0.0,8.22,22.56,0.0,0.0,153,0.0,0.0,0.0,one,SR,1
203,2595,6418,3051,0,44.0698,10.0929,18.1857,14.6511,0.0,1115,2116.0,2184.0,0.0,1.45,9.89,9.51,0.0,12,302.0,578.0,0.0,many,RT,2
0,2751,2788,0,0,20.1543,17.9172,0.1844,0.0,0.0,1886,1166.0,0.0,0.0,1.33,20.53,0.0,0.0,38,0.0,0.0,0.0,one,SR,1
152,25,9270,6043,0,30.586,12.1279,8.7891,8.3224,0.0,1234,1260.0,1522.0,0.0,0.84,9.7,9.77,0.0,0,199.0,421.0,0.0,many,RT,2
10,1730,1481,1480,0,38.882,17.4352,9.5659,9.5659,0.0,2293,1847.0,1847.0,0.0,3.24,14.57,14.57,0.0,232,322.0,322.0,0.0,many,RT,2
0,522,9884,0,0,19.7422,17.5388,0.2383,0.0,0.0,1569,1104.0,0.0,0.0,-1.21,19.65,0.0,0.0,10,0.0,0.0,0.0,one,SR,1
0,2714,5772,0,0,20.547,18.2726,0.1439,0.0,0.0,3248,1221.0,0.0,0.0,14.93,21.3,0.0,0.0,62,0.0,0.0,0.0,one,SR,1
42,2843,5478,5477,0,46.8072,24.0969,9.9924,9.9924,0.0,1579,2605.0,2605.0,0.0,-7.95,17.63,17.63,0.0,30,700.0,700.0,0.0,many,TR,2
231,4193,7183,7182,773,75.1274,12.627,12.2817,12.2817,36.4366,1418,1277.0,1277.0,3784.0,1.39,7.9,7.9,11.21,60,115.0,115.0,451.0,many,RT,3
0,3656,6063,5970,0,83.7214,64.0698,5.2527,6.4085,0.0,4363,2127.0,4020.0,0.0,-26.1,28.24,51.66,0.0,535,0.0,34.0,0.0,many,SR,2
0,187,8329,2662,0,36.5781,25.6916,3.9021,3.9369,0.0,1529,987.0,1187.0,0.0,-11.37,14.43,16.04,0.0,119,0.0,58.0,0.0,many,SR,2
0,2469,6208,0,0,19.3787,17.1838,0.2554,0.0,0.0,1727,1086.0,0.0,0.0,0.68,19.4,0.0,0.0,19,0.0,0.0,0.0,one,SR,1
0,3767,3353,1045,0,35.3798,24.3064,4.014,4.0299,0.0,1755,1047.0,1052.0,0.0,-8.84,15.11,15.18,0.0,202,0.0,-1.0,0.0,many,SR,2
0,2840,7531,0,0,19.2153,16.9796,0.1816,0.0,0.0,1967,1167.0,0.0,0.0,2.17,20.54,0.0,0.0,103,0.0,0.0,0.0,one,SR,1
0,3661,9661,0,0,19.1265,16.9131,0.2144,0.0,0.0,1891,1128.0,0.0,0.0,1.86,19.99,0.0,0.0,74,0.0,0.0,0.0,one,SR,1
0,713,4277,0,0,19.0437,16.8257,0.2077,0.0,0.0,1831,1136.0,0.0,0.0,1.13,20.1,0.0,0.0,87,0.0,0.0,0.0,one,SR,1
0,2887,9912,5289,0,35.4511,24.9038,3.8924,3.605,0.0,1366,984.0,1274.0,0.0,-13.11,14.4,16.1,0.0,174,0.0,140.0,0.0,many,SR,2
0,4886,5775,0,0,18.568,16.395,0.2829,0.0,0.0,1134,1051.0,0.0,0.0,-5.1,18.9,0.0,0.0,42,0.0,0.0,0.0,one,SR,1
0,578,5719,0,0,18.4294,16.2195,0.2335,0.0,0.0,1810,1112.0,0.0,0.0,1.22,19.76,0.0,0.0,107,0.0,0.0,0.0,one,SR,1
0,3720,6112,5003,0,35.2398,24.5332,3.8747,3.8999,0.0,1250,974.0,1065.0,0.0,-13.26,14.29,15.03,0.0,127,0.0,25.0,0.0,many,SR,2
0,195,4519,0,0,18.5317,16.2491,0.1365,0.0,0.0,1784,1232.0,0.0,0.0,-0.58,21.46,0.0,0.0,209,0.0,0.0,0.0,one,SR,1
0,4220,8129,0,0,18.5878,16.2267,0.017,0.0,0.0,3003,1372.0,0.0,0.0,10.44,23.44,0.0,0.0,332,0.0,0.0,0.0,one,SR,1
162,2343,4085,2906,851,51.6685,12.5678,15.1634,15.1634,7.236,1272,1632.0,1632.0,1204.0,-0.48,8.04,8.04,8.29,87,212.0,212.0,326.0,many,TR,3
49,309,7349,7348,0,46.8151,9.0363,18.3545,18.3545,0.0,1188,2453.0,2453.0,0.0,2.85,9.35,9.35,0.0,41,580.0,580.0,0.0,many,TR,2
0,912,1117,0,0,17.9866,15.7769,0.2432,0.0,0.0,1483,1105.0,0.0,0.0,-2.13,19.66,0.0,0.0,131,0.0,0.0,0.0,one,SR,1
0,764,8730,0,0,17.76,15.6357,0.3402,0.0,0.0,1830,976.0,0.0,0.0,3.16,17.84,0.0,0.0,29,0.0,0.0,0.0,one,SR,1
265,3413,9107,5673,5672,50.5286,18.2358,9.666,10.223,10.223,1233,1283.0,1814.0,1814.0,-6.68,10.5,10.15,10.15,95,120.0,513.0,513.0,many,RT,3
176,1715,9865,8187,0,37.2197,11.8417,15.5045,8.553,0.0,1288,2188.0,1669.0,0.0,1.64,8.88,11.32,0.0,3,568.0,431.0,0.0,many,RT,2
134,1954,5118,0,0,22.1048,11.4163,9.3908,0.0,0.0,1507,2539.0,0.0,0.0,4.14,16.98,0.0,0.0,18,722.0,0.0,0.0,one,TR,1
277,2432,9646,0,0,16.9131,8.8828,6.9277,0.0,0.0,1104,1633.0,0.0,0.0,1.67,14.03,0.0,0.0,71,342.0,0.0,0.0,one,RT,1
0,4457,7552,7551,0,34.6747,24.3728,3.7769,3.7769,0.0,1289,926.0,926.0,0.0,-11.2,13.74,13.74,0.0,25,0.0,0.0,0.0,many,SR,2
184,2640,9132,9131,0,48.7627,14.7186,16.1367,16.1367,0.0,1167,2285.0,2285.0,0.0,-3.68,12.85,12.85,0.0,83,378.0,378.0,0.0,many,RT,2
0,4537,2290,0,0,17.1615,15.0206,0.3158,0.0,0.0,1309,1005.0,0.0,0.0,-2.68,18.25,0.0,0.0,96,0.0,0.0,0.0,one,SR,1
173,3861,497,0,0,15.9924,2.5825,12.7288,0.0,0.0,1602,1931.0,0.0,0.0,10.69,10.81,0.0,0.0,242,421.0,0.0,0.0,one,RT,1
0,944,6608,0,0,17.0926,14.9611,0.3389,0.0,0.0,1182,982.0,0.0,0.0,-3.72,17.93,0.0,0.0,80,0.0,0.0,0.0,one,SR,1
0,3345,6191,0,0,17.2218,15.0229,0.2495,0.0,0.0,1459,1093.0,0.0,0.0,-2.23,19.5,0.0,0.0,172,0.0,0.0,0.0,one,SR,1
127,2955,6913,0,0,16.0267,5.2826,10.1068,0.0,0.0,1267,1660.0,0.0,0.0,7.57,9.37,0.0,0.0,31,447.0,0.0,0.0,one,TR,1
0,1571,6309,0,0,16.8236,14.7471,0.424,0.0,0.0,1231,883.0,0.0,0.0,-1.95,16.53,0.0,0.0,9,0.0,0.0,0.0,one,SR,1
117,789,2688,0,0,15.9876,6.1555,9.1255,0.0,0.0,1376,1656.0,0.0,0.0,8.09,11.07,0.0,0.0,14,403.0,0.0,0.0,one,RT,1
0,4051,8237,0,0,16.7616,14.6705,0.4074,0.0,0.0,1403,905.0,0.0,0.0,-0.42,16.84,0.0,0.0,33,0.0,0.0,0.0,one,SR,1
195,2952,5499,0,0,16.1152,7.6667,7.5157,0.0,0.0,1198,1697.0,0.0,0.0,4.18,12.33,0.0,0.0,50,454.0,0.0,0.0,one,RT,1
0,1992,2827,108,0,38.1568,26.1051,4.3016,4.3453,0.0,1984,1224.0,1217.0,0.0,-9.81,17.01,17.04,0.0,310,10.0,0.0,0.0,many,SR,2
0,2177,7173,0,0,18.9317,16.5921,0.0437,0.0,0.0,2455,1338.0,0.0,0.0,5.11,22.96,0.0,0.0,278,0.0,0.0,0.0,one,SR,1
247,4979,4705,0,0,15.5828,4.9317,10.0124,0.0,0.0,1220,1642.0,0.0,0.0,7.06,9.39,0.0,0.0,56,438.0,0.0,0.0,one,RT,1
0,1152,3983,0,0,16.3994,14.2823,0.3599,0.0,0.0,1118,957.0,0.0,0.0,-4.08,17.57,0.0,0.0,105,0.0,0.0,0.0,one,SR,1
0,3924,6615,0,0,16.0659,13.9517,0.3641,0.0,0.0,1190,952.0,0.0,0.0,-3.26,17.5,0.0,0.0,123,0.0,0.0,0.0,one,SR,1
0,2779,5440,0,0,15.8435,13.7836,0.4342,0.0,0.0,1873,864.0,0.0,0.0,5.04,16.26,0.0,0.0,58,0.0,0.0,0.0,one,SR,1
0,4362,1747,0,0,21.8173,19.5144,0.0833,0.0,0.0,1906,1284.0,0.0,0.0,0.04,22.2,0.0,0.0,32,0.0,0.0,0.0,one,SR,1
0,1777,3566,1067,0,30.4334,20.8593,3.7028,3.3828,0.0,2419,906.0,723.0,0.0,3.0,13.45,11.44,0.0,105,6.0,0.0,0.0,many,SR,2
0,2510,6482,0,0,17.4061,15.2195,0.2724,0.0,0.0,2087,1068.0,0.0,0.0,4.69,19.14,0.0,0.0,137,0.0,0.0,0.0,one,SR,1
0,2715,654,0,0,15.417,13.399,0.5097,0.0,0.0,1490,781.0,0.0,0.0,2.07,15.08,0.0,0.0,12,0.0,0.0,0.0,one,SR,1
257,389,8080,0,0,19.5351,7.0772,11.5646,0.0,0.0,1094,1831.0,0.0,0.0,3.45,11.93,0.0,0.0,66,347.0,0.0,0.0,one,RT,1
0,370,6007,4070,0,36.0812,25.3929,3.91,3.8805,0.0,1885,992.0,1000.0,0.0,-6.29,14.49,14.49,0.0,47,0.0,8.0,0.0,many,SR,2
0,3483,9790,0,0,15.5204,13.4042,0.3519,0.0,0.0,1287,962.0,0.0,0.0,-2.36,17.64,0.0,0.0,169,0.0,0.0,0.0,one,SR,1
0,4951,3622,0,0,15.1804,13.1635,0.4972,0.0,0.0,1162,789.0,0.0,0.0,-1.48,15.2,0.0,0.0,35,0.0,0.0,0.0,one,SR,1
0,4568,1051,0,0,15.1179,13.1244,0.5361,0.0,0.0,1241,745.0,0.0,0.0,-0.09,14.57,0.0,0.0,0,0.0,0.0,0.0,one,SR,1
164,3773,9128,0,0,15.0697,10.2038,3.3901,0.0,0.0,1626,1649.0,0.0,0.0,3.79,17.76,0.0,0.0,210,343.0,0.0,0.0,one,RT,1
210,4020,7724,3732,0,56.9705,14.4192,25.1198,15.7925,0.0,1322,2640.0,1919.0,0.0,-0.87,12.2,12.2,0.0,23,172.0,157.0,0.0,many,TR,2
0,2939,6070,2131,0,40.8161,29.067,3.5378,4.8189,0.0,1942,873.0,1566.0,0.0,-10.14,12.88,21.05,0.0,100,23.0,10.0,0.0,many,SR,2
124,1899,9990,0,0,14.3702,6.2899,7.3412,0.0,0.0,1091,1500.0,0.0,0.0,4.8,10.39,0.0,0.0,25,425.0,0.0,0.0,one,TR,1
0,1030,349,0,0,14.8581,12.8177,0.491,0.0,0.0,1433,810.0,0.0,0.0,1.1,15.49,0.0,0.0,77,0.0,0.0,0.0,one,SR,1
0,1292,2212,0,0,14.7791,12.7774,0.5288,0.0,0.0,1331,756.0,0.0,0.0,0.72,14.73,0.0,0.0,33,0.0,0.0,0.0,one,SR,1
0,1282,7163,1546,0,29.2264,19.884,3.4334,3.391,0.0,1218,1002.0,727.0,0.0,-9.87,13.68,11.5,0.0,190,81.0,-1.0,0.0,many,SR,2
0,667,6969,0,0,14.8425,12.8134,0.484,0.0,0.0,1237,807.0,0.0,0.0,-0.92,15.45,0.0,0.0,75,0.0,0.0,0.0,one,SR,1
0,3804,3075,0,0,21.1707,18.8173,0.0235,0.0,0.0,2840,1362.0,0.0,0.0,8.85,23.3,0.0,0.0,147,0.0,0.0,0.0,one,SR,1
50,4836,7747,3870,0,41.1126,7.2104,10.8988,21.9109,0.0,1237,1678.0,2133.0,0.0,3.16,9.3,10.62,0.0,179,419.0,60.0,0.0,many,TR,2
147,3994,5568,0,0,16.6033,7.9362,7.5279,0.0,0.0,1780,1697.0,0.0,0.0,8.44,14.39,0.0,0.0,158,335.0,0.0,0.0,one,TR,1
263,3000,8721,6731,0,50.583,9.5569,24.1745,15.7557,0.0,1206,2310.0,2028.0,0.0,2.8,11.01,8.95,0.0,21,43.0,428.0,0.0,many,RT,2
0,3702,4701,0,0,14.4389,12.4284,0.5206,0.0,0.0,1562,768.0,0.0,0.0,2.99,14.9,0.0,0.0,67,0.0,0.0,0.0,one,SR,1
0,4912,1976,0,0,14.5112,12.4476,0.4336,0.0,0.0,1431,867.0,0.0,0.0,0.36,16.3,0.0,0.0,152,0.0,0.0,0.0,one,SR,1
0,4484,1388,0,0,14.4121,12.3547,0.4614,0.0,0.0,1197,843.0,0.0,0.0,-1.8,15.96,0.0,0.0,137,0.0,0.0,0.0,one,SR,1
120,3647,804,0,0,13.9946,7.5688,5.4633,0.0,0.0,1189,1375.0,0.0,0.0,3.82,11.63,0.0,0.0,75,367.0,0.0,0.0,one,TR,1
0,3143,7470,2589,0,41.4496,29.2905,4.1814,4.4335,0.0,1696,1368.0,1262.0,0.0,-14.09,17.89,17.55,0.0,178,76.0,0.0,0.0,many,SR,2
7,1235,4010,0,0,13.8317,7.0416,5.9435,0.0,0.0,1314,1251.0,0.0,0.0,6.18,11.47,0.0,0.0,40,254.0,0.0,0.0,one,RT,1
0,3310,9364,0,0,14.2484,12.1627,0.4246,0.0,0.0,1389,889.0,0.0,0.0,-0.36,16.61,0.0,0.0,190,0.0,0.0,0.0,one,SR,1
0,3229,6435,0,0,20.0269,17.7548,0.1331,0.0,0.0,1825,1227.0,0.0,0.0,-0.09,21.39,0.0,0.0,102,0.0,0.0,0.0,one,SR,1
0,2615,7674,0,0,18.8663,16.6648,0.2364,0.0,0.0,2208,1104.0,0.0,0.0,5.5,19.65,0.0,0.0,70,0.0,0.0,0.0,one,SR,1
0,4622,3956,0,0,20.1358,17.8626,0.1314,0.0,0.0,1763,1229.0,0.0,0.0,-0.76,21.42,0.0,0.0,97,0.0,0.0,0.0,one,SR,1
168,3601,1370,0,0,13.4259,5.816,6.9669,0.0,0.0,1098,1277.0,0.0,0.0,5.74,9.43,0.0,0.0,-2,332.0,0.0,0.0,one,TR,1
0,706,3225,0,0,18.9932,16.6346,0.0019,0.0,0.0,2645,1381.0,0.0,0.0,6.56,23.57,0.0,0.0,312,0.0,0.0,0.0,one,SR,1
0,1290,5512,0,0,13.9704,11.9048,0.4399,0.0,0.0,1347,864.0,0.0,0.0,-0.49,16.26,0.0,0.0,186,0.0,0.0,0.0,one,SR,1
0,2409,5997,0,0,13.8301,11.8109,0.4939,0.0,0.0,1548,793.0,0.0,0.0,2.53,15.25,0.0,0.0,131,0.0,0.0,0.0,one,SR,1
0,1129,5039,2664,0,29.1667,19.3702,3.559,3.6584,0.0,1752,817.0,898.0,0.0,-4.82,12.49,13.3,0.0,262,1.0,11.0,0.0,many,SR,2
0,1345,5100,0,0,13.9538,11.8401,0.365,0.0,0.0,1622,951.0,0.0,0.0,1.29,17.49,0.0,0.0,266,0.0,0.0,0.0,one,SR,1
0,1995,5391,0,0,13.7394,11.6968,0.4876,0.0,0.0,1616,814.0,0.0,0.0,2.97,15.55,0.0,0.0,157,0.0,0.0,0.0,one,SR,1
114,1268,1726,1725,0,44.7911,10.3507,16.607,16.607,0.0,1211,1985.0,1985.0,0.0,1.68,10.13,10.13,0.0,47,279.0,279.0,0.0,many,RT,2
223,2948,3935,1464,0,39.5857,11.011,9.6675,17.6332,0.0,1259,1624.0,1767.0,0.0,1.75,9.48,10.26,0.0,31,438.0,47.0,0.0,many,TR,2
0,4673,927,0,0,17.9007,15.6699,0.2077,0.0,0.0,1511,1145.0,0.0,0.0,-2.34,20.23,0.0,0.0,173,0.0,0.0,0.0,one,SR,1
0,622,3278,0,0,16.5125,14.3449,0.3001,0.0,0.0,2082,1035.0,0.0,0.0,5.05,18.67,0.0,0.0,168,0.0,0.0,0.0,one,SR,1
208,1346,2415,0,0,31.7555,19.8484,9.3304,0.0,0.0,2653,4193.0,0.0,0.0,4.67,30.77,0.0,0.0,228,1195.0,0.0,0.0,one,TR,1
109,4790,5680,0,0,23.3536,5.5367,17.1145,0.0,0.0,1568,2074.0,0.0,0.0,10.14,11.02,0.0,0.0,54,266.0,0.0,0.0,one,RT,1
26,821,9585,4121,2510,83.9644,24.6558,19.1683,17.2419,19.6006,2884,2082.0,1962.0,2112.0,0.6,14.89,14.88,15.2,343,-67.0,-47.0,-86.0,many,RT,3
0,2622,4134,0,0,17.7071,15.5756,0.3389,0.0,0.0,1884,982.0,0.0,0.0,3.65,17.93,0.0,0.0,38,0.0,0.0,0.0,one,SR,1
0,4679,1640,0,0,13.1176,11.0836,0.5002,0.0,0.0,1373,799.0,0.0,0.0,0.61,15.34,0.0,0.0,186,0.0,0.0,0.0,one,SR,1
243,120,1275,0,0,12.6767,5.92,6.0119,0.0,0.0,1284,1247.0,0.0,0.0,6.78,10.45,0.0,0.0,54,305.0,0.0,0.0,one,RT,1
0,415,2181,0,0,13.0031,11.0167,0.5418,0.0,0.0,1380,736.0,0.0,0.0,1.49,14.45,0.0,0.0,136,0.0,0.0,0.0,one,SR,1
0,2700,9117,0,0,19.933,17.7142,0.2298,0.0,0.0,2395,1121.0,0.0,0.0,7.25,19.89,0.0,0.0,13,0.0,0.0,0.0,one,SR,1
0,4000,8298,0,0,20.6237,18.3197,0.0958,0.0,0.0,1660,1276.0,0.0,0.0,-2.44,22.08,0.0,0.0,106,0.0,0.0,0.0,one,SR,1
252,1704,5828,0,0,12.4422,5.1784,6.5996,0.0,0.0,1311,1291.0,0.0,0.0,7.79,9.64,0.0,0.0,55,351.0,0.0,0.0,one,TR,1
0,2450,1008,0,0,12.8828,10.8562,0.4971,0.0,0.0,1364,796.0,0.0,0.0,0.56,15.3,0.0,0.0,199,0.0,0.0,0.0,one,SR,1
0,1498,8867,0,0,20.4154,18.0773,0.0365,0.0,0.0,2280,1342.0,0.0,0.0,3.23,23.02,0.0,0.0,180,0.0,0.0,0.0,one,SR,1
173,2126,2240,0,0,19.8408,4.784,14.3757,0.0,0.0,1624,2281.0,0.0,0.0,10.92,10.81,0.0,0.0,92,593.0,0.0,0.0,one,RT,1
234,596,3328,3310,0,55.5135,10.8006,30.2914,13.2166,0.0,1309,1973.0,1731.0,0.0,2.9,11.39,8.66,0.0,3,-586.0,364.0,0.0,many,RT,2
176,3571,8407,4163,0,48.3575,9.3676,23.3523,14.4305,0.0,1345,2819.0,2197.0,0.0,3.26,11.02,11.05,0.0,102,477.0,512.0,0.0,many,RT,2
52,4556,7030,0,0,12.2556,4.4426,6.9226,0.0,0.0,1627,1582.0,0.0,0.0,9.07,11.9,0.0,0.0,244,425.0,0.0,0.0,one,RT,1
0,3152,839,0,0,12.6228,10.6222,0.5304,0.0,0.0,1182,754.0,0.0,0.0,-0.82,14.7,0.0,0.0,178,0.0,0.0,0.0,one,SR,1
0,1154,4452,0,0,18.5993,16.4493,0.3165,0.0,0.0,1821,1011.0,0.0,0.0,2.62,18.34,0.0,0.0,4,0.0,0.0,0.0,one,SR,1
0,4351,9960,7766,0,34.1472,23.3888,3.9138,3.906,0.0,2635,1049.0,988.0,0.0,1.22,14.94,14.44,0.0,209,17.0,0.0,0.0,many,SR,2
157,2428,6633,6199,0,78.6374,10.929,24.3784,41.9177,0.0,1177,2680.0,3283.0,0.0,-0.35,12.2,12.93,0.0,122,245.0,-342.0,0.0,many,TR,2
197,2198,8181,4968,0,42.4496,9.8017,19.8433,11.6759,0.0,1139,2835.0,1699.0,0.0,1.8,10.53,8.76,0.0,25,718.0,422.0,0.0,many,RT,2
0,4038,6631,0,0,12.2027,10.2139,0.5384,0.0,0.0,1226,740.0,0.0,0.0,-0.18,14.5,0.0,0.0,194,0.0,0.0,0.0,one,SR,1
0,687,2002,556,0,44.2443,31.2232,4.3863,4.6886,0.0,1940,1235.0,1705.0,0.0,-15.15,17.24,22.22,0.0,293,0.0,56.0,0.0,many,SR,2
0,4939,649,0,0,19.2173,16.9485,0.1567,0.0,0.0,1999,1208.0,0.0,0.0,1.98,21.12,0.0,0.0,141,0.0,0.0,0.0,one,SR,1
0,455,6988,896,0,27.8697,17.7958,3.6847,3.7147,0.0,2572,879.0,914.0,0.0,2.94,13.21,13.54,0.0,428,0.0,6.0,0.0,many,SR,2
0,3256,8503,4338,0,35.0851,24.002,3.2654,4.6363,0.0,2058,962.0,1370.0,0.0,-7.02,13.07,18.74,0.0,316,95.0,3.0,0.0,many,SR,2
0,82,2335,0,0,20.0557,17.7289,0.0577,0.0,0.0,2161,1319.0,0.0,0.0,2.27,22.69,0.0,0.0,184,0.0,0.0,0.0,one,SR,1
0,179,1810,0,0,18.8669,16.5439,0.0539,0.0,0.0,2135,1319.0,0.0,0.0,2.0,22.69,0.0,0.0,265,0.0,0.0,0.0,one,SR,1
0,1503,3387,0,0,14.6662,12.5196,0.3074,0.0,0.0,1655,1015.0,0.0,0.0,0.82,18.39,0.0,0.0,275,0.0,0.0,0.0,one,SR,1
224,2482,8942,3747,0,42.997,7.5778,17.9282,16.4393,0.0,1407,2055.0,1840.0,0.0,5.31,9.26,8.26,0.0,129,306.0,285.0,0.0,many,RT,2
0,1991,3555,0,0,17.7,15.5678,0.3425,0.0,0.0,2440,980.0,0.0,0.0,9.51,17.9,0.0,0.0,37,0.0,0.0,0.0,one,SR,1
165,983,8531,0,0,11.4719,8.0783,2.2713,0.0,0.0,1292,1268.0,0.0,0.0,3.47,14.22,0.0,0.0,138,319.0,0.0,0.0,one,TR,1
0,4771,1825,1447,0,28.364,19.1325,3.5845,3.1483,0.0,1385,830.0,896.0,0.0,-7.95,12.64,12.35,0.0,229,1.0,93.0,0.0,many,SR,2
270,4992,139,0,0,17.4902,9.8401,6.2266,0.0,0.0,1262,1996.0,0.0,0.0,0.44,17.23,0.0,0.0,203,475.0,0.0,0.0,one,TR,1
88,3527,2327,1598,0,63.143,8.6838,11.5873,41.6568,0.0,1284,1572.0,2999.0,0.0,2.55,9.1,12.05,0.0,154,311.0,-493.0,0.0,many,RT,2
234,4155,137,0,0,11.1503,5.584,4.782,0.0,0.0,1334,1191.0,0.0,0.0,6.95,10.84,0.0,0.0,101,310.0,0.0,0.0,one,RT,1
281,1541,2560,0,0,15.3511,5.1181,9.3368,0.0,0.0,1312,1847.0,0.0,0.0,5.71,11.96,0.0,0.0,201,485.0,0.0,0.0,one,RT,1
0,2807,7036,0,0,19.7379,17.4826,0.1531,0.0,0.0,1645,1201.0,0.0,0.0,-1.65,21.02,0.0,0.0,98,0.0,0.0,0.0,one,SR,1
53,4666,6680,0,0,21.4572,8.9087,11.2777,0.0,0.0,2272,2440.0,0.0,0.0,12.42,15.71,0.0,0.0,173,611.0,0.0,0.0,one,RT,1
85,2009,6057,0,0,14.9112,9.2503,4.5697,0.0,0.0,1260,1554.0,0.0,0.0,3.41,13.91,0.0,0.0,39,423.0,0.0,0.0,one,RT,1
0,1943,6734,4494,0,41.6256,29.3648,4.3745,4.3863,0.0,2066,1229.0,1310.0,0.0,-9.81,17.18,17.82,0.0,146,0.0,24.0,0.0,many,SR,2
252,1079,29,0,0,19.6583,8.2096,10.4593,0.0,0.0,1317,2238.0,0.0,0.0,4.92,13.89,0.0,0.0,48,608.0,0.0,0.0,one,RT,1
48,608,7957,0,0,10.4527,5.3534,4.2795,0.0,0.0,1175,1182.0,0.0,0.0,4.96,11.2,0.0,0.0,138,312.0,0.0,0.0,one,TR,1
157,1897,1055,0,0,47.938,5.0649,41.9799,0.0,0.0,1235,3804.0,0.0,0.0,4.93,15.93,0.0,0.0,203,-121.0,0.0,0.0,one,TR,1
0,4466,8670,0,0,19.3818,17.1532,0.2155,0.0,0.0,1472,1138.0,0.0,0.0,-2.66,20.13,0.0,0.0,66,0.0,0.0,0.0,one,SR,1
0,4458,6008,0,0,15.564,13.445,0.3759,0.0,0.0,2076,947.0,0.0,0.0,6.11,17.43,0.0,0.0,153,0.0,0.0,0.0,one,SR,1
0,2396,7670,0,0,16.6715,14.4586,0.2337,0.0,0.0,1944,1114.0,0.0,0.0,2.6,19.79,0.0,0.0,229,0.0,0.0,0.0,one,SR,1
0,4526,6243,0,0,20.7366,18.4314,0.08,0.0,0.0,1974,1288.0,0.0,0.0,0.7,22.25,0.0,0.0,109,0.0,0.0,0.0,one,SR,1
0,1109,4159,4158,0,56.2131,40.7929,5.123,5.123,0.0,3470,1939.0,1939.0,0.0,-10.13,25.87,25.87,0.0,394,0.0,0.0,0.0,many,SR,2
0,3299,2224,519,0,32.1254,21.5605,3.8043,3.916,0.0,2933,940.0,997.0,0.0,5.2,13.9,14.55,0.0,276,0.0,0.0,0.0,many,SR,2
22,2837,5570,0,0,14.028,8.6205,4.3969,0.0,0.0,1319,1136.0,0.0,0.0,4.75,12.11,0.0,0.0,33,218.0,0.0,0.0,one,RT,1
0,1515,4372,0,0,18.4719,16.2369,0.1921,0.0,0.0,1618,1159.0,0.0,0.0,-1.4,20.43,0.0,0.0,147,0.0,0.0,0.0,one,SR,1
0,757,1611,0,0,18.7305,16.4835,0.1745,0.0,0.0,1774,1180.0,0.0,0.0,-0.03,20.73,0.0,0.0,148,0.0,0.0,0.0,one,SR,1
0,4202,5444,0,0,21.8427,19.5142,0.0693,0.0,0.0,1897,1312.0,0.0,0.0,-0.41,22.59,0.0,0.0,56,0.0,0.0,0.0,one,SR,1
117,956,4303,3893,0,63.4257,8.4584,16.5235,37.3467,0.0,1211,2400.0,3364.0,0.0,2.84,9.54,10.43,0.0,97,633.0,124.0,0.0,many,TR,2
0,1711,3030,0,0,17.3603,15.2175,0.3318,0.0,0.0,1166,995.0,0.0,0.0,-4.06,18.11,0.0,0.0,74,0.0,0.0,0.0,one,SR,1
103,1873,3070,876,0,61.1864,8.5206,23.0027,28.523,0.0,2692,2557.0,2321.0,0.0,18.0,9.73,10.67,0.0,119,371.0,-178.0,0.0,many,TR,2
0,3140,9658,0,0,16.4886,14.342,0.3356,0.0,0.0,2386,995.0,0.0,0.0,8.75,18.11,0.0,0.0,134,0.0,0.0,0.0,one,SR,1
0,2931,7737,5539,0,37.3378,25.8112,4.6374,3.6943,0.0,1565,1366.0,880.0,0.0,-12.32,18.73,13.22,0.0,201,0.0,0.0,0.0,many,SR,2
181,3678,8082,8081,0,30.6922,6.6333,11.5308,11.5308,0.0,1845,1725.0,1725.0,0.0,10.4,8.99,8.99,0.0,160,437.0,437.0,0.0,many,TR,2
38,3306,8582,3155,2523,83.4046,23.5733,34.9095,6.7659,15.4025,2150,2890.0,1161.0,2885.0,-2.21,11.56,9.04,19.93,83,-162.0,277.0,472.0,many,RT,3
0,2926,3701,0,0,18.0254,15.828,0.2564,0.0,0.0,2265,1087.0,0.0,0.0,6.31,19.41,0.0,0.0,112,0.0,0.0,0.0,one,SR,1
99,1986,2421,0,0,18.5185,4.2343,13.6694,0.0,0.0,2065,2195.0,0.0,0.0,16.15,10.15,0.0,0.0,89,606.0,0.0,0.0,one,RT,1
204,3842,6630,6629,0,61.1626,5.438,27.2673,27.2673,0.0,2452,3090.0,3090.0,0.0,15.04,10.95,10.95,0.0,360,463.0,463.0,0.0,many,RT,2
0,2265,3134,2609,0,38.3259,27.0287,4.5665,3.6219,0.0,2444,1325.0,845.0,0.0,-2.32,18.27,12.82,0.0,65,0.0,0.0,0.0,many,SR,2
0,572,4759,0,0,20.9388,18.5865,0.0252,0.0,0.0,2157,1360.0,0.0,0.0,1.71,23.27,0.0,0.0,161,0.0,0.0,0.0,one,SR,1
161,1208,8342,0,0,13.6764,3.9011,9.0461,0.0,0.0,1776,1794.0,0.0,0.0,12.09,11.29,0.0,0.0,182,500.0,0.0,0.0,one,TR,1
0,1394,2572,0,0,21.1699,18.9037,0.1371,0.0,0.0,2528,1220.0,0.0,0.0,7.38,21.29,0.0,0.0,18,0.0,0.0,0.0,one,SR,1
140,4668,6507,3335,0,43.3283,6.4662,17.3962,18.4459,0.0,1325,1842.0,1831.0,0.0,4.73,9.24,8.96,0.0,185,176.0,123.0,0.0,many,RT,2
0,4550,2571,0,0,19.9241,17.6377,0.1262,0.0,0.0,2569,1242.0,0.0,0.0,7.53,21.6,0.0,0.0,123,0.0,0.0,0.0,one,SR,1
0,143,4011,0,0,19.1837,16.8616,0.06,0.0,0.0,1738,1314.0,0.0,0.0,-2.11,22.62,0.0,0.0,239,0.0,0.0,0.0,one,SR,1
0,3684,7052,0,0,19.0683,16.76,0.0802,0.0,0.0,2028,1290.0,0.0,0.0,1.24,22.28,0.0,0.0,225,0.0,0.0,0.0,one,SR,1
0,674,5687,0,0,18.3353,15.9668,0.0061,0.0,0.0,2645,1385.0,0.0,0.0,6.51,23.62,0.0,0.0,361,0.0,0.0,0.0,one,SR,1
7,1262,6954,0,0,12.2231,6.6378,4.8208,0.0,0.0,1354,1050.0,0.0,0.0,7.34,9.65,0.0,0.0,17,269.0,0.0,0.0,one,TR,1
88,2613,9053,0,0,18.6111,5.5225,12.3877,0.0,0.0,1111,1836.0,0.0,0.0,5.36,10.01,0.0,0.0,54,414.0,0.0,0.0,one,TR,1
0,2110,5899,0,0,16.9278,14.8021,0.3614,0.0,0.0,1916,962.0,0.0,0.0,4.24,17.64,0.0,0.0,74,0.0,0.0,0.0,one,SR,1
117,1801,4614,0,0,12.0636,4.7958,6.6178,0.0,0.0,1092,1117.0,0.0,0.0,5.62,9.5,0.0,0.0,72,226.0,0.0,0.0,one,RT,1
0,2376,7785,0,0,14.4974,12.4136,0.4227,0.0,0.0,2526,889.0,0.0,0.0,11.57,16.61,0.0,0.0,173,0.0,0.0,0.0,one,SR,1
0,3188,2374,2373,0,30.2519,20.9967,3.4474,3.4474,0.0,1351,755.0,755.0,0.0,-7.06,11.8,11.8,0.0,17,0.0,0.0,0.0,many,SR,2
0,2249,1245,0,0,22.7649,20.4354,0.0491,0.0,0.0,2003,1327.0,0.0,0.0,0.51,22.8,0.0,0.0,6,0.0,0.0,0.0,one,SR,1
0,2990,788,0,0,19.016,16.8314,0.2705,0.0,0.0,1998,1068.0,0.0,0.0,3.75,19.14,0.0,0.0,27,0.0,0.0,0.0,one,SR,1
0,4207,3446,0,0,19.7599,17.497,0.1466,0.0,0.0,1908,1211.0,0.0,0.0,0.99,21.16,0.0,0.0,106,0.0,0.0,0.0,one,SR,1
0,1422,1522,0,0,18.6534,16.4959,0.3055,0.0,0.0,2132,1024.0,0.0,0.0,5.72,18.52,0.0,0.0,12,0.0,0.0,0.0,one,SR,1
0,413,3058,0,0,18.5861,16.3517,0.193,0.0,0.0,2560,1158.0,0.0,0.0,8.51,20.41,0.0,0.0,138,0.0,0.0,0.0,one,SR,1
0,3280,3505,0,0,13.8827,11.8674,0.5183,0.0,0.0,1503,773.0,0.0,0.0,2.31,14.97,0.0,0.0,110,0.0,0.0,0.0,one,SR,1
0,1226,1343,0,0,20.3685,18.1341,0.2071,0.0,0.0,2174,1148.0,0.0,0.0,4.58,20.27,0.0,0.0,8,0.0,0.0,0.0,one,SR,1
0,1112,4992,0,0,20.7961,18.4633,0.0538,0.0,0.0,2022,1326.0,0.0,0.0,0.72,22.79,0.0,0.0,140,0.0,0.0,0.0,one,SR,1
0,604,3898,0,0,21.5196,19.1656,0.0086,0.0,0.0,2296,1373.0,0.0,0.0,3.0,23.45,0.0,0.0,133,0.0,0.0,0.0,one,SR,1
0,2558,5541,0,0,15.1129,12.9731,0.336,0.0,0.0,1446,990.0,0.0,0.0,-1.05,18.04,0.0,0.0,223,0.0,0.0,0.0,one,SR,1
0,1158,7541,294,0,29.4918,19.7196,3.6041,3.6195,0.0,1772,833.0,844.0,0.0,-4.33,12.69,12.8,0.0,220,0.0,1.0,0.0,many,SR,2
0,1754,8114,0,0,14.5057,12.4502,0.4595,0.0,0.0,1246,843.0,0.0,0.0,-1.28,15.96,0.0,0.0,131,0.0,0.0,0.0,one,SR,1
0,210,5110,0,0,17.3647,15.2554,0.3761,0.0,0.0,1254,940.0,0.0,0.0,-2.43,17.33,0.0,0.0,24,0.0,0.0,0.0,one,SR,1
0,3795,106,0,0,14.2186,12.2349,0.5504,0.0,0.0,1697,728.0,0.0,0.0,4.92,14.33,0.0,0.0,46,0.0,0.0,0.0,one,SR,1
0,4258,10000,0,0,20.6889,18.4247,0.1634,0.0,0.0,1418,1200.0,0.0,0.0,-4.02,21.01,0.0,0.0,33,0.0,0.0,0.0,one,SR,1
32,3742,9126,0,0,21.9349,5.3919,15.4263,0.0,0.0,2048,2374.0,0.0,0.0,11.45,15.17,0.0,0.0,318,354.0,0.0,0.0,one,RT,1
173,1908,7915,0,0,24.8153,6.261,17.8604,0.0,0.0,1399,2784.0,0.0,0.0,8.44,10.94,0.0,0.0,-1,769.0,0.0,0.0,one,RT,1
0,4274,9788,9787,0,31.4228,21.9263,3.5238,3.5238,0.0,1325,794.0,794.0,0.0,-8.13,12.24,12.24,0.0,8,0.0,0.0,0.0,many,SR,2
184,3871,7921,4022,3589,65.4127,27.4202,10.8772,13.1808,10.8772,1210,1923.0,2235.0,1923.0,-14.81,12.83,14.92,12.83,7,405.0,391.0,405.0,many,RT,3
0,2930,7377,0,0,19.7226,17.3625,0.009,0.0,0.0,2022,1377.0,0.0,0.0,0.07,23.51,0.0,0.0,259,0.0,0.0,0.0,one,SR,1
42,1999,9945,8086,0,30.6423,10.406,8.9971,9.8654,0.0,1310,1446.0,1414.0,0.0,1.39,9.52,10.22,0.0,134,339.0,225.0,0.0,many,RT,2
25,4031,5999,0,0,12.2439,6.818,4.4069,0.0,0.0,1520,1332.0,0.0,0.0,6.79,13.19,0.0,0.0,161,305.0,0.0,0.0,one,RT,1
252,3690,2999,0,0,15.3606,5.7293,8.8695,0.0,0.0,1327,1003.0,0.0,0.0,7.08,10.62,0.0,0.0,77,-54.0,0.0,0.0,one,RT,1
0,1355,6444,724,0,30.3302,20.9848,3.708,3.0536,0.0,1310,887.0,946.0,0.0,-9.5,13.3,12.54,0.0,155,0.0,126.0,0.0,many,SR,2
0,3547,8275,0,0,18.1594,15.8044,0.0025,0.0,0.0,2307,1378.0,0.0,0.0,3.05,23.52,0.0,0.0,366,0.0,0.0,0.0,one,SR,1
0,2470,7708,0,0,14.4141,12.3202,0.4032,0.0,0.0,1369,910.0,0.0,0.0,-0.84,16.91,0.0,0.0,198,0.0,0.0,0.0,one,SR,1
1,4014,6715,0,0,14.5145,7.0644,6.6629,0.0,0.0,1444,1308.0,0.0,0.0,8.08,10.87,0.0,0.0,2,290.0,0.0,0.0,one,RT,1
66,4409,4436,0,0,11.781,6.3699,4.6522,0.0,0.0,1310,941.0,0.0,0.0,6.92,9.59,0.0,0.0,32,199.0,0.0,0.0,one,TR,1
0,1887,6798,2979,0,28.6198,19.1528,3.4666,3.5505,0.0,1273,772.0,823.0,0.0,-8.68,11.97,12.53,0.0,198,2.0,4.0,0.0,many,SR,2
0,3321,5909,0,0,19.8755,17.5408,0.0557,0.0,0.0,3136,1326.0,0.0,0.0,12.42,22.79,0.0,0.0,203,0.0,0.0,0.0,one,SR,1
0,2284,6826,0,0,16.8639,14.7346,0.3608,0.0,0.0,3285,965.0,0.0,0.0,18.58,17.69,0.0,0.0,81,0.0,0.0,0.0,one,SR,1
0,2596,314,0,0,16.8359,14.5201,0.0693,0.0,0.0,3363,1303.0,0.0,0.0,15.09,22.46,0.0,0.0,389,0.0,0.0,0.0,one,SR,1
262,1126,9299,0,0,17.8422,2.1159,15.1187,0.0,0.0,1646,1540.0,0.0,0.0,11.81,10.08,0.0,0.0,229,28.0,0.0,0.0,one,RT,1
233,1017,1660,0,0,19.1502,4.5621,13.7656,0.0,0.0,1502,2246.0,0.0,0.0,8.37,12.23,0.0,0.0,194,520.0,0.0,0.0,one,TR,1
0,851,879,0,0,17.801,15.6709,0.3503,0.0,0.0,2116,973.0,0.0,0.0,6.2,17.8,0.0,0.0,24,0.0,0.0,0.0,one,SR,1
0,1676,1011,0,0,16.093,13.9833,0.3708,0.0,0.0,2056,944.0,0.0,0.0,5.94,17.39,0.0,0.0,114,0.0,0.0,0.0,one,SR,1
265,1044,9636,0,0,11.8168,5.784,5.1848,0.0,0.0,1287,1365.0,0.0,0.0,5.88,11.48,0.0,0.0,126,383.0,0.0,0.0,one,TR,1
0,2620,7982,0,0,16.4443,14.2474,0.2573,0.0,0.0,2651,1086.0,0.0,0.0,10.38,19.4,0.0,0.0,219,0.0,0.0,0.0,one,SR,1
140,4473,6554,0,0,19.6447,6.2496,12.5231,0.0,0.0,1399,2322.0,0.0,0.0,6.84,12.72,0.0,0.0,109,621.0,0.0,0.0,one,TR,1
124,2203,3726,0,0,16.9233,6.305,9.8806,0.0,0.0,1085,1444.0,0.0,0.0,4.75,10.38,0.0,0.0,23,238.0,0.0,0.0,one,RT,1
0,3538,450,0,0,12.9646,10.9723,0.5378,0.0,0.0,1382,743.0,0.0,0.0,1.42,14.55,0.0,0.0,145,0.0,0.0,0.0,one,SR,1
0,574,3442,0,0,21.6638,19.3257,0.0506,0.0,0.0,1867,1332.0,0.0,0.0,-0.98,22.87,0.0,0.0,86,0.0,0.0,0.0,one,SR,1
0,812,3868,0,0,22.9969,20.6523,0.0458,0.0,0.0,1941,1340.0,0.0,0.0,-0.31,22.99,0.0,0.0,3,0.0,0.0,0.0,one,SR,1
0,3475,8595,0,0,13.7076,11.6343,0.4193,0.0,0.0,1418,884.0,0.0,0.0,0.0,16.54,0.0,0.0,222,0.0,0.0,0.0,one,SR,1
0,1160,517,0,0,16.8512,14.6992,0.3043,0.0,0.0,2250,1021.0,0.0,0.0,7.0,18.48,0.0,0.0,132,0.0,0.0,0.0,one,SR,1
272,3477,3943,0,0,22.6224,3.0487,18.8741,0.0,0.0,1644,2134.0,0.0,0.0,10.97,11.0,0.0,0.0,222,213.0,0.0,0.0,one,TR,1
0,2719,2725,0,0,17.515,15.3821,0.3276,0.0,0.0,3009,991.0,0.0,0.0,15.35,18.05,0.0,0.0,59,0.0,0.0,0.0,one,SR,1
240,4269,3818,0,0,16.5713,5.7362,10.1638,0.0,0.0,1067,1868.0,0.0,0.0,5.16,10.71,0.0,0.0,21,525.0,0.0,0.0,one,RT,1
0,4479,6156,0,0,14.8153,12.75,0.4452,0.0,0.0,1362,860.0,0.0,0.0,-0.28,16.2,0.0,0.0,125,0.0,0.0,0.0,one,SR,1
0,4313,5162,0,0,16.4058,14.3438,0.4406,0.0,0.0,1337,861.0,0.0,0.0,-0.55,16.21,0.0,0.0,17,0.0,0.0,0.0,one,SR,1
0,3817,9501,0,0,19.5708,17.3488,0.2018,0.0,0.0,2044,1143.0,0.0,0.0,3.28,20.2,0.0,0.0,57,0.0,0.0,0.0,one,SR,1
0,1532,7753,4114,0,30.9425,20.6749,3.7688,3.7688,0.0,2678,918.0,918.0,0.0,3.55,13.65,13.65,0.0,266,0.0,0.0,0.0,many,SR,2
0,2672,1689,0,0,17.6455,15.4473,0.2459,0.0,0.0,1555,1095.0,0.0,0.0,-1.24,19.52,0.0,0.0,145,0.0,0.0,0.0,one,SR,1
0,1689,5974,0,0,15.6714,13.5742,0.3937,0.0,0.0,1811,919.0,0.0,0.0,3.68,17.03,0.0,0.0,120,0.0,0.0,0.0,one,SR,1
0,1672,9643,0,0,22.8874,20.5443,0.0245,0.0,0.0,2872,1354.0,0.0,0.0,9.29,23.19,0.0,0.0,22,0.0,0.0,0.0,one,SR,1
231,822,9726,0,0,23.4152,16.04,5.4144,0.0,0.0,1391,2628.0,0.0,0.0,-3.04,22.61,0.0,0.0,110,695.0,0.0,0.0,one,TR,1
92,3351,7853,0,0,11.7309,4.5236,6.4979,0.0,0.0,1190,1313.0,0.0,0.0,6.11,10.09,0.0,0.0,127,348.0,0.0,0.0,one,RT,1
66,3896,8676,6792,0,51.9581,11.7099,21.695,17.0705,0.0,1458,3108.0,2846.0,0.0,1.97,12.57,12.25,0.0,112,703.0,786.0,0.0,many,TR,2
0,4267,2544,0,0,17.0041,14.8187,0.2741,0.0,0.0,1461,1066.0,0.0,0.0,-1.86,19.11,0.0,0.0,163,0.0,0.0,0.0,one,SR,1
0,4074,8792,0,0,14.4639,12.453,0.5153,0.0,0.0,1748,772.0,0.0,0.0,4.89,14.96,0.0,0.0,69,0.0,0.0,0.0,one,SR,1
0,4842,7357,2756,0,33.1636,22.1486,4.0041,4.0041,0.0,2222,1040.0,1040.0,0.0,-3.73,15.03,15.03,0.0,335,0.0,0.0,0.0,many,SR,2
0,3113,3883,0,0,17.1389,15.021,0.3635,0.0,0.0,2373,955.0,0.0,0.0,9.13,17.54,0.0,0.0,53,0.0,0.0,0.0,one,SR,1
21,292,1853,0,0,14.8814,5.2923,8.915,0.0,0.0,1083,1738.0,0.0,0.0,5.3,10.74,0.0,0.0,53,496.0,0.0,0.0,one,TR,1
0,2335,9733,0,0,17.73,15.4427,0.1201,0.0,0.0,2048,1247.0,0.0,0.0,2.0,21.67,0.0,0.0,277,0.0,0.0,0.0,one,SR,1
0,2532,2141,0,0,20.3599,18.0061,0.0324,0.0,0.0,1604,1356.0,0.0,0.0,-4.05,23.21,0.0,0.0,197,0.0,0.0,0.0,one,SR,1
0,2725,8197,2749,0,34.342,24.0595,3.6983,3.8451,0.0,1962,883.0,962.0,0.0,-4.05,13.25,14.14,0.0,41,0.0,1.0,0.0,many,SR,2
0,4604,9906,0,0,14.4605,12.4627,0.5532,0.0,0.0,1220,736.0,0.0,0.0,-0.19,14.45,0.0,0.0,37,0.0,0.0,0.0,one,SR,1
210,4600,1500,0,0,22.0033,7.2873,13.6884,0.0,0.0,1657,1955.0,0.0,0.0,8.15,14.28,0.0,0.0,134,186.0,0.0,0.0,one,RT,1
0,4253,3967,0,0,17.5146,15.219,0.1128,0.0,0.0,2338,1258.0,0.0,0.0,4.9,21.83,0.0,0.0,302,0.0,0.0,0.0,one,SR,1
0,1430,7304,0,0,18.1538,15.885,0.1567,0.0,0.0,2407,1208.0,0.0,0.0,6.26,21.12,0.0,0.0,213,0.0,0.0,0.0,one,SR,1
0,3089,6131,0,0,17.395,15.1361,0.1524,0.0,0.0,1850,1204.0,0.0,0.0,0.47,21.06,0.0,0.0,261,0.0,0.0,0.0,one,SR,1
0,4850,6101,0,0,15.1844,13.062,0.3568,0.0,0.0,1409,963.0,0.0,0.0,-1.1,17.66,0.0,0.0,193,0.0,0.0,0.0,one,SR,1
0,242,7213,0,0,13.4661,11.433,0.4922,0.0,0.0,1944,804.0,0.0,0.0,6.54,15.41,0.0,0.0,166,0.0,0.0,0.0,one,SR,1
0,1231,7351,0,0,14.6793,12.6848,0.53,0.0,0.0,1386,750.0,0.0,0.0,1.37,14.64,0.0,0.0,34,0.0,0.0,0.0,one,SR,1
0,527,3274,0,0,16.8743,14.7588,0.3669,0.0,0.0,1152,951.0,0.0,0.0,-3.64,17.49,0.0,0.0,67,0.0,0.0,0.0,one,SR,1
173,3617,9026,0,0,17.148,4.0575,12.4475,0.0,0.0,1382,1897.0,0.0,0.0,8.72,9.43,0.0,0.0,118,490.0,0.0,0.0,one,RT,1
0,2307,3718,0,0,17.0062,14.9233,0.4006,0.0,0.0,1480,904.0,0.0,0.0,0.4,16.82,0.0,0.0,15,0.0,0.0,0.0,one,SR,1
0,3022,9290,0,0,18.2918,15.9954,0.1023,0.0,0.0,2489,1266.0,0.0,0.0,6.39,21.94,0.0,0.0,256,0.0,0.0,0.0,one,SR,1
178,2346,4088,0,0,16.9771,3.1379,13.1567,0.0,0.0,1281,1565.0,0.0,0.0,7.31,10.83,0.0,0.0,205,117.0,0.0,0.0,one,TR,1
147,2806,1863,0,0,12.5002,4.3064,7.5664,0.0,0.0,1162,1361.0,0.0,0.0,6.55,9.27,0.0,0.0,92,370.0,0.0,0.0,one,RT,1
0,4690,9732,0,0,16.2496,14.1585,0.3933,0.0,0.0,1610,915.0,0.0,0.0,1.62,16.98,0.0,0.0,77,0.0,0.0,0.0,one,SR,1
160,2841,7179,0,0,20.4626,10.0707,9.0221,0.0,0.0,1590,1890.0,0.0,0.0,4.37,16.7,0.0,0.0,154,265.0,0.0,0.0,one,RT,1
0,4621,9096,0,0,12.8913,10.8989,0.5378,0.0,0.0,2015,743.0,0.0,0.0,8.07,14.55,0.0,0.0,150,0.0,0.0,0.0,one,SR,1
0,305,806,0,0,12.9765,10.9912,0.5434,0.0,0.0,1204,734.0,0.0,0.0,-0.33,14.42,0.0,0.0,136,0.0,0.0,0.0,one,SR,1
0,4578,7038,7037,0,26.3567,17.092,3.4476,3.4476,0.0,3082,759.0,759.0,0.0,11.04,11.85,11.85,0.0,289,0.0,0.0,0.0,many,SR,2
0,1876,8733,0,0,13.8456,11.8324,0.5261,0.0,0.0,1266,766.0,0.0,0.0,-0.09,14.87,0.0,0.0,106,0.0,0.0,0.0,one,SR,1
0,1735,8678,0,0,16.7061,14.4714,0.2018,0.0,0.0,2791,1152.0,0.0,0.0,11.01,20.33,0.0,0.0,261,0.0,0.0,0.0,one,SR,1
0,4659,4982,1877,0,41.1253,28.1663,4.6178,4.6178,0.0,2375,1356.0,1356.0,0.0,-8.57,18.62,18.62,0.0,365,0.0,0.0,0.0,many,SR,2
0,4456,7130,0,0,19.7174,17.4717,0.1718,0.0,0.0,1796,1181.0,0.0,0.0,0.19,20.74,0.0,0.0,82,0.0,0.0,0.0,one,SR,1
0,2364,5020,0,0,16.8988,14.8033,0.3963,0.0,0.0,1383,916.0,0.0,0.0,-0.77,16.99,0.0,0.0,34,0.0,0.0,0.0,one,SR,1
0,2563,618,0,0,20.7008,18.4497,0.1545,0.0,0.0,1446,1197.0,0.0,0.0,-3.69,20.97,0.0,0.0,29,0.0,0.0,0.0,one,SR,1
0,2804,605,0,0,18.2849,16.0183,0.1318,0.0,0.0,1767,1224.0,0.0,0.0,-0.66,21.35,0.0,0.0,218,0.0,0.0,0.0,one,SR,1
0,1122,9508,0,0,17.7725,15.4362,0.0531,0.0,0.0,2857,1329.0,0.0,0.0,9.45,22.83,0.0,0.0,349,0.0,0.0,0.0,one,SR,1
0,2019,8709,0,0,20.9385,18.6367,0.085,0.0,0.0,2551,1282.0,0.0,0.0,6.83,22.17,0.0,0.0,90,0.0,0.0,0.0,one,SR,1
195,2418,9712,0,0,29.9299,4.3759,24.9068,0.0,0.0,1277,2031.0,0.0,0.0,7.58,11.47,0.0,0.0,99,-238.0,0.0,0.0,one,RT,1
0,3739,9055,0,0,16.3821,14.2118,0.2774,0.0,0.0,2429,1053.0,0.0,0.0,8.47,18.93,0.0,0.0,193,0.0,0.0,0.0,one,SR,1
0,4936,2765,0,0,19.2158,17.0371,0.2745,0.0,0.0,3281,1061.0,0.0,0.0,17.31,19.04,0.0,0.0,7,0.0,0.0,0.0,one,SR,1
0,448,1804,0,0,16.0666,13.9834,0.4236,0.0,0.0,1509,888.0,0.0,0.0,0.91,16.6,0.0,0.0,65,0.0,0.0,0.0,one,SR,1
43,969,5420,0,0,22.5242,4.4665,17.4006,0.0,0.0,1149,2574.0,0.0,0.0,6.15,11.57,0.0,0.0,99,599.0,0.0,0.0,one,TR,1
0,429,9201,0,0,14.1971,12.0769,0.3601,0.0,0.0,1707,959.0,0.0,0.0,2.08,17.6,0.0,0.0,257,0.0,0.0,0.0,one,SR,1
233,1323,4700,0,0,10.4738,5.6827,4.0477,0.0,0.0,1674,1086.0,0.0,0.0,10.89,10.43,0.0,0.0,69,296.0,0.0,0.0,one,RT,1
0,3675,5123,0,0,11.8113,9.8308,0.5598,0.0,0.0,1684,719.0,0.0,0.0,4.9,14.21,0.0,0.0,202,0.0,0.0,0.0,one,SR,1
278,2007,9148,5058,0,62.3734,14.0245,42.2664,4.1384,0.0,1861,4074.0,1137.0,0.0,2.04,15.95,12.49,0.0,237,67.0,212.0,0.0,many,RT,2
197,3904,5332,0,0,15.5257,3.4859,11.4152,0.0,0.0,1312,1833.0,0.0,0.0,8.15,9.25,0.0,0.0,146,511.0,0.0,0.0,one,TR,1
181,4920,1596,0,0,13.6934,3.957,9.0298,0.0,0.0,1173,1558.0,0.0,0.0,5.96,10.07,0.0,0.0,164,391.0,0.0,0.0,one,RT,1
0,3242,2005,1700,0,31.6252,21.8098,3.7867,3.4314,0.0,1181,931.0,806.0,0.0,-10.98,13.8,12.18,0.0,107,0.0,18.0,0.0,many,SR,2
0,903,99,0,0,15.6938,13.5371,0.3161,0.0,0.0,1388,1016.0,0.0,0.0,-1.99,18.41,0.0,0.0,207,0.0,0.0,0.0,one,SR,1
0,2082,8629,0,0,18.7108,16.535,0.2787,0.0,0.0,1970,1056.0,0.0,0.0,3.61,18.97,0.0,0.0,37,0.0,0.0,0.0,one,SR,1
233,3803,5729,5035,2616,72.4637,19.3291,18.113,13.8973,18.8437,1609,1639.0,1939.0,1993.0,-3.63,10.71,10.33,11.76,82,-104.0,387.0,63.0,many,RT,3
0,3849,4195,0,0,17.7689,15.5877,0.2755,0.0,0.0,1342,1062.0,0.0,0.0,-3.06,19.06,0.0,0.0,107,0.0,0.0,0.0,one,SR,1
0,2444,6807,0,0,17.8137,15.6767,0.3261,0.0,0.0,1306,995.0,0.0,0.0,-2.59,18.11,0.0,0.0,43,0.0,0.0,0.0,one,SR,1
0,1647,243,0,0,15.9356,13.8809,0.47,0.0,0.0,1461,835.0,0.0,0.0,1.08,15.85,0.0,0.0,26,0.0,0.0,0.0,one,SR,1
0,2993,1796,0,0,14.5348,12.4893,0.4834,0.0,0.0,1633,819.0,0.0,0.0,3.09,15.62,0.0,0.0,107,0.0,0.0,0.0,one,SR,1
14,2410,9189,0,0,22.8541,16.7993,3.4325,0.0,0.0,3204,3049.0,0.0,0.0,10.04,30.22,0.0,0.0,464,693.0,0.0,0.0,one,TR,1
0,1220,5351,0,0,23.3402,20.991,0.0109,0.0,0.0,2400,1368.0,0.0,0.0,4.15,23.38,0.0,0.0,4,0.0,0.0,0.0,one,SR,1
79,786,9640,3226,220,69.2998,19.1178,10.3668,13.2479,24.0384,2020,2026.0,2235.0,3397.0,-1.55,12.63,12.72,13.95,249,524.0,513.0,710.0,many,RT,3
38,3921,6626,0,0,25.8379,2.3493,22.8598,0.0,0.0,1431,2477.0,0.0,0.0,9.37,11.29,0.0,0.0,226,229.0,0.0,0.0,one,RT,1
0,4665,134,0,0,19.2257,16.9651,0.1499,0.0,0.0,2648,1207.0,0.0,0.0,8.81,21.11,0.0,0.0,139,0.0,0.0,0.0,one,SR,1
0,2513,3998,0,0,18.1859,15.9356,0.1791,0.0,0.0,2218,1179.0,0.0,0.0,4.65,20.71,0.0,0.0,185,0.0,0.0,0.0,one,SR,1
0,526,3048,0,0,14.0482,12.0009,0.4809,0.0,0.0,1703,822.0,0.0,0.0,3.78,15.66,0.0,0.0,143,0.0,0.0,0.0,one,SR,1
277,1866,9426,0,0,14.1117,4.0591,9.3573,0.0,0.0,1254,1398.0,0.0,0.0,6.91,9.95,0.0,0.0,150,257.0,0.0,0.0,one,RT,1
0,1562,8256,0,0,12.7414,10.7331,0.5098,0.0,0.0,1264,774.0,0.0,0.0,-0.21,14.98,0.0,0.0,188,0.0,0.0,0.0,one,SR,1
0,3355,6308,2581,0,44.8451,32.093,4.2099,4.8354,0.0,3367,1145.0,1542.0,0.0,1.99,16.22,20.84,0.0,87,0.0,2.0,0.0,many,SR,2
114,3633,296,0,0,20.8929,2.7774,17.5079,0.0,0.0,1417,1961.0,0.0,0.0,9.41,10.08,0.0,0.0,184,212.0,0.0,0.0,one,RT,1
0,2674,5169,0,0,20.5675,18.2845,0.1313,0.0,0.0,1967,1236.0,0.0,0.0,1.29,21.52,0.0,0.0,74,0.0,0.0,0.0,one,SR,1
0,1952,2152,0,0,17.3621,15.1251,0.1985,0.0,0.0,1849,1156.0,0.0,0.0,1.07,20.39,0.0,0.0,220,0.0,0.0,0.0,one,SR,1
168,2651,7184,4189,0,34.376,9.1917,10.3218,13.685,0.0,1134,1364.0,2013.0,0.0,1.31,8.9,9.87,0.0,96,236.0,482.0,0.0,many,RT,2
0,190,8122,0,0,12.1855,10.16,0.4846,0.0,0.0,2133,804.0,0.0,0.0,8.53,15.41,0.0,0.0,253,0.0,0.0,0.0,one,SR,1
0,347,5886,0,0,18.0148,15.726,0.1088,0.0,0.0,2206,1256.0,0.0,0.0,3.54,21.8,0.0,0.0,266,0.0,0.0,0.0,one,SR,1
0,4117,6091,0,0,14.1422,12.1075,0.4712,0.0,0.0,1197,820.0,0.0,0.0,-1.5,15.63,0.0,0.0,134,0.0,0.0,0.0,one,SR,1
0,2578,7519,5715,0,45.6079,32.8309,4.3576,4.5727,0.0,2413,1286.0,1609.0,0.0,-9.28,17.59,20.88,0.0,122,21.0,66.0,0.0,many,SR,2
0,468,8263,0,0,17.368,15.1568,0.2363,0.0,0.0,2314,1111.0,0.0,0.0,6.52,19.75,0.0,0.0,179,0.0,0.0,0.0,one,SR,1
0,1478,5093,0,0,15.1705,13.0014,0.2791,0.0,0.0,2143,1051.0,0.0,0.0,5.49,18.9,0.0,0.0,274,0.0,0.0,0.0,one,SR,1
0,4478,3167,0,0,17.8676,15.605,0.1377,0.0,0.0,1786,1217.0,0.0,0.0,-0.37,21.25,0.0,0.0,240,0.0,0.0,0.0,one,SR,1
0,3879,5395,0,0,18.1599,15.9992,0.3102,0.0,0.0,2415,1023.0,0.0,0.0,8.7,18.51,0.0,0.0,45,0.0,0.0,0.0,one,SR,1
0,4686,1527,0,0,20.2801,18.0222,0.1726,0.0,0.0,2015,1189.0,0.0,0.0,2.39,20.85,0.0,0.0,51,0.0,0.0,0.0,one,SR,1
0,2992,5875,0,0,20.9155,18.6533,0.143,0.0,0.0,2640,1213.0,0.0,0.0,8.65,21.19,0.0,0.0,29,0.0,0.0,0.0,one,SR,1
0,1753,6903,0,0,13.358,11.3799,0.5588,0.0,0.0,1154,718.0,0.0,0.0,-0.66,14.19,0.0,0.0,95,0.0,0.0,0.0,one,SR,1
0,4036,4737,0,0,12.542,10.5519,0.5552,0.0,0.0,1502,729.0,0.0,0.0,2.86,14.35,0.0,0.0,161,0.0,0.0,0.0,one,SR,1
0,4286,2377,0,0,23.4149,21.0445,0.008,0.0,0.0,2126,1385.0,0.0,0.0,1.06,23.62,0.0,0.0,15,0.0,0.0,0.0,one,SR,1
42,1816,7305,0,0,17.0319,6.4879,9.7214,0.0,0.0,1064,1450.0,0.0,0.0,3.77,11.23,0.0,0.0,63,203.0,0.0,0.0,one,RT,1
0,1173,5368,0,0,17.6706,15.4714,0.2398,0.0,0.0,2387,1100.0,0.0,0.0,7.43,19.59,0.0,0.0,148,0.0,0.0,0.0,one,SR,1
0,844,6383,0,0,18.6161,16.2677,0.0214,0.0,0.0,2837,1360.0,0.0,0.0,8.85,23.27,0.0,0.0,319,0.0,0.0,0.0,one,SR,1
0,1823,9527,0,0,18.732,16.3688,0.0092,0.0,0.0,1976,1379.0,0.0,0.0,-0.44,23.54,0.0,0.0,329,0.0,0.0,0.0,one,SR,1
0,1577,1114,0,0,19.7933,17.4889,0.0764,0.0,0.0,1656,1290.0,0.0,0.0,-2.66,22.28,0.0,0.0,175,0.0,0.0,0.0,one,SR,1
0,3061,917,0,0,12.087,10.0664,0.5151,0.0,0.0,2049,779.0,0.0,0.0,7.96,15.06,0.0,0.0,238,0.0,0.0,0.0,one,SR,1
0,3715,1121,0,0,18.9346,16.714,0.2272,0.0,0.0,1799,1124.0,0.0,0.0,0.95,19.93,0.0,0.0,84,0.0,0.0,0.0,one,SR,1
0,896,6404,0,0,14.7165,12.6974,0.5221,0.0,0.0,1883,773.0,0.0,0.0,6.3,14.97,0.0,0.0,53,0.0,0.0,0.0,one,SR,1
0,4901,2341,0,0,14.617,12.5867,0.4964,0.0,0.0,1896,799.0,0.0,0.0,6.1,15.34,0.0,0.0,83,0.0,0.0,0.0,one,SR,1
0,2863,5575,0,0,13.4552,11.358,0.3937,0.0,0.0,1689,919.0,0.0,0.0,2.4,17.03,0.0,0.0,271,0.0,0.0,0.0,one,SR,1
0,3540,3012,0,0,11.7853,9.7953,0.5552,0.0,0.0,1279,729.0,0.0,0.0,0.52,14.35,0.0,0.0,213,0.0,0.0,0.0,one,SR,1
0,4254,484,0,0,18.4772,16.245,0.2008,0.0,0.0,2382,1151.0,0.0,0.0,6.73,20.32,0.0,0.0,139,0.0,0.0,0.0,one,SR,1
0,3606,4656,0,0,15.9799,13.8289,0.3104,0.0,0.0,1190,1016.0,0.0,0.0,-4.07,18.41,0.0,0.0,187,0.0,0.0,0.0,one,SR,1
0,327,1860,0,0,17.2234,14.9545,0.1285,0.0,0.0,2387,1228.0,0.0,0.0,5.8,21.4,0.0,0.0,294,0.0,0.0,0.0,one,SR,1
0,1192,870,0,0,15.9151,13.758,0.3108,0.0,0.0,1939,1020.0,0.0,0.0,3.74,18.46,0.0,0.0,195,0.0,0.0,0.0,one,SR,1
0,3100,9208,0,0,18.7019,16.4027,0.1122,0.0,0.0,1498,1261.0,0.0,0.0,-3.95,21.87,0.0,0.0,224,0.0,0.0,0.0,one,SR,1
0,2417,2800,0,0,14.3052,12.2365,0.4261,0.0,0.0,1465,876.0,0.0,0.0,0.6,16.43,0.0,0.0,174,0.0,0.0,0.0,one,SR,1
0,4595,1766,0,0,13.7163,11.6864,0.4876,0.0,0.0,1546,805.0,0.0,0.0,2.35,15.42,0.0,0.0,150,0.0,0.0,0.0,one,SR,1
0,1877,7267,0,0,12.1168,10.0257,0.4074,0.0,0.0,2168,905.0,0.0,0.0,7.61,16.84,0.0,0.0,350,0.0,0.0,0.0,one,SR,1
0,4687,6078,2200,0,32.3827,22.6218,3.4953,3.6593,0.0,1166,898.0,866.0,0.0,-11.21,13.0,13.06,0.0,57,37.0,0.0,0.0,many,SR,2
223,2165,6076,0,0,12.0564,6.1587,4.7189,0.0,0.0,1919,1449.0,0.0,0.0,9.54,13.79,0.0,0.0,304,342.0,0.0,0.0,one,RT,1
0,1325,5192,2065,0,29.129,20.099,3.2336,3.4043,0.0,1198,877.0,734.0,0.0,-8.95,12.36,11.56,0.0,98,73.0,0.0,0.0,many,SR,2
0,1140,236,0,0,16.45,14.3048,0.3329,0.0,0.0,1962,996.0,0.0,0.0,4.29,18.12,0.0,0.0,137,0.0,0.0,0.0,one,SR,1
0,4762,5993,0,0,22.0093,19.7151,0.0915,0.0,0.0,3127,1272.0,0.0,0.0,13.01,22.03,0.0,0.0,8,0.0,0.0,0.0,one,SR,1
0,2034,4671,0,0,17.3674,15.2503,0.3599,0.0,0.0,1681,957.0,0.0,0.0,1.84,17.57,0.0,0.0,39,0.0,0.0,0.0,one,SR,1
0,267,8801,0,0,16.8513,14.6257,0.2153,0.0,0.0,1999,1136.0,0.0,0.0,2.9,20.1,0.0,0.0,237,0.0,0.0,0.0,one,SR,1
79,4060,7080,3940,0,43.9846,7.8052,10.0058,24.9859,0.0,1268,1350.0,2700.0,0.0,2.62,8.92,10.96,0.0,197,243.0,296.0,0.0,many,TR,2
0,1907,2744,0,0,19.2257,16.9753,0.1836,0.0,0.0,1886,1176.0,0.0,0.0,1.2,20.67,0.0,0.0,111,0.0,0.0,0.0,one,SR,1
0,4907,5545,0,0,17.4942,15.3907,0.3845,0.0,0.0,1167,930.0,0.0,0.0,-3.22,17.19,0.0,0.0,6,0.0,0.0,0.0,one,SR,1
238,3446,3707,0,0,13.8238,7.1017,5.9194,0.0,0.0,1140,888.0,0.0,0.0,4.75,10.03,0.0,0.0,9,61.0,0.0,0.0,one,RT,1
0,2426,7960,4895,0,29.5828,19.9356,3.6898,3.4474,0.0,1258,890.0,755.0,0.0,-9.38,13.3,11.8,0.0,181,3.0,0.0,0.0,many,SR,2
0,4434,5501,0,0,17.5251,15.1847,0.0332,0.0,0.0,2348,1346.0,0.0,0.0,3.89,23.07,0.0,0.0,381,0.0,0.0,0.0,one,SR,1
0,32,5278,0,0,18.8071,16.4424,0.0164,0.0,0.0,3078,1375.0,0.0,0.0,11.18,23.48,0.0,0.0,320,0.0,0.0,0.0,one,SR,1
79,1727,9469,3394,3089,73.7063,24.0983,14.4065,13.7794,18.3658,2326,1782.0,2218.0,1917.0,-3.08,10.44,18.75,11.38,233,233.0,125.0,55.0,many,RT,3
0,550,6935,6538,1149,75.5048,55.6943,3.955,4.8538,4.5928,2119,1013.0,1731.0,2119.0,-35.43,14.73,22.94,26.43,136,0.0,25.0,136.0,many,SR,3
201,642,7667,7367,5450,115.3709,16.183,28.1172,31.4566,37.5262,2964,3219.0,3713.0,3891.0,12.33,13.84,11.11,14.92,178,347.0,688.0,258.0,many,RT,3
89,1185,9386,8560,0,68.9275,5.4964,18.2828,44.0943,0.0,2526,2719.0,3812.0,0.0,17.04,10.24,12.3,0.0,272,736.0,-28.0,0.0,many,TR,2
48,3145,4224,699,0,69.8677,30.6091,25.4611,9.8853,0.0,2240,4508.0,2259.0,0.0,-11.69,31.53,15.6,0.0,314,468.0,559.0,0.0,many,RT,2
94,4395,7817,5426,1026,79.746,20.0504,12.9248,31.426,12.9247,1988,1884.0,3284.0,1881.0,-0.91,11.05,13.14,11.01,118,360.0,247.0,360.0,many,RT,3
50,4908,7980,7958,5613,84.9198,21.6991,20.7064,20.5449,19.2215,2478,2173.0,3150.0,1961.0,1.29,9.39,20.27,9.81,207,229.0,360.0,129.0,many,RT,3
50,1542,9770,6718,4483,61.9923,12.3927,18.6782,18.801,10.6279,1077,2447.0,2291.0,1295.0,-2.12,8.91,8.86,8.16,71,582.0,459.0,209.0,many,RT,3
40,112,6974,1263,771,90.2821,18.7809,19.0445,18.2737,32.0463,3176,2544.0,2654.0,3719.0,14.12,10.72,12.82,12.82,31,531.0,539.0,561.0,many,TR,3
284,996,7894,4788,0,75.7541,20.1511,27.3874,25.2633,0.0,3725,3104.0,3141.0,0.0,12.54,19.76,19.76,0.0,438,-38.0,112.0,0.0,many,TR,2
198,4816,6167,6166,4103,110.5697,27.4368,29.0287,29.0287,21.6167,3482,3623.0,3623.0,3555.0,5.43,14.77,14.77,20.04,252,549.0,549.0,620.0,many,RT,3
0,2839,3533,2869,0,59.1551,44.0791,4.9561,5.0893,0.0,3333,1706.0,2087.0,0.0,-10.28,22.94,27.37,0.0,82,0.0,29.0,0.0,many,SR,2
0,3955,8915,8041,0,57.8319,43.1649,5.0071,4.6935,0.0,2050,1768.0,2050.0,0.0,-23.17,23.72,25.95,0.0,105,0.0,105.0,0.0,many,SR,2
0,1742,3438,1957,130,60.9533,44.0852,4.921,3.4865,3.485,1976,1976.0,773.0,773.0,-24.03,25.73,12.01,12.02,48,48.0,0.0,-1.0,many,SR,3
78,1834,8341,8340,3290,92.9396,31.0844,22.1331,22.1331,13.9635,1689,2606.0,2606.0,2042.0,-14.9,17.76,17.76,11.73,106,-2.0,-2.0,382.0,many,TR,3
14,1889,5105,1526,0,48.9648,16.3125,18.6575,12.1073,0.0,1820,2827.0,2360.0,0.0,2.12,12.54,13.34,0.0,46,665.0,638.0,0.0,many,TR,2
0,4131,4327,3573,0,49.3025,35.6977,5.0653,4.3238,0.0,2043,1894.0,1206.0,0.0,-16.49,25.24,16.92,0.0,153,5.0,0.0,0.0,many,SR,2
120,2548,6768,3374,0,56.263,10.3873,13.2586,31.2502,0.0,1984,1974.0,3408.0,0.0,8.53,9.83,12.83,0.0,131,479.0,369.0,0.0,many,TR,2
260,1372,7226,6227,0,43.7916,11.209,10.5369,20.6855,0.0,1604,1769.0,2440.0,0.0,4.6,9.8,10.8,0.0,71,481.0,353.0,0.0,many,TR,2
14,2385,8936,6133,3655,77.6627,15.4881,22.0198,18.1444,20.1188,1759,2528.0,2371.0,2309.0,1.44,11.06,10.77,11.09,105,329.0,448.0,270.0,many,RT,3
0,3882,1901,1900,0,45.0189,32.1128,4.6038,4.6038,0.0,2479,1345.0,1345.0,0.0,-7.26,18.49,18.49,0.0,80,0.0,0.0,0.0,many,SR,2
246,1171,4795,791,0,43.3461,16.7098,16.3471,8.0956,0.0,1709,1833.0,1933.0,0.0,-1.8,14.08,13.86,0.0,207,-48.0,513.0,0.0,many,RT,2
0,3354,6819,4655,2746,51.6878,36.3074,3.781,3.7276,3.7848,3313,924.0,897.0,924.0,-2.0,13.73,13.41,13.73,33,-1.0,0.0,-1.0,many,SR,3
0,3439,8921,6951,0,43.2347,30.9929,3.9954,4.3684,0.0,2314,1816.0,1228.0,0.0,-10.6,21.63,17.15,0.0,267,214.0,1.0,0.0,many,SR,2
184,1494,9353,8754,0,41.2078,16.027,11.2549,11.7459,0.0,1503,1594.0,1546.0,0.0,-3.84,13.72,14.08,0.0,245,82.0,-3.0,0.0,many,RT,2
0,4346,2475,988,0,42.5762,30.2416,4.4851,4.345,0.0,1621,1320.0,1211.0,0.0,-14.52,18.07,16.97,0.0,89,12.0,0.0,0.0,many,SR,2
0,984,7007,2522,0,42.7249,30.9266,3.661,4.5159,0.0,2088,863.0,1835.0,0.0,-10.67,13.03,23.19,0.0,114,0.0,109.0,0.0,many,SR,2
25,2047,8637,6640,0,56.6617,21.042,9.2999,23.8166,0.0,2306,2271.0,3761.0,0.0,1.68,16.76,16.27,0.0,102,535.0,867.0,0.0,many,TR,2
0,1409,8139,4043,0,41.3275,28.8146,4.5077,4.4223,0.0,1469,1295.0,1313.0,0.0,-16.82,17.93,17.9,0.0,234,0.0,20.0,0.0,many,SR,2
0,4812,8213,2085,0,41.2008,29.4664,3.9866,4.4746,0.0,1442,1034.0,1281.0,0.0,-14.32,14.97,17.77,0.0,0,0.0,0.0,0.0,many,SR,2
0,3956,760,295,0,45.3757,32.926,4.5823,4.0706,0.0,1763,1763.0,1071.0,0.0,-15.66,22.58,15.39,0.0,85,85.0,0.0,0.0,many,SR,2
14,3933,8938,2692,1237,82.3733,25.1654,22.3484,15.4984,16.433,1566,2305.0,2115.0,2694.0,-9.91,14.42,13.23,13.64,81,-52.0,264.0,628.0,many,RT,3
0,2986,8216,8215,0,48.0354,33.8817,4.9005,4.9005,0.0,3509,1613.0,1613.0,0.0,-2.33,21.76,21.76,0.0,361,0.0,0.0,0.0,many,SR,2
0,2969,8533,6938,0,39.3004,27.8178,4.3268,3.7738,0.0,2151,1416.0,1129.0,0.0,-7.85,18.54,15.28,0.0,179,67.0,67.0,0.0,many,SR,2
0,234,4802,82,0,38.1153,26.4595,4.3939,3.9864,0.0,1470,1311.0,1030.0,0.0,-14.04,17.83,14.92,0.0,206,24.0,0.0,0.0,many,SR,2
262,697,8259,0,0,51.9842,25.0256,23.3736,0.0,0.0,3984,5342.0,0.0,0.0,9.57,40.85,0.0,0.0,494,689.0,0.0,0.0,one,RT,1
278,3524,156,155,0,97.5792,25.129,34.7501,34.7501,0.0,2374,3642.0,3642.0,0.0,-1.62,19.75,19.75,0.0,97,-49.0,-49.0,0.0,many,RT,2
262,3657,8803,1687,510,77.46,24.4424,17.0444,17.7195,14.9684,2754,2974.0,2785.0,2082.0,-0.65,14.95,14.95,13.95,350,731.0,548.0,228.0,many,TR,3
184,564,9553,9323,591,73.9115,21.4667,12.038,20.7751,17.0631,1421,1947.0,2992.0,2867.0,-8.2,12.74,13.37,13.58,113,362.0,622.0,727.0,many,RT,3
0,4586,6816,2199,0,39.4653,28.126,4.763,3.4448,0.0,2263,1427.0,765.0,0.0,-4.42,19.43,11.88,0.0,4,-1.0,3.0,0.0,many,SR,2
0,1108,2049,144,0,37.44,26.3913,4.43,3.5496,0.0,2112,1354.0,811.0,0.0,-5.45,18.25,12.44,0.0,84,30.0,0.0,0.0,many,SR,2
0,3380,9135,9134,0,36.7664,26.0471,3.9119,3.9119,0.0,2461,991.0,991.0,0.0,-0.22,14.48,14.48,0.0,1,0.0,0.0,0.0,many,SR,2
140,4557,8511,5560,0,30.9838,10.065,9.4433,10.3376,0.0,1142,830.0,1325.0,0.0,1.75,7.59,8.79,0.0,12,-45.0,212.0,0.0,many,TR,2
278,254,6657,0,0,42.1354,14.267,25.9302,0.0,0.0,3326,3206.0,0.0,0.0,17.48,24.38,0.0,0.0,217,-141.0,0.0,0.0,one,RT,1
0,320,3185,1542,0,31.9233,21.869,3.9227,3.4084,0.0,2790,1136.0,738.0,0.0,4.79,15.62,11.61,0.0,180,44.0,0.0,0.0,many,SR,2
275,3528,4099,3296,0,60.6105,12.2977,39.6992,7.0992,0.0,1148,2809.0,1427.0,0.0,-1.58,13.02,11.13,0.0,91,-581.0,341.0,0.0,many,RT,2
88,284,8653,4326,0,33.7474,9.0834,11.8681,11.7567,0.0,1547,1623.0,1379.0,0.0,6.89,8.1,8.29,0.0,19,391.0,200.0,0.0,many,TR,2
231,3995,64,63,0,40.4336,19.5575,9.2533,9.2533,0.0,1949,1791.0,1791.0,0.0,-0.86,14.85,14.85,0.0,121,282.0,282.0,0.0,many,RT,2
0,3761,6594,6593,0,30.2619,20.8112,3.5101,3.5101,0.0,1082,786.0,786.0,0.0,-10.51,12.15,12.15,0.0,73,0.0,0.0,0.0,many,SR,2
0,3172,5061,521,0,30.2597,20.9991,3.5439,3.2645,0.0,1364,899.0,749.0,0.0,-7.75,13.09,11.43,0.0,73,30.0,27.0,0.0,many,SR,2
0,2255,7298,1219,0,34.4616,24.0977,3.8784,3.5298,0.0,1423,1357.0,799.0,0.0,-11.66,17.26,12.3,0.0,171,121.0,0.0,0.0,many,SR,2
0,4554,9191,6479,0,38.1884,27.1496,4.367,3.6572,0.0,1223,1223.0,863.0,0.0,-14.29,17.12,13.03,0.0,-1,-1.0,0.0,0.0,many,SR,2
0,1247,7644,5315,0,29.9294,20.3891,3.3791,3.6274,0.0,2468,862.0,848.0,0.0,3.11,12.49,12.84,0.0,165,46.0,1.0,0.0,many,SR,2
0,3697,4548,3316,0,29.3611,19.8594,3.5221,3.524,0.0,2747,797.0,797.0,0.0,6.74,12.28,12.28,0.0,153,0.0,0.0,0.0,many,SR,2
205,4747,8510,7242,0,32.4509,9.6377,11.7502,9.9433,0.0,1218,1891.0,1681.0,0.0,2.71,9.6,9.6,0.0,30,516.0,459.0,0.0,many,TR,2
281,3949,8743,373,0,27.789,11.9716,5.2725,9.0476,0.0,1931,1105.0,1034.0,0.0,6.8,9.63,10.35,0.0,103,286.0,-25.0,0.0,many,TR,2
0,2885,5702,2282,0,39.7727,28.2826,4.0806,3.891,0.0,1848,1080.0,1661.0,0.0,-12.26,15.49,19.7,0.0,231,0.0,212.0,0.0,many,SR,2
0,1615,5646,2316,0,34.2957,23.8129,3.8886,3.7145,0.0,3001,983.0,1030.0,0.0,5.59,14.39,14.41,0.0,144,0.0,45.0,0.0,many,SR,2
0,624,9663,6772,0,35.7354,25.0249,3.8786,3.9375,0.0,2526,975.0,1006.0,0.0,0.47,14.3,14.65,0.0,70,0.0,0.0,0.0,many,SR,2
39,2416,9066,245,0,43.7574,18.3675,11.4038,11.8808,0.0,1221,2397.0,2032.0,0.0,-6.13,14.28,12.77,0.0,40,653.0,434.0,0.0,many,RT,2
224,4012,7953,3540,0,44.8295,12.0235,12.302,18.7446,0.0,1740,2526.0,2816.0,0.0,2.44,15.13,10.46,0.0,260,651.0,770.0,0.0,many,TR,2
0,1002,4751,4530,0,26.4906,17.6701,3.173,3.3099,0.0,2024,816.0,763.0,0.0,0.21,11.77,11.61,0.0,230,64.0,25.0,0.0,many,SR,2
134,3353,4571,0,0,26.0003,16.2251,7.8681,0.0,0.0,2361,3025.0,0.0,0.0,7.63,23.07,0.0,0.0,64,830.0,0.0,0.0,one,RT,1
36,154,3866,3865,2970,65.8261,15.2249,15.8991,15.8991,16.9828,1420,1997.0,1997.0,1563.0,-1.47,10.42,10.42,9.37,79,312.0,312.0,-21.0,many,RT,3
0,4677,9593,461,0,31.635,21.3806,3.6159,3.8869,0.0,1743,840.0,1030.0,0.0,-6.46,12.77,14.75,0.0,231,0.0,15.0,0.0,many,SR,2
278,2972,8827,6215,3418,96.5476,19.9429,33.7031,20.277,20.277,1794,3067.0,2202.0,2202.0,-2.29,13.76,11.86,11.86,81,-84.0,135.0,135.0,many,RT,3
7,3110,6864,0,0,23.2456,13.8013,7.854,0.0,0.0,2311,2559.0,0.0,0.0,9.95,18.9,0.0,0.0,35,715.0,0.0,0.0,one,TR,1
265,2961,395,0,0,22.743,10.8725,10.6521,0.0,0.0,1408,2229.0,0.0,0.0,3.82,15.18,0.0,0.0,7,516.0,0.0,0.0,one,RT,1
227,3854,3125,0,0,22.0053,5.6335,15.7005,0.0,0.0,1458,2549.0,0.0,0.0,9.27,10.71,0.0,0.0,28,727.0,0.0,0.0,one,TR,1
117,885,8490,2899,0,59.5851,9.2239,37.3403,11.9783,0.0,1190,3366.0,1683.0,0.0,3.11,10.43,8.0,0.0,11,126.0,436.0,0.0,many,TR,2
162,3625,6586,5015,0,43.6691,18.134,12.6471,10.7511,0.0,1670,2437.0,2207.0,0.0,-1.7,14.76,13.61,0.0,75,585.0,584.0,0.0,many,TR,2
88,4712,9262,7277,0,46.7916,10.6315,19.4095,15.5605,0.0,1229,2356.0,2540.0,0.0,2.19,9.95,10.95,0.0,6,411.0,714.0,0.0,many,TR,2
114,2851,7308,7220,0,78.3002,11.5574,19.1238,46.1659,0.0,1115,2715.0,3435.0,0.0,-1.37,11.37,13.16,0.0,104,620.0,-483.0,0.0,many,RT,2
13,3414,1432,0,0,43.8114,21.4396,19.944,0.0,0.0,3649,3342.0,0.0,0.0,16.46,28.28,0.0,0.0,28,82.0,0.0,0.0,one,TR,1
278,1770,7225,4842,1454,74.1736,15.7281,23.806,19.3756,12.9776,2030,3248.0,2472.0,1902.0,0.74,13.31,12.01,10.54,331,646.0,383.0,400.0,many,RT,3
175,4305,9039,2280,0,65.325,11.6863,45.3293,6.9073,0.0,1736,3863.0,997.0,0.0,5.61,12.86,9.16,0.0,64,-92.0,137.0,0.0,many,RT,2
275,4328,8550,0,0,21.2502,8.6501,11.4636,0.0,0.0,1374,2361.0,0.0,0.0,4.2,14.36,0.0,0.0,108,617.0,0.0,0.0,one,RT,1
96,1775,1477,0,0,38.6699,18.1703,18.4751,0.0,0.0,3637,3031.0,0.0,0.0,19.97,24.24,0.0,0.0,4,160.0,0.0,0.0,one,RT,1
0,3834,6426,0,0,21.8962,19.5687,0.0428,0.0,0.0,2216,1330.0,0.0,0.0,2.71,22.85,0.0,0.0,68,0.0,0.0,0.0,one,SR,1
180,275,2938,0,0,20.2035,5.8741,13.654,0.0,0.0,1596,1256.0,0.0,0.0,10.68,9.75,0.0,0.0,14,-86.0,0.0,0.0,one,TR,1
0,3548,7581,7580,0,28.5463,19.5167,3.3732,3.3732,0.0,1705,721.0,721.0,0.0,-2.65,11.42,11.42,0.0,71,0.0,0.0,0.0,many,SR,2
160,2264,6303,3582,224,83.8337,24.0181,15.8262,21.271,19.7552,2560,1823.0,3058.0,3086.0,0.21,13.66,14.02,13.95,181,-2.0,606.0,718.0,many,RT,3
0,3056,2140,0,0,21.407,19.0438,0.0092,0.0,0.0,1724,1379.0,0.0,0.0,-3.08,23.54,0.0,0.0,146,0.0,0.0,0.0,one,SR,1
180,2173,7866,1378,1377,54.0921,12.9099,11.9952,13.7191,13.7191,1335,1990.0,1774.0,1774.0,-1.72,10.15,8.67,8.67,193,545.0,367.0,367.0,many,RT,3
213,398,420,0,0,19.6945,7.3675,11.4861,0.0,0.0,1806,2204.0,0.0,0.0,11.39,12.41,0.0,0.0,14,608.0,0.0,0.0,one,TR,1
0,556,6068,0,0,20.5634,18.3278,0.1913,0.0,0.0,1432,1160.0,0.0,0.0,-3.36,20.44,0.0,0.0,5,0.0,0.0,0.0,one,SR,1
22,423,3386,0,0,19.2099,8.1507,10.1179,0.0,0.0,1596,1979.0,0.0,0.0,8.29,12.41,0.0,0.0,22,515.0,0.0,0.0,one,RT,1
99,333,4497,0,0,27.0508,11.4742,13.9523,0.0,0.0,2797,2815.0,0.0,0.0,14.75,20.24,0.0,0.0,215,484.0,0.0,0.0,one,RT,1
0,4464,8048,0,0,19.6523,17.3687,0.1304,0.0,0.0,2301,1237.0,0.0,0.0,4.78,21.53,0.0,0.0,137,0.0,0.0,0.0,one,SR,1
69,1771,9866,0,0,17.9123,5.7496,11.514,0.0,0.0,1044,1624.0,0.0,0.0,5.12,9.49,0.0,0.0,6,332.0,0.0,0.0,one,TR,1
0,314,2007,0,0,19.3075,17.0333,0.1394,0.0,0.0,2005,1224.0,0.0,0.0,1.84,21.35,0.0,0.0,149,0.0,0.0,0.0,one,SR,1
0,2965,2914,0,0,19.022,16.81,0.2116,0.0,0.0,2599,1129.0,0.0,0.0,9.29,20.0,0.0,0.0,82,0.0,0.0,0.0,one,SR,1
86,2073,7282,0,0,17.616,4.7484,12.0493,0.0,0.0,1480,2354.0,0.0,0.0,8.18,13.18,0.0,0.0,179,646.0,0.0,0.0,one,TR,1
242,4988,5185,0,0,34.4521,17.683,14.4024,0.0,0.0,4014,3841.0,0.0,0.0,20.85,28.67,0.0,0.0,247,757.0,0.0,0.0,one,TR,1
0,3332,5546,4349,0,33.4093,23.1328,3.4475,4.0684,0.0,1338,756.0,1124.0,0.0,-10.8,11.81,15.79,0.0,117,0.0,17.0,0.0,many,SR,2
257,4075,3285,0,0,17.6705,8.8615,7.4109,0.0,0.0,1933,2057.0,0.0,0.0,7.71,16.98,0.0,0.0,254,468.0,0.0,0.0,one,TR,1
0,4058,7732,0,0,18.2517,15.9068,0.022,0.0,0.0,2628,1357.0,0.0,0.0,6.69,23.23,0.0,0.0,341,0.0,0.0,0.0,one,SR,1
262,4419,1115,0,0,21.4645,11.5659,8.2376,0.0,0.0,1500,2267.0,0.0,0.0,0.8,19.61,0.0,0.0,231,430.0,0.0,0.0,one,RT,1
68,4145,8667,0,0,32.8835,17.8786,12.815,0.0,0.0,3440,3575.0,0.0,0.0,16.41,25.9,0.0,0.0,125,804.0,0.0,0.0,one,TR,1
0,1353,7146,0,0,17.0263,14.8897,0.3455,0.0,0.0,1665,981.0,0.0,0.0,1.36,17.91,0.0,0.0,84,0.0,0.0,0.0,one,SR,1
0,3988,5964,0,0,16.9226,14.8067,0.3616,0.0,0.0,1187,955.0,0.0,0.0,-3.33,17.54,0.0,0.0,67,0.0,0.0,0.0,one,SR,1
49,3393,4352,0,0,30.3828,16.4788,11.5982,0.0,0.0,2207,3354.0,0.0,0.0,2.42,27.06,0.0,0.0,292,639.0,0.0,0.0,one,TR,1
0,1936,5468,0,0,16.8908,14.6631,0.1934,0.0,0.0,1512,1153.0,0.0,0.0,-2.43,20.34,0.0,0.0,249,0.0,0.0,0.0,one,SR,1
0,3203,8807,0,0,16.9291,14.6773,0.1722,0.0,0.0,1863,1185.0,0.0,0.0,0.85,20.8,0.0,0.0,276,0.0,0.0,0.0,one,SR,1
85,3490,4608,4607,0,36.1861,14.7226,9.6922,9.6922,0.0,1647,2055.0,2055.0,0.0,-1.42,13.4,13.4,0.0,272,541.0,541.0,0.0,many,RT,2
0,4418,7918,0,0,16.3488,14.2459,0.3994,0.0,0.0,1505,919.0,0.0,0.0,0.47,17.03,0.0,0.0,74,0.0,0.0,0.0,one,SR,1
0,3239,5795,0,0,16.3355,14.2318,0.3889,0.0,0.0,1549,927.0,0.0,0.0,0.83,17.15,0.0,0.0,82,0.0,0.0,0.0,one,SR,1
0,358,4574,1590,0,35.1866,24.8293,3.8764,3.6296,0.0,1154,1154.0,846.0,0.0,-13.55,15.68,12.83,0.0,57,57.0,0.0,0.0,many,SR,2
0,974,8683,4378,0,40.2593,28.3189,3.765,4.629,0.0,1775,918.0,1681.0,0.0,-13.28,13.65,21.81,0.0,246,0.0,64.0,0.0,many,SR,2
231,2628,6572,0,0,29.6896,14.0585,13.6094,0.0,0.0,2157,3626.0,0.0,0.0,4.45,25.22,0.0,0.0,282,836.0,0.0,0.0,one,TR,1
0,730,4541,0,0,16.0677,13.9954,0.4395,0.0,0.0,1095,869.0,0.0,0.0,-3.2,16.33,0.0,0.0,48,0.0,0.0,0.0,one,SR,1
78,4825,8769,0,0,15.4565,10.1043,4.056,0.0,0.0,1281,1773.0,0.0,0.0,1.78,15.96,0.0,0.0,107,502.0,0.0,0.0,one,TR,1
0,1318,4724,0,0,16.2332,13.9669,0.1415,0.0,0.0,2188,1217.0,0.0,0.0,3.85,21.25,0.0,0.0,352,0.0,0.0,0.0,one,SR,1
0,874,4693,0,0,15.3529,13.3418,0.5197,0.0,0.0,1268,769.0,0.0,0.0,-0.11,14.91,0.0,0.0,6,0.0,0.0,0.0,one,SR,1
0,1501,6034,0,0,15.3774,13.3347,0.4735,0.0,0.0,1487,824.0,0.0,0.0,1.49,15.69,0.0,0.0,54,0.0,0.0,0.0,one,SR,1
0,1369,6916,3867,0,36.0072,25.9649,4.0336,2.6961,0.0,2118,1769.0,949.0,0.0,-7.57,21.22,11.9,0.0,263,199.0,185.0,0.0,many,SR,2
0,3248,6773,5221,0,33.5055,23.5614,2.904,4.1752,0.0,1484,880.0,1241.0,0.0,-10.2,11.76,16.89,0.0,152,129.0,37.0,0.0,many,SR,2
0,384,7721,7720,0,34.7722,23.8801,3.9631,3.9631,0.0,1500,1022.0,1022.0,0.0,-10.94,14.83,14.83,0.0,192,0.0,0.0,0.0,many,SR,2
0,3805,8199,0,0,15.4446,13.3022,0.323,0.0,0.0,1687,1001.0,0.0,0.0,1.34,18.19,0.0,0.0,210,0.0,0.0,0.0,one,SR,1
0,2556,4704,0,0,15.0231,12.9418,0.4076,0.0,0.0,1579,898.0,0.0,0.0,1.52,16.74,0.0,0.0,145,0.0,0.0,0.0,one,SR,1
0,768,4283,0,0,14.9791,12.882,0.3893,0.0,0.0,1842,922.0,0.0,0.0,3.97,17.08,0.0,0.0,170,0.0,0.0,0.0,one,SR,1
69,3198,1732,286,0,63.027,10.1165,18.8206,32.9531,0.0,1057,1905.0,3698.0,0.0,0.87,9.03,12.34,0.0,8,154.0,521.0,0.0,many,RT,2
205,3041,4149,0,0,25.8774,14.2242,9.9808,0.0,0.0,1314,2338.0,0.0,0.0,-1.25,19.72,0.0,0.0,57,378.0,0.0,0.0,one,RT,1
0,3868,9054,0,0,14.6758,12.6303,0.4834,0.0,0.0,1365,819.0,0.0,0.0,0.27,15.62,0.0,0.0,98,0.0,0.0,0.0,one,SR,1
0,893,6289,801,0,32.138,22.029,3.6083,3.8071,0.0,1515,865.0,951.0,0.0,-8.34,12.96,13.98,0.0,151,8.0,4.0,0.0,many,SR,2
0,3908,7067,0,0,14.8581,12.7218,0.3225,0.0,0.0,1661,997.0,0.0,0.0,1.12,18.14,0.0,0.0,246,0.0,0.0,0.0,one,SR,1
0,1130,5644,684,0,52.4521,37.837,5.3974,4.359,0.0,2659,2392.0,1223.0,0.0,-15.81,31.48,17.11,0.0,402,8.0,0.0,0.0,many,SR,2
0,4775,7093,0,0,14.5149,12.4571,0.4561,0.0,0.0,1241,847.0,0.0,0.0,-1.38,16.02,0.0,0.0,134,0.0,0.0,0.0,one,SR,1
0,4530,2070,0,0,14.5968,12.4973,0.3904,0.0,0.0,1380,923.0,0.0,0.0,-0.89,17.09,0.0,0.0,197,0.0,0.0,0.0,one,SR,1
224,2403,9042,0,0,19.9156,12.2066,6.3448,0.0,0.0,2333,1786.0,0.0,0.0,12.22,16.64,0.0,0.0,5,342.0,0.0,0.0,one,TR,1
176,2588,1826,0,0,12.9963,3.3695,9.0051,0.0,0.0,1509,1344.0,0.0,0.0,10.25,10.22,0.0,0.0,152,221.0,0.0,0.0,one,RT,1
0,707,3725,0,0,13.9183,11.8823,0.4739,0.0,0.0,1266,819.0,0.0,0.0,-0.77,15.62,0.0,0.0,149,0.0,0.0,0.0,one,SR,1
0,474,2272,0,0,13.895,11.8422,0.4681,0.0,0.0,1250,835.0,0.0,0.0,-1.14,15.85,0.0,0.0,165,0.0,0.0,0.0,one,SR,1
0,3510,7898,0,0,13.7767,11.7388,0.4899,0.0,0.0,1384,809.0,0.0,0.0,0.6,15.48,0.0,0.0,150,0.0,0.0,0.0,one,SR,1
243,4616,7295,2818,0,28.7325,10.5318,8.4968,8.4888,0.0,1144,847.0,847.0,0.0,1.08,8.07,8.07,0.0,28,-6.0,-5.0,0.0,many,RT,2
0,2274,2988,0,0,13.3802,11.3709,0.5364,0.0,0.0,1223,756.0,0.0,0.0,-0.42,14.73,0.0,0.0,129,0.0,0.0,0.0,one,SR,1
0,2866,5145,0,0,13.4087,11.3838,0.4855,0.0,0.0,1187,803.0,0.0,0.0,-1.39,15.39,0.0,0.0,169,0.0,0.0,0.0,one,SR,1
11,4348,8843,302,0,26.5763,9.3331,8.0445,8.029,0.0,1268,1365.0,1358.0,0.0,2.79,8.88,8.81,0.0,82,368.0,368.0,0.0,many,RT,2
0,2168,739,0,0,13.0826,11.0461,0.4872,0.0,0.0,1597,810.0,0.0,0.0,2.82,15.49,0.0,0.0,198,0.0,0.0,0.0,one,SR,1
181,4218,6174,6173,0,34.8659,10.9914,11.3218,11.3218,0.0,1468,1692.0,1692.0,0.0,4.34,9.15,9.15,0.0,6,414.0,414.0,0.0,many,TR,2
0,3786,9564,0,0,12.9721,10.9645,0.5389,0.0,0.0,1440,753.0,0.0,0.0,1.9,14.69,0.0,0.0,154,0.0,0.0,0.0,one,SR,1
0,4523,5297,3981,0,43.7874,30.9826,4.4238,4.7177,0.0,2329,1251.0,1407.0,0.0,-8.52,17.44,19.2,0.0,136,-1.0,0.0,0.0,many,SR,2
164,511,9757,7126,2619,83.0733,24.8671,16.0449,20.0687,19.2619,1737,2855.0,2773.0,2582.0,-7.24,14.62,12.62,13.07,42,716.0,538.0,413.0,many,TR,3
0,808,4169,0,0,12.4185,10.4376,0.5546,0.0,0.0,1361,723.0,0.0,0.0,1.45,14.26,0.0,0.0,164,0.0,0.0,0.0,one,SR,1
0,2193,9756,2010,0,34.049,22.9117,4.0464,4.0355,0.0,2869,1069.0,1057.0,0.0,2.63,15.33,15.23,0.0,313,3.0,0.0,0.0,many,SR,2
0,4720,7884,0,0,12.0657,10.0825,0.5653,0.0,0.0,1584,717.0,0.0,0.0,3.87,14.18,0.0,0.0,183,0.0,0.0,0.0,one,SR,1
265,3599,5012,0,0,26.6463,16.093,8.707,0.0,0.0,1892,2510.0,0.0,0.0,3.25,21.46,0.0,0.0,36,482.0,0.0,0.0,one,RT,1
88,4525,7746,0,0,11.0696,5.4135,5.0457,0.0,0.0,1033,1043.0,0.0,0.0,5.35,9.1,0.0,0.0,6,282.0,0.0,0.0,one,TR,1
88,2176,7489,7488,0,46.189,7.2468,18.9214,18.9214,0.0,1488,2784.0,2784.0,0.0,5.73,10.5,10.5,0.0,181,734.0,734.0,0.0,many,TR,2
262,2698,7673,0,0,21.8672,12.426,8.0007,0.0,0.0,1323,2380.0,0.0,0.0,0.93,17.4,0.0,0.0,37,656.0,0.0,0.0,one,RT,1
48,3004,7642,0,0,29.2553,17.7529,9.1952,0.0,0.0,2496,3680.0,0.0,0.0,5.44,27.07,0.0,0.0,206,1024.0,0.0,0.0,one,TR,1
0,1385,6519,0,0,14.098,12.0505,0.4712,0.0,0.0,1186,829.0,0.0,0.0,-1.73,15.76,0.0,0.0,146,0.0,0.0,0.0,one,SR,1
281,852,5785,0,0,10.0781,5.4993,3.6601,0.0,0.0,1500,1137.0,0.0,0.0,7.48,11.19,0.0,0.0,189,314.0,0.0,0.0,one,RT,1
11,1111,6996,3461,0,30.0986,8.7085,10.1544,10.1544,0.0,1264,1223.0,1223.0,0.0,3.54,8.41,8.41,0.0,70,167.0,167.0,0.0,many,TR,2
0,1875,2957,0,0,16.0725,13.8969,0.2883,0.0,0.0,1887,1049.0,0.0,0.0,2.83,18.87,0.0,0.0,211,0.0,0.0,0.0,one,SR,1
98,492,3907,0,0,21.0347,6.9616,13.194,0.0,0.0,1643,2369.0,0.0,0.0,9.34,12.79,0.0,0.0,65,614.0,0.0,0.0,one,TR,1
254,3965,7594,0,0,20.718,8.0156,11.7865,0.0,0.0,1344,2122.0,0.0,0.0,5.87,13.16,0.0,0.0,16,486.0,0.0,0.0,one,TR,1
213,2159,8979,0,0,13.1068,4.9021,7.5786,0.0,0.0,1299,1320.0,0.0,0.0,8.01,9.26,0.0,0.0,50,339.0,0.0,0.0,one,RT,1
69,3051,4557,4204,0,48.2389,8.419,22.9124,15.8989,0.0,1316,2412.0,2100.0,0.0,4.74,10.04,9.04,0.0,45,248.0,469.0,0.0,many,RT,2
31,3361,7390,5389,0,34.2709,9.8604,8.6451,14.6116,0.0,1155,858.0,1639.0,0.0,1.74,7.43,9.11,0.0,36,31.0,188.0,0.0,many,RT,2
117,217,9598,9597,0,60.8561,8.0318,25.8659,25.8659,0.0,1179,2725.0,2725.0,0.0,2.55,10.46,10.46,0.0,123,293.0,293.0,0.0,many,RT,2
120,524,9387,6242,0,30.1063,7.8737,13.8468,7.1901,0.0,1239,1810.0,1136.0,0.0,2.25,9.92,9.04,0.0,197,316.0,234.0,0.0,many,RT,2
0,733,7560,0,0,18.6319,16.4463,0.2644,0.0,0.0,1886,1073.0,0.0,0.0,2.51,19.21,0.0,0.0,58,0.0,0.0,0.0,one,SR,1
38,3369,2425,0,0,24.1302,14.9399,7.5009,0.0,0.0,1631,2184.0,0.0,0.0,1.92,19.89,0.0,0.0,18,393.0,0.0,0.0,one,RT,1
0,1451,9278,0,0,12.8756,10.8045,0.4227,0.0,0.0,1688,880.0,0.0,0.0,2.89,16.48,0.0,0.0,275,0.0,0.0,0.0,one,SR,1
0,2925,1827,0,0,14.8274,12.6994,0.344,0.0,0.0,1397,976.0,0.0,0.0,-1.39,17.84,0.0,0.0,229,0.0,0.0,0.0,one,SR,1
88,3333,1755,129,0,56.4215,7.2069,26.67,21.4135,0.0,1302,2038.0,2855.0,0.0,3.49,10.63,10.68,0.0,203,-286.0,635.0,0.0,many,RT,2
0,174,7437,5218,0,27.6476,18.1928,3.4787,3.5409,0.0,1686,770.0,808.0,0.0,-4.21,11.97,12.38,0.0,254,0.0,2.0,0.0,many,SR,2
178,3797,9330,0,0,19.2156,4.0368,14.5698,0.0,0.0,1890,1863.0,0.0,0.0,14.36,10.09,0.0,0.0,99,305.0,0.0,0.0,one,TR,1
52,4856,8480,0,0,18.3178,3.7376,13.9669,0.0,0.0,1525,1494.0,0.0,0.0,10.49,10.13,0.0,0.0,122,56.0,0.0,0.0,one,RT,1
0,3537,6937,3790,0,44.2868,31.3009,4.9195,4.214,0.0,3524,1651.0,1150.0,0.0,2.33,22.24,16.28,0.0,230,0.0,0.0,0.0,many,SR,2
0,1460,8402,0,0,21.9646,19.6005,0.0031,0.0,0.0,1884,1384.0,0.0,0.0,-1.47,23.61,0.0,0.0,113,0.0,0.0,0.0,one,SR,1
3,849,7703,0,0,12.4466,6.6266,4.9875,0.0,0.0,1089,1316.0,0.0,0.0,3.94,11.32,0.0,0.0,59,366.0,0.0,0.0,one,TR,1
69,1199,6023,0,0,17.3731,5.6361,11.1082,0.0,0.0,1275,1318.0,0.0,0.0,7.73,9.29,0.0,0.0,2,134.0,0.0,0.0,one,RT,1
0,2647,6857,0,0,13.7181,11.6125,0.3908,0.0,0.0,1709,927.0,0.0,0.0,2.51,17.15,0.0,0.0,261,0.0,0.0,0.0,one,SR,1
0,2412,9510,0,0,21.0425,18.7243,0.0562,0.0,0.0,1622,1314.0,0.0,0.0,-3.33,22.62,0.0,0.0,112,0.0,0.0,0.0,one,SR,1
49,1356,3038,0,0,20.9108,5.2827,14.6755,0.0,0.0,1362,2408.0,0.0,0.0,5.73,13.53,0.0,0.0,225,517.0,0.0,0.0,one,TR,1
181,4099,7812,0,0,12.4742,5.3886,6.3225,0.0,0.0,1235,1283.0,0.0,0.0,6.1,10.63,0.0,0.0,101,304.0,0.0,0.0,one,RT,1
0,433,4856,2556,0,83.517,64.9338,5.3427,6.0212,0.0,3248,2261.0,3243.0,0.0,-30.87,29.93,42.26,0.0,3,0.0,3.0,0.0,many,SR,2
68,142,5778,5777,0,51.8272,13.7864,18.016,18.016,0.0,1985,2177.0,2177.0,0.0,2.76,14.04,14.04,0.0,293,120.0,120.0,0.0,many,RT,2
243,3569,5084,0,0,14.1713,5.2291,8.3289,0.0,0.0,1082,1522.0,0.0,0.0,5.84,10.13,0.0,0.0,20,400.0,0.0,0.0,one,RT,1
254,1662,9746,0,0,11.5318,4.9913,5.7208,0.0,0.0,1370,987.0,0.0,0.0,7.01,11.2,0.0,0.0,163,81.0,0.0,0.0,one,TR,1
0,2995,2471,0,0,14.6545,12.5868,0.4463,0.0,0.0,1541,861.0,0.0,0.0,1.59,16.21,0.0,0.0,137,0.0,0.0,0.0,one,SR,1
66,4113,7567,0,0,32.9078,5.2224,27.0566,0.0,0.0,1114,2875.0,0.0,0.0,6.04,11.29,0.0,0.0,30,292.0,0.0,0.0,one,RT,1
272,3722,5796,0,0,30.6877,4.2393,25.7828,0.0,0.0,1238,3628.0,0.0,0.0,7.01,12.66,0.0,0.0,120,860.0,0.0,0.0,one,RT,1
0,2923,3856,0,0,14.7554,12.7211,0.4765,0.0,0.0,1253,816.0,0.0,0.0,-0.86,15.58,0.0,0.0,89,0.0,0.0,0.0,one,SR,1
0,940,407,0,0,18.3698,16.147,0.2054,0.0,0.0,1288,1141.0,0.0,0.0,-4.63,20.17,0.0,0.0,137,0.0,0.0,0.0,one,SR,1
224,4937,3642,0,0,15.2969,4.4955,10.1301,0.0,0.0,1639,1253.0,0.0,0.0,11.17,9.71,0.0,0.0,106,116.0,0.0,0.0,one,RT,1
0,3244,6229,0,0,15.8081,13.6917,0.3563,0.0,0.0,1516,959.0,0.0,0.0,0.08,17.6,0.0,0.0,147,0.0,0.0,0.0,one,SR,1
72,3550,3262,0,0,23.4627,16.1187,5.526,0.0,0.0,2213,2134.0,0.0,0.0,6.87,21.18,0.0,0.0,17,394.0,0.0,0.0,one,TR,1
176,207,5549,0,0,23.3986,3.8026,18.9361,0.0,0.0,1152,2623.0,0.0,0.0,6.16,11.6,0.0,0.0,146,547.0,0.0,0.0,one,TR,1
69,3224,8540,0,0,13.4241,5.3866,7.4129,0.0,0.0,1076,1372.0,0.0,0.0,5.68,9.25,0.0,0.0,16,389.0,0.0,0.0,one,RT,1
88,2598,9124,0,0,15.3359,4.429,10.1466,0.0,0.0,1242,1385.0,0.0,0.0,6.2,10.6,0.0,0.0,165,165.0,0.0,0.0,one,TR,1
50,4168,6965,1069,0,38.8131,8.9696,18.749,10.0122,0.0,1072,2038.0,1325.0,0.0,1.52,9.95,7.87,0.0,53,207.0,283.0,0.0,many,RT,2
86,2144,1929,0,0,13.326,3.0527,9.3843,0.0,0.0,2076,1874.0,0.0,0.0,13.8,11.89,0.0,0.0,338,507.0,0.0,0.0,one,TR,1
0,1486,76,0,0,19.784,17.4356,0.0355,0.0,0.0,1992,1350.0,0.0,0.0,0.1,23.13,0.0,0.0,231,0.0,0.0,0.0,one,SR,1
0,1893,1208,0,0,17.3006,15.1382,0.3077,0.0,0.0,1709,1026.0,0.0,0.0,1.25,18.55,0.0,0.0,106,0.0,0.0,0.0,one,SR,1
109,919,3336,0,0,13.4146,9.1356,3.0025,0.0,0.0,1611,1370.0,0.0,0.0,5.43,15.76,0.0,0.0,161,267.0,0.0,0.0,one,RT,1
53,1475,2297,0,0,20.2981,2.8053,16.7368,0.0,0.0,2186,2419.0,0.0,0.0,16.15,11.56,0.0,0.0,273,520.0,0.0,0.0,one,TR,1
224,1400,5946,0,0,13.928,4.0813,9.2222,0.0,0.0,1701,1438.0,0.0,0.0,12.24,9.25,0.0,0.0,105,336.0,0.0,0.0,one,TR,1
0,191,9217,0,0,21.0137,18.7182,0.0943,0.0,0.0,1511,1271.0,0.0,0.0,-3.95,22.01,0.0,0.0,75,0.0,0.0,0.0,one,SR,1
0,3600,9038,1090,0,40.8307,28.2148,4.1765,4.6786,0.0,2558,1127.0,1649.0,0.0,-6.99,16.02,21.59,0.0,384,0.0,50.0,0.0,many,SR,2
0,3539,5073,0,0,16.5968,14.5241,0.4202,0.0,0.0,1133,883.0,0.0,0.0,-2.98,16.53,0.0,0.0,24,0.0,0.0,0.0,one,SR,1
120,4272,2614,0,0,23.8543,3.3242,19.8433,0.0,0.0,1286,1434.0,0.0,0.0,7.32,10.87,0.0,0.0,195,-368.0,0.0,0.0,one,TR,1
0,1452,5771,3288,0,40.9561,29.0777,4.2675,4.2843,0.0,2374,1184.0,1182.0,0.0,-5.01,16.62,16.64,0.0,59,4.0,0.0,0.0,many,SR,2
170,2199,9830,0,0,23.471,3.4046,19.4574,0.0,0.0,1255,2594.0,0.0,0.0,7.7,11.09,0.0,0.0,142,524.0,0.0,0.0,one,RT,1
0,4632,4798,0,0,19.4385,17.1187,0.0634,0.0,0.0,2596,1310.0,0.0,0.0,6.95,22.56,0.0,0.0,218,0.0,0.0,0.0,one,SR,1
86,1523,6603,0,0,21.9899,3.1984,18.1711,0.0,0.0,1567,1918.0,0.0,0.0,10.87,10.2,0.0,0.0,163,134.0,0.0,0.0,one,RT,1
181,2044,1531,0,0,19.6566,3.5595,15.3466,0.0,0.0,1391,2007.0,0.0,0.0,7.85,11.5,0.0,0.0,218,289.0,0.0,0.0,one,TR,1
134,385,4482,3823,0,40.0069,15.1413,9.379,13.7476,0.0,1816,2013.0,2045.0,0.0,3.42,14.01,10.38,0.0,35,492.0,474.0,0.0,many,TR,2
0,500,5515,0,0,11.6951,9.7096,0.562,0.0,0.0,1398,721.0,0.0,0.0,1.87,14.23,0.0,0.0,212,0.0,0.0,0.0,one,SR,1
0,1980,1589,0,0,15.5625,13.5502,0.504,0.0,0.0,1013,781.0,0.0,0.0,-2.94,15.08,0.0,0.0,2,0.0,0.0,0.0,one,SR,1
50,2704,8529,0,0,11.6581,7.8501,2.6957,0.0,0.0,1256,1129.0,0.0,0.0,3.18,13.12,0.0,0.0,148,252.0,0.0,0.0,one,RT,1
114,2225,9009,7636,6370,65.0443,19.6013,8.4399,17.6135,16.5533,2425,1723.0,2587.0,2064.0,-0.06,12.45,13.45,13.45,404,414.0,489.0,152.0,many,TR,3
0,3862,390,0,0,17.3882,15.2098,0.2656,0.0,0.0,1143,1067.0,0.0,0.0,-5.21,19.13,0.0,0.0,137,0.0,0.0,0.0,one,SR,1
0,332,9916,0,0,15.1797,13.1445,0.4845,0.0,0.0,1275,811.0,0.0,0.0,-0.57,15.51,0.0,0.0,56,0.0,0.0,0.0,one,SR,1
0,875,1364,0,0,17.8501,15.6921,0.3188,0.0,0.0,1640,1015.0,0.0,0.0,0.67,18.39,0.0,0.0,59,0.0,0.0,0.0,one,SR,1
0,1617,4040,0,0,13.8513,11.787,0.4372,0.0,0.0,1518,865.0,0.0,0.0,1.3,16.27,0.0,0.0,195,0.0,0.0,0.0,one,SR,1
0,4831,3833,0,0,19.94,17.7042,0.1816,0.0,0.0,2549,1167.0,0.0,0.0,8.28,20.54,0.0,0.0,54,0.0,0.0,0.0,one,SR,1
0,2077,8607,0,0,13.6627,11.5795,0.4236,0.0,0.0,1657,888.0,0.0,0.0,2.46,16.6,0.0,0.0,229,0.0,0.0,0.0,one,SR,1
0,3468,4813,0,0,14.9203,12.9074,0.5031,0.0,0.0,1528,782.0,0.0,0.0,2.46,15.1,0.0,0.0,47,0.0,0.0,0.0,one,SR,1
0,2102,2713,0,0,19.541,17.2137,0.0569,0.0,0.0,3610,1320.0,0.0,0.0,17.47,22.7,0.0,0.0,220,0.0,0.0,0.0,one,SR,1
0,4882,8853,0,0,21.3011,18.9743,0.0718,0.0,0.0,1600,1309.0,0.0,0.0,-3.49,22.55,0.0,0.0,90,0.0,0.0,0.0,one,SR,1
0,365,9221,0,0,20.9355,18.6361,0.1025,0.0,0.0,2431,1268.0,0.0,0.0,5.75,21.97,0.0,0.0,78,0.0,0.0,0.0,one,SR,1
0,435,6892,0,0,19.0952,16.918,0.2673,0.0,0.0,2076,1065.0,0.0,0.0,4.61,19.1,0.0,0.0,19,0.0,0.0,0.0,one,SR,1
0,3057,7389,0,0,9.2419,7.2431,0.533,0.0,0.0,2838,751.0,0.0,0.0,16.61,14.66,0.0,0.0,406,0.0,0.0,0.0,one,SR,1
0,4334,2835,0,0,12.6283,10.5867,0.4611,0.0,0.0,1594,832.0,0.0,0.0,2.51,15.8,0.0,0.0,248,0.0,0.0,0.0,one,SR,1
0,1594,4887,3158,0,38.9053,27.1607,4.155,4.3176,0.0,1370,1116.0,1198.0,0.0,-15.06,15.9,16.83,0.0,156,0.0,0.0,0.0,many,SR,2
0,3026,5155,0,0,15.9846,13.9322,0.4452,0.0,0.0,1112,851.0,0.0,0.0,-2.79,16.07,0.0,0.0,37,0.0,0.0,0.0,one,SR,1
0,2618,2328,0,0,13.1311,11.1353,0.5468,0.0,0.0,1415,739.0,0.0,0.0,1.82,14.49,0.0,0.0,130,0.0,0.0,0.0,one,SR,1
0,238,8406,0,0,16.2634,14.1178,0.3135,0.0,0.0,1381,1010.0,0.0,0.0,-1.99,18.32,0.0,0.0,162,0.0,0.0,0.0,one,SR,1
0,2637,2584,0,0,17.6013,15.3277,0.1262,0.0,0.0,2513,1233.0,0.0,0.0,7.06,21.47,0.0,0.0,273,0.0,0.0,0.0,one,SR,1
136,1847,9694,4143,0,41.3643,16.1847,5.416,17.7343,0.0,1411,1349.0,2443.0,0.0,-3.45,13.25,14.04,0.0,142,257.0,339.0,0.0,many,RT,2
0,2233,9998,2169,0,48.5117,35.7046,3.6948,5.0314,0.0,2095,1050.0,1997.0,0.0,-14.73,14.53,26.27,0.0,70,54.0,26.0,0.0,many,SR,2
171,2831,9644,5683,3609,110.09,28.9286,29.3075,21.2586,26.8915,2499,3328.0,3770.0,2716.0,-7.09,17.4,17.37,17.27,301,158.0,957.0,-162.0,many,RT,3
262,3806,8871,2217,1471,77.7825,28.3994,15.0828,15.8859,15.129,1674,2605.0,2640.0,2967.0,-11.99,14.95,14.95,14.95,80,562.0,543.0,835.0,many,TR,3
0,1137,8425,6504,0,47.6288,33.9514,4.7752,4.6743,0.0,3099,1791.0,1380.0,0.0,-5.51,23.39,18.89,0.0,280,49.0,0.0,0.0,many,SR,2
97,3980,6992,0,0,45.5181,21.5328,21.4477,0.0,0.0,3365,3264.0,0.0,0.0,12.49,29.38,0.0,0.0,89,-126.0,0.0,0.0,one,TR,1
0,3270,6409,3992,0,43.5504,31.4347,3.6816,4.9096,0.0,2166,886.0,1633.0,0.0,-8.98,13.24,22.0,0.0,20,4.0,1.0,0.0,many,SR,2
262,2018,9662,7469,7144,73.5099,25.5349,15.7638,15.4692,13.3988,2180,2835.0,2032.0,2553.0,-7.2,15.14,14.14,15.14,311,687.0,150.0,608.0,many,TR,3
241,482,1805,59,0,63.2378,13.3885,30.2729,17.5336,0.0,2145,3592.0,2506.0,0.0,4.14,15.83,13.6,0.0,341,394.0,424.0,0.0,many,RT,2
231,244,464,0,0,39.8817,17.175,20.7106,0.0,0.0,2122,3824.0,0.0,0.0,4.32,24.96,0.0,0.0,54,595.0,0.0,0.0,one,RT,1
6,1184,6012,2716,1122,77.7559,14.2324,25.1924,19.3429,16.982,2576,2749.0,2832.0,2774.0,8.99,12.53,10.22,12.31,261,232.0,762.0,733.0,many,RT,3
88,2667,8711,6378,0,84.8234,9.9539,23.0277,50.519,0.0,1358,3423.0,4020.0,0.0,2.35,11.7,13.53,0.0,133,916.0,-308.0,0.0,many,TR,2
0,792,7816,2267,0,38.0952,26.4833,3.9883,4.3538,0.0,1803,1030.0,1311.0,0.0,-10.5,14.92,17.78,0.0,201,0.0,29.0,0.0,many,SR,2
0,2457,7556,2493,0,37.1919,26.0461,4.4037,3.664,0.0,1341,1247.0,910.0,0.0,-13.62,17.37,13.41,0.0,113,1.0,13.0,0.0,many,SR,2
0,4421,922,495,0,36.7021,25.5573,3.9354,4.1222,0.0,1730,1004.0,1169.0,0.0,-9.62,14.63,16.25,0.0,152,0.0,22.0,0.0,many,SR,2
0,1945,9563,7942,0,45.0599,32.5995,3.8654,4.4563,0.0,2527,994.0,2199.0,0.0,-10.72,14.43,26.96,0.0,317,7.0,174.0,0.0,many,SR,2
50,3436,6254,4558,0,33.4913,8.4233,14.0439,10.0122,0.0,1066,1696.0,1325.0,0.0,2.08,9.25,7.87,0.0,47,256.0,283.0,0.0,many,RT,2
0,3417,7290,6386,0,35.6433,25.0794,3.4736,4.0076,0.0,1988,1180.0,1125.0,0.0,-6.87,15.12,15.7,0.0,182,132.0,26.0,0.0,many,SR,2
86,3563,6263,3986,0,37.7303,7.4338,12.4784,16.4886,0.0,1903,1853.0,2390.0,0.0,8.02,9.63,10.66,0.0,309,443.0,563.0,0.0,many,RT,2
246,3627,6569,5469,0,45.562,13.1978,21.1701,9.4235,0.0,1271,2817.0,1297.0,0.0,-2.59,12.4,11.31,0.0,187,521.0,99.0,0.0,many,TR,2
0,2540,9653,7813,0,35.1612,24.8269,3.4496,4.1002,0.0,1154,760.0,1140.0,0.0,-12.94,11.86,15.99,0.0,16,0.0,16.0,0.0,many,SR,2
186,494,6552,3120,0,70.003,22.3423,27.2213,17.7355,0.0,2380,3504.0,2750.0,0.0,0.65,18.4,17.64,0.0,136,354.0,367.0,0.0,many,RT,2
0,3853,6668,5638,0,31.5121,20.7514,3.9034,3.8041,0.0,2908,1276.0,936.0,0.0,3.06,16.68,13.85,0.0,459,91.0,0.0,0.0,many,SR,2
66,716,7271,4627,0,29.2411,12.223,6.6285,8.848,0.0,1204,1189.0,1414.0,0.0,-1.23,9.71,10.71,0.0,113,268.0,255.0,0.0,many,RT,2
164,2773,3713,470,0,43.3194,15.1173,16.9195,9.2568,0.0,1386,2008.0,2025.0,0.0,-3.68,12.76,14.5,0.0,213,128.0,480.0,0.0,many,RT,2
0,3438,9558,5671,0,27.4513,17.8563,3.5455,3.5463,0.0,2151,806.0,842.0,0.0,0.06,12.38,12.65,0.0,319,0.0,12.0,0.0,many,SR,2
132,1683,4565,2754,2753,112.1587,21.9528,29.7263,28.7689,28.7689,5051,3440.0,3356.0,3356.0,26.56,15.03,14.69,14.69,309,355.0,365.0,365.0,many,TR,3
0,146,4308,74,0,32.7804,22.0948,3.8878,3.9079,0.0,1645,991.0,989.0,0.0,-8.74,14.44,14.46,0.0,267,3.0,0.0,0.0,many,SR,2
213,4227,7588,6635,0,27.8407,8.3996,12.0887,6.3653,0.0,1301,1698.0,1060.0,0.0,4.78,7.86,8.01,0.0,33,449.0,282.0,0.0,many,TR,2
0,1083,4079,2250,0,29.4709,19.7376,3.5946,3.6003,0.0,1914,834.0,833.0,0.0,-2.75,12.7,12.69,0.0,212,0.0,0.0,0.0,many,SR,2
180,476,7528,5660,5659,59.1372,15.244,25.309,8.4364,8.4364,1878,2862.0,1254.0,1254.0,4.32,10.69,8.71,8.71,11,416.0,271.0,271.0,many,RT,3
272,3743,7424,4449,0,38.9073,9.8623,14.7136,13.1594,0.0,1115,2400.0,1669.0,0.0,1.16,10.52,9.2,0.0,47,681.0,289.0,0.0,many,RT,2
0,3036,3926,221,0,37.3077,25.2406,4.0746,4.522,0.0,3539,1075.0,1467.0,0.0,5.92,15.43,19.27,0.0,409,0.0,53.0,0.0,many,SR,2
0,2496,6493,4679,0,37.2015,26.0637,3.4353,4.537,0.0,1560,859.0,1435.0,0.0,-12.11,12.6,19.06,0.0,166,34.0,40.0,0.0,many,SR,2
0,152,7375,3314,2960,45.3442,32.0056,2.8036,2.8514,3.7337,1732,1039.0,1079.0,903.0,-17.36,12.81,13.21,13.48,242,195.0,200.0,0.0,many,SR,3
0,2979,3350,2313,0,28.5804,19.1121,3.4906,3.538,0.0,2033,778.0,801.0,0.0,-0.61,12.06,12.33,0.0,194,0.0,-1.0,0.0,many,SR,2
257,3802,8883,0,0,49.4006,27.7491,17.905,0.0,0.0,3800,4673.0,0.0,0.0,6.18,42.46,0.0,0.0,407,400.0,0.0,0.0,one,RT,1
0,1584,8583,3105,0,36.8877,26.1231,4.0255,3.6711,0.0,1187,1049.0,1187.0,0.0,-15.15,15.14,15.54,0.0,102,0.0,102.0,0.0,many,SR,2
0,2888,6394,0,0,20.0594,17.8046,0.1724,0.0,0.0,1627,1187.0,0.0,0.0,-1.66,20.82,0.0,0.0,64,0.0,0.0,0.0,one,SR,1
128,3474,9243,0,0,34.105,15.7579,16.3849,0.0,0.0,2660,3264.0,0.0,0.0,10.27,24.62,0.0,0.0,130,436.0,0.0,0.0,one,RT,1
0,2127,5712,1485,0,37.3831,25.6307,4.6121,3.7178,0.0,2372,1597.0,892.0,0.0,-5.9,20.87,13.36,0.0,353,55.0,0.0,0.0,many,SR,2
279,4903,6897,4154,3095,86.8801,12.4931,21.8104,32.1173,18.9759,1550,2904.0,3535.0,2445.0,2.92,9.93,10.92,8.99,59,692.0,526.0,559.0,many,RT,3
281,3593,6209,0,0,18.0268,8.0664,8.9993,0.0,0.0,1053,1886.0,0.0,0.0,2.41,12.61,0.0,0.0,40,497.0,0.0,0.0,one,RT,1
0,798,1994,1539,0,39.3689,28.0468,3.8022,4.3851,0.0,1269,936.0,1269.0,0.0,-14.89,13.85,17.49,0.0,12,0.0,12.0,0.0,many,SR,2
151,2934,2924,0,0,18.0021,8.8402,7.7922,0.0,0.0,1651,2072.0,0.0,0.0,5.01,16.7,0.0,0.0,238,474.0,0.0,0.0,one,TR,1
0,3792,4645,0,0,17.7848,15.5713,0.2329,0.0,0.0,1437,1115.0,0.0,0.0,-2.74,19.81,0.0,0.0,154,0.0,0.0,0.0,one,SR,1
273,2328,9978,0,0,16.6258,7.3776,8.4243,0.0,0.0,1280,1585.0,0.0,0.0,6.02,12.24,0.0,0.0,3,322.0,0.0,0.0,one,TR,1
0,2891,8594,475,0,30.6475,20.891,3.1653,3.5709,0.0,2855,1583.0,819.0,0.0,2.79,17.68,12.53,0.0,429,310.0,0.0,0.0,many,SR,2
0,439,8098,7809,0,35.6656,24.6803,3.6907,4.1258,0.0,1968,1229.0,1105.0,0.0,-7.86,15.92,15.77,0.0,262,111.0,0.0,0.0,many,SR,2
31,2139,3032,149,0,43.289,12.6388,15.6414,13.3708,0.0,1691,1663.0,2323.0,0.0,3.01,10.43,12.95,0.0,144,72.0,560.0,0.0,many,TR,2
227,2367,3232,0,0,16.4679,6.1963,9.5424,0.0,0.0,1602,1179.0,0.0,0.0,10.26,10.29,0.0,0.0,25,60.0,0.0,0.0,one,TR,1
26,4331,3875,3579,2997,110.6473,30.0435,29.2369,18.5441,29.2369,2642,2608.0,2600.0,2608.0,-4.53,17.18,15.51,17.18,152,-373.0,328.0,-373.0,many,RT,3
0,2109,7535,4373,0,59.1067,43.6539,5.1511,5.0556,0.0,2521,1971.0,1983.0,0.0,-20.74,26.27,26.19,0.0,243,0.0,19.0,0.0,many,SR,2
0,1386,6157,0,0,17.1978,15.0704,0.3589,0.0,0.0,1372,965.0,0.0,0.0,-1.51,17.69,0.0,0.0,58,0.0,0.0,0.0,one,SR,1
48,2994,6354,5952,0,63.581,9.5551,39.986,12.8521,0.0,1101,3192.0,1442.0,0.0,0.87,11.94,9.94,0.0,78,-244.0,91.0,0.0,many,TR,2
0,1593,7023,0,0,16.2873,14.1484,0.328,0.0,0.0,1389,995.0,0.0,0.0,-1.71,18.11,0.0,0.0,147,0.0,0.0,0.0,one,SR,1
50,1824,6232,914,0,23.1883,12.0693,4.3695,5.0491,0.0,1572,1157.0,1090.0,0.0,1.2,10.52,10.48,0.0,221,326.0,239.0,0.0,many,RT,2
257,683,4060,2146,0,40.7324,9.6387,14.3676,15.6506,0.0,1120,1622.0,2294.0,0.0,2.08,9.38,9.37,0.0,3,173.0,612.0,0.0,many,RT,2
0,587,3733,0,0,15.7995,13.7411,0.4412,0.0,0.0,1314,858.0,0.0,0.0,-0.76,16.17,0.0,0.0,56,0.0,0.0,0.0,one,SR,1
38,4551,6477,4402,0,37.9296,6.9163,19.952,10.0345,0.0,1340,2241.0,1093.0,0.0,4.83,10.15,8.12,0.0,159,281.0,91.0,0.0,many,RT,2
208,4130,2119,2118,0,38.8633,9.4939,14.1509,14.1509,0.0,1059,1106.0,1106.0,0.0,1.51,8.34,8.34,0.0,8,-147.0,-147.0,0.0,many,RT,2
0,4172,9082,3990,0,32.7191,22.0476,3.8134,3.9636,0.0,2963,948.0,1041.0,0.0,5.06,13.97,14.98,0.0,273,2.0,6.0,0.0,many,SR,2
262,3975,8649,0,0,17.966,10.0058,6.4886,0.0,0.0,1840,1964.0,0.0,0.0,6.08,17.72,0.0,0.0,221,408.0,0.0,0.0,one,TR,1
0,3341,1952,0,0,14.5304,12.4847,0.4738,0.0,0.0,1323,826.0,0.0,0.0,-0.26,15.72,0.0,0.0,114,0.0,0.0,0.0,one,SR,1
0,106,4122,0,0,13.8491,11.74,0.3858,0.0,0.0,2106,933.0,0.0,0.0,6.6,17.23,0.0,0.0,257,0.0,0.0,0.0,one,SR,1
0,3493,2497,0,0,13.2581,11.2561,0.5191,0.0,0.0,1667,763.0,0.0,0.0,4.16,14.83,0.0,0.0,143,0.0,0.0,0.0,one,SR,1
151,2736,5119,0,0,12.6969,5.0922,6.9462,0.0,0.0,1197,1356.0,0.0,0.0,6.64,9.59,0.0,0.0,57,384.0,0.0,0.0,one,RT,1
272,1147,9089,7446,0,41.9771,7.3855,17.0941,16.4424,0.0,1313,1915.0,1919.0,0.0,4.29,10.41,9.15,0.0,144,182.0,294.0,0.0,many,RT,2
191,1736,4717,203,0,37.7352,7.3167,16.8715,12.5225,0.0,1305,2196.0,1839.0,0.0,4.48,10.08,8.17,0.0,130,427.0,514.0,0.0,many,RT,2
22,719,9561,0,0,21.8004,7.401,13.4355,0.0,0.0,1322,2094.0,0.0,0.0,5.21,12.64,0.0,0.0,87,400.0,0.0,0.0,one,TR,1
0,1417,9575,0,0,23.0342,20.6815,0.0058,0.0,0.0,2187,1374.0,0.0,0.0,1.84,23.47,0.0,0.0,30,0.0,0.0,0.0,one,SR,1
181,2437,7000,0,0,12.3747,5.6745,5.9935,0.0,0.0,1238,930.0,0.0,0.0,6.64,9.07,0.0,0.0,47,144.0,0.0,0.0,one,TR,1
150,2453,2949,0,0,12.2995,7.0443,4.1371,0.0,0.0,1323,1286.0,0.0,0.0,3.83,13.18,0.0,0.0,206,286.0,0.0,0.0,one,RT,1
66,1756,4512,3375,0,36.9756,11.6849,7.567,16.2139,0.0,1213,1542.0,2681.0,0.0,-0.85,10.62,11.48,0.0,130,431.0,754.0,0.0,many,TR,2
0,2050,8411,0,0,12.1817,10.1979,0.5645,0.0,0.0,1203,718.0,0.0,0.0,-0.14,14.19,0.0,0.0,176,0.0,0.0,0.0,one,SR,1
181,3943,5791,0,0,11.9427,4.7439,6.4158,0.0,0.0,1314,855.0,0.0,0.0,6.75,9.83,0.0,0.0,157,19.0,0.0,0.0,one,RT,1
49,3651,7338,425,0,44.3262,10.1026,21.8284,11.2482,0.0,1039,3012.0,1434.0,0.0,0.59,10.73,8.73,0.0,15,727.0,246.0,0.0,many,RT,2
252,194,1487,0,0,27.4581,16.3163,9.3097,0.0,0.0,1510,2864.0,0.0,0.0,-0.63,22.32,0.0,0.0,12,668.0,0.0,0.0,one,TR,1
117,3917,5223,767,0,40.3286,8.6524,21.925,8.6065,0.0,1173,2972.0,1339.0,0.0,2.01,10.51,8.94,0.0,113,704.0,313.0,0.0,many,RT,2
0,2197,6870,0,0,14.2268,12.1308,0.4095,0.0,0.0,1269,907.0,0.0,0.0,-1.85,16.86,0.0,0.0,208,0.0,0.0,0.0,one,SR,1
0,1291,2642,1907,0,39.2475,27.1771,4.1854,4.4508,0.0,1622,1145.0,1340.0,0.0,-13.88,16.18,18.16,0.0,255,4.0,24.0,0.0,many,SR,2
257,1837,7916,0,0,10.3346,4.5998,4.9504,0.0,0.0,1431,1153.0,0.0,0.0,7.97,9.84,0.0,0.0,168,329.0,0.0,0.0,one,RT,1
128,250,3083,0,0,12.4373,2.7927,9.0172,0.0,0.0,1796,1575.0,0.0,0.0,13.21,9.27,0.0,0.0,195,450.0,0.0,0.0,one,RT,1
254,4385,1331,0,0,24.9846,6.9193,17.2003,0.0,0.0,1222,2427.0,0.0,0.0,5.05,12.65,0.0,0.0,59,437.0,0.0,0.0,one,RT,1
0,3736,3066,401,0,39.06,27.5869,4.3566,3.6544,0.0,2176,1595.0,1047.0,0.0,-8.31,20.18,14.44,0.0,244,108.0,59.0,0.0,many,SR,2
0,1490,5249,0,0,19.4233,17.1468,0.122,0.0,0.0,2090,1238.0,0.0,0.0,2.55,21.55,0.0,0.0,153,0.0,0.0,0.0,one,SR,1
164,2244,6578,0,0,17.3042,8.3335,7.8003,0.0,0.0,1571,2060.0,0.0,0.0,5.96,14.7,0.0,0.0,150,578.0,0.0,0.0,one,RT,1
203,1100,6056,4289,0,48.7086,16.1638,15.4346,15.1286,0.0,1663,1688.0,2360.0,0.0,-0.37,9.5,18.32,0.0,114,156.0,180.0,0.0,many,TR,2
50,269,7843,3062,3061,91.4509,13.7923,27.757,24.1121,24.1121,1118,3366.0,2547.0,2547.0,-3.36,11.53,10.62,10.62,89,612.0,249.0,249.0,many,TR,3
117,2032,2525,2406,0,37.6106,8.2646,19.1573,9.2005,0.0,1128,2327.0,1312.0,0.0,2.95,9.94,7.94,0.0,43,404.0,316.0,0.0,many,TR,2
86,1680,9015,3311,427,53.5613,12.8171,13.0078,12.979,12.9983,1569,1720.0,1720.0,1720.0,0.64,8.86,8.87,8.86,206,356.0,357.0,356.0,many,RT,3
152,2381,9331,0,0,19.5114,4.6621,14.2375,0.0,0.0,1146,2174.0,0.0,0.0,6.53,10.12,0.0,0.0,58,559.0,0.0,0.0,one,RT,1
165,197,8825,0,0,12.5372,5.7032,6.191,0.0,0.0,1317,1019.0,0.0,0.0,8.04,8.43,0.0,0.0,6,237.0,0.0,0.0,one,RT,1
88,2660,6132,1248,312,100.9189,15.7389,28.9508,43.718,10.6762,1122,3160.0,3737.0,1855.0,-4.73,10.43,11.43,11.49,53,450.0,-14.0,441.0,many,TR,3
32,752,8110,2654,0,32.6714,7.646,13.0558,10.8759,0.0,1183,2003.0,1619.0,0.0,2.58,9.39,8.54,0.0,150,538.0,419.0,0.0,many,RT,2
0,4030,6997,0,0,17.0037,14.8089,0.2368,0.0,0.0,1408,1099.0,0.0,0.0,-2.84,19.58,0.0,0.0,192,0.0,0.0,0.0,one,SR,1
0,3018,528,0,0,15.6317,13.5274,0.3881,0.0,0.0,1337,928.0,0.0,0.0,-1.41,17.16,0.0,0.0,131,0.0,0.0,0.0,one,SR,1
101,1760,8739,951,0,66.2045,17.7456,25.7515,20.2983,0.0,2999,2374.0,3333.0,0.0,9.81,17.01,17.09,0.0,269,-342.0,696.0,0.0,many,RT,2
161,2666,9789,0,0,16.2264,9.141,5.9348,0.0,0.0,1137,1355.0,0.0,0.0,1.58,13.51,0.0,0.0,83,217.0,0.0,0.0,one,TR,1
0,4733,9322,0,0,19.5702,17.2962,0.1491,0.0,0.0,2335,1217.0,0.0,0.0,5.39,21.25,0.0,0.0,125,0.0,0.0,0.0,one,SR,1
150,4521,6267,0,0,12.3803,5.6159,6.0931,0.0,0.0,1708,1152.0,0.0,0.0,11.89,9.71,0.0,0.0,29,270.0,0.0,0.0,one,RT,1
0,4,1607,123,0,41.1662,28.6786,4.3832,4.3999,0.0,1978,1523.0,1272.0,0.0,-12.57,19.48,17.56,0.0,318,91.0,9.0,0.0,many,SR,2
0,411,4023,0,0,15.7208,13.4686,0.181,0.0,0.0,2143,1179.0,0.0,0.0,3.86,20.71,0.0,0.0,353,0.0,0.0,0.0,one,SR,1
0,503,7085,0,0,15.3112,13.1877,0.3692,0.0,0.0,1798,955.0,0.0,0.0,3.09,17.54,0.0,0.0,178,0.0,0.0,0.0,one,SR,1
23,3750,6652,0,0,34.4831,13.2439,19.6926,0.0,0.0,2696,3453.0,0.0,0.0,14.39,20.47,0.0,0.0,46,628.0,0.0,0.0,one,TR,1
0,178,8495,6585,0,32.7137,21.7945,3.8295,4.1216,0.0,3150,948.0,1098.0,0.0,6.36,13.99,15.69,0.0,336,0.0,0.0,0.0,many,SR,2
95,4191,9226,3565,269,63.1869,18.075,13.8239,10.6269,18.0504,2513,2177.0,2152.0,2955.0,2.89,12.59,12.6,13.91,370,443.0,607.0,718.0,many,RT,3
0,3700,4049,0,0,13.104,11.1015,0.5182,0.0,0.0,1526,764.0,0.0,0.0,2.66,14.84,0.0,0.0,154,0.0,0.0,0.0,one,SR,1
0,100,5379,0,0,17.8847,15.6602,0.2028,0.0,0.0,2049,1144.0,0.0,0.0,3.32,20.22,0.0,0.0,173,0.0,0.0,0.0,one,SR,1
0,1164,5142,0,0,17.7317,15.3752,0.0096,0.0,0.0,3659,1374.0,0.0,0.0,17.3,23.47,0.0,0.0,392,0.0,0.0,0.0,one,SR,1
0,3391,4952,0,0,15.4944,13.3195,0.2848,0.0,0.0,1553,1051.0,0.0,0.0,-0.7,18.9,0.0,0.0,252,0.0,0.0,0.0,one,SR,1
0,2121,4758,0,0,16.5625,14.3173,0.1726,0.0,0.0,2163,1180.0,0.0,0.0,4.06,20.73,0.0,0.0,296,0.0,0.0,0.0,one,SR,1
0,3097,6047,0,0,20.0836,17.7889,0.0907,0.0,0.0,1712,1273.0,0.0,0.0,-1.86,22.04,0.0,0.0,140,0.0,0.0,0.0,one,SR,1
0,441,3238,0,0,19.1165,16.7855,0.0563,0.0,0.0,2193,1323.0,0.0,0.0,2.55,22.75,0.0,0.0,252,0.0,0.0,0.0,one,SR,1
89,418,3424,3423,0,74.5887,19.9421,26.1284,26.1284,0.0,2918,3286.0,3286.0,0.0,9.13,16.95,16.95,0.0,107,334.0,334.0,0.0,many,TR,2
0,3374,1541,0,0,16.8142,14.7076,0.3847,0.0,0.0,1910,932.0,0.0,0.0,4.56,17.22,0.0,0.0,54,0.0,0.0,0.0,one,SR,1
10,1942,7315,0,0,13.7888,7.6182,5.0709,0.0,0.0,1679,1324.0,0.0,0.0,7.73,13.0,0.0,0.0,156,272.0,0.0,0.0,one,TR,1
241,1073,2622,389,0,37.6989,9.43,15.6168,11.2964,0.0,1699,2079.0,2038.0,0.0,5.64,10.53,11.03,0.0,189,384.0,572.0,0.0,many,TR,2
92,3246,798,214,0,57.4464,9.1277,38.6868,8.5712,0.0,1056,3172.0,1373.0,0.0,1.54,11.26,8.35,0.0,29,-146.0,375.0,0.0,many,RT,2
181,310,504,0,0,16.165,3.7707,11.7882,0.0,0.0,1378,1712.0,0.0,0.0,9.01,10.06,0.0,0.0,115,351.0,0.0,0.0,one,RT,1
0,2323,5173,0,0,11.5316,9.4838,0.4801,0.0,0.0,2973,823.0,0.0,0.0,17.11,15.68,0.0,0.0,316,0.0,0.0,0.0,one,SR,1
0,430,3936,0,0,16.4823,14.3602,0.3479,0.0,0.0,2003,969.0,0.0,0.0,5.06,17.74,0.0,0.0,110,0.0,0.0,0.0,one,SR,1
281,1554,5178,505,0,38.5701,17.8754,7.8379,10.5452,0.0,2459,1616.0,2439.0,0.0,5.02,13.26,15.86,0.0,200,321.0,644.0,0.0,many,RT,2
75,3013,9216,0,0,19.2197,4.4978,14.0055,0.0,0.0,1156,1938.0,0.0,0.0,5.69,11.16,0.0,0.0,133,333.0,0.0,0.0,one,TR,1
0,2631,5210,4111,0,26.1192,16.6601,3.5233,3.4983,0.0,2772,800.0,780.0,0.0,7.17,12.29,12.09,0.0,360,2.0,0.0,0.0,many,SR,2
0,1959,356,0,0,13.2487,11.2108,0.4899,0.0,0.0,1394,809.0,0.0,0.0,0.71,15.48,0.0,0.0,186,0.0,0.0,0.0,one,SR,1
21,988,3807,0,0,17.4677,4.8433,11.9758,0.0,0.0,1176,1350.0,0.0,0.0,6.51,10.49,0.0,0.0,68,40.0,0.0,0.0,one,TR,1
0,2947,9065,0,0,13.5443,11.4856,0.4641,0.0,0.0,1451,842.0,0.0,0.0,0.88,15.95,0.0,0.0,196,0.0,0.0,0.0,one,SR,1
0,2327,238,0,0,13.7925,11.7714,0.4958,0.0,0.0,1257,793.0,0.0,0.0,-0.53,15.25,0.0,0.0,134,0.0,0.0,0.0,one,SR,1
117,1517,2221,0,0,20.6452,4.0012,16.0209,0.0,0.0,1127,2559.0,0.0,0.0,6.22,11.23,0.0,0.0,110,686.0,0.0,0.0,one,RT,1
0,2268,213,0,0,16.5649,14.296,0.1285,0.0,0.0,2558,1228.0,0.0,0.0,7.6,21.4,0.0,0.0,339,0.0,0.0,0.0,one,SR,1
92,1849,9679,0,0,19.4528,13.638,4.0038,0.0,0.0,2355,2316.0,0.0,0.0,8.43,21.11,0.0,0.0,182,624.0,0.0,0.0,one,RT,1
0,2287,4342,0,0,19.3306,17.1352,0.2642,0.0,0.0,1577,1080.0,0.0,0.0,-0.82,19.31,0.0,0.0,17,0.0,0.0,0.0,one,SR,1
0,3484,9954,3236,0,30.7857,21.3314,3.4152,3.5722,0.0,1358,778.0,848.0,0.0,-7.94,11.93,12.74,0.0,60,12.0,10.0,0.0,many,SR,2
265,2705,4307,0,0,41.2926,6.6566,33.8531,0.0,0.0,1135,2398.0,0.0,0.0,4.87,12.83,0.0,0.0,27,-549.0,0.0,0.0,one,RT,1
243,255,7973,0,0,12.2219,8.451,2.7278,0.0,0.0,1101,1166.0,0.0,0.0,2.17,12.43,0.0,0.0,64,318.0,0.0,0.0,one,RT,1
0,2043,7253,0,0,12.1056,10.0955,0.5258,0.0,0.0,1910,764.0,0.0,0.0,6.7,14.84,0.0,0.0,223,0.0,0.0,0.0,one,SR,1
0,807,9651,0,0,14.6428,12.6003,0.4832,0.0,0.0,1936,817.0,0.0,0.0,6.29,15.59,0.0,0.0,98,0.0,0.0,0.0,one,SR,1
0,1989,532,0,0,17.0367,14.7895,0.1789,0.0,0.0,2400,1177.0,0.0,0.0,6.59,20.68,0.0,0.0,261,0.0,0.0,0.0,one,SR,1
0,3258,9071,0,0,15.8398,13.7375,0.4003,0.0,0.0,1989,918.0,0.0,0.0,5.57,17.02,0.0,0.0,108,0.0,0.0,0.0,one,SR,1
238,2269,4646,0,0,14.1805,3.6701,9.8844,0.0,0.0,1223,1408.0,0.0,0.0,7.21,9.26,0.0,0.0,134,274.0,0.0,0.0,one,RT,1
0,4773,7400,5430,0,36.6498,25.8443,3.9357,3.9357,0.0,2880,1008.0,1008.0,0.0,3.83,14.67,14.67,0.0,39,0.0,0.0,0.0,many,SR,2
53,4432,3957,0,0,17.4962,2.6685,14.0574,0.0,0.0,1816,2084.0,0.0,0.0,12.14,11.7,0.0,0.0,291,410.0,0.0,0.0,one,TR,1
0,4088,8209,0,0,21.8214,19.4708,0.0277,0.0,0.0,1746,1357.0,0.0,0.0,-2.57,23.23,0.0,0.0,98,0.0,0.0,0.0,one,SR,1
233,419,7948,4610,2919,69.5644,24.9368,13.2644,11.5155,16.9752,1842,2037.0,2319.0,2659.0,-6.51,10.72,16.23,11.78,63,476.0,475.0,677.0,many,RT,3
0,1781,2055,0,0,17.4493,15.2986,0.3015,0.0,0.0,1641,1022.0,0.0,0.0,0.59,18.49,0.0,0.0,92,0.0,0.0,0.0,one,SR,1
0,1205,3033,0,0,21.6974,19.3763,0.0661,0.0,0.0,2721,1309.0,0.0,0.0,8.28,22.55,0.0,0.0,63,0.0,0.0,0.0,one,SR,1
0,248,1091,0,0,15.0016,13.0021,0.5321,0.0,0.0,1462,752.0,0.0,0.0,2.15,14.67,0.0,0.0,14,0.0,0.0,0.0,one,SR,1
0,3735,9456,957,0,42.5472,30.4938,4.3852,4.2726,0.0,1538,1252.0,1176.0,0.0,-14.41,17.38,16.58,0.0,5,5.0,0.0,0.0,many,SR,2
0,239,582,0,0,18.5258,16.2347,0.1239,0.0,0.0,1404,1247.0,0.0,0.0,-4.76,21.67,0.0,0.0,223,0.0,0.0,0.0,one,SR,1
157,4534,8131,0,0,37.014,2.6758,33.7207,0.0,0.0,1454,2940.0,0.0,0.0,9.71,11.18,0.0,0.0,197,-34.0,0.0,0.0,one,TR,1
0,3597,7221,0,0,19.3215,17.0251,0.1023,0.0,0.0,1644,1266.0,0.0,0.0,-2.49,21.94,0.0,0.0,186,0.0,0.0,0.0,one,SR,1
0,2068,4253,0,0,20.3613,18.0971,0.1352,0.0,0.0,2733,1220.0,0.0,0.0,9.53,21.29,0.0,0.0,73,0.0,0.0,0.0,one,SR,1
0,3612,9401,0,0,13.7798,11.7151,0.446,0.0,0.0,2548,859.0,0.0,0.0,12.19,16.19,0.0,0.0,195,0.0,0.0,0.0,one,SR,1
0,1812,7274,0,0,14.4327,12.4417,0.5491,0.0,0.0,1086,734.0,0.0,0.0,-1.57,14.42,0.0,0.0,37,0.0,0.0,0.0,one,SR,1
0,748,278,0,0,17.3594,15.0846,0.1245,0.0,0.0,2098,1235.0,0.0,0.0,2.68,21.5,0.0,0.0,291,0.0,0.0,0.0,one,SR,1
0,1784,633,0,0,17.5334,15.3306,0.2392,0.0,0.0,1414,1103.0,0.0,0.0,-2.83,19.64,0.0,0.0,160,0.0,0.0,0.0,one,SR,1
0,4317,5821,0,0,17.4121,15.1421,0.155,0.0,0.0,1798,1210.0,0.0,0.0,-0.16,21.15,0.0,0.0,266,0.0,0.0,0.0,one,SR,1
157,811,9336,0,0,8.328,3.8111,3.6152,0.0,0.0,2234,1194.0,0.0,0.0,15.34,12.02,0.0,0.0,294,312.0,0.0,0.0,one,TR,1
0,247,8171,0,0,16.3774,14.1362,0.197,0.0,0.0,1783,1160.0,0.0,0.0,0.32,20.44,0.0,0.0,291,0.0,0.0,0.0,one,SR,1
0,2232,2300,0,0,13.2509,11.2083,0.4876,0.0,0.0,1779,814.0,0.0,0.0,4.68,15.55,0.0,0.0,190,0.0,0.0,0.0,one,SR,1
212,472,2722,0,0,26.0854,14.8038,9.6361,0.0,0.0,2839,2684.0,0.0,0.0,15.0,20.45,0.0,0.0,1,619.0,0.0,0.0,one,TR,1
164,836,472,0,0,26.1555,11.6717,13.1692,0.0,0.0,1845,2939.0,0.0,0.0,7.54,17.15,0.0,0.0,11,800.0,0.0,0.0,one,RT,1
0,2582,7310,0,0,18.2047,15.9294,0.1378,0.0,0.0,1755,1226.0,0.0,0.0,-0.81,21.38,0.0,0.0,226,0.0,0.0,0.0,one,SR,1
231,1001,6111,0,0,23.6782,13.6738,8.274,0.0,0.0,1630,2729.0,0.0,0.0,1.54,21.3,0.0,0.0,130,683.0,0.0,0.0,one,RT,1
0,3205,7138,0,0,21.1696,18.8809,0.1088,0.0,0.0,2334,1256.0,0.0,0.0,4.89,21.8,0.0,0.0,51,0.0,0.0,0.0,one,SR,1
0,4796,2882,0,0,15.2573,13.2112,0.4544,0.0,0.0,1879,840.0,0.0,0.0,5.4,15.92,0.0,0.0,76,0.0,0.0,0.0,one,SR,1
50,775,8446,768,0,39.9774,8.625,13.9937,16.197,0.0,1133,2104.0,1968.0,0.0,1.44,9.76,9.86,0.0,125,540.0,305.0,0.0,many,RT,2
243,1859,4914,0,0,10.4022,6.0676,3.4089,0.0,0.0,1167,1083.0,0.0,0.0,3.92,11.26,0.0,0.0,155,283.0,0.0,0.0,one,RT,1
98,2017,8625,0,0,20.3716,5.2158,14.3106,0.0,0.0,1217,2365.0,0.0,0.0,5.17,12.45,0.0,0.0,163,567.0,0.0,0.0,one,TR,1
234,4510,4618,0,0,23.2802,4.9716,17.5921,0.0,0.0,1249,1931.0,0.0,0.0,6.67,11.16,0.0,0.0,101,122.0,0.0,0.0,one,RT,1
0,2576,5649,2823,0,48.8107,35.6146,4.7796,4.0145,0.0,2186,1450.0,2060.0,0.0,-16.66,19.7,24.32,0.0,273,1.0,244.0,0.0,many,SR,2
0,4190,6786,2260,0,39.017,27.4278,3.8826,4.4901,0.0,2464,978.0,1287.0,0.0,-3.08,14.33,17.83,0.0,104,0.0,0.0,0.0,many,SR,2
0,4565,9752,0,0,13.4689,11.2703,0.2547,0.0,0.0,2605,1089.0,0.0,0.0,9.86,19.44,0.0,0.0,425,0.0,0.0,0.0,one,SR,1
0,2739,7932,0,0,19.0448,16.7691,0.1184,0.0,0.0,2178,1240.0,0.0,0.0,3.45,21.57,0.0,0.0,181,0.0,0.0,0.0,one,SR,1
0,2387,7212,7211,3508,85.63,63.57,4.9578,4.9578,5.0748,2285,1703.0,1703.0,1862.0,-39.63,22.9,22.9,24.9,4,0.0,0.0,0.0,many,SR,3
278,4102,4841,3043,0,86.6017,16.8535,20.3344,47.244,0.0,1854,2369.0,4053.0,0.0,-0.06,14.68,17.02,0.0,183,97.0,-295.0,0.0,many,RT,2
15,402,9404,1398,1104,75.3504,15.5841,17.0598,16.7709,23.5904,2747,2429.0,2392.0,2672.0,7.74,11.69,11.96,11.81,377,502.0,475.0,306.0,many,TR,3
272,3556,6841,1591,0,66.5369,18.2996,21.5374,24.5846,0.0,2732,2257.0,2644.0,0.0,9.65,15.36,14.79,0.0,51,-96.0,57.0,0.0,many,RT,2
265,3707,9806,6874,0,50.0842,16.6403,15.8486,15.3086,0.0,2194,3068.0,1888.0,0.0,2.46,15.64,14.22,0.0,269,831.0,45.0,0.0,many,RT,2
0,2573,5021,4167,0,50.6575,37.1041,4.8546,4.5174,0.0,1814,1814.0,1299.0,0.0,-18.59,23.84,17.97,0.0,36,36.0,0.0,0.0,many,SR,2
186,4368,8865,7694,1508,89.9304,16.7328,20.1891,18.3102,32.8248,2081,2538.0,1920.0,3136.0,4.99,10.63,9.47,11.63,9,466.0,169.0,141.0,many,RT,3
0,2253,6364,6362,0,47.5759,33.7704,4.8322,4.8322,0.0,3492,1529.0,1529.0,0.0,-0.6,20.71,20.71,0.0,239,0.0,0.0,0.0,many,SR,2
157,1022,7907,2913,0,46.5292,11.9028,13.2393,19.7842,0.0,1257,1975.0,3031.0,0.0,-1.23,10.87,13.16,0.0,172,422.0,720.0,0.0,many,TR,2
67,2800,6790,351,0,63.7195,27.5065,16.0367,17.0063,0.0,3316,3042.0,2990.0,0.0,6.29,19.85,19.85,0.0,70,560.0,465.0,0.0,many,TR,2
178,850,7620,3143,0,39.846,10.751,13.3794,14.1831,0.0,2302,1665.0,2385.0,0.0,10.38,8.02,14.3,0.0,208,341.0,483.0,0.0,many,RT,2
47,4861,1588,1059,0,55.4382,17.0591,18.4032,17.8413,0.0,2528,2634.0,3053.0,0.0,7.33,14.67,14.68,0.0,147,410.0,761.0,0.0,many,RT,2
0,1636,4930,4274,0,39.26,27.1752,4.6935,3.9612,0.0,1974,1449.0,1021.0,0.0,-10.14,19.48,14.82,0.0,252,17.0,0.0,0.0,many,SR,2
0,4118,8994,5186,0,42.2372,30.0773,3.6435,4.8828,0.0,1858,856.0,1767.0,0.0,-13.19,12.95,23.39,0.0,179,0.0,25.0,0.0,many,SR,2
0,76,6029,4488,0,36.4411,25.7062,3.446,4.2175,0.0,2005,1026.0,1221.0,0.0,-6.59,13.9,16.81,0.0,132,86.0,24.0,0.0,many,SR,2
50,4352,9944,9816,2353,56.6605,18.5012,5.3538,14.2806,16.2873,1790,994.0,2237.0,2102.0,-1.34,9.39,11.59,11.39,112,211.0,520.0,314.0,many,RT,3
0,2919,5569,2784,0,52.6154,38.3987,5.1473,4.549,0.0,3914,2039.0,1318.0,0.0,0.41,27.02,18.19,0.0,156,9.0,0.0,0.0,many,SR,2
99,4217,8245,8071,2683,72.3838,11.474,16.9507,13.8844,28.2704,2190,2079.0,1640.0,2992.0,6.76,10.77,9.87,10.41,325,294.0,187.0,362.0,many,RT,3
0,1151,8282,5106,0,39.7443,27.8975,4.6776,3.7993,0.0,1978,1485.0,942.0,0.0,-9.56,19.81,13.89,0.0,166,27.0,3.0,0.0,many,SR,2
140,957,4905,84,0,51.7676,9.7545,31.3843,9.4955,0.0,1243,2421.0,1232.0,0.0,2.85,10.22,9.11,0.0,31,-241.0,171.0,0.0,many,RT,2
227,2036,8330,4974,0,36.5158,17.9077,7.9599,8.1984,0.0,2016,2183.0,2169.0,0.0,-0.88,15.44,15.06,0.0,283,621.0,618.0,0.0,many,RT,2
49,1212,2317,492,0,56.1393,8.8612,12.1387,34.0345,0.0,1236,1631.0,2359.0,0.0,3.03,8.64,10.41,0.0,74,350.0,-450.0,0.0,many,RT,2
48,2973,2894,0,0,28.7409,7.0081,20.9484,0.0,0.0,1093,3158.0,0.0,0.0,4.42,13.84,0.0,0.0,4,711.0,0.0,0.0,one,TR,1
262,1405,3976,2620,0,49.315,7.4067,20.4612,20.4612,0.0,1249,2742.0,2742.0,0.0,4.24,9.93,9.93,0.0,100,646.0,646.0,0.0,many,TR,2
117,1489,5733,639,0,37.8886,8.1346,14.3333,14.4394,0.0,1089,1929.0,1761.0,0.0,2.6,8.91,8.91,0.0,48,436.0,302.0,0.0,many,TR,2
257,1408,9915,7755,0,31.1939,11.4793,7.7539,10.4156,0.0,1509,1198.0,2087.0,0.0,1.94,9.73,12.72,0.0,166,209.0,563.0,0.0,many,RT,2
231,2808,8148,2091,0,34.057,17.5235,6.674,7.7169,0.0,1699,1513.0,1384.0,0.0,-1.44,13.62,13.8,0.0,120,288.0,120.0,0.0,many,RT,2
85,661,9349,9348,0,47.0194,9.4958,18.2314,18.2314,0.0,1031,2431.0,2431.0,0.0,1.28,9.3,9.3,0.0,4,573.0,573.0,0.0,many,RT,2
163,1063,5521,0,0,41.2231,17.9605,21.1773,0.0,0.0,3336,3753.0,0.0,0.0,16.26,25.85,0.0,0.0,55,463.0,0.0,0.0,one,RT,1
140,2004,184,0,0,22.3776,5.8622,15.8258,0.0,0.0,1140,1472.0,0.0,0.0,5.76,10.9,0.0,0.0,24,-111.0,0.0,0.0,one,TR,1
42,395,9122,2261,0,43.2534,15.8807,14.7967,10.7317,0.0,1471,2437.0,1200.0,0.0,-1.15,16.03,9.42,0.0,49,389.0,58.0,0.0,many,RT,2
85,1467,6129,1577,0,36.4104,9.1795,9.9848,16.0877,0.0,1148,1516.0,2527.0,0.0,1.63,8.45,10.13,0.0,85,397.0,721.0,0.0,many,RT,2
114,4750,8548,3829,1025,77.5036,25.3142,18.4356,16.3682,14.5493,2775,2222.0,2639.0,2599.0,3.61,13.45,13.45,13.45,15,164.0,600.0,674.0,many,TR,3
26,2194,9074,8420,1159,90.5917,28.1568,20.614,18.3243,20.0888,3488,3483.0,2458.0,2922.0,5.95,16.19,15.51,15.38,172,843.0,233.0,492.0,many,RT,3
136,3626,9392,0,0,21.2779,9.7178,10.3275,0.0,0.0,1291,2577.0,0.0,0.0,2.46,16.33,0.0,0.0,94,734.0,0.0,0.0,one,RT,1
121,1248,3775,592,0,38.0407,17.8018,9.0436,9.0436,0.0,1679,2036.0,2036.0,0.0,-1.74,13.76,13.76,0.0,107,543.0,543.0,0.0,many,TR,2
31,1830,3351,0,0,20.6366,6.6701,13.2019,0.0,0.0,1470,2349.0,0.0,0.0,8.55,11.65,0.0,0.0,15,664.0,0.0,0.0,one,RT,1
213,2190,1774,0,0,25.2675,5.0933,19.5496,0.0,0.0,1094,3065.0,0.0,0.0,5.87,11.25,0.0,0.0,36,869.0,0.0,0.0,one,TR,1
0,3672,7461,0,0,20.9213,18.661,0.1552,0.0,0.0,1530,1203.0,0.0,0.0,-2.88,21.05,0.0,0.0,20,0.0,0.0,0.0,one,SR,1
0,3303,4476,1548,0,31.6097,21.8155,3.0239,3.869,0.0,2530,1243.0,967.0,0.0,0.45,14.8,14.22,0.0,293,224.0,-1.0,0.0,many,SR,2
1,1967,7020,0,0,19.2125,6.5359,11.7,0.0,0.0,1170,2397.0,0.0,0.0,3.49,13.77,0.0,0.0,154,665.0,0.0,0.0,one,TR,1
72,1310,2699,0,0,19.313,10.2831,7.7817,0.0,0.0,1090,1807.0,0.0,0.0,0.21,15.48,0.0,0.0,65,342.0,0.0,0.0,one,RT,1
0,4169,8217,0,0,19.7919,17.597,0.2368,0.0,0.0,1304,1099.0,0.0,0.0,-3.93,19.58,0.0,0.0,2,0.0,0.0,0.0,one,SR,1
134,4307,2944,0,0,24.7624,6.7599,17.2436,0.0,0.0,1307,2902.0,0.0,0.0,6.89,12.59,0.0,0.0,5,800.0,0.0,0.0,one,TR,1
0,3433,9245,0,0,18.6066,16.2907,0.0878,0.0,0.0,1758,1290.0,0.0,0.0,-1.59,22.28,0.0,0.0,257,0.0,0.0,0.0,one,SR,1
114,900,2028,0,0,31.7161,15.8142,13.7968,0.0,0.0,2144,3182.0,0.0,0.0,3.57,25.05,0.0,0.0,214,497.0,0.0,0.0,one,RT,1
0,1733,6867,0,0,17.8347,15.6856,0.3085,0.0,0.0,1108,1016.0,0.0,0.0,-4.93,18.41,0.0,0.0,60,0.0,0.0,0.0,one,SR,1
140,1005,2761,0,0,20.8114,6.4691,13.6173,0.0,0.0,1178,1663.0,0.0,0.0,5.84,10.25,0.0,0.0,4,198.0,0.0,0.0,one,TR,1
252,3021,3755,0,0,21.409,7.1691,13.2887,0.0,0.0,1251,2237.0,0.0,0.0,4.57,13.51,0.0,0.0,95,467.0,0.0,0.0,one,TR,1
150,3559,8194,0,0,21.1699,11.1021,8.7121,0.0,0.0,2252,2350.0,0.0,0.0,11.45,16.56,0.0,0.0,75,641.0,0.0,0.0,one,RT,1
0,3383,3552,0,0,16.8047,14.7181,0.4,0.0,0.0,1608,907.0,0.0,0.0,1.71,16.86,0.0,0.0,32,0.0,0.0,0.0,one,SR,1
0,2340,6729,687,0,45.1639,32.4825,4.6667,4.3979,0.0,2701,1380.0,1238.0,0.0,-4.19,18.89,17.28,0.0,5,0.0,0.0,0.0,many,SR,2
227,409,8606,0,0,15.8472,6.2539,8.8825,0.0,0.0,1463,1143.0,0.0,0.0,8.96,10.11,0.0,0.0,10,81.0,0.0,0.0,one,RT,1
161,4876,1428,0,0,20.6091,5.7704,13.8846,0.0,0.0,1308,2648.0,0.0,0.0,5.15,13.54,0.0,0.0,192,744.0,0.0,0.0,one,TR,1
1,3729,3961,0,0,29.4107,14.3656,13.2568,0.0,0.0,2279,3250.0,0.0,0.0,7.83,22.88,0.0,0.0,118,704.0,0.0,0.0,one,TR,1
79,651,9194,0,0,31.8961,17.3,12.6578,0.0,0.0,2331,2378.0,0.0,0.0,7.03,22.38,0.0,0.0,10,103.0,0.0,0.0,one,TR,1
0,2243,3318,0,0,15.3343,13.2692,0.4408,0.0,0.0,1947,863.0,0.0,0.0,5.82,16.24,0.0,0.0,92,0.0,0.0,0.0,one,SR,1
0,2633,6344,0,0,15.3146,13.2383,0.4337,0.0,0.0,1321,876.0,0.0,0.0,-0.91,16.43,0.0,0.0,106,0.0,0.0,0.0,one,SR,1
254,621,9248,0,0,23.5631,9.3877,12.9555,0.0,0.0,1702,2423.0,0.0,0.0,6.89,16.2,0.0,0.0,109,474.0,0.0,0.0,one,TR,1
0,3776,4543,0,0,14.2987,12.3192,0.5659,0.0,0.0,1197,714.0,0.0,0.0,-0.15,14.14,0.0,0.0,28,0.0,0.0,0.0,one,SR,1
238,2180,3245,0,0,24.5925,13.5324,9.2931,0.0,0.0,1637,2217.0,0.0,0.0,1.28,20.67,0.0,0.0,162,271.0,0.0,0.0,one,TR,1
0,3175,9744,4667,0,27.5956,18.3567,3.4348,3.4437,0.0,1310,757.0,756.0,0.0,-7.49,11.79,11.81,0.0,197,3.0,0.0,0.0,many,SR,2
140,2103,1986,1411,0,25.5153,11.0531,6.5994,6.6069,0.0,1444,1130.0,1129.0,0.0,3.86,8.29,8.27,0.0,17,306.0,306.0,0.0,many,RT,2
151,1110,8572,0,0,13.7599,7.7659,4.9721,0.0,0.0,1273,1233.0,0.0,0.0,4.17,12.22,0.0,0.0,98,253.0,0.0,0.0,one,RT,1
114,1075,3999,755,0,79.0053,10.8543,30.0542,36.494,0.0,1482,2860.0,2904.0,0.0,1.14,13.21,12.82,0.0,244,-1.0,-314.0,0.0,many,RT,2
265,93,8864,0,0,12.8197,8.38,3.4688,0.0,0.0,1048,947.0,0.0,0.0,2.26,11.71,0.0,0.0,25,150.0,0.0,0.0,one,RT,1
26,4645,9361,8665,8664,81.2863,31.3275,14.7905,15.6999,15.6999,2369,2882.0,2744.0,2744.0,-9.04,16.7,16.49,16.49,177,690.0,544.0,544.0,many,RT,3
79,4469,3923,0,0,21.5531,3.9693,16.9267,0.0,0.0,1340,2269.0,0.0,0.0,8.16,11.57,0.0,0.0,133,394.0,0.0,0.0,one,TR,1
34,611,6530,0,0,26.7668,15.0294,10.0212,0.0,0.0,1829,2876.0,0.0,0.0,3.76,21.16,0.0,0.0,29,703.0,0.0,0.0,one,RT,1
39,2974,189,187,0,25.1634,9.7983,6.9911,6.9911,0.0,1270,1285.0,1285.0,0.0,0.89,8.91,8.91,0.0,181,366.0,366.0,0.0,many,TR,2
93,1038,1971,901,900,122.6717,15.0742,32.483,36.5116,36.5116,3146,2718.0,3568.0,3568.0,14.21,11.88,13.02,13.02,256,-172.0,179.0,179.0,many,RT,3
114,3469,7986,0,0,49.2732,15.1859,32.0813,0.0,0.0,2587,3913.0,0.0,0.0,9.11,25.06,0.0,0.0,196,6.0,0.0,0.0,one,RT,1
0,4447,7260,0,0,17.6158,15.4113,0.2367,0.0,0.0,2117,1106.0,0.0,0.0,4.52,19.68,0.0,0.0,157,0.0,0.0,0.0,one,SR,1
0,953,9749,0,0,16.266,14.1335,0.3513,0.0,0.0,1578,974.0,0.0,0.0,0.54,17.81,0.0,0.0,130,0.0,0.0,0.0,one,SR,1
92,2742,8804,0,0,21.1507,10.7631,8.7732,0.0,0.0,1585,2581.0,0.0,0.0,2.11,20.14,0.0,0.0,257,608.0,0.0,0.0,one,TR,1
136,2420,9192,5931,5608,62.0421,12.0985,7.9426,12.2192,28.244,1430,1165.0,1650.0,2963.0,1.17,8.02,7.94,10.42,119,271.0,400.0,341.0,many,RT,3
0,2167,9929,0,0,18.6597,16.3302,0.0491,0.0,0.0,2276,1327.0,0.0,0.0,3.37,22.8,0.0,0.0,286,0.0,0.0,0.0,one,SR,1
31,1144,8797,0,0,14.223,7.0974,6.0259,0.0,0.0,1221,1764.0,0.0,0.0,2.92,14.0,0.0,0.0,191,495.0,0.0,0.0,one,RT,1
72,3887,4778,0,0,12.1132,5.574,5.8481,0.0,0.0,1309,903.0,0.0,0.0,7.53,8.91,0.0,0.0,44,141.0,0.0,0.0,one,RT,1
0,1041,2303,0,0,17.9616,15.7846,0.277,0.0,0.0,2028,1058.0,0.0,0.0,4.19,19.0,0.0,0.0,90,0.0,0.0,0.0,one,SR,1
48,4120,7002,2963,1431,46.8089,13.2302,9.9685,13.302,8.7023,1472,999.0,1151.0,1159.0,1.0,8.35,8.35,8.36,84,10.0,-65.0,204.0,many,TR,3
0,1657,5551,511,0,32.4786,22.4423,3.742,3.5677,0.0,1990,926.0,958.0,0.0,-3.64,13.67,13.59,0.0,143,6.0,45.0,0.0,many,SR,2
0,861,9747,4160,0,32.5362,22.1461,4.0009,3.5276,0.0,1515,1205.0,801.0,0.0,-9.85,16.3,12.31,0.0,246,53.0,1.0,0.0,many,SR,2
270,4408,5217,0,0,43.9301,19.4994,21.8868,0.0,0.0,4794,4171.0,0.0,0.0,27.44,30.44,0.0,0.0,232,478.0,0.0,0.0,one,TR,1
27,3801,8451,0,0,12.3191,5.0251,6.5449,0.0,0.0,1724,1339.0,0.0,0.0,11.36,10.49,0.0,0.0,117,342.0,0.0,0.0,one,RT,1
0,1808,7738,0,0,21.8037,19.5105,0.0976,0.0,0.0,1535,1267.0,0.0,0.0,-3.64,21.96,0.0,0.0,17,0.0,0.0,0.0,one,SR,1
181,3781,2009,0,0,16.2145,5.8419,9.6052,0.0,0.0,1210,1804.0,0.0,0.0,5.8,10.67,0.0,0.0,73,511.0,0.0,0.0,one,TR,1
210,3318,8489,1562,0,54.3357,6.8681,24.4115,22.0316,0.0,1380,1758.0,1692.0,0.0,5.27,9.12,9.12,0.0,161,-283.0,-197.0,0.0,many,TR,2
247,745,3362,0,0,11.4067,3.1657,7.6108,0.0,0.0,1185,1378.0,0.0,0.0,6.77,9.3,0.0,0.0,171,379.0,0.0,0.0,one,TR,1
281,3440,1256,0,0,20.7572,12.7996,6.3277,0.0,0.0,1762,2338.0,0.0,0.0,3.83,19.3,0.0,0.0,128,611.0,0.0,0.0,one,TR,1
85,1448,8796,5493,0,42.0714,12.3337,22.8122,5.4225,0.0,1121,2073.0,1207.0,0.0,-1.76,10.94,10.09,0.0,82,-56.0,329.0,0.0,many,RT,2
9,3703,9745,0,0,17.0289,6.2588,10.0083,0.0,0.0,1087,1651.0,0.0,0.0,4.56,10.62,0.0,0.0,41,374.0,0.0,0.0,one,TR,1
252,3427,1300,0,0,15.7389,5.0956,10.03,0.0,0.0,1168,1384.0,0.0,0.0,6.74,9.13,0.0,0.0,29,255.0,0.0,0.0,one,RT,1
281,1354,9768,0,0,11.6911,6.3591,4.5236,0.0,0.0,1224,1247.0,0.0,0.0,5.58,11.08,0.0,0.0,63,354.0,0.0,0.0,one,RT,1
0,1940,9035,0,0,20.2094,17.87,0.0534,0.0,0.0,3388,1331.0,0.0,0.0,15.0,22.86,0.0,0.0,185,0.0,0.0,0.0,one,SR,1
252,493,2875,0,0,22.6993,5.0326,17.0491,0.0,0.0,1088,1528.0,0.0,0.0,5.87,10.18,0.0,0.0,36,-97.0,0.0,0.0,one,RT,1
0,3197,5935,0,0,14.7561,12.7263,0.4876,0.0,0.0,1959,805.0,0.0,0.0,6.69,15.42,0.0,0.0,79,0.0,0.0,0.0,one,SR,1
35,2890,9813,0,0,21.5788,5.2658,15.704,0.0,0.0,1525,2192.0,0.0,0.0,10.53,11.09,0.0,0.0,15,433.0,0.0,0.0,one,RT,1
0,14,7189,0,0,21.0963,18.7821,0.0762,0.0,0.0,1806,1297.0,0.0,0.0,-1.18,22.38,0.0,0.0,93,0.0,0.0,0.0,one,SR,1
52,3846,87,0,0,18.8222,4.7861,13.3874,0.0,0.0,1360,1599.0,0.0,0.0,8.44,10.49,0.0,0.0,72,149.0,0.0,0.0,one,TR,1
0,3293,8840,0,0,20.8963,18.576,0.0626,0.0,0.0,2147,1311.0,0.0,0.0,2.22,22.58,0.0,0.0,119,0.0,0.0,0.0,one,SR,1
157,86,3212,0,0,19.4759,5.2452,13.3502,0.0,0.0,1209,1867.0,0.0,0.0,4.77,12.81,0.0,0.0,183,222.0,0.0,0.0,one,TR,1
0,3520,9881,0,0,15.4529,13.398,0.4603,0.0,0.0,1183,842.0,0.0,0.0,-1.93,15.95,0.0,0.0,65,0.0,0.0,0.0,one,SR,1
103,4615,7294,0,0,47.452,18.1154,27.2401,0.0,0.0,3207,3520.0,0.0,0.0,14.8,25.97,0.0,0.0,52,-68.0,0.0,0.0,one,RT,1
0,3935,9187,0,0,18.9398,16.5789,0.0126,0.0,0.0,2779,1375.0,0.0,0.0,8.05,23.48,0.0,0.0,311,0.0,0.0,0.0,one,SR,1
164,1407,1551,1550,0,42.8616,14.7993,13.0778,13.0778,0.0,1467,2357.0,2357.0,0.0,-1.76,13.53,13.53,0.0,161,569.0,569.0,0.0,many,TR,2
277,1260,9177,4323,0,38.2023,15.7047,10.3136,10.3136,0.0,1239,1901.0,1901.0,0.0,-3.82,12.35,12.35,0.0,77,448.0,448.0,0.0,many,TR,2
0,2921,7615,0,0,11.7592,9.7177,0.4893,0.0,0.0,1965,812.0,0.0,0.0,6.66,15.52,0.0,0.0,290,0.0,0.0,0.0,one,SR,1
0,2471,9306,0,0,14.099,12.0764,0.4888,0.0,0.0,1223,799.0,0.0,0.0,-0.96,15.34,0.0,0.0,118,0.0,0.0,0.0,one,SR,1
191,183,8323,0,0,36.1954,4.2605,31.2977,0.0,0.0,1172,3561.0,0.0,0.0,6.57,12.37,0.0,0.0,101,509.0,0.0,0.0,one,TR,1
0,2272,7632,0,0,18.5413,16.2183,0.0539,0.0,0.0,1825,1319.0,0.0,0.0,-1.26,22.69,0.0,0.0,287,0.0,0.0,0.0,one,SR,1
210,1997,1258,0,0,9.0696,3.7497,4.6203,0.0,0.0,1389,1078.0,0.0,0.0,8.29,10.0,0.0,0.0,174,282.0,0.0,0.0,one,RT,1
11,1336,5273,2558,0,84.9206,14.049,25.0637,43.9669,0.0,1680,3772.0,2881.0,0.0,1.07,14.26,15.15,0.0,172,919.0,-893.0,0.0,many,RT,2
234,1242,36,0,0,17.3682,4.062,12.6547,0.0,0.0,1179,1885.0,0.0,0.0,6.52,10.51,0.0,0.0,123,407.0,0.0,0.0,one,RT,1
206,3790,6396,4064,4063,93.0991,16.6327,24.862,24.862,24.862,1615,3381.0,3381.0,3381.0,0.03,11.27,11.27,11.27,20,804.0,804.0,804.0,many,TR,3
227,3836,1543,0,0,22.925,3.2042,19.1047,0.0,0.0,1312,2909.0,0.0,0.0,8.23,11.16,0.0,0.0,160,780.0,0.0,0.0,one,RT,1
227,4528,847,0,0,17.6084,11.5494,4.7514,0.0,0.0,1956,1614.0,0.0,0.0,8.77,15.08,0.0,0.0,15,392.0,0.0,0.0,one,RT,1
25,3392,9268,9100,0,71.1519,24.625,21.5955,22.072,0.0,1614,3321.0,3344.0,0.0,-8.79,19.66,18.93,0.0,76,465.0,497.0,0.0,many,RT,2
224,3963,9458,0,0,22.3833,2.6746,19.0531,0.0,0.0,1882,3049.0,0.0,0.0,13.86,11.56,0.0,0.0,220,867.0,0.0,0.0,one,TR,1
53,3430,325,0,0,18.1427,2.4847,15.0221,0.0,0.0,2038,1928.0,0.0,0.0,15.68,10.36,0.0,0.0,221,313.0,0.0,0.0,one,RT,1
0,1052,2605,0,0,11.8754,9.8733,0.5376,0.0,0.0,1732,750.0,0.0,0.0,5.01,14.64,0.0,0.0,226,0.0,0.0,0.0,one,SR,1
247,3212,7515,0,0,19.9017,8.2405,10.4186,0.0,0.0,1377,2189.0,0.0,0.0,3.28,16.43,0.0,0.0,201,428.0,0.0,0.0,one,TR,1
0,1340,2001,0,0,14.86,12.7582,0.4011,0.0,0.0,2288,917.0,0.0,0.0,8.72,17.01,0.0,0.0,174,0.0,0.0,0.0,one,SR,1
0,4858,4296,0,0,14.2216,12.1554,0.4532,0.0,0.0,1611,855.0,0.0,0.0,2.4,16.13,0.0,0.0,161,0.0,0.0,0.0,one,SR,1
268,262,966,0,0,33.5055,15.2519,16.3748,0.0,0.0,3556,3584.0,0.0,0.0,20.43,23.79,0.0,0.0,113,728.0,0.0,0.0,one,TR,1
52,2390,7141,0,0,7.3825,0.9398,5.7347,0.0,0.0,2335,1201.0,0.0,0.0,18.15,10.08,0.0,0.0,371,307.0,0.0,0.0,one,RT,1
0,3925,5253,0,0,20.6049,18.2345,0.008,0.0,0.0,2644,1385.0,0.0,0.0,6.5,23.62,0.0,0.0,207,0.0,0.0,0.0,one,SR,1
0,42,8663,0,0,17.1464,15.0267,0.3654,0.0,0.0,1480,955.0,0.0,0.0,-0.25,17.54,0.0,0.0,52,0.0,0.0,0.0,one,SR,1
0,4389,9985,0,0,14.5144,12.3718,0.3133,0.0,0.0,1786,1008.0,0.0,0.0,2.29,18.29,0.0,0.0,279,0.0,0.0,0.0,one,SR,1
234,2530,8255,0,0,39.7182,4.5033,34.5408,0.0,0.0,1173,3196.0,0.0,0.0,6.25,12.74,0.0,0.0,107,25.0,0.0,0.0,one,TR,1
0,2038,7339,0,0,13.9267,11.8918,0.4756,0.0,0.0,1177,817.0,0.0,0.0,-1.67,15.59,0.0,0.0,146,0.0,0.0,0.0,one,SR,1
0,2362,6789,0,0,14.0726,12.0529,0.5071,0.0,0.0,1893,784.0,0.0,0.0,6.26,15.13,0.0,0.0,107,0.0,0.0,0.0,one,SR,1
0,1487,1290,0,0,14.4328,12.365,0.4322,0.0,0.0,1751,871.0,0.0,0.0,3.67,16.36,0.0,0.0,161,0.0,0.0,0.0,one,SR,1
260,620,4768,4766,1284,70.4072,19.9046,12.7711,12.7711,22.5289,2530,2150.0,2150.0,2611.0,4.68,11.84,11.84,13.63,135,526.0,526.0,216.0,many,RT,3
161,4997,9142,3354,0,55.9024,13.717,29.1911,11.3892,0.0,1223,2760.0,2128.0,0.0,-1.6,11.73,12.32,0.0,50,57.0,561.0,0.0,many,TR,2
50,834,9014,1991,0,42.5463,18.9042,14.4843,6.751,0.0,1430,3804.0,873.0,0.0,-6.65,23.19,7.88,0.0,188,1038.0,125.0,0.0,many,TR,2
1,4734,5295,440,111,92.3115,40.8352,16.4152,13.698,16.4845,2549,3163.0,2413.0,3149.0,-17.14,21.13,16.63,21.03,210,557.0,399.0,548.0,many,RT,3
94,3872,3205,1112,0,99.804,29.0598,30.7325,36.4855,0.0,3331,3792.0,3618.0,0.0,3.24,22.64,22.62,0.0,183,130.0,-331.0,0.0,many,RT,2
210,1276,1743,1742,0,59.0703,13.2694,21.9312,21.9312,0.0,1797,2706.0,2706.0,0.0,1.42,13.69,13.69,0.0,285,319.0,319.0,0.0,many,TR,2
162,510,8371,7028,4235,62.7962,18.2071,15.2476,17.5801,9.5907,1689,2235.0,2427.0,1583.0,-1.8,11.08,11.31,10.31,91,492.0,492.0,364.0,many,RT,3
262,4592,6488,3085,2395,99.7564,25.9546,16.5503,33.2356,20.7068,2317,3274.0,3680.0,2005.0,-5.45,16.14,16.8,15.14,261,919.0,235.0,-228.0,many,TR,3
66,3254,9951,9460,0,44.6813,10.6072,11.8486,20.8041,0.0,1585,2090.0,2452.0,0.0,3.85,11.11,12.11,0.0,149,575.0,281.0,0.0,many,TR,2
18,2172,9108,6485,3770,112.8483,9.5669,31.6281,35.2309,34.9377,1802,2583.0,2535.0,2551.0,5.56,10.04,9.93,9.87,259,-121.0,-357.0,-325.0,many,RT,3
233,3228,9904,7876,5208,80.0968,17.0687,16.0436,30.889,14.1381,1208,1751.0,2401.0,2151.0,-4.93,9.2,12.17,9.2,38,186.0,-339.0,600.0,many,RT,3
160,2537,5177,5176,1784,64.8586,20.7723,12.1383,12.1383,16.8452,2631,1947.0,1947.0,3035.0,0.95,10.34,10.34,20.97,403,494.0,494.0,444.0,many,TR,3
25,2774,7422,0,0,41.5536,13.4694,26.4883,0.0,0.0,1144,3129.0,0.0,0.0,-2.35,20.96,0.0,0.0,61,-36.0,0.0,0.0,one,RT,1
32,3970,5443,2461,0,50.7444,15.5036,18.7847,14.5266,0.0,1650,2646.0,2660.0,0.0,-0.04,14.04,13.25,0.0,127,433.0,733.0,0.0,many,RT,2
88,1961,9512,6511,0,31.458,6.3328,16.0962,8.0079,0.0,1401,1937.0,1142.0,0.0,5.52,8.95,8.26,0.0,195,339.0,236.0,0.0,many,RT,2
50,2061,1990,105,104,39.6802,11.9082,6.7385,9.6696,9.6696,1813,876.0,1282.0,1282.0,3.79,7.88,8.53,8.53,228,128.0,232.0,232.0,many,TR,3
0,4403,8931,5075,0,45.5063,32.765,4.3916,4.5607,0.0,1535,1535.0,1324.0,0.0,-17.98,19.63,18.25,0.0,91,91.0,0.0,0.0,many,SR,2
114,2363,3904,0,0,48.1562,20.0678,25.5885,0.0,0.0,2600,3891.0,0.0,0.0,4.8,30.0,0.0,0.0,166,78.0,0.0,0.0,one,TR,1
0,2791,4987,3858,0,31.8726,22.2511,3.628,3.2272,0.0,1289,851.0,1194.0,0.0,-11.36,12.89,14.77,0.0,181,0.0,177.0,0.0,many,SR,2
210,2575,9872,4864,2594,59.6294,11.9289,18.8685,14.6141,12.6879,1984,2208.0,1629.0,1524.0,7.06,9.12,8.09,8.09,126,377.0,239.0,269.0,many,TR,3
0,1586,5518,2195,0,33.4355,22.2642,3.9689,4.1355,0.0,2523,1024.0,1109.0,0.0,-1.11,14.85,15.82,0.0,364,0.0,0.0,0.0,many,SR,2
10,369,8423,8422,7257,62.4624,15.6241,7.4814,7.4814,30.003,1699,1087.0,1087.0,3153.0,0.99,8.67,8.67,12.39,84,201.0,201.0,272.0,many,RT,3
186,4904,9850,3312,0,64.079,23.2724,15.8432,22.2912,0.0,2143,2200.0,2424.0,0.0,-1.55,16.7,17.03,0.0,53,110.0,-107.0,0.0,many,TR,2
95,4116,8971,0,0,37.056,13.3908,21.5417,0.0,0.0,2403,3688.0,0.0,0.0,6.12,26.23,0.0,0.0,390,371.0,0.0,0.0,one,TR,1
48,2300,8057,5814,5813,39.5633,14.0284,9.5464,7.2089,7.2089,1056,1146.0,1207.0,1207.0,-3.05,8.21,8.25,8.25,8,154.0,332.0,332.0,many,TR,3
97,2152,3975,0,0,31.403,10.7328,19.4292,0.0,0.0,2594,2703.0,0.0,0.0,16.07,16.41,0.0,0.0,30,304.0,0.0,0.0,one,TR,1
272,663,6775,4953,0,61.0507,7.8938,26.033,26.0291,0.0,1233,3278.0,3276.0,0.0,3.09,10.49,10.46,0.0,134,703.0,703.0,0.0,many,RT,2
247,2695,2880,0,0,38.4844,19.4786,16.4573,0.0,0.0,4921,3651.0,0.0,0.0,28.73,29.49,0.0,0.0,236,448.0,0.0,0.0,one,TR,1
0,2534,5436,4945,0,40.2427,28.713,3.8412,4.4516,0.0,1358,954.0,1358.0,0.0,-14.87,14.06,18.31,0.0,29,0.0,29.0,0.0,many,SR,2
281,61,5442,3766,0,39.4564,16.6467,14.4427,6.3106,0.0,2240,2503.0,1148.0,0.0,5.01,17.79,8.78,0.0,127,359.0,308.0,0.0,many,RT,2
224,381,4589,0,0,19.7082,6.5611,12.0049,0.0,0.0,1592,1891.0,0.0,0.0,6.44,14.42,0.0,0.0,254,225.0,0.0,0.0,one,RT,1
0,1614,6821,2611,0,50.3028,37.2842,5.0345,3.477,0.0,3098,2626.0,774.0,0.0,-8.03,33.05,12.02,0.0,224,117.0,0.0,0.0,many,SR,2
68,157,9849,0,0,44.7326,25.3321,16.2844,0.0,0.0,3482,4469.0,0.0,0.0,8.52,36.16,0.0,0.0,185,698.0,0.0,0.0,one,TR,1
136,3362,9060,2742,0,37.4945,15.1271,6.7697,13.7852,0.0,1154,1615.0,2168.0,0.0,-4.2,12.06,12.07,0.0,81,450.0,469.0,0.0,many,RT,2
19,966,893,0,0,33.4763,17.6769,13.502,0.0,0.0,3417,3257.0,0.0,0.0,15.2,26.97,0.0,0.0,205,461.0,0.0,0.0,one,TR,1
136,1136,8655,8654,0,56.9448,16.8469,19.0684,19.0684,0.0,1219,3410.0,3410.0,0.0,-4.85,14.81,14.81,0.0,55,955.0,955.0,0.0,many,RT,2
0,158,6469,3571,0,37.071,26.2893,3.9296,3.9315,0.0,1002,1002.0,1002.0,0.0,-15.76,14.6,14.6,0.0,0,0.0,0.0,0.0,many,SR,2
0,3987,4783,4782,0,41.9076,29.3343,4.4998,4.4998,0.0,1817,1290.0,1290.0,0.0,-13.08,17.87,17.87,0.0,193,0.0,0.0,0.0,many,SR,2
224,1668,9166,0,0,32.7349,15.3857,15.0816,0.0,0.0,2783,3442.0,0.0,0.0,8.81,26.68,0.0,0.0,343,528.0,0.0,0.0,one,RT,1
0,4896,4096,513,0,50.8472,37.2778,4.0719,4.7806,0.0,2547,2320.0,1468.0,0.0,-15.71,27.27,19.9,0.0,353,270.0,3.0,0.0,many,SR,2
0,544,8189,218,0,37.3638,25.6178,4.1084,4.2805,0.0,2081,1262.0,1181.0,0.0,-8.36,16.94,16.63,0.0,314,54.0,0.0,0.0,many,SR,2
186,3386,5945,4828,0,51.8985,21.1329,13.6731,14.4521,0.0,1966,2481.0,2722.0,0.0,-3.12,16.43,16.98,0.0,180,464.0,571.0,0.0,many,RT,2
0,173,7680,0,0,16.2321,14.1069,0.3482,0.0,0.0,1470,971.0,0.0,0.0,-0.56,17.77,0.0,0.0,129,0.0,0.0,0.0,one,SR,1
66,2330,7827,5277,0,56.763,8.867,36.6185,10.1441,0.0,1379,2467.0,1584.0,0.0,4.28,11.73,8.6,0.0,91,-592.0,431.0,0.0,many,RT,2
160,4150,822,0,0,24.6018,9.6808,13.4382,0.0,0.0,1713,3193.0,0.0,0.0,4.64,18.83,0.0,0.0,250,882.0,0.0,0.0,one,TR,1
281,144,2095,0,0,14.2464,4.6205,8.8684,0.0,0.0,1381,1509.0,0.0,0.0,7.68,10.58,0.0,0.0,150,334.0,0.0,0.0,one,TR,1
262,2942,7227,0,0,25.6979,11.4314,12.9788,0.0,0.0,1538,2936.0,0.0,0.0,4.56,16.88,0.0,0.0,11,824.0,0.0,0.0,one,TR,1
113,131,6757,0,0,29.8802,17.0018,10.755,0.0,0.0,3672,2937.0,0.0,0.0,19.45,24.23,0.0,0.0,144,531.0,0.0,0.0,one,TR,1
247,3408,9253,680,0,40.8817,13.2145,10.7891,15.3081,0.0,1621,2050.0,2328.0,0.0,2.89,11.55,11.15,0.0,63,580.0,556.0,0.0,many,RT,2
85,3007,4090,2799,0,37.636,11.2511,19.5702,5.2266,0.0,1309,2800.0,1073.0,0.0,-0.55,11.4,10.48,0.0,208,657.0,216.0,0.0,many,RT,2
0,609,7589,2580,0,50.3938,36.6132,4.8378,4.5774,0.0,2693,1537.0,1791.0,0.0,-11.01,20.81,22.85,0.0,183,0.0,92.0,0.0,many,SR,2
0,4874,5829,0,0,14.2181,12.1017,0.3563,0.0,0.0,1673,959.0,0.0,0.0,1.73,17.6,0.0,0.0,255,0.0,0.0,0.0,one,SR,1
200,1456,6898,2262,1199,105.0201,18.0457,30.1997,22.5038,31.4141,3664,3228.0,2757.0,3227.0,12.76,15.96,14.96,14.64,523,113.0,252.0,119.0,many,RT,3
0,4243,1362,0,0,13.6052,11.5739,0.4948,0.0,0.0,1319,801.0,0.0,0.0,0.02,15.37,0.0,0.0,154,0.0,0.0,0.0,one,SR,1
203,607,8579,0,0,25.0042,13.6939,9.6182,0.0,0.0,1260,2460.0,0.0,0.0,-2.0,19.92,0.0,0.0,105,480.0,0.0,0.0,one,RT,1
101,1632,5299,0,0,34.9773,23.4122,8.3658,0.0,0.0,3710,3924.0,0.0,0.0,10.16,36.99,0.0,0.0,367,689.0,0.0,0.0,one,RT,1
0,1642,8064,5042,0,33.7284,23.3783,3.8162,3.3665,0.0,2217,1735.0,719.0,0.0,-5.23,20.3,11.37,0.0,350,238.0,2.0,0.0,many,SR,2
140,4004,9021,0,0,12.1962,6.2851,5.2101,0.0,0.0,1017,1072.0,0.0,0.0,4.37,9.01,0.0,0.0,2,300.0,0.0,0.0,one,RT,1
50,866,5308,2853,2548,63.2397,15.1343,20.9451,8.0887,17.2831,1235,2552.0,890.0,1696.0,-3.13,10.83,8.15,9.9,66,422.0,46.0,33.0,many,TR,3
0,3464,1758,0,0,15.9283,13.7461,0.2694,0.0,0.0,1689,1067.0,0.0,0.0,0.52,19.13,0.0,0.0,237,0.0,0.0,0.0,one,SR,1
224,645,6809,1041,0,36.7971,9.0523,18.8955,7.4484,0.0,1872,1744.0,1311.0,0.0,7.05,11.33,9.68,0.0,243,-105.0,316.0,0.0,many,RT,2
260,9,1282,0,0,18.4975,10.3114,6.6593,0.0,0.0,1488,2372.0,0.0,0.0,1.88,18.27,0.0,0.0,234,677.0,0.0,0.0,one,RT,1
233,3079,9862,0,0,19.1383,8.4913,9.4483,0.0,0.0,1352,2060.0,0.0,0.0,3.41,14.99,0.0,0.0,157,468.0,0.0,0.0,one,TR,1
195,289,4270,0,0,16.9348,7.2925,8.5426,0.0,0.0,1246,1718.0,0.0,0.0,3.19,14.0,0.0,0.0,178,316.0,0.0,0.0,one,RT,1
174,1471,6702,6450,0,69.1154,12.0002,26.5181,28.8128,0.0,3087,3048.0,3451.0,0.0,16.36,13.9,13.94,0.0,277,305.0,478.0,0.0,many,TR,2
153,3658,9560,5514,0,54.1892,14.5209,18.7769,18.767,0.0,2162,2794.0,2794.0,0.0,3.58,15.62,15.62,0.0,314,456.0,457.0,0.0,many,RT,2
7,1508,2898,0,0,14.7618,4.5366,9.3616,0.0,0.0,1445,1932.0,0.0,0.0,7.4,12.64,0.0,0.0,221,510.0,0.0,0.0,one,TR,1
0,4924,9897,2143,0,47.9457,34.9612,4.7321,4.2766,0.0,1778,1778.0,1180.0,0.0,-17.11,23.14,16.62,0.0,56,56.0,0.0,0.0,many,SR,2
0,4865,5824,0,0,18.6048,16.3485,0.1655,0.0,0.0,1421,1193.0,0.0,0.0,-3.9,20.91,0.0,0.0,169,0.0,0.0,0.0,one,SR,1
0,3979,4634,35,0,43.3578,30.8547,4.5846,4.2982,0.0,1834,1473.0,1192.0,0.0,-13.33,19.45,16.76,0.0,118,44.0,0.0,0.0,many,SR,2
0,2881,1763,0,0,14.256,12.2604,0.5424,0.0,0.0,1480,742.0,0.0,0.0,2.46,14.53,0.0,0.0,56,0.0,0.0,0.0,one,SR,1
157,1763,4077,0,0,31.4791,3.8511,26.9949,0.0,0.0,1187,2963.0,0.0,0.0,6.77,11.33,0.0,0.0,126,360.0,0.0,0.0,one,TR,1
150,4378,799,0,0,24.6959,14.9447,7.7168,0.0,0.0,2702,2960.0,0.0,0.0,10.06,23.34,0.0,0.0,230,774.0,0.0,0.0,one,TR,1
0,2039,9708,9428,0,42.8151,29.9125,3.6375,5.2151,0.0,3928,852.0,2076.0,0.0,4.79,12.9,27.6,0.0,446,0.0,0.0,0.0,many,SR,2
39,4407,2588,0,0,12.5307,4.7639,7.039,0.0,0.0,1230,1098.0,0.0,0.0,6.36,10.28,0.0,0.0,122,143.0,0.0,0.0,one,TR,1
0,3635,6832,56,0,47.9485,34.7495,4.9132,4.243,0.0,4226,1820.0,1159.0,0.0,7.99,24.04,16.38,0.0,112,26.0,0.0,0.0,many,SR,2
69,3779,8919,8704,0,23.3976,5.4175,8.5577,8.4002,0.0,1550,1350.0,850.0,0.0,7.08,8.11,7.11,0.0,258,372.0,57.0,0.0,many,RT,2
263,4566,6584,2330,0,44.4074,13.5306,11.376,17.7551,0.0,1220,1488.0,1876.0,0.0,-2.9,11.68,12.77,0.0,149,111.0,-21.0,0.0,many,RT,2
252,222,7255,0,0,27.0659,17.5954,7.0699,0.0,0.0,1683,3069.0,0.0,0.0,-3.93,28.01,0.0,0.0,274,627.0,0.0,0.0,one,RT,1
233,2179,7562,1904,0,39.0346,8.8065,12.8804,16.0987,0.0,1272,2016.0,2079.0,0.0,2.11,10.37,10.12,0.0,166,502.0,380.0,0.0,many,RT,2
0,3787,8291,3146,0,43.7259,31.6364,3.5336,4.9894,0.0,1772,799.0,1740.0,0.0,-13.49,12.3,23.36,0.0,32,0.0,0.0,0.0,many,SR,2
234,1638,55,0,0,16.5762,5.7802,10.1418,0.0,0.0,1251,1657.0,0.0,0.0,7.25,9.54,0.0,0.0,8,433.0,0.0,0.0,one,TR,1
166,1710,1797,0,0,11.5772,6.2048,4.4537,0.0,0.0,1207,1238.0,0.0,0.0,4.41,12.19,0.0,0.0,141,288.0,0.0,0.0,one,TR,1
181,2448,3688,0,0,17.3849,8.4362,7.4983,0.0,0.0,2105,2135.0,0.0,0.0,9.05,17.5,0.0,0.0,315,492.0,0.0,0.0,one,RT,1
75,737,1088,0,0,16.4289,6.0107,9.542,0.0,0.0,1283,1867.0,0.0,0.0,5.59,12.76,0.0,0.0,128,443.0,0.0,0.0,one,RT,1
67,1574,1014,1013,0,57.5061,12.3218,21.827,21.827,0.0,2084,2244.0,2244.0,0.0,8.11,12.65,12.65,0.0,99,33.0,33.0,0.0,many,RT,2
0,4176,9814,0,0,19.4519,17.1903,0.1579,0.0,0.0,3021,1202.0,0.0,0.0,12.79,21.04,0.0,0.0,119,0.0,0.0,0.0,one,SR,1
181,3800,4031,0,0,11.0806,4.0144,6.4346,0.0,0.0,1198,1132.0,0.0,0.0,6.89,9.32,0.0,0.0,114,258.0,0.0,0.0,one,RT,1
168,4444,1666,0,0,14.3353,6.5071,6.9887,0.0,0.0,1437,1523.0,0.0,0.0,7.53,11.4,0.0,0.0,72,405.0,0.0,0.0,one,TR,1
0,2585,6769,2550,0,38.1807,26.9478,4.0745,4.0745,0.0,1717,1074.0,1074.0,0.0,-9.73,15.42,15.42,0.0,55,0.0,0.0,0.0,many,SR,2
224,2517,9273,0,0,12.1484,4.2812,7.2483,0.0,0.0,1360,1242.0,0.0,0.0,8.71,9.19,0.0,0.0,88,303.0,0.0,0.0,one,RT,1
120,4700,7600,4084,0,41.8906,6.6917,14.6764,19.4651,0.0,1342,2262.0,2340.0,0.0,4.57,9.39,9.18,0.0,193,642.0,440.0,0.0,many,RT,2
127,3505,1459,0,0,20.3747,4.2629,15.4166,0.0,0.0,1513,2076.0,0.0,0.0,9.63,10.95,0.0,0.0,136,369.0,0.0,0.0,one,TR,1
0,454,241,0,0,16.1432,14.0222,0.3496,0.0,0.0,1351,967.0,0.0,0.0,-1.76,17.71,0.0,0.0,131,0.0,0.0,0.0,one,SR,1
0,3649,2180,1829,0,35.5704,24.99,3.8788,3.8377,0.0,1262,1004.0,958.0,0.0,-12.52,14.53,14.1,0.0,54,8.0,0.0,0.0,many,SR,2
173,4583,4924,4923,0,42.0268,10.1674,15.2893,15.2893,0.0,1550,2188.0,2188.0,0.0,4.75,10.4,10.4,0.0,93,493.0,493.0,0.0,many,TR,2
95,1627,9856,8893,3864,96.663,22.3885,38.5204,14.0554,18.9498,2433,3227.0,2274.0,2934.0,0.81,16.06,12.85,13.58,161,-369.0,489.0,670.0,many,RT,3
75,4981,4168,0,0,15.9766,4.7827,10.5877,0.0,0.0,1397,1187.0,0.0,0.0,9.21,9.06,0.0,0.0,46,77.0,0.0,0.0,one,RT,1
262,2001,8838,7284,2133,89.878,29.2324,25.954,13.9992,17.407,2059,2708.0,2614.0,2302.0,-7.95,15.95,14.95,14.95,23,-39.0,631.0,198.0,many,TR,3
0,2763,3127,0,0,18.1766,16.0372,0.3413,0.0,0.0,1985,986.0,0.0,0.0,4.66,17.98,0.0,0.0,10,0.0,0.0,0.0,one,SR,1
0,3053,8933,5489,0,70.2163,53.5279,5.4154,5.2104,0.0,2728,2536.0,2072.0,0.0,-25.92,33.08,27.55,0.0,71,25.0,0.0,0.0,many,SR,2
10,995,924,0,0,19.8917,4.0311,15.0819,0.0,0.0,1298,2316.0,0.0,0.0,6.62,12.79,0.0,0.0,203,466.0,0.0,0.0,one,RT,1
0,2826,5763,0,0,22.1316,19.8004,0.0466,0.0,0.0,3285,1330.0,0.0,0.0,13.93,22.85,0.0,0.0,52,0.0,0.0,0.0,one,SR,1
0,4704,8436,2396,0,36.2509,25.2125,4.1527,3.6567,0.0,2997,1124.0,1291.0,0.0,2.41,15.96,16.33,0.0,263,2.0,137.0,0.0,many,SR,2
0,1811,6761,0,0,14.8843,12.8619,0.5126,0.0,0.0,1204,782.0,0.0,0.0,-0.95,15.1,0.0,0.0,50,0.0,0.0,0.0,one,SR,1
224,1010,2801,0,0,11.6639,2.8243,8.1316,0.0,0.0,1658,881.0,0.0,0.0,11.04,10.08,0.0,0.0,242,-74.0,0.0,0.0,one,RT,1
176,4846,5797,0,0,10.4367,1.8806,7.8551,0.0,0.0,1893,1600.0,0.0,0.0,13.57,11.01,0.0,0.0,302,436.0,0.0,0.0,one,RT,1
134,3958,2367,0,0,17.0041,4.9406,11.1674,0.0,0.0,1483,2054.0,0.0,0.0,7.51,12.96,0.0,0.0,213,481.0,0.0,0.0,one,RT,1
0,1092,6152,0,0,12.8519,10.8601,0.5527,0.0,0.0,1220,732.0,0.0,0.0,-0.14,14.39,0.0,0.0,143,0.0,0.0,0.0,one,SR,1
79,3138,5504,5503,0,50.7257,10.6558,19.4207,19.4207,0.0,1153,2789.0,2789.0,0.0,1.05,11.14,11.14,0.0,28,672.0,672.0,0.0,many,TR,2
120,4023,3398,0,0,10.1914,7.0891,2.0478,0.0,0.0,1355,1017.0,0.0,0.0,4.74,12.54,0.0,0.0,164,237.0,0.0,0.0,one,RT,1
262,3222,6694,0,0,21.3255,8.6104,11.5306,0.0,0.0,1513,2507.0,0.0,0.0,5.23,15.85,0.0,0.0,140,640.0,0.0,0.0,one,TR,1
0,1021,5862,0,0,18.2215,15.9184,0.1019,0.0,0.0,3287,1271.0,0.0,0.0,14.7,22.01,0.0,0.0,266,0.0,0.0,0.0,one,SR,1
0,3350,7579,0,0,16.3618,14.2665,0.3918,0.0,0.0,1098,919.0,0.0,0.0,-3.8,17.03,0.0,0.0,73,0.0,0.0,0.0,one,SR,1
0,1043,219,0,0,15.155,12.985,0.3012,0.0,0.0,2404,1036.0,0.0,0.0,8.42,18.69,0.0,0.0,262,0.0,0.0,0.0,one,SR,1
0,3587,8398,0,0,20.1078,17.7999,0.0714,0.0,0.0,2150,1296.0,0.0,0.0,2.45,22.37,0.0,0.0,159,0.0,0.0,0.0,one,SR,1
0,1338,7155,0,0,18.4343,16.2121,0.2062,0.0,0.0,1944,1140.0,0.0,0.0,2.27,20.16,0.0,0.0,132,0.0,0.0,0.0,one,SR,1
0,4562,7574,0,0,17.2296,14.9345,0.0995,0.0,0.0,2112,1267.0,0.0,0.0,2.42,21.96,0.0,0.0,329,0.0,0.0,0.0,one,SR,1
0,3533,4757,0,0,16.896,14.7812,0.3633,0.0,0.0,1993,953.0,0.0,0.0,5.16,17.52,0.0,0.0,67,0.0,0.0,0.0,one,SR,1
0,4047,2106,0,0,18.824,16.5303,0.1109,0.0,0.0,2214,1258.0,0.0,0.0,3.6,21.83,0.0,0.0,213,0.0,0.0,0.0,one,SR,1
184,3217,6407,4848,2590,80.8396,26.2235,26.8681,8.4657,16.3077,2960,3068.0,1822.0,2454.0,4.31,16.6,12.23,12.92,38,146.0,501.0,493.0,many,RT,3
0,2605,2851,0,0,16.4714,14.3694,0.3773,0.0,0.0,1219,934.0,0.0,0.0,-2.72,17.25,0.0,0.0,79,0.0,0.0,0.0,one,SR,1
0,2170,1669,0,0,17.2886,15.0754,0.21,0.0,0.0,2272,1131.0,0.0,0.0,5.83,20.03,0.0,0.0,202,0.0,0.0,0.0,one,SR,1
0,3758,9163,0,0,17.0384,14.796,0.1671,0.0,0.0,1781,1182.0,0.0,0.0,0.02,20.75,0.0,0.0,265,0.0,0.0,0.0,one,SR,1
0,4766,9755,0,0,18.0821,15.8709,0.2363,0.0,0.0,2505,1111.0,0.0,0.0,8.53,19.75,0.0,0.0,130,0.0,0.0,0.0,one,SR,1
0,3825,3625,0,0,9.4794,7.4905,0.5569,0.0,0.0,2228,727.0,0.0,0.0,10.51,14.32,0.0,0.0,368,0.0,0.0,0.0,one,SR,1
0,4462,6638,0,0,11.6473,9.6656,0.5582,0.0,0.0,1581,721.0,0.0,0.0,3.79,14.23,0.0,0.0,215,0.0,0.0,0.0,one,SR,1
0,3696,8182,0,0,18.4405,16.182,0.1436,0.0,0.0,2381,1210.0,0.0,0.0,5.97,21.15,0.0,0.0,195,0.0,0.0,0.0,one,SR,1
184,4482,7334,2992,0,46.8834,16.1122,12.4004,16.4391,0.0,1733,2277.0,2888.0,0.0,0.81,13.48,14.84,0.0,87,550.0,706.0,0.0,many,RT,2
51,2524,8304,0,0,33.3091,17.5613,13.6484,0.0,0.0,3862,3445.0,0.0,0.0,21.66,24.99,0.0,0.0,91,709.0,0.0,0.0,one,TR,1
134,537,8408,0,0,17.9497,4.9675,12.3364,0.0,0.0,1617,1471.0,0.0,0.0,11.17,10.46,0.0,0.0,58,113.0,0.0,0.0,one,RT,1
25,4289,8094,0,0,13.8047,8.301,4.4634,0.0,0.0,1299,1350.0,0.0,0.0,4.28,13.4,0.0,0.0,73,303.0,0.0,0.0,one,RT,1
0,4602,6660,0,0,15.291,13.2319,0.4589,0.0,0.0,2339,846.0,0.0,0.0,10.16,16.0,0.0,0.0,80,0.0,0.0,0.0,one,SR,1
0,2692,7278,0,0,18.085,15.7978,0.1157,0.0,0.0,1769,1250.0,0.0,0.0,-0.97,21.72,0.0,0.0,256,0.0,0.0,0.0,one,SR,1
0,4698,2370,0,0,18.3816,16.2097,0.2845,0.0,0.0,2190,1049.0,0.0,0.0,6.01,18.87,0.0,0.0,53,0.0,0.0,0.0,one,SR,1
272,3209,4381,0,0,26.5129,7.478,18.0159,0.0,0.0,1590,2758.0,0.0,0.0,7.52,14.19,0.0,0.0,116,554.0,0.0,0.0,one,RT,1
32,856,620,0,0,20.5247,4.8878,14.8059,0.0,0.0,1522,2479.0,0.0,0.0,8.5,12.31,0.0,0.0,177,633.0,0.0,0.0,one,RT,1
103,756,7883,5083,5081,114.9101,14.847,23.814,36.9446,36.9446,2751,3048.0,3299.0,3299.0,7.65,12.93,12.83,12.83,436,515.0,-40.0,-40.0,many,TR,3
38,518,4035,858,695,71.3894,22.2427,11.95,17.5606,16.8769,1776,2988.0,2311.0,2665.0,-6.18,19.21,10.73,10.64,177,789.0,438.0,752.0,many,RT,3
284,2502,547,6,0,79.8834,23.2378,19.0444,34.8553,0.0,4296,3375.0,3957.0,0.0,20.39,17.51,19.94,0.0,101,775.0,174.0,0.0,many,RT,2
0,3708,6834,5676,4545,62.5961,44.3398,4.2448,4.3337,4.374,1741,1215.0,1231.0,1479.0,-29.45,16.83,17.12,19.09,232,17.0,7.0,81.0,many,SR,3
13,1975,9431,5294,4955,101.0664,32.6881,25.0855,21.9691,17.4645,2974,2906.0,3217.0,2837.0,-3.51,17.58,18.45,16.56,140,68.0,434.0,510.0,many,RT,3
128,432,9969,1553,0,50.4711,9.0011,21.8996,18.3101,0.0,1663,1781.0,2591.0,0.0,6.12,10.21,10.39,0.0,160,-184.0,628.0,0.0,many,RT,2
136,1236,9632,8195,5359,56.0866,19.5131,9.1018,9.8493,15.2738,1152,1508.0,1518.0,1971.0,-9.04,11.69,11.81,9.98,111,256.0,214.0,353.0,many,RT,3
11,2707,9417,1960,0,54.7518,14.8543,16.5608,21.6318,0.0,2233,2593.0,1922.0,0.0,8.1,15.01,10.04,0.0,34,465.0,-52.0,0.0,many,RT,2
88,4187,8586,7210,940,93.5959,14.9415,18.5053,16.425,41.9492,1216,2071.0,2190.0,2962.0,-3.21,9.96,10.15,11.63,71,245.0,444.0,-514.0,many,RT,3
0,1091,9864,3995,0,40.8586,28.277,4.6171,4.3625,0.0,3041,1360.0,1257.0,0.0,-0.49,18.64,17.38,0.0,283,2.0,10.0,0.0,many,SR,2
0,782,6918,2314,0,39.8758,28.3003,4.4018,3.8981,0.0,1821,1374.0,984.0,0.0,-10.36,18.36,14.4,0.0,81,41.0,0.0,0.0,many,SR,2
227,3820,7224,7091,1580,55.6498,15.9518,13.7799,13.3935,10.7464,2239,2134.0,1381.0,1735.0,7.51,9.93,8.93,8.93,4,566.0,72.0,493.0,many,TR,3
0,4663,8248,7379,0,36.5291,25.8191,4.1335,3.4212,0.0,1523,1107.0,1274.0,0.0,-12.41,15.79,15.76,0.0,176,0.0,170.0,0.0,many,SR,2
47,1068,9195,370,0,57.0907,13.0742,20.7661,21.6895,0.0,2247,2435.0,2689.0,0.0,9.55,12.59,11.02,0.0,67,242.0,473.0,0.0,many,RT,2
184,4100,5590,1808,0,44.4834,17.3097,15.777,9.3402,0.0,1348,2929.0,1642.0,0.0,-4.35,14.25,13.32,0.0,82,809.0,251.0,0.0,many,RT,2
0,3060,7217,3994,0,29.8549,20.5574,3.4554,3.2459,0.0,1299,762.0,1098.0,0.0,-9.73,11.88,14.08,0.0,192,0.0,142.0,0.0,many,SR,2
47,293,3052,0,0,48.5972,21.8808,24.2462,0.0,0.0,3835,3640.0,0.0,0.0,18.04,29.7,0.0,0.0,24,-19.0,0.0,0.0,one,TR,1
201,4805,9956,8647,0,56.3465,10.3748,25.0696,19.3322,0.0,2854,2829.0,3366.0,0.0,15.84,12.78,14.92,0.0,256,285.0,900.0,0.0,many,RT,2
242,3457,7526,0,0,47.3294,23.4517,20.3711,0.0,0.0,4488,4553.0,0.0,0.0,15.56,40.07,0.0,0.0,553,305.0,0.0,0.0,one,RT,1
114,4449,5732,3406,0,56.6862,13.2263,12.8259,28.7658,0.0,1953,1839.0,3049.0,0.0,3.69,12.32,15.36,0.0,245,259.0,93.0,0.0,many,RT,2
38,628,9310,5194,0,41.5088,7.3665,19.2997,13.7342,0.0,1315,2735.0,1850.0,0.0,3.83,10.54,9.54,0.0,178,672.0,374.0,0.0,many,TR,2
0,2859,3391,2915,0,62.2506,46.8089,5.0197,5.1721,0.0,2226,1786.0,2176.0,0.0,-23.88,23.94,28.56,0.0,30,0.0,24.0,0.0,many,SR,2
0,3309,3054,3053,0,35.9709,25.2025,3.9239,3.9239,0.0,4001,1002.0,1002.0,0.0,15.73,14.6,14.6,0.0,74,0.0,0.0,0.0,many,SR,2
114,2137,1046,0,0,41.9227,20.023,19.526,0.0,0.0,2203,3397.0,0.0,0.0,1.77,27.74,0.0,0.0,92,179.0,0.0,0.0,one,RT,1
163,3352,935,0,0,39.698,18.6673,18.879,0.0,0.0,2569,3581.0,0.0,0.0,7.61,26.52,0.0,0.0,48,426.0,0.0,0.0,one,RT,1
10,1502,6991,4776,0,28.383,11.729,7.8553,7.3999,0.0,1246,1028.0,1624.0,0.0,0.49,7.21,11.77,0.0,59,218.0,437.0,0.0,many,RT,2
0,4954,8507,3753,0,29.9768,20.7496,3.2842,3.5418,0.0,1762,778.0,801.0,0.0,-3.11,11.68,12.33,0.0,59,34.0,-1.0,0.0,many,SR,2
0,3830,5577,5280,0,30.7774,20.8503,3.612,3.7121,0.0,1762,838.0,885.0,0.0,-4.93,12.74,13.29,0.0,176,0.0,-1.0,0.0,many,SR,2
68,1896,4389,3988,3175,91.3103,19.4245,21.3392,21.0815,26.9972,3130,2877.0,2457.0,3058.0,10.66,11.97,12.43,13.27,190,582.0,250.0,321.0,many,RT,3
262,1984,7547,0,0,37.6375,20.5273,14.0724,0.0,0.0,3133,4235.0,0.0,0.0,5.56,35.38,0.0,0.0,465,692.0,0.0,0.0,one,RT,1
181,2076,2089,0,0,19.0525,5.049,13.3295,0.0,0.0,1749,2123.0,0.0,0.0,12.3,9.74,0.0,0.0,70,594.0,0.0,0.0,one,TR,1
0,4744,1561,715,0,37.2134,25.9467,3.5907,4.5764,0.0,2450,831.0,1331.0,0.0,-2.17,12.66,18.33,0.0,133,0.0,0.0,0.0,many,SR,2
0,3900,8356,3884,0,26.6574,17.8876,3.2559,3.1558,0.0,2159,847.0,776.0,0.0,1.45,12.15,11.43,0.0,228,61.0,54.0,0.0,many,SR,2
88,4952,9962,9266,186,54.9981,13.8919,11.0829,12.236,16.1348,1332,1545.0,1997.0,2069.0,-0.89,8.38,9.66,9.49,67,360.0,565.0,407.0,many,RT,3
203,961,947,0,0,28.9081,15.2093,11.9684,0.0,0.0,2129,2387.0,0.0,0.0,6.78,20.3,0.0,0.0,25,268.0,0.0,0.0,one,TR,1
0,2151,9070,0,0,18.5271,16.3185,0.2167,0.0,0.0,1722,1123.0,0.0,0.0,0.15,19.92,0.0,0.0,110,0.0,0.0,0.0,one,SR,1
260,1934,8297,0,0,47.694,20.1208,25.1234,0.0,0.0,2081,4979.0,0.0,0.0,-0.2,30.5,0.0,0.0,132,905.0,0.0,0.0,one,RT,1
109,4214,2342,0,0,16.8282,5.6876,10.2106,0.0,0.0,1670,2015.0,0.0,0.0,9.16,13.3,0.0,0.0,183,486.0,0.0,0.0,one,RT,1
66,3992,109,0,0,16.2471,5.4104,9.9506,0.0,0.0,1222,2116.0,0.0,0.0,4.86,12.86,0.0,0.0,175,603.0,0.0,0.0,one,TR,1
0,3054,6140,2176,0,43.3031,30.6637,4.5335,4.3144,0.0,2486,1313.0,1568.0,0.0,-8.02,18.13,19.79,0.0,236,0.0,112.0,0.0,many,SR,2
191,4164,9084,3022,0,70.4654,8.9357,34.1102,26.4188,0.0,1390,2860.0,2985.0,0.0,5.59,11.04,9.96,0.0,5,-109.0,488.0,0.0,many,RT,2
0,4792,4439,0,0,22.0278,19.6962,0.0554,0.0,0.0,2667,1324.0,0.0,0.0,7.52,22.76,0.0,0.0,54,0.0,0.0,0.0,one,SR,1
98,2676,8136,223,222,83.9736,20.7376,13.665,23.3894,23.3894,2323,2440.0,2917.0,2917.0,-0.74,13.31,14.31,14.31,300,612.0,361.0,361.0,many,TR,3
49,2617,5564,507,0,49.7959,8.4787,34.1678,6.0206,0.0,1210,2248.0,1027.0,0.0,2.55,10.51,8.78,0.0,115,-548.0,233.0,0.0,many,RT,2
121,863,4357,4009,3015,83.557,38.0499,12.2913,16.4748,12.2989,2114,3094.0,2589.0,3095.0,-17.78,18.75,18.92,18.75,132,877.0,243.0,877.0,many,RT,3
176,4960,9326,3103,3102,60.9918,13.2501,9.5886,18.323,18.323,1125,1038.0,2101.0,2101.0,-1.75,8.05,10.01,10.01,22,78.0,276.0,276.0,many,TR,3
53,3772,501,0,0,33.6084,19.0779,12.1639,0.0,0.0,4470,3846.0,0.0,0.0,25.64,27.67,0.0,0.0,152,946.0,0.0,0.0,one,TR,1
0,865,8307,0,0,15.8876,13.7541,0.3452,0.0,0.0,1329,979.0,0.0,0.0,-2.14,17.88,0.0,0.0,160,0.0,0.0,0.0,one,SR,1
0,2270,3177,0,0,15.6096,13.5623,0.4527,0.0,0.0,1170,842.0,0.0,0.0,-2.07,15.95,0.0,0.0,54,0.0,0.0,0.0,one,SR,1
0,3770,9120,0,0,15.9308,13.7339,0.2432,0.0,0.0,1926,1096.0,0.0,0.0,2.64,19.54,0.0,0.0,263,0.0,0.0,0.0,one,SR,1
0,2519,718,0,0,14.7589,12.7153,0.4815,0.0,0.0,1290,819.0,0.0,0.0,-0.51,15.62,0.0,0.0,92,0.0,0.0,0.0,one,SR,1
0,2040,9984,0,0,14.6107,12.4733,0.3349,0.0,0.0,1561,989.0,0.0,0.0,0.17,18.02,0.0,0.0,256,0.0,0.0,0.0,one,SR,1
42,4446,934,367,0,46.8759,18.9432,16.5918,8.8944,0.0,1632,2404.0,1757.0,0.0,-4.88,16.32,15.14,0.0,210,244.0,260.0,0.0,many,RT,2
168,854,4170,0,0,13.1832,8.0217,4.2287,0.0,0.0,1299,1091.0,0.0,0.0,5.24,11.33,0.0,0.0,26,238.0,0.0,0.0,one,RT,1
191,662,145,0,0,13.1929,7.4783,4.5173,0.0,0.0,1381,1707.0,0.0,0.0,3.73,14.97,0.0,0.0,225,482.0,0.0,0.0,one,RT,1
26,943,8764,6927,1806,89.2758,32.9933,16.381,16.3791,19.6929,2638,2603.0,2603.0,2738.0,-6.77,15.94,15.94,18.42,101,430.0,430.0,201.0,many,RT,3
48,3284,1816,0,0,15.6758,5.0459,9.8639,0.0,0.0,1171,1702.0,0.0,0.0,5.4,10.66,0.0,0.0,126,419.0,0.0,0.0,one,RT,1
212,1625,2426,0,0,30.3889,12.4966,16.2906,0.0,0.0,2167,2752.0,0.0,0.0,8.34,20.02,0.0,0.0,131,315.0,0.0,0.0,one,RT,1
35,4674,5252,0,0,15.4815,6.8446,7.8723,0.0,0.0,1199,1168.0,0.0,0.0,5.71,10.65,0.0,0.0,3,127.0,0.0,0.0,one,RT,1
197,1833,6393,2878,0,29.9615,15.454,6.2523,6.4392,0.0,1277,1322.0,1283.0,0.0,-2.94,11.27,10.89,0.0,61,301.0,283.0,0.0,many,RT,2
124,2178,8584,5597,0,52.2556,22.4581,9.3872,17.7063,0.0,1940,1854.0,3297.0,0.0,-3.97,13.42,20.62,0.0,128,404.0,614.0,0.0,many,RT,2
0,162,9393,0,0,14.394,12.399,0.5574,0.0,0.0,1413,731.0,0.0,0.0,1.9,14.38,0.0,0.0,37,0.0,0.0,0.0,one,SR,1
210,4327,8452,8241,0,48.0159,7.2729,16.0145,23.7074,0.0,1799,2117.0,2834.0,0.0,9.7,9.12,10.09,0.0,131,471.0,521.0,0.0,many,TR,2
170,2663,4014,0,0,14.4998,8.4236,5.0345,0.0,0.0,1365,1550.0,0.0,0.0,4.96,13.42,0.0,0.0,65,422.0,0.0,0.0,one,RT,1
0,1048,2397,0,0,20.7904,18.5214,0.1329,0.0,0.0,2668,1225.0,0.0,0.0,8.79,21.36,0.0,0.0,48,0.0,0.0,0.0,one,SR,1
140,259,2350,0,0,24.7225,11.1666,12.1169,0.0,0.0,1588,2701.0,0.0,0.0,3.72,18.39,0.0,0.0,122,608.0,0.0,0.0,one,RT,1
88,4292,244,0,0,9.2464,3.5903,5.0457,0.0,0.0,1344,1043.0,0.0,0.0,8.62,9.1,0.0,0.0,130,282.0,0.0,0.0,one,TR,1
121,480,2538,0,0,18.4724,9.7006,7.3299,0.0,0.0,1348,2238.0,0.0,0.0,1.18,18.42,0.0,0.0,224,528.0,0.0,0.0,one,RT,1
243,463,6720,0,0,12.4535,5.0633,6.654,0.0,0.0,1431,1375.0,0.0,0.0,8.4,10.36,0.0,0.0,107,371.0,0.0,0.0,one,TR,1
227,192,4406,0,0,10.3561,3.0095,6.6442,0.0,0.0,1879,1186.0,0.0,0.0,13.41,9.02,0.0,0.0,226,304.0,0.0,0.0,one,RT,1
31,2370,3743,0,0,13.0104,5.2928,6.9135,0.0,0.0,1283,1238.0,0.0,0.0,6.23,10.04,0.0,0.0,133,270.0,0.0,0.0,one,TR,1
162,2398,1638,0,0,16.1618,8.9803,5.8357,0.0,0.0,2149,2052.0,0.0,0.0,10.45,16.46,0.0,0.0,214,584.0,0.0,0.0,one,TR,1
0,2483,2603,0,0,14.542,12.5388,0.5359,0.0,0.0,2058,752.0,0.0,0.0,8.4,14.67,0.0,0.0,46,0.0,0.0,0.0,one,SR,1
265,274,9103,0,0,15.7131,9.086,5.352,0.0,0.0,1295,1647.0,0.0,0.0,2.12,15.75,0.0,0.0,163,344.0,0.0,0.0,one,RT,1
88,3159,6528,4662,0,29.3261,12.441,9.4445,6.0566,0.0,1219,1618.0,1077.0,0.0,0.34,9.72,9.12,0.0,1,433.0,249.0,0.0,many,RT,2
0,3153,7938,0,0,19.4076,17.0961,0.0707,0.0,0.0,3259,1299.0,0.0,0.0,14.05,22.41,0.0,0.0,210,0.0,0.0,0.0,one,SR,1
157,1387,7462,5251,4171,84.8819,15.3509,10.9002,45.9352,10.9002,1165,1430.0,3369.0,1430.0,-3.93,8.88,12.19,8.88,55,254.0,-464.0,254.0,many,RT,3
161,3014,9345,0,0,19.6564,8.8301,9.8467,0.0,0.0,1128,1469.0,0.0,0.0,3.03,12.79,0.0,0.0,-1,120.0,0.0,0.0,one,RT,1
7,3319,1170,0,0,9.9801,4.8856,4.2748,0.0,0.0,1261,1165.0,0.0,0.0,5.86,11.2,0.0,0.0,170,299.0,0.0,0.0,one,RT,1
1,2784,9914,9555,0,26.3129,10.3758,5.3935,9.3207,0.0,1528,1106.0,1527.0,0.0,5.04,9.31,8.92,0.0,43,298.0,417.0,0.0,many,RT,2
118,3753,8578,4087,523,62.1071,19.6121,15.1885,12.4585,12.2668,2005,2520.0,2223.0,2080.0,-2.18,14.16,11.82,11.83,247,537.0,601.0,502.0,many,RT,3
0,4995,1865,0,0,15.6163,13.4548,0.2856,0.0,0.0,1511,1041.0,0.0,0.0,-1.02,18.76,0.0,0.0,234,0.0,0.0,0.0,one,SR,1
0,4248,7748,3783,0,48.9274,35.1217,4.8424,4.8197,0.0,2851,1530.0,1535.0,0.0,-7.36,20.72,20.72,0.0,148,0.0,5.0,0.0,many,SR,2
231,4731,959,958,0,57.878,17.9515,18.9566,18.9566,0.0,2008,2317.0,2317.0,0.0,2.96,14.07,14.07,0.0,12,172.0,172.0,0.0,many,RT,2
210,1055,4017,0,0,30.0934,3.363,26.0365,0.0,0.0,1877,2000.0,0.0,0.0,13.46,11.94,0.0,0.0,197,-353.0,0.0,0.0,one,RT,1
260,2621,6390,4387,0,35.2028,12.7903,10.3357,10.3357,0.0,1277,1599.0,1599.0,0.0,-2.26,11.71,11.71,0.0,197,254.0,254.0,0.0,many,TR,2
262,1906,9114,0,0,12.0005,6.6317,4.2932,0.0,0.0,1894,1056.0,0.0,0.0,10.21,12.76,0.0,0.0,208,126.0,0.0,0.0,one,TR,1
0,3562,6971,0,0,14.5238,12.5401,0.5645,0.0,0.0,1186,718.0,0.0,0.0,-0.32,14.19,0.0,0.0,16,0.0,0.0,0.0,one,SR,1
233,2148,9375,4876,0,29.5139,12.608,7.6028,7.748,0.0,2171,1412.0,1554.0,0.0,8.8,11.0,10.55,0.0,95,308.0,434.0,0.0,many,RT,2
0,1958,4755,0,0,15.1321,13.1166,0.5086,0.0,0.0,1664,780.0,0.0,0.0,3.91,15.07,0.0,0.0,31,0.0,0.0,0.0,one,SR,1
0,4580,7466,2985,0,31.31,21.265,3.6139,3.7396,0.0,1824,921.0,906.0,0.0,-5.07,13.4,13.51,0.0,202,25.0,0.0,0.0,many,SR,2
88,2616,7765,117,0,46.0968,10.73,19.4251,14.6779,0.0,1103,1974.0,1782.0,0.0,0.21,10.3,9.34,0.0,44,99.0,280.0,0.0,many,RT,2
117,4343,9615,182,0,59.5702,8.6905,12.0426,37.6086,0.0,1311,1507.0,2386.0,0.0,2.71,10.04,11.25,0.0,162,181.0,-682.0,0.0,many,RT,2
0,2031,5265,0,0,19.5322,17.2372,0.0995,0.0,0.0,1790,1267.0,0.0,0.0,-0.96,21.96,0.0,0.0,172,0.0,0.0,0.0,one,SR,1
0,2504,8188,0,0,18.8546,16.6887,0.3026,0.0,0.0,1285,1032.0,0.0,0.0,-3.28,18.63,0.0,0.0,6,0.0,0.0,0.0,one,SR,1
0,3495,1260,0,0,17.6257,15.407,0.2112,0.0,0.0,1293,1134.0,0.0,0.0,-4.49,20.07,0.0,0.0,182,0.0,0.0,0.0,one,SR,1
0,4453,3462,0,0,17.3628,15.1719,0.2612,0.0,0.0,1520,1079.0,0.0,0.0,-1.41,19.3,0.0,0.0,150,0.0,0.0,0.0,one,SR,1
238,4906,8273,0,0,17.7164,5.9655,10.9538,0.0,0.0,1216,1783.0,0.0,0.0,5.59,11.97,0.0,0.0,83,343.0,0.0,0.0,one,TR,1
0,4048,3690,0,0,20.5813,18.3377,0.1936,0.0,0.0,1926,1164.0,0.0,0.0,1.77,20.5,0.0,0.0,8,0.0,0.0,0.0,one,SR,1
157,59,4027,1518,1482,84.0807,13.5395,18.4971,16.4974,33.8308,1213,2498.0,2109.0,3175.0,-2.71,9.13,9.46,11.56,130,618.0,418.0,117.0,many,RT,3
263,891,4786,0,0,19.4427,2.6941,16.1028,0.0,0.0,1492,1772.0,0.0,0.0,9.85,10.46,0.0,0.0,213,127.0,0.0,0.0,one,RT,1
0,3996,8954,0,0,16.6833,14.5353,0.3101,0.0,0.0,2415,1014.0,0.0,0.0,8.82,18.38,0.0,0.0,137,0.0,0.0,0.0,one,SR,1
11,3120,8975,7447,4599,69.1241,22.3276,16.9533,12.3367,14.9934,1364,2198.0,2075.0,1935.0,-8.3,10.83,12.14,12.16,20,381.0,477.0,217.0,many,RT,3
200,3945,7280,7279,0,58.2504,10.6171,23.0753,23.0753,0.0,3143,2670.0,2670.0,0.0,19.66,12.41,12.41,0.0,186,299.0,299.0,0.0,many,RT,2
0,4660,4851,0,0,18.7886,16.5605,0.1881,0.0,0.0,2055,1157.0,0.0,0.0,3.22,20.4,0.0,0.0,123,0.0,0.0,0.0,one,SR,1
0,4884,9133,0,0,15.7812,13.5323,0.1623,0.0,0.0,2989,1190.0,0.0,0.0,12.6,20.87,0.0,0.0,358,0.0,0.0,0.0,one,SR,1
0,3183,4840,0,0,20.019,17.7022,0.0817,0.0,0.0,2518,1295.0,0.0,0.0,6.32,22.35,0.0,0.0,165,0.0,0.0,0.0,one,SR,1
0,170,5809,2676,0,43.2455,30.8589,4.3342,4.4629,0.0,2114,1369.0,1277.0,0.0,-10.11,18.17,17.72,0.0,99,52.0,0.0,0.0,many,SR,2
0,2743,4279,0,0,22.6285,20.2986,0.0439,0.0,0.0,4194,1331.0,0.0,0.0,23.46,22.86,0.0,0.0,19,0.0,0.0,0.0,one,SR,1
0,4892,3916,0,0,19.0349,16.7932,0.1917,0.0,0.0,2588,1164.0,0.0,0.0,8.72,20.5,0.0,0.0,113,0.0,0.0,0.0,one,SR,1
0,1789,3587,0,0,17.9015,15.5994,0.108,0.0,0.0,2538,1266.0,0.0,0.0,6.9,21.94,0.0,0.0,283,0.0,0.0,0.0,one,SR,1
184,2446,7131,378,0,60.7276,18.7101,26.9045,12.8037,0.0,1401,3552.0,2122.0,0.0,-6.07,17.6,14.5,0.0,142,455.0,351.0,0.0,many,RT,2
0,4026,6921,1350,0,35.5702,24.6664,3.6179,4.3212,0.0,1292,842.0,1202.0,0.0,-13.12,12.79,16.86,0.0,138,0.0,1.0,0.0,many,SR,2
0,1178,2901,0,0,15.0524,12.9211,0.3345,0.0,0.0,3658,985.0,0.0,0.0,22.24,17.97,0.0,0.0,222,0.0,0.0,0.0,one,SR,1
0,4315,754,0,0,16.309,14.045,0.1449,0.0,0.0,3166,1213.0,0.0,0.0,14.17,21.19,0.0,0.0,343,0.0,0.0,0.0,one,SR,1
26,1797,5738,5737,1815,105.0567,23.4726,31.4836,31.4836,15.8215,2387,3424.0,3424.0,2372.0,-0.1,14.32,14.32,13.32,115,283.0,283.0,436.0,many,RT,3
184,2341,6328,3510,2137,77.1877,30.1076,15.7757,16.6835,11.2437,1978,2932.0,2337.0,2442.0,-9.63,15.33,14.26,17.19,20,750.0,306.0,530.0,many,RT,3
171,3201,6369,5254,0,91.4196,18.7038,41.3267,28.9891,0.0,4336,3995.0,2400.0,0.0,23.93,19.51,15.49,0.0,198,-143.0,-421.0,0.0,many,TR,2
191,3813,9307,7445,0,46.6538,15.2714,15.2576,14.379,0.0,1099,2455.0,2633.0,0.0,-4.17,12.21,13.25,0.0,30,595.0,721.0,0.0,many,RT,2
11,1841,7428,4971,0,46.1309,15.2299,9.7933,18.939,0.0,1889,1912.0,2365.0,0.0,0.32,13.91,14.78,0.0,293,397.0,168.0,0.0,many,RT,2
114,3808,6706,4691,0,57.2181,21.2904,13.3213,20.1972,0.0,3258,2897.0,3234.0,0.0,12.53,16.13,16.96,0.0,27,818.0,633.0,0.0,many,RT,2
79,128,8524,2096,621,63.4082,16.2766,14.2452,10.6705,20.0646,2408,1807.0,1932.0,2392.0,5.92,9.89,11.31,11.31,211,292.0,511.0,323.0,many,RT,3
89,2070,2884,465,0,85.9545,19.2377,34.8332,29.4609,0.0,2541,3373.0,3248.0,0.0,4.88,16.73,17.49,0.0,175,-86.0,83.0,0.0,many,RT,2
0,1474,7498,6296,0,36.2542,25.5865,3.5749,4.0566,0.0,1578,1067.0,1143.0,0.0,-10.76,14.44,15.92,0.0,119,79.0,25.0,0.0,many,SR,2
0,1390,636,635,0,31.295,21.2616,3.6925,3.6925,0.0,1248,882.0,882.0,0.0,-10.73,13.24,13.24,0.0,176,0.0,0.0,0.0,many,SR,2
0,3822,6891,6643,292,48.5944,32.7258,3.8906,3.6786,3.6172,3938,1730.0,872.0,902.0,-0.79,20.44,13.13,13.25,642,222.0,0.0,19.0,many,SR,3
234,722,7961,1731,0,36.31,8.0391,13.1128,14.1743,0.0,1484,1772.0,2017.0,0.0,6.73,8.92,8.92,0.0,56,386.0,512.0,0.0,many,TR,2
227,4505,5339,4162,0,43.6673,17.7648,13.0215,10.7497,0.0,1591,2095.0,2089.0,0.0,-2.48,13.57,13.75,0.0,97,371.0,486.0,0.0,many,RT,2
265,434,6872,0,0,22.7058,11.9368,9.4445,0.0,0.0,1727,2214.0,0.0,0.0,6.21,16.25,0.0,0.0,-1,513.0,0.0,0.0,one,RT,1
213,4770,8523,8522,0,30.2859,12.7832,7.8433,7.8433,0.0,1797,1379.0,1379.0,0.0,2.52,11.08,11.08,0.0,243,265.0,265.0,0.0,many,RT,2
279,4194,8166,0,0,42.6937,23.4527,16.4337,0.0,0.0,3938,4330.0,0.0,0.0,16.08,33.07,0.0,0.0,124,761.0,0.0,0.0,one,TR,1
164,4973,4505,0,0,40.4075,19.9754,17.7456,0.0,0.0,2164,4223.0,0.0,0.0,-1.46,31.87,0.0,0.0,287,673.0,0.0,0.0,one,RT,1
124,1698,5609,0,0,18.8651,7.8561,9.9065,0.0,0.0,1273,2111.0,0.0,0.0,3.44,14.03,0.0,0.0,141,535.0,0.0,0.0,one,RT,1
0,3590,8225,0,0,19.7447,17.4192,0.0691,0.0,0.0,2543,1310.0,0.0,0.0,6.39,22.56,0.0,0.0,197,0.0,0.0,0.0,one,SR,1
110,2591,4445,0,0,41.3155,22.3328,16.1691,0.0,0.0,4056,3929.0,0.0,0.0,17.27,33.14,0.0,0.0,204,467.0,0.0,0.0,one,TR,1
0,1190,8712,4958,0,35.3959,24.4826,4.3545,3.5339,0.0,3358,1327.0,803.0,0.0,8.04,17.9,12.35,0.0,187,34.0,0.0,0.0,many,SR,2
0,1361,1649,0,0,17.3196,15.2083,0.3824,0.0,0.0,1954,937.0,0.0,0.0,4.96,17.29,0.0,0.0,24,0.0,0.0,0.0,one,SR,1
213,3603,9837,0,0,16.1733,4.6355,10.9301,0.0,0.0,1080,1841.0,0.0,0.0,5.87,10.08,0.0,0.0,57,497.0,0.0,0.0,one,RT,1
109,4961,8384,0,0,15.2472,3.3287,11.3109,0.0,0.0,1240,1739.0,0.0,0.0,7.55,9.08,0.0,0.0,146,455.0,0.0,0.0,one,RT,1
68,3463,8697,0,0,34.9821,18.7678,14.1262,0.0,0.0,4286,3840.0,0.0,0.0,26.21,24.88,0.0,0.0,2,989.0,0.0,0.0,one,TR,1
227,1901,8336,0,0,14.8254,7.3452,6.2843,0.0,0.0,1662,1544.0,0.0,0.0,6.69,13.96,0.0,0.0,233,315.0,0.0,0.0,one,RT,1
0,4095,4528,0,0,18.5776,16.4258,0.3139,0.0,0.0,1746,1014.0,0.0,0.0,1.79,18.38,0.0,0.0,8,0.0,0.0,0.0,one,SR,1
168,1527,31,0,0,14.3329,8.1249,5.172,0.0,0.0,1658,1593.0,0.0,0.0,8.08,13.36,0.0,0.0,82,450.0,0.0,0.0,one,RT,1
197,1922,1852,0,0,33.9841,19.2117,12.5995,0.0,0.0,2772,3334.0,0.0,0.0,9.55,25.73,0.0,0.0,24,642.0,0.0,0.0,one,RT,1
109,452,8463,0,0,13.2637,3.0259,9.5581,0.0,0.0,1734,1287.0,0.0,0.0,12.09,9.8,0.0,0.0,211,170.0,0.0,0.0,one,TR,1
15,4459,9275,1699,1698,90.392,15.6713,19.1856,26.8614,26.8614,2926,2478.0,3213.0,3213.0,14.41,11.09,11.02,11.02,44,452.0,576.0,576.0,many,RT,3
0,4840,9841,5766,0,37.3583,26.2254,3.6686,4.1532,0.0,1694,878.0,1623.0,0.0,-12.01,13.17,19.94,0.0,244,2.0,155.0,0.0,many,SR,2
90,898,3352,0,0,38.1981,23.4036,12.1471,0.0,0.0,5754,4113.0,0.0,0.0,36.59,30.47,0.0,0.0,29,990.0,0.0,0.0,one,TR,1
0,4682,8639,0,0,18.325,16.0146,0.0724,0.0,0.0,2549,1297.0,0.0,0.0,6.62,22.38,0.0,0.0,282,0.0,0.0,0.0,one,SR,1
0,4801,3928,0,0,19.1731,16.9955,0.2761,0.0,0.0,1896,1059.0,0.0,0.0,2.8,19.01,0.0,0.0,8,0.0,0.0,0.0,one,SR,1
0,2980,899,0,0,20.2753,17.9824,0.0932,0.0,0.0,2041,1270.0,0.0,0.0,1.63,22.0,0.0,0.0,124,0.0,0.0,0.0,one,SR,1
0,1531,4595,2144,0,33.2131,22.4388,3.9137,3.9298,0.0,2136,1016.0,1005.0,0.0,-3.95,14.67,14.64,0.0,269,8.0,0.0,0.0,many,SR,2
243,2625,339,0,0,11.3627,6.7271,3.7961,0.0,0.0,1092,1055.0,0.0,0.0,3.91,10.4,0.0,0.0,57,289.0,0.0,0.0,one,TR,1
203,1244,8962,0,0,27.3348,15.69,9.5808,0.0,0.0,1707,3248.0,0.0,0.0,-0.65,24.64,0.0,0.0,197,812.0,0.0,0.0,one,RT,1
213,846,8959,2196,0,44.1499,9.479,13.7363,19.8637,0.0,1056,1877.0,2975.0,0.0,1.45,9.18,10.53,0.0,11,415.0,823.0,0.0,many,RT,2
42,2711,5566,4455,0,53.2494,19.4656,22.7406,8.7101,0.0,1358,2734.0,2106.0,0.0,-6.74,16.74,14.59,0.0,105,119.0,568.0,0.0,many,RT,2
151,3207,1048,0,0,19.1596,5.6924,12.8356,0.0,0.0,1453,2074.0,0.0,0.0,9.57,10.32,0.0,0.0,0,552.0,0.0,0.0,one,TR,1
0,4656,8381,4804,0,36.4663,25.4069,3.7786,4.1766,0.0,1733,923.0,1298.0,0.0,-9.74,13.71,17.34,0.0,173,0.0,55.0,0.0,many,SR,2
252,4702,2942,0,0,9.7276,3.6507,5.3929,0.0,0.0,1513,1153.0,0.0,0.0,9.73,9.84,0.0,0.0,171,304.0,0.0,0.0,one,TR,1
210,1064,9420,0,0,15.8129,7.9032,6.6758,0.0,0.0,1350,1955.0,0.0,0.0,3.07,15.34,0.0,0.0,219,526.0,0.0,0.0,one,RT,1
277,3583,1913,0,0,25.6085,17.7084,5.8629,0.0,0.0,1877,2915.0,0.0,0.0,1.37,24.37,0.0,0.0,43,787.0,0.0,0.0,one,RT,1
160,1468,2520,0,0,29.876,17.9465,9.7014,0.0,0.0,2129,3110.0,0.0,0.0,2.3,26.28,0.0,0.0,144,606.0,0.0,0.0,one,RT,1
134,4774,4591,3668,0,63.0653,13.4866,10.6799,37.3981,0.0,1217,1651.0,3754.0,0.0,-0.73,9.61,14.4,0.0,2,394.0,191.0,0.0,many,RT,2
117,373,5086,0,0,24.4233,8.3097,15.038,0.0,0.0,1095,2274.0,0.0,0.0,1.82,14.76,0.0,0.0,94,324.0,0.0,0.0,one,TR,1
117,4215,7071,0,0,19.1603,3.4934,14.8373,0.0,0.0,1629,2418.0,0.0,0.0,9.64,12.3,0.0,0.0,271,586.0,0.0,0.0,one,TR,1
260,4791,9628,8137,1092,55.7491,16.4148,12.5841,15.716,8.9758,1630,1904.0,1635.0,1450.0,-1.41,10.64,10.45,9.49,144,418.0,45.0,345.0,many,RT,3
195,4714,8102,0,0,29.7981,5.6517,23.5119,0.0,0.0,1166,2646.0,0.0,0.0,6.53,11.34,0.0,0.0,4,317.0,0.0,0.0,one,TR,1
88,1061,4601,0,0,28.4147,14.4501,12.3233,0.0,0.0,1844,2808.0,0.0,0.0,4.59,20.41,0.0,0.0,22,562.0,0.0,0.0,one,TR,1
96,770,6570,0,0,29.0915,9.7164,17.7578,0.0,0.0,2672,3003.0,0.0,0.0,13.5,20.17,0.0,0.0,330,413.0,0.0,0.0,one,TR,1
49,3360,6297,0,0,37.1116,5.3523,31.1418,0.0,0.0,1256,3345.0,0.0,0.0,7.63,12.18,0.0,0.0,14,365.0,0.0,0.0,one,TR,1
263,3829,3570,0,0,22.3685,15.8008,4.5715,0.0,0.0,2538,2730.0,0.0,0.0,8.68,23.96,0.0,0.0,148,743.0,0.0,0.0,one,RT,1
162,3704,7452,6338,0,39.0998,15.0291,10.8388,11.561,0.0,1667,1980.0,1605.0,0.0,2.47,11.35,11.35,0.0,1,535.0,208.0,0.0,many,RT,2
0,1206,1563,0,0,12.93,10.916,0.5014,0.0,0.0,1616,784.0,0.0,0.0,3.35,15.13,0.0,0.0,184,0.0,0.0,0.0,one,SR,1
0,2870,3819,0,0,21.2189,18.8747,0.037,0.0,0.0,2263,1346.0,0.0,0.0,3.0,23.07,0.0,0.0,129,0.0,0.0,0.0,one,SR,1
160,3176,9974,466,0,25.5801,12.6674,5.6951,5.6204,0.0,1293,1231.0,1242.0,0.0,-0.8,9.95,10.03,0.0,117,340.0,348.0,0.0,many,RT,2
0,617,6399,0,0,13.6117,11.4993,0.3622,0.0,0.0,1765,952.0,0.0,0.0,2.78,17.5,0.0,0.0,290,0.0,0.0,0.0,one,SR,1
151,4905,8659,0,0,15.6258,4.1822,10.8134,0.0,0.0,1377,1683.0,0.0,0.0,8.79,9.3,0.0,0.0,102,428.0,0.0,0.0,one,TR,1
0,4636,6705,0,0,17.6906,15.5262,0.2814,0.0,0.0,1588,1046.0,0.0,0.0,-0.27,18.83,0.0,0.0,97,0.0,0.0,0.0,one,SR,1
0,1273,122,0,0,14.9018,12.769,0.3417,0.0,0.0,1866,981.0,0.0,0.0,3.47,17.91,0.0,0.0,229,0.0,0.0,0.0,one,SR,1
186,623,7084,3259,2672,79.6148,11.793,13.9744,16.9605,35.2867,2634,1761.0,2169.0,3003.0,13.25,9.45,9.13,11.42,178,298.0,456.0,-89.0,many,RT,3
34,2782,4238,0,0,44.758,9.8536,33.7708,0.0,0.0,1115,3522.0,0.0,0.0,1.5,17.34,0.0,0.0,24,54.0,0.0,0.0,one,RT,1
224,4962,7078,6725,0,27.9978,8.4796,9.3552,8.8585,0.0,2140,1517.0,1470.0,0.0,10.73,9.52,9.53,0.0,223,373.0,365.0,0.0,many,RT,2
0,4126,571,0,0,15.4897,13.4109,0.4347,0.0,0.0,1834,877.0,0.0,0.0,4.46,16.44,0.0,0.0,95,0.0,0.0,0.0,one,SR,1
0,2175,9202,0,0,17.2673,15.1519,0.3624,0.0,0.0,2274,954.0,0.0,0.0,8.1,17.53,0.0,0.0,43,0.0,0.0,0.0,one,SR,1
0,1132,5159,0,0,13.4486,11.4218,0.4874,0.0,0.0,1209,803.0,0.0,0.0,-1.16,15.39,0.0,0.0,166,0.0,0.0,0.0,one,SR,1
0,3055,948,0,0,16.6341,14.5512,0.4147,0.0,0.0,1190,894.0,0.0,0.0,-2.52,16.68,0.0,0.0,32,0.0,0.0,0.0,one,SR,1
128,2723,4830,4510,0,51.0184,9.0346,15.9862,24.8177,0.0,1495,1340.0,1875.0,0.0,5.08,9.79,9.01,0.0,108,-157.0,-211.0,0.0,many,TR,2
0,4297,576,0,0,15.4747,13.371,0.3889,0.0,0.0,1656,927.0,0.0,0.0,1.95,17.15,0.0,0.0,141,0.0,0.0,0.0,one,SR,1
0,17,5581,0,0,11.8907,9.8995,0.5395,0.0,0.0,1529,741.0,0.0,0.0,2.99,14.52,0.0,0.0,216,0.0,0.0,0.0,one,SR,1
0,2338,7329,0,0,18.0584,15.7461,0.0743,0.0,0.0,2691,1297.0,0.0,0.0,8.11,22.38,0.0,0.0,300,0.0,0.0,0.0,one,SR,1
0,3121,4119,0,0,14.0728,12.0016,0.4412,0.0,0.0,1214,867.0,0.0,0.0,-1.92,16.3,0.0,0.0,182,0.0,0.0,0.0,one,SR,1
233,1685,7201,2040,0,50.8111,15.487,19.4256,13.7095,0.0,2162,2564.0,2692.0,0.0,3.0,12.4,17.49,0.0,288,428.0,562.0,0.0,many,RT,2
0,3073,8441,2643,0,52.8662,38.925,5.2145,4.2178,0.0,2845,2106.0,1269.0,0.0,-10.71,27.9,17.19,0.0,113,6.0,39.0,0.0,many,SR,2
11,4851,9459,9094,4209,61.1736,14.6838,11.8533,14.1654,18.6497,1634,1915.0,2113.0,2136.0,0.76,9.93,10.18,10.11,117,509.0,513.0,278.0,many,RT,3
233,231,9311,6094,1234,63.3747,17.3752,10.6012,13.8201,19.293,1595,1847.0,2113.0,2975.0,-3.82,11.5,10.17,11.17,218,439.0,533.0,819.0,many,RT,3
260,3486,8999,5078,0,69.7948,15.7957,36.9559,15.2556,0.0,1694,3154.0,2135.0,0.0,1.7,12.52,14.36,0.0,20,-133.0,228.0,0.0,many,RT,2
4,3155,6238,4649,0,69.32,17.562,16.2314,33.3318,0.0,2038,2513.0,2815.0,0.0,1.65,14.97,15.97,0.0,150,425.0,-381.0,0.0,many,TR,2
0,237,725,520,0,49.697,36.3524,4.5098,4.661,0.0,1856,1298.0,1856.0,0.0,-18.08,17.96,23.78,0.0,83,0.0,83.0,0.0,many,SR,2
0,3119,9140,7209,0,33.0996,23.3041,3.2472,3.7253,0.0,1634,1033.0,1056.0,0.0,-8.25,13.58,14.65,0.0,144,121.0,50.0,0.0,many,SR,2
0,2191,8019,588,0,46.9342,33.6544,4.2332,4.957,0.0,2512,1304.0,1752.0,0.0,-10.43,17.48,23.41,0.0,215,48.0,8.0,0.0,many,SR,2
162,2906,5242,3036,0,78.1961,17.405,28.6445,29.9236,0.0,1802,3104.0,2380.0,0.0,-1.09,16.2,16.03,0.0,178,94.0,-521.0,0.0,many,TR,2
76,3927,3627,0,0,36.6897,10.5701,24.4147,0.0,0.0,2718,3635.0,0.0,0.0,13.2,22.05,0.0,0.0,326,406.0,0.0,0.0,one,TR,1
114,553,7471,5776,3752,73.655,21.3527,16.0865,16.7508,16.6287,2232,2014.0,2699.0,2379.0,-2.09,13.45,13.45,13.45,285,140.0,624.0,387.0,many,TR,3
198,2769,2042,0,0,48.9034,21.1159,25.4237,0.0,0.0,4011,3430.0,0.0,0.0,20.84,28.64,0.0,0.0,11,-185.0,0.0,0.0,one,RT,1
32,2738,2554,0,0,26.6582,7.9631,17.5615,0.0,0.0,1839,1995.0,0.0,0.0,9.11,15.34,0.0,0.0,153,-66.0,0.0,0.0,one,TR,1
184,3405,8687,6641,4918,62.0077,22.873,9.2989,13.4438,13.4354,2117,1634.0,2513.0,2514.0,-4.38,12.85,13.86,13.85,255,274.0,648.0,650.0,many,RT,3
242,618,6553,0,0,45.5724,22.1049,21.0005,0.0,0.0,3798,4814.0,0.0,0.0,17.68,29.67,0.0,0.0,7,1063.0,0.0,0.0,one,TR,1
102,740,9918,9917,5370,85.0618,19.1764,21.1899,21.1899,21.0287,2235,2391.0,2391.0,2796.0,1.18,13.25,13.25,12.26,213,147.0,147.0,521.0,many,RT,3
50,4414,7988,6408,733,40.2131,13.7414,9.9488,7.0789,7.5001,1587,1514.0,872.0,1097.0,-0.83,8.89,8.01,9.54,256,372.0,98.0,158.0,many,RT,3
99,4354,8229,0,0,42.4762,20.8545,19.3003,0.0,0.0,4552,3124.0,0.0,0.0,26.9,27.21,0.0,0.0,3,14.0,0.0,0.0,one,RT,1
203,3016,9986,0,0,43.7096,23.3362,17.5599,0.0,0.0,2987,4292.0,0.0,0.0,6.04,33.14,0.0,0.0,136,664.0,0.0,0.0,one,TR,1
242,1463,7158,0,0,38.1577,21.1124,14.6532,0.0,0.0,3720,3723.0,0.0,0.0,17.53,28.92,0.0,0.0,29,638.0,0.0,0.0,one,RT,1
7,1673,1217,0,0,18.4879,10.2595,7.0368,0.0,0.0,1198,1938.0,0.0,0.0,1.85,14.92,0.0,0.0,32,517.0,0.0,0.0,one,TR,1
136,2317,5325,5324,0,43.4842,19.7124,10.5595,10.5595,0.0,2185,2462.0,2462.0,0.0,-0.93,16.26,16.26,0.0,284,637.0,637.0,0.0,many,TR,2
53,2053,9457,0,0,38.3769,21.562,14.3887,0.0,0.0,4302,3209.0,0.0,0.0,23.33,28.26,0.0,0.0,19,300.0,0.0,0.0,one,RT,1
0,3164,7399,0,0,15.1662,13.1082,0.4605,0.0,0.0,1205,844.0,0.0,0.0,-1.72,15.97,0.0,0.0,87,0.0,0.0,0.0,one,SR,1
92,1197,1923,0,0,30.7995,15.8479,12.7377,0.0,0.0,1997,3405.0,0.0,0.0,1.04,26.14,0.0,0.0,278,665.0,0.0,0.0,one,RT,1
23,1072,7928,0,0,32.375,18.3194,11.9379,0.0,0.0,3136,3382.0,0.0,0.0,13.87,25.18,0.0,0.0,51,748.0,0.0,0.0,one,RT,1
157,2799,8541,0,0,16.1689,3.6139,11.8881,0.0,0.0,1273,1762.0,0.0,0.0,7.36,10.67,0.0,0.0,163,348.0,0.0,0.0,one,RT,1
227,753,3231,0,0,15.0514,6.4997,7.8126,0.0,0.0,1087,1346.0,0.0,0.0,4.76,9.39,0.0,0.0,11,338.0,0.0,0.0,one,TR,1
231,3837,4629,0,0,16.7242,9.5969,6.0587,0.0,0.0,1004,1467.0,0.0,0.0,0.92,13.69,0.0,0.0,2,285.0,0.0,0.0,one,TR,1
26,4232,4065,2492,2487,94.7883,26.254,39.9156,14.9926,10.3464,2334,4121.0,2603.0,1951.0,-5.01,16.94,14.89,13.96,223,181.0,569.0,392.0,many,RT,3
104,4154,8104,0,0,50.5631,17.6748,30.0873,0.0,0.0,4251,3834.0,0.0,0.0,19.43,33.01,0.0,0.0,514,-395.0,0.0,0.0,one,TR,1
247,2251,7548,7364,0,41.1269,14.1475,14.0429,11.0967,0.0,1876,1469.0,1868.0,0.0,3.14,10.84,13.55,0.0,165,-8.0,309.0,0.0,many,RT,2
127,3453,7841,6644,0,43.3161,9.5538,18.2053,13.7988,0.0,2624,2804.0,1972.0,0.0,11.73,13.01,11.57,0.0,428,646.0,347.0,0.0,many,TR,2
79,2113,8368,0,0,23.7242,10.2248,12.3573,0.0,0.0,2090,2586.0,0.0,0.0,11.67,15.42,0.0,0.0,4,677.0,0.0,0.0,one,RT,1
208,38,4207,0,0,21.3656,5.5082,15.2187,0.0,0.0,1046,1976.0,0.0,0.0,5.23,10.39,0.0,0.0,17,337.0,0.0,0.0,one,RT,1
42,2473,8753,5650,0,40.0294,16.6052,11.6765,9.6527,0.0,1475,1389.0,2273.0,0.0,-3.37,11.77,15.18,0.0,154,13.0,607.0,0.0,many,RT,2
72,987,8251,0,0,10.8025,5.5115,4.5533,0.0,0.0,1152,936.0,0.0,0.0,5.46,9.38,0.0,0.0,77,213.0,0.0,0.0,one,RT,1
0,4226,5937,0,0,19.4033,17.15,0.1653,0.0,0.0,1689,1191.0,0.0,0.0,-1.06,20.88,0.0,0.0,112,0.0,0.0,0.0,one,SR,1
0,2042,467,0,0,17.0801,14.8802,0.2575,0.0,0.0,1691,1088.0,0.0,0.0,0.27,19.42,0.0,0.0,178,0.0,0.0,0.0,one,SR,1
0,3435,4424,1734,0,30.0647,20.0983,3.6689,3.6752,0.0,1532,868.0,872.0,0.0,-7.51,13.08,13.14,0.0,239,0.0,-1.0,0.0,many,SR,2
118,1831,3449,0,0,19.4347,15.4779,1.938,0.0,0.0,2529,2440.0,0.0,0.0,8.39,24.19,0.0,0.0,184,660.0,0.0,0.0,one,RT,1
193,888,7717,0,0,22.5963,2.0437,19.8828,0.0,0.0,1807,1816.0,0.0,0.0,12.95,10.7,0.0,0.0,272,-70.0,0.0,0.0,one,TR,1
157,4452,9516,5548,0,50.4797,10.5192,7.7038,31.0542,0.0,1316,1130.0,2945.0,0.0,3.0,8.07,10.95,0.0,21,255.0,136.0,0.0,many,RT,2
0,2745,1151,0,0,18.6783,16.4442,0.1841,0.0,0.0,2887,1164.0,0.0,0.0,11.86,20.5,0.0,0.0,137,0.0,0.0,0.0,one,SR,1
99,3663,9222,0,0,15.6054,3.5332,11.2341,0.0,0.0,2008,2084.0,0.0,0.0,13.54,12.38,0.0,0.0,274,533.0,0.0,0.0,one,TR,1
0,2415,4683,0,0,16.5801,14.351,0.1961,0.0,0.0,1691,1152.0,0.0,0.0,-0.54,20.33,0.0,0.0,269,0.0,0.0,0.0,one,SR,1
205,2023,9041,0,0,12.5058,5.7858,6.0219,0.0,0.0,1440,1296.0,0.0,0.0,8.84,9.98,0.0,0.0,34,369.0,0.0,0.0,one,TR,1
0,3810,8929,0,0,17.229,15.0623,0.278,0.0,0.0,2008,1050.0,0.0,0.0,4.09,18.89,0.0,0.0,132,0.0,0.0,0.0,one,SR,1
0,1718,9291,0,0,15.0758,13.0198,0.4401,0.0,0.0,1708,857.0,0.0,0.0,3.39,16.16,0.0,0.0,104,0.0,0.0,0.0,one,SR,1
0,3660,3228,0,0,12.7786,10.7935,0.5531,0.0,0.0,2679,727.0,0.0,0.0,15.24,14.32,0.0,0.0,143,0.0,0.0,0.0,one,SR,1
248,3541,7215,0,0,21.3252,7.7706,12.6868,0.0,0.0,1154,2339.0,0.0,0.0,4.31,12.68,0.0,0.0,3,627.0,0.0,0.0,one,RT,1
120,4533,4331,2064,0,59.9315,7.6142,33.9241,17.253,0.0,1204,2812.0,2145.0,0.0,2.38,10.68,9.72,0.0,181,-114.0,387.0,0.0,many,RT,2
0,1589,281,0,0,14.4449,12.3336,0.3824,0.0,0.0,1688,937.0,0.0,0.0,2.16,17.29,0.0,0.0,220,0.0,0.0,0.0,one,SR,1
260,4880,9366,3139,719,63.08,18.1551,13.3022,20.6632,8.5871,1575,2081.0,2688.0,1528.0,-4.81,11.81,12.9,11.01,218,445.0,423.0,339.0,many,RT,3
0,4271,7058,0,0,18.0578,15.9105,0.3251,0.0,0.0,1350,1003.0,0.0,0.0,-2.23,18.22,0.0,0.0,34,0.0,0.0,0.0,one,SR,1
0,3099,6280,0,0,14.654,12.504,0.3165,0.0,0.0,2167,1011.0,0.0,0.0,6.25,18.34,0.0,0.0,273,0.0,0.0,0.0,one,SR,1
0,1570,9294,5783,3064,61.1408,43.898,3.857,4.3884,3.5953,1998,964.0,1239.0,1998.0,-27.64,14.17,17.29,22.56,322,0.0,0.0,322.0,many,SR,3
249,669,6795,6794,0,99.0612,32.115,31.206,31.206,0.0,4933,4083.0,4083.0,0.0,10.99,27.67,27.67,0.0,593,36.0,36.0,0.0,many,RT,2
193,1148,9033,9016,0,55.0246,16.436,17.4044,18.7536,0.0,2842,3444.0,3646.0,0.0,7.97,16.44,16.87,0.0,371,983.0,1035.0,0.0,many,RT,2
233,3962,6165,1803,0,44.7806,16.0824,13.4206,13.4206,0.0,1440,2371.0,2371.0,0.0,-1.59,12.28,12.28,0.0,43,632.0,632.0,0.0,many,RT,2
134,4173,3966,1185,0,38.7807,10.0787,11.7396,15.7474,0.0,1193,1861.0,2554.0,0.0,1.59,9.38,10.77,0.0,59,506.0,725.0,0.0,many,RT,2
242,1725,2640,0,0,46.8344,21.846,22.3614,0.0,0.0,3594,4002.0,0.0,0.0,14.09,31.27,0.0,0.0,123,275.0,0.0,0.0,one,TR,1
23,103,8021,0,0,28.6921,6.0215,21.38,0.0,0.0,2382,3291.0,0.0,0.0,13.4,17.91,0.0,0.0,382,555.0,0.0,0.0,one,TR,1
50,270,6147,4602,1169,67.2007,19.9308,15.7962,14.1245,14.9937,1221,2254.0,2254.0,2480.0,-8.38,11.84,12.32,11.39,87,432.0,500.0,676.0,many,RT,3
124,894,8357,0,0,19.4466,6.0542,12.6194,0.0,0.0,1170,1775.0,0.0,0.0,5.33,10.73,0.0,0.0,62,313.0,0.0,0.0,one,TR,1
212,1744,2449,0,0,31.629,14.6353,15.358,0.0,0.0,2706,3002.0,0.0,0.0,13.69,20.36,0.0,0.0,6,539.0,0.0,0.0,one,TR,1
0,2787,5466,1440,0,44.7267,32.4783,4.6469,3.865,0.0,1800,1800.0,970.0,0.0,-14.73,23.12,14.24,0.0,79,79.0,0.0,0.0,many,SR,2
6,1368,1787,1657,1178,85.4362,17.3563,21.8879,19.2834,24.6823,3393,2419.0,2507.0,2597.0,15.59,12.5,12.79,9.98,183,171.0,371.0,291.0,many,TR,3
92,3642,5844,1218,0,53.5303,25.4584,12.3867,12.3928,0.0,3544,2651.0,2650.0,0.0,7.58,19.46,19.46,0.0,285,493.0,492.0,0.0,many,RT,2
0,1058,7533,3925,0,32.8171,22.7277,3.5319,3.6268,0.0,1610,802.0,1382.0,0.0,-9.47,12.33,16.97,0.0,249,0.0,171.0,0.0,many,SR,2
48,2095,5947,0,0,31.61,16.968,12.4309,0.0,0.0,1682,3863.0,0.0,0.0,-2.24,27.11,0.0,0.0,200,976.0,0.0,0.0,one,RT,1
0,2996,7029,0,0,15.0664,13.0008,0.454,0.0,0.0,1164,854.0,0.0,0.0,-2.28,16.12,0.0,0.0,103,0.0,0.0,0.0,one,SR,1
92,4986,9901,0,0,25.0423,11.362,12.3869,0.0,0.0,1650,2866.0,0.0,0.0,5.68,16.93,0.0,0.0,19,802.0,0.0,0.0,one,TR,1
14,3621,8937,0,0,13.2379,1.8579,10.7639,0.0,0.0,1519,1699.0,0.0,0.0,10.4,9.16,0.0,0.0,252,451.0,0.0,0.0,one,RT,1
257,2475,4000,3189,0,59.2258,18.0712,18.8669,20.2075,0.0,1112,2766.0,2072.0,0.0,-7.05,18.09,10.71,0.0,45,288.0,106.0,0.0,many,TR,2
186,528,7485,0,0,25.8768,11.6079,12.8511,0.0,0.0,1694,2551.0,0.0,0.0,5.03,18.18,0.0,0.0,79,464.0,0.0,0.0,one,TR,1
0,2257,3344,1181,0,29.2063,19.7001,3.2716,3.5715,0.0,1773,1083.0,832.0,0.0,-5.35,14.01,12.62,0.0,291,133.0,5.0,0.0,many,SR,2
89,1874,8821,8444,2187,124.3297,27.2896,22.1564,40.0178,31.7529,3255,2527.0,4406.0,2499.0,6.16,15.42,16.4,15.32,50,71.0,423.0,-494.0,many,RT,3
197,2918,3840,0,0,21.9087,12.2487,8.1191,0.0,0.0,1210,2615.0,0.0,0.0,-1.16,19.41,0.0,0.0,111,713.0,0.0,0.0,one,RT,1
0,2088,8416,5565,0,38.0333,26.1005,4.1255,4.4548,0.0,1958,1125.0,1268.0,0.0,-9.61,15.91,17.62,0.0,278,8.0,0.0,0.0,many,SR,2
42,3149,9438,4904,0,69.8502,21.4993,25.5168,20.3241,0.0,1243,4134.0,2444.0,0.0,-9.54,17.84,16.26,0.0,75,963.0,65.0,0.0,many,RT,2
233,1177,9714,9153,0,40.6295,19.5058,11.1612,7.6975,0.0,1708,2681.0,1440.0,0.0,-2.45,17.51,11.14,0.0,60,698.0,316.0,0.0,many,RT,2
78,1153,6655,0,0,15.1706,6.349,7.9085,0.0,0.0,1272,1558.0,0.0,0.0,5.14,12.13,0.0,0.0,128,337.0,0.0,0.0,one,RT,1
85,3289,9213,0,0,23.1647,12.7885,8.9188,0.0,0.0,1562,2364.0,0.0,0.0,3.28,17.57,0.0,0.0,23,581.0,0.0,0.0,one,RT,1
0,1069,6784,0,0,19.3149,17.1173,0.2608,0.0,0.0,1634,1084.0,0.0,0.0,-0.27,19.37,0.0,0.0,22,0.0,0.0,0.0,one,SR,1
233,2187,2325,0,0,16.3016,9.4183,5.7284,0.0,0.0,1734,1493.0,0.0,0.0,7.81,14.55,0.0,0.0,67,274.0,0.0,0.0,one,RT,1
120,773,9099,0,0,17.8685,10.9653,5.6465,0.0,0.0,1083,1517.0,0.0,0.0,0.06,15.57,0.0,0.0,24,239.0,0.0,0.0,one,TR,1
0,3046,6200,0,0,14.0295,12.0397,0.5649,0.0,0.0,1141,722.0,0.0,0.0,-0.84,14.25,0.0,0.0,54,0.0,0.0,0.0,one,SR,1
224,4683,1474,0,0,13.7935,3.0171,10.1009,0.0,0.0,1254,1472.0,0.0,0.0,7.09,9.75,0.0,0.0,209,282.0,0.0,0.0,one,RT,1
0,2123,3,0,0,16.0473,13.8732,0.2953,0.0,0.0,1738,1043.0,0.0,0.0,1.34,18.79,0.0,0.0,207,0.0,0.0,0.0,one,SR,1
0,2085,167,0,0,18.7154,16.4649,0.1836,0.0,0.0,2353,1176.0,0.0,0.0,6.1,20.67,0.0,0.0,146,0.0,0.0,0.0,one,SR,1
0,4406,2378,0,0,20.3429,18.0854,0.1638,0.0,0.0,1582,1195.0,0.0,0.0,-2.23,20.94,0.0,0.0,52,0.0,0.0,0.0,one,SR,1
48,3461,226,0,0,14.4816,9.1826,4.1455,0.0,0.0,1214,1349.0,0.0,0.0,2.37,14.53,0.0,0.0,82,256.0,0.0,0.0,one,RT,1
210,1320,9958,6803,0,47.8941,6.9488,21.3025,18.6218,0.0,1203,2299.0,2459.0,0.0,3.44,9.09,10.12,0.0,153,309.0,525.0,0.0,many,TR,2
0,3177,4469,0,0,17.3639,15.2432,0.3734,0.0,0.0,1459,950.0,0.0,0.0,-0.41,17.47,0.0,0.0,33,0.0,0.0,0.0,one,SR,1
270,4985,9831,8395,0,50.6803,13.356,15.2224,20.0795,0.0,2061,2829.0,2918.0,0.0,3.44,14.08,15.15,0.0,331,775.0,503.0,0.0,many,RT,2
183,1230,5942,5941,0,57.8077,13.7693,21.0205,21.0205,0.0,1979,2843.0,2843.0,0.0,2.8,14.99,14.99,0.0,287,401.0,401.0,0.0,many,RT,2
186,3136,6087,4531,1925,91.7289,13.6987,35.8151,15.317,25.113,1969,3261.0,1924.0,3765.0,4.61,12.08,9.58,12.2,162,39.0,338.0,1029.0,many,RT,3
31,3526,9049,802,0,56.9892,21.4804,19.2634,13.8522,0.0,1546,3053.0,2091.0,0.0,-5.31,15.45,15.48,0.0,4,635.0,211.0,0.0,many,RT,2
0,2452,8141,6153,0,44.8208,32.2274,4.4096,4.5692,0.0,1393,1244.0,1393.0,0.0,-17.9,17.35,18.8,0.0,21,0.0,21.0,0.0,many,SR,2
268,1319,7782,0,0,29.7994,13.3512,14.6655,0.0,0.0,3390,3118.0,0.0,0.0,19.55,21.83,0.0,0.0,184,583.0,0.0,0.0,one,RT,1
203,2434,4330,0,0,24.5515,15.8072,6.9602,0.0,0.0,1795,2705.0,0.0,0.0,2.79,20.84,0.0,0.0,17,766.0,0.0,0.0,one,RT,1
14,2678,3606,0,0,14.9382,1.9214,12.398,0.0,0.0,1711,1355.0,0.0,0.0,12.4,9.19,0.0,0.0,249,94.0,0.0,0.0,one,RT,1
68,677,5959,3489,0,55.8944,13.7467,24.1833,16.3117,0.0,1399,2943.0,2035.0,0.0,-0.19,13.22,12.31,0.0,77,398.0,209.0,0.0,many,RT,2
0,3075,6692,0,0,15.7886,13.6829,0.3767,0.0,0.0,1502,937.0,0.0,0.0,0.21,17.29,0.0,0.0,128,0.0,0.0,0.0,one,SR,1
0,1530,6673,0,0,16.3488,14.2939,0.4462,0.0,0.0,1398,852.0,0.0,0.0,0.2,16.09,0.0,0.0,13,0.0,0.0,0.0,one,SR,1
0,4977,5517,0,0,14.9952,12.7713,0.2037,0.0,0.0,2707,1143.0,0.0,0.0,10.24,20.2,0.0,0.0,369,0.0,0.0,0.0,one,SR,1
0,2118,2750,0,0,15.369,13.3479,0.4958,0.0,0.0,2339,793.0,0.0,0.0,10.83,15.25,0.0,0.0,26,0.0,0.0,0.0,one,SR,1
0,825,3337,0,0,12.1887,10.1954,0.5317,0.0,0.0,1373,748.0,0.0,0.0,1.26,14.62,0.0,0.0,202,0.0,0.0,0.0,one,SR,1
0,4695,716,0,0,15.8233,13.5933,0.19,0.0,0.0,3898,1157.0,0.0,0.0,22.57,20.4,0.0,0.0,325,0.0,0.0,0.0,one,SR,1
248,4909,6785,0,0,28.1413,14.5472,11.7351,0.0,0.0,2461,3412.0,0.0,0.0,9.11,23.59,0.0,0.0,149,874.0,0.0,0.0,one,TR,1
0,3455,5607,0,0,16.9379,14.6775,0.1596,0.0,0.0,1985,1200.0,0.0,0.0,1.94,21.01,0.0,0.0,289,0.0,0.0,0.0,one,SR,1
11,2609,9271,0,0,32.1292,13.579,16.4847,0.0,0.0,2520,3672.0,0.0,0.0,7.87,24.65,0.0,0.0,342,739.0,0.0,0.0,one,TR,1
0,2945,3714,2707,713,64.5609,46.1786,4.3117,4.4086,4.4352,1352,1195.0,1263.0,1316.0,-32.84,16.79,17.51,17.97,59,0.0,5.0,17.0,many,SR,3
11,2315,4048,2446,2130,58.982,14.7554,15.0023,12.1482,15.113,1385,2322.0,1875.0,2259.0,-3.13,11.12,10.37,9.15,199,571.0,437.0,629.0,many,RT,3
79,4486,6560,6178,1585,90.4132,15.1064,13.3402,47.0454,13.052,1843,1702.0,4081.0,1664.0,2.53,9.19,13.39,9.11,117,304.0,-55.0,296.0,many,RT,3
164,4701,8899,8767,540,85.4806,24.7378,31.7888,17.8549,8.2935,1224,3185.0,2861.0,1351.0,-12.4,14.83,13.07,12.16,35,54.0,706.0,156.0,many,RT,3
11,916,324,0,0,57.7353,25.5771,28.3867,0.0,0.0,4726,4529.0,0.0,0.0,15.68,42.72,0.0,0.0,571,-324.0,0.0,0.0,one,RT,1
23,917,2791,0,0,40.0636,15.2449,23.0586,0.0,0.0,2929,3258.0,0.0,0.0,14.91,22.6,0.0,0.0,41,165.0,0.0,0.0,one,TR,1
9,2855,2745,923,0,31.722,12.8102,5.8607,11.4403,0.0,1307,1341.0,1569.0,0.0,-0.77,11.0,11.1,0.0,115,354.0,202.0,0.0,many,RT,2
1,704,1422,574,327,102.0227,40.0665,19.6832,20.0526,17.5867,2710,2835.0,2995.0,2916.0,-13.25,19.09,20.6,19.65,112,237.0,251.0,387.0,many,RT,3
224,2349,2641,0,0,38.1913,20.4331,15.3288,0.0,0.0,3731,3282.0,0.0,0.0,17.31,27.29,0.0,0.0,98,357.0,0.0,0.0,one,RT,1
204,4964,7908,0,0,28.3195,9.0138,17.8016,0.0,0.0,3173,2915.0,0.0,0.0,19.78,20.04,0.0,0.0,309,351.0,0.0,0.0,one,TR,1
23,1921,9302,0,0,44.2237,24.6152,16.8247,0.0,0.0,3178,3833.0,0.0,0.0,8.32,31.84,0.0,0.0,30,431.0,0.0,0.0,one,RT,1
38,583,1040,0,0,39.325,21.2768,15.3006,0.0,0.0,3796,3767.0,0.0,0.0,15.13,31.48,0.0,0.0,236,488.0,0.0,0.0,one,RT,1
213,4438,9689,8250,0,36.4688,12.7678,8.5504,13.5126,0.0,1838,1318.0,2117.0,0.0,4.56,11.9,10.48,0.0,135,131.0,536.0,0.0,many,RT,2
0,2480,962,0,0,16.5391,14.3956,0.3354,0.0,0.0,1564,993.0,0.0,0.0,0.15,18.08,0.0,0.0,128,0.0,0.0,0.0,one,SR,1
0,2865,6097,0,0,15.1637,13.0518,0.3816,0.0,0.0,1654,938.0,0.0,0.0,1.79,17.3,0.0,0.0,172,0.0,0.0,0.0,one,SR,1
180,3835,3678,0,0,26.9871,12.912,12.5753,0.0,0.0,2023,3267.0,0.0,0.0,7.74,20.0,0.0,0.0,40,921.0,0.0,0.0,one,RT,1
213,1004,7691,1031,0,43.9608,17.1213,7.467,17.1936,0.0,1291,1772.0,2019.0,0.0,-6.05,13.6,14.19,0.0,170,441.0,39.0,0.0,many,RT,2
231,4866,7683,0,0,24.6454,13.9929,8.6974,0.0,0.0,1676,2925.0,0.0,0.0,0.0,22.55,0.0,0.0,246,736.0,0.0,0.0,one,RT,1
124,35,8447,3435,0,26.2189,8.9156,8.1536,8.1275,0.0,1179,1120.0,1118.0,0.0,3.18,8.1,8.12,0.0,20,220.0,219.0,0.0,many,RT,2
0,3973,3848,797,0,25.2024,15.8714,3.4321,3.4955,0.0,3034,746.0,812.0,0.0,10.23,11.71,12.32,0.0,393,-1.0,11.0,0.0,many,SR,2
50,1595,4966,4965,4313,83.6517,25.5561,22.118,22.118,11.021,2116,2348.0,2348.0,2867.0,-3.33,11.36,11.36,18.67,0,169.0,169.0,781.0,many,TR,3
240,880,4322,2516,0,55.5327,17.4134,18.5891,17.4102,0.0,1948,3324.0,3273.0,0.0,1.37,15.49,15.71,0.0,114,878.0,894.0,0.0,many,TR,2
0,1663,4425,0,0,16.5754,14.4992,0.4151,0.0,0.0,1485,889.0,0.0,0.0,0.64,16.61,0.0,0.0,31,0.0,0.0,0.0,one,SR,1
0,1180,3076,0,0,20.3506,18.0051,0.0256,0.0,0.0,2408,1355.0,0.0,0.0,4.4,23.2,0.0,0.0,196,0.0,0.0,0.0,one,SR,1
263,635,6801,0,0,23.2507,4.9357,17.4345,0.0,0.0,1811,2251.0,0.0,0.0,11.09,12.81,0.0,0.0,204,281.0,0.0,0.0,one,RT,1
257,2397,9471,9067,0,37.3574,8.7486,10.6531,16.7463,0.0,1168,1720.0,1808.0,0.0,1.38,8.9,10.19,0.0,146,488.0,133.0,0.0,many,RT,2
9,3514,6417,2213,0,27.4715,9.8047,8.134,8.134,0.0,1339,1530.0,1530.0,0.0,1.47,9.99,9.99,0.0,190,425.0,425.0,0.0,many,RT,2
0,2838,8964,0,0,12.8046,10.7478,0.4622,0.0,0.0,1691,842.0,0.0,0.0,3.4,15.95,0.0,0.0,246,0.0,0.0,0.0,one,SR,1
180,95,7776,7775,0,33.684,13.6573,9.1859,9.1859,0.0,1443,1712.0,1712.0,0.0,0.26,11.27,11.27,0.0,85,430.0,430.0,0.0,many,RT,2
277,2922,4062,0,0,33.3072,8.2648,24.0346,0.0,0.0,1106,2886.0,0.0,0.0,2.54,15.08,0.0,0.0,55,256.0,0.0,0.0,one,RT,1
0,4520,5920,5381,0,42.2972,30.2659,4.4135,4.2391,0.0,1935,1252.0,1157.0,0.0,-10.09,17.43,16.36,0.0,10,1.0,0.0,0.0,many,SR,2
120,1939,677,0,0,21.1099,6.5255,13.6205,0.0,0.0,1354,2274.0,0.0,0.0,5.54,13.64,0.0,0.0,147,469.0,0.0,0.0,one,TR,1
152,1964,2443,0,0,23.61,4.598,18.3888,0.0,0.0,1193,1757.0,0.0,0.0,6.92,10.23,0.0,0.0,69,-3.0,0.0,0.0,one,RT,1
252,4579,5202,5127,428,65.7646,14.8314,13.853,18.047,17.2572,1125,1542.0,2933.0,1522.0,-4.17,10.12,11.53,9.11,79,100.0,838.0,-53.0,many,RT,3
19,4369,2134,0,0,29.0632,11.7226,16.0373,0.0,0.0,2859,2831.0,0.0,0.0,18.29,18.03,0.0,0.0,1,503.0,0.0,0.0,one,TR,1
0,3596,857,0,0,21.1284,18.8586,0.1506,0.0,0.0,2799,1213.0,0.0,0.0,10.32,21.19,0.0,0.0,15,0.0,0.0,0.0,one,SR,1
210,1803,6650,0,0,28.6935,2.7649,25.2927,0.0,0.0,1845,2381.0,0.0,0.0,13.65,11.36,0.0,0.0,202,13.0,0.0,0.0,one,RT,1
186,1707,5692,0,0,30.871,16.556,12.1959,0.0,0.0,3154,3598.0,0.0,0.0,14.04,25.19,0.0,0.0,172,897.0,0.0,0.0,one,TR,1
47,2981,6455,0,0,30.9351,9.3577,20.4565,0.0,0.0,2648,3258.0,0.0,0.0,17.72,16.21,0.0,0.0,50,680.0,0.0,0.0,one,TR,1
210,393,4596,1681,0,32.4426,7.1143,16.558,7.773,0.0,1325,1577.0,1147.0,0.0,4.94,8.95,8.02,0.0,127,38.0,267.0,0.0,many,TR,2
0,4153,7940,0,0,16.0062,13.9423,0.4566,0.0,0.0,1119,851.0,0.0,0.0,-2.72,16.07,0.0,0.0,36,0.0,0.0,0.0,one,SR,1
0,965,7821,0,0,15.1093,12.9712,0.3244,0.0,0.0,1494,997.0,0.0,0.0,-0.64,18.14,0.0,0.0,229,0.0,0.0,0.0,one,SR,1
186,4910,2675,2625,1963,64.6153,12.0071,21.5079,15.5506,13.9199,1980,2667.0,2215.0,1543.0,6.12,9.44,9.44,8.42,182,557.0,554.0,194.0,many,RT,3
281,2241,9119,0,0,23.7997,5.9535,16.8652,0.0,0.0,1435,2319.0,0.0,0.0,6.24,13.81,0.0,0.0,196,308.0,0.0,0.0,one,TR,1
120,2116,4997,1880,0,37.4654,10.1612,12.6318,13.0287,0.0,2033,1578.0,2427.0,0.0,6.55,10.33,13.1,0.0,316,185.0,650.0,0.0,many,RT,2
26,4599,7153,1177,0,54.7341,15.5601,17.286,19.9734,0.0,2010,2232.0,2614.0,0.0,3.87,13.53,14.61,0.0,114,233.0,308.0,0.0,many,TR,2
233,3294,7962,5016,0,27.5858,6.9853,10.7526,8.6862,0.0,1620,1579.0,1470.0,0.0,6.55,8.66,8.96,0.0,237,389.0,407.0,0.0,many,RT,2
114,3624,4193,0,0,30.269,14.3041,14.3039,0.0,0.0,1509,2893.0,0.0,0.0,0.9,20.61,0.0,0.0,44,502.0,0.0,0.0,one,TR,1
241,2862,4712,0,0,44.2062,22.5439,19.1138,0.0,0.0,3278,3712.0,0.0,0.0,11.48,30.49,0.0,0.0,27,285.0,0.0,0.0,one,RT,1
39,139,3583,0,0,26.7768,12.5405,12.3151,0.0,0.0,3197,2474.0,0.0,0.0,16.28,22.21,0.0,0.0,324,205.0,0.0,0.0,one,RT,1
96,2263,9690,8002,0,51.7802,9.6911,21.197,19.126,0.0,2718,3065.0,2344.0,0.0,12.64,13.81,12.85,0.0,423,628.0,252.0,0.0,many,RT,2
0,2927,2237,0,0,13.4928,11.3807,0.3578,0.0,0.0,2165,955.0,0.0,0.0,6.94,17.54,0.0,0.0,301,0.0,0.0,0.0,one,SR,1
0,1213,4500,0,0,12.9703,10.937,0.4826,0.0,0.0,1328,811.0,0.0,0.0,-0.01,15.51,0.0,0.0,206,0.0,0.0,0.0,one,SR,1
49,116,4177,0,0,9.7678,3.7342,5.3751,0.0,0.0,1197,1142.0,0.0,0.0,6.64,9.59,0.0,0.0,150,311.0,0.0,0.0,one,RT,1
0,4584,7438,0,0,17.6948,15.3594,0.0592,0.0,0.0,2252,1324.0,0.0,0.0,3.16,22.76,0.0,0.0,350,0.0,0.0,0.0,one,SR,1
186,1884,9599,7302,3553,70.501,12.0559,15.3709,17.8619,23.4544,1597,1762.0,1948.0,2807.0,0.95,10.01,9.78,10.79,257,187.0,199.0,475.0,many,RT,3
0,1322,2499,0,0,20.0367,17.7093,0.0569,0.0,0.0,2667,1320.0,0.0,0.0,7.57,22.7,0.0,0.0,186,0.0,0.0,0.0,one,SR,1
0,871,5068,0,0,20.9287,18.56,0.0105,0.0,0.0,1604,1382.0,0.0,0.0,-4.38,23.58,0.0,0.0,182,0.0,0.0,0.0,one,SR,1
19,859,2868,0,0,39.5297,17.8192,19.6889,0.0,0.0,3696,3248.0,0.0,0.0,20.61,25.22,0.0,0.0,26,200.0,0.0,0.0,one,RT,1
0,1905,8742,0,0,18.3945,16.2227,0.2704,0.0,0.0,1627,1059.0,0.0,0.0,-0.03,19.01,0.0,0.0,61,0.0,0.0,0.0,one,SR,1
0,946,7026,0,0,11.3607,9.3251,0.4933,0.0,0.0,2315,805.0,0.0,0.0,10.43,15.42,0.0,0.0,311,0.0,0.0,0.0,one,SR,1
0,3313,706,0,0,12.7231,10.721,0.5376,0.0,0.0,1893,750.0,0.0,0.0,6.7,14.64,0.0,0.0,168,0.0,0.0,0.0,one,SR,1
0,3724,930,0,0,13.8371,11.6861,0.3104,0.0,0.0,2100,1016.0,0.0,0.0,5.48,18.41,0.0,0.0,333,0.0,0.0,0.0,one,SR,1
0,2744,843,0,0,15.5812,13.5237,0.4658,0.0,0.0,1510,840.0,0.0,0.0,1.53,15.92,0.0,0.0,55,0.0,0.0,0.0,one,SR,1
0,3231,4419,0,0,16.1821,13.9141,0.139,0.0,0.0,3514,1220.0,0.0,0.0,17.74,21.29,0.0,0.0,358,0.0,0.0,0.0,one,SR,1
9,3261,9397,0,0,45.7104,18.2927,25.3339,0.0,0.0,2717,3043.0,0.0,0.0,9.77,24.84,0.0,0.0,32,-257.0,0.0,0.0,one,RT,1
136,5,1746,1745,1627,71.3154,16.7157,18.5188,18.5188,15.5615,1585,2008.0,2008.0,2251.0,-1.36,10.74,10.74,10.52,88,152.0,152.0,519.0,many,RT,3
76,2677,8520,0,0,38.8173,18.4587,17.7379,0.0,0.0,4318,3171.0,0.0,0.0,21.75,30.21,0.0,0.0,350,-32.0,0.0,0.0,one,RT,1
7,4178,976,0,0,32.4544,13.9419,16.9477,0.0,0.0,1788,3641.0,0.0,0.0,4.69,20.65,0.0,0.0,10,918.0,0.0,0.0,one,RT,1
181,735,5509,1910,0,38.288,19.5325,8.2228,8.2177,0.0,1156,1983.0,1974.0,0.0,-8.7,14.57,14.57,0.0,89,503.0,496.0,0.0,many,RT,2
0,1283,5994,2460,0,39.4963,28.2305,3.4434,4.5953,0.0,1569,752.0,1569.0,0.0,-12.57,11.77,20.5,0.0,56,0.0,56.0,0.0,many,SR,2
263,2788,984,0,0,16.1978,6.5302,8.7616,0.0,0.0,1783,1720.0,0.0,0.0,10.57,12.06,0.0,0.0,111,416.0,0.0,0.0,one,RT,1
0,4606,7803,0,0,15.1973,13.0441,0.3211,0.0,0.0,1785,1010.0,0.0,0.0,2.25,18.32,0.0,0.0,235,0.0,0.0,0.0,one,SR,1
223,3260,1709,1708,0,52.484,9.5525,20.9036,20.9036,0.0,1227,1632.0,1632.0,0.0,2.76,9.62,9.62,0.0,39,-207.0,-207.0,0.0,many,RT,2
151,2489,78,0,0,21.3766,12.1996,7.5598,0.0,0.0,2118,2139.0,0.0,0.0,7.68,19.17,0.0,0.0,161,396.0,0.0,0.0,one,RT,1
262,2823,6710,6709,0,23.3956,10.4463,5.7957,5.7957,0.0,1508,844.0,844.0,0.0,3.61,8.79,8.79,0.0,121,106.0,106.0,0.0,many,RT,2
47,3238,5219,0,0,28.3698,4.1929,23.1281,0.0,0.0,2613,2178.0,0.0,0.0,18.0,14.49,0.0,0.0,358,-197.0,0.0,0.0,one,TR,1
0,2684,1932,0,0,13.8113,11.7835,0.4954,0.0,0.0,1276,798.0,0.0,0.0,-0.39,15.32,0.0,0.0,137,0.0,0.0,0.0,one,SR,1
0,4708,522,0,0,17.7837,15.5653,0.2024,0.0,0.0,1603,1140.0,0.0,0.0,-1.31,20.16,0.0,0.0,176,0.0,0.0,0.0,one,SR,1
0,475,6527,0,0,10.7056,8.6806,0.4855,0.0,0.0,2220,803.0,0.0,0.0,9.46,15.39,0.0,0.0,353,0.0,0.0,0.0,one,SR,1
114,1370,9743,9742,6574,69.0736,23.0653,16.3037,16.3037,10.3094,2373,2305.0,2305.0,1965.0,-2.91,14.3,14.3,13.3,325,301.0,301.0,442.0,many,TR,3
53,3504,7079,0,0,14.7238,2.6761,11.3397,0.0,0.0,1784,1466.0,0.0,0.0,12.36,10.08,0.0,0.0,252,188.0,0.0,0.0,one,RT,1
0,1050,7576,0,0,18.9872,16.7063,0.1249,0.0,0.0,1572,1239.0,0.0,0.0,-2.9,21.56,0.0,0.0,184,0.0,0.0,0.0,one,SR,1
114,2011,6575,5594,5077,69.3935,22.9288,10.3094,16.771,16.2928,2350,1965.0,2477.0,2765.0,-3.15,13.3,14.3,14.3,334,442.0,405.0,652.0,many,TR,3
0,1794,4124,0,0,13.5949,11.5872,0.5107,0.0,0.0,1552,773.0,0.0,0.0,2.82,14.97,0.0,0.0,129,0.0,0.0,0.0,one,SR,1
224,307,2656,0,0,16.3588,4.4824,10.8163,0.0,0.0,2082,1626.0,0.0,0.0,12.32,13.6,0.0,0.0,345,138.0,0.0,0.0,one,RT,1
200,3928,1272,0,0,31.4587,10.4834,19.7865,0.0,0.0,2951,3240.0,0.0,0.0,20.29,17.89,0.0,0.0,15,608.0,0.0,0.0,one,RT,1
0,901,5474,0,0,15.67,13.617,0.4725,0.0,0.0,3690,832.0,0.0,0.0,24.52,15.8,0.0,0.0,42,0.0,0.0,0.0,one,SR,1
0,2105,2940,0,0,13.6579,11.6506,0.5159,0.0,0.0,2421,769.0,0.0,0.0,12.0,14.91,0.0,0.0,121,0.0,0.0,0.0,one,SR,1
0,1699,3772,0,0,19.7939,17.4639,0.0624,0.0,0.0,1847,1318.0,0.0,0.0,-1.02,22.68,0.0,0.0,201,0.0,0.0,0.0,one,SR,1
0,4963,9926,0,0,19.9461,17.7006,0.1673,0.0,0.0,2706,1184.0,0.0,0.0,9.71,20.78,0.0,0.0,69,0.0,0.0,0.0,one,SR,1
25,4635,8525,0,0,19.3046,8.7236,9.5986,0.0,0.0,1122,1586.0,0.0,0.0,2.94,12.82,0.0,0.0,8,222.0,0.0,0.0,one,RT,1
0,4415,1078,0,0,14.3997,12.3113,0.4019,0.0,0.0,1401,907.0,0.0,0.0,-0.47,16.86,0.0,0.0,196,0.0,0.0,0.0,one,SR,1
0,345,3762,0,0,16.1498,14.1024,0.4712,0.0,0.0,2032,829.0,0.0,0.0,7.15,15.76,0.0,0.0,6,0.0,0.0,0.0,one,SR,1
157,4590,6382,4266,0,81.5411,16.9674,17.2001,45.2787,0.0,1697,3129.0,3035.0,0.0,-1.04,14.74,17.21,0.0,129,852.0,-969.0,0.0,many,RT,2
0,4925,6124,2012,0,46.7495,33.1147,4.4836,4.85,0.0,2300,1739.0,1549.0,0.0,-14.56,22.05,20.96,0.0,382,103.0,0.0,0.0,many,SR,2
152,2408,4990,0,0,30.7535,18.2467,10.4739,0.0,0.0,1785,2861.0,0.0,0.0,0.45,24.33,0.0,0.0,4,484.0,0.0,0.0,one,TR,1
124,2652,8705,7650,0,40.9243,8.3277,23.5674,8.0104,0.0,1067,2208.0,1146.0,0.0,2.03,10.08,8.11,0.0,58,53.0,248.0,0.0,many,RT,2
180,1783,6597,2498,0,42.2673,8.7211,15.2878,17.0026,0.0,1184,2215.0,1363.0,0.0,1.13,10.35,9.21,0.0,176,517.0,-165.0,0.0,many,RT,2
3,4326,3887,0,0,19.7991,12.8897,5.452,0.0,0.0,1067,2100.0,0.0,0.0,-1.91,17.57,0.0,0.0,16,579.0,0.0,0.0,one,RT,1
164,1941,8008,0,0,18.6067,11.7086,5.5665,0.0,0.0,1509,1736.0,0.0,0.0,3.86,16.32,0.0,0.0,19,367.0,0.0,0.0,one,RT,1
27,484,6241,3685,3684,95.3937,28.0077,17.9798,23.141,23.141,3371,1846.0,3366.0,3366.0,7.28,13.16,16.04,16.04,8,-79.0,618.0,618.0,many,RT,3
0,1433,5439,0,0,20.4167,18.0486,0.0114,0.0,0.0,1876,1381.0,0.0,0.0,-1.51,23.57,0.0,0.0,216,0.0,0.0,0.0,one,SR,1
79,3481,9588,9587,8547,63.9103,11.7811,15.486,15.486,19.5273,1279,1957.0,1957.0,2839.0,-1.24,9.43,9.43,10.44,197,362.0,362.0,744.0,many,RT,3
0,4754,103,0,0,18.4493,16.252,0.252,0.0,0.0,2038,1090.0,0.0,0.0,3.89,19.45,0.0,0.0,86,0.0,0.0,0.0,one,SR,1
0,1932,9654,0,0,20.5033,18.2491,0.1547,0.0,0.0,2586,1199.0,0.0,0.0,8.26,20.99,0.0,0.0,44,0.0,0.0,0.0,one,SR,1
3,4196,8576,3938,0,47.863,21.8279,11.2461,12.338,0.0,1784,2183.0,1699.0,0.0,-3.33,15.74,14.77,0.0,16,415.0,40.0,0.0,many,RT,2
136,3766,8786,3909,0,66.2819,12.5442,27.5252,24.7265,0.0,1879,3419.0,3457.0,0.0,6.36,12.41,12.45,0.0,57,615.0,802.0,0.0,many,RT,2
0,3946,2437,0,0,14.6294,12.6531,0.5613,0.0,0.0,2295,715.0,0.0,0.0,11.36,14.15,0.0,0.0,6,0.0,0.0,0.0,one,SR,1
0,3878,107,0,0,15.2389,13.0833,0.3177,0.0,0.0,1680,1014.0,0.0,0.0,1.1,18.38,0.0,0.0,236,0.0,0.0,0.0,one,SR,1
157,4808,5930,0,0,25.9026,8.5653,16.3197,0.0,0.0,1500,3105.0,0.0,0.0,6.59,15.18,0.0,0.0,41,859.0,0.0,0.0,one,RT,1
0,277,3482,0,0,16.3729,14.2987,0.4273,0.0,0.0,1095,879.0,0.0,0.0,-3.32,16.47,0.0,0.0,36,0.0,0.0,0.0,one,SR,1
0,3373,5487,0,0,18.2045,15.9609,0.1654,0.0,0.0,1902,1184.0,0.0,0.0,1.27,20.78,0.0,0.0,187,0.0,0.0,0.0,one,SR,1
0,2717,7419,0,0,13.7178,11.5552,0.3121,0.0,0.0,2700,1023.0,0.0,0.0,11.7,18.51,0.0,0.0,348,0.0,0.0,0.0,one,SR,1
164,881,6744,5009,4585,64.6013,12.4726,6.8375,23.9135,19.816,1614,1056.0,3249.0,2263.0,2.89,7.19,11.19,10.24,108,299.0,762.0,301.0,many,TR,3
184,39,8124,7686,3580,57.7527,12.0592,17.04,20.0369,7.0584,1235,2413.0,2174.0,1145.0,-1.06,9.19,9.19,8.2,134,634.0,280.0,296.0,many,RT,3
252,2355,9759,0,0,28.2128,7.0941,20.1534,0.0,0.0,1239,3542.0,0.0,0.0,4.32,14.65,0.0,0.0,109,1002.0,0.0,0.0,one,RT,1
263,804,8787,7952,3233,59.5888,19.7163,12.3787,11.9221,13.2366,1371,1906.0,2011.0,1960.0,-6.62,10.97,11.12,11.27,89,413.0,510.0,388.0,many,RT,3
160,3747,5854,4514,1724,46.6879,19.2827,8.642,8.156,8.3118,2009,1763.0,1519.0,1543.0,0.44,11.3,10.27,10.39,94,499.0,400.0,402.0,many,RT,3
120,4852,1094,0,0,25.5983,7.6485,17.0324,0.0,0.0,1308,2588.0,0.0,0.0,5.48,14.17,0.0,0.0,42,482.0,0.0,0.0,one,RT,1
0,3553,6659,5902,0,33.9071,23.1857,3.8885,3.8534,0.0,2223,981.0,1129.0,0.0,-3.47,14.36,15.43,0.0,248,0.0,54.0,0.0,many,SR,2
197,1846,4883,910,0,58.1236,20.9881,19.889,14.3951,0.0,2157,2665.0,3166.0,0.0,-3.01,18.3,18.22,0.0,319,141.0,842.0,0.0,many,RT,2
203,77,8634,4477,0,36.8765,17.2374,7.541,9.9782,0.0,2057,1532.0,2352.0,0.0,2.52,11.85,15.35,0.0,126,354.0,639.0,0.0,many,RT,2
0,3377,8949,0,0,13.3171,11.2652,0.4742,0.0,0.0,1439,830.0,0.0,0.0,0.91,15.78,0.0,0.0,200,0.0,0.0,0.0,one,SR,1
231,1660,8908,0,0,29.195,7.9486,20.3448,0.0,0.0,1056,2611.0,0.0,0.0,2.97,14.02,0.0,0.0,12,319.0,0.0,0.0,one,TR,1
93,1721,7109,7108,0,93.6105,21.673,34.6933,34.6933,0.0,3682,3379.0,3379.0,0.0,15.7,18.75,18.75,0.0,88,-189.0,-189.0,0.0,many,RT,2
106,4872,2829,1799,0,34.1348,7.7945,9.3634,15.8911,0.0,1737,1193.0,1778.0,0.0,8.47,8.54,9.32,0.0,135,181.0,209.0,0.0,many,RT,2
78,2656,5823,0,0,18.6916,9.8174,7.7109,0.0,0.0,1988,2002.0,0.0,0.0,10.4,14.63,0.0,0.0,45,543.0,0.0,0.0,one,RT,1
0,1210,8208,0,0,14.671,12.6096,0.4555,0.0,0.0,1288,850.0,0.0,0.0,-0.93,16.06,0.0,0.0,126,0.0,0.0,0.0,one,SR,1
0,4577,441,0,0,13.8855,11.8124,0.4431,0.0,0.0,1753,867.0,0.0,0.0,3.74,16.3,0.0,0.0,195,0.0,0.0,0.0,one,SR,1
114,509,2663,2536,1511,74.3759,19.5148,13.344,16.938,21.7427,2577,1803.0,2837.0,2295.0,1.53,13.45,14.45,14.45,410,137.0,661.0,-27.0,many,TR,3
50,1284,7397,0,0,25.6283,7.7308,16.9505,0.0,0.0,1155,1829.0,0.0,0.0,3.6,13.47,0.0,0.0,54,-51.0,0.0,0.0,one,TR,1
49,2012,4256,0,0,15.1284,8.1153,6.0619,0.0,0.0,1140,1523.0,0.0,0.0,3.41,12.51,0.0,0.0,31,394.0,0.0,0.0,one,TR,1
0,2020,752,0,0,17.1198,14.8747,0.1726,0.0,0.0,1599,1180.0,0.0,0.0,-1.86,20.73,0.0,0.0,258,0.0,0.0,0.0,one,SR,1
86,1381,1780,0,0,33.7532,9.548,22.4395,0.0,0.0,2855,2504.0,0.0,0.0,14.09,21.66,0.0,0.0,433,-320.0,0.0,0.0,one,TR,1
0,2910,4517,0,0,16.1971,14.0375,0.2978,0.0,0.0,2255,1031.0,0.0,0.0,6.92,18.62,0.0,0.0,186,0.0,0.0,0.0,one,SR,1
0,4922,2576,0,0,13.2989,11.3146,0.5495,0.0,0.0,1736,729.0,0.0,0.0,5.31,14.35,0.0,0.0,109,0.0,0.0,0.0,one,SR,1
234,420,7306,2610,0,55.0985,8.6177,19.166,26.2619,0.0,1254,1418.0,1958.0,0.0,3.69,8.92,9.61,0.0,59,-230.0,-265.0,0.0,many,RT,2
0,4841,2447,0,0,14.5735,12.5729,0.5304,0.0,0.0,1352,754.0,0.0,0.0,0.96,14.7,0.0,0.0,45,0.0,0.0,0.0,one,SR,1
0,2746,8153,0,0,12.1424,10.1542,0.5392,0.0,0.0,1337,739.0,0.0,0.0,1.0,14.49,0.0,0.0,197,0.0,0.0,0.0,one,SR,1
120,4336,2384,1200,0,56.5193,6.2055,14.4406,34.8555,0.0,1248,2048.0,2973.0,0.0,3.94,9.04,10.13,0.0,202,513.0,-14.0,0.0,many,RT,2
0,555,277,0,0,18.3617,16.1268,0.1921,0.0,0.0,2243,1159.0,0.0,0.0,5.17,20.43,0.0,0.0,154,0.0,0.0,0.0,one,SR,1
136,590,4810,4232,0,56.095,15.107,26.7149,12.0545,0.0,2634,3308.0,1988.0,0.0,7.69,16.11,14.08,0.0,332,365.0,316.0,0.0,many,TR,2
15,2754,8980,0,0,38.4366,7.4448,29.8129,0.0,0.0,1781,3212.0,0.0,0.0,8.09,16.79,0.0,0.0,216,76.0,0.0,0.0,one,RT,1
166,4514,8126,0,0,22.8951,6.206,15.9755,0.0,0.0,1196,2078.0,0.0,0.0,6.14,11.14,0.0,0.0,15,328.0,0.0,0.0,one,RT,1
88,4675,8321,0,0,20.6711,2.4278,17.5777,0.0,0.0,1604,2308.0,0.0,0.0,10.85,11.66,0.0,0.0,243,382.0,0.0,0.0,one,TR,1
281,755,671,0,0,24.1118,11.7798,10.6964,0.0,0.0,1585,2833.0,0.0,0.0,1.92,19.36,0.0,0.0,201,735.0,0.0,0.0,one,RT,1
228,840,5261,4850,0,32.383,10.4158,11.2088,9.2134,0.0,1449,1776.0,1525.0,0.0,1.31,10.47,11.98,0.0,238,409.0,246.0,0.0,many,TR,2
136,4811,1665,0,0,18.9662,6.5842,11.4534,0.0,0.0,1356,2307.0,0.0,0.0,5.88,13.29,0.0,0.0,121,638.0,0.0,0.0,one,RT,1
49,2611,3476,0,0,14.8875,6.0274,8.1563,0.0,0.0,1166,1453.0,0.0,0.0,5.91,10.04,0.0,0.0,21,363.0,0.0,0.0,one,RT,1
0,2289,321,0,0,18.4912,16.2464,0.1779,0.0,0.0,2517,1176.0,0.0,0.0,7.83,20.67,0.0,0.0,161,0.0,0.0,0.0,one,SR,1
170,787,4045,0,0,19.5188,11.4599,6.6552,0.0,0.0,2566,2011.0,0.0,0.0,14.31,17.04,0.0,0.0,80,473.0,0.0,0.0,one,RT,1
0,319,1068,0,0,19.5751,17.2441,0.0422,0.0,0.0,1580,1333.0,0.0,0.0,-4.01,22.89,0.0,0.0,229,0.0,0.0,0.0,one,SR,1
0,1513,1924,0,0,14.3944,12.4059,0.5622,0.0,0.0,1167,723.0,0.0,0.0,-0.58,14.26,0.0,0.0,30,0.0,0.0,0.0,one,SR,1
0,3067,8750,0,0,13.1325,11.078,0.4515,0.0,0.0,2438,848.0,0.0,0.0,11.17,16.03,0.0,0.0,229,0.0,0.0,0.0,one,SR,1
262,877,9932,6028,0,48.2648,10.3832,15.5036,21.0178,0.0,1148,2534.0,3219.0,0.0,-0.19,11.8,11.8,0.0,127,664.0,870.0,0.0,many,RT,2
0,4092,981,0,0,19.9963,17.7769,0.2289,0.0,0.0,2116,1122.0,0.0,0.0,4.3,19.91,0.0,0.0,10,0.0,0.0,0.0,one,SR,1
117,1402,9594,3970,0,78.0186,9.3509,33.7088,33.7122,0.0,1945,2396.0,2423.0,0.0,9.2,11.1,11.37,0.0,128,-443.0,-438.0,0.0,many,RT,2
23,1480,8898,0,0,39.9021,23.7304,13.5275,0.0,0.0,3460,3840.0,0.0,0.0,12.53,30.44,0.0,0.0,5,705.0,0.0,0.0,one,RT,1
0,4110,9876,0,0,16.7081,14.5774,0.3353,0.0,0.0,1349,984.0,0.0,0.0,-1.99,17.95,0.0,0.0,108,0.0,0.0,0.0,one,SR,1
0,2182,2958,0,0,16.2831,14.193,0.3994,0.0,0.0,1568,910.0,0.0,0.0,1.25,16.91,0.0,0.0,70,0.0,0.0,0.0,one,SR,1
247,3650,7881,0,0,14.0219,7.9994,4.8833,0.0,0.0,1671,1274.0,0.0,0.0,7.29,13.39,0.0,0.0,154,222.0,0.0,0.0,one,RT,1
120,444,5428,5257,5256,91.9008,12.3635,45.5118,16.2404,16.2404,1528,2632.0,1655.0,1655.0,2.14,11.13,9.16,9.16,105,-941.0,104.0,104.0,many,RT,3
51,742,4672,0,0,40.3789,19.9198,17.9183,0.0,0.0,3817,3363.0,0.0,0.0,17.21,29.41,0.0,0.0,201,149.0,0.0,0.0,one,RT,1
281,4859,4928,4916,0,36.4282,14.4197,8.7205,11.3031,0.0,1540,1593.0,2011.0,0.0,-1.69,14.51,11.34,0.0,235,181.0,533.0,0.0,many,RT,2
186,3551,5716,0,0,24.3784,11.1772,11.6491,0.0,0.0,2325,2309.0,0.0,0.0,10.44,18.52,0.0,0.0,191,329.0,0.0,0.0,one,TR,1
184,3794,3946,673,672,70.7485,27.7295,12.9099,13.4419,13.4419,2024,2404.0,2513.0,2513.0,-7.78,16.53,13.86,13.86,89,443.0,648.0,648.0,many,RT,3
0,1362,3409,0,0,18.5451,16.4021,0.3221,0.0,0.0,1731,1002.0,0.0,0.0,1.79,18.21,0.0,0.0,-1,0.0,0.0,0.0,one,SR,1
38,897,1713,0,0,15.5253,8.6624,5.5666,0.0,0.0,1869,1934.0,0.0,0.0,7.96,15.96,0.0,0.0,205,538.0,0.0,0.0,one,TR,1
0,3494,9970,4148,0,27.6104,18.2076,3.5339,3.4077,0.0,1932,803.0,823.0,0.0,-1.87,12.35,12.27,0.0,269,0.0,27.0,0.0,many,SR,2
262,3010,9093,0,0,42.7886,12.1976,29.1208,0.0,0.0,2314,2897.0,0.0,0.0,11.07,19.7,0.0,0.0,71,-291.0,0.0,0.0,one,TR,1
50,4536,5495,5494,0,35.2255,12.6689,10.5086,10.5086,0.0,1389,1653.0,1653.0,0.0,0.73,10.7,10.7,0.0,81,343.0,343.0,0.0,many,TR,2
88,3942,9260,5887,0,62.7793,6.6577,40.5398,14.5199,0.0,1352,2784.0,1686.0,0.0,4.64,11.38,9.24,0.0,198,-555.0,222.0,0.0,many,RT,2
0,4715,7791,0,0,12.9488,10.947,0.5288,0.0,0.0,1682,756.0,0.0,0.0,4.4,14.73,0.0,0.0,158,0.0,0.0,0.0,one,SR,1
0,902,9068,0,0,18.0316,15.7308,0.0911,0.0,0.0,3964,1277.0,0.0,0.0,21.73,22.1,0.0,0.0,284,0.0,0.0,0.0,one,SR,1
120,2320,8430,4547,0,27.0901,5.8501,9.0733,11.0594,0.0,1794,1057.0,1202.0,0.0,8.87,8.59,8.49,0.0,281,92.0,94.0,0.0,many,RT,2
0,4422,148,0,0,16.7949,14.5796,0.2163,0.0,0.0,2200,1128.0,0.0,0.0,5.11,19.99,0.0,0.0,233,0.0,0.0,0.0,one,SR,1
0,4212,1872,0,0,16.3293,14.26,0.4252,0.0,0.0,2099,877.0,0.0,0.0,7.24,16.44,0.0,0.0,37,0.0,0.0,0.0,one,SR,1
10,1759,9398,8018,0,47.9274,20.7834,12.8786,11.8087,0.0,1215,2161.0,2350.0,0.0,-9.35,16.24,14.33,0.0,91,276.0,591.0,0.0,many,RT,2
184,4424,9500,6868,5669,78.1144,21.8456,18.5682,16.6377,18.1721,1944,2578.0,2841.0,2369.0,-5.6,15.32,14.3,13.3,285,321.0,690.0,300.0,many,RT,3
66,1145,9242,0,0,28.4647,5.7885,21.9159,0.0,0.0,1198,2096.0,0.0,0.0,5.74,11.6,0.0,0.0,72,-25.0,0.0,0.0,one,TR,1
88,4073,1946,1945,0,69.746,7.0335,30.7873,30.7873,0.0,1323,2734.0,2734.0,0.0,3.65,10.69,10.69,0.0,219,5.0,5.0,0.0,many,TR,2
257,460,2088,0,0,14.5534,5.656,8.0041,0.0,0.0,1233,1611.0,0.0,0.0,4.91,11.93,0.0,0.0,163,383.0,0.0,0.0,one,RT,1
88,3312,7609,0,0,9.7497,3.2661,5.8462,0.0,0.0,1175,1152.0,0.0,0.0,6.6,9.37,0.0,0.0,169,304.0,0.0,0.0,one,RT,1
164,4053,8077,2093,0,38.3097,12.5154,10.7296,13.4777,0.0,1562,1788.0,2284.0,0.0,2.12,10.82,12.05,0.0,121,426.0,576.0,0.0,many,RT,2
32,1740,7610,4998,751,54.5974,14.1149,8.0963,15.4975,14.8518,1892,1455.0,1576.0,1911.0,1.53,9.96,10.72,10.69,288,372.0,-3.0,291.0,many,RT,3
234,1434,5418,0,0,10.7441,5.279,4.7076,0.0,0.0,1153,851.0,0.0,0.0,5.29,9.57,0.0,0.0,105,128.0,0.0,0.0,one,RT,1
0,3134,4896,0,0,14.3869,12.3391,0.466,0.0,0.0,1506,833.0,0.0,0.0,1.58,15.82,0.0,0.0,130,0.0,0.0,0.0,one,SR,1
0,1454,2021,0,0,19.8722,17.6715,0.2329,0.0,0.0,3666,1106.0,0.0,0.0,20.78,19.68,0.0,0.0,3,0.0,0.0,0.0,one,SR,1
23,110,983,0,0,35.5843,16.3286,17.1761,0.0,0.0,2693,3738.0,0.0,0.0,9.56,25.8,0.0,0.0,163,684.0,0.0,0.0,one,RT,1
231,3717,3596,0,0,25.901,11.9895,12.2631,0.0,0.0,1526,3166.0,0.0,0.0,1.19,20.48,0.0,0.0,194,834.0,0.0,0.0,one,RT,1
184,83,9320,1597,463,82.57,19.0935,14.8828,31.6342,14.7469,1275,1924.0,4303.0,2269.0,-6.53,9.65,15.03,10.44,56,358.0,903.0,584.0,many,RT,3
124,1858,2718,2061,0,28.6216,9.9925,8.9906,8.2942,0.0,1155,1546.0,1274.0,0.0,0.03,9.69,8.76,0.0,144,406.0,292.0,0.0,many,RT,2
136,4098,6398,5398,0,40.4756,13.217,8.4504,17.1498,0.0,1816,1170.0,2660.0,0.0,4.14,11.23,12.35,0.0,117,62.0,634.0,0.0,many,RT,2
265,2871,9220,0,0,24.0669,15.16,6.9546,0.0,0.0,1803,2940.0,0.0,0.0,1.36,23.52,0.0,0.0,165,792.0,0.0,0.0,one,RT,1
124,324,5839,5756,0,40.2173,12.8649,17.4769,8.1309,0.0,1310,2293.0,1761.0,0.0,-1.95,12.55,11.9,0.0,194,325.0,492.0,0.0,many,RT,2
279,3694,4863,2412,0,69.5096,21.3629,28.2215,17.388,0.0,2843,4197.0,2728.0,0.0,7.02,17.7,16.67,0.0,101,865.0,425.0,0.0,many,RT,2
277,4344,1840,1295,0,37.1784,12.2363,11.642,11.8696,0.0,1119,1970.0,1756.0,0.0,-1.12,10.23,10.07,0.0,44,546.0,379.0,0.0,many,RT,2
85,2895,4576,2020,0,53.5484,15.3414,13.7244,22.7267,0.0,1917,2167.0,2230.0,0.0,4.33,11.81,12.75,0.0,32,486.0,-35.0,0.0,many,RT,2
277,2809,4306,0,0,16.3942,5.4498,9.996,0.0,0.0,1444,1988.0,0.0,0.0,6.63,12.48,0.0,0.0,211,525.0,0.0,0.0,one,RT,1
231,2455,7936,7790,0,35.4608,14.0325,10.724,8.6355,0.0,2244,2824.0,1309.0,0.0,4.94,18.58,8.11,0.0,313,771.0,336.0,0.0,many,TR,2
92,4996,2453,0,0,22.8929,9.0642,12.5537,0.0,0.0,1194,2797.0,0.0,0.0,1.06,16.75,0.0,0.0,165,750.0,0.0,0.0,one,RT,1
257,4630,7931,7930,7911,87.9719,15.0117,22.6967,22.6967,25.8191,1358,3293.0,3293.0,2597.0,-1.47,11.01,11.01,10.46,49,876.0,876.0,198.0,many,RT,3
151,1218,4201,0,0,18.9631,10.7014,6.7435,0.0,0.0,1555,2156.0,0.0,0.0,2.66,18.18,0.0,0.0,202,513.0,0.0,0.0,one,TR,1
0,3444,8504,0,0,16.3562,14.1415,0.2171,0.0,0.0,1856,1127.0,0.0,0.0,1.51,19.98,0.0,0.0,262,0.0,0.0,0.0,one,SR,1
50,1814,5087,4165,3594,72.6473,25.4139,20.5705,8.6722,15.1294,1949,2786.0,1625.0,2073.0,-5.29,12.22,11.32,15.07,23,542.0,391.0,147.0,many,RT,3
11,4839,9773,9772,6255,59.4229,16.3038,14.0888,14.0888,13.0815,1480,2139.0,2139.0,1887.0,-1.2,10.64,10.64,8.32,30,511.0,511.0,510.0,many,RT,3
0,4661,2964,0,0,18.9724,16.6913,0.1153,0.0,0.0,1463,1246.0,0.0,0.0,-4.13,21.66,0.0,0.0,191,0.0,0.0,0.0,one,SR,1
79,4639,6446,5571,2435,59.3471,17.0386,13.0442,14.1046,13.081,1643,1970.0,1739.0,1964.0,-1.46,10.93,9.94,10.93,114,426.0,246.0,419.0,many,RT,3
184,4561,5422,5421,2577,51.5375,13.5248,11.9158,11.9158,12.5457,1554,1698.0,1698.0,1717.0,1.6,9.45,9.45,8.45,82,368.0,368.0,403.0,many,RT,3
48,3105,2157,0,0,22.0399,9.353,11.648,0.0,0.0,1629,1502.0,0.0,0.0,7.75,13.39,0.0,0.0,0,8.0,0.0,0.0,one,RT,1
50,3180,5480,5479,2647,56.9229,14.7553,14.4137,14.4137,11.3465,1758,2187.0,2187.0,1307.0,0.52,11.17,11.17,8.59,218,498.0,498.0,152.0,many,RT,3
0,4611,3646,0,0,18.8585,16.5181,0.0473,0.0,0.0,1793,1336.0,0.0,0.0,-1.81,22.93,0.0,0.0,281,0.0,0.0,0.0,one,SR,1
0,1872,5601,0,0,15.9715,13.81,0.2997,0.0,0.0,1913,1031.0,0.0,0.0,3.33,18.62,0.0,0.0,201,0.0,0.0,0.0,one,SR,1
184,2462,8854,69,0,57.1707,16.9651,24.9014,13.3884,0.0,1203,2859.0,2024.0,0.0,-4.61,14.85,12.31,0.0,19,199.0,368.0,0.0,many,RT,2
212,2295,4227,3958,0,45.5462,17.7133,14.4816,11.0555,0.0,3920,3221.0,1944.0,0.0,20.5,17.9,13.06,0.0,201,897.0,398.0,0.0,many,RT,2
15,2204,3564,3006,2072,70.8805,18.4551,13.8069,19.1032,17.0453,3706,2094.0,2312.0,2510.0,16.68,11.07,12.24,13.39,258,468.0,264.0,467.0,many,RT,3
88,2302,5122,2439,0,48.4755,10.1782,18.4448,18.4448,0.0,1491,2289.0,2289.0,0.0,2.99,11.04,11.04,0.0,170,353.0,353.0,0.0,many,RT,2
0,4440,9450,0,0,20.0094,17.7401,0.1558,0.0,0.0,1925,1209.0,0.0,0.0,1.19,21.14,0.0,0.0,88,0.0,0.0,0.0,one,SR,1
281,4080,5216,0,0,38.1476,14.575,21.8705,0.0,0.0,1587,2722.0,0.0,0.0,1.35,21.02,0.0,0.0,51,-85.0,0.0,0.0,one,RT,1
48,1761,1374,790,0,34.5636,11.897,10.104,11.1502,0.0,1072,1597.0,1520.0,0.0,-1.45,11.15,9.97,0.0,56,297.0,246.0,0.0,many,RT,2
38,692,9861,8140,8065,65.0137,11.8755,15.0473,18.2653,18.2854,1164,1899.0,2240.0,2237.0,-1.64,8.15,10.13,10.12,136,416.0,378.0,375.0,many,RT,3
0,2132,2895,1942,0,68.6846,52.1529,5.1756,5.3855,0.0,2727,2006.0,2535.0,0.0,-25.1,26.72,32.99,0.0,108,0.0,31.0,0.0,many,SR,2
92,3883,9568,0,0,25.9625,12.4457,12.0085,0.0,0.0,1573,2189.0,0.0,0.0,2.94,19.08,0.0,0.0,77,185.0,0.0,0.0,one,RT,1
234,3085,5496,3945,0,44.2465,8.0935,21.2568,13.8605,0.0,1297,1967.0,1895.0,0.0,4.3,9.13,9.22,0.0,84,56.0,419.0,0.0,many,RT,2
186,1297,7811,2546,775,57.2222,10.9394,14.7122,14.4156,15.6092,1303,2063.0,1712.0,1856.0,-0.23,9.2,8.08,9.18,203,500.0,314.0,292.0,many,RT,3
64,1429,6612,3084,0,43.3722,14.283,14.8582,12.4297,0.0,1260,2325.0,2198.0,0.0,-2.98,12.93,13.08,0.0,132,477.0,511.0,0.0,many,RT,2
79,1732,4994,4787,875,62.753,15.194,14.84,15.4288,15.4382,1395,1961.0,2051.0,2051.0,-2.02,11.06,9.73,9.72,101,308.0,419.0,419.0,many,RT,3
0,3395,7964,6691,0,35.0608,24.244,3.9121,3.8583,0.0,1769,995.0,1194.0,0.0,-8.84,14.52,15.94,0.0,217,0.0,74.0,0.0,many,SR,2
0,4959,6543,0,0,20.6308,18.3779,0.1564,0.0,0.0,2493,1197.0,0.0,0.0,7.31,20.97,0.0,0.0,34,0.0,0.0,0.0,one,SR,1
92,4121,7465,7464,0,27.4066,9.5734,8.3567,8.3567,0.0,1423,1162.0,1162.0,0.0,4.86,8.6,8.6,0.0,35,212.0,212.0,0.0,many,RT,2
180,2509,8909,2518,0,47.8486,10.795,22.8519,12.8653,0.0,1342,2525.0,1829.0,0.0,2.06,11.73,9.63,0.0,84,241.0,403.0,0.0,many,RT,2
208,1483,8458,0,0,18.0033,4.5399,12.6578,0.0,0.0,1205,1841.0,0.0,0.0,5.4,11.06,0.0,0.0,185,342.0,0.0,0.0,one,RT,1
184,3211,4501,506,0,33.7789,13.4999,7.3145,11.305,0.0,1395,1638.0,1804.0,0.0,-0.29,13.51,10.09,0.0,98,353.0,447.0,0.0,many,RT,2
50,459,9423,9238,4555,55.1924,19.9511,16.1185,5.4971,11.2951,1404,2133.0,976.0,1391.0,-6.23,11.87,10.13,10.31,70,320.0,147.0,120.0,many,RT,3
72,1832,2968,0,0,24.0857,13.0018,9.2306,0.0,0.0,1838,2815.0,0.0,0.0,2.62,21.53,0.0,0.0,251,680.0,0.0,0.0,one,RT,1
0,4854,8823,0,0,15.642,13.5783,0.438,0.0,0.0,1271,864.0,0.0,0.0,-1.29,16.26,0.0,0.0,72,0.0,0.0,0.0,one,SR,1
208,1990,1264,364,0,33.8214,15.9873,8.1411,7.8929,0.0,1179,1278.0,1451.0,0.0,-3.82,12.78,10.22,0.0,15,73.0,366.0,0.0,many,RT,2
38,858,9933,4141,2414,91.4132,16.6973,26.548,23.5263,22.7375,1166,2945.0,2720.0,2733.0,-4.89,10.16,13.69,10.19,30,439.0,238.0,494.0,many,RT,3
0,3701,2193,0,0,17.3562,15.2436,0.3666,0.0,0.0,1264,949.0,0.0,0.0,-2.44,17.46,0.0,0.0,32,0.0,0.0,0.0,one,SR,1
50,4642,6368,6367,838,132.104,12.362,39.4073,39.4073,39.4088,1249,3241.0,3241.0,3241.0,-0.55,11.07,11.07,11.05,89,-124.0,-124.0,-123.0,many,RT,3
39,2876,5424,2773,0,79.0044,7.4625,41.1074,29.2818,0.0,1505,3778.0,2730.0,0.0,5.43,11.64,10.88,0.0,199,155.0,77.0,0.0,many,RT,2
116,1465,6218,5345,0,35.7812,9.7515,11.2003,13.2312,0.0,2359,1767.0,2374.0,0.0,10.38,10.99,11.99,0.0,316,373.0,662.0,0.0,many,RT,2
161,3336,2458,0,0,24.8911,13.226,10.1044,0.0,0.0,1683,2664.0,0.0,0.0,3.63,18.61,0.0,0.0,56,683.0,0.0,0.0,one,RT,1
85,4927,9347,8895,0,47.1305,13.7039,13.0844,18.5477,0.0,1276,2716.0,1765.0,0.0,-2.75,15.49,9.45,0.0,167,730.0,39.0,0.0,many,RT,2
0,3232,4785,0,0,12.1388,10.1546,0.5451,0.0,0.0,1266,732.0,0.0,0.0,0.34,14.39,0.0,0.0,191,0.0,0.0,0.0,one,SR,1
0,3311,1632,0,0,19.8031,17.5268,0.1176,0.0,0.0,1909,1241.0,0.0,0.0,0.62,21.59,0.0,0.0,130,0.0,0.0,0.0,one,SR,1
234,594,9524,9394,0,44.6777,7.3519,13.4906,22.7562,0.0,1195,1925.0,1698.0,0.0,2.84,9.58,9.21,0.0,161,443.0,-239.0,0.0,many,RT,2
1,3560,6380,4240,4239,66.6983,16.9963,15.4027,16.1811,16.1811,1084,1856.0,1572.0,1572.0,-6.05,10.45,9.46,9.46,30,231.0,27.0,27.0,many,RT,3
124,1088,4136,0,0,16.7865,2.2277,13.5849,0.0,0.0,2711,1677.0,0.0,0.0,19.7,13.74,0.0,0.0,446,11.0,0.0,0.0,one,RT,1
79,1606,6506,6505,3985,78.6384,17.808,19.9104,19.9104,19.0032,1599,1982.0,1982.0,2803.0,-1.27,10.97,10.97,10.12,17,39.0,39.0,765.0,many,RT,3
0,198,7214,0,0,12.3475,10.3203,0.4962,0.0,0.0,1547,797.0,0.0,0.0,2.46,15.31,0.0,0.0,236,0.0,0.0,0.0,one,SR,1
0,4772,6438,0,0,11.7421,9.72,0.4897,0.0,0.0,2039,798.0,0.0,0.0,7.62,15.32,0.0,0.0,278,0.0,0.0,0.0,one,SR,1
184,2242,8315,7797,587,60.9091,14.7608,21.639,14.2017,8.6097,1122,2241.0,1674.0,1447.0,-3.5,10.38,9.11,9.48,36,171.0,238.0,364.0,many,RT,3
186,4753,6647,5804,2403,72.1748,12.6023,15.7076,26.5777,15.7096,1752,1984.0,2849.0,2265.0,4.2,9.08,10.32,9.38,109,390.0,355.0,586.0,many,RT,3
0,2248,153,0,0,14.2988,12.2835,0.5042,0.0,0.0,1490,783.0,0.0,0.0,2.04,15.11,0.0,0.0,90,0.0,0.0,0.0,one,SR,1
124,1684,9910,7984,0,48.0328,6.7476,14.2926,25.9387,0.0,1235,2031.0,2716.0,0.0,3.48,8.92,10.62,0.0,187,516.0,273.0,0.0,many,RT,2
186,4057,8785,8608,1425,71.188,12.4619,15.4865,14.3713,27.1887,1984,1557.0,1679.0,2928.0,5.72,9.75,9.49,10.56,181,39.0,211.0,366.0,many,RT,3
0,927,2279,0,0,17.3963,15.2831,0.3843,0.0,0.0,1305,937.0,0.0,0.0,-1.86,17.29,0.0,0.0,19,0.0,0.0,0.0,one,SR,1
231,4732,2743,0,0,36.8273,15.4725,19.3855,0.0,0.0,2150,2446.0,0.0,0.0,4.85,23.69,0.0,0.0,154,-306.0,0.0,0.0,one,RT,1
231,223,6501,1325,0,46.8083,17.5386,12.4457,14.6882,0.0,1660,2269.0,2736.0,0.0,-1.79,12.84,15.52,0.0,115,578.0,652.0,0.0,many,RT,2
42,3272,6740,0,0,22.8965,9.7982,11.8558,0.0,0.0,1127,2560.0,0.0,0.0,0.65,16.43,0.0,0.0,95,628.0,0.0,0.0,one,RT,1
79,4879,8020,7859,2058,67.9002,15.7359,13.8918,13.4618,22.7808,1318,1768.0,1605.0,3053.0,-4.43,10.27,10.08,11.95,173,261.0,172.0,634.0,many,RT,3
120,4727,7483,6360,4707,47.0842,21.0701,8.263,7.6528,7.6566,1218,1396.0,1542.0,1542.0,-9.19,10.84,11.29,11.29,62,267.0,388.0,388.0,many,RT,3
0,1360,3240,0,0,16.5141,14.3302,0.281,0.0,0.0,1221,1060.0,0.0,0.0,-4.31,19.03,0.0,0.0,191,0.0,0.0,0.0,one,SR,1
114,2915,9224,7633,3420,71.5965,20.3407,16.3395,16.5681,15.512,2402,2134.0,2618.0,2606.0,-0.31,13.45,13.45,13.45,354,217.0,573.0,624.0,many,TR,3
164,4503,9554,2820,0,50.5439,16.1621,12.9583,19.3558,0.0,1245,2524.0,3346.0,0.0,-5.54,14.62,14.06,0.0,167,641.0,933.0,0.0,many,RT,2
0,2122,5236,0,0,13.3508,11.2631,0.3983,0.0,0.0,1794,909.0,0.0,0.0,3.63,16.89,0.0,0.0,269,0.0,0.0,0.0,one,SR,1
92,1514,9368,3483,2876,63.8876,13.2136,9.2371,17.1704,22.7354,1461,1268.0,2087.0,2625.0,1.56,8.33,10.01,9.98,39,258.0,331.0,424.0,many,RT,3
234,2433,3357,3356,0,39.4092,9.3555,14.4885,14.4885,0.0,1417,1899.0,1899.0,0.0,5.19,9.38,9.38,0.0,23,377.0,377.0,0.0,many,RT,2
0,3719,280,0,0,11.9728,9.9984,0.5594,0.0,0.0,1828,715.0,0.0,0.0,6.46,14.15,0.0,0.0,187,0.0,0.0,0.0,one,SR,1
0,2353,9859,6667,0,42.7801,30.6604,4.3254,4.3328,0.0,1313,1202.0,1313.0,0.0,-17.37,16.87,17.74,0.0,34,0.0,34.0,0.0,many,SR,2
166,2464,5562,2585,0,29.4382,9.4582,9.4108,9.4108,0.0,1291,1451.0,1451.0,0.0,3.13,8.79,8.79,0.0,66,361.0,361.0,0.0,many,TR,2
0,3123,2116,0,0,12.775,10.7447,0.4964,0.0,0.0,1382,799.0,0.0,0.0,0.71,15.34,0.0,0.0,209,0.0,0.0,0.0,one,SR,1
0,4689,6245,348,0,29.5264,20.1973,3.4949,3.3899,0.0,1580,780.0,838.0,0.0,-5.41,12.1,12.35,0.0,123,-1.0,35.0,0.0,many,SR,2
0,1956,1326,0,0,15.6517,13.4632,0.2461,0.0,0.0,1816,1088.0,0.0,0.0,1.59,19.42,0.0,0.0,274,0.0,0.0,0.0,one,SR,1
0,2356,3697,0,0,18.7136,16.5538,0.2881,0.0,0.0,2744,1038.0,0.0,0.0,11.97,18.72,0.0,0.0,20,0.0,0.0,0.0,one,SR,1
92,1728,8130,5281,5224,77.0489,12.8993,8.8,13.7388,40.1012,1116,1178.0,1733.0,3045.0,-1.87,7.93,8.98,11.19,47,237.0,317.0,-320.0,many,RT,3
124,163,678,0,0,18.3296,4.8976,12.8145,0.0,0.0,1066,1929.0,0.0,0.0,5.64,10.18,0.0,0.0,45,451.0,0.0,0.0,one,TR,1
49,2814,2777,0,0,11.0307,4.9807,5.3604,0.0,0.0,1084,1164.0,0.0,0.0,5.18,9.9,0.0,0.0,84,311.0,0.0,0.0,one,RT,1
0,3897,5023,0,0,18.5746,16.3978,0.2726,0.0,0.0,2104,1061.0,0.0,0.0,4.95,19.04,0.0,0.0,51,0.0,0.0,0.0,one,SR,1
0,4502,6298,0,0,11.4301,9.3669,0.453,0.0,0.0,2549,853.0,0.0,0.0,12.27,16.1,0.0,0.0,350,0.0,0.0,0.0,one,SR,1
0,357,8413,0,0,11.7452,9.7164,0.5078,0.0,0.0,1949,790.0,0.0,0.0,6.77,15.21,0.0,0.0,271,0.0,0.0,0.0,one,SR,1
257,60,8684,546,0,75.0744,14.9067,28.6987,29.7051,0.0,1283,2882.0,3215.0,0.0,-2.4,11.23,16.4,0.0,66,206.0,106.0,0.0,many,RT,2
0,2451,1717,0,0,18.0007,15.8599,0.3299,0.0,0.0,1658,995.0,0.0,0.0,1.11,18.11,0.0,0.0,30,0.0,0.0,0.0,one,SR,1
86,2440,4826,0,0,24.077,13.9691,8.3704,0.0,0.0,2792,2411.0,0.0,0.0,13.68,20.37,0.0,0.0,114,488.0,0.0,0.0,one,TR,1
0,1630,4066,0,0,11.1313,9.132,0.5418,0.0,0.0,2037,745.0,0.0,0.0,8.27,14.57,0.0,0.0,272,0.0,0.0,0.0,one,SR,1
0,1128,126,0,0,15.0131,12.8155,0.2608,0.0,0.0,2886,1084.0,0.0,0.0,12.87,19.37,0.0,0.0,315,0.0,0.0,0.0,one,SR,1
0,3059,1558,0,0,15.4205,13.374,0.4632,0.0,0.0,1783,834.0,0.0,0.0,4.47,15.83,0.0,0.0,60,0.0,0.0,0.0,one,SR,1
233,4386,9539,7119,0,35.1278,10.1768,7.1308,16.5497,0.0,1322,1301.0,1594.0,0.0,2.45,9.23,9.47,0.0,86,352.0,22.0,0.0,many,RT,2
114,3891,7860,4537,4536,76.0318,21.2147,17.4003,17.2902,17.2902,2514,2572.0,2786.0,2786.0,0.87,13.45,14.45,14.45,294,490.0,602.0,602.0,many,TR,3
136,4205,2266,580,0,39.2121,15.5455,11.5715,10.3177,0.0,1117,2122.0,1781.0,0.0,-4.27,12.18,11.59,0.0,31,554.0,400.0,0.0,many,RT,2
262,3167,7283,6302,4604,70.4298,26.1221,13.9992,12.9376,14.0662,2188,2614.0,2646.0,2815.0,-6.77,14.95,15.14,14.95,247,631.0,705.0,780.0,many,TR,3
50,4931,9029,3806,0,61.4999,27.5237,11.9376,18.9446,0.0,1999,2820.0,2608.0,0.0,-6.86,18.27,19.67,0.0,22,716.0,73.0,0.0,many,TR,2
0,3850,690,0,0,20.1449,17.904,0.1882,0.0,0.0,2109,1166.0,0.0,0.0,3.67,20.53,0.0,0.0,39,0.0,0.0,0.0,one,SR,1
0,2491,5133,0,0,14.1993,11.9993,0.2434,0.0,0.0,2354,1098.0,0.0,0.0,7.11,19.57,0.0,0.0,383,0.0,0.0,0.0,one,SR,1
164,2759,7008,4457,0,37.1869,14.2129,12.9198,8.288,0.0,1421,1871.0,1340.0,0.0,-0.97,12.62,12.05,0.0,115,261.0,154.0,0.0,many,RT,2
69,1078,8419,0,0,12.7829,5.3398,6.8058,0.0,0.0,1123,988.0,0.0,0.0,6.06,8.37,0.0,0.0,27,181.0,0.0,0.0,one,RT,1
201,2827,5819,310,0,77.9662,10.7093,36.9713,28.9902,0.0,2564,3971.0,3440.0,0.0,15.26,12.02,13.93,0.0,65,517.0,460.0,0.0,many,RT,2
39,2957,8850,7710,0,39.9563,17.8605,11.0589,9.0247,0.0,1292,1681.0,2031.0,0.0,-4.54,11.82,14.3,0.0,17,268.0,509.0,0.0,many,RT,2
79,80,9152,730,385,82.9748,15.9648,19.6232,21.0618,24.1328,2402,3030.0,2032.0,3175.0,5.49,11.27,11.38,12.28,257,837.0,-12.0,631.0,many,RT,3
0,4946,9873,0,0,14.106,12.0639,0.4885,0.0,0.0,1203,813.0,0.0,0.0,-1.35,15.54,0.0,0.0,131,0.0,0.0,0.0,one,SR,1
213,4081,7142,1129,0,48.1665,8.673,23.9485,14.5409,0.0,1161,2923.0,1858.0,0.0,3.15,9.96,8.08,0.0,25,582.0,418.0,0.0,many,RT,2
79,3227,8963,6887,3561,57.9176,12.558,10.846,17.5238,15.3215,1510,1362.0,2134.0,2079.0,0.84,8.53,9.43,9.72,168,226.0,380.0,447.0,many,RT,3
35,4308,3046,0,0,15.4765,5.9178,8.8776,0.0,0.0,1260,1405.0,0.0,0.0,7.1,9.81,0.0,0.0,15,298.0,0.0,0.0,one,TR,1
39,2708,5049,0,0,26.1368,9.9505,14.9084,0.0,0.0,1358,2498.0,0.0,0.0,2.76,16.78,0.0,0.0,106,386.0,0.0,0.0,one,RT,1
