station,driver,rider1,rider2,rider3,VMT,save_d,save_r1,save_r2,save_r3,T_d,T_r1,T_r2,T_r3,cost_d,cost_r1,cost_r2,cost_r3,detour_d,detour_r1,detour_r2,detour_r3,size,type,num_riders
0,9,6311,0,0,11.4744,2.6035,8.212,0.0,0.0,1481,721,0,0,9.62,6.59,0.0,0.0,227,0.0,0.0,0.0,one,SR,1
0,14,4151,3118,0,30.1746,8.0499,10.507,10.507,0.0,1846,816,816,0,9.39,5.55,5.55,0.0,133,0.0,0.0,0.0,many,SR,2
0,15,8429,3470,0,36.7468,10.423,11.9769,13.122,0.0,2512,957,1108,0,15.35,5.95,6.3,0.0,41,0.0,30.0,0.0,many,SR,2
0,17,4515,0,0,19.7352,6.545,12.38,0.0,0.0,1364,1149,0,0,7.03,8.1,0.0,0.0,51,0.0,0.0,0.0,one,SR,1
0,18,30,0,0,19.9933,7.1781,12.0184,0.0,0.0,1111,1111,0,0,4.49,7.97,0.0,0.0,0,0.0,0.0,0.0,one,SR,1
0,25,7609,0,0,13.9577,3.8056,9.4483,0.0,0.0,1407,848,0,0,8.44,7.04,0.0,0.0,173,0.0,0.0,0.0,one,SR,1
0,27,7808,2905,1154,65.5871,16.5365,14.0153,18.7084,14.2183,2633,1182,1769,1171,8.67,6.53,8.0,6.56,167,22.0,116.0,0.0,many,SR,3
0,28,7671,3769,2707,66.6767,18.4801,15.4931,15.512,15.1288,2267,1293,1299,1258,5.24,6.91,6.91,6.81,6,0.0,3.0,0.0,many,SR,3
0,31,7536,0,0,17.2134,6.472,10.0169,0.0,0.0,1392,907,0,0,8.09,7.25,0.0,0.0,4,0.0,0.0,0.0,one,SR,1
0,35,2563,2562,56,49.7009,12.7594,11.0027,11.0027,13.1462,1388,863,863,1388,-1.54,5.69,5.69,6.53,229,0.0,0.0,229.0,many,SR,3
0,36,2244,0,0,15.9945,4.4012,10.839,0.0,0.0,1230,991,0,0,6.13,7.54,0.0,0.0,163,0.0,0.0,0.0,one,SR,1
0,41,9363,9362,66,63.4361,17.6409,11.1064,11.1064,21.5608,1940,874,874,1940,2.17,5.72,5.72,8.78,38,0.0,0.0,38.0,many,SR,3
0,46,5574,5573,0,49.7096,12.0138,18.0828,18.0828,0.0,1862,1543,1543,0,5.78,7.65,7.65,0.0,120,0.0,0.0,0.0,many,SR,2
0,47,4265,3549,0,33.7926,9.9286,10.6241,12.0813,0.0,1084,827,993,0,0.95,5.58,6.0,0.0,34,0.0,19.0,0.0,many,SR,2
0,48,3796,0,0,19.4012,4.9121,13.6337,0.0,0.0,1895,1277,0,0,12.2,8.55,0.0,0.0,190,0.0,0.0,0.0,one,SR,1
0,51,6698,0,0,17.58,6.0999,10.7297,0.0,0.0,1660,980,0,0,10.68,7.5,0.0,0.0,45,0.0,0.0,0.0,one,SR,1
0,58,5718,3530,0,34.5625,10.3595,11.5117,11.5259,0.0,2045,912,913,0,10.98,5.83,5.83,0.0,9,0.0,0.0,0.0,many,SR,2
0,59,5347,3207,0,33.1221,9.4571,11.2567,11.2567,0.0,1145,888,888,0,1.66,5.76,5.76,0.0,62,0.0,0.0,0.0,many,SR,2
0,61,6701,0,0,29.5629,5.1947,23.1247,0.0,0.0,2522,2282,0,0,15.29,12.44,0.0,0.0,409,0.0,0.0,0.0,one,SR,1
0,62,8069,0,0,16.4246,4.7004,10.9657,0.0,0.0,1501,1003,0,0,8.93,7.59,0.0,0.0,145,0.0,0.0,0.0,one,SR,1
0,63,6919,3567,0,39.17,10.3099,15.0496,12.5201,0.0,1408,1277,1008,0,3.17,6.81,6.1,0.0,89,19.0,0.0,0.0,many,SR,2
0,67,9957,7638,7637,60.045,15.9438,11.4746,15.3324,15.3324,1433,909,1325,1325,-2.61,5.82,6.9,6.9,117,0.0,34.0,34.0,many,SR,3
0,69,7889,7888,0,37.6741,10.5089,12.9606,12.9606,0.0,1179,1051,1051,0,1.18,6.22,6.22,0.0,47,0.0,0.0,0.0,many,SR,2
0,70,3322,1502,0,29.9179,8.1047,10.8261,9.8812,0.0,1331,875,770,0,4.02,5.66,5.39,0.0,126,20.0,10.0,0.0,many,SR,2
0,71,7753,4114,0,31.0921,6.7709,11.5764,11.5764,0.0,1806,918,918,0,8.45,5.84,5.84,0.0,256,0.0,0.0,0.0,many,SR,2
0,73,389,0,0,24.7016,8.3074,15.4706,0.0,0.0,2037,1466,0,0,13.08,9.24,0.0,0.0,1,0.0,0.0,0.0,one,SR,1
0,74,6481,0,0,17.3745,6.5141,10.1319,0.0,0.0,1202,918,0,0,6.06,7.29,0.0,0.0,3,0.0,0.0,0.0,one,SR,1
0,75,846,0,0,13.8234,5.0291,8.1379,0.0,0.0,1160,714,0,0,6.27,6.56,0.0,0.0,60,0.0,0.0,0.0,one,SR,1
0,77,7511,7510,0,33.8817,9.5112,11.6002,11.6002,0.0,2001,921,921,0,10.48,5.85,5.85,0.0,70,0.0,0.0,0.0,many,SR,2
0,83,5670,0,0,15.3664,4.3618,10.2707,0.0,0.0,1372,933,0,0,7.8,7.34,0.0,0.0,153,0.0,0.0,0.0,one,SR,1
0,84,6815,1349,0,44.153,12.0474,15.262,15.468,0.0,1422,1270,1314,0,2.55,6.84,6.92,0.0,23,0.0,17.0,0.0,many,SR,2
0,85,9782,0,0,15.3695,5.7132,8.9698,0.0,0.0,1129,799,0,0,5.68,6.86,0.0,0.0,32,0.0,0.0,0.0,one,SR,1
0,88,4454,1523,0,36.5023,8.4251,13.1138,13.676,0.0,1349,1315,1119,0,2.58,6.46,6.41,0.0,216,179.0,0.0,0.0,many,SR,2
0,92,1191,0,0,15.6472,5.8917,9.0656,0.0,0.0,1156,809,0,0,5.93,6.9,0.0,0.0,22,0.0,0.0,0.0,one,SR,1
0,100,7906,7905,3028,61.2924,17.491,10.1788,10.1788,21.4795,1889,785,785,1883,2.16,5.47,5.47,8.71,13,0.0,0.0,3.0,many,SR,3
0,106,9055,0,0,18.5028,6.2821,11.4444,0.0,0.0,1897,1053,0,0,12.93,7.76,0.0,0.0,48,0.0,0.0,0.0,one,SR,1
0,108,9385,6299,0,38.8004,9.8618,12.4669,15.1796,0.0,2331,1004,1280,0,12.85,6.09,6.83,0.0,121,0.0,12.0,0.0,many,SR,2
0,109,6406,4318,0,32.9573,9.9661,9.921,11.9351,0.0,1157,760,971,0,1.93,5.39,5.96,0.0,17,0.0,13.0,0.0,many,SR,2
0,110,918,0,0,30.2601,6.6441,22.4023,0.0,0.0,2822,2206,0,0,18.71,12.14,0.0,0.0,292,0.0,0.0,0.0,one,SR,1
0,119,7463,242,0,32.7174,9.0529,9.5319,12.9707,0.0,1186,723,1186,0,2.0,5.29,6.33,0.0,96,0.0,96.0,0.0,many,SR,2
0,125,4073,0,0,17.0982,3.8536,12.4326,0.0,0.0,1857,1154,0,0,12.19,8.12,0.0,0.0,236,0.0,0.0,0.0,one,SR,1
0,127,5397,1608,0,31.9844,8.0058,12.2627,10.5365,0.0,1233,1233,819,0,2.33,6.23,5.56,0.0,178,178.0,0.0,0.0,many,SR,2
0,129,2483,0,0,21.9251,6.9339,14.1182,0.0,0.0,1438,1327,0,0,7.24,8.73,0.0,0.0,63,0.0,0.0,0.0,one,SR,1
0,130,791,0,0,23.4204,7.4806,15.0339,0.0,0.0,1753,1420,0,0,10.25,9.06,0.0,0.0,46,0.0,0.0,0.0,one,SR,1
0,131,6757,0,0,35.2834,9.711,24.2802,0.0,0.0,3659,2406,0,0,26.79,12.92,0.0,0.0,131,0.0,0.0,0.0,one,SR,1
0,137,8046,1224,0,29.274,8.2431,10.0658,9.8791,0.0,1335,828,756,0,4.24,5.48,5.38,0.0,105,39.0,0.0,0.0,many,SR,2
0,143,1050,0,0,15.2328,5.3394,9.1985,0.0,0.0,1562,823,0,0,10.15,6.95,0.0,0.0,63,0.0,0.0,0.0,one,SR,1
0,144,373,0,0,16.4755,4.1922,11.5049,0.0,0.0,1423,1059,0,0,7.94,7.78,0.0,0.0,192,0.0,0.0,0.0,one,SR,1
0,145,1786,0,0,14.8052,5.7927,8.3487,0.0,0.0,1092,735,0,0,5.49,6.64,0.0,0.0,13,0.0,0.0,0.0,one,SR,1
0,149,407,308,0,41.9357,9.7629,13.9044,16.8685,0.0,1697,1141,1697,0,5.22,6.47,7.52,0.0,194,0.0,194.0,0.0,many,SR,2
0,156,5805,676,0,48.2917,9.3126,18.7147,18.688,0.0,2054,1688,1603,0,7.38,7.92,7.84,0.0,333,58.0,0.0,0.0,many,SR,2
0,157,7370,5580,0,46.874,9.7343,18.0752,17.5429,0.0,3567,1543,1578,0,23.76,7.65,7.57,0.0,270,0.0,62.0,0.0,many,SR,2
0,164,3209,0,0,18.9744,6.1991,11.9796,0.0,0.0,1433,1108,0,0,7.89,7.96,0.0,0.0,66,0.0,0.0,0.0,one,SR,1
0,166,7815,0,0,14.7315,5.7753,8.2942,0.0,0.0,1131,730,0,0,5.92,6.62,0.0,0.0,13,0.0,0.0,0.0,one,SR,1
0,183,9021,0,0,13.1582,3.7808,8.7005,0.0,0.0,1229,772,0,0,6.81,6.77,0.0,0.0,158,0.0,0.0,0.0,one,SR,1
0,187,7940,2662,413,59.601,16.5706,10.8271,13.7807,16.4896,1467,863,1129,1467,-1.99,5.65,6.44,7.24,57,12.0,0.0,57.0,many,SR,3
0,189,9584,1846,0,67.3762,13.5705,31.0666,20.6939,0.0,4054,3156,1801,0,24.16,11.99,8.46,0.0,330,236.0,0.0,0.0,many,SR,2
0,191,9217,0,0,21.0137,6.5872,13.5732,0.0,0.0,1511,1271,0,0,8.19,8.53,0.0,0.0,75,0.0,0.0,0.0,one,SR,1
0,192,5562,2585,0,37.3333,9.3146,13.3764,13.3764,0.0,1795,1090,1090,0,7.45,6.33,6.33,0.0,142,0.0,0.0,0.0,many,SR,2
0,193,8099,7378,898,49.0069,12.4876,11.8405,11.1914,11.7332,1908,945,880,937,4.25,5.92,5.74,5.89,225,1.0,-1.0,3.0,many,SR,3
0,194,1329,0,0,17.514,6.3273,10.4465,0.0,0.0,1521,951,0,0,9.31,7.4,0.0,0.0,23,0.0,0.0,0.0,one,SR,1
0,195,7451,428,0,42.9043,11.0363,12.4916,17.9921,0.0,1672,1006,1672,0,5.1,6.09,7.75,0.0,97,0.0,97.0,0.0,many,SR,2
0,199,3022,0,0,32.4905,6.0251,25.1376,0.0,0.0,3035,2497,0,0,19.92,13.28,0.0,0.0,404,0.0,0.0,0.0,one,SR,1
0,204,7812,0,0,17.4155,5.9455,10.7199,0.0,0.0,1101,979,0,0,4.81,7.5,0.0,0.0,55,0.0,0.0,0.0,one,SR,1
0,210,5110,0,0,17.3647,6.2836,10.3448,0.0,0.0,1254,940,0,0,6.54,7.36,0.0,0.0,24,0.0,0.0,0.0,one,SR,1
0,220,1074,1024,0,32.8229,8.0797,13.0375,10.5137,0.0,1248,1213,817,0,2.38,6.36,5.56,0.0,181,111.0,0.0,0.0,many,SR,2
0,223,4245,4243,470,64.2147,16.8364,13.852,13.852,17.6164,1660,1136,1136,1660,-1.09,6.46,6.46,7.66,115,0.0,0.0,115.0,many,SR,3
0,224,3019,3018,0,41.6407,11.7239,14.3001,14.3001,0.0,1453,1179,1179,0,3.41,6.58,6.58,0.0,9,0.0,0.0,0.0,many,SR,2
0,225,8749,5655,0,39.1292,10.5293,13.0534,14.2567,0.0,1629,1124,1214,0,5.5,6.3,6.6,0.0,74,46.0,28.0,0.0,many,SR,2
0,228,7798,1740,0,33.1511,9.275,11.3595,11.3595,0.0,1140,898,898,0,1.56,5.79,5.79,0.0,78,0.0,0.0,0.0,many,SR,2
0,233,8111,0,0,17.1153,4.9635,11.378,0.0,0.0,1595,1046,0,0,9.78,7.74,0.0,0.0,137,0.0,0.0,0.0,one,SR,1
0,234,7519,4802,82,59.2356,14.6036,14.5581,15.3399,12.7466,1488,1420,1311,1030,-2.26,6.83,6.89,6.16,224,155.0,24.0,0.0,many,SR,3
0,236,4623,0,0,19.4741,6.8164,11.8662,0.0,0.0,1606,1096,0,0,9.74,7.91,0.0,0.0,21,0.0,0.0,0.0,one,SR,1
0,237,3268,3267,520,71.1167,19.377,14.6017,14.6017,20.3658,1784,1208,1208,1784,-0.8,6.66,6.66,8.37,11,0.0,0.0,11.0,many,SR,3
0,238,8406,0,0,16.2634,4.4778,11.0245,0.0,0.0,1381,1010,0,0,7.65,7.61,0.0,0.0,162,0.0,0.0,0.0,one,SR,1
0,243,4085,2906,0,46.3038,11.2024,16.8241,16.8241,0.0,2112,1420,1420,0,9.1,7.27,7.27,0.0,128,0.0,0.0,0.0,many,SR,2
0,244,6752,1878,0,49.4291,11.2021,18.236,18.4401,0.0,2256,1602,1586,0,9.73,7.74,7.77,0.0,188,31.0,5.0,0.0,many,SR,2
0,246,7621,541,0,34.6338,8.8141,10.8572,13.7376,0.0,1336,850,1336,0,3.0,5.65,6.6,0.0,151,0.0,151.0,0.0,many,SR,2
0,247,6057,5918,0,38.587,10.2627,13.7228,13.325,0.0,1576,1149,1086,0,5.06,6.45,6.32,0.0,84,18.0,0.0,0.0,many,SR,2
0,250,5335,0,0,20.3236,6.4745,13.0163,0.0,0.0,1671,1213,0,0,10.05,8.33,0.0,0.0,70,0.0,0.0,0.0,one,SR,1
0,254,1034,0,0,29.9644,9.11,19.7515,0.0,0.0,3165,1923,0,0,23.31,11.03,0.0,0.0,56,0.0,0.0,0.0,one,SR,1
0,259,7462,4171,0,39.1048,9.2563,14.2668,14.2668,0.0,1642,1176,1176,0,5.41,6.57,6.57,0.0,176,0.0,0.0,0.0,many,SR,2
0,262,2050,1598,940,111.4668,23.4401,9.4798,37.6027,37.6634,3858,721,3555,3485,10.98,5.28,13.79,13.74,415,2.0,63.0,9.0,many,SR,3
0,269,3398,0,0,14.0559,4.5937,8.7824,0.0,0.0,1133,780,0,0,5.78,6.8,0.0,0.0,104,0.0,0.0,0.0,one,SR,1
0,270,8527,94,0,37.1234,10.0894,11.7172,14.0761,0.0,1208,932,1163,0,1.52,5.88,6.53,0.0,74,0.0,4.0,0.0,many,SR,2
0,271,9810,0,0,13.654,3.1313,9.8058,0.0,0.0,1447,885,0,0,8.74,7.17,0.0,0.0,227,0.0,0.0,0.0,one,SR,1
0,272,5434,4513,607,74.9025,19.1784,14.7727,19.1485,19.5097,1825,1243,1651,1825,-1.48,6.72,7.98,8.22,100,14.0,2.0,100.0,many,SR,3
0,277,4999,3342,0,31.9244,8.5174,11.1311,11.1311,0.0,1181,876,876,0,2.1,5.72,5.72,0.0,122,0.0,0.0,0.0,many,SR,2
0,278,8766,4985,620,68.0202,17.898,15.378,11.8504,20.7488,1942,1351,944,1942,1.09,6.93,5.92,8.6,96,50.0,0.0,96.0,many,SR,3
0,280,2551,457,0,29.0866,8.392,9.8059,9.8132,0.0,1365,749,781,0,4.65,5.36,5.39,0.0,88,0.0,22.0,0.0,many,SR,2
0,285,507,0,0,14.3798,4.7703,8.9248,0.0,0.0,1102,794,0,0,5.41,6.85,0.0,0.0,95,0.0,0.0,0.0,one,SR,1
0,293,3052,0,0,53.7233,15.9048,36.0352,0.0,0.0,3821,3659,0,0,24.07,17.83,0.0,0.0,10,0.0,0.0,0.0,one,SR,1
0,296,3287,0,0,15.5535,4.1486,10.6573,0.0,0.0,1226,972,0,0,6.14,7.48,0.0,0.0,176,0.0,0.0,0.0,one,SR,1
0,303,9970,4148,0,29.106,7.4053,10.3092,10.2901,0.0,1666,816,796,0,7.58,5.52,5.5,0.0,171,13.0,0.0,0.0,many,SR,2
0,304,9647,8158,0,35.5188,7.4947,11.3556,15.3917,0.0,1691,909,1403,0,6.26,5.79,6.97,0.0,273,8.0,86.0,0.0,many,SR,2
0,307,9105,0,0,16.8635,5.8349,10.2941,0.0,0.0,1790,935,0,0,12.18,7.35,0.0,0.0,53,0.0,0.0,0.0,one,SR,1
0,313,243,0,0,16.1469,6.1226,9.3252,0.0,0.0,1297,835,0,0,7.33,6.99,0.0,0.0,12,0.0,0.0,0.0,one,SR,1
0,322,9716,3337,0,27.718,7.1519,9.7022,9.7878,0.0,1263,820,748,0,3.58,5.4,5.36,0.0,173,58.0,0.0,0.0,many,SR,2
0,323,3242,0,0,13.563,4.5018,8.3956,0.0,0.0,1133,740,0,0,5.91,6.66,0.0,0.0,102,0.0,0.0,0.0,one,SR,1
0,327,7445,7432,2350,82.0383,19.5793,21.5081,15.6457,22.7911,2301,1987,1306,2301,1.53,8.81,6.95,9.38,208,75.0,-1.0,208.0,many,SR,3
0,331,9805,720,0,33.9492,9.6527,10.5175,12.6039,0.0,1105,817,1105,0,1.03,5.56,6.19,0.0,63,0.0,63.0,0.0,many,SR,2
0,332,7493,5456,0,29.0583,7.0762,10.6462,10.2264,0.0,1418,862,789,0,4.9,5.62,5.48,0.0,199,23.0,0.0,0.0,many,SR,2
0,334,4870,4507,0,58.7193,13.9436,17.4181,25.6102,0.0,2590,1498,2310,0,11.47,7.46,10.01,0.0,122,14.0,18.0,0.0,many,SR,2
0,341,9218,1785,0,31.0279,7.2049,11.3338,11.3338,0.0,1551,895,895,0,5.89,5.78,5.78,0.0,218,0.0,0.0,0.0,many,SR,2
0,342,8267,5425,57,51.4054,13.7775,11.9636,11.9369,11.9312,1586,955,953,1115,0.49,5.95,5.94,6.07,163,0.0,0.0,116.0,many,SR,3
0,343,9374,0,0,17.4244,6.1061,10.5735,0.0,0.0,1220,964,0,0,6.11,7.45,0.0,0.0,41,0.0,0.0,0.0,one,SR,1
0,345,7460,5410,0,33.5005,6.8871,12.6942,12.6901,0.0,2311,1025,1026,0,13.2,6.15,6.15,0.0,285,0.0,1.0,0.0,many,SR,2
0,349,6986,0,0,14.8058,5.3677,8.7591,0.0,0.0,1217,778,0,0,6.67,6.79,0.0,0.0,51,0.0,0.0,0.0,one,SR,1
0,355,5119,0,0,16.2762,4.8733,10.6554,0.0,0.0,1412,972,0,0,8.1,7.48,0.0,0.0,127,0.0,0.0,0.0,one,SR,1
0,356,8940,5924,823,59.377,16.5903,9.6679,9.7016,21.4754,1962,736,738,1933,3.13,5.33,5.34,8.76,61,0.0,-1.0,39.0,many,SR,3
0,358,4574,1590,0,35.1866,9.9566,13.2064,10.8248,0.0,1154,1154,846,0,1.33,6.35,5.64,0.0,57,57.0,0.0,0.0,many,SR,2
0,360,1622,0,0,16.5655,5.6805,10.1555,0.0,0.0,1371,921,0,0,7.83,7.3,0.0,0.0,61,0.0,0.0,0.0,one,SR,1
0,372,5470,3284,0,30.0329,9.2567,9.8306,9.8706,0.0,1111,751,755,0,1.99,5.37,5.38,0.0,29,0.0,0.0,0.0,many,SR,2
0,379,7285,5938,0,31.6642,8.6345,10.3168,11.5713,0.0,1249,798,1007,0,2.84,5.5,5.91,0.0,112,0.0,64.0,0.0,many,SR,2
0,384,5660,5659,4555,57.3159,15.7782,12.2509,12.2509,15.1462,1392,983,983,1299,-2.39,6.03,6.03,6.84,84,0.0,0.0,28.0,many,SR,3
0,385,1462,1461,0,53.5207,11.9643,19.9549,19.9549,0.0,1976,1728,1728,0,5.93,8.23,8.23,0.0,195,0.0,0.0,0.0,many,SR,2
0,386,2482,0,0,20.7198,6.5829,13.2938,0.0,0.0,1756,1242,0,0,10.85,8.43,0.0,0.0,69,0.0,0.0,0.0,one,SR,1
0,388,5896,5850,0,31.3607,5.7791,12.3867,11.9892,0.0,2178,1022,980,0,12.02,6.08,5.97,0.0,346,19.0,16.0,0.0,many,SR,2
0,396,5921,4914,0,30.1559,8.8693,10.0428,10.1502,0.0,1848,772,845,0,9.56,5.43,5.51,0.0,67,0.0,45.0,0.0,many,SR,2
0,416,9543,7687,1265,52.7301,15.7556,11.7385,11.7385,11.7314,1382,933,933,933,-1.38,5.89,5.89,5.89,10,-1.0,-1.0,0.0,many,SR,3
0,418,7051,0,0,30.4085,4.4513,24.6498,0.0,0.0,3310,2445,0,0,22.99,13.07,0.0,0.0,499,0.0,0.0,0.0,one,SR,1
0,420,8873,0,0,15.4162,6.0837,8.6574,0.0,0.0,1195,767,0,0,6.47,6.75,0.0,0.0,0,0.0,0.0,0.0,one,SR,1
0,421,6923,4743,4742,46.014,13.2349,11.3945,9.8601,9.8601,1548,1016,754,754,1.28,5.89,5.38,5.38,119,82.0,0.0,0.0,many,SR,3
0,423,7767,3215,0,33.7031,9.7445,11.4114,11.388,0.0,1621,904,900,0,6.59,5.8,5.79,0.0,47,1.0,0.0,0.0,many,SR,2
0,430,4056,3066,0,40.2689,11.5151,9.969,17.4962,0.0,1899,770,1490,0,8.34,5.41,7.47,0.0,6,4.0,3.0,0.0,many,SR,2
0,433,8787,7952,2556,98.239,25.0202,17.5378,17.6326,35.2475,3258,1502,1504,3253,9.0,7.49,7.52,13.0,13,9.0,3.0,13.0,many,SR,3
0,434,3359,820,0,34.0096,10.05,11.4004,11.4004,0.0,1754,901,901,0,7.99,5.79,5.79,0.0,26,0.0,0.0,0.0,many,SR,2
0,436,6215,3418,0,64.3338,15.6859,23.3938,23.3938,0.0,3000,2067,2067,0,14.76,9.3,9.3,0.0,72,0.0,0.0,0.0,many,SR,2
0,440,1306,0,0,20.1452,7.1359,12.2059,0.0,0.0,1383,1130,0,0,7.29,8.03,0.0,0.0,7,0.0,0.0,0.0,one,SR,1
0,446,1768,0,0,14.5769,5.7074,8.2103,0.0,0.0,1163,722,0,0,6.28,6.59,0.0,0.0,16,0.0,0.0,0.0,one,SR,1
0,448,2857,2856,0,30.9687,9.6217,10.1284,10.1284,0.0,1457,780,780,0,5.49,5.45,5.45,0.0,13,0.0,0.0,0.0,many,SR,2
0,451,3098,968,0,37.7853,10.5908,12.9378,13.0071,0.0,1118,1049,1118,0,0.49,6.21,6.28,0.0,45,0.0,45.0,0.0,many,SR,2
0,454,797,0,0,15.6462,5.9659,8.9932,0.0,0.0,1235,801,0,0,6.78,6.87,0.0,0.0,15,0.0,0.0,0.0,one,SR,1
0,456,5806,3968,0,35.2373,7.8959,14.0462,12.03,0.0,1594,1301,1029,0,5.35,6.63,6.02,0.0,238,105.0,48.0,0.0,many,SR,2
0,459,2374,2373,0,30.2519,9.4384,9.8687,9.8687,0.0,1351,755,755,0,4.5,5.38,5.38,0.0,17,0.0,0.0,0.0,many,SR,2
0,463,7455,2424,0,38.234,10.7472,13.1303,13.1043,0.0,1360,1066,1064,0,3.01,6.26,6.26,0.0,36,-1.0,0.0,0.0,many,SR,2
0,464,3300,0,0,14.0176,5.2113,8.1496,0.0,0.0,1280,715,0,0,7.53,6.57,0.0,0.0,48,0.0,0.0,0.0,one,SR,1
0,466,9915,0,0,17.2488,5.6738,10.8214,0.0,0.0,1767,989,0,0,11.77,7.54,0.0,0.0,76,0.0,0.0,0.0,one,SR,1
0,484,3685,3684,910,114.6704,24.7367,30.3117,30.3117,26.01,3702,2748,2748,2324,9.17,11.45,11.45,10.11,339,0.0,0.0,0.0,many,SR,3
0,496,3837,0,0,17.7545,6.4648,10.5461,0.0,0.0,1057,961,0,0,4.41,7.44,0.0,0.0,16,0.0,0.0,0.0,one,SR,1
0,499,936,0,0,19.458,5.6007,13.0242,0.0,0.0,1766,1214,0,0,11.04,8.33,0.0,0.0,130,0.0,0.0,0.0,one,SR,1
0,507,6665,6664,0,56.8207,14.7505,20.2042,20.2042,0.0,2822,1752,1752,0,14.68,8.31,8.31,0.0,14,0.0,0.0,0.0,many,SR,2
0,510,4235,2325,0,42.8135,12.0292,14.7225,14.7225,0.0,1600,1219,1219,0,4.75,6.7,6.7,0.0,2,0.0,0.0,0.0,many,SR,2
0,514,7622,0,0,14.2684,5.2458,8.3584,0.0,0.0,1280,736,0,0,7.46,6.64,0.0,0.0,50,0.0,0.0,0.0,one,SR,1
0,518,9038,1090,0,45.7353,12.1084,13.7617,18.4391,0.0,1649,1127,1649,0,4.48,6.44,7.83,0.0,50,0.0,50.0,0.0,many,SR,2
0,522,9884,1474,0,40.3355,11.1718,13.5191,14.3463,0.0,1594,1104,1207,0,5.05,6.37,6.61,0.0,35,0.0,17.0,0.0,many,SR,2
0,527,3468,3467,2431,53.0154,14.6321,12.9102,12.9102,10.7566,1196,1046,1046,879,-3.7,6.21,6.21,5.65,111,0.0,0.0,28.0,many,SR,3
0,532,1005,1004,0,34.0221,10.1131,11.3756,11.3756,0.0,1873,899,899,0,9.25,5.79,5.79,0.0,21,0.0,0.0,0.0,many,SR,2
0,537,3644,0,0,25.9233,8.6102,16.3522,0.0,0.0,1562,1561,0,0,7.75,9.61,0.0,0.0,3,0.0,0.0,0.0,one,SR,1
0,541,1330,1130,0,37.5141,10.5513,11.9702,13.7496,0.0,1187,956,1187,0,1.28,5.95,6.48,0.0,44,0.0,44.0,0.0,many,SR,2
0,544,8189,7866,218,61.1733,13.8654,14.3824,16.5411,14.3249,2086,1262,1574,1181,3.37,6.66,7.34,6.59,319,54.0,129.0,0.0,many,SR,3
0,546,4859,0,0,15.2339,5.0388,9.4895,0.0,0.0,1279,853,0,0,7.08,7.06,0.0,0.0,90,0.0,0.0,0.0,one,SR,1
0,547,5929,0,0,15.066,4.193,10.1438,0.0,0.0,1286,920,0,0,6.94,7.29,0.0,0.0,162,0.0,0.0,0.0,one,SR,1
0,555,8566,8564,0,33.1695,10.0306,11.0008,11.0008,0.0,2103,863,863,0,11.85,5.69,5.69,0.0,14,0.0,0.0,0.0,many,SR,2
0,563,7522,0,0,22.4698,7.7157,13.8895,0.0,0.0,2026,1303,0,0,13.49,8.65,0.0,0.0,5,0.0,0.0,0.0,one,SR,1
0,565,7061,0,0,14.6196,5.2972,8.6476,0.0,0.0,1053,766,0,0,4.98,6.75,0.0,0.0,53,0.0,0.0,0.0,one,SR,1
0,566,2509,0,0,16.1259,5.6842,9.7277,0.0,0.0,1250,877,0,0,6.7,7.14,0.0,0.0,51,0.0,0.0,0.0,one,SR,1
0,568,2638,2637,0,30.083,8.8042,10.0951,10.0951,0.0,1870,777,777,0,9.84,5.44,5.44,0.0,68,0.0,0.0,0.0,many,SR,2
0,573,1584,0,0,18.4443,5.7398,11.9113,0.0,0.0,1582,1101,0,0,9.47,7.93,0.0,0.0,96,0.0,0.0,0.0,one,SR,1
0,574,7899,4506,0,51.401,11.801,20.7933,17.2152,0.0,1953,1839,1472,0,6.18,8.52,7.4,0.0,172,20.0,10.0,0.0,many,SR,2
0,577,5343,0,0,22.3868,6.5196,14.9636,0.0,0.0,1931,1413,0,0,12.14,9.03,0.0,0.0,110,0.0,0.0,0.0,one,SR,1
0,578,5719,0,0,18.4294,5.606,12.0263,0.0,0.0,1810,1112,0,0,11.83,7.97,0.0,0.0,107,0.0,0.0,0.0,one,SR,1
0,583,7817,5426,1026,94.7723,23.1711,17.8824,33.1083,17.8576,3670,1524,3068,1521,13.76,7.59,12.36,7.58,110,0.0,31.0,0.0,many,SR,3
0,586,8249,2684,0,51.8696,12.8303,20.2777,17.1782,0.0,2127,1897,1455,0,8.08,8.46,7.37,0.0,97,97.0,0.0,0.0,many,SR,2
0,587,3733,0,0,15.7995,5.5519,9.5403,0.0,0.0,1314,858,0,0,7.43,7.07,0.0,0.0,56,0.0,0.0,0.0,one,SR,1
0,589,1675,0,0,15.3785,5.7506,8.9424,0.0,0.0,1192,796,0,0,6.35,6.85,0.0,0.0,29,0.0,0.0,0.0,one,SR,1
0,594,7581,7580,0,26.6776,6.6103,9.5053,9.5053,0.0,1232,721,721,0,3.42,5.28,5.28,0.0,198,0.0,0.0,0.0,many,SR,2
0,600,7703,0,0,17.4029,6.2244,10.4386,0.0,0.0,1301,950,0,0,7.0,7.4,0.0,0.0,30,0.0,0.0,0.0,one,SR,1
0,601,9997,3334,0,32.2515,7.1079,12.1834,11.7457,0.0,1833,1285,934,0,8.32,6.26,5.89,0.0,261,221.0,0.0,0.0,many,SR,2
0,604,3528,0,0,26.3488,6.9133,18.3895,0.0,0.0,2334,1778,0,0,15.09,10.46,0.0,0.0,171,0.0,0.0,0.0,one,SR,1
0,607,4404,460,0,40.9261,11.6896,14.0528,13.8853,0.0,1155,1155,1139,0,0.44,6.51,6.47,0.0,0,0.0,0.0,0.0,many,SR,2
0,609,6360,4707,2647,61.6811,17.5782,14.0442,14.048,14.0569,2511,1154,1154,1154,8.78,6.51,6.51,6.51,1,0.0,0.0,-1.0,many,SR,3
0,610,7512,2372,0,34.4715,7.0746,13.1068,13.038,0.0,1882,1095,1057,0,8.49,6.28,6.24,0.0,286,22.0,-1.0,0.0,many,SR,2
0,614,8025,0,0,14.6609,5.699,8.2999,0.0,0.0,1523,730,0,0,10.03,6.62,0.0,0.0,18,0.0,0.0,0.0,one,SR,1
0,616,4101,1278,0,37.6256,10.0084,11.8428,14.5084,0.0,1331,944,1331,0,2.58,5.92,6.74,0.0,95,0.0,95.0,0.0,many,SR,2
0,620,7324,7323,1284,81.7151,21.3742,15.6606,15.6606,26.5961,2425,1309,1309,2425,3.65,6.95,6.95,10.33,30,0.0,0.0,30.0,many,SR,3
0,622,1886,0,0,15.3242,5.4314,9.1982,0.0,0.0,1970,822,0,0,14.43,6.95,0.0,0.0,56,0.0,0.0,0.0,one,SR,1
0,628,6710,6709,0,27.8844,7.4288,9.6946,9.6946,0.0,1285,738,738,0,3.89,5.33,5.33,0.0,148,0.0,0.0,0.0,many,SR,2
0,631,409,408,0,32.9125,9.2261,11.2672,11.2672,0.0,1240,889,889,0,2.65,5.76,5.76,0.0,78,0.0,0.0,0.0,many,SR,2
0,642,7908,0,0,36.184,9.0658,25.7641,0.0,0.0,2999,2564,0,0,19.3,13.54,0.0,0.0,213,0.0,0.0,0.0,one,SR,1
0,644,4933,0,0,15.2622,5.8911,8.6945,0.0,0.0,1243,771,0,0,6.96,6.77,0.0,0.0,14,0.0,0.0,0.0,one,SR,1
0,647,6588,609,0,74.4996,17.8081,29.8166,24.7602,0.0,3498,2813,2227,0,17.7,11.4,9.75,0.0,84,80.0,18.0,0.0,many,SR,2
0,649,8987,12,0,64.5464,13.9781,22.5354,26.0955,0.0,2735,2008,2525,0,11.28,9.06,10.32,0.0,236,18.0,136.0,0.0,many,SR,2
0,652,8535,8534,0,47.1684,12.2353,16.7423,16.7423,0.0,2793,1412,1412,0,16.29,7.24,7.24,0.0,55,0.0,0.0,0.0,many,SR,2
0,659,9785,9784,0,39.7692,9.1607,14.6369,14.6369,0.0,1638,1211,1211,0,5.19,6.67,6.67,0.0,195,0.0,0.0,0.0,many,SR,2
0,662,1442,0,0,15.2419,5.8949,8.6712,0.0,0.0,1169,769,0,0,6.19,6.76,0.0,0.0,13,0.0,0.0,0.0,one,SR,1
0,667,6969,0,0,14.8425,5.111,9.0423,0.0,0.0,1237,807,0,0,6.79,6.89,0.0,0.0,75,0.0,0.0,0.0,one,SR,1
0,668,1365,0,0,14.1541,3.8015,9.6417,0.0,0.0,1262,868,0,0,6.85,7.11,0.0,0.0,177,0.0,0.0,0.0,one,SR,1
0,669,6795,6794,6378,166.6305,31.5926,43.4889,43.4889,43.3149,5098,4047,4047,5066,10.82,15.54,15.54,16.37,758,0.0,0.0,738.0,many,SR,3
0,670,7500,2211,0,33.3094,9.9728,10.2249,11.9683,0.0,1461,795,956,0,5.05,5.48,5.95,0.0,22,4.0,0.0,0.0,many,SR,2
0,672,6703,0,0,16.4132,4.62,11.0321,0.0,0.0,1184,1010,0,0,5.58,7.61,0.0,0.0,152,0.0,0.0,0.0,one,SR,1
0,673,9104,5765,0,35.374,10.1687,11.0371,12.9733,0.0,1120,881,1073,0,1.01,5.71,6.24,0.0,40,10.0,15.0,0.0,many,SR,2
0,677,685,0,0,18.9233,6.9176,11.2372,0.0,0.0,1322,1031,0,0,6.96,7.68,0.0,0.0,0,0.0,0.0,0.0,one,SR,1
0,690,6823,0,0,14.9699,3.7813,10.4484,0.0,0.0,1225,951,0,0,6.2,7.4,0.0,0.0,197,0.0,0.0,0.0,one,SR,1
0,693,578,0,0,15.0645,4.605,9.7451,0.0,0.0,1684,878,0,0,11.25,7.14,0.0,0.0,125,0.0,0.0,0.0,one,SR,1
0,699,7098,3256,0,52.4342,13.4487,19.4017,18.0131,0.0,1968,1683,1546,0,6.53,8.07,7.64,0.0,47,7.0,7.0,0.0,many,SR,2
0,700,2390,2389,0,36.4243,9.9395,12.6295,12.6295,0.0,1546,1019,1019,0,5.2,6.13,6.13,0.0,75,0.0,0.0,0.0,many,SR,2
0,704,4357,3015,1422,109.0946,27.4189,24.922,24.9307,28.7706,2602,2217,2217,2602,-0.15,9.77,9.78,10.97,4,0.0,-1.0,4.0,many,SR,3
0,707,1275,0,0,16.0528,4.9553,10.3605,0.0,0.0,1232,942,0,0,6.3,7.37,0.0,0.0,115,0.0,0.0,0.0,one,SR,1
0,708,170,0,0,21.9327,7.5669,13.5146,0.0,0.0,1396,1265,0,0,7.0,8.51,0.0,0.0,7,0.0,0.0,0.0,one,SR,1
0,713,6583,2037,0,31.9264,9.5045,10.6516,10.6516,0.0,1783,830,830,0,8.65,5.59,5.59,0.0,39,0.0,0.0,0.0,many,SR,2
0,722,6442,0,0,12.4543,2.7088,9.0558,0.0,0.0,1667,808,0,0,11.3,6.9,0.0,0.0,239,0.0,0.0,0.0,one,SR,1
0,724,9037,0,0,18.1923,4.796,12.5791,0.0,0.0,1831,1169,0,0,11.87,8.17,0.0,0.0,175,0.0,0.0,0.0,one,SR,1
0,733,2587,2586,0,37.4522,10.9889,12.6191,12.6191,0.0,1831,1018,1018,0,8.2,6.13,6.13,0.0,3,0.0,0.0,0.0,many,SR,2
0,740,87,0,0,23.2422,7.0043,15.3205,0.0,0.0,2108,1450,0,0,13.88,9.17,0.0,0.0,86,0.0,0.0,0.0,one,SR,1
0,744,1409,745,0,33.5036,9.7292,11.5355,11.0814,0.0,1360,915,909,0,3.86,5.83,5.74,0.0,47,0.0,27.0,0.0,many,SR,2
0,746,2653,2652,0,44.1821,11.7717,15.5141,15.5141,0.0,1547,1295,1295,0,3.8,6.91,6.91,0.0,46,0.0,0.0,0.0,many,SR,2
0,748,3774,0,0,25.5722,5.656,18.8511,0.0,0.0,2075,1827,0,0,12.2,10.65,0.0,0.0,268,0.0,0.0,0.0,one,SR,1
0,749,2535,2534,0,38.9982,9.6618,14.0176,14.0176,0.0,1539,1152,1152,0,4.45,6.51,6.51,0.0,140,0.0,0.0,0.0,many,SR,2
0,754,7555,398,397,56.4911,12.2662,23.3408,9.4425,9.4425,2392,2252,715,715,7.12,9.46,5.27,5.27,391,135.0,0.0,0.0,many,SR,3
0,755,5506,0,0,16.6154,6.1269,9.7727,0.0,0.0,1406,882,0,0,8.32,7.16,0.0,0.0,22,0.0,0.0,0.0,one,SR,1
0,756,7142,0,0,32.672,7.7349,23.6705,0.0,0.0,2565,2341,0,0,15.53,12.67,0.0,0.0,250,0.0,0.0,0.0,one,SR,1
0,758,6677,0,0,14.7811,5.6649,8.4485,0.0,0.0,1233,746,0,0,6.94,6.68,0.0,0.0,24,0.0,0.0,0.0,one,SR,1
0,764,8614,8525,0,34.8097,7.2041,10.2269,16.1191,0.0,2083,802,1393,0,10.54,5.49,7.11,0.0,282,9.0,29.0,0.0,many,SR,2
0,765,7073,0,0,15.265,6.0457,8.548,0.0,0.0,1022,756,0,0,4.69,6.71,0.0,0.0,0,0.0,0.0,0.0,one,SR,1
0,767,4452,0,0,17.8322,6.0327,11.0381,0.0,0.0,1298,1011,0,0,6.78,7.61,0.0,0.0,56,0.0,0.0,0.0,one,SR,1
0,768,7366,0,0,24.3226,7.205,16.1646,0.0,0.0,1766,1541,0,0,9.97,9.53,0.0,0.0,94,0.0,0.0,0.0,one,SR,1
0,778,4361,4360,1503,53.7403,14.6999,9.8877,9.8877,17.4266,1657,757,757,1657,0.85,5.39,5.39,7.61,126,0.0,0.0,126.0,many,SR,3
0,779,8673,7558,0,33.1553,9.9241,11.0455,11.0455,0.0,1213,868,868,0,2.48,5.7,5.7,0.0,23,0.0,0.0,0.0,many,SR,2
0,781,9600,8953,0,52.7327,12.6052,22.4569,16.0602,0.0,2593,2014,1347,0,12.73,9.05,7.06,0.0,129,28.0,0.0,0.0,many,SR,2
0,783,1436,0,0,14.3409,4.8225,8.8369,0.0,0.0,1744,785,0,0,12.18,6.81,0.0,0.0,90,0.0,0.0,0.0,one,SR,1
0,793,8695,0,0,19.4738,6.4759,12.1944,0.0,0.0,1607,1130,0,0,9.64,8.03,0.0,0.0,52,0.0,0.0,0.0,one,SR,1
0,796,4163,4099,0,76.4355,18.1968,19.2684,36.8136,0.0,3549,1745,3393,0,17.85,8.1,13.47,0.0,83,60.0,3.0,0.0,many,SR,2
0,816,4289,0,0,33.3253,9.9595,22.1622,0.0,0.0,2953,2180,0,0,20.17,12.04,0.0,0.0,60,0.0,0.0,0.0,one,SR,1
0,817,9427,7645,0,47.6274,11.4132,19.2086,15.5112,0.0,1918,1692,1294,0,6.69,8.03,6.91,0.0,139,27.0,0.0,0.0,many,SR,2
0,821,9585,2510,0,64.2345,13.6704,23.9451,24.6917,0.0,2792,2216,2207,0,11.97,9.56,9.71,0.0,251,67.0,9.0,0.0,many,SR,2
0,822,2054,0,0,14.5021,5.439,8.3975,0.0,0.0,1319,740,0,0,7.86,6.66,0.0,0.0,38,0.0,0.0,0.0,one,SR,1
0,824,1693,1692,0,46.7652,11.309,16.9968,16.9968,0.0,1714,1436,1436,0,4.83,7.31,7.31,0.0,127,0.0,0.0,0.0,many,SR,2
0,828,3764,3763,1591,91.8708,21.7813,19.736,19.736,27.89,2776,1707,1707,2776,4.6,8.17,8.17,10.94,189,0.0,0.0,189.0,many,SR,3
0,833,8800,6417,2213,54.3061,12.6246,12.7052,13.5257,13.5257,2279,1463,1105,1105,6.61,6.5,6.37,6.37,321,312.0,0.0,0.0,many,SR,3
0,836,3790,0,0,19.1472,5.9469,12.3898,0.0,0.0,1926,1150,0,0,12.93,8.11,0.0,0.0,92,0.0,0.0,0.0,one,SR,1
0,837,4849,0,0,16.8522,6.3156,9.8194,0.0,0.0,1793,886,0,0,12.37,7.17,0.0,0.0,10,0.0,0.0,0.0,one,SR,1
0,842,9562,6620,0,31.1767,8.5996,10.6365,10.8124,0.0,1570,899,845,0,6.33,5.65,5.64,0.0,106,50.0,0.0,0.0,many,SR,2
0,843,6225,2256,0,62.4358,11.9517,31.6183,16.9486,0.0,3074,2896,1432,0,15.02,11.87,7.3,0.0,362,13.0,0.0,0.0,many,SR,2
0,851,203,0,0,22.6165,7.636,14.1081,0.0,0.0,2107,1325,0,0,14.27,8.72,0.0,0.0,15,0.0,0.0,0.0,one,SR,1
0,855,8634,8149,0,35.1907,8.9028,14.2647,10.802,0.0,1324,1184,844,0,2.91,6.58,5.63,0.0,143,6.0,0.0,0.0,many,SR,2
0,858,6812,1697,0,36.034,9.7776,12.3841,12.6474,0.0,1221,995,1088,0,1.8,6.06,6.19,0.0,85,0.0,48.0,0.0,many,SR,2
0,859,1561,901,900,110.3566,22.8706,10.6583,36.7875,36.7875,4107,831,3394,3394,13.85,5.6,13.47,13.47,437,0.0,5.0,5.0,many,SR,3
0,861,9747,4160,0,32.5362,7.2045,13.7986,10.3316,0.0,1515,1205,801,0,5.09,6.51,5.51,0.0,246,53.0,1.0,0.0,many,SR,2
0,863,5422,5421,1296,70.5772,18.4426,15.8899,15.8899,18.1828,2058,1330,1330,1574,2.06,7.01,7.01,7.7,76,0.0,0.0,15.0,many,SR,3
0,865,105,104,0,37.5918,10.4482,12.9501,12.9501,0.0,1220,1050,1050,0,1.62,6.22,6.22,0.0,51,0.0,0.0,0.0,many,SR,2
0,867,2360,1656,0,39.3926,10.8768,11.2482,15.9832,0.0,1405,887,1405,0,3.19,5.75,7.09,0.0,47,0.0,47.0,0.0,many,SR,2
0,868,9135,9134,0,36.7401,10.8496,12.3403,12.3403,0.0,1383,991,991,0,3.63,6.05,6.05,0.0,3,0.0,0.0,0.0,many,SR,2
0,871,2642,1907,0,42.2055,11.403,13.9063,15.5517,0.0,1470,1141,1362,0,3.33,6.47,6.97,0.0,48,0.0,46.0,0.0,many,SR,2
0,874,4693,0,0,15.3529,6.0021,8.675,0.0,0.0,1268,769,0,0,7.23,6.76,0.0,0.0,6,0.0,0.0,0.0,one,SR,1
0,875,855,0,0,19.0182,6.5307,11.7021,0.0,0.0,1618,1079,0,0,9.92,7.85,0.0,0.0,37,0.0,0.0,0.0,one,SR,1
0,881,1932,0,0,14.1779,4.5337,8.9582,0.0,0.0,1618,798,0,0,10.81,6.86,0.0,0.0,112,0.0,0.0,0.0,one,SR,1
0,883,3958,0,0,25.6893,8.5133,16.221,0.0,0.0,1779,1546,0,0,10.08,9.55,0.0,0.0,6,0.0,0.0,0.0,one,SR,1
0,886,9349,9348,0,55.8593,11.5705,21.2801,21.2801,0.0,2586,1858,1858,0,11.6,8.64,8.64,0.0,272,0.0,0.0,0.0,many,SR,2
0,889,8892,4734,1694,77.5269,19.7615,14.8063,20.2145,20.3913,1908,1227,1761,1908,-1.15,6.72,8.32,8.49,97,0.0,5.0,97.0,many,SR,3
0,895,7561,0,0,14.4537,4.8841,8.886,0.0,0.0,1500,791,0,0,9.6,6.84,0.0,0.0,87,0.0,0.0,0.0,one,SR,1
0,896,4097,0,0,23.5741,7.9195,14.7586,0.0,0.0,1840,1392,0,0,11.26,8.96,0.0,0.0,10,0.0,0.0,0.0,one,SR,1
0,898,9598,9597,9070,89.8595,19.2718,27.0986,27.0986,13.658,6088,2432,2432,1136,39.33,10.45,10.45,6.42,363,0.0,0.0,13.0,many,SR,3
0,899,4206,4126,4125,85.6036,21.8091,26.4632,17.4054,17.4054,2448,2445,1477,1477,3.02,10.32,7.44,7.44,60,54.0,0.0,0.0,many,SR,3
0,915,1647,0,0,14.3762,5.5275,8.1905,0.0,0.0,1221,719,0,0,6.9,6.58,0.0,0.0,27,0.0,0.0,0.0,one,SR,1
0,916,417,0,0,47.0796,13.8343,31.6454,0.0,0.0,4194,3191,0,0,29.64,16.0,0.0,0.0,39,0.0,0.0,0.0,one,SR,1
0,927,6496,1368,0,30.5388,9.055,10.3728,10.0171,0.0,1340,807,769,0,4.22,5.52,5.42,0.0,54,3.0,0.0,0.0,many,SR,2
0,930,322,0,0,16.593,4.7088,11.12,0.0,0.0,1362,1019,0,0,7.42,7.64,0.0,0.0,148,0.0,0.0,0.0,one,SR,1
0,937,6621,5355,0,43.8104,10.2347,16.0678,16.0954,0.0,1860,1347,1350,0,6.82,7.06,7.07,0.0,169,0.0,0.0,0.0,many,SR,2
0,943,4642,1806,279,110.0476,26.1647,26.5491,27.5784,26.6177,2679,2393,2679,2385,-0.11,10.29,10.78,10.3,142,11.0,142.0,0.0,many,SR,3
0,944,7080,0,0,18.8507,6.0741,11.9813,0.0,0.0,1176,1107,0,0,5.19,7.95,0.0,0.0,74,0.0,0.0,0.0,one,SR,1
0,945,7096,7095,5408,68.0872,17.514,16.1496,16.1496,16.1496,1773,1355,1355,1355,-0.5,7.08,7.08,7.08,110,0.0,0.0,0.0,many,SR,3
0,946,5511,2051,0,48.3847,12.0944,17.4031,17.399,0.0,2093,1478,1476,0,8.58,7.44,7.44,0.0,89,1.0,0.0,0.0,many,SR,2
0,947,7540,0,0,16.8818,6.189,9.9699,0.0,0.0,1335,902,0,0,7.51,7.23,0.0,0.0,22,0.0,0.0,0.0,one,SR,1
0,954,6175,1707,0,54.177,12.4956,20.02,20.0114,0.0,2159,1733,1733,0,7.82,8.25,8.25,0.0,161,-1.0,0.0,0.0,many,SR,2
0,959,8632,8631,1813,111.9852,28.0682,26.534,26.534,27.7294,2495,2376,2376,2495,-1.88,10.27,10.27,10.65,1,0.0,0.0,1.0,many,SR,3
0,965,6638,0,0,14.0218,5.1585,8.2044,0.0,0.0,1318,721,0,0,7.91,6.59,0.0,0.0,53,0.0,0.0,0.0,one,SR,1
0,967,8492,0,0,14.1215,3.5647,9.8389,0.0,0.0,1452,888,0,0,8.78,7.18,0.0,0.0,198,0.0,0.0,0.0,one,SR,1
0,973,4783,4782,1840,66.972,17.4757,15.4712,15.4712,16.4467,1526,1290,1290,1526,-2.94,6.9,6.9,7.28,102,0.0,0.0,102.0,many,SR,3
0,986,9832,0,0,20.2646,6.1942,13.2295,0.0,0.0,1907,1236,0,0,12.46,8.41,0.0,0.0,94,0.0,0.0,0.0,one,SR,1
0,996,1143,0,0,33.3158,9.6629,22.438,0.0,0.0,3374,2209,0,0,24.49,12.15,0.0,0.0,87,0.0,0.0,0.0,one,SR,1
0,1001,5581,0,0,12.4394,3.3757,8.3978,0.0,0.0,1679,741,0,0,11.64,6.66,0.0,0.0,179,0.0,0.0,0.0,one,SR,1
0,1004,1080,0,0,12.3791,3.4027,8.3137,0.0,0.0,1296,732,0,0,7.64,6.63,0.0,0.0,175,0.0,0.0,0.0,one,SR,1
0,1009,1916,1188,0,35.2137,8.3648,12.2369,13.3704,0.0,1194,1054,1098,0,1.36,6.08,6.34,0.0,192,52.0,6.0,0.0,many,SR,2
0,1017,2928,0,0,17.755,6.1825,10.8192,0.0,0.0,1349,988,0,0,7.39,7.53,0.0,0.0,41,0.0,0.0,0.0,one,SR,1
0,1018,1833,0,0,12.5508,3.4486,8.4349,0.0,0.0,1282,745,0,0,7.45,6.67,0.0,0.0,175,0.0,0.0,0.0,one,SR,1
0,1024,5865,0,0,27.6119,8.798,17.793,0.0,0.0,2207,1714,0,0,13.99,10.21,0.0,0.0,27,0.0,0.0,0.0,one,SR,1
0,1025,7818,3180,614,58.9484,13.6633,14.431,14.4343,14.4343,1998,1192,1192,1192,3.11,6.62,6.62,6.62,287,1.0,0.0,0.0,many,SR,3
0,1026,5912,1259,0,28.0925,7.0755,9.9676,9.9676,0.0,1333,765,765,0,4.26,5.41,5.41,0.0,182,0.0,0.0,0.0,many,SR,2
0,1038,7349,7348,1971,103.9136,26.3682,21.4304,21.4304,31.7572,2889,1873,1873,2889,3.99,8.69,8.69,11.89,-1,0.0,0.0,-1.0,many,SR,3
0,1044,8485,0,0,13.8045,4.632,8.503,0.0,0.0,1256,751,0,0,7.16,6.69,0.0,0.0,95,0.0,0.0,0.0,one,SR,1
0,1048,5741,5740,0,59.9891,11.9101,23.1179,23.1179,0.0,2939,2040,2040,0,14.27,9.22,9.22,0.0,319,0.0,0.0,0.0,many,SR,2
0,1051,3517,0,0,17.3596,4.7974,11.7743,0.0,0.0,1738,1086,0,0,11.16,7.88,0.0,0.0,157,0.0,0.0,0.0,one,SR,1
0,1052,2605,0,0,11.8754,2.715,8.4914,0.0,0.0,1732,750,0,0,12.16,6.69,0.0,0.0,226,0.0,0.0,0.0,one,SR,1
0,1053,2214,0,0,17.546,6.2707,10.5322,0.0,0.0,1176,959,0,0,5.66,7.43,0.0,0.0,29,0.0,0.0,0.0,one,SR,1
0,1057,5132,5131,2032,76.6888,20.0873,15.0926,15.0926,24.0986,2211,1254,1254,2211,2.36,6.8,6.8,9.59,53,0.0,0.0,53.0,many,SR,3
0,1058,7112,2402,0,35.5474,8.4059,10.8857,15.0077,0.0,1554,870,1295,0,5.08,5.67,6.81,0.0,193,13.0,35.0,0.0,many,SR,2
0,1059,9293,0,0,14.1438,5.0725,8.4054,0.0,0.0,1323,741,0,0,7.9,6.66,0.0,0.0,63,0.0,0.0,0.0,one,SR,1
0,1060,9425,0,0,20.7756,6.6546,13.2784,0.0,0.0,1685,1241,0,0,10.11,8.43,0.0,0.0,64,0.0,0.0,0.0,one,SR,1
0,1064,1563,0,0,12.6149,3.118,8.8158,0.0,0.0,1337,784,0,0,7.91,6.81,0.0,0.0,206,0.0,0.0,0.0,one,SR,1
0,1069,1212,0,0,22.2332,7.0358,14.3173,0.0,0.0,1673,1347,0,0,9.65,8.8,0.0,0.0,61,0.0,0.0,0.0,one,SR,1
0,1070,5365,5364,0,47.2404,12.4438,16.6757,16.6757,0.0,1570,1406,1406,0,3.48,7.23,7.23,0.0,39,0.0,0.0,0.0,many,SR,2
0,1072,7280,7279,0,71.5988,16.5957,26.4756,26.4756,0.0,3213,2371,2371,0,15.27,10.26,10.26,0.0,128,0.0,0.0,0.0,many,SR,2
0,1075,157,0,0,18.7058,6.4573,11.4716,0.0,0.0,1275,1055,0,0,6.4,7.77,0.0,0.0,37,0.0,0.0,0.0,one,SR,1
0,1077,9711,2179,0,32.251,8.0785,11.4993,11.5075,0.0,1274,911,924,0,2.89,5.82,5.83,0.0,165,0.0,9.0,0.0,many,SR,2
0,1081,5870,5869,0,54.5963,14.2652,19.3605,19.3605,0.0,1781,1670,1670,0,4.21,8.05,8.05,0.0,16,0.0,0.0,0.0,many,SR,2
0,1082,8484,8459,2098,99.1262,23.0092,18.8542,26.9752,27.3733,2769,1622,2441,2769,2.84,7.89,10.43,10.82,220,2.0,15.0,220.0,many,SR,3
0,1086,6135,6134,0,36.3606,10.3588,12.3945,12.3945,0.0,1206,996,996,0,1.75,6.06,6.06,0.0,38,0.0,0.0,0.0,many,SR,2
0,1089,3475,1305,0,45.7493,11.6836,16.3199,16.3199,0.0,2728,1372,1372,0,15.81,7.13,7.13,0.0,79,0.0,0.0,0.0,many,SR,2
0,1091,5761,1488,0,58.7571,13.8795,21.5522,21.5789,0.0,2884,1885,1888,0,14.56,8.73,8.74,0.0,126,0.0,0.0,0.0,many,SR,2
0,1092,3926,0,0,19.5111,7.0621,11.665,0.0,0.0,1077,1075,0,0,4.25,7.84,0.0,0.0,0,0.0,0.0,0.0,one,SR,1
0,1094,8874,2002,0,43.4039,11.8511,15.3004,14.89,0.0,1812,1313,1235,0,6.76,6.88,6.74,0.0,28,28.0,0.0,0.0,many,SR,2
0,1101,5037,1770,610,77.9932,18.5238,14.5469,27.8563,14.6599,2682,1201,2550,1227,6.5,6.65,10.72,6.69,214,-1.0,31.0,10.0,many,SR,3
0,1104,5599,0,0,19.0054,5.9449,12.2549,0.0,0.0,1403,1136,0,0,7.48,8.06,0.0,0.0,89,0.0,0.0,0.0,one,SR,1
0,1107,8387,8386,1473,68.3857,17.8391,15.0993,15.0993,18.2068,1694,1255,1255,1694,-1.48,6.8,6.8,7.82,98,0.0,0.0,98.0,many,SR,3
0,1108,7424,2049,0,49.3403,12.3454,19.6594,15.8157,0.0,2119,1768,1324,0,8.57,8.2,6.99,0.0,91,49.0,0.0,0.0,many,SR,2
0,1109,1946,1945,0,82.4849,19.9851,30.1112,30.1112,0.0,3111,2729,2729,0,12.17,11.39,11.39,0.0,35,0.0,0.0,0.0,many,SR,2
0,1116,1391,0,0,14.8656,5.3162,8.8665,0.0,0.0,1221,789,0,0,6.67,6.83,0.0,0.0,57,0.0,0.0,0.0,one,SR,1
0,1123,1431,0,0,15.1014,3.8628,10.497,0.0,0.0,1368,955,0,0,7.69,7.42,0.0,0.0,192,0.0,0.0,0.0,one,SR,1
0,1124,7115,2190,908,69.5215,18.5384,16.2102,21.2916,11.3198,1948,1369,1948,904,1.0,7.1,8.73,5.78,63,6.0,63.0,7.0,many,SR,3
0,1129,9891,175,0,29.5886,8.6645,9.9298,9.9143,0.0,1562,775,759,0,6.68,5.41,5.39,0.0,72,10.0,0.0,0.0,many,SR,2
0,1132,4483,0,0,17.838,5.2739,11.7762,0.0,0.0,1167,1086,0,0,5.16,7.88,0.0,0.0,124,0.0,0.0,0.0,one,SR,1
0,1138,5177,5176,0,48.414,12.6095,17.1656,17.1656,0.0,2609,1453,1453,0,14.13,7.37,7.37,0.0,45,0.0,0.0,0.0,many,SR,2
0,1141,5530,5529,0,37.6576,9.6035,13.3935,13.3935,0.0,1948,1092,1092,0,9.05,6.34,6.34,0.0,123,0.0,0.0,0.0,many,SR,2
0,1151,7748,3857,3783,71.8143,15.9987,17.7634,17.9858,17.7823,2123,1575,1534,1570,1.73,7.61,7.62,7.61,311,45.0,0.0,40.0,many,SR,3
0,1152,3983,0,0,16.3994,5.1482,10.5089,0.0,0.0,1118,957,0,0,5.06,7.42,0.0,0.0,105,0.0,0.0,0.0,one,SR,1
0,1156,5955,5074,2247,84.1439,22.3042,10.331,10.4947,38.507,3581,799,815,3581,15.04,5.51,5.55,14.01,18,0.0,0.0,18.0,many,SR,3
0,1160,90,0,0,25.3244,7.7263,16.6262,0.0,0.0,2188,1589,0,0,14.23,9.72,0.0,0.0,70,0.0,0.0,0.0,one,SR,1
0,1162,8653,0,0,21.0998,7.0584,13.2019,0.0,0.0,1465,1232,0,0,7.83,8.4,0.0,0.0,34,0.0,0.0,0.0,one,SR,1
0,1164,593,0,0,15.7606,2.838,12.122,0.0,0.0,3565,1122,0,0,30.23,8.01,0.0,0.0,298,0.0,0.0,0.0,one,SR,1
0,1169,5604,5603,0,37.2859,10.0917,12.9749,12.9749,0.0,1679,1052,1052,0,6.43,6.22,6.22,0.0,76,0.0,0.0,0.0,many,SR,2
0,1171,5994,0,0,13.3661,4.1835,8.5128,0.0,0.0,1628,752,0,0,11.07,6.7,0.0,0.0,126,0.0,0.0,0.0,one,SR,1
0,1175,9792,9791,0,56.6629,10.3725,22.2507,22.2507,0.0,2607,1954,1954,0,11.27,8.95,8.95,0.0,391,0.0,0.0,0.0,many,SR,2
0,1177,3402,0,0,21.0621,7.1737,13.0538,0.0,0.0,1671,1218,0,0,10.03,8.35,0.0,0.0,23,0.0,0.0,0.0,one,SR,1
0,1178,9819,0,0,14.8874,4.5064,9.6691,0.0,0.0,3566,871,0,0,31.04,7.12,0.0,0.0,130,0.0,0.0,0.0,one,SR,1
0,1179,3451,0,0,14.0447,4.0222,9.3233,0.0,0.0,1456,835,0,0,9.0,6.99,0.0,0.0,155,0.0,0.0,0.0,one,SR,1
0,1189,831,829,0,29.8829,8.1628,10.3101,10.3101,0.0,1252,797,797,0,3.25,5.5,5.5,0.0,119,0.0,0.0,0.0,many,SR,2
0,1190,8652,5940,5939,87.6332,19.6199,21.768,21.8022,21.8022,3454,1907,1910,1910,12.5,8.8,8.81,8.81,283,0.0,0.0,0.0,many,SR,3
0,1197,7114,0,0,18.8557,6.0987,11.962,0.0,0.0,1791,1106,0,0,11.65,7.95,0.0,0.0,72,0.0,0.0,0.0,one,SR,1
0,1198,5486,2310,0,36.1453,10.7475,10.9152,13.2853,0.0,1085,855,1085,0,0.62,5.66,6.31,0.0,2,0.0,2.0,0.0,many,SR,2
0,1203,5555,2826,0,36.6202,10.6823,12.2928,12.4329,0.0,1277,987,1010,0,2.5,6.04,6.08,0.0,16,0.0,7.0,0.0,many,SR,2
0,1204,6458,4935,0,49.0068,10.9717,17.6799,18.7896,0.0,2098,1519,1881,0,7.94,7.54,8.12,0.0,213,11.0,190.0,0.0,many,SR,2
0,1206,8606,0,0,19.2712,6.9576,11.5342,0.0,0.0,1436,1062,0,0,8.06,7.79,0.0,0.0,4,0.0,0.0,0.0,one,SR,1
0,1208,961,0,0,17.5814,6.5793,10.2686,0.0,0.0,1596,932,0,0,10.16,7.33,0.0,0.0,2,0.0,0.0,0.0,one,SR,1
0,1214,6251,0,0,14.3508,5.1562,8.5244,0.0,0.0,1092,753,0,0,5.43,6.7,0.0,0.0,60,0.0,0.0,0.0,one,SR,1
0,1229,4100,3447,0,44.0112,10.7434,15.9412,15.9213,0.0,2342,1336,1340,0,11.94,7.03,7.02,0.0,130,0.0,5.0,0.0,many,SR,2
0,1230,7794,0,0,24.6893,7.7829,15.962,0.0,0.0,1741,1519,0,0,9.78,9.44,0.0,0.0,49,0.0,0.0,0.0,one,SR,1
0,1235,2965,0,0,17.0984,5.9079,10.4503,0.0,0.0,1326,951,0,0,7.26,7.4,0.0,0.0,52,0.0,0.0,0.0,one,SR,1
0,1237,1699,1698,0,77.1289,16.5433,29.1832,29.1832,0.0,3803,2637,2637,0,19.96,11.1,11.1,0.0,234,0.0,0.0,0.0,many,SR,2
0,1243,616,615,0,32.0218,9.3457,10.7753,10.7753,0.0,1485,842,842,0,5.46,5.63,5.63,0.0,54,0.0,0.0,0.0,many,SR,2
0,1246,6921,349,0,29.4249,7.2356,10.625,10.448,0.0,1241,879,810,0,2.98,5.63,5.54,0.0,192,37.0,0.0,0.0,many,SR,2
0,1249,6510,0,0,19.2733,6.9191,11.5733,0.0,0.0,1140,1066,0,0,4.94,7.81,0.0,0.0,8,0.0,0.0,0.0,one,SR,1
0,1253,7870,0,0,16.837,6.1449,9.9697,0.0,0.0,1211,901,0,0,6.21,7.23,0.0,0.0,25,0.0,0.0,0.0,one,SR,1
0,1259,7232,5099,2409,72.5281,19.6693,16.8926,16.8907,16.8907,1426,1426,1426,1426,-4.69,7.28,7.28,7.28,0,0.0,0.0,0.0,many,SR,3
0,1264,5122,2439,2423,109.5017,26.4843,22.0661,22.0661,35.7801,3428,1936,1936,3428,8.05,8.89,8.89,13.27,100,0.0,0.0,100.0,many,SR,3
0,1268,3590,0,0,11.8207,2.9555,8.2063,0.0,0.0,1367,721,0,0,8.42,6.59,0.0,0.0,203,0.0,0.0,0.0,one,SR,1
0,1270,9578,4972,0,32.5192,8.6197,11.4014,11.3336,0.0,1187,978,910,0,1.98,5.86,5.79,0.0,127,55.0,11.0,0.0,many,SR,2
0,1272,821,0,0,18.5117,6.7975,10.9559,0.0,0.0,1834,1002,0,0,12.43,7.58,0.0,0.0,2,0.0,0.0,0.0,one,SR,1
0,1274,4817,0,0,13.7934,3.3637,9.716,0.0,0.0,1353,876,0,0,7.78,7.14,0.0,0.0,209,0.0,0.0,0.0,one,SR,1
0,1277,921,0,0,21.1162,7.3639,12.9228,0.0,0.0,1329,1204,0,0,6.49,8.3,0.0,0.0,7,0.0,0.0,0.0,one,SR,1
0,1283,9971,2460,0,45.1033,11.3892,14.9318,17.3514,0.0,1615,1239,1615,0,4.08,6.75,7.56,0.0,102,0.0,102.0,0.0,many,SR,2
0,1286,4542,0,0,16.7971,6.0866,9.9873,0.0,0.0,1093,903,0,0,4.97,7.23,0.0,0.0,29,0.0,0.0,0.0,one,SR,1
0,1295,3933,0,0,17.861,6.1222,10.9795,0.0,0.0,1422,1005,0,0,8.1,7.59,0.0,0.0,49,0.0,0.0,0.0,one,SR,1
0,1302,9437,0,0,15.396,4.59,10.0792,0.0,0.0,1329,913,0,0,7.41,7.27,0.0,0.0,133,0.0,0.0,0.0,one,SR,1
0,1304,5735,3170,0,38.4252,9.143,13.5067,14.4736,0.0,1337,1114,1216,0,2.32,6.38,6.64,0.0,176,8.0,15.0,0.0,many,SR,2
0,1308,8408,6007,4070,55.4056,13.6423,15.1794,12.347,12.3174,2892,1597,992,1000,13.09,7.09,6.05,6.05,248,239.0,0.0,8.0,many,SR,3
0,1311,9003,0,0,14.5165,5.5256,8.3275,0.0,0.0,1153,734,0,0,6.14,6.63,0.0,0.0,31,0.0,0.0,0.0,one,SR,1
0,1312,4847,0,0,17.563,4.3729,12.38,0.0,0.0,1362,1149,0,0,7.01,8.1,0.0,0.0,199,0.0,0.0,0.0,one,SR,1
0,1316,7146,0,0,16.167,4.6672,10.749,0.0,0.0,1878,981,0,0,12.96,7.51,0.0,0.0,143,0.0,0.0,0.0,one,SR,1
0,1321,2017,2016,1748,70.772,17.2544,17.2994,17.2994,16.7059,2503,1466,1466,1504,6.37,7.41,7.41,7.31,182,0.0,0.0,68.0,many,SR,3
0,1327,8557,0,0,15.7226,5.6774,9.345,0.0,0.0,1309,838,0,0,7.44,7.0,0.0,0.0,43,0.0,0.0,0.0,one,SR,1
0,1332,7025,309,0,42.835,10.894,15.3223,15.2458,0.0,1738,1316,1269,0,5.89,6.89,6.84,0.0,100,28.0,0.0,0.0,many,SR,2
0,1337,9063,2599,0,40.5943,10.1597,14.7016,14.4029,0.0,4180,1217,1189,0,31.92,6.69,6.61,0.0,124,0.0,0.0,0.0,many,SR,2
0,1338,5749,722,0,41.7825,9.7048,15.4703,15.2314,0.0,1995,1291,1301,0,8.56,6.9,6.86,0.0,183,0.0,24.0,0.0,many,SR,2
0,1339,7303,6797,0,38.2849,11.1158,13.2678,12.6571,0.0,1181,1084,1022,0,1.2,6.3,6.14,0.0,6,3.0,0.0,0.0,many,SR,2
0,1345,4287,0,0,15.3148,3.5115,11.0419,0.0,0.0,1584,1011,0,0,9.78,7.61,0.0,0.0,228,0.0,0.0,0.0,one,SR,1
0,1346,7626,0,0,22.8126,7.2142,14.7041,0.0,0.0,2482,1387,0,0,18.01,8.94,0.0,0.0,57,0.0,0.0,0.0,one,SR,1
0,1347,8450,2622,0,45.9198,11.6051,13.6656,19.1953,0.0,1796,1118,1796,0,5.77,6.41,8.13,0.0,101,0.0,101.0,0.0,many,SR,2
0,1362,7788,7787,0,46.6508,10.6332,17.2689,17.2689,0.0,1915,1463,1463,0,6.79,7.4,7.4,0.0,183,0.0,0.0,0.0,many,SR,2
0,1386,6157,4614,0,32.4806,8.2694,11.8141,11.223,0.0,1471,1026,908,0,4.88,5.98,5.77,0.0,157,61.0,17.0,0.0,many,SR,2
0,1389,9342,0,0,18.1249,4.4636,12.8349,0.0,0.0,1413,1195,0,0,7.4,8.26,0.0,0.0,203,0.0,0.0,0.0,one,SR,1
0,1390,636,635,0,31.295,7.759,11.1939,11.1939,0.0,1248,882,882,0,2.77,5.74,5.74,0.0,176,0.0,0.0,0.0,many,SR,2
0,1392,9566,8585,0,32.2708,9.2581,11.7101,10.1601,0.0,1399,1025,793,0,4.41,5.96,5.47,0.0,70,67.0,7.0,0.0,many,SR,2
0,1394,2572,0,0,21.1699,7.2594,13.0752,0.0,0.0,2528,1220,0,0,19.03,8.35,0.0,0.0,18,0.0,0.0,0.0,one,SR,1
0,1399,2376,0,0,15.9572,5.8633,9.3919,0.0,0.0,1209,843,0,0,6.38,7.02,0.0,0.0,31,0.0,0.0,0.0,one,SR,1
0,1402,6819,4655,2746,50.2945,13.8871,11.6481,11.3566,11.6519,1945,924,897,924,4.67,5.86,5.78,5.86,128,-1.0,0.0,-1.0,many,SR,3
0,1406,4128,3585,2044,51.1296,13.2506,14.5975,10.716,10.7626,1650,1371,837,842,1.1,6.8,5.61,5.62,203,117.0,1.0,1.0,many,SR,3
0,1407,7711,0,0,13.7308,4.805,8.2649,0.0,0.0,1384,727,0,0,8.58,6.61,0.0,0.0,78,0.0,0.0,0.0,one,SR,1
0,1410,2782,2034,0,44.2109,8.6368,18.6761,15.399,0.0,2038,1900,1284,0,7.91,8.11,6.88,0.0,331,211.0,0.0,0.0,many,SR,2
0,1411,6533,6532,2783,82.0466,20.0044,17.4072,17.4072,24.7468,2424,1477,1477,2424,3.12,7.44,7.44,9.92,159,0.0,0.0,159.0,many,SR,3
0,1416,2793,834,833,56.0235,16.2064,16.1503,10.9114,10.9114,1393,1393,855,855,-1.97,7.11,5.66,5.66,27,27.0,0.0,0.0,many,SR,3
0,1418,2455,795,0,44.4437,11.0306,16.0107,15.9862,0.0,1506,1441,1342,0,3.07,7.12,7.04,0.0,117,71.0,2.0,0.0,many,SR,2
0,1421,7565,1769,859,53.9209,15.2898,12.2366,12.555,12.0226,1186,982,1101,961,-3.9,6.02,6.18,5.96,73,0.0,64.0,0.0,many,SR,3
0,1423,5057,2720,0,31.8831,9.7008,10.5908,10.4794,0.0,1437,824,813,0,5.08,5.58,5.54,0.0,21,0.0,0.0,0.0,many,SR,2
0,1429,4964,1875,0,30.1004,8.3334,10.3425,10.3217,0.0,1237,801,813,0,3.06,5.51,5.52,0.0,109,0.0,10.0,0.0,many,SR,2
0,1433,9553,5068,0,48.1664,11.7806,18.4576,16.434,0.0,1774,1596,1382,0,5.18,7.78,7.16,0.0,114,11.0,0.0,0.0,many,SR,2
0,1439,6324,6322,3810,82.509,18.8985,20.3672,20.3672,20.3672,3052,1769,1769,1769,9.47,8.36,8.36,8.36,251,0.0,0.0,0.0,many,SR,3
0,1440,7416,7415,0,40.7177,11.5166,13.9519,13.9519,0.0,1485,1145,1145,0,3.92,6.49,6.49,0.0,11,0.0,0.0,0.0,many,SR,2
0,1442,2300,0,0,15.9643,6.1524,9.1201,0.0,0.0,1244,814,0,0,6.84,6.92,0.0,0.0,5,0.0,0.0,0.0,one,SR,1
0,1444,6051,0,0,16.1506,5.855,9.5869,0.0,0.0,1238,862,0,0,6.62,7.09,0.0,0.0,36,0.0,0.0,0.0,one,SR,1
0,1447,9022,0,0,17.392,6.2098,10.4424,0.0,0.0,1527,950,0,0,9.38,7.4,0.0,0.0,31,0.0,0.0,0.0,one,SR,1
0,1453,3454,3453,0,40.2441,10.9937,13.9757,13.9757,0.0,1404,1148,1148,0,3.05,6.49,6.49,0.0,48,0.0,0.0,0.0,many,SR,2
0,1454,7741,7740,0,46.7672,12.7154,16.3132,16.3132,0.0,3671,1371,1371,0,25.72,7.13,7.13,0.0,8,0.0,0.0,0.0,many,SR,2
0,1456,2134,0,0,35.3949,10.5829,23.5504,0.0,0.0,3194,2328,0,0,22.18,12.62,0.0,0.0,53,0.0,0.0,0.0,one,SR,1
0,1464,6685,4113,0,36.3856,10.0499,13.1104,11.9978,0.0,1236,1134,959,0,1.93,6.32,5.96,0.0,68,49.0,0.0,0.0,many,SR,2
0,1466,3234,2886,1720,69.5334,17.6388,15.3048,18.8234,15.5833,1782,1293,1713,1379,-0.94,6.87,7.97,6.99,137,13.0,68.0,56.0,many,SR,3
0,1468,6504,0,0,22.2788,6.7418,14.6452,0.0,0.0,2073,1380,0,0,13.74,8.92,0.0,0.0,88,0.0,0.0,0.0,one,SR,1
0,1470,7773,528,0,32.7516,9.7498,10.2943,11.5708,0.0,1252,795,954,0,2.92,5.5,5.87,0.0,33,-1.0,26.0,0.0,many,SR,2
0,1475,8464,7659,5496,73.3464,19.0248,15.3048,15.3048,21.4601,1998,1275,1275,1996,0.71,6.85,6.85,8.81,85,0.0,0.0,85.0,many,SR,3
0,1482,4978,2047,0,36.2377,10.2884,11.9369,12.8008,0.0,1412,953,1035,0,3.92,5.94,6.17,0.0,42,0.0,0.0,0.0,many,SR,2
0,1483,7468,0,0,12.7871,3.958,8.1713,0.0,0.0,1154,718,0,0,6.2,6.58,0.0,0.0,134,0.0,0.0,0.0,one,SR,1
0,1486,9179,5944,0,33.7479,9.739,11.2919,11.5558,0.0,1810,891,926,0,8.55,5.77,5.85,0.0,49,0.0,7.0,0.0,many,SR,2
0,1488,4291,1579,0,33.7675,8.2136,14.104,10.2397,0.0,1480,1274,791,0,4.65,6.62,5.48,0.0,183,82.0,0.0,0.0,many,SR,2
0,1490,6370,6183,0,58.8398,14.1165,21.6282,21.3474,0.0,2047,1960,1865,0,5.76,8.81,8.66,0.0,110,48.0,0.0,0.0,many,SR,2
0,1493,8498,0,0,15.1729,3.7945,10.6318,0.0,0.0,1334,969,0,0,7.29,7.47,0.0,0.0,200,0.0,0.0,0.0,one,SR,1
0,1498,7701,0,0,21.371,7.2499,13.2784,0.0,0.0,2123,1241,0,0,14.71,8.43,0.0,0.0,23,0.0,0.0,0.0,one,SR,1
0,1501,6034,0,0,15.3774,5.4701,9.2121,0.0,0.0,1487,824,0,0,9.36,6.95,0.0,0.0,54,0.0,0.0,0.0,one,SR,1
0,1502,4776,1614,0,34.594,8.7742,13.7479,10.8467,0.0,1341,1341,849,0,3.05,6.61,5.65,0.0,154,154.0,0.0,0.0,many,SR,2
0,1507,2155,0,0,19.0041,6.9212,11.3115,0.0,0.0,1239,1039,0,0,6.07,7.71,0.0,0.0,2,0.0,0.0,0.0,one,SR,1
0,1513,1924,0,0,14.3944,5.5052,8.2296,0.0,0.0,1167,723,0,0,6.32,6.6,0.0,0.0,30,0.0,0.0,0.0,one,SR,1
0,1529,3386,0,0,22.5356,6.1647,15.448,0.0,0.0,1708,1464,0,0,9.63,9.23,0.0,0.0,146,0.0,0.0,0.0,one,SR,1
0,1531,8329,6869,0,34.7246,9.0785,12.2507,12.1902,0.0,1988,998,980,0,10.03,6.04,6.01,0.0,121,11.0,2.0,0.0,many,SR,2
0,1532,2903,2902,0,56.056,10.8787,21.7108,21.7108,0.0,2748,1901,1901,0,13.05,8.78,8.78,0.0,336,0.0,0.0,0.0,many,SR,2
0,1539,6276,1715,0,30.7806,7.7466,11.2539,10.636,0.0,2019,887,951,0,10.9,5.75,5.69,0.0,174,0.0,88.0,0.0,many,SR,2
0,1542,804,0,0,18.5606,6.7858,11.0145,0.0,0.0,1010,1008,0,0,3.76,7.6,0.0,0.0,4,0.0,0.0,0.0,one,SR,1
0,1544,347,0,0,16.0979,6.1343,9.2666,0.0,0.0,1054,829,0,0,4.79,6.97,0.0,0.0,10,0.0,0.0,0.0,one,SR,1
0,1545,2541,0,0,20.4052,6.4808,13.0888,0.0,0.0,1598,1221,0,0,9.26,8.36,0.0,0.0,71,0.0,0.0,0.0,one,SR,1
0,1546,9686,3031,98,102.0333,25.849,19.3656,34.3018,19.6274,3157,1680,3157,1701,7.14,8.06,12.7,8.14,11,7.0,11.0,4.0,many,SR,3
0,1547,8995,0,0,17.6272,5.7429,11.12,0.0,0.0,1125,1019,0,0,4.93,7.64,0.0,0.0,78,0.0,0.0,0.0,one,SR,1
0,1552,3694,1240,573,51.5689,14.0562,10.3602,15.0206,10.3358,1451,803,1449,800,-0.93,5.51,6.94,5.51,144,1.0,144.0,0.0,many,SR,3
0,1560,3055,0,0,20.1362,7.2116,12.1239,0.0,0.0,1122,1122,0,0,4.58,8.01,0.0,0.0,0,0.0,0.0,0.0,one,SR,1
0,1561,4497,0,0,35.4198,10.5728,23.5843,0.0,0.0,3663,2331,0,0,27.1,12.63,0.0,0.0,54,0.0,0.0,0.0,one,SR,1
0,1565,101,0,0,18.3776,4.5784,12.9678,0.0,0.0,1505,1209,0,0,8.32,8.31,0.0,0.0,198,0.0,0.0,0.0,one,SR,1
0,1570,9294,4455,3064,67.2262,16.8283,12.0559,17.5116,18.6627,1859,964,1662,1859,0.01,5.97,7.63,8.07,183,0.0,124.0,183.0,many,SR,3
0,1581,23,0,0,17.1256,4.547,11.79,0.0,0.0,1340,1088,0,0,6.97,7.89,0.0,0.0,174,0.0,0.0,0.0,one,SR,1
0,1585,8761,0,0,14.7284,5.8083,8.2592,0.0,0.0,1039,727,0,0,4.96,6.61,0.0,0.0,10,0.0,0.0,0.0,one,SR,1
0,1603,6661,3190,0,36.3159,9.1447,14.6902,11.2206,0.0,1426,1426,884,0,3.63,6.86,5.75,0.0,150,150.0,0.0,0.0,many,SR,2
0,1607,7856,2338,1704,70.437,18.9973,16.4122,16.4662,16.4122,2034,1381,1401,1381,2.02,7.16,7.18,7.16,24,0.0,11.0,0.0,many,SR,3
0,1612,8687,4708,1089,63.602,13.9875,16.1962,16.3677,14.9509,2579,1360,1379,1241,8.18,7.1,7.14,6.76,335,0.0,2.0,0.0,many,SR,3
0,1616,9766,9765,3188,49.1661,13.4975,10.1303,10.1303,13.6598,1331,780,780,1331,-1.76,5.45,5.45,6.58,153,0.0,0.0,153.0,many,SR,3
0,1617,4040,0,0,13.8513,3.531,9.6105,0.0,0.0,1518,865,0,0,9.55,7.1,0.0,0.0,195,0.0,0.0,0.0,one,SR,1
0,1620,5480,5479,0,54.8904,14.1616,19.5534,19.5534,0.0,2066,1689,1689,0,7.09,8.11,8.11,0.0,30,0.0,0.0,0.0,many,SR,2
0,1623,5304,0,0,13.4095,3.881,8.8467,0.0,0.0,1245,786,0,0,6.94,6.82,0.0,0.0,154,0.0,0.0,0.0,one,SR,1
0,1624,6165,1803,0,55.7979,14.0036,20.0704,20.0704,0.0,2119,1739,1739,0,7.37,8.27,8.27,0.0,60,0.0,0.0,0.0,many,SR,2
0,1625,6344,0,0,11.3046,0.8673,9.7236,0.0,0.0,2415,876,0,0,18.93,7.14,0.0,0.0,379,0.0,0.0,0.0,one,SR,1
0,1626,9886,6681,0,33.6105,9.6608,11.8483,10.9388,0.0,1163,948,902,0,1.75,5.92,5.71,0.0,55,3.0,32.0,0.0,many,SR,2
0,1627,1481,1480,0,49.83,12.5337,17.8888,17.8888,0.0,2350,1525,1525,0,11.01,7.59,7.59,0.0,78,0.0,0.0,0.0,many,SR,2
0,1632,1056,0,0,32.6215,10.3914,21.0723,0.0,0.0,3345,2063,0,0,24.7,11.58,0.0,0.0,2,0.0,0.0,0.0,one,SR,1
0,1633,4819,4818,0,37.1733,10.7859,12.582,12.582,0.0,1514,1015,1015,0,4.89,6.12,6.12,0.0,16,0.0,0.0,0.0,many,SR,2
0,1634,2218,0,0,23.5927,7.9014,14.7938,0.0,0.0,1715,1396,0,0,9.93,8.97,0.0,0.0,12,0.0,0.0,0.0,one,SR,1
0,1644,4007,1801,0,32.1102,9.4696,10.7674,10.7483,0.0,1130,843,841,0,1.74,5.63,5.62,0.0,45,1.0,1.0,0.0,many,SR,2
0,1648,6820,0,0,14.0522,5.1933,8.2003,0.0,0.0,1262,720,0,0,7.32,6.59,0.0,0.0,50,0.0,0.0,0.0,one,SR,1
0,1649,416,415,0,49.5525,10.8768,18.558,18.558,0.0,2099,1590,1590,0,8.0,7.8,7.8,0.0,216,0.0,0.0,0.0,many,SR,2
0,1653,6291,0,0,16.9868,6.1226,10.1357,0.0,0.0,1447,918,0,0,8.64,7.29,0.0,0.0,30,0.0,0.0,0.0,one,SR,1
0,1656,5516,0,0,18.9353,5.8545,12.2745,0.0,0.0,1453,1138,0,0,8.0,8.06,0.0,0.0,96,0.0,0.0,0.0,one,SR,1
0,1662,4837,2517,0,32.3287,8.432,10.0413,12.6844,0.0,1351,789,1177,0,3.65,5.44,6.27,0.0,144,12.0,109.0,0.0,many,SR,2
0,1668,2262,0,0,35.5632,9.0235,25.2088,0.0,0.0,2642,2505,0,0,15.76,13.31,0.0,0.0,202,0.0,0.0,0.0,one,SR,1
0,1671,4228,0,0,18.0007,5.8919,11.3368,0.0,0.0,1253,1041,0,0,6.21,7.72,0.0,0.0,72,0.0,0.0,0.0,one,SR,1
0,1672,9663,6772,1861,57.7631,13.5334,12.171,12.4935,17.6004,3133,975,1006,1550,15.21,6.0,6.09,7.55,283,0.0,0.0,38.0,many,SR,3
0,1676,4737,0,0,14.792,5.844,8.2863,0.0,0.0,1950,729,0,0,14.52,6.62,0.0,0.0,8,0.0,0.0,0.0,one,SR,1
0,1681,7253,7222,0,34.6959,9.8698,9.9629,13.6805,0.0,1160,764,1128,0,1.54,5.41,6.42,0.0,53,0.0,6.0,0.0,many,SR,2
0,1682,8594,5087,4873,78.0175,19.758,15.2838,25.1052,15.5075,2527,1273,2264,1312,5.27,6.85,9.86,6.92,103,0.0,20.0,13.0,many,SR,3
0,1683,4761,2946,0,46.0603,11.6722,16.4769,16.4769,0.0,4827,1387,1387,0,37.77,7.17,7.17,0.0,85,0.0,0.0,0.0,many,SR,2
0,1687,9540,6030,0,47.5619,13.0038,17.9896,15.1259,0.0,1538,1534,1257,0,3.17,7.62,6.8,0.0,-1,0.0,0.0,0.0,many,SR,2
0,1688,1673,0,0,18.2004,5.9556,11.4678,0.0,0.0,1373,1055,0,0,7.42,7.77,0.0,0.0,71,0.0,0.0,0.0,one,SR,1
0,1689,2603,0,0,15.2269,6.0462,8.5109,0.0,0.0,1690,752,0,0,11.72,6.7,0.0,0.0,-1,0.0,0.0,0.0,one,SR,1
0,1693,9116,0,0,15.5949,5.4567,9.4348,0.0,0.0,1075,847,0,0,4.96,7.03,0.0,0.0,60,0.0,0.0,0.0,one,SR,1
0,1695,7218,0,0,17.8673,6.4459,10.673,0.0,0.0,1281,974,0,0,6.72,7.48,0.0,0.0,20,0.0,0.0,0.0,one,SR,1
0,1698,1763,0,0,13.6531,4.5755,8.4113,0.0,0.0,1229,742,0,0,6.91,6.66,0.0,0.0,97,0.0,0.0,0.0,one,SR,1
0,1699,3898,0,0,23.2605,7.8019,14.5692,0.0,0.0,1660,1373,0,0,9.43,8.89,0.0,0.0,14,0.0,0.0,0.0,one,SR,1
0,1704,1853,0,0,19.3979,5.2629,13.2919,0.0,0.0,1415,1242,0,0,7.27,8.43,0.0,0.0,159,0.0,0.0,0.0,one,SR,1
0,1707,1178,1177,0,71.4523,17.8097,25.8159,25.8159,0.0,3002,2306,2306,0,13.42,10.05,10.05,0.0,20,0.0,0.0,0.0,many,SR,2
0,1708,4575,0,0,16.2416,6.142,9.3976,0.0,0.0,1097,843,0,0,5.2,7.02,0.0,0.0,12,0.0,0.0,0.0,one,SR,1
0,1718,5587,1549,0,30.5977,9.587,9.9648,9.9648,0.0,1614,764,764,0,7.22,5.41,5.41,0.0,10,0.0,0.0,0.0,many,SR,2
0,1721,8898,0,0,45.7982,13.0926,31.1277,0.0,0.0,3670,3135,0,0,24.33,15.78,0.0,0.0,76,0.0,0.0,0.0,one,SR,1
0,1727,9632,8118,3394,83.1292,21.7657,15.0611,20.237,23.6153,2113,1255,1762,2105,0.14,6.79,8.33,9.38,20,3.0,4.0,12.0,many,SR,3
0,1728,2528,423,0,30.8559,9.0502,10.3149,10.3879,0.0,1129,798,813,0,1.93,5.5,5.53,0.0,60,0.0,6.0,0.0,many,SR,2
0,1730,1976,778,0,48.2194,11.7693,11.0351,23.899,0.0,2189,867,2121,0,9.34,5.7,9.46,0.0,128,0.0,3.0,0.0,many,SR,2
0,1733,8495,6867,0,32.899,7.8951,11.7881,12.011,0.0,1249,973,1156,0,2.27,5.93,6.12,0.0,201,25.0,140.0,0.0,many,SR,2
0,1740,862,0,0,24.1872,7.6325,15.6243,0.0,0.0,1655,1483,0,0,9.0,9.3,0.0,0.0,51,0.0,0.0,0.0,one,SR,1
0,1741,9326,0,0,17.9827,6.7049,10.5344,0.0,0.0,1633,960,0,0,10.46,7.43,0.0,0.0,-1,0.0,0.0,0.0,one,SR,1
0,1742,3438,1957,130,60.9533,17.0611,21.7906,10.0608,10.0679,1976,1976,773,773,2.99,8.86,5.43,5.43,48,48.0,0.0,-1.0,many,SR,3
0,1745,9176,0,0,17.8931,6.3706,10.7707,0.0,0.0,1232,984,0,0,6.17,7.52,0.0,0.0,27,0.0,0.0,0.0,one,SR,1
0,1746,2573,1132,1131,55.0209,13.6549,11.2105,14.1369,14.1369,1849,882,1162,1162,2.48,5.74,6.54,6.54,224,-1.0,-1.0,-1.0,many,SR,3
0,1749,8447,0,0,14.753,4.0823,9.9485,0.0,0.0,1180,900,0,0,5.89,7.22,0.0,0.0,165,0.0,0.0,0.0,one,SR,1
0,1753,6500,0,0,15.7263,5.9063,9.128,0.0,0.0,1081,815,0,0,5.12,6.92,0.0,0.0,22,0.0,0.0,0.0,one,SR,1
0,1754,8114,0,0,14.5057,4.4042,9.3995,0.0,0.0,1246,843,0,0,6.76,7.02,0.0,0.0,131,0.0,0.0,0.0,one,SR,1
0,1756,9300,0,0,15.1271,4.5722,9.837,0.0,0.0,1212,888,0,0,6.26,7.18,0.0,0.0,129,0.0,0.0,0.0,one,SR,1
0,1757,34,0,0,15.2289,4.9326,9.5872,0.0,0.0,1294,863,0,0,7.21,7.09,0.0,0.0,99,0.0,0.0,0.0,one,SR,1
0,1760,8741,8740,0,53.7535,10.4504,20.8018,20.8018,0.0,3061,1812,1812,0,16.84,8.5,8.5,0.0,331,0.0,0.0,0.0,many,SR,2
0,1770,6160,0,0,26.4135,8.7372,16.7013,0.0,0.0,1702,1597,0,0,9.1,9.75,0.0,0.0,3,0.0,0.0,0.0,one,SR,1
0,1775,9057,9056,0,79.0695,18.8777,28.9922,28.9922,0.0,3701,2618,2618,0,18.99,11.04,11.04,0.0,68,0.0,0.0,0.0,many,SR,2
0,1777,6996,3548,3461,72.5744,18.799,13.0224,25.4759,13.0224,2416,1056,2416,1056,5.08,6.23,10.08,6.23,102,0.0,102.0,0.0,many,SR,3
0,1780,6176,5727,53,45.018,12.6961,10.7691,9.9529,9.9438,1389,998,769,762,-0.32,5.75,5.41,5.4,151,112.0,4.0,0.0,many,SR,3
0,1781,6232,914,0,32.4725,9.8656,10.6564,10.8256,0.0,1567,831,862,0,6.33,5.6,5.65,0.0,18,0.0,11.0,0.0,many,SR,2
0,1782,8334,0,0,18.0511,6.602,10.7001,0.0,0.0,1102,976,0,0,4.83,7.49,0.0,0.0,10,0.0,0.0,0.0,one,SR,1
0,1789,8756,4714,0,32.9411,9.3392,11.2316,11.2206,0.0,2324,887,884,0,14.05,5.75,5.75,0.0,69,1.0,0.0,0.0,many,SR,2
0,1795,2000,0,0,15.7299,4.9587,10.0459,0.0,0.0,1477,909,0,0,8.98,7.25,0.0,0.0,107,0.0,0.0,0.0,one,SR,1
0,1796,8338,3836,0,39.7579,9.2892,12.3717,16.7425,0.0,1690,994,1686,0,5.55,6.06,7.49,0.0,198,0.0,195.0,0.0,many,SR,2
0,1805,4652,4651,0,56.9215,13.4186,20.8989,20.8989,0.0,2663,1821,1821,0,12.61,8.53,8.53,0.0,132,0.0,0.0,0.0,many,SR,2
0,1806,7530,0,0,15.833,5.8889,9.2473,0.0,0.0,1473,828,0,0,9.2,6.97,0.0,0.0,26,0.0,0.0,0.0,one,SR,1
0,1808,7738,0,0,21.8037,7.4176,13.5342,0.0,0.0,1535,1267,0,0,8.45,8.52,0.0,0.0,17,0.0,0.0,0.0,one,SR,1
0,1814,7776,7775,3594,72.7971,18.3799,15.378,15.378,21.4006,2060,1282,1282,2060,1.28,6.87,6.87,8.86,134,0.0,0.0,134.0,many,SR,3
0,1816,7862,0,0,17.2934,4.816,11.6924,0.0,0.0,1155,1078,0,0,5.06,7.85,0.0,0.0,154,0.0,0.0,0.0,one,SR,1
0,1819,4468,3400,0,29.2026,9.1299,9.5072,9.5087,0.0,1101,721,722,0,2.05,5.28,5.28,0.0,26,0.0,1.0,0.0,many,SR,2
0,1820,7677,562,561,88.6959,22.7729,27.0541,18.1437,18.1437,2472,2472,1549,1549,2.72,10.48,7.67,7.67,32,32.0,0.0,0.0,many,SR,3
0,1824,5892,5891,0,29.245,6.5576,10.781,10.781,0.0,1595,842,842,0,6.62,5.63,5.63,0.0,244,0.0,0.0,0.0,many,SR,2
0,1831,7804,0,0,16.7513,4.1487,11.8134,0.0,0.0,2547,1090,0,0,19.64,7.89,0.0,0.0,202,0.0,0.0,0.0,one,SR,1
0,1833,4032,0,0,12.6243,3.8179,8.1496,0.0,0.0,1359,715,0,0,8.36,6.57,0.0,0.0,143,0.0,0.0,0.0,one,SR,1
0,1835,9073,5585,4593,70.7687,17.1273,12.6177,26.4292,12.3298,3295,1042,2597,990,14.22,6.15,10.45,6.05,222,17.0,164.0,0.0,many,SR,3
0,1836,9260,1703,0,83.3271,17.1817,35.8277,27.8926,0.0,3641,3453,2777,0,16.41,13.31,10.94,0.0,317,114.0,189.0,0.0,many,SR,2
0,1847,7328,0,0,13.2282,3.3715,9.1632,0.0,0.0,1465,819,0,0,9.14,6.94,0.0,0.0,196,0.0,0.0,0.0,one,SR,1
0,1851,7055,0,0,15.5871,5.8859,9.013,0.0,0.0,1206,804,0,0,6.47,6.88,0.0,0.0,21,0.0,0.0,0.0,one,SR,1
0,1861,3165,3164,491,64.0113,17.1995,11.682,11.682,21.3984,1976,929,929,1943,2.3,5.87,5.87,8.75,85,0.0,0.0,52.0,many,SR,3
0,1863,6212,0,0,14.128,4.5324,8.9112,0.0,0.0,1325,793,0,0,7.75,6.84,0.0,0.0,111,0.0,0.0,0.0,one,SR,1
0,1871,4551,4550,0,30.2639,5.8098,11.6411,11.6411,0.0,1965,924,924,0,10.09,5.86,5.86,0.0,323,0.0,0.0,0.0,many,SR,2
0,1874,547,0,0,35.7749,8.3011,26.1056,0.0,0.0,3479,2600,0,0,24.22,13.68,0.0,0.0,274,0.0,0.0,0.0,one,SR,1
0,1877,4705,0,0,21.0693,7.3112,12.9285,0.0,0.0,1829,1204,0,0,11.74,8.3,0.0,0.0,11,0.0,0.0,0.0,one,SR,1
0,1888,8616,0,0,21.4415,7.001,13.5868,0.0,0.0,1771,1272,0,0,10.91,8.54,0.0,0.0,47,0.0,0.0,0.0,one,SR,1
0,1889,6270,3332,0,42.6099,9.1073,16.0478,16.0436,0.0,2019,1346,1347,0,8.5,7.06,7.06,0.0,245,0.0,1.0,0.0,many,SR,2
0,1892,9207,8335,0,34.4661,9.4503,12.4859,11.3374,0.0,1288,1017,952,0,2.79,6.1,5.83,0.0,88,8.0,40.0,0.0,many,SR,2
0,1895,9375,0,0,18.6027,5.8622,11.9463,0.0,0.0,1726,1104,0,0,10.97,7.94,0.0,0.0,88,0.0,0.0,0.0,one,SR,1
0,1896,7130,4797,3175,85.337,19.207,14.323,19.4673,29.7315,3231,1181,1681,2849,10.45,6.59,8.08,11.41,291,0.0,1.0,112.0,many,SR,3
0,1898,3124,0,0,13.9009,4.2725,8.9427,0.0,0.0,1214,797,0,0,6.58,6.86,0.0,0.0,130,0.0,0.0,0.0,one,SR,1
0,1899,5418,0,0,14.6591,5.7794,8.2201,0.0,0.0,1077,723,0,0,5.37,6.6,0.0,0.0,11,0.0,0.0,0.0,one,SR,1
0,1901,1258,0,0,15.5999,5.9778,8.9367,0.0,0.0,1442,796,0,0,8.97,6.85,0.0,0.0,13,0.0,0.0,0.0,one,SR,1
0,1902,6459,1164,211,52.9126,12.8931,12.2374,12.0473,13.8625,2449,1038,1236,1137,8.86,6.07,6.19,6.46,270,40.0,195.0,0.0,many,SR,3
0,1904,6353,3863,3100,74.0859,19.2956,17.458,17.5449,17.5449,2866,1482,1490,1490,9.91,7.46,7.48,7.48,61,0.0,0.0,0.0,many,SR,3
0,1906,6743,0,0,12.2695,3.0622,8.5364,0.0,0.0,1889,755,0,0,13.8,6.71,0.0,0.0,203,0.0,0.0,0.0,one,SR,1
0,1909,7479,5113,0,38.4761,10.4268,15.0437,11.7322,0.0,1993,1292,971,0,9.47,6.82,5.92,0.0,71,30.0,27.0,0.0,many,SR,2
0,1924,5663,5662,0,37.6777,9.9346,13.2422,13.2422,0.0,1429,1077,1077,0,3.68,6.29,6.29,0.0,95,0.0,0.0,0.0,many,SR,2
0,1925,6858,4462,0,35.4841,9.4732,12.3266,12.4707,0.0,1638,992,1004,0,6.28,6.05,6.09,0.0,99,1.0,0.0,0.0,many,SR,2
0,1927,9714,338,0,58.3641,13.6245,22.4284,20.5654,0.0,3102,2011,1789,0,16.86,9.04,8.42,0.0,143,28.0,1.0,0.0,many,SR,2
0,1933,3330,2829,0,34.5369,10.0594,10.8552,12.4464,0.0,1214,850,1037,0,2.16,5.65,6.11,0.0,36,0.0,25.0,0.0,many,SR,2
0,1936,9060,877,0,36.8026,9.6868,14.0718,11.7973,0.0,1368,1186,965,0,3.14,6.54,5.92,0.0,105,21.0,18.0,0.0,many,SR,2
0,1943,6734,4494,0,41.6256,10.1137,14.8272,15.3237,0.0,2066,1229,1310,0,9.44,6.72,6.89,0.0,146,0.0,24.0,0.0,many,SR,2
0,1945,9726,9287,8915,87.7889,22.3908,21.9519,20.517,20.3647,2257,1954,1783,1768,0.62,8.88,8.41,8.36,47,21.0,0.0,0.0,many,SR,3
0,1954,3951,0,0,15.4106,5.2762,9.431,0.0,0.0,1561,847,0,0,10.06,7.03,0.0,0.0,72,0.0,0.0,0.0,one,SR,1
0,1956,4770,0,0,19.8965,6.5128,12.5672,0.0,0.0,1599,1167,0,0,9.44,8.17,0.0,0.0,57,0.0,0.0,0.0,one,SR,1
0,1959,2224,0,0,16.8167,5.7394,10.341,0.0,0.0,1269,940,0,0,6.7,7.36,0.0,0.0,61,0.0,0.0,0.0,one,SR,1
0,1960,7508,0,0,19.2178,5.3585,13.0261,0.0,0.0,1593,1214,0,0,9.23,8.33,0.0,0.0,146,0.0,0.0,0.0,one,SR,1
0,1965,6885,3647,0,47.629,12.6793,16.5786,16.9219,0.0,2769,1396,1432,0,16.03,7.2,7.29,0.0,25,0.0,2.0,0.0,many,SR,2
0,1975,8216,8215,0,50.7123,11.5514,18.7934,18.7934,0.0,3013,1613,1613,0,17.47,7.87,7.87,0.0,179,0.0,0.0,0.0,many,SR,2
0,1982,1303,1302,0,49.7845,9.7389,19.2222,19.2222,0.0,2133,1656,1656,0,7.98,8.01,8.01,0.0,319,0.0,0.0,0.0,many,SR,2
0,1983,136,0,0,14.4637,4.0751,9.6767,0.0,0.0,1497,871,0,0,9.31,7.12,0.0,0.0,159,0.0,0.0,0.0,one,SR,1
0,1986,9222,0,0,23.9661,6.7431,16.266,0.0,0.0,2104,1551,0,0,13.48,9.57,0.0,0.0,128,0.0,0.0,0.0,one,SR,1
0,1987,9813,0,0,26.6493,7.3976,18.2132,0.0,0.0,1842,1759,0,0,9.99,10.39,0.0,0.0,133,0.0,0.0,0.0,one,SR,1
0,1989,4512,1911,0,34.4717,9.7518,13.5237,10.0152,0.0,2199,1127,769,0,12.46,6.39,5.42,0.0,60,16.0,0.0,0.0,many,SR,2
0,1990,9424,0,0,15.1699,5.0659,9.4017,0.0,0.0,1250,844,0,0,6.8,7.02,0.0,0.0,86,0.0,0.0,0.0,one,SR,1
0,1991,6706,0,0,32.6285,10.244,21.2205,0.0,0.0,2419,2079,0,0,14.92,11.64,0.0,0.0,16,0.0,0.0,0.0,one,SR,1
0,1992,7002,6659,2963,55.9758,14.8767,12.3156,12.2319,14.6764,1811,989,981,1220,2.14,6.04,6.02,6.69,137,0.0,0.0,4.0,many,SR,3
0,1993,2331,0,0,16.794,5.6743,10.382,0.0,0.0,1848,944,0,0,12.76,7.38,0.0,0.0,66,0.0,0.0,0.0,one,SR,1
0,1995,5391,847,0,34.718,8.6554,10.4899,14.3475,0.0,1621,814,1320,0,5.99,5.55,6.7,0.0,162,0.0,98.0,0.0,many,SR,2
0,1999,2583,0,0,13.5365,4.2951,8.5695,0.0,0.0,1296,758,0,0,7.56,6.72,0.0,0.0,120,0.0,0.0,0.0,one,SR,1
0,2001,9188,7212,7211,83.3486,19.245,22.1656,19.7011,19.7011,2280,2086,1703,1703,1.12,9.05,8.15,8.15,244,99.0,0.0,0.0,many,SR,3
0,2009,5106,0,0,16.2496,5.1729,10.3407,0.0,0.0,1320,939,0,0,7.24,7.36,0.0,0.0,99,0.0,0.0,0.0,one,SR,1
0,2013,7639,3537,0,38.8039,9.6143,14.629,13.247,0.0,1421,1421,1078,0,3.1,6.84,6.3,0.0,151,151.0,0.0,0.0,many,SR,2
0,2025,7955,0,0,16.9952,4.5197,11.6905,0.0,0.0,1239,1078,0,0,5.94,7.85,0.0,0.0,174,0.0,0.0,0.0,one,SR,1
0,2026,4146,0,0,18.3518,5.9509,11.6183,0.0,0.0,1382,1071,0,0,7.47,7.83,0.0,0.0,75,0.0,0.0,0.0,one,SR,1
0,2027,8851,0,0,18.1838,6.6897,10.7433,0.0,0.0,1351,981,0,0,7.43,7.51,0.0,0.0,5,0.0,0.0,0.0,one,SR,1
0,2028,9137,9136,0,62.8343,13.8553,23.5544,23.5544,0.0,3499,2083,2083,0,19.91,9.35,9.35,0.0,203,0.0,0.0,0.0,many,SR,2
0,2032,2097,0,0,14.5632,3.5207,10.3076,0.0,0.0,1296,936,0,0,6.99,7.35,0.0,0.0,211,0.0,0.0,0.0,one,SR,1
0,2034,7793,0,0,17.6397,6.2487,10.6437,0.0,0.0,1675,971,0,0,10.86,7.47,0.0,0.0,33,0.0,0.0,0.0,one,SR,1
0,2038,7339,0,0,13.9267,4.094,9.1399,0.0,0.0,1177,817,0,0,6.12,6.93,0.0,0.0,146,0.0,0.0,0.0,one,SR,1
0,2039,5738,5737,0,92.1772,21.0466,34.2968,34.2968,0.0,3604,3141,3141,0,15.01,12.68,12.68,0.0,122,0.0,0.0,0.0,many,SR,2
0,2040,2396,0,0,19.5186,6.2721,12.4345,0.0,0.0,1376,1154,0,0,7.14,8.12,0.0,0.0,71,0.0,0.0,0.0,one,SR,1
0,2041,9467,605,0,34.6817,8.9973,10.0831,14.3817,0.0,1399,833,1317,0,3.71,5.49,6.71,0.0,135,41.0,93.0,0.0,many,SR,2
0,2043,2387,2386,0,32.97,9.7843,11.0236,11.0236,0.0,1719,865,865,0,7.8,5.69,5.69,0.0,32,0.0,0.0,0.0,many,SR,2
0,2047,8289,0,0,31.0765,9.7628,20.1924,0.0,0.0,2227,1970,0,0,13.29,11.21,0.0,0.0,23,0.0,0.0,0.0,one,SR,1
0,2050,8411,0,0,12.1817,3.345,8.1789,0.0,0.0,1203,718,0,0,6.71,6.58,0.0,0.0,176,0.0,0.0,0.0,one,SR,1
0,2053,8490,3893,0,96.1064,22.9133,35.2979,35.296,0.0,4316,3240,3240,0,21.93,13.0,13.0,0.0,33,0.0,0.0,0.0,many,SR,2
0,2065,7647,5017,0,37.0668,10.4942,12.5904,12.7513,0.0,1376,1049,1031,0,3.37,6.15,6.16,0.0,40,24.0,0.0,0.0,many,SR,2
0,2068,4670,0,0,27.3566,8.8611,17.4872,0.0,0.0,2675,1682,0,0,19.01,10.08,0.0,0.0,15,0.0,0.0,0.0,one,SR,1
0,2069,6346,0,0,14.3566,5.2625,8.4271,0.0,0.0,1067,744,0,0,5.2,6.67,0.0,0.0,51,0.0,0.0,0.0,one,SR,1
0,2071,2468,2467,0,51.8278,10.7737,19.7113,19.7113,0.0,2509,1704,1704,0,11.66,8.16,8.16,0.0,267,0.0,0.0,0.0,many,SR,2
0,2072,6519,0,0,16.2216,6.2618,9.2628,0.0,0.0,1122,829,0,0,5.51,6.97,0.0,0.0,1,0.0,0.0,0.0,one,SR,1
0,2074,6977,6976,0,32.759,10.0716,10.781,10.781,0.0,1586,842,842,0,6.52,5.63,5.63,0.0,4,0.0,0.0,0.0,many,SR,2
0,2077,8607,0,0,13.6627,3.104,9.8408,0.0,0.0,1657,888,0,0,10.94,7.18,0.0,0.0,229,0.0,0.0,0.0,one,SR,1
0,2078,4806,0,0,18.9623,6.3046,11.8662,0.0,0.0,1358,1096,0,0,7.14,7.91,0.0,0.0,56,0.0,0.0,0.0,one,SR,1
0,2081,3976,2620,0,61.2298,11.9712,23.6901,23.6901,0.0,3725,2096,2096,0,22.21,9.39,9.39,0.0,337,0.0,0.0,0.0,many,SR,2
0,2084,6172,0,0,15.766,5.9617,9.1125,0.0,0.0,1066,814,0,0,4.97,6.92,0.0,0.0,18,0.0,0.0,0.0,one,SR,1
0,2088,9141,8964,0,36.5133,9.9033,14.7772,10.5977,0.0,1763,1241,886,0,7.4,6.72,5.63,0.0,83,12.0,44.0,0.0,many,SR,2
0,2090,3434,2172,0,31.1674,7.5303,12.4314,10.0403,0.0,1583,1189,770,0,6.13,6.23,5.43,0.0,202,135.0,-1.0,0.0,many,SR,2
0,2100,9144,4377,1336,67.6728,18.6662,18.0133,13.3145,15.5888,1551,1551,1085,1314,-2.52,7.64,6.32,6.94,10,10.0,0.0,9.0,many,SR,3
0,2101,5041,0,0,14.8964,5.5115,8.7081,0.0,0.0,1406,772,0,0,8.67,6.77,0.0,0.0,40,0.0,0.0,0.0,one,SR,1
0,2104,2863,0,0,23.1131,7.4806,14.7372,0.0,0.0,2642,1390,0,0,19.68,8.95,0.0,0.0,40,0.0,0.0,0.0,one,SR,1
0,2106,1551,1550,0,54.2423,11.4376,20.5601,20.5601,0.0,2045,1788,1788,0,6.31,8.42,8.42,0.0,254,0.0,0.0,0.0,many,SR,2
0,2109,9662,7144,6302,94.8635,23.7624,24.0933,22.1552,22.115,2338,2177,1946,1941,-0.09,9.56,8.92,8.9,60,29.0,1.0,0.0,many,SR,3
0,2110,3688,0,0,26.6942,8.5798,17.1213,0.0,0.0,1867,1643,0,0,10.67,9.93,0.0,0.0,25,0.0,0.0,0.0,one,SR,1
0,2114,9634,6571,0,30.9238,8.5441,10.723,10.5384,0.0,1881,848,819,0,9.69,5.62,5.56,0.0,104,8.0,0.0,0.0,many,SR,2
0,2118,8543,8542,0,36.5822,9.8723,12.739,12.739,0.0,2396,1030,1030,0,14.07,6.16,6.16,0.0,83,0.0,0.0,0.0,many,SR,2
0,2125,4152,1107,1106,64.91,17.9369,17.3598,13.7892,13.7892,1509,1509,1130,1130,-2.47,7.46,6.44,6.44,26,26.0,0.0,0.0,many,SR,3
0,2131,4263,4260,0,47.5331,12.9325,16.5805,16.5805,0.0,1833,1396,1396,0,6.29,7.2,7.2,0.0,2,0.0,0.0,0.0,many,SR,2
0,2132,2895,1942,0,68.6846,16.2254,22.7823,27.6983,0.0,2727,2006,2535,0,10.83,9.11,10.68,0.0,108,0.0,31.0,0.0,many,SR,2
0,2134,3539,0,0,28.7281,8.2842,19.3576,0.0,0.0,2173,1881,0,0,13.04,10.86,0.0,0.0,102,0.0,0.0,0.0,one,SR,1
0,2141,9372,0,0,15.1341,4.2004,10.2024,0.0,0.0,1427,926,0,0,8.4,7.31,0.0,0.0,163,0.0,0.0,0.0,one,SR,1
0,2146,337,0,0,18.6223,6.2379,11.6026,0.0,0.0,1416,1069,0,0,7.83,7.82,0.0,0.0,55,0.0,0.0,0.0,one,SR,1
0,2149,6783,4435,1566,62.3294,15.677,14.8757,14.8776,14.8776,2521,1234,1234,1234,8.28,6.74,6.74,6.74,172,0.0,0.0,0.0,many,SR,3
0,2150,4212,0,0,22.0582,7.6728,13.5339,0.0,0.0,1266,1266,0,0,5.63,8.52,0.0,0.0,0,0.0,0.0,0.0,one,SR,1
0,2151,5964,3476,0,35.119,8.957,11.9579,12.9764,0.0,1755,955,1186,0,7.38,5.95,6.33,0.0,143,0.0,96.0,0.0,many,SR,2
0,2153,8124,7686,0,55.3864,11.7303,20.4782,21.4629,0.0,2097,1779,1936,0,6.58,8.39,8.76,0.0,253,0.0,42.0,0.0,many,SR,2
0,2154,6839,3431,2755,54.2441,13.5356,10.8191,17.1656,10.8575,3250,846,1453,860,17.33,5.64,7.37,5.66,223,0.0,0.0,7.0,many,SR,3
0,2159,4637,1930,0,32.9324,8.3646,11.6963,11.6963,0.0,1400,930,930,0,4.12,5.88,5.88,0.0,151,0.0,0.0,0.0,many,SR,2
0,2167,8871,8548,3829,92.859,21.0107,23.1502,22.8631,23.0638,2258,2043,2163,2050,-1.23,9.23,9.27,9.21,268,0.0,105.0,11.0,many,SR,3
0,2169,2367,0,0,24.5836,7.1419,16.4761,0.0,0.0,1801,1573,0,0,10.22,9.66,0.0,0.0,106,0.0,0.0,0.0,one,SR,1
0,2170,6581,1816,0,41.6428,11.3575,13.5752,15.384,0.0,2110,1109,1285,0,10.22,6.38,6.88,0.0,40,0.0,2.0,0.0,many,SR,2
0,2175,5703,1375,0,40.1811,11.4175,13.7388,13.7388,0.0,2242,1125,1125,0,11.97,6.43,6.43,0.0,11,0.0,0.0,0.0,many,SR,2
0,2177,9015,3311,427,69.4863,18.6349,16.2479,16.2333,16.2384,2215,1363,1363,1363,4.07,7.11,7.1,7.11,38,-1.0,0.0,-1.0,many,SR,3
0,2178,8333,8332,0,39.1065,10.888,13.4734,13.4734,0.0,1850,1100,1100,0,7.98,6.36,6.36,0.0,38,0.0,0.0,0.0,many,SR,2
0,2180,3762,0,0,14.5218,4.562,9.2628,0.0,0.0,1592,829,0,0,10.44,6.97,0.0,0.0,117,0.0,0.0,0.0,one,SR,1
0,2187,1085,0,0,24.472,4.679,18.7329,0.0,0.0,1999,1814,0,0,11.45,10.6,0.0,0.0,332,0.0,0.0,0.0,one,SR,1
0,2188,7454,7453,0,47.9868,10.2682,18.0936,18.0936,0.0,1807,1545,1545,0,5.19,7.66,7.66,0.0,240,0.0,0.0,0.0,many,SR,2
0,2191,6641,673,672,88.7541,22.1335,21.3416,21.3398,21.3398,2383,1865,1865,1865,1.63,8.66,8.66,8.66,86,0.0,0.0,0.0,many,SR,3
0,2197,5357,0,0,15.6712,3.9324,10.9795,0.0,0.0,1259,1005,0,0,6.39,7.59,0.0,0.0,198,0.0,0.0,0.0,one,SR,1
0,2199,8356,0,0,13.5426,4.016,8.8448,0.0,0.0,1258,786,0,0,7.07,6.82,0.0,0.0,145,0.0,0.0,0.0,one,SR,1
0,2216,2358,0,0,15.4699,5.3722,9.3957,0.0,0.0,1339,843,0,0,7.74,7.02,0.0,0.0,65,0.0,0.0,0.0,one,SR,1
0,2218,4023,0,0,20.5709,7.0658,12.6843,0.0,0.0,1987,1179,0,0,13.48,8.21,0.0,0.0,22,0.0,0.0,0.0,one,SR,1
0,2219,3636,1660,1345,76.45,17.9882,18.1467,19.8183,18.14,2502,1549,1753,1549,5.06,7.67,8.23,7.67,220,-1.0,27.0,0.0,many,SR,3
0,2242,7821,0,0,16.6083,4.9543,10.8976,0.0,0.0,1213,997,0,0,5.93,7.56,0.0,0.0,127,0.0,0.0,0.0,one,SR,1
0,2249,7337,3172,0,29.4277,8.7786,9.7888,9.7888,0.0,2056,747,747,0,11.94,5.36,5.36,0.0,59,0.0,0.0,0.0,many,SR,2
0,2253,7230,4076,4075,80.1819,17.1366,20.1846,20.1846,20.1846,3614,1751,1751,1751,15.52,8.31,8.31,8.31,361,0.0,0.0,0.0,many,SR,3
0,2255,7298,5016,0,38.2196,9.3851,14.4447,13.09,0.0,1410,1344,1063,0,3.11,6.74,6.25,0.0,158,108.0,0.0,0.0,many,SR,2
0,2257,8423,8422,0,33.9567,10.3386,11.2339,11.2339,0.0,1483,886,886,0,5.22,5.75,5.75,0.0,1,0.0,0.0,0.0,many,SR,2
0,2259,4414,2022,0,35.7557,10.0537,12.288,12.2024,0.0,1068,1068,978,0,0.31,6.1,6.01,0.0,58,58.0,0.0,0.0,many,SR,2
0,2261,8878,7156,0,32.8106,9.9203,10.8878,10.8714,0.0,1727,855,851,0,7.95,5.66,5.65,0.0,18,2.0,0.0,0.0,many,SR,2
0,2267,3856,0,0,15.2789,5.4563,9.1301,0.0,0.0,1196,816,0,0,6.33,6.92,0.0,0.0,53,0.0,0.0,0.0,one,SR,1
0,2270,3177,1548,0,33.5999,9.6612,10.7715,12.0061,0.0,1170,842,990,0,1.83,5.63,5.98,0.0,54,0.0,22.0,0.0,many,SR,2
0,2273,5509,1910,0,47.2075,10.8751,17.429,17.4136,0.0,2405,1483,1478,0,11.84,7.45,7.45,0.0,173,3.0,0.0,0.0,many,SR,2
0,2280,9524,3357,3356,72.9942,17.5482,17.4584,17.8625,17.8625,1854,1481,1521,1521,-0.9,7.46,7.58,7.58,192,-1.0,-1.0,-1.0,many,SR,3
0,2287,7140,5250,437,44.674,11.3408,10.5518,10.5518,10.5594,1812,821,821,821,3.99,5.57,5.57,5.57,252,0.0,0.0,0.0,many,SR,3
0,2296,9918,9917,0,64.3337,11.9698,25.1961,25.1961,0.0,3395,2244,2244,0,17.9,9.86,9.86,0.0,394,0.0,0.0,0.0,many,SR,2
0,2298,2792,0,0,15.2877,5.5625,9.0363,0.0,0.0,1139,806,0,0,5.76,6.89,0.0,0.0,44,0.0,0.0,0.0,one,SR,1
0,2305,8155,663,0,35.6096,9.3885,14.6425,10.3501,0.0,1363,1337,801,0,3.25,6.78,5.51,0.0,114,90.0,0.0,0.0,many,SR,2
0,2307,3718,0,0,17.0062,6.2951,9.9876,0.0,0.0,1480,904,0,0,9.03,7.24,0.0,0.0,15,0.0,0.0,0.0,one,SR,1
0,2308,7652,189,187,55.6784,15.8531,14.8094,11.5849,11.5849,1299,1289,919,919,-2.97,6.77,5.85,5.85,52,44.0,0.0,0.0,many,SR,3
0,2310,6390,4387,1534,72.8237,17.4214,16.0468,16.0468,21.0133,2144,1345,1345,2144,1.85,7.05,7.05,8.85,221,0.0,0.0,221.0,many,SR,3
0,2316,5073,0,0,16.9311,6.4306,9.7844,0.0,0.0,1320,883,0,0,7.41,7.16,0.0,0.0,1,0.0,0.0,0.0,one,SR,1
0,2323,6933,0,0,24.478,7.3546,16.1703,0.0,0.0,2741,1541,0,0,20.2,9.53,0.0,0.0,84,0.0,0.0,0.0,one,SR,1
0,2329,7699,0,0,15.7819,3.9236,11.0948,0.0,0.0,1262,1017,0,0,6.38,7.64,0.0,0.0,201,0.0,0.0,0.0,one,SR,1
0,2332,3186,569,0,39.438,10.9768,17.7319,9.4434,0.0,1567,1564,714,0,4.88,7.59,5.26,0.0,41,39.0,0.0,0.0,many,SR,2
0,2337,4900,3645,260,55.6607,13.3151,13.488,13.488,13.462,1642,1100,1100,1098,0.07,6.36,6.36,6.35,263,-1.0,-1.0,0.0,many,SR,3
0,2338,9080,4955,0,52.2664,12.79,11.8865,25.9851,0.0,2504,948,2338,0,11.85,5.93,10.12,0.0,113,0.0,11.0,0.0,many,SR,2
0,2342,2192,937,0,38.8036,9.1287,14.9488,13.407,0.0,1719,1274,1177,0,6.18,6.78,6.41,0.0,187,24.0,60.0,0.0,many,SR,2
0,2343,851,0,0,16.7432,6.2857,9.7432,0.0,0.0,1195,878,0,0,6.12,7.14,0.0,0.0,10,0.0,0.0,0.0,one,SR,1
0,2345,9402,0,0,21.857,7.0624,13.9286,0.0,0.0,1758,1307,0,0,10.66,8.66,0.0,0.0,50,0.0,0.0,0.0,one,SR,1
0,2346,5532,0,0,15.3917,6.063,8.6536,0.0,0.0,1077,767,0,0,5.23,6.75,0.0,0.0,1,0.0,0.0,0.0,one,SR,1
0,2353,6667,5838,5837,49.6217,12.7558,14.4023,10.3377,10.3377,1507,1507,800,800,-0.27,6.87,5.51,5.51,228,228.0,0.0,0.0,many,SR,3
0,2355,5546,0,0,15.1183,5.899,8.548,0.0,0.0,1140,756,0,0,5.93,6.71,0.0,0.0,10,0.0,0.0,0.0,one,SR,1
0,2359,5378,0,0,15.897,3.5656,11.5516,0.0,0.0,1479,1063,0,0,8.51,7.8,0.0,0.0,236,0.0,0.0,0.0,one,SR,1
0,2362,2027,993,992,50.7965,14.1648,11.6249,11.6249,11.6249,1899,923,923,923,4.13,5.86,5.86,5.86,113,0.0,0.0,0.0,many,SR,3
0,2363,1938,0,0,26.678,6.7813,18.8323,0.0,0.0,2625,1825,0,0,17.98,10.64,0.0,0.0,191,0.0,0.0,0.0,one,SR,1
0,2364,5020,0,0,16.8988,6.0606,10.1104,0.0,0.0,1383,916,0,0,7.97,7.28,0.0,0.0,34,0.0,0.0,0.0,one,SR,1
0,2366,8012,0,0,12.6383,2.7961,9.1494,0.0,0.0,1540,817,0,0,9.93,6.93,0.0,0.0,235,0.0,0.0,0.0,one,SR,1
0,2372,6630,6629,0,80.0294,19.6531,29.0817,29.0817,0.0,3223,2627,2627,0,13.92,11.07,11.07,0.0,18,0.0,0.0,0.0,many,SR,2
0,2373,1939,0,0,19.655,6.7766,12.0792,0.0,0.0,1967,1118,0,0,13.46,7.99,0.0,0.0,29,0.0,0.0,0.0,one,SR,1
0,2375,4747,0,0,13.6198,4.8053,8.1574,0.0,0.0,1158,716,0,0,6.25,6.57,0.0,0.0,76,0.0,0.0,0.0,one,SR,1
0,2377,4635,0,0,20.9809,7.4151,12.7429,0.0,0.0,1185,1185,0,0,5.04,8.23,0.0,0.0,0,0.0,0.0,0.0,one,SR,1
0,2380,6018,6017,0,44.183,10.8507,15.9631,15.9631,0.0,1812,1337,1337,0,6.37,7.03,7.03,0.0,123,0.0,0.0,0.0,many,SR,2
0,2383,5638,1536,0,35.7522,8.4546,11.1564,14.878,0.0,1336,1082,1233,0,2.66,5.89,6.74,0.0,199,146.0,-1.0,0.0,many,SR,2
0,2387,8803,4604,2536,100.8331,25.3329,25.0609,23.0671,24.5021,2315,2273,2035,2176,-1.52,9.86,9.2,9.64,34,30.0,0.0,0.0,many,SR,3
0,2389,8364,313,0,39.2086,10.0281,10.7443,17.1352,0.0,1767,849,1477,0,6.84,5.63,7.38,0.0,115,7.0,19.0,0.0,many,SR,2
0,2392,3163,0,0,15.1441,5.5789,8.882,0.0,0.0,1323,790,0,0,7.74,6.83,0.0,0.0,39,0.0,0.0,0.0,one,SR,1
0,2393,9112,0,0,18.9224,6.4595,11.6785,0.0,0.0,1319,1076,0,0,6.79,7.84,0.0,0.0,41,0.0,0.0,0.0,one,SR,1
0,2396,3662,0,0,16.4254,6.334,9.3897,0.0,0.0,1714,842,0,0,11.68,7.02,0.0,0.0,-1,0.0,0.0,0.0,one,SR,1
0,2406,667,0,0,15.1134,4.9025,9.505,0.0,0.0,1275,854,0,0,7.03,7.06,0.0,0.0,99,0.0,0.0,0.0,one,SR,1
0,2409,9041,8541,0,41.1199,11.4722,11.6725,16.6636,0.0,1440,927,1437,0,3.31,5.87,7.25,0.0,23,0.0,23.0,0.0,many,SR,2
0,2410,8644,7401,0,28.5766,8.037,9.5757,9.8938,0.0,2849,727,774,0,20.28,5.3,5.4,0.0,109,0.0,12.0,0.0,many,SR,2
0,2416,7221,0,0,18.9417,4.5619,13.5282,0.0,0.0,1393,1266,0,0,6.96,8.52,0.0,0.0,212,0.0,0.0,0.0,one,SR,1
0,2420,9192,5931,0,38.0277,10.4694,11.3218,14.9806,0.0,1368,893,1265,0,3.06,5.77,6.78,0.0,57,-1.0,15.0,0.0,many,SR,2
0,2425,2974,0,0,15.1426,5.9941,8.4797,0.0,0.0,1038,749,0,0,4.88,6.69,0.0,0.0,2,0.0,0.0,0.0,one,SR,1
0,2436,4326,2171,0,40.3989,9.5848,14.3043,15.1548,0.0,1493,1178,1451,0,3.48,6.58,6.97,0.0,178,-1.0,136.0,0.0,many,SR,2
0,2438,2557,0,0,17.4406,6.0319,10.6611,0.0,0.0,1551,972,0,0,9.56,7.48,0.0,0.0,48,0.0,0.0,0.0,one,SR,1
0,2440,7846,3169,0,64.9255,14.3877,24.3036,24.3167,0.0,2874,2157,2163,0,12.92,9.58,9.59,0.0,196,0.0,4.0,0.0,many,SR,2
0,2443,2769,2767,0,36.8621,10.9008,12.3746,12.3746,0.0,1635,995,995,0,6.26,6.06,6.06,0.0,1,0.0,0.0,0.0,many,SR,2
0,2444,6542,962,0,35.1115,8.334,13.1735,12.3612,0.0,1458,1190,993,0,4.12,6.37,6.06,0.0,195,85.0,0.0,0.0,many,SR,2
0,2445,8473,6033,2555,64.1535,16.5217,15.1982,15.1878,15.1982,2312,1265,1264,1265,5.85,6.83,6.82,6.83,130,0.0,0.0,0.0,many,SR,3
0,2450,2994,0,0,14.5497,5.6321,8.257,0.0,0.0,1187,726,0,0,6.52,6.61,0.0,0.0,22,0.0,0.0,0.0,one,SR,1
0,2454,5064,5063,0,30.7481,9.6236,10.02,10.02,0.0,1166,770,770,0,2.48,5.42,5.42,0.0,10,0.0,0.0,0.0,many,SR,2
0,2461,6396,4064,4063,111.7149,22.7259,28.5722,28.5722,28.5722,4176,2577,2577,2577,14.4,10.91,10.91,10.91,459,0.0,0.0,0.0,many,SR,3
0,2462,4006,0,0,14.8914,5.5184,8.6964,0.0,0.0,1223,771,0,0,6.75,6.77,0.0,0.0,39,0.0,0.0,0.0,one,SR,1
0,2464,6267,0,0,16.5948,6.1062,9.7727,0.0,0.0,1248,882,0,0,6.66,7.16,0.0,0.0,23,0.0,0.0,0.0,one,SR,1
0,2467,9639,0,0,23.7385,5.556,17.1871,0.0,0.0,2376,1649,0,0,15.99,9.95,0.0,0.0,232,0.0,0.0,0.0,one,SR,1
0,2469,6208,4822,0,42.5941,11.7448,13.3326,16.1733,0.0,1732,1086,1391,0,6.1,6.32,7.12,0.0,24,0.0,24.0,0.0,many,SR,2
0,2470,3598,0,0,12.9699,4.0498,8.2592,0.0,0.0,1301,727,0,0,7.71,6.61,0.0,0.0,130,0.0,0.0,0.0,one,SR,1
0,2473,4848,752,0,38.8285,8.4383,14.7207,14.3125,0.0,1579,1579,1180,0,4.37,6.99,6.59,0.0,258,258.0,0.0,0.0,many,SR,2
0,2476,8835,150,0,31.1449,7.673,11.0281,11.2776,0.0,1340,1118,890,0,3.57,5.9,5.76,0.0,193,180.0,0.0,0.0,many,SR,2
0,2482,2949,2654,0,35.7923,7.7685,12.4345,14.3176,0.0,1529,1000,1249,0,4.61,6.08,6.64,0.0,251,0.0,49.0,0.0,many,SR,2
0,2487,8783,0,0,14.7899,3.8928,10.1671,0.0,0.0,1360,922,0,0,7.71,7.3,0.0,0.0,183,0.0,0.0,0.0,one,SR,1
0,2489,7845,7844,0,41.3757,8.6605,15.6625,15.6625,0.0,2220,1309,1309,0,10.8,6.95,6.95,0.0,263,0.0,0.0,0.0,many,SR,2
0,2492,4578,0,0,20.2986,6.6917,12.7823,0.0,0.0,1702,1190,0,0,10.45,8.25,0.0,0.0,50,0.0,0.0,0.0,one,SR,1
0,2495,7235,7234,0,51.4287,10.1824,19.8046,19.8046,0.0,1960,1713,1713,0,5.85,8.19,8.19,0.0,311,0.0,0.0,0.0,many,SR,2
0,2508,6402,4903,0,33.2371,8.7565,10.4462,12.8473,0.0,1224,810,1224,0,2.17,5.54,6.34,0.0,132,0.0,132.0,0.0,many,SR,2
0,2509,7853,0,0,14.6834,3.3475,10.5908,0.0,0.0,1487,965,0,0,8.91,7.45,0.0,0.0,229,0.0,0.0,0.0,one,SR,1
0,2511,8518,0,0,23.0907,5.5705,16.5511,0.0,0.0,1713,1582,0,0,9.26,9.69,0.0,0.0,215,0.0,0.0,0.0,one,SR,1
0,2515,452,451,0,42.5304,9.3271,15.9003,15.9003,0.0,1718,1331,1331,0,5.41,7.01,7.01,0.0,225,0.0,0.0,0.0,many,SR,2
0,2516,9273,0,0,17.3496,6.2729,10.3407,0.0,0.0,1296,939,0,0,6.98,7.36,0.0,0.0,24,0.0,0.0,0.0,one,SR,1
0,2529,840,0,0,14.8866,5.8962,8.3272,0.0,0.0,1061,733,0,0,5.17,6.63,0.0,0.0,5,0.0,0.0,0.0,one,SR,1
0,2530,9516,0,0,15.3953,4.9738,9.7082,0.0,0.0,1165,875,0,0,5.81,7.13,0.0,0.0,99,0.0,0.0,0.0,one,SR,1
0,2531,7700,0,0,20.4387,6.8381,12.7763,0.0,0.0,1606,1189,0,0,9.44,8.24,0.0,0.0,40,0.0,0.0,0.0,one,SR,1
0,2532,2141,0,0,20.3599,5.0638,14.4127,0.0,0.0,1604,1356,0,0,8.89,8.83,0.0,0.0,197,0.0,0.0,0.0,one,SR,1
0,2534,5991,4945,2702,56.2084,16.4519,11.037,15.8423,11.037,1337,867,1337,867,-2.52,5.7,7.01,5.7,8,0.0,8.0,0.0,many,SR,3
0,2537,3712,0,0,27.3143,7.4119,18.838,0.0,0.0,2376,1825,0,0,15.37,10.64,0.0,0.0,148,0.0,0.0,0.0,one,SR,1
0,2538,8811,0,0,19.3015,6.4515,12.0518,0.0,0.0,1871,1115,0,0,12.46,7.98,0.0,0.0,50,0.0,0.0,0.0,one,SR,1
0,2541,9883,0,0,16.846,4.698,11.3742,0.0,0.0,1426,1046,0,0,8.01,7.74,0.0,0.0,155,0.0,0.0,0.0,one,SR,1
0,2543,4001,0,0,20.8833,6.7527,13.2879,0.0,0.0,1418,1241,0,0,7.3,8.43,0.0,0.0,57,0.0,0.0,0.0,one,SR,1
0,2557,4625,4624,1501,50.0936,14.2244,11.3794,11.3794,11.3737,1911,899,899,899,4.44,5.79,5.79,5.79,96,0.0,0.0,0.0,many,SR,3
0,2561,1211,0,0,19.3412,6.6974,11.8527,0.0,0.0,1320,1095,0,0,6.74,7.91,0.0,0.0,29,0.0,0.0,0.0,one,SR,1
0,2562,4231,4229,3261,56.7458,16.552,10.3463,10.3463,17.646,1515,801,801,1515,-0.79,5.51,5.51,7.53,10,0.0,0.0,10.0,many,SR,3
0,2563,618,0,0,20.7008,7.0249,12.8487,0.0,0.0,1446,1197,0,0,7.74,8.27,0.0,0.0,29,0.0,0.0,0.0,one,SR,1
0,2565,4854,0,0,22.1261,6.7023,14.5359,0.0,0.0,2019,1369,0,0,13.21,8.88,0.0,0.0,88,0.0,0.0,0.0,one,SR,1
0,2569,8206,1668,0,66.1196,14.0449,25.0559,25.0559,0.0,3164,2230,2230,0,15.56,9.81,9.81,0.0,247,0.0,0.0,0.0,many,SR,2
0,2570,5240,1448,1421,76.209,18.4283,23.0301,9.7435,22.6167,2330,2196,742,2166,2.95,9.34,5.35,9.22,211,117.0,-1.0,125.0,many,SR,3
0,2573,8475,5021,2344,65.2405,16.9078,13.2317,19.9067,13.1005,1910,1076,1910,1064,1.21,6.29,8.39,6.26,132,0.0,132.0,0.0,many,SR,3
0,2576,7891,4274,2823,66.9215,17.533,14.099,12.6448,20.5257,2018,1183,1021,1892,2.12,6.55,6.13,8.51,105,17.0,0.0,76.0,many,SR,3
0,2577,2564,0,0,13.527,3.8784,8.9622,0.0,0.0,1262,799,0,0,7.07,6.86,0.0,0.0,157,0.0,0.0,0.0,one,SR,1
0,2578,6675,6674,0,60.6414,12.4045,23.1946,23.1946,0.0,2579,2047,2047,0,10.45,9.24,9.24,0.0,288,0.0,0.0,0.0,many,SR,2
0,2580,6549,5745,3444,56.0732,16.3256,15.8568,11.0332,11.0161,1350,1348,867,872,-2.4,7.02,5.7,5.7,17,15.0,0.0,5.0,many,SR,3
0,2588,4609,0,0,15.3181,5.7908,8.8451,0.0,0.0,1381,787,0,0,8.36,6.82,0.0,0.0,24,0.0,0.0,0.0,one,SR,1
0,2590,7554,6778,0,51.7262,10.6939,19.2526,20.1419,0.0,2265,1659,1824,0,9.04,8.02,8.36,0.0,276,0.0,55.0,0.0,many,SR,2
0,2597,7525,0,0,26.4679,8.1092,17.3558,0.0,0.0,2094,1668,0,0,12.96,10.03,0.0,0.0,63,0.0,0.0,0.0,one,SR,1
0,2602,2552,0,0,14.0215,4.9881,8.3685,0.0,0.0,1547,738,0,0,10.26,6.65,0.0,0.0,68,0.0,0.0,0.0,one,SR,1
0,2605,7013,3709,0,33.6617,8.2187,11.8765,12.3622,0.0,1319,1022,994,0,3.01,5.98,6.06,0.0,179,54.0,0.0,0.0,many,SR,2
0,2615,6565,6564,0,40.0491,11.3678,13.6989,13.6989,0.0,2151,1121,1121,0,11.03,6.42,6.42,0.0,13,0.0,0.0,0.0,many,SR,2
0,2618,2328,0,0,13.1311,4.082,8.3839,0.0,0.0,1415,739,0,0,8.87,6.65,0.0,0.0,130,0.0,0.0,0.0,one,SR,1
0,2622,4134,0,0,17.7071,6.2029,10.753,0.0,0.0,1884,982,0,0,13.02,7.51,0.0,0.0,38,0.0,0.0,0.0,one,SR,1
0,2625,7973,5874,0,31.3567,7.745,10.84,11.6154,0.0,1217,848,1003,0,2.37,5.64,5.92,0.0,182,0.0,58.0,0.0,many,SR,2
0,2626,2664,0,0,16.4176,5.8728,9.8273,0.0,0.0,1246,887,0,0,6.63,7.18,0.0,0.0,40,0.0,0.0,0.0,one,SR,1
0,2628,3757,0,0,27.9743,7.7788,19.1194,0.0,0.0,2005,1855,0,0,11.37,10.76,0.0,0.0,130,0.0,0.0,0.0,one,SR,1
0,2633,7199,3626,0,34.379,9.8222,11.7085,11.6715,0.0,1268,953,928,0,2.72,5.9,5.87,0.0,53,16.0,0.0,0.0,many,SR,2
0,2634,5382,594,0,46.5886,9.9416,17.8017,17.3301,0.0,2002,1561,1608,0,7.38,7.61,7.55,0.0,252,32.0,98.0,0.0,many,SR,2
0,2635,7434,0,0,20.2547,7.1316,12.3154,0.0,0.0,1940,1142,0,0,13.1,8.08,0.0,0.0,10,0.0,0.0,0.0,one,SR,1
0,2636,6084,0,0,17.5534,3.2989,13.4072,0.0,0.0,1891,1254,0,0,12.23,8.47,0.0,0.0,295,0.0,0.0,0.0,one,SR,1
0,2637,6529,4889,0,37.648,8.6657,13.8644,13.8263,0.0,2442,1137,1133,0,14.02,6.46,6.45,0.0,202,0.0,0.0,0.0,many,SR,2
0,2643,7327,0,0,19.836,6.6445,12.3816,0.0,0.0,1590,1148,0,0,9.41,8.1,0.0,0.0,44,0.0,0.0,0.0,one,SR,1
0,2644,6125,421,0,38.9243,8.1714,18.2484,11.1587,0.0,1734,1583,879,0,6.09,7.73,5.73,0.0,269,16.0,0.0,0.0,many,SR,2
0,2649,7019,5043,0,54.614,14.2591,19.5439,19.2,0.0,2221,1694,1654,0,8.82,8.11,8.0,0.0,17,5.0,0.0,0.0,many,SR,2
0,2651,6954,0,0,13.4915,4.0249,8.7865,0.0,0.0,1181,781,0,0,6.28,6.8,0.0,0.0,143,0.0,0.0,0.0,one,SR,1
0,2657,1998,0,0,13.6246,3.9051,9.0306,0.0,0.0,1349,806,0,0,7.96,6.89,0.0,0.0,157,0.0,0.0,0.0,one,SR,1
0,2660,6679,6678,0,32.2856,9.9459,10.6117,10.6117,0.0,1076,826,826,0,1.25,5.58,5.58,0.0,7,0.0,0.0,0.0,many,SR,2
0,2661,8699,0,0,14.8943,5.5858,8.634,0.0,0.0,1216,765,0,0,6.7,6.74,0.0,0.0,33,0.0,0.0,0.0,one,SR,1
0,2662,9760,6586,0,55.202,13.5748,19.1391,20.8275,0.0,1947,1648,1946,0,5.5,7.98,8.62,0.0,94,0.0,94.0,0.0,many,SR,2
0,2667,2942,0,0,16.4846,6.3224,9.4581,0.0,0.0,1226,849,0,0,6.54,7.04,0.0,0.0,1,0.0,0.0,0.0,one,SR,1
0,2675,7975,6548,2109,55.263,15.1106,13.0207,12.64,12.64,1181,1081,1020,1020,-4.26,6.25,6.13,6.13,106,18.0,0.0,0.0,many,SR,3
0,2683,5890,0,0,19.2101,6.5752,11.8445,0.0,0.0,1641,1093,0,0,10.12,7.9,0.0,0.0,37,0.0,0.0,0.0,one,SR,1
0,2687,5269,1862,0,31.7058,7.6585,11.1041,11.7815,0.0,1612,875,939,0,6.47,5.72,5.9,0.0,191,1.0,1.0,0.0,many,SR,2
0,2699,3293,0,0,18.5515,5.9267,11.8348,0.0,0.0,1364,1092,0,0,7.21,7.9,0.0,0.0,81,0.0,0.0,0.0,one,SR,1
0,2700,6973,0,0,25.203,8.242,16.0146,0.0,0.0,2401,1524,0,0,16.69,9.46,0.0,0.0,19,0.0,0.0,0.0,one,SR,1
0,2702,9729,9728,0,46.7057,12.5502,16.3636,16.3636,0.0,1674,1376,1376,0,4.72,7.14,7.14,0.0,21,0.0,0.0,0.0,many,SR,2
0,2707,5673,5672,4048,71.0608,18.0191,15.5845,15.5845,19.6566,2331,1301,1301,1880,4.53,6.93,6.93,8.31,132,0.0,0.0,129.0,many,SR,3
0,2713,4370,1574,0,31.2064,9.1252,9.5512,11.4185,0.0,1680,728,922,0,7.64,5.3,5.82,0.0,60,2.0,13.0,0.0,many,SR,2
0,2714,9084,6652,0,77.3343,13.2422,32.3651,29.344,0.0,3746,3015,3243,0,17.89,12.14,11.69,0.0,560,46.0,418.0,0.0,many,SR,2
0,2715,654,0,0,15.417,5.9448,8.7922,0.0,0.0,1490,781,0,0,9.52,6.8,0.0,0.0,12,0.0,0.0,0.0,one,SR,1
0,2720,7795,6065,0,32.5233,9.0614,10.34,11.9727,0.0,1371,828,969,0,4.05,5.53,5.96,0.0,88,20.0,9.0,0.0,many,SR,2
0,2721,7331,3504,3503,102.7792,24.5803,28.9384,23.1477,23.1477,2816,2816,2042,2042,2.88,11.21,9.22,9.22,144,144.0,0.0,0.0,many,SR,3
0,2725,6281,3309,0,40.808,10.2288,14.6164,14.6284,0.0,2043,1215,1210,0,9.44,6.67,6.67,0.0,122,4.0,0.0,0.0,many,SR,2
0,2742,3171,0,0,12.4853,3.6385,8.1886,0.0,0.0,1484,719,0,0,9.66,6.58,0.0,0.0,156,0.0,0.0,0.0,one,SR,1
0,2745,9441,0,0,31.3158,8.7356,21.408,0.0,0.0,2874,2100,0,0,19.63,11.72,0.0,0.0,124,0.0,0.0,0.0,one,SR,1
0,2747,7605,3266,0,38.7502,11.2727,13.1128,13.1128,0.0,1065,1065,1065,0,-0.08,6.26,6.26,0.0,0,0.0,0.0,0.0,many,SR,2
0,2751,3935,2788,0,40.975,11.1291,14.3651,14.166,0.0,1896,1188,1166,0,8.07,6.6,6.55,0.0,48,2.0,0.0,0.0,many,SR,2
0,2756,7849,0,0,14.865,5.9145,8.2885,0.0,0.0,1115,730,0,0,5.75,6.62,0.0,0.0,3,0.0,0.0,0.0,one,SR,1
0,2763,5420,1135,1134,77.3135,18.5237,21.6104,17.3952,17.3952,2178,2178,1476,1476,1.37,9.01,7.44,7.44,203,203.0,0.0,0.0,many,SR,3
0,2769,7109,7108,0,99.0752,19.0076,38.6309,38.6309,0.0,4426,3568,3568,0,21.22,14.03,14.03,0.0,426,0.0,0.0,0.0,many,SR,2
0,2776,6425,6424,0,38.2192,9.9185,13.5134,13.5134,0.0,1434,1104,1104,0,3.59,6.37,6.37,0.0,106,0.0,0.0,0.0,many,SR,2
0,2779,3726,3437,3436,50.643,14.139,14.2445,10.2483,10.2483,1933,1289,792,792,4.43,6.66,5.49,5.49,118,83.0,0.0,0.0,many,SR,3
0,2781,6014,2142,0,44.926,11.308,16.102,16.102,0.0,2138,1351,1351,0,9.72,7.07,7.07,0.0,97,0.0,0.0,0.0,many,SR,2
0,2788,5883,5882,0,44.7639,11.4999,15.9298,15.9298,0.0,1750,1334,1334,0,5.74,7.02,7.02,0.0,78,0.0,0.0,0.0,many,SR,2
0,2791,4987,3858,0,31.8726,7.9525,10.8657,11.8768,0.0,1289,851,1194,0,2.94,5.65,6.12,0.0,181,0.0,177.0,0.0,many,SR,2
0,2794,9775,0,0,13.5234,4.2491,8.6009,0.0,0.0,1279,762,0,0,7.37,6.73,0.0,0.0,124,0.0,0.0,0.0,one,SR,1
0,2795,8802,0,0,14.5277,3.8064,9.9973,0.0,0.0,1344,905,0,0,7.6,7.24,0.0,0.0,185,0.0,0.0,0.0,one,SR,1
0,2800,60,0,0,35.6419,9.7395,24.5973,0.0,0.0,3383,2439,0,0,23.78,13.05,0.0,0.0,137,0.0,0.0,0.0,one,SR,1
0,2804,1611,0,0,18.8787,5.3692,12.6884,0.0,0.0,1687,1180,0,0,10.32,8.21,0.0,0.0,138,0.0,0.0,0.0,one,SR,1
0,2815,9541,5547,3387,60.7192,16.2133,12.0996,17.9631,12.457,1692,968,1692,1045,-0.11,5.98,7.76,6.12,114,0.0,114.0,30.0,many,SR,3
0,2819,6234,3443,0,34.4686,8.5992,12.8561,11.8009,0.0,1470,1077,940,0,4.52,6.22,5.9,0.0,158,26.0,0.0,0.0,many,SR,2
0,2830,6392,0,0,15.8959,4.8369,10.3234,0.0,0.0,1137,938,0,0,5.32,7.36,0.0,0.0,122,0.0,0.0,0.0,one,SR,1
0,2836,9010,7387,0,40.9164,8.6817,15.4285,15.4285,0.0,1959,1287,1287,0,8.17,6.89,6.89,0.0,254,0.0,0.0,0.0,many,SR,2
0,2839,9448,6843,1944,64.391,15.8569,15.4798,15.5036,15.4798,3441,1291,1294,1291,17.49,6.9,6.91,6.9,190,0.0,0.0,0.0,many,SR,3
0,2847,3953,2146,0,40.031,9.0418,11.0389,18.5717,0.0,1918,867,1901,0,7.73,5.7,8.09,0.0,230,0.0,219.0,0.0,many,SR,2
0,2850,8380,0,0,18.1158,5.756,11.579,0.0,0.0,1110,1066,0,0,4.63,7.81,0.0,0.0,87,0.0,0.0,0.0,one,SR,1
0,2857,4216,0,0,19.3804,6.9188,11.6769,0.0,0.0,1319,1077,0,0,6.79,7.85,0.0,0.0,10,0.0,0.0,0.0,one,SR,1
0,2859,4230,2915,2618,80.0226,19.1352,17.4941,23.4543,17.4884,2395,1485,2345,1485,3.09,7.47,9.57,7.47,199,0.0,193.0,0.0,many,SR,3
0,2862,5179,2921,0,45.2297,11.8032,16.0031,16.0145,0.0,3311,1341,1343,0,22.09,7.04,7.05,0.0,60,0.0,0.0,0.0,many,SR,2
0,2866,5791,0,0,14.4987,4.4699,9.3292,0.0,0.0,1143,836,0,0,5.71,7.0,0.0,0.0,125,0.0,0.0,0.0,one,SR,1
0,2871,118,0,0,22.325,5.2543,16.1196,0.0,0.0,1864,1536,0,0,11.01,9.51,0.0,0.0,226,0.0,0.0,0.0,one,SR,1
0,2883,2772,0,0,18.6776,6.6815,11.2277,0.0,0.0,1047,1031,0,0,4.08,7.68,0.0,0.0,16,0.0,0.0,0.0,one,SR,1
0,2887,9912,5289,0,35.4511,8.6916,12.2614,13.2497,0.0,1366,984,1274,0,3.11,6.03,6.45,0.0,174,0.0,140.0,0.0,many,SR,2
0,2888,6653,0,0,22.9971,7.2128,14.8836,0.0,0.0,1624,1405,0,0,8.95,9.01,0.0,0.0,61,0.0,0.0,0.0,one,SR,1
0,2892,7959,5755,4345,146.4838,34.1187,26.4363,40.7001,41.2278,3954,2366,3954,3924,5.51,10.24,14.84,14.93,129,0.0,129.0,71.0,many,SR,3
0,2896,5762,2420,2417,56.3122,15.3871,14.4921,12.2756,12.2756,1345,1345,985,985,-2.81,6.75,6.03,6.03,106,106.0,0.0,0.0,many,SR,3
0,2899,4246,1866,1864,61.2014,17.4984,13.9224,13.9186,13.9186,1142,1142,1142,1142,-5.5,6.48,6.48,6.48,0,0.0,0.0,0.0,many,SR,3
0,2902,8410,0,0,19.0147,6.6751,11.5595,0.0,0.0,1422,1064,0,0,7.91,7.8,0.0,0.0,24,0.0,0.0,0.0,one,SR,1
0,2906,4204,4095,0,43.6399,9.641,18.9643,13.5796,0.0,1860,1632,1402,0,6.44,7.93,6.62,0.0,236,1.0,209.0,0.0,many,SR,2
0,2911,6301,5796,553,89.399,22.4861,17.0171,30.2086,17.0704,2841,1438,2841,1444,6.28,7.32,11.51,7.34,73,0.0,73.0,0.0,many,SR,3
0,2918,1142,0,0,15.0735,5.6905,8.7062,0.0,0.0,1127,772,0,0,5.74,6.77,0.0,0.0,28,0.0,0.0,0.0,one,SR,1
0,2922,2611,0,0,12.6944,3.2986,8.7181,0.0,0.0,1242,774,0,0,6.94,6.78,0.0,0.0,191,0.0,0.0,0.0,one,SR,1
0,2924,453,0,0,17.5813,6.5021,10.3429,0.0,0.0,1235,940,0,0,6.34,7.36,0.0,0.0,9,0.0,0.0,0.0,one,SR,1
0,2925,870,0,0,15.9738,4.0813,11.1279,0.0,0.0,1359,1020,0,0,7.39,7.65,0.0,0.0,191,0.0,0.0,0.0,one,SR,1
0,2927,6854,1525,0,35.8673,7.6526,13.4715,13.4715,0.0,2123,1100,1100,0,10.85,6.36,6.36,0.0,259,0.0,0.0,0.0,many,SR,2
0,2929,7301,5693,0,49.9769,9.7735,24.0347,14.5294,0.0,2532,2405,1200,0,11.83,9.75,6.64,0.0,340,195.0,0.0,0.0,many,SR,2
0,2930,3613,0,0,23.3559,7.8226,14.6414,0.0,0.0,1777,1380,0,0,10.63,8.92,0.0,0.0,14,0.0,0.0,0.0,one,SR,1
0,2931,5925,5333,5000,59.6671,16.6706,11.7194,14.7168,14.635,1409,931,1219,1211,-2.53,5.88,6.7,6.67,45,-1.0,0.0,0.0,many,SR,3
0,2942,4213,0,0,13.4649,3.5734,9.1966,0.0,0.0,1710,823,0,0,11.7,6.95,0.0,0.0,183,0.0,0.0,0.0,one,SR,1
0,2947,9065,0,0,13.5443,3.4492,9.3935,0.0,0.0,1451,842,0,0,8.92,7.02,0.0,0.0,196,0.0,0.0,0.0,one,SR,1
0,2949,1867,0,0,16.6232,5.3967,10.4853,0.0,0.0,1487,954,0,0,8.94,7.41,0.0,0.0,87,0.0,0.0,0.0,one,SR,1
0,2951,7409,5118,1497,76.7186,20.2639,16.7341,20.7412,16.6814,1846,1410,1846,1406,-1.3,7.24,8.51,7.23,29,-1.0,29.0,0.0,many,SR,3
0,2952,7498,4931,0,35.266,9.9479,12.1987,11.9217,0.0,1205,1014,951,0,1.87,6.04,5.94,0.0,57,26.0,0.0,0.0,many,SR,2
0,2956,4894,0,0,19.0957,6.4968,11.8096,0.0,0.0,2079,1090,0,0,14.73,7.89,0.0,0.0,42,0.0,0.0,0.0,one,SR,1
0,2959,933,932,0,29.4597,9.0724,9.6613,9.6613,0.0,1722,735,735,0,8.5,5.32,5.32,0.0,35,0.0,0.0,0.0,many,SR,2
0,2960,7566,2506,2289,70.9253,19.3275,15.0955,15.6893,18.6542,1609,1255,1314,1599,-2.53,6.8,6.96,7.83,7,0.0,2.0,-1.0,many,SR,3
0,2961,4700,4169,0,28.9757,8.4108,9.9933,9.4948,0.0,1489,848,731,0,5.94,5.48,5.29,0.0,88,58.0,8.0,0.0,many,SR,2
0,2964,6171,0,0,13.3082,4.4873,8.1634,0.0,0.0,1154,717,0,0,6.2,6.57,0.0,0.0,98,0.0,0.0,0.0,one,SR,1
0,2982,2216,0,0,26.8627,8.8794,16.9957,0.0,0.0,1640,1629,0,0,8.33,9.88,0.0,0.0,1,0.0,0.0,0.0,one,SR,1
0,2986,9118,5821,0,43.0557,10.9918,16.049,14.6341,0.0,3246,1448,1210,0,21.66,7.14,6.67,0.0,98,73.0,0.0,0.0,many,SR,2
0,2990,8093,751,0,47.2548,9.7143,17.2651,18.7462,0.0,2247,1463,1647,0,9.83,7.4,7.89,0.0,276,0.0,27.0,0.0,many,SR,2
0,2991,3759,2474,0,29.7443,8.3043,10.168,10.1792,0.0,1334,785,784,0,4.17,5.46,5.47,0.0,105,1.0,-1.0,0.0,many,SR,2
0,2996,5572,1996,0,33.2,9.0606,11.4885,11.487,0.0,1158,911,910,0,1.68,5.82,5.82,0.0,97,1.0,0.0,0.0,many,SR,2
0,2997,5554,0,0,14.4318,5.2871,8.4759,0.0,0.0,1254,749,0,0,7.15,6.69,0.0,0.0,50,0.0,0.0,0.0,one,SR,1
0,2999,8311,0,0,16.1728,5.6564,9.7999,0.0,0.0,1154,884,0,0,5.67,7.16,0.0,0.0,54,0.0,0.0,0.0,one,SR,1
0,3007,5968,2799,0,34.9591,9.1279,13.6864,10.9361,0.0,1221,1124,857,0,1.94,6.42,5.67,0.0,120,3.0,0.0,0.0,many,SR,2
0,3010,2119,2118,0,43.4374,11.9109,15.084,15.084,0.0,2265,1253,1253,0,11.56,6.79,6.79,0.0,22,0.0,0.0,0.0,many,SR,2
0,3011,7203,2545,0,28.8291,7.8149,9.9823,9.9505,0.0,1153,765,763,0,2.37,5.41,5.4,0.0,131,-1.0,0.0,0.0,many,SR,2
0,3036,6469,3571,0,35.2963,9.175,12.4516,12.4535,0.0,3251,1002,1002,0,23.19,6.08,6.08,0.0,121,0.0,0.0,0.0,many,SR,2
0,3037,4526,0,0,17.1379,6.1738,10.2317,0.0,0.0,1162,929,0,0,5.61,7.32,0.0,0.0,29,0.0,0.0,0.0,one,SR,1
0,3039,1028,0,0,16.1712,5.7724,9.6865,0.0,0.0,1169,872,0,0,5.86,7.12,0.0,0.0,44,0.0,0.0,0.0,one,SR,1
0,3040,7596,6026,0,49.0164,12.7042,15.534,19.2772,0.0,1739,1296,1739,0,4.75,6.91,8.09,0.0,55,0.0,55.0,0.0,many,SR,2
0,3042,6494,2975,0,33.6119,8.4599,11.9807,11.9807,0.0,1391,957,957,0,3.89,5.95,5.95,0.0,154,0.0,0.0,0.0,many,SR,2
0,3046,7038,7037,0,30.0982,9.214,9.9029,9.9029,0.0,1121,759,759,0,2.07,5.39,5.39,0.0,34,0.0,0.0,0.0,many,SR,2
0,3050,7854,0,0,16.0393,5.9397,9.3976,0.0,0.0,1038,843,0,0,4.58,7.02,0.0,0.0,26,0.0,0.0,0.0,one,SR,1
0,3053,8933,7269,7268,96.024,22.6427,27.311,21.6252,21.6252,2844,2652,1892,1892,4.48,10.7,8.75,8.75,187,141.0,0.0,0.0,many,SR,3
0,3060,6076,4308,74,55.2225,15.5243,13.2418,12.2907,12.3194,1182,1182,991,989,-4.21,6.38,6.04,6.04,75,75.0,3.0,0.0,many,SR,3
0,3062,7672,0,0,23.0099,7.8346,14.2958,0.0,0.0,1817,1345,0,0,11.16,8.79,0.0,0.0,6,0.0,0.0,0.0,one,SR,1
0,3074,1716,1542,0,31.9403,8.93,12.1808,9.6851,0.0,1107,1107,738,0,1.32,6.11,5.33,0.0,94,94.0,0.0,0.0,many,SR,2
0,3076,1239,0,0,20.3901,6.794,12.7722,0.0,0.0,1369,1188,0,0,6.96,8.24,0.0,0.0,43,0.0,0.0,0.0,one,SR,1
0,3087,9389,0,0,13.7352,4.8682,8.2082,0.0,0.0,1231,721,0,0,7.0,6.59,0.0,0.0,73,0.0,0.0,0.0,one,SR,1
0,3089,2631,0,0,23.7924,6.2977,16.5267,0.0,0.0,1754,1579,0,0,9.71,9.68,0.0,0.0,165,0.0,0.0,0.0,one,SR,1
0,3094,159,0,0,13.1886,4.2583,8.2689,0.0,0.0,1367,728,0,0,8.4,6.61,0.0,0.0,116,0.0,0.0,0.0,one,SR,1
0,3100,9208,0,0,18.7019,4.367,13.4851,0.0,0.0,1498,1261,0,0,8.08,8.5,0.0,0.0,224,0.0,0.0,0.0,one,SR,1
0,3107,3408,0,0,14.1416,5.2316,8.2494,0.0,0.0,1328,726,0,0,8.0,6.61,0.0,0.0,49,0.0,0.0,0.0,one,SR,1
0,3108,8861,0,0,14.9343,5.5082,8.7474,0.0,0.0,1336,777,0,0,7.92,6.79,0.0,0.0,41,0.0,0.0,0.0,one,SR,1
0,3113,6603,0,0,27.6072,8.1093,18.4496,0.0,0.0,2411,1784,0,0,15.88,10.48,0.0,0.0,91,0.0,0.0,0.0,one,SR,1
0,3118,199,0,0,19.8892,7.1544,11.9406,0.0,0.0,1414,1104,0,0,7.7,7.94,0.0,0.0,0,0.0,0.0,0.0,one,SR,1
0,3120,6935,0,0,17.3507,5.5272,11.0614,0.0,0.0,1435,1013,0,0,8.21,7.62,0.0,0.0,91,0.0,0.0,0.0,one,SR,1
0,3127,6203,5523,1918,53.1302,14.2468,16.6536,10.2734,10.1217,1621,1621,793,779,0.51,7.41,5.49,5.45,155,155.0,-1.0,0.0,many,SR,3
0,3130,6642,0,0,20.5437,5.8098,13.87,0.0,0.0,1590,1301,0,0,8.92,8.64,0.0,0.0,134,0.0,0.0,0.0,one,SR,1
0,3134,555,0,0,13.8024,4.7495,8.3877,0.0,0.0,1461,739,0,0,9.35,6.65,0.0,0.0,85,0.0,0.0,0.0,one,SR,1
0,3137,6233,1836,0,34.055,10.193,13.0424,9.6613,0.0,1081,1081,735,0,0.93,6.26,5.32,0.0,16,16.0,0.0,0.0,many,SR,2
0,3138,1079,0,0,12.1687,3.0442,8.4564,0.0,0.0,1328,747,0,0,7.93,6.68,0.0,0.0,203,0.0,0.0,0.0,one,SR,1
0,3142,3700,0,0,17.0533,5.2538,11.0381,0.0,0.0,1366,1011,0,0,7.49,7.61,0.0,0.0,109,0.0,0.0,0.0,one,SR,1
0,3146,3622,0,0,14.8212,5.2737,8.8646,0.0,0.0,1093,789,0,0,5.33,6.83,0.0,0.0,60,0.0,0.0,0.0,one,SR,1
0,3148,7068,5473,0,36.8549,8.9688,14.1477,12.4716,0.0,1535,1173,1045,0,4.72,6.55,6.12,0.0,166,6.0,29.0,0.0,many,SR,2
0,3156,9701,3754,0,59.07,13.1316,22.08,22.08,0.0,2372,1937,1937,0,8.9,8.89,8.89,0.0,196,0.0,0.0,0.0,many,SR,2
0,3163,5427,0,0,19.6747,5.4024,13.4246,0.0,0.0,1365,1255,0,0,6.7,8.48,0.0,0.0,152,0.0,0.0,0.0,one,SR,1
0,3173,6282,0,0,16.6797,5.5885,10.3546,0.0,0.0,1523,941,0,0,9.36,7.37,0.0,0.0,71,0.0,0.0,0.0,one,SR,1
0,3174,1680,0,0,21.0213,6.6156,13.5534,0.0,0.0,1926,1268,0,0,12.55,8.52,0.0,0.0,72,0.0,0.0,0.0,one,SR,1
0,3178,3291,2766,514,60.5318,14.4141,14.7498,14.7345,14.6261,2085,1223,1221,1211,3.83,6.7,6.7,6.67,249,1.0,1.0,1.0,many,SR,3
0,3191,9650,6350,0,35.0912,9.4637,9.8373,14.5761,0.0,1345,752,1345,0,3.2,5.37,6.77,0.0,100,0.0,100.0,0.0,many,SR,2
0,3197,9974,466,0,33.2493,9.5403,11.2336,11.3214,0.0,1938,905,894,0,9.96,5.77,5.77,0.0,58,14.0,0.0,0.0,many,SR,2
0,3198,8985,0,0,13.5705,3.6531,9.2218,0.0,0.0,1227,825,0,0,6.62,6.96,0.0,0.0,178,0.0,0.0,0.0,one,SR,1
0,3200,9,0,0,13.1244,2.9925,9.4288,0.0,0.0,1615,846,0,0,10.63,7.03,0.0,0.0,228,0.0,0.0,0.0,one,SR,1
0,3201,7636,6369,2217,123.1826,28.6566,23.7066,43.7077,23.6499,4309,2098,4309,2110,14.09,9.4,15.82,9.4,171,0.0,171.0,13.0,many,SR,3
0,3205,5998,0,0,26.8933,8.7183,17.1795,0.0,0.0,2300,1649,0,0,15.19,9.95,0.0,0.0,17,0.0,0.0,0.0,one,SR,1
0,3207,9492,0,0,14.7046,5.0989,8.921,0.0,0.0,1526,794,0,0,9.86,6.85,0.0,0.0,73,0.0,0.0,0.0,one,SR,1
0,3209,6655,4349,0,39.8572,10.5034,14.5124,13.5334,0.0,1561,1276,1112,0,4.62,6.7,6.38,0.0,87,55.0,5.0,0.0,many,SR,2
0,3210,6388,1979,1978,95.3072,21.5855,26.8881,21.9932,21.9932,2800,2800,1929,1929,3.77,10.74,8.87,8.87,276,276.0,0.0,0.0,many,SR,3
0,3211,4501,0,0,20.7265,6.1564,13.7118,0.0,0.0,1404,1285,0,0,7.02,8.58,0.0,0.0,107,0.0,0.0,0.0,one,SR,1
0,3212,2132,0,0,14.1415,5.2644,8.2179,0.0,0.0,1222,722,0,0,6.9,6.59,0.0,0.0,46,0.0,0.0,0.0,one,SR,1
0,3217,7921,6407,3589,93.8336,23.6263,17.8215,31.8505,17.8215,2977,1518,2977,1518,6.83,7.57,11.99,7.57,55,0.0,55.0,0.0,many,SR,3
0,3224,7307,0,0,14.3001,3.8021,9.7822,0.0,0.0,1240,882,0,0,6.58,7.16,0.0,0.0,180,0.0,0.0,0.0,one,SR,1
0,3227,6983,6427,539,62.0661,17.5544,13.2869,15.9719,13.2869,1352,1082,1352,1082,-3.5,6.31,7.04,6.31,10,0.0,10.0,0.0,many,SR,3
0,3233,2729,0,0,16.0745,3.7975,11.499,0.0,0.0,1415,1058,0,0,7.86,7.78,0.0,0.0,219,0.0,0.0,0.0,one,SR,1
0,3248,6316,3021,0,38.4415,8.7572,13.8835,14.478,0.0,1547,1297,1196,0,4.34,6.6,6.63,0.0,215,113.0,0.0,0.0,many,SR,2
0,3257,2578,0,0,15.4828,5.4597,9.3235,0.0,0.0,1461,836,0,0,9.04,7.0,0.0,0.0,57,0.0,0.0,0.0,one,SR,1
0,3259,9408,0,0,16.3629,5.4981,10.1359,0.0,0.0,1087,919,0,0,4.85,7.29,0.0,0.0,73,0.0,0.0,0.0,one,SR,1
0,3260,5793,425,0,35.1606,10.2414,9.4605,14.2709,0.0,1219,716,1219,0,2.11,5.27,6.61,0.0,31,0.0,31.0,0.0,many,SR,2
0,3263,6460,0,0,29.0295,9.2403,18.7291,0.0,0.0,2445,1814,0,0,16.13,10.6,0.0,0.0,21,0.0,0.0,0.0,one,SR,1
0,3273,6258,5187,0,69.0987,16.9038,22.5148,27.7084,0.0,2634,1985,2539,0,9.91,9.03,10.68,0.0,58,3.0,33.0,0.0,many,SR,2
0,3275,7389,0,0,14.9943,5.8275,8.4973,0.0,0.0,1175,751,0,0,6.31,6.69,0.0,0.0,14,0.0,0.0,0.0,one,SR,1
0,3276,597,596,0,63.8606,14.4763,23.751,23.751,0.0,4467,2102,2102,0,29.96,9.41,9.41,0.0,168,0.0,0.0,0.0,many,SR,2
0,3279,2778,0,0,14.4205,5.0836,8.6614,0.0,0.0,1229,768,0,0,6.83,6.75,0.0,0.0,68,0.0,0.0,0.0,one,SR,1
0,3286,7456,0,0,16.1067,3.7551,11.5711,0.0,0.0,1338,1065,0,0,7.02,7.8,0.0,0.0,223,0.0,0.0,0.0,one,SR,1
0,3288,9579,6556,2655,89.3893,22.4885,21.7772,22.2184,20.2778,2063,2020,2063,1760,-1.99,8.9,9.04,8.33,79,80.0,79.0,0.0,many,SR,3
0,3289,2180,367,0,39.8006,8.9506,12.3831,17.1099,0.0,1762,996,1618,0,6.29,6.06,7.51,0.0,223,0.0,121.0,0.0,many,SR,2
0,3293,3381,396,0,39.3347,10.5649,13.8094,13.6741,0.0,2097,1134,1119,0,10.44,6.45,6.41,0.0,69,2.0,0.0,0.0,many,SR,2
0,3295,9839,9838,1851,46.0864,14.4628,10.0013,10.0013,9.9962,1160,767,767,767,-2.44,5.42,5.42,5.41,11,-1.0,-1.0,0.0,many,SR,3
0,3304,6590,6127,6126,139.7273,33.4223,50.2443,26.161,26.161,4690,4690,2340,2340,15.6,17.06,10.16,10.16,16,16.0,0.0,0.0,many,SR,3
0,3308,3473,0,0,13.5689,3.6071,9.2647,0.0,0.0,1472,829,0,0,9.18,6.97,0.0,0.0,182,0.0,0.0,0.0,one,SR,1
0,3310,9364,0,0,14.2484,3.6777,9.8525,0.0,0.0,1389,889,0,0,8.12,7.18,0.0,0.0,190,0.0,0.0,0.0,one,SR,1
0,3313,8452,1353,0,40.9594,9.5865,19.0078,10.9989,0.0,1910,1674,863,0,7.76,7.97,5.69,0.0,185,28.0,0.0,0.0,many,SR,2
0,3322,8038,6632,0,37.0815,10.4107,10.2169,15.2176,0.0,1335,789,1335,0,2.89,5.48,6.89,0.0,49,0.0,49.0,0.0,many,SR,2
0,3325,7521,0,0,21.7851,7.5489,13.3896,0.0,0.0,1481,1252,0,0,7.93,8.47,0.0,0.0,5,0.0,0.0,0.0,one,SR,1
0,3327,4668,0,0,15.3134,5.6875,8.9405,0.0,0.0,1386,796,0,0,8.38,6.85,0.0,0.0,33,0.0,0.0,0.0,one,SR,1
0,3336,7317,0,0,21.0247,7.4203,12.7801,0.0,0.0,1627,1189,0,0,9.66,8.24,0.0,0.0,0,0.0,0.0,0.0,one,SR,1
0,3337,9645,0,0,14.8899,5.6561,8.5619,0.0,0.0,1037,758,0,0,4.84,6.72,0.0,0.0,27,0.0,0.0,0.0,one,SR,1
0,3339,4767,0,0,14.6276,5.0156,8.927,0.0,0.0,1182,795,0,0,6.25,6.85,0.0,0.0,79,0.0,0.0,0.0,one,SR,1
0,3340,3624,3623,0,45.4839,11.0553,16.4968,16.4968,0.0,2607,1388,1388,0,14.46,7.17,7.17,0.0,127,0.0,0.0,0.0,many,SR,2
0,3349,8303,0,0,15.3042,5.4127,9.1966,0.0,0.0,1125,823,0,0,5.56,6.95,0.0,0.0,58,0.0,0.0,0.0,one,SR,1
0,3353,7113,0,0,24.6576,7.9232,15.797,0.0,0.0,2332,1501,0,0,16.05,9.37,0.0,0.0,35,0.0,0.0,0.0,one,SR,1
0,3354,7931,7930,0,73.4682,17.4872,26.9502,26.9502,0.0,3365,2417,2417,0,16.61,10.4,10.4,0.0,85,0.0,0.0,0.0,many,SR,2
0,3357,6139,1376,0,32.5543,8.7192,10.155,12.5164,0.0,1143,782,1108,0,1.53,5.46,6.18,0.0,120,0.0,71.0,0.0,many,SR,2
0,3364,6715,0,0,16.0389,4.1704,11.1046,0.0,0.0,1300,1018,0,0,6.78,7.64,0.0,0.0,185,0.0,0.0,0.0,one,SR,1
0,3367,6720,3949,0,33.4385,9.6856,12.3972,10.1996,0.0,1099,1023,791,0,1.14,6.09,5.47,0.0,49,19.0,3.0,0.0,many,SR,2
0,3370,1621,1620,0,30.2315,9.4788,9.8392,9.8392,0.0,1626,752,752,0,7.4,5.37,5.37,0.0,13,0.0,0.0,0.0,many,SR,2
0,3372,4509,0,0,15.3592,4.9902,9.6575,0.0,0.0,1228,870,0,0,6.49,7.12,0.0,0.0,97,0.0,0.0,0.0,one,SR,1
0,3381,5816,0,0,12.6417,3.714,8.2668,0.0,0.0,1406,727,0,0,8.81,6.61,0.0,0.0,153,0.0,0.0,0.0,one,SR,1
0,3383,1986,1411,0,32.0156,9.7353,10.5889,10.5765,0.0,1597,824,823,0,6.73,5.58,5.57,0.0,21,0.0,0.0,0.0,many,SR,2
0,3396,6828,6827,5951,67.1235,18.5713,13.6066,13.6066,19.2586,2497,1112,1112,1661,7.49,6.39,6.39,8.02,11,0.0,0.0,1.0,many,SR,3
0,3401,1381,0,0,16.0665,5.5153,9.8332,0.0,0.0,1531,888,0,0,9.61,7.18,0.0,0.0,65,0.0,0.0,0.0,one,SR,1
0,3403,7968,7406,0,84.989,18.3514,32.133,32.101,0.0,3717,2928,2946,0,17.4,12.01,12.02,0.0,224,0.0,15.0,0.0,many,SR,2
0,3408,8251,3080,0,39.5286,11.2324,9.5281,17.4917,0.0,1576,723,1492,0,5.06,5.29,7.47,0.0,18,0.0,5.0,0.0,many,SR,2
0,3410,8342,8082,8081,63.9244,15.5908,15.3714,15.4465,15.4465,2683,1328,1288,1288,9.55,6.91,6.89,6.89,207,34.0,0.0,0.0,many,SR,3
0,3415,5696,5695,0,33.34,9.9254,11.1349,11.1349,0.0,1379,876,876,0,4.18,5.72,5.72,0.0,26,0.0,0.0,0.0,many,SR,2
0,3416,6849,6848,0,34.1538,9.5607,11.7086,11.7086,0.0,2340,931,931,0,13.99,5.88,5.88,0.0,70,0.0,0.0,0.0,many,SR,2
0,3417,64,63,0,49.954,12.9812,17.732,17.732,0.0,1847,1509,1509,0,5.82,7.54,7.54,0.0,41,0.0,0.0,0.0,many,SR,2
0,3421,499,0,0,11.7676,2.4876,8.6066,0.0,0.0,1464,762,0,0,9.31,6.73,0.0,0.0,244,0.0,0.0,0.0,one,SR,1
0,3443,3241,0,0,17.6513,6.6252,10.2919,0.0,0.0,1712,934,0,0,11.37,7.34,0.0,0.0,-1,0.0,0.0,0.0,one,SR,1
0,3450,8776,0,0,18.9496,6.6991,11.4735,0.0,0.0,1403,1055,0,0,7.74,7.77,0.0,0.0,20,0.0,0.0,0.0,one,SR,1
0,3453,7662,0,0,29.3956,5.8577,22.3272,0.0,0.0,2540,2198,0,0,15.77,12.11,0.0,0.0,344,0.0,0.0,0.0,one,SR,1
0,3463,3424,3423,0,88.5322,21.3537,32.3804,32.3804,0.0,4312,2952,2952,0,23.52,12.09,12.09,0.0,28,0.0,0.0,0.0,many,SR,2
0,3466,6945,3348,494,54.6815,14.8014,15.658,11.1854,11.1797,1491,1491,881,881,-1.06,7.1,5.74,5.74,131,131.0,0.0,0.0,many,SR,3
0,3468,312,0,0,22.4459,6.5743,14.9677,0.0,0.0,1588,1414,0,0,8.54,9.04,0.0,0.0,107,0.0,0.0,0.0,one,SR,1
0,3469,7107,0,0,26.0509,7.7902,17.2622,0.0,0.0,2473,1657,0,0,16.98,9.99,0.0,0.0,82,0.0,0.0,0.0,one,SR,1
0,3470,7241,1075,0,34.6403,8.0209,13.7785,11.6051,0.0,1484,1166,965,0,4.46,6.47,5.89,0.0,212,27.0,31.0,0.0,many,SR,2
0,3473,7062,2916,2393,78.6393,18.4473,18.5282,18.5492,20.7016,2661,1588,1607,1864,6.22,7.79,7.81,8.52,223,0.0,12.0,44.0,many,SR,3
0,3475,9854,9853,0,30.0272,6.9933,10.9494,10.9494,0.0,1416,859,859,0,4.65,5.68,5.68,0.0,220,0.0,0.0,0.0,many,SR,2
0,3478,8301,6980,0,45.8746,11.8867,15.0917,17.4679,0.0,1552,1273,1492,0,3.44,6.81,7.47,0.0,66,13.0,6.0,0.0,many,SR,2
0,3479,6943,792,0,37.475,8.7684,16.2467,11.1749,0.0,1716,1372,880,0,6.45,7.12,5.73,0.0,191,5.0,0.0,0.0,many,SR,2
0,3483,9790,0,0,15.5204,4.2224,10.5539,0.0,0.0,1287,962,0,0,6.82,7.44,0.0,0.0,169,0.0,0.0,0.0,one,SR,1
0,3490,3915,3914,0,35.5043,9.768,12.2652,12.2652,0.0,1449,984,984,0,4.36,6.03,6.03,0.0,74,0.0,0.0,0.0,many,SR,2
0,3491,6699,0,0,23.2773,7.961,14.4323,0.0,0.0,1727,1358,0,0,10.18,8.84,0.0,0.0,0,0.0,0.0,0.0,one,SR,1
0,3499,4992,0,0,21.3944,6.4057,14.116,0.0,0.0,2592,1326,0,0,19.36,8.73,0.0,0.0,99,0.0,0.0,0.0,one,SR,1
0,3500,757,0,0,15.9663,5.9496,9.3176,0.0,0.0,1311,835,0,0,7.47,6.99,0.0,0.0,24,0.0,0.0,0.0,one,SR,1
0,3510,4716,4281,0,29.9011,9.3192,9.6015,9.9082,0.0,1257,744,771,0,3.55,5.32,5.4,0.0,23,10.0,9.0,0.0,many,SR,2
0,3511,7105,0,0,18.8991,6.7941,11.333,0.0,0.0,1440,1041,0,0,8.17,7.72,0.0,0.0,11,0.0,0.0,0.0,one,SR,1
0,3516,119,0,0,14.5232,5.567,8.2942,0.0,0.0,1257,730,0,0,7.24,6.62,0.0,0.0,27,0.0,0.0,0.0,one,SR,1
0,3523,5832,0,0,17.988,6.2328,10.9953,0.0,0.0,1222,1007,0,0,5.99,7.6,0.0,0.0,42,0.0,0.0,0.0,one,SR,1
0,3524,2500,0,0,15.2798,4.9981,9.5734,0.0,0.0,2371,861,0,0,18.52,7.08,0.0,0.0,94,0.0,0.0,0.0,one,SR,1
0,3527,4199,0,0,15.729,5.9367,9.1008,0.0,0.0,1150,813,0,0,5.85,6.91,0.0,0.0,20,0.0,0.0,0.0,one,SR,1
0,3528,2999,0,0,19.2649,7.0018,11.4854,0.0,0.0,1057,1057,0,0,4.1,7.78,0.0,0.0,0,0.0,0.0,0.0,one,SR,1
0,3532,9537,0,0,18.1279,5.4341,11.9012,0.0,0.0,1447,1099,0,0,8.06,7.92,0.0,0.0,116,0.0,0.0,0.0,one,SR,1
0,3538,5801,0,0,14.9645,4.6929,9.5636,0.0,0.0,1352,860,0,0,7.82,7.08,0.0,0.0,115,0.0,0.0,0.0,one,SR,1
0,3540,3595,0,0,15.9734,4.3864,10.833,0.0,0.0,1230,990,0,0,6.13,7.54,0.0,0.0,164,0.0,0.0,0.0,one,SR,1
0,3541,9868,0,0,17.1408,6.4828,9.9366,0.0,0.0,1152,898,0,0,5.6,7.21,0.0,0.0,1,0.0,0.0,0.0,one,SR,1
0,3548,6174,6173,0,41.5074,9.4586,15.3381,15.3381,0.0,1832,1278,1278,0,6.88,6.86,6.86,0.0,198,0.0,0.0,0.0,many,SR,2
0,3549,9925,0,0,12.2545,3.4298,8.1672,0.0,0.0,1194,717,0,0,6.62,6.57,0.0,0.0,170,0.0,0.0,0.0,one,SR,1
0,3550,8833,0,0,22.2822,6.5529,14.8307,0.0,0.0,2301,1399,0,0,16.07,8.99,0.0,0.0,105,0.0,0.0,0.0,one,SR,1
0,3552,4920,4919,0,65.0396,16.1044,23.5334,23.5334,0.0,2943,2080,2080,0,14.09,9.34,9.34,0.0,49,0.0,0.0,0.0,many,SR,2
0,3554,1138,0,0,28.244,8.498,18.6879,0.0,0.0,1980,1809,0,0,11.27,10.58,0.0,0.0,70,0.0,0.0,0.0,one,SR,1
0,3559,7079,0,0,22.1166,7.6155,13.6454,0.0,0.0,2183,1278,0,0,15.22,8.56,0.0,0.0,6,0.0,0.0,0.0,one,SR,1
0,3562,6971,0,0,14.5238,5.6872,8.1789,0.0,0.0,1186,718,0,0,6.53,6.58,0.0,0.0,16,0.0,0.0,0.0,one,SR,1
0,3563,4944,2479,0,39.1082,9.2492,14.2872,14.2573,0.0,1770,1176,1174,0,6.75,6.58,6.57,0.0,176,-1.0,0.0,0.0,many,SR,2
0,3565,4139,0,0,15.6279,3.7538,11.1103,0.0,0.0,1288,1018,0,0,6.65,7.64,0.0,0.0,213,0.0,0.0,0.0,one,SR,1
0,3566,1641,124,0,50.8107,11.5359,17.5614,20.1323,0.0,1947,1492,1783,0,6.21,7.49,8.32,0.0,184,0.0,27.0,0.0,many,SR,2
0,3573,9488,3738,0,29.8468,7.888,10.572,10.2701,0.0,2197,954,793,0,13.02,5.68,5.49,0.0,148,94.0,0.0,0.0,many,SR,2
0,3578,3637,202,0,64.0227,14.4051,26.4982,21.2245,0.0,3090,2391,1897,0,15.39,10.28,8.67,0.0,181,13.0,31.0,0.0,many,SR,2
0,3580,8868,0,0,23.4537,6.2481,16.249,0.0,0.0,1823,1550,0,0,10.53,9.57,0.0,0.0,161,0.0,0.0,0.0,one,SR,1
0,3582,6507,3179,0,56.1623,13.5322,19.3275,21.609,0.0,2056,1666,2056,0,6.35,8.04,8.9,0.0,117,0.0,117.0,0.0,many,SR,2
0,3587,8521,4928,0,37.27,9.8541,9.6908,16.4676,0.0,2091,738,1477,0,10.64,5.33,7.24,0.0,100,0.0,65.0,0.0,many,SR,2
0,3590,9712,1709,1708,93.602,23.4409,25.2915,21.0796,21.0796,2411,2307,1839,1839,0.92,9.94,8.58,8.58,65,38.0,0.0,0.0,many,SR,3
0,3597,6308,0,0,19.3255,6.1702,12.3466,0.0,0.0,1534,1145,0,0,8.83,8.09,0.0,0.0,76,0.0,0.0,0.0,one,SR,1
0,3602,2100,2099,732,64.1193,18.0569,12.4412,12.4412,19.1648,1660,1001,1001,1659,-0.71,6.08,6.08,8.0,6,0.0,0.0,6.0,many,SR,3
0,3608,7261,0,0,18.5517,6.4423,11.337,0.0,0.0,1525,1042,0,0,9.06,7.72,0.0,0.0,35,0.0,0.0,0.0,one,SR,1
0,3612,4017,2733,967,73.8783,19.5829,26.0733,12.9787,12.9787,2408,2408,1052,1052,4.9,10.2,6.22,6.22,55,55.0,0.0,0.0,many,SR,3
0,3617,1041,0,0,18.0613,6.4218,10.8838,0.0,0.0,1290,995,0,0,6.74,7.56,0.0,0.0,26,0.0,0.0,0.0,one,SR,1
0,3624,9234,0,0,17.1229,4.7688,11.5733,0.0,0.0,1619,1066,0,0,9.97,7.81,0.0,0.0,154,0.0,0.0,0.0,one,SR,1
0,3626,7707,0,0,20.1803,7.1097,12.2647,0.0,0.0,1207,1137,0,0,5.42,8.06,0.0,0.0,10,0.0,0.0,0.0,one,SR,1
0,3627,1067,0,0,13.9608,5.0754,8.2258,0.0,0.0,1143,723,0,0,6.07,6.6,0.0,0.0,59,0.0,0.0,0.0,one,SR,1
0,3628,6875,0,0,30.1192,9.3509,19.669,0.0,0.0,2195,1914,0,0,13.15,10.99,0.0,0.0,37,0.0,0.0,0.0,one,SR,1
0,3631,1682,0,0,18.6253,6.053,11.7841,0.0,0.0,1597,1087,0,0,9.67,7.88,0.0,0.0,71,0.0,0.0,0.0,one,SR,1
0,3637,2036,0,0,19.6451,5.7454,13.0652,0.0,0.0,1438,1218,0,0,7.59,8.35,0.0,0.0,121,0.0,0.0,0.0,one,SR,1
0,3638,6762,6637,0,31.9195,8.3323,11.7831,10.6461,0.0,1387,1011,866,0,4.14,5.96,5.62,0.0,143,52.0,26.0,0.0,many,SR,2
0,3640,5664,0,0,16.8183,6.037,10.0557,0.0,0.0,1270,910,0,0,6.8,7.26,0.0,0.0,34,0.0,0.0,0.0,one,SR,1
0,3647,365,0,0,15.7058,5.9863,9.0306,0.0,0.0,1129,806,0,0,5.65,6.89,0.0,0.0,15,0.0,0.0,0.0,one,SR,1
0,3656,8140,8065,3406,102.8679,24.9045,21.3188,21.315,32.3884,3935,1862,1862,2962,14.85,8.66,8.66,12.1,107,0.0,0.0,6.0,many,SR,3
0,3657,9807,0,0,14.9257,5.5767,8.6731,0.0,0.0,2439,769,0,0,19.53,6.76,0.0,0.0,35,0.0,0.0,0.0,one,SR,1
0,3659,7103,719,0,36.829,10.0504,11.1378,14.4071,0.0,1369,877,1188,0,3.27,5.73,6.61,0.0,72,0.0,-1.0,0.0,many,SR,2
0,3661,836,0,0,23.2825,7.3629,15.0144,0.0,0.0,1871,1418,0,0,11.5,9.05,0.0,0.0,54,0.0,0.0,0.0,one,SR,1
0,3668,6087,2020,0,82.023,19.2576,35.0716,25.4073,0.0,3401,3232,2265,0,15.13,12.94,9.92,0.0,90,10.0,0.0,0.0,many,SR,2
0,3673,7992,0,0,13.6826,4.3173,8.6888,0.0,0.0,1301,771,0,0,7.57,6.77,0.0,0.0,121,0.0,0.0,0.0,one,SR,1
0,3676,8619,2318,0,77.7927,15.981,25.2239,34.3008,0.0,3684,2449,3283,0,18.1,10.05,12.82,0.0,314,143.0,100.0,0.0,many,SR,2
0,3678,9751,5231,0,30.5016,7.7847,10.9213,10.6688,0.0,1846,861,832,0,9.24,5.67,5.6,0.0,161,4.0,0.0,0.0,many,SR,2
0,3689,8536,619,0,37.3936,10.3827,14.3897,11.3804,0.0,1434,1201,900,0,3.89,6.62,5.79,0.0,54,10.0,0.0,0.0,many,SR,2
0,3694,9031,4610,0,56.9753,12.0413,22.0549,21.1266,0.0,2997,1979,1844,0,15.7,8.93,8.6,0.0,255,31.0,0.0,0.0,many,SR,2
0,3696,8911,0,0,21.3128,7.2385,13.2333,0.0,0.0,2209,1236,0,0,15.63,8.41,0.0,0.0,23,0.0,0.0,0.0,one,SR,1
0,3700,9532,9531,0,29.5854,9.3094,9.607,9.607,0.0,1389,730,730,0,5.03,5.31,5.31,0.0,17,0.0,0.0,0.0,many,SR,2
0,3701,7465,7464,0,34.4456,9.4479,11.9055,11.9055,0.0,1316,950,950,0,3.14,5.93,5.93,0.0,84,0.0,0.0,0.0,many,SR,2
0,3702,9694,6386,0,36.4478,8.6665,13.3992,13.1129,0.0,1683,1092,1183,0,6.25,6.34,6.36,0.0,188,0.0,84.0,0.0,many,SR,2
0,3703,8743,0,0,14.0145,4.1635,9.1575,0.0,0.0,1188,819,0,0,6.23,6.94,0.0,0.0,142,0.0,0.0,0.0,one,SR,1
0,3704,4876,0,0,20.1262,7.2199,12.1063,0.0,0.0,1665,1120,0,0,10.28,8.0,0.0,0.0,-1,0.0,0.0,0.0,one,SR,1
0,3706,6016,0,0,18.5946,6.532,11.292,0.0,0.0,1162,1037,0,0,5.27,7.71,0.0,0.0,28,0.0,0.0,0.0,one,SR,1
0,3707,9311,1881,38,63.7254,15.5113,16.2546,14.9177,14.967,2141,1515,1245,1242,3.81,7.23,6.76,6.76,216,107.0,5.0,0.0,many,SR,3
0,3718,7155,4591,0,40.554,10.5899,13.8772,14.7592,0.0,2121,1144,1345,0,10.32,6.47,6.8,0.0,93,4.0,88.0,0.0,many,SR,2
0,3721,9410,4528,2878,57.2542,14.043,16.3658,12.4814,12.4307,1502,1379,1037,1000,-1.63,7.14,6.11,6.08,229,2.0,23.0,0.0,many,SR,3
0,3728,7024,5201,5200,51.0464,13.2217,12.0121,12.0121,12.0121,1309,960,960,960,-2.35,5.96,5.96,5.96,196,0.0,0.0,0.0,many,SR,3
0,3729,860,0,0,22.2506,6.276,15.0673,0.0,0.0,2290,1424,0,0,15.88,9.07,0.0,0.0,129,0.0,0.0,0.0,one,SR,1
0,3730,5814,5813,0,31.803,8.4213,11.1188,11.1188,0.0,1840,875,875,0,9.02,5.72,5.72,0.0,128,0.0,0.0,0.0,many,SR,2
0,3739,4250,4249,0,62.2303,12.6234,23.8588,23.8588,0.0,2535,2113,2113,0,9.61,9.45,9.45,0.0,299,0.0,0.0,0.0,many,SR,2
0,3745,3227,0,0,15.6524,5.2132,9.7255,0.0,0.0,1388,876,0,0,8.15,7.14,0.0,0.0,83,0.0,0.0,0.0,one,SR,1
0,3747,3654,0,0,14.5715,3.8604,9.9876,0.0,0.0,2096,904,0,0,15.5,7.24,0.0,0.0,181,0.0,0.0,0.0,one,SR,1
0,3761,6594,6593,0,30.2619,8.7783,10.195,10.195,0.0,1082,786,786,0,1.52,5.47,5.47,0.0,73,0.0,0.0,0.0,many,SR,2
0,3763,9778,2266,0,52.0447,13.4438,18.7388,18.3036,0.0,2213,1608,1575,0,9.21,7.86,7.73,0.0,40,0.0,7.0,0.0,many,SR,2
0,3771,2225,0,0,21.6563,7.4024,13.4069,0.0,0.0,1912,1253,0,0,12.45,8.47,0.0,0.0,15,0.0,0.0,0.0,one,SR,1
0,3772,4905,0,0,39.9961,11.924,26.6796,0.0,0.0,4360,2662,0,0,33.25,13.93,0.0,0.0,42,0.0,0.0,0.0,one,SR,1
0,3775,4441,2588,965,57.6363,16.3017,12.9564,11.9655,14.5219,1287,1114,955,1265,-3.5,6.27,5.95,6.69,49,46.0,0.0,47.0,many,SR,3
0,3780,5990,4639,0,37.8459,9.8885,13.3393,13.3535,0.0,1641,1087,1088,0,5.85,6.32,6.32,0.0,102,0.0,0.0,0.0,many,SR,2
0,3784,7851,333,0,37.9557,9.9079,12.379,14.3969,0.0,1306,997,1248,0,2.27,6.06,6.66,0.0,105,1.0,43.0,0.0,many,SR,2
0,3790,6810,5483,0,34.1858,10.0049,11.5079,11.5079,0.0,1628,912,912,0,6.61,5.83,5.83,0.0,33,0.0,0.0,0.0,many,SR,2
0,3792,7260,0,0,18.6587,5.8979,11.9658,0.0,0.0,1369,1106,0,0,7.22,7.95,0.0,0.0,86,0.0,0.0,0.0,one,SR,1
0,3793,8882,0,0,13.6391,4.2358,8.7257,0.0,0.0,1569,774,0,0,10.38,6.78,0.0,0.0,127,0.0,0.0,0.0,one,SR,1
0,3794,8141,8019,3946,72.1155,18.074,14.9899,14.8863,21.9119,2086,1244,1311,2058,1.62,6.77,6.8,8.97,151,0.0,55.0,97.0,many,SR,3
0,3800,7251,0,0,13.5511,4.261,8.6164,0.0,0.0,1207,763,0,0,6.61,6.74,0.0,0.0,123,0.0,0.0,0.0,one,SR,1
0,3802,5778,5777,214,81.3609,20.6223,22.9321,22.9321,12.4136,3497,2143,2143,998,14.57,9.27,9.27,6.07,104,86.0,86.0,0.0,many,SR,3
0,3803,1772,0,0,18.5886,4.3973,13.3465,0.0,0.0,1746,1247,0,0,10.73,8.45,0.0,0.0,219,0.0,0.0,0.0,one,SR,1
0,3805,3353,1045,0,37.1281,9.9803,12.9188,12.9857,0.0,1560,1047,1052,0,5.19,6.21,6.23,0.0,83,0.0,-1.0,0.0,many,SR,2
0,3812,1358,0,0,21.1348,7.3685,12.9363,0.0,0.0,1249,1205,0,0,5.64,8.3,0.0,0.0,7,0.0,0.0,0.0,one,SR,1
0,3820,4618,1399,0,56.103,13.8087,20.6729,19.9492,0.0,2320,1834,1728,0,9.31,8.49,8.23,0.0,85,25.0,0.0,0.0,many,SR,2
0,3825,4299,4298,0,46.2497,10.5955,17.0926,17.0926,0.0,2039,1446,1446,0,8.19,7.34,7.34,0.0,179,0.0,0.0,0.0,many,SR,2
0,3849,7744,4187,0,36.0778,8.824,12.3118,13.695,0.0,1399,989,1132,0,3.47,6.04,6.43,0.0,164,0.0,8.0,0.0,many,SR,2
0,3851,3007,0,0,17.5976,6.4008,10.4563,0.0,0.0,1457,952,0,0,8.63,7.41,0.0,0.0,18,0.0,0.0,0.0,one,SR,1
0,3853,4924,4923,0,53.7538,12.8918,19.618,19.618,0.0,2568,1695,1695,0,12.33,8.13,8.13,0.0,119,0.0,0.0,0.0,many,SR,2
0,3857,5753,0,0,15.8254,4.831,10.261,0.0,0.0,1301,932,0,0,7.06,7.33,0.0,0.0,121,0.0,0.0,0.0,one,SR,1
0,3859,6120,3872,2385,67.5361,18.4779,15.6625,15.6834,15.6273,1901,1309,1311,1306,1.2,6.95,6.96,6.94,20,0.0,0.0,0.0,many,SR,3
0,3862,390,0,0,17.3882,5.0258,11.5812,0.0,0.0,1143,1067,0,0,4.97,7.81,0.0,0.0,137,0.0,0.0,0.0,one,SR,1
0,3864,7882,954,0,31.9753,8.2503,12.4352,10.1198,0.0,1218,1218,779,0,2.26,6.25,5.45,0.0,156,156.0,0.0,0.0,many,SR,2
0,3870,622,0,0,18.409,6.5532,11.0926,0.0,0.0,1576,1016,0,0,9.68,7.63,0.0,0.0,22,0.0,0.0,0.0,one,SR,1
0,3871,2836,0,0,14.5195,4.2827,9.5302,0.0,0.0,1345,856,0,0,7.76,7.07,0.0,0.0,142,0.0,0.0,0.0,one,SR,1
0,3872,5683,3609,0,84.0912,19.5077,30.9638,31.2691,0.0,3261,2813,2964,0,13.08,11.65,11.86,0.0,113,0.0,86.0,0.0,many,SR,2
0,3873,3321,0,0,23.0216,6.7484,15.3542,0.0,0.0,2300,1454,0,0,15.88,9.19,0.0,0.0,104,0.0,0.0,0.0,one,SR,1
0,3881,9052,8232,0,49.1925,13.0784,18.5565,16.0687,0.0,1694,1619,1348,0,4.39,7.83,7.06,0.0,22,20.0,0.0,0.0,many,SR,2
0,3888,4475,3174,0,35.4266,10.3789,12.0083,11.8513,0.0,1714,960,945,0,7.3,5.96,5.92,0.0,22,0.0,0.0,0.0,many,SR,2
0,3889,8284,0,0,17.086,6.2597,10.0988,0.0,0.0,1483,915,0,0,9.02,7.27,0.0,0.0,20,0.0,0.0,0.0,one,SR,1
0,3891,7936,4537,4536,98.3952,23.1699,23.2574,24.5541,24.5541,2395,2053,2191,2191,-0.59,9.26,9.67,9.67,175,0.0,7.0,7.0,many,SR,3
0,3893,3818,3728,0,43.7917,10.7974,15.5789,16.0057,0.0,2333,1448,1350,0,11.81,7.05,7.05,0.0,129,105.0,6.0,0.0,many,SR,2
0,3908,5084,0,0,19.181,6.2583,12.122,0.0,0.0,1480,1122,0,0,8.33,8.01,0.0,0.0,65,0.0,0.0,0.0,one,SR,1
0,3913,7655,693,0,32.6086,8.1591,11.6401,11.6373,0.0,1712,925,924,0,7.43,5.86,5.86,0.0,163,0.0,0.0,0.0,many,SR,2
0,3916,3866,3865,0,54.0451,13.3924,19.5166,19.5166,0.0,3451,1685,1685,0,21.66,8.1,8.1,0.0,81,0.0,0.0,0.0,many,SR,2
0,3920,8201,0,0,33.4532,6.5342,25.5727,0.0,0.0,3851,2544,0,0,28.32,13.46,0.0,0.0,381,0.0,0.0,0.0,one,SR,1
0,3923,4648,0,0,18.3198,6.7245,10.8409,0.0,0.0,1057,991,0,0,4.31,7.54,0.0,0.0,5,0.0,0.0,0.0,one,SR,1
0,3925,368,0,0,25.2521,8.4667,15.8457,0.0,0.0,2437,1507,0,0,17.13,9.4,0.0,0.0,0,0.0,0.0,0.0,one,SR,1
0,3933,5171,0,0,22.0488,7.5521,13.6413,0.0,0.0,1495,1277,0,0,8.0,8.55,0.0,0.0,10,0.0,0.0,0.0,one,SR,1
0,3935,9773,9772,0,52.6847,13.2174,18.9418,18.9418,0.0,2539,1628,1628,0,12.41,7.92,7.92,0.0,71,0.0,0.0,0.0,many,SR,2
0,3940,5070,0,0,13.4794,3.734,9.0558,0.0,0.0,1210,808,0,0,6.5,6.9,0.0,0.0,169,0.0,0.0,0.0,one,SR,1
0,3941,6688,0,0,16.1226,6.2538,9.1749,0.0,0.0,1132,820,0,0,5.64,6.94,0.0,0.0,0,0.0,0.0,0.0,one,SR,1
0,3942,6511,0,0,14.5116,3.7803,10.0071,0.0,0.0,1341,906,0,0,7.56,7.24,0.0,0.0,187,0.0,0.0,0.0,one,SR,1
0,3943,7504,0,0,14.9171,5.3114,8.921,0.0,0.0,1215,794,0,0,6.6,6.85,0.0,0.0,58,0.0,0.0,0.0,one,SR,1
0,3944,6113,5957,0,31.1533,5.8527,12.2867,11.8171,0.0,2047,1017,941,0,10.72,6.06,5.91,0.0,336,22.0,0.0,0.0,many,SR,2
0,3949,9329,0,0,21.321,7.1942,13.2841,0.0,0.0,1855,1241,0,0,11.89,8.43,0.0,0.0,27,0.0,0.0,0.0,one,SR,1
0,3954,1858,0,0,17.3828,4.7251,11.8662,0.0,0.0,1512,1096,0,0,8.75,7.91,0.0,0.0,164,0.0,0.0,0.0,one,SR,1
0,3960,2969,0,0,17.5569,4.5388,12.214,0.0,0.0,1315,1132,0,0,6.57,8.04,0.0,0.0,184,0.0,0.0,0.0,one,SR,1
0,3962,6338,738,0,44.4296,12.2926,16.5565,14.205,0.0,1403,1403,1169,0,2.35,7.2,6.55,0.0,6,6.0,0.0,0.0,many,SR,2
0,3966,8675,8362,0,59.7837,14.3629,19.8191,23.8255,0.0,2940,1715,2255,0,14.89,8.19,9.57,0.0,111,0.0,103.0,0.0,many,SR,2
0,3970,5019,4974,0,48.1941,10.9824,17.5299,18.1602,0.0,1708,1555,1551,0,4.24,7.54,7.68,0.0,185,47.0,0.0,0.0,many,SR,2
0,3971,1818,1145,0,27.8515,7.6185,9.5861,9.5861,0.0,1678,728,728,0,8.07,5.3,5.3,0.0,132,0.0,0.0,0.0,many,SR,2
0,3975,7869,7868,0,40.2281,10.1418,14.3829,14.3829,0.0,1738,1186,1186,0,6.36,6.6,6.6,0.0,119,0.0,0.0,0.0,many,SR,2
0,3979,9574,8524,256,64.6165,18.0764,13.3497,17.766,13.4015,1725,1088,1521,1098,-0.09,6.32,7.56,6.34,9,0.0,6.0,4.0,many,SR,3
0,3982,8105,95,0,38.773,9.7647,17.1973,10.5004,0.0,1652,1652,815,0,5.55,7.56,5.55,0.0,139,139.0,0.0,0.0,many,SR,2
0,3983,7122,0,0,18.3284,4.3554,13.1357,0.0,0.0,1533,1226,0,0,8.56,8.37,0.0,0.0,217,0.0,0.0,0.0,one,SR,1
0,3995,9640,5649,4930,69.2478,15.8596,17.1511,17.0685,16.9509,2108,1623,1463,1431,2.18,7.52,7.35,7.3,280,121.0,14.0,-1.0,many,SR,3
0,3998,449,0,0,21.3668,7.2742,13.251,0.0,0.0,2272,1238,0,0,16.28,8.42,0.0,0.0,21,0.0,0.0,0.0,one,SR,1
0,4000,8298,0,0,20.6237,6.1409,13.6277,0.0,0.0,1660,1276,0,0,9.73,8.55,0.0,0.0,106,0.0,0.0,0.0,one,SR,1
0,4001,9075,0,0,15.0597,5.7272,8.6574,0.0,0.0,1102,767,0,0,5.49,6.75,0.0,0.0,24,0.0,0.0,0.0,one,SR,1
0,4003,2917,0,0,20.1493,7.1216,12.2235,0.0,0.0,1852,1132,0,0,12.21,8.04,0.0,0.0,8,0.0,0.0,0.0,one,SR,1
0,4004,7965,0,0,14.475,3.6146,10.1319,0.0,0.0,1216,918,0,0,6.21,7.29,0.0,0.0,201,0.0,0.0,0.0,one,SR,1
0,4016,9960,7766,0,36.2972,10.0767,12.6909,12.3089,0.0,2057,1049,988,0,10.61,6.17,6.04,0.0,62,17.0,0.0,0.0,many,SR,2
0,4021,1626,0,0,14.3492,4.6967,8.966,0.0,0.0,1316,799,0,0,7.64,6.86,0.0,0.0,101,0.0,0.0,0.0,one,SR,1
0,4023,3208,0,0,19.6375,6.245,12.5753,0.0,0.0,1267,1169,0,0,5.95,8.17,0.0,0.0,76,0.0,0.0,0.0,one,SR,1
0,4026,3231,80,0,34.7024,10.3799,12.5144,10.6393,0.0,1164,1008,829,0,1.7,6.1,5.59,0.0,10,0.0,0.0,0.0,many,SR,2
0,4028,6466,0,0,15.6072,5.6733,9.2376,0.0,0.0,1520,827,0,0,9.69,6.96,0.0,0.0,41,0.0,0.0,0.0,one,SR,1
0,4029,1643,0,0,37.2193,11.5416,24.3816,0.0,0.0,2570,2416,0,0,15.32,12.96,0.0,0.0,9,0.0,0.0,0.0,one,SR,1
0,4038,4406,0,0,15.4591,4.9667,9.7765,0.0,0.0,1133,882,0,0,5.45,7.16,0.0,0.0,101,0.0,0.0,0.0,one,SR,1
0,4045,8022,3704,0,41.0204,11.7056,12.4183,15.5959,0.0,1303,999,1303,0,1.98,6.07,6.93,0.0,0,0.0,0.0,0.0,many,SR,2
0,4046,9043,0,0,19.8966,7.0871,12.0127,0.0,0.0,1699,1111,0,0,10.67,7.97,0.0,0.0,6,0.0,0.0,0.0,one,SR,1
0,4050,4548,3316,0,30.6284,8.9254,10.3006,10.3025,0.0,1102,797,797,0,1.67,5.5,5.5,0.0,67,0.0,0.0,0.0,many,SR,2
0,4051,8237,0,0,16.7616,6.0328,10.0049,0.0,0.0,1403,905,0,0,8.22,7.24,0.0,0.0,33,0.0,0.0,0.0,one,SR,1
0,4056,848,0,0,14.8293,5.8978,8.2706,0.0,0.0,1004,727,0,0,4.59,6.61,0.0,0.0,4,0.0,0.0,0.0,one,SR,1
0,4063,9486,0,0,21.3389,7.056,13.4346,0.0,0.0,1621,1257,0,0,9.39,8.48,0.0,0.0,40,0.0,0.0,0.0,one,SR,1
0,4066,8179,0,0,15.3976,5.4663,9.2354,0.0,0.0,1367,826,0,0,8.09,6.96,0.0,0.0,55,0.0,0.0,0.0,one,SR,1
0,4068,4211,0,0,16.7529,6.0241,10.0049,0.0,0.0,1157,905,0,0,5.63,7.24,0.0,0.0,34,0.0,0.0,0.0,one,SR,1
0,4072,4726,2457,0,36.5601,10.5237,12.3784,12.4435,0.0,2132,995,1007,0,11.46,6.06,6.08,0.0,28,0.0,4.0,0.0,many,SR,2
0,4074,8247,8246,0,29.3001,9.2467,9.4986,9.4986,0.0,1697,720,720,0,8.31,5.28,5.28,0.0,18,0.0,0.0,0.0,many,SR,2
0,4079,2566,774,0,41.9557,8.9796,16.3674,15.1929,0.0,1546,1376,1502,0,3.49,7.14,7.02,0.0,257,0.0,170.0,0.0,many,SR,2
0,4080,5035,2406,0,42.9702,11.17,18.0314,12.3945,0.0,1618,1584,996,0,4.62,7.68,6.06,0.0,82,32.0,0.0,0.0,many,SR,2
0,4082,9069,8781,0,33.473,8.6157,11.5041,12.1694,0.0,1275,912,985,0,2.73,5.83,6.01,0.0,139,0.0,7.0,0.0,many,SR,2
0,4088,8209,0,0,21.8214,6.519,14.4187,0.0,0.0,1746,1357,0,0,10.38,8.84,0.0,0.0,98,0.0,0.0,0.0,one,SR,1
0,4090,9801,0,0,15.5617,6.037,8.8429,0.0,0.0,1026,786,0,0,4.64,6.82,0.0,0.0,7,0.0,0.0,0.0,one,SR,1
0,4091,7610,6809,0,43.0695,8.3959,12.608,20.5732,0.0,2116,1248,1994,0,8.79,6.31,8.61,0.0,344,165.0,145.0,0.0,many,SR,2
0,4100,6441,0,0,15.7358,5.4098,9.6162,0.0,0.0,1333,865,0,0,7.61,7.1,0.0,0.0,67,0.0,0.0,0.0,one,SR,1
0,4107,8481,6760,0,38.7911,8.2952,14.6388,14.5256,0.0,1978,1211,1200,0,8.79,6.67,6.64,0.0,252,0.0,0.0,0.0,many,SR,2
0,4108,4496,0,0,15.2337,4.6649,9.8506,0.0,0.0,1152,889,0,0,5.63,7.18,0.0,0.0,123,0.0,0.0,0.0,one,SR,1
0,4109,6524,4486,0,36.4942,9.7786,9.8439,15.6343,0.0,1596,753,1375,0,5.62,5.37,7.0,0.0,93,0.0,49.0,0.0,many,SR,2
0,4110,7791,0,0,14.5576,5.3402,8.5461,0.0,0.0,1289,756,0,0,7.49,6.71,0.0,0.0,48,0.0,0.0,0.0,one,SR,1
0,4112,4674,0,0,14.0019,4.3032,9.0108,0.0,0.0,1305,803,0,0,7.51,6.88,0.0,0.0,129,0.0,0.0,0.0,one,SR,1
0,4117,6091,0,0,14.1422,4.281,9.1673,0.0,0.0,1197,820,0,0,6.32,6.94,0.0,0.0,134,0.0,0.0,0.0,one,SR,1
0,4130,9998,0,0,16.6974,5.0478,10.8935,0.0,0.0,1171,996,0,0,5.49,7.56,0.0,0.0,120,0.0,0.0,0.0,one,SR,1
0,4131,5411,3573,0,45.0969,11.8819,17.2244,14.5808,0.0,1945,1517,1206,0,7.73,7.44,6.66,0.0,55,41.0,0.0,0.0,many,SR,2
0,4135,7752,7482,0,27.4902,7.0512,9.8893,9.4739,0.0,1601,876,718,0,7.13,5.48,5.28,0.0,180,85.0,0.0,0.0,many,SR,2
0,4137,2701,1797,583,44.5444,11.856,9.8401,11.3574,9.823,1303,753,1082,751,-1.33,5.37,5.93,5.37,215,0.0,132.0,0.0,many,SR,3
0,4142,6557,3612,0,43.3864,9.3506,15.4047,17.2004,0.0,1692,1284,1509,0,4.89,6.88,7.43,0.0,241,0.0,37.0,0.0,many,SR,2
0,4151,4527,0,0,15.8191,2.9913,12.0303,0.0,0.0,1763,1113,0,0,11.33,7.97,0.0,0.0,286,0.0,0.0,0.0,one,SR,1
0,4154,2324,0,0,43.7847,11.0595,31.1465,0.0,0.0,3952,3137,0,0,27.29,15.79,0.0,0.0,215,0.0,0.0,0.0,one,SR,1
0,4161,682,681,0,32.5688,9.7891,10.8258,10.8258,0.0,1620,847,847,0,6.86,5.64,5.64,0.0,25,0.0,0.0,0.0,many,SR,2
0,4162,5237,1738,0,32.2165,9.3185,10.9304,10.8362,0.0,1334,857,848,0,3.82,5.67,5.64,0.0,59,0.0,0.0,0.0,many,SR,2
0,4166,6695,5352,0,41.3396,9.4006,20.1791,10.3734,0.0,1948,1794,809,0,7.97,8.34,5.52,0.0,210,31.0,4.0,0.0,many,SR,2
0,4176,2525,0,0,29.4939,8.6377,19.7534,0.0,0.0,2990,1923,0,0,21.47,11.03,0.0,0.0,88,0.0,0.0,0.0,one,SR,1
0,4177,1351,0,0,16.2009,5.1135,10.3508,0.0,0.0,1367,941,0,0,7.72,7.37,0.0,0.0,104,0.0,0.0,0.0,one,SR,1
0,4179,8421,5404,0,31.0234,6.4948,11.6772,11.6772,0.0,2327,928,928,0,13.87,5.87,5.87,0.0,278,0.0,0.0,0.0,many,SR,2
0,4182,1532,0,0,17.0416,4.7785,11.4854,0.0,0.0,1180,1057,0,0,5.39,7.78,0.0,0.0,152,0.0,0.0,0.0,one,SR,1
0,4184,8497,0,0,15.7237,5.5185,9.4993,0.0,0.0,1226,854,0,0,6.52,7.06,0.0,0.0,57,0.0,0.0,0.0,one,SR,1
0,4185,6229,0,0,16.3579,5.0884,10.5265,0.0,0.0,1405,959,0,0,8.07,7.43,0.0,0.0,109,0.0,0.0,0.0,one,SR,1
0,4188,5502,0,0,22.2275,7.3419,14.0164,0.0,0.0,1953,1316,0,0,12.68,8.69,0.0,0.0,33,0.0,0.0,0.0,one,SR,1
0,4191,8192,3789,0,34.9761,10.374,11.7066,11.7191,0.0,2158,935,932,0,12.07,5.88,5.88,0.0,15,3.0,0.0,0.0,many,SR,2
0,4194,7780,1857,0,35.952,9.292,12.7285,12.7009,0.0,3936,1029,1026,0,30.25,6.16,6.15,0.0,122,0.0,0.0,0.0,many,SR,2
0,4198,6104,5734,0,31.9906,6.9829,13.6902,10.1051,0.0,1803,1426,801,0,8.02,6.66,5.46,0.0,268,219.0,17.0,0.0,many,SR,2
0,4203,6238,0,0,31.3334,8.8648,21.3011,0.0,0.0,2819,2088,0,0,19.09,11.67,0.0,0.0,112,0.0,0.0,0.0,one,SR,1
0,4218,519,0,0,18.1115,6.4575,10.8976,0.0,0.0,1486,997,0,0,8.8,7.56,0.0,0.0,24,0.0,0.0,0.0,one,SR,1
0,4222,7431,0,0,15.7154,5.9763,9.0499,0.0,0.0,1150,807,0,0,5.87,6.89,0.0,0.0,16,0.0,0.0,0.0,one,SR,1
0,4229,6994,6993,2408,50.3203,11.6966,11.2434,11.2434,14.3258,2031,886,886,1204,5.03,5.75,5.75,6.61,314,0.0,0.0,16.0,many,SR,3
0,4231,3390,1407,0,42.9234,10.2342,13.3973,17.881,0.0,2076,1092,1725,0,9.1,6.34,7.77,0.0,168,0.0,143.0,0.0,many,SR,2
0,4233,731,0,0,13.9975,5.0635,8.2727,0.0,0.0,1551,728,0,0,10.33,6.61,0.0,0.0,61,0.0,0.0,0.0,one,SR,1
0,4240,6726,5096,0,34.5675,10.1027,11.6544,11.6374,0.0,1292,926,931,0,3.01,5.87,5.87,0.0,31,0.0,5.0,0.0,many,SR,2
0,4245,6987,6226,0,31.9991,8.1427,9.7374,12.9476,0.0,1461,743,1239,0,4.8,5.35,6.37,0.0,164,0.0,136.0,0.0,many,SR,2
0,4246,8523,8522,5756,60.0826,15.7143,13.6294,13.6294,15.1462,1441,1114,1114,1292,-2.54,6.4,6.4,6.84,134,0.0,0.0,23.0,many,SR,3
0,4247,9768,0,0,16.8773,6.2717,9.8858,0.0,0.0,1535,893,0,0,9.64,7.2,0.0,0.0,14,0.0,0.0,0.0,one,SR,1
0,4248,8657,3527,3526,85.7451,22.3753,29.7746,15.5407,15.5407,2720,2720,1297,1297,5.94,11.3,6.92,6.92,17,17.0,0.0,0.0,many,SR,3
0,4253,3664,0,0,26.2291,8.5916,16.6636,0.0,0.0,2048,1594,0,0,12.74,9.74,0.0,0.0,12,0.0,0.0,0.0,one,SR,1
0,4257,5233,4379,1757,58.0562,15.0706,15.7209,9.7274,15.5916,1523,1464,828,1337,-1.52,7.09,5.41,6.96,167,107.0,62.0,25.0,many,SR,3
0,4258,1249,0,0,19.8899,7.1614,11.9346,0.0,0.0,1384,1103,0,0,7.39,7.94,0.0,0.0,-1,0.0,0.0,0.0,one,SR,1
0,4262,5845,0,0,16.0447,6.1532,9.1966,0.0,0.0,1319,823,0,0,7.6,6.95,0.0,0.0,7,0.0,0.0,0.0,one,SR,1
0,4267,2544,0,0,17.0041,4.6443,11.579,0.0,0.0,1461,1066,0,0,8.31,7.81,0.0,0.0,163,0.0,0.0,0.0,one,SR,1
0,4270,691,0,0,15.6656,4.2,10.7159,0.0,0.0,1248,978,0,0,6.36,7.5,0.0,0.0,174,0.0,0.0,0.0,one,SR,1
0,4289,1599,0,0,16.2076,3.7421,11.6807,0.0,0.0,1453,1077,0,0,8.19,7.85,0.0,0.0,227,0.0,0.0,0.0,one,SR,1
0,4308,3884,0,0,14.4785,5.6032,8.216,0.0,0.0,1268,722,0,0,7.38,6.59,0.0,0.0,23,0.0,0.0,0.0,one,SR,1
0,4310,5029,2352,0,47.3291,9.8008,18.0017,18.0017,0.0,2699,1535,1535,0,14.61,7.63,7.63,0.0,268,0.0,0.0,0.0,many,SR,2
0,4313,5162,0,0,16.4058,6.1259,9.5715,0.0,0.0,1337,861,0,0,7.66,7.08,0.0,0.0,17,0.0,0.0,0.0,one,SR,1
0,4317,3901,3899,0,44.7299,11.5089,15.9089,15.9089,0.0,1609,1332,1332,0,4.27,7.02,7.02,0.0,77,0.0,0.0,0.0,many,SR,2
0,4318,5905,5117,0,35.541,8.8793,11.4395,13.9792,0.0,1495,953,1260,0,4.51,5.85,6.59,0.0,158,34.0,80.0,0.0,many,SR,2
0,4319,7249,7248,6979,77.1693,18.6238,16.5054,16.5054,23.1517,2317,1389,1389,2315,2.88,7.18,7.18,9.47,193,0.0,0.0,193.0,many,SR,3
0,4321,9464,6567,0,46.1971,10.0859,14.4029,20.2047,0.0,2590,1189,1879,0,13.66,6.61,8.43,0.0,235,0.0,90.0,0.0,many,SR,2
0,4323,2444,0,0,21.2954,7.0617,13.3874,0.0,0.0,1454,1251,0,0,7.65,8.46,0.0,0.0,38,0.0,0.0,0.0,one,SR,1
0,4327,2201,1799,0,44.0319,11.2993,13.1253,18.2073,0.0,1757,1073,1602,0,5.85,6.27,7.73,0.0,89,5.0,33.0,0.0,many,SR,2
0,4332,1654,0,0,16.6364,6.2617,9.6632,0.0,0.0,1229,870,0,0,6.5,7.12,0.0,0.0,10,0.0,0.0,0.0,one,SR,1
0,4340,2789,0,0,16.9949,6.4463,9.8311,0.0,0.0,1315,887,0,0,7.35,7.18,0.0,0.0,1,0.0,0.0,0.0,one,SR,1
0,4344,8153,0,0,13.3935,4.352,8.3763,0.0,0.0,1187,739,0,0,6.48,6.65,0.0,0.0,112,0.0,0.0,0.0,one,SR,1
0,4358,5688,550,0,32.8153,7.784,13.3723,10.4576,0.0,1511,1267,812,0,5.05,6.47,5.54,0.0,207,127.0,0.0,0.0,many,SR,2
0,4367,2151,0,0,15.401,4.951,9.7356,0.0,0.0,1270,878,0,0,6.91,7.14,0.0,0.0,101,0.0,0.0,0.0,one,SR,1
0,4368,8865,4787,875,85.3383,21.6956,23.1696,18.9786,18.9767,2138,2138,1632,1632,-0.21,9.32,7.93,7.93,66,66.0,0.0,0.0,many,SR,3
0,4369,1624,0,0,22.1061,7.4064,13.8369,0.0,0.0,2883,1298,0,0,22.51,8.63,0.0,0.0,25,0.0,0.0,0.0,one,SR,1
0,4373,8677,7785,0,43.3034,11.3344,19.3106,11.2729,0.0,2380,1731,889,0,12.52,8.09,5.76,0.0,78,47.0,0.0,0.0,many,SR,2
0,4378,4826,0,0,27.8095,6.957,19.7496,0.0,0.0,2675,1923,0,0,18.16,11.03,0.0,0.0,203,0.0,0.0,0.0,one,SR,1
0,4381,5730,0,0,16.5614,6.0652,9.7803,0.0,0.0,1146,882,0,0,5.59,7.16,0.0,0.0,26,0.0,0.0,0.0,one,SR,1
0,4382,9636,0,0,17.5141,6.0137,10.7492,0.0,0.0,1476,982,0,0,8.74,7.51,0.0,0.0,51,0.0,0.0,0.0,one,SR,1
0,4383,3878,0,0,17.7895,6.3624,10.6787,0.0,0.0,1369,974,0,0,7.64,7.48,0.0,0.0,26,0.0,0.0,0.0,one,SR,1
0,4386,9153,0,0,20.0533,7.1123,12.1397,0.0,0.0,1243,1124,0,0,5.84,8.01,0.0,0.0,7,0.0,0.0,0.0,one,SR,1
0,4389,6207,1625,0,30.2683,8.2883,10.4376,10.4357,0.0,1621,809,809,0,7.06,5.53,5.53,0.0,114,0.0,0.0,0.0,many,SR,2
0,4403,991,358,357,70.0151,17.3339,17.6696,16.4141,16.4141,1602,1502,1381,1381,-2.83,7.52,7.16,7.16,158,-1.0,0.0,0.0,many,SR,3
0,4408,6354,5952,0,68.5,13.7533,36.5782,16.1001,0.0,4894,3608,1351,0,32.77,13.61,7.07,0.0,332,172.0,0.0,0.0,many,SR,2
0,4418,9343,3362,0,31.3933,8.3994,9.4634,12.3952,0.0,1555,728,1005,0,6.11,5.28,6.07,0.0,124,8.0,6.0,0.0,many,SR,2
0,4421,9253,495,0,42.9875,10.5865,17.0491,13.9607,0.0,1710,1538,1149,0,5.43,7.42,6.49,0.0,132,68.0,2.0,0.0,many,SR,2
0,4422,6950,2907,154,68.2118,18.1527,15.9821,15.984,15.9821,2025,1339,1339,1339,2.27,7.04,7.04,7.04,58,0.0,0.0,0.0,many,SR,3
0,4423,809,0,0,15.7917,5.8135,9.2804,0.0,0.0,1206,831,0,0,6.38,6.98,0.0,0.0,32,0.0,0.0,0.0,one,SR,1
0,4424,8753,69,0,48.3212,11.4123,16.3636,19.0305,0.0,1811,1376,1702,0,5.38,7.14,8.01,0.0,152,0.0,46.0,0.0,many,SR,2
0,4431,8531,0,0,14.6323,3.4639,10.4289,0.0,0.0,1470,949,0,0,8.78,7.39,0.0,0.0,218,0.0,0.0,0.0,one,SR,1
0,4433,8359,5876,5643,51.3014,14.9295,11.4822,11.4822,11.6565,2888,909,909,940,14.56,5.82,5.82,5.88,57,0.0,0.0,10.0,many,SR,3
0,4439,6753,17,0,36.5154,10.0139,10.1056,15.1634,0.0,1777,778,1341,0,7.57,5.45,6.88,0.0,74,0.0,57.0,0.0,many,SR,2
0,4445,4567,0,0,17.8508,4.1794,12.8446,0.0,0.0,1385,1196,0,0,7.1,8.27,0.0,0.0,223,0.0,0.0,0.0,one,SR,1
0,4449,1385,0,0,19.1921,6.8626,11.5497,0.0,0.0,1719,1063,0,0,11.03,7.8,0.0,0.0,11,0.0,0.0,0.0,one,SR,1
0,4451,6169,2165,0,36.1054,9.5876,12.9757,12.3089,0.0,1357,1137,988,0,3.15,6.29,6.04,0.0,103,61.0,0.0,0.0,many,SR,2
0,4453,9555,5999,0,38.6487,11.1277,13.55,12.7171,0.0,1381,1119,1027,0,3.22,6.39,6.15,0.0,11,9.0,0.0,0.0,many,SR,2
0,4456,1783,0,0,23.5646,7.3715,15.2773,0.0,0.0,1774,1446,0,0,10.38,9.16,0.0,0.0,60,0.0,0.0,0.0,one,SR,1
0,4459,5622,0,0,26.3022,8.1175,17.1889,0.0,0.0,2940,1650,0,0,21.91,9.96,0.0,0.0,58,0.0,0.0,0.0,one,SR,1
0,4466,8670,0,0,19.3818,6.2915,12.284,0.0,0.0,1472,1138,0,0,8.2,8.06,0.0,0.0,66,0.0,0.0,0.0,one,SR,1
0,4467,697,0,0,17.1152,5.3315,11.0226,0.0,0.0,1315,1010,0,0,6.96,7.61,0.0,0.0,104,0.0,0.0,0.0,one,SR,1
0,4470,7549,3723,0,33.359,9.5141,11.4074,11.2815,0.0,1699,901,890,0,7.44,5.8,5.76,0.0,61,-1.0,0.0,0.0,many,SR,2
0,4471,8431,6803,0,54.2451,14.0918,16.4978,22.0496,0.0,2115,1389,1934,0,7.75,7.18,8.88,0.0,25,0.0,0.0,0.0,many,SR,2
0,4473,8613,0,0,18.6627,5.9968,11.8741,0.0,0.0,1367,1097,0,0,7.23,7.92,0.0,0.0,77,0.0,0.0,0.0,one,SR,1
0,4475,9797,28,0,57.3525,14.098,19.4214,22.1338,0.0,2603,1676,1958,0,12.04,8.07,8.92,0.0,82,0.0,11.0,0.0,many,SR,2
0,4477,8896,3094,0,35.5439,10.1007,13.7143,10.5227,0.0,1674,1177,864,0,6.72,6.47,5.6,0.0,52,39.0,33.0,0.0,many,SR,2
0,4484,4436,0,0,14.9532,5.8793,8.4075,0.0,0.0,1068,742,0,0,5.22,6.66,0.0,0.0,8,0.0,0.0,0.0,one,SR,1
0,4489,9076,0,0,16.023,5.8178,9.4993,0.0,0.0,1820,854,0,0,12.76,7.06,0.0,0.0,37,0.0,0.0,0.0,one,SR,1
0,4503,5577,5280,0,31.8158,8.6923,10.7392,11.2476,0.0,1183,838,885,0,2.19,5.62,5.75,0.0,105,0.0,-1.0,0.0,many,SR,2
0,4505,3606,0,0,21.8236,7.4925,13.4813,0.0,0.0,1505,1261,0,0,8.15,8.5,0.0,0.0,11,0.0,0.0,0.0,one,SR,1
0,4510,3046,0,0,16.8405,4.0678,11.9775,0.0,0.0,1359,1107,0,0,7.11,7.95,0.0,0.0,211,0.0,0.0,0.0,one,SR,1
0,4517,7665,1426,0,44.4543,11.2722,19.6042,12.1519,0.0,1844,1844,973,0,6.53,8.26,6.0,0.0,107,107.0,0.0,0.0,many,SR,2
0,4519,7552,7551,7210,59.6143,14.9428,11.6525,11.6525,19.3645,2963,926,926,1932,13.09,5.87,5.87,8.29,210,0.0,0.0,186.0,many,SR,3
0,4523,9152,7859,4994,82.9247,20.5705,24.1285,16.9129,18.813,2325,2325,1444,1743,1.91,9.7,7.3,8.0,132,132.0,11.0,90.0,many,SR,3
0,4530,2070,0,0,14.5968,3.6877,10.1788,0.0,0.0,1380,923,0,0,7.92,7.3,0.0,0.0,197,0.0,0.0,0.0,one,SR,1
0,4536,4675,0,0,13.1345,3.4479,8.9991,0.0,0.0,1495,802,0,0,9.51,6.88,0.0,0.0,187,0.0,0.0,0.0,one,SR,1
0,4545,7786,2674,0,30.2487,9.4157,9.8791,9.8772,0.0,1145,756,756,0,2.33,5.38,5.38,0.0,19,0.0,0.0,0.0,many,SR,2
0,4549,6379,0,0,19.674,5.7534,13.085,0.0,0.0,1409,1221,0,0,7.27,8.36,0.0,0.0,121,0.0,0.0,0.0,one,SR,1
0,4551,6179,0,0,13.201,4.2385,8.3001,0.0,0.0,1299,731,0,0,7.68,6.62,0.0,0.0,118,0.0,0.0,0.0,one,SR,1
0,4553,271,0,0,15.4757,6.0806,8.7178,0.0,0.0,1227,773,0,0,6.79,6.77,0.0,0.0,1,0.0,0.0,0.0,one,SR,1
0,4562,9213,6147,4447,67.504,14.987,19.2741,20.7526,10.2483,2137,2079,1860,792,2.26,8.41,8.53,5.49,354,296.0,38.0,0.0,many,SR,3
0,4566,5286,0,0,16.0716,4.5877,10.7335,0.0,0.0,1219,980,0,0,6.05,7.5,0.0,0.0,148,0.0,0.0,0.0,one,SR,1
0,4567,3828,2553,0,29.0985,6.9308,11.3842,9.6717,0.0,1723,900,736,0,8.09,5.79,5.33,0.0,210,0.0,0.0,0.0,many,SR,2
0,4568,1051,0,0,15.1179,6.0137,8.4368,0.0,0.0,1241,745,0,0,7.02,6.67,0.0,0.0,0,0.0,0.0,0.0,one,SR,1
0,4573,3850,2961,0,40.2415,10.7894,13.9424,14.2051,0.0,1611,1145,1176,0,5.17,6.49,6.56,0.0,65,0.0,5.0,0.0,many,SR,2
0,4576,7213,0,0,12.6068,2.8999,9.0187,0.0,0.0,1568,804,0,0,10.27,6.88,0.0,0.0,225,0.0,0.0,0.0,one,SR,1
0,4580,6937,1204,0,40.392,10.3511,19.1673,9.5447,0.0,1732,1652,730,0,6.23,7.99,5.3,0.0,110,1.0,4.0,0.0,many,SR,2
0,4583,2450,0,0,22.8601,7.2498,14.7157,0.0,0.0,1512,1388,0,0,7.82,8.95,0.0,0.0,55,0.0,0.0,0.0,one,SR,1
0,4594,5853,0,0,14.1493,4.7277,8.7433,0.0,0.0,1155,776,0,0,6.02,6.78,0.0,0.0,94,0.0,0.0,0.0,one,SR,1
0,4595,3807,0,0,22.2534,7.4284,13.9578,0.0,0.0,1422,1310,0,0,7.13,8.67,0.0,0.0,26,0.0,0.0,0.0,one,SR,1
0,4597,5264,0,0,14.3249,4.7148,8.9251,0.0,0.0,1400,795,0,0,8.53,6.85,0.0,0.0,99,0.0,0.0,0.0,one,SR,1
0,4604,5904,3801,0,27.1296,7.0044,9.5262,9.5408,0.0,1355,723,723,0,4.7,5.29,5.29,0.0,172,0.0,-1.0,0.0,many,SR,2
0,4611,9299,4051,4050,58.5273,14.7956,16.9254,12.4183,12.4183,1712,1712,999,999,0.25,7.55,6.07,6.07,200,200.0,0.0,0.0,many,SR,3
0,4615,7919,0,0,27.3643,5.2749,20.9372,0.0,0.0,3503,2049,0,0,26.41,11.52,0.0,0.0,348,0.0,0.0,0.0,one,SR,1
0,4618,6739,2287,0,36.2266,9.878,12.6071,12.5192,0.0,2144,1016,1009,0,11.51,6.12,6.1,0.0,77,-1.0,0.0,0.0,many,SR,2
0,4620,262,0,0,15.103,5.8514,8.5792,0.0,0.0,1355,759,0,0,8.18,6.72,0.0,0.0,14,0.0,0.0,0.0,one,SR,1
0,4624,942,0,0,13.8847,4.0115,9.179,0.0,0.0,1453,821,0,0,9.01,6.94,0.0,0.0,153,0.0,0.0,0.0,one,SR,1
0,4632,503,502,0,43.7296,11.591,15.3818,15.3818,0.0,2432,1282,1282,0,13.16,6.87,6.87,0.0,54,0.0,0.0,0.0,many,SR,2
0,4638,9354,7806,0,34.1643,9.9204,13.5549,9.5176,0.0,1167,1167,722,0,1.71,6.43,5.29,0.0,43,43.0,0.0,0.0,many,SR,2
0,4645,9361,8665,8664,97.6406,21.8288,23.4183,24.74,24.74,2492,2492,2200,2200,-0.06,9.69,9.72,9.72,300,300.0,0.0,0.0,many,SR,3
0,4656,5209,376,0,36.4479,10.7369,12.2528,12.2528,0.0,1568,983,983,0,5.62,6.03,6.03,0.0,8,0.0,0.0,0.0,many,SR,2
0,4657,858,552,0,53.029,11.8097,21.4138,18.1664,0.0,1984,1877,1577,0,6.08,8.69,7.7,0.0,201,4.0,18.0,0.0,many,SR,2
0,4658,9829,1379,0,31.7943,7.4556,10.7125,12.4401,0.0,1404,836,1215,0,4.07,5.61,6.25,0.0,220,0.0,153.0,0.0,many,SR,2
0,4659,4524,1468,1467,77.3295,17.8775,19.023,19.023,19.023,2254,1636,1636,1636,2.22,7.94,7.94,7.94,244,0.0,0.0,0.0,many,SR,3
0,4660,7855,0,0,25.3342,8.4611,15.9302,0.0,0.0,1934,1515,0,0,11.82,9.43,0.0,0.0,2,0.0,0.0,0.0,one,SR,1
0,4662,9451,7499,2724,83.2208,20.9263,19.9181,19.9692,19.9388,2767,1724,1728,1725,6.84,8.22,8.24,8.23,88,0.0,-1.0,-1.0,many,SR,3
0,4667,4573,4572,0,59.6979,14.2865,21.8244,21.8244,0.0,2599,1912,1912,0,11.43,8.81,8.81,0.0,108,0.0,0.0,0.0,many,SR,2
0,4668,963,0,0,13.8645,5.0601,8.1477,0.0,0.0,1198,715,0,0,6.67,6.57,0.0,0.0,58,0.0,0.0,0.0,one,SR,1
0,4669,2203,0,0,14.8577,4.9522,9.2102,0.0,0.0,1324,824,0,0,7.64,6.95,0.0,0.0,89,0.0,0.0,0.0,one,SR,1
0,4671,5151,5150,0,30.5963,8.1997,10.6393,10.6393,0.0,1311,829,829,0,3.7,5.59,5.59,0.0,127,0.0,0.0,0.0,many,SR,2
0,4674,6290,0,0,15.5568,3.854,10.9445,0.0,0.0,1399,1002,0,0,7.87,7.58,0.0,0.0,203,0.0,0.0,0.0,one,SR,1
0,4675,5261,0,0,19.5731,4.1733,14.5126,0.0,0.0,1621,1367,0,0,9.04,8.87,0.0,0.0,260,0.0,0.0,0.0,one,SR,1
0,4678,4774,4773,0,49.4114,12.2579,17.8196,17.8196,0.0,1973,1518,1518,0,7.09,7.57,7.57,0.0,94,0.0,0.0,0.0,many,SR,2
0,4682,4161,1445,0,53.6357,13.7118,19.1632,19.1632,0.0,2313,1650,1650,0,9.91,7.99,7.99,0.0,46,0.0,0.0,0.0,many,SR,2
0,4683,240,0,0,15.4443,4.5713,10.1438,0.0,0.0,1181,920,0,0,5.84,7.29,0.0,0.0,136,0.0,0.0,0.0,one,SR,1
0,4685,5184,2923,0,37.3996,9.0358,13.9234,13.1503,0.0,1712,1334,1067,0,6.36,6.63,6.27,0.0,176,137.0,-1.0,0.0,many,SR,2
0,4686,3729,0,0,27.8464,8.5126,18.2921,0.0,0.0,2023,1767,0,0,11.87,10.42,0.0,0.0,59,0.0,0.0,0.0,one,SR,1
0,4688,5671,2993,0,29.9521,7.5302,10.6554,10.6478,0.0,2417,830,830,0,15.31,5.59,5.59,0.0,173,0.0,0.0,0.0,many,SR,2
0,4689,9859,6245,0,33.9854,8.5186,14.5484,9.7082,0.0,1619,1202,883,0,6.11,6.65,5.45,0.0,162,0.0,102.0,0.0,many,SR,2
0,4702,2579,0,0,16.5512,4.5348,11.2472,0.0,0.0,1505,1033,0,0,8.88,7.69,0.0,0.0,163,0.0,0.0,0.0,one,SR,1
0,4703,8221,1441,0,41.0665,11.4321,13.8282,14.4962,0.0,1498,1133,1215,0,3.94,6.45,6.65,0.0,25,0.0,13.0,0.0,many,SR,2
0,4708,7048,0,0,16.6306,6.2717,9.6477,0.0,0.0,1436,869,0,0,8.68,7.11,0.0,0.0,9,0.0,0.0,0.0,one,SR,1
0,4723,6164,0,0,14.2235,3.8304,9.6808,0.0,0.0,1379,872,0,0,8.07,7.12,0.0,0.0,176,0.0,0.0,0.0,one,SR,1
0,4725,7797,27,0,42.4231,9.0566,16.9244,15.0327,0.0,1796,1452,1249,0,6.17,7.31,6.78,0.0,248,16.0,0.0,0.0,many,SR,2
0,4729,4240,4239,0,47.9387,10.2125,18.0974,18.0974,0.0,1830,1545,1545,0,5.43,7.66,7.66,0.0,244,0.0,0.0,0.0,many,SR,2
0,4730,5849,0,0,14.5535,4.0574,9.7803,0.0,0.0,1374,882,0,0,7.98,7.16,0.0,0.0,163,0.0,0.0,0.0,one,SR,1
0,4733,8115,7944,7943,76.0906,17.1428,18.8733,18.853,18.853,2495,1622,1620,1620,4.88,7.9,7.89,7.89,285,0.0,0.0,0.0,many,SR,3
0,4734,9353,8754,0,50.9431,13.5461,17.7682,18.1066,0.0,2350,1512,1557,0,10.98,7.55,7.67,0.0,11,0.0,8.0,0.0,many,SR,2
0,4739,113,0,0,14.5622,4.7864,9.0851,0.0,0.0,1423,811,0,0,8.73,6.91,0.0,0.0,98,0.0,0.0,0.0,one,SR,1
0,4741,563,0,0,18.7069,6.7695,11.171,0.0,0.0,1138,1025,0,0,5.05,7.66,0.0,0.0,9,0.0,0.0,0.0,one,SR,1
0,4746,4386,0,0,20.5406,7.2214,12.5048,0.0,0.0,1415,1161,0,0,7.53,8.14,0.0,0.0,8,0.0,0.0,0.0,one,SR,1
0,4750,8732,0,0,29.8452,4.3375,24.2183,0.0,0.0,3256,2399,0,0,22.58,12.89,0.0,0.0,496,0.0,0.0,0.0,one,SR,1
0,4753,6895,0,0,20.582,4.883,14.8014,0.0,0.0,1861,1396,0,0,11.46,8.97,0.0,0.0,218,0.0,0.0,0.0,one,SR,1
0,4771,1825,1447,0,28.364,6.6404,10.6351,9.9778,0.0,1385,830,896,0,4.55,5.59,5.52,0.0,229,1.0,93.0,0.0,many,SR,2
0,4775,1507,0,0,17.739,6.2595,10.7294,0.0,0.0,1141,979,0,0,5.23,7.5,0.0,0.0,34,0.0,0.0,0.0,one,SR,1
0,4776,4465,0,0,16.8838,4.3336,11.7626,0.0,0.0,2339,1085,0,0,17.47,7.88,0.0,0.0,188,0.0,0.0,0.0,one,SR,1
0,4781,4703,1266,0,36.2955,9.3212,13.3919,12.3353,0.0,1465,1091,1098,0,4.16,6.34,6.13,0.0,130,-1.0,77.0,0.0,many,SR,2
0,4782,8326,0,0,14.4529,5.3835,8.4035,0.0,0.0,1084,741,0,0,5.39,6.66,0.0,0.0,42,0.0,0.0,0.0,one,SR,1
0,4784,2815,2814,0,36.4986,9.0287,13.109,13.109,0.0,1637,1065,1065,0,5.92,6.26,6.26,0.0,153,0.0,0.0,0.0,many,SR,2
0,4788,3562,1166,0,33.3115,8.0165,10.1414,13.9551,0.0,1593,783,1196,0,5.94,5.46,6.53,0.0,189,1.0,36.0,0.0,many,SR,2
0,4791,9628,4514,0,45.0368,12.4818,17.4906,13.676,0.0,1487,1487,1119,0,3.12,7.47,6.41,0.0,1,1.0,0.0,0.0,many,SR,2
0,4792,5504,5503,0,65.5131,15.8111,23.9052,23.9052,0.0,2696,2117,2117,0,11.28,9.46,9.46,0.0,83,0.0,0.0,0.0,many,SR,2
0,4793,9355,5417,0,30.392,9.2788,9.9857,10.0429,0.0,1109,766,779,0,1.88,5.41,5.43,0.0,33,0.0,5.0,0.0,many,SR,2
0,4796,7673,0,0,27.024,8.1086,17.8906,0.0,0.0,1879,1724,0,0,10.51,10.25,0.0,0.0,76,0.0,0.0,0.0,one,SR,1
0,4798,1319,0,0,19.104,6.8106,11.5147,0.0,0.0,1980,1060,0,0,13.78,7.79,0.0,0.0,14,0.0,0.0,0.0,one,SR,1
0,4800,4059,381,0,41.9228,11.0463,14.7857,14.7482,0.0,2255,1235,1222,0,11.59,6.72,6.7,0.0,71,7.0,0.0,0.0,many,SR,2
0,4801,5774,5773,2989,61.3138,15.9151,14.5218,14.5218,14.3667,2023,1200,1200,1185,3.35,6.64,6.64,6.6,135,0.0,0.0,0.0,many,SR,3
0,4809,9685,3378,0,38.191,10.4505,13.423,13.0586,0.0,1513,1095,1060,0,4.56,6.34,6.25,0.0,60,0.0,0.0,0.0,many,SR,2
0,4814,2392,1236,0,74.8879,16.2306,30.8559,25.6186,0.0,3789,3043,2286,0,20.14,11.84,9.99,0.0,233,171.0,0.0,0.0,many,SR,2
0,4816,6167,6166,0,84.9777,15.2532,33.6149,33.6149,0.0,3721,3074,3074,0,16.62,12.47,12.47,0.0,491,0.0,0.0,0.0,many,SR,2
0,4817,9673,4137,1108,59.1729,15.5529,16.2651,12.7009,12.6971,1563,1563,1026,1026,-1.2,7.27,6.15,6.15,141,141.0,0.0,0.0,many,SR,3
0,4823,2361,0,0,17.1653,6.3131,10.124,0.0,0.0,1383,917,0,0,7.97,7.28,0.0,0.0,17,0.0,0.0,0.0,one,SR,1
0,4834,4168,0,0,19.9706,7.1675,12.0068,0.0,0.0,1270,1110,0,0,6.17,7.96,0.0,0.0,0,0.0,0.0,0.0,one,SR,1
0,4838,7104,0,0,14.5523,4.5583,9.2959,0.0,0.0,1172,832,0,0,6.02,6.98,0.0,0.0,118,0.0,0.0,0.0,one,SR,1
0,4844,7572,0,0,19.9364,7.1554,11.9853,0.0,0.0,1892,1108,0,0,12.7,7.96,0.0,0.0,1,0.0,0.0,0.0,one,SR,1
0,4849,204,0,0,18.4485,6.5155,11.167,0.0,0.0,1202,1024,0,0,5.73,7.66,0.0,0.0,26,0.0,0.0,0.0,one,SR,1
0,4850,1242,0,0,18.3048,5.2424,12.2568,0.0,0.0,1353,1136,0,0,6.96,8.06,0.0,0.0,137,0.0,0.0,0.0,one,SR,1
0,4852,9914,0,0,15.7226,5.981,9.052,0.0,0.0,1282,808,0,0,7.25,6.9,0.0,0.0,16,0.0,0.0,0.0,one,SR,1
0,4853,9724,5458,5208,73.2597,18.4961,17.2708,17.2708,17.9746,1842,1463,1463,1596,-0.88,7.4,7.4,7.68,118,0.0,0.0,45.0,many,SR,3
0,4855,3559,0,0,13.3823,3.8961,8.8057,0.0,0.0,1272,782,0,0,7.23,6.8,0.0,0.0,152,0.0,0.0,0.0,one,SR,1
0,4856,7141,0,0,13.7868,3.1731,9.8937,0.0,0.0,1629,894,0,0,10.62,7.2,0.0,0.0,226,0.0,0.0,0.0,one,SR,1
0,4859,6952,0,0,14.5928,4.4977,9.3935,0.0,0.0,1429,842,0,0,8.69,7.02,0.0,0.0,124,0.0,0.0,0.0,one,SR,1
0,4861,9195,8193,0,56.7976,14.1231,24.469,16.5178,0.0,2454,2241,1390,0,10.58,9.7,7.18,0.0,73,48.0,0.0,0.0,many,SR,2
0,4862,6515,0,0,18.1639,5.9476,11.4404,0.0,0.0,1351,1052,0,0,7.2,7.76,0.0,0.0,71,0.0,0.0,0.0,one,SR,1
0,4866,2882,0,0,13.4285,3.365,9.3626,0.0,0.0,1631,840,0,0,10.82,7.01,0.0,0.0,201,0.0,0.0,0.0,one,SR,1
0,4871,4719,1775,0,30.3048,8.0643,10.5622,10.5641,0.0,1744,822,822,0,8.29,5.57,5.57,0.0,134,0.0,0.0,0.0,many,SR,2
0,4873,1594,0,0,13.2577,2.4233,10.1066,0.0,0.0,1835,916,0,0,12.72,7.28,0.0,0.0,282,0.0,0.0,0.0,one,SR,1
0,4874,4778,1208,0,30.4311,7.3156,9.9041,12.0566,0.0,1628,772,1182,0,6.7,5.4,6.15,0.0,210,10.0,156.0,0.0,many,SR,2
0,4878,9818,8164,0,41.7742,8.8338,15.7889,15.7253,0.0,1703,1703,1315,0,5.05,7.29,6.97,0.0,273,273.0,0.0,0.0,many,SR,2
0,4880,6260,6257,0,28.9022,8.7059,9.5681,9.5681,0.0,1414,727,727,0,5.31,5.3,5.3,0.0,57,0.0,0.0,0.0,many,SR,2
0,4884,3975,0,0,32.9884,7.4863,24.2126,0.0,0.0,2912,2399,0,0,18.97,12.89,0.0,0.0,281,0.0,0.0,0.0,one,SR,1
0,4885,6115,2150,0,29.293,8.6723,9.7787,9.7711,0.0,1310,745,745,0,4.12,5.35,5.35,0.0,66,-1.0,-1.0,0.0,many,SR,2
0,4889,6485,3770,0,79.2404,13.4851,31.7733,31.6071,0.0,4264,2892,2876,0,23.4,11.9,11.85,0.0,538,0.0,0.0,0.0,many,SR,2
0,4893,4722,4721,0,35.8068,10.7054,11.956,11.956,0.0,1072,955,955,0,0.55,5.95,5.95,0.0,0,0.0,0.0,0.0,many,SR,2
0,4900,9730,7957,0,31.6337,7.7861,11.6068,11.0702,0.0,1348,1102,870,0,3.62,6.0,5.71,0.0,188,129.0,0.0,0.0,many,SR,2
0,4901,6995,0,0,18.6898,6.3496,11.5597,0.0,0.0,1859,1065,0,0,12.5,7.8,0.0,0.0,46,0.0,0.0,0.0,one,SR,1
0,4904,9850,6244,2947,62.7909,15.5525,22.7068,11.2225,11.2225,2310,2310,884,884,5.48,9.37,5.75,5.75,220,220.0,0.0,0.0,many,SR,3
0,4907,5545,0,0,17.4942,6.5143,10.2472,0.0,0.0,1167,930,0,0,5.66,7.33,0.0,0.0,6,0.0,0.0,0.0,one,SR,1
0,4911,1389,644,0,37.7387,10.4726,13.9739,12.0397,0.0,1224,1224,963,0,1.58,6.55,5.97,0.0,55,55.0,0.0,0.0,many,SR,2
0,4915,6711,5624,2825,50.023,15.326,10.997,10.997,10.997,1977,863,863,863,5.4,5.69,5.69,5.69,2,0.0,0.0,0.0,many,SR,3
0,4917,8470,5271,0,46.8933,10.9107,17.3238,17.1798,0.0,4176,1470,1456,0,30.54,7.42,7.37,0.0,164,1.0,1.0,0.0,many,SR,2
0,4918,5787,4208,0,40.9518,9.5049,15.045,15.045,0.0,1500,1250,1250,0,3.54,6.78,6.78,0.0,185,0.0,0.0,0.0,many,SR,2
0,4922,7631,2925,557,49.521,14.6154,11.0646,11.0646,11.0646,1681,870,870,870,2.24,5.71,5.71,5.71,54,0.0,0.0,0.0,many,SR,3
0,4924,9897,587,0,47.1095,12.6028,19.755,13.2993,0.0,1754,1754,1083,0,5.34,8.21,6.31,0.0,32,32.0,0.0,0.0,many,SR,2
0,4926,8692,7374,0,43.6478,10.7606,14.4231,17.0559,0.0,2124,1193,1584,0,9.63,6.62,7.46,0.0,131,2.0,100.0,0.0,many,SR,2
0,4937,2505,0,0,14.9158,3.0296,11.1219,0.0,0.0,1796,1019,0,0,11.98,7.64,0.0,0.0,263,0.0,0.0,0.0,one,SR,1
0,4941,9901,0,0,32.3136,10.0738,21.0817,0.0,0.0,2259,2064,0,0,13.3,11.58,0.0,0.0,24,0.0,0.0,0.0,one,SR,1
0,4959,7417,3584,0,44.9066,11.9442,15.6713,15.8899,0.0,2505,1371,1330,0,13.69,7.0,7.01,0.0,46,44.0,0.0,0.0,many,SR,2
0,4969,6454,6453,0,48.5288,12.829,17.1148,17.1148,0.0,3210,1448,1448,0,20.47,7.35,7.35,0.0,28,0.0,0.0,0.0,many,SR,2
0,4971,4756,4684,0,35.38,9.6204,13.0299,11.5164,0.0,1303,1142,913,0,2.76,6.3,5.83,0.0,89,61.0,0.0,0.0,many,SR,2
0,4981,5215,0,0,15.1032,4.0404,10.3272,0.0,0.0,1527,938,0,0,9.41,7.36,0.0,0.0,176,0.0,0.0,0.0,one,SR,1
0,4985,5247,0,0,20.3144,6.4545,13.0264,0.0,0.0,1802,1215,0,0,11.42,8.34,0.0,0.0,72,0.0,0.0,0.0,one,SR,1
0,4988,2754,2753,0,88.8704,20.887,32.7706,32.7706,0.0,3842,2991,2991,0,18.36,12.21,12.21,0.0,75,0.0,0.0,0.0,many,SR,2
0,4992,6991,0,0,13.6215,3.8577,9.0735,0.0,0.0,1220,810,0,0,6.6,6.9,0.0,0.0,161,0.0,0.0,0.0,one,SR,1
0,4993,6320,0,0,15.3916,3.8571,10.7823,0.0,0.0,1299,985,0,0,6.87,7.52,0.0,0.0,199,0.0,0.0,0.0,one,SR,1
0,4995,8419,0,0,15.1148,5.3851,9.0404,0.0,0.0,1333,807,0,0,7.79,6.89,0.0,0.0,56,0.0,0.0,0.0,one,SR,1
0,4997,5792,0,0,16.2249,6.1089,9.4133,0.0,0.0,1188,845,0,0,6.15,7.03,0.0,0.0,15,0.0,0.0,0.0,one,SR,1
0,3641,7344,5768,0,92.1367,15.7832,37.4313,36.1567,0.0,5269,3450,4127,0,30.43,13.66,14.0,0.0,621,0.0,569.0,0.0,many,SR,2
0,3167,7535,7469,4373,87.9979,19.5245,22.2229,21.5199,22.0613,2248,2020,1882,2032,-0.42,9.0,8.72,8.98,307,49.0,0.0,68.0,many,SR,3
0,1296,4159,4158,3797,86.7006,19.6076,22.009,22.009,20.4554,2124,1960,1960,1790,-1.27,8.9,8.9,8.4,271,21.0,21.0,9.0,many,SR,3
0,2677,2868,1272,0,83.7881,19.4295,32.8847,29.1267,0.0,4084,3159,2632,0,21.76,12.39,11.08,0.0,116,111.0,0.0,0.0,many,SR,2
0,550,6538,2446,1149,81.0672,20.0237,19.6089,17.0171,21.9655,2123,1735,1438,2123,0.22,8.16,7.32,9.04,140,29.0,0.0,140.0,many,SR,3
0,3808,1321,1320,0,75.554,12.531,30.365,30.365,0.0,3784,2754,2754,0,19.09,11.47,11.47,0.0,553,0.0,0.0,0.0,many,SR,2
0,3290,6376,2219,842,74.0503,12.9745,19.6782,19.3719,19.5911,4230,1703,1670,1723,22.5,8.15,8.05,8.15,610,2.0,0.0,22.0,many,SR,3
0,3072,8655,8654,0,72.7735,16.0085,27.3301,27.3301,0.0,3059,2455,2455,0,13.18,10.52,10.52,0.0,200,0.0,0.0,0.0,many,SR,2
0,3662,9693,9691,0,72.7854,12.137,29.2136,29.2136,0.0,4501,2640,2640,0,27.27,11.11,11.11,0.0,536,0.0,0.0,0.0,many,SR,2
0,1021,8094,6616,5156,83.4322,17.2673,12.9248,20.255,30.375,3446,1046,1757,2865,12.69,6.21,8.32,11.57,425,-1.0,0.0,78.0,many,SR,3
0,4035,1743,1742,0,66.8569,11.5076,26.6438,26.6438,0.0,2989,2387,2387,0,12.83,10.31,10.31,0.0,481,0.0,0.0,0.0,many,SR,2
0,1137,4389,3988,0,66.4716,13.9793,25.7138,24.8023,0.0,3079,2295,2210,0,14.54,10.02,9.74,0.0,260,0.0,3.0,0.0,many,SR,2
0,4908,6440,3515,0,66.2701,12.5182,25.8733,25.8641,0.0,2654,2322,2310,0,9.74,10.08,10.07,0.0,383,8.0,0.0,0.0,many,SR,2
0,4762,7489,7488,0,64.9618,16.6545,23.2289,23.2289,0.0,3119,2050,2050,0,16.1,9.25,9.25,0.0,0,0.0,0.0,0.0,many,SR,2
0,3355,2581,1582,0,64.2752,15.0647,17.8467,29.4724,0.0,3414,1588,2760,0,18.82,7.64,11.27,0.0,134,48.0,67.0,0.0,many,SR,2
0,2631,4793,4792,0,63.3069,15.3078,23.0792,23.0792,0.0,2498,2036,2036,0,9.66,9.2,9.2,0.0,86,0.0,0.0,0.0,many,SR,2
0,2945,3714,770,713,62.5169,16.9538,14.3502,13.7807,15.4332,1364,1225,1129,1328,-3.67,6.63,6.44,6.92,71,30.0,0.0,29.0,many,SR,3
0,4744,5442,3879,0,62.3692,12.6836,22.8728,24.8821,0.0,2637,2458,2214,0,10.31,9.54,9.76,0.0,320,314.0,0.0,0.0,many,SR,2
0,178,5844,1218,0,60.6853,10.1389,24.3114,24.3175,0.0,3300,2159,2158,0,17.39,9.59,9.59,0.0,486,1.0,0.0,0.0,many,SR,2
0,4592,9743,9742,0,60.1614,12.8207,22.7601,22.7601,0.0,2299,2004,2004,0,7.75,9.1,9.1,0.0,243,0.0,0.0,0.0,many,SR,2
0,3122,4313,510,0,60.1237,13.5022,23.5829,21.2395,0.0,2243,2086,1854,0,7.36,9.36,8.63,0.0,184,0.0,0.0,0.0,many,SR,2
0,1738,7450,3428,3364,60.2149,14.6126,15.8279,18.0584,9.6841,1895,1358,1895,737,1.61,7.02,7.97,5.33,251,24.0,251.0,0.0,many,SR,3
0,3472,8528,6981,6965,59.4878,15.1606,12.1189,10.0304,20.1666,2032,1142,771,2032,3.23,6.13,5.43,8.56,201,123.0,0.0,201.0,many,SR,3
0,4745,9533,4477,0,59.1953,15.137,22.5322,19.8008,0.0,2020,2020,1713,0,5.68,9.07,8.19,0.0,27,27.0,0.0,0.0,many,SR,2
0,850,3986,3143,0,58.9757,14.5907,20.954,21.6983,0.0,2163,1827,1907,0,7.12,8.55,8.78,0.0,69,0.0,5.0,0.0,many,SR,2
0,4256,5478,5477,0,58.7647,13.515,21.7458,21.7458,0.0,2870,1905,1905,0,14.31,8.79,8.79,0.0,158,0.0,0.0,0.0,many,SR,2
0,2087,7980,5550,2735,68.5859,18.0716,21.7916,16.9194,9.6432,2035,2028,1513,734,1.93,8.91,7.37,5.32,94,84.0,60.0,0.0,many,SR,3
0,494,9469,4828,0,58.2063,14.0903,18.1437,24.2487,0.0,2341,1549,2150,0,9.07,7.67,9.57,0.0,97,0.0,-1.0,0.0,many,SR,2
0,2969,4348,4347,0,58.2061,12.3076,22.0604,22.0604,0.0,2224,1936,1936,0,7.35,8.89,8.89,0.0,252,0.0,0.0,0.0,many,SR,2
0,2018,7471,2663,0,57.3689,14.9334,21.4311,19.3313,0.0,1878,1874,1666,0,4.66,8.69,8.04,0.0,9,0.0,0.0,0.0,many,SR,2
0,3557,8578,4087,0,57.2661,14.1658,22.5219,18.8847,0.0,2755,1989,1622,0,13.69,9.04,7.9,0.0,74,6.0,0.0,0.0,many,SR,2
0,4206,6274,6273,0,57.2571,13.0007,21.2642,21.2642,0.0,2741,1857,1857,0,13.23,8.64,8.64,0.0,174,0.0,0.0,0.0,many,SR,2
0,1437,4918,49,0,56.4512,12.0442,20.8292,21.8209,0.0,2325,1985,2015,0,8.6,8.66,8.91,0.0,257,121.0,73.0,0.0,many,SR,2
0,979,2540,2539,0,55.8709,13.7912,20.2087,20.2087,0.0,3425,1753,1753,0,21.0,8.31,8.31,0.0,80,0.0,0.0,0.0,many,SR,2
0,3309,7988,3054,3053,55.6631,15.2967,13.6107,12.4459,12.4459,4028,1215,1002,1002,25.52,6.48,6.08,6.08,101,73.0,0.0,0.0,many,SR,3
0,2981,7984,7143,0,55.4261,8.8983,26.658,18.0568,0.0,3104,2576,1541,0,16.28,10.49,7.64,0.0,506,133.0,0.0,0.0,many,SR,2
0,3973,8368,7839,0,55.3461,9.9867,21.7959,21.8026,0.0,3041,1909,1909,0,16.08,8.8,8.81,0.0,400,0.0,-1.0,0.0,many,SR,2
0,32,5325,5324,0,55.1739,11.5873,20.9394,20.9394,0.0,3016,1825,1825,0,16.3,8.54,8.54,0.0,258,0.0,0.0,0.0,many,SR,2
0,2042,5771,5541,3288,54.9522,13.9363,13.3743,12.328,13.3914,1743,1407,990,1409,1.0,6.59,6.05,6.59,230,227.0,0.0,227.0,many,SR,3
0,1220,9000,8401,0,54.6244,11.1811,21.0286,20.7117,0.0,2679,1832,1802,0,12.8,8.56,8.47,0.0,283,-1.0,0.0,0.0,many,SR,2
0,1374,9788,9787,4706,54.237,14.7071,10.2768,10.2768,17.1272,2216,794,794,1615,6.63,5.49,5.49,7.51,132,0.0,0.0,117.0,many,SR,3
0,3054,5489,2176,0,54.0343,11.7547,23.4283,17.182,0.0,2473,2075,1458,0,10.94,9.32,7.38,0.0,223,3.0,2.0,0.0,many,SR,2
0,4910,7694,7302,0,53.6702,11.9468,19.8993,20.1635,0.0,2003,1819,1751,0,6.09,8.31,8.3,0.0,205,68.0,2.0,0.0,many,SR,2
0,4058,7442,3732,0,53.4661,12.0174,20.3362,19.4436,0.0,2492,1765,1968,0,11.14,8.35,8.34,0.0,205,0.0,206.0,0.0,many,SR,2
0,1401,1560,1559,0,53.3738,12.352,19.6954,19.6954,0.0,2384,1703,1703,0,10.35,8.15,8.15,0.0,159,0.0,0.0,0.0,many,SR,2
0,2907,5052,5051,0,52.3252,10.9362,19.8737,19.8737,0.0,1919,1720,1720,0,5.38,8.21,8.21,0.0,262,0.0,0.0,0.0,many,SR,2
0,901,6761,5224,0,61.3001,13.2604,10.1198,36.0352,0.0,3901,790,3493,0,24.0,5.46,13.39,0.0,253,8.0,128.0,0.0,many,SR,2
0,1173,1222,1221,0,52.0164,10.6312,19.8718,19.8718,0.0,2522,1720,1720,0,11.71,8.21,8.21,0.0,283,0.0,0.0,0.0,many,SR,2
0,133,7737,1815,0,51.5549,11.7316,16.1844,22.0388,0.0,2567,1383,1943,0,12.55,7.11,8.89,0.0,182,17.0,7.0,0.0,many,SR,2
0,1938,5276,4784,0,51.4299,11.4725,17.7742,20.5825,0.0,1952,1514,1814,0,6.09,7.56,8.45,0.0,200,1.0,17.0,0.0,many,SR,2
0,3252,1726,1725,0,51.2207,10.1134,19.7373,19.7373,0.0,2252,1706,1706,0,8.95,8.16,8.16,0.0,313,0.0,0.0,0.0,many,SR,2
0,3311,7334,5794,0,50.9253,11.1694,19.4057,18.7413,0.0,2005,1855,1609,0,6.57,8.23,7.86,0.0,226,128.0,0.0,0.0,many,SR,2
0,545,866,865,0,49.9701,12.6034,17.923,17.923,0.0,2734,1528,1528,0,15.02,7.6,7.6,0.0,74,0.0,0.0,0.0,many,SR,2
0,80,6446,2435,0,49.687,11.9651,18.0911,18.0997,0.0,2269,1544,1544,0,10.05,7.65,7.66,0.0,124,0.0,-1.0,0.0,many,SR,2
0,4118,8510,5186,0,49.5599,11.5712,16.3608,20.0864,0.0,1836,1375,1745,0,5.4,7.14,8.28,0.0,157,0.0,3.0,0.0,many,SR,2
0,571,2278,1184,0,49.4158,12.4799,17.8782,17.5496,0.0,2492,1525,1493,0,12.59,7.59,7.49,0.0,75,1.0,1.0,0.0,many,SR,2
0,2358,8569,4771,316,49.286,13.4586,12.8874,10.4633,10.7411,2217,1044,812,838,7.66,6.2,5.54,5.62,148,0.0,0.0,0.0,many,SR,3
0,3267,330,329,0,48.9846,11.1708,18.14,18.14,0.0,1940,1549,1549,0,6.57,7.67,7.67,0.0,180,0.0,0.0,0.0,many,SR,2
0,2895,6647,1585,0,48.8356,12.5346,18.5278,16.2803,0.0,1947,1611,1367,0,7.01,7.81,7.12,0.0,62,17.0,-1.0,0.0,many,SR,2
0,1461,8947,2803,0,48.6652,11.3084,17.7974,18.0343,0.0,2533,1516,1592,0,12.87,7.57,7.69,0.0,165,0.0,38.0,0.0,many,SR,2
0,112,9177,4323,0,48.499,12.6945,17.1656,17.1656,0.0,3184,1453,1453,0,20.17,7.37,7.37,0.0,39,0.0,0.0,0.0,many,SR,2
0,1452,9452,3354,0,48.5322,11.6314,17.1634,18.2272,0.0,2449,1462,1589,0,12.12,7.38,7.73,0.0,134,6.0,22.0,0.0,many,SR,2
0,1463,1116,0,0,48.6821,13.4298,33.5721,0.0,0.0,3807,3396,0,0,24.85,16.8,0.0,0.0,116,0.0,0.0,0.0,one,SR,1
0,4704,7224,5071,0,48.2644,12.2443,18.0658,16.4645,0.0,2814,1633,1386,0,16.14,7.73,7.17,0.0,80,65.0,0.0,0.0,many,SR,2
0,4172,8245,6263,0,48.044,10.3026,19.4588,16.7176,0.0,2948,2042,1410,0,16.87,8.41,7.24,0.0,258,257.0,0.0,0.0,many,SR,2
0,3708,6834,5676,4545,62.5961,15.0996,14.4338,14.7438,16.264,1741,1215,1231,1479,-0.21,6.64,6.71,7.2,232,17.0,7.0,81.0,many,SR,3
0,2980,2359,1129,0,47.7455,9.4262,20.4532,16.2878,0.0,2243,1851,1619,0,9.35,8.46,7.33,0.0,326,52.0,179.0,0.0,many,SR,2
0,469,3338,1586,0,47.3837,11.3689,15.6558,18.867,0.0,2590,1308,1703,0,13.77,6.95,7.97,0.0,141,0.0,58.0,0.0,many,SR,2
0,1063,5521,0,0,47.1842,12.9735,32.5721,0.0,0.0,3402,3290,0,0,20.97,16.39,0.0,0.0,121,0.0,0.0,0.0,one,SR,1
0,1558,9631,5556,0,46.8813,10.7847,19.4502,15.1564,0.0,2131,1689,1261,0,8.97,8.09,6.81,0.0,179,8.0,0.0,0.0,many,SR,2
0,1722,5836,3388,0,46.7569,12.1628,14.2135,18.9251,0.0,1717,1170,1717,0,4.93,6.56,8.0,0.0,64,0.0,64.0,0.0,many,SR,2
0,3368,6749,2308,0,46.757,12.087,20.0995,13.1071,0.0,1847,1847,1065,0,6.22,8.37,6.26,0.0,74,74.0,0.0,0.0,many,SR,2
0,2434,4982,3867,1877,55.8695,12.4837,15.7422,9.9439,15.7422,2128,1454,769,1454,4.73,7.08,5.41,7.08,350,98.0,5.0,98.0,many,SR,3
0,4925,6124,2012,0,46.7495,8.4563,18.5938,18.138,0.0,2300,1739,1549,0,10.1,7.94,7.67,0.0,382,103.0,0.0,0.0,many,SR,2
0,3660,5257,5256,0,46.6914,8.8472,18.1546,18.1546,0.0,2875,1551,1551,0,16.37,7.68,7.68,0.0,339,0.0,0.0,0.0,many,SR,2
0,417,8931,5075,0,45.5063,11.5643,16.6874,15.8214,0.0,1535,1535,1324,0,3.22,7.34,6.99,0.0,91,91.0,0.0,0.0,many,SR,2
0,4069,6922,4585,0,45.1942,11.0057,10.9671,21.7565,0.0,2267,861,2101,0,10.62,5.68,8.97,0.0,149,1.0,139.0,0.0,many,SR,2
0,2155,9438,0,0,45.321,12.275,31.454,0.0,0.0,3801,3171,0,0,25.58,15.92,0.0,0.0,140,0.0,0.0,0.0,one,SR,1
0,3457,7158,0,0,45.1061,12.8985,30.6492,0.0,0.0,4012,3085,0,0,28.1,15.58,0.0,0.0,77,0.0,0.0,0.0,one,SR,1
0,1480,9302,0,0,45.14,9.8253,33.6322,0.0,0.0,3818,3402,0,0,24.95,16.83,0.0,0.0,363,0.0,0.0,0.0,one,SR,1
0,618,5185,0,0,44.8487,12.6472,30.6436,0.0,0.0,3885,3084,0,0,26.77,15.58,0.0,0.0,94,0.0,0.0,0.0,one,SR,1
0,3513,9660,6693,0,44.7148,8.4974,17.4498,17.2816,0.0,2641,1481,1465,0,14.36,7.46,7.4,0.0,333,0.0,0.0,0.0,many,SR,2
0,1865,3630,0,0,44.6786,13.4211,29.7376,0.0,0.0,4325,2987,0,0,31.73,15.2,0.0,0.0,18,0.0,0.0,0.0,one,SR,1
0,4502,1901,1900,0,44.4412,10.9445,16.043,16.043,0.0,2319,1345,1345,0,11.65,7.05,7.05,0.0,120,0.0,0.0,0.0,many,SR,2
0,3412,7171,7170,0,44.1962,10.0407,16.3636,16.3636,0.0,2389,1376,1376,0,12.23,7.14,7.14,0.0,192,0.0,0.0,0.0,many,SR,2
0,1641,8064,5887,0,44.1426,8.6558,16.717,17.2791,0.0,2192,1710,1464,0,9.6,7.51,7.4,0.0,325,213.0,0.0,0.0,many,SR,2
0,4209,7247,7246,0,43.8283,12.2019,15.1326,15.1326,0.0,2022,1258,1258,0,8.98,6.81,6.81,0.0,4,0.0,0.0,0.0,many,SR,2
0,4962,4913,2761,0,43.8698,9.3085,16.0684,17.0457,0.0,2171,1356,1523,0,9.77,7.07,7.4,0.0,254,6.0,58.0,0.0,many,SR,2
0,2901,286,0,0,43.8563,10.746,31.516,0.0,0.0,3926,3177,0,0,26.87,15.94,0.0,0.0,246,0.0,0.0,0.0,one,SR,1
0,3170,7506,7262,0,43.4185,11.0767,17.8871,13.0585,0.0,1858,1535,1204,0,6.94,7.6,6.36,0.0,102,8.0,103.0,0.0,many,SR,2
0,687,1092,556,0,43.3984,9.4058,13.4061,19.1508,0.0,1887,1136,1650,0,6.89,6.37,7.98,0.0,240,31.0,1.0,0.0,many,SR,2
0,487,9911,3889,0,43.2652,9.0779,14.1501,18.5893,0.0,1859,1237,1670,0,6.49,6.6,7.88,0.0,270,52.0,54.0,0.0,many,SR,2
0,1368,1787,1657,0,65.2825,14.3165,24.931,24.0961,0.0,3424,2320,2136,0,18.5,9.87,9.52,0.0,214,72.0,0.0,0.0,many,SR,2
0,3067,4804,3966,0,42.822,10.4165,14.9775,16.0435,0.0,2349,1243,1380,0,12.2,6.76,7.08,0.0,140,0.0,25.0,0.0,many,SR,2
0,984,7007,2522,0,42.7249,10.8562,11.0008,19.4766,0.0,2088,863,1835,0,9.4,5.69,8.23,0.0,114,0.0,109.0,0.0,many,SR,2
0,2102,3627,0,0,42.9252,9.3029,32.0075,0.0,0.0,3747,3229,0,0,24.81,16.15,0.0,0.0,357,0.0,0.0,0.0,one,SR,1
0,2600,9799,8937,0,42.5766,10.8341,15.3863,14.9802,0.0,1437,1413,1259,0,2.7,6.98,6.78,0.0,106,93.0,11.0,0.0,many,SR,2
0,4094,3543,3542,0,42.4375,11.0589,15.0118,15.0118,0.0,2488,1247,1247,0,13.93,6.78,6.78,0.0,78,0.0,0.0,0.0,many,SR,2
0,4010,8266,2693,0,42.2845,8.4048,16.3344,16.121,0.0,2343,1416,1353,0,11.78,7.17,7.08,0.0,301,31.0,0.0,0.0,many,SR,2
0,2759,5854,4457,0,42.0927,11.3397,15.037,14.3734,0.0,1357,1302,1186,0,2.17,6.82,6.6,0.0,51,38.0,0.0,0.0,many,SR,2
0,1940,4649,0,0,42.3152,9.0135,31.6999,0.0,0.0,3572,3196,0,0,23.09,16.02,0.0,0.0,369,0.0,0.0,0.0,one,SR,1
0,951,9412,9411,0,41.9257,9.9022,15.3257,15.3257,0.0,2048,1277,1277,0,9.16,6.86,6.86,0.0,167,0.0,0.0,0.0,many,SR,2
0,3899,5731,43,0,41.8957,8.7087,17.2946,14.4799,0.0,1670,1559,1196,0,4.82,7.49,6.63,0.0,273,66.0,0.0,0.0,many,SR,2
0,1409,8139,4043,0,41.3275,9.0048,15.5217,15.4193,0.0,1469,1295,1313,0,2.99,6.91,6.91,0.0,234,0.0,20.0,0.0,many,SR,2
0,4812,8213,2085,0,41.2008,11.7462,12.7808,15.3695,0.0,1442,1034,1281,0,3.4,6.17,6.87,0.0,0,0.0,0.0,0.0,many,SR,2
0,4,1607,123,0,41.1662,8.0468,16.5656,15.1417,0.0,1978,1523,1272,0,8.06,7.3,6.82,0.0,318,91.0,9.0,0.0,many,SR,2
0,3001,8737,6817,0,41.0099,11.224,14.6287,13.8441,0.0,1559,1209,1137,0,4.55,6.67,6.46,0.0,41,-1.0,1.0,0.0,many,SR,2
0,1241,7128,7127,0,40.816,11.6339,13.9424,13.9424,0.0,1748,1145,1145,0,6.68,6.49,6.49,0.0,3,0.0,0.0,0.0,many,SR,2
0,684,9962,9266,0,40.179,7.5149,14.3667,16.9073,0.0,2068,1185,1441,0,9.2,6.6,7.3,0.0,341,0.0,9.0,0.0,many,SR,2
0,624,7183,7182,0,39.9798,10.4285,14.1222,14.1222,0.0,2547,1162,1162,0,14.98,6.53,6.53,0.0,91,0.0,0.0,0.0,many,SR,2
0,4190,9588,9587,3561,78.1175,19.5799,18.6087,18.6087,18.9642,2471,1595,1595,1635,4.74,7.81,7.81,7.93,111,0.0,0.0,3.0,many,SR,3
0,3553,5902,2546,0,39.8736,9.2014,13.1921,16.131,0.0,2176,1082,1510,0,10.71,6.29,7.2,0.0,201,7.0,112.0,0.0,many,SR,2
0,3038,7634,2805,0,39.7292,8.591,17.277,12.5106,0.0,1701,1470,1008,0,5.71,7.41,6.1,0.0,243,4.0,0.0,0.0,many,SR,2
0,2596,8021,0,0,39.6551,10.8504,27.3832,0.0,0.0,3107,2736,0,0,19.83,14.22,0.0,0.0,133,0.0,0.0,0.0,one,SR,1
0,697,6132,0,0,39.6177,11.0652,27.1412,0.0,0.0,3602,2710,0,0,25.12,14.11,0.0,0.0,112,0.0,0.0,0.0,one,SR,1
0,4773,976,0,0,39.5533,10.8794,27.2574,0.0,0.0,2969,2723,0,0,18.43,14.16,0.0,0.0,128,0.0,0.0,0.0,one,SR,1
0,1725,4565,0,0,39.5576,7.3444,30.6549,0.0,0.0,3927,3085,0,0,27.21,15.58,0.0,0.0,456,0.0,0.0,0.0,one,SR,1
0,1953,1308,568,0,39.3347,8.9917,12.9414,16.0624,0.0,1799,1157,1386,0,6.84,6.3,7.09,0.0,209,77.0,28.0,0.0,many,SR,2
0,4315,966,0,0,39.2099,9.2306,28.5107,0.0,0.0,3095,2856,0,0,19.28,14.69,0.0,0.0,272,0.0,0.0,0.0,one,SR,1
0,3724,7379,3569,0,38.8145,11.2068,13.4899,12.8617,0.0,1774,1111,1041,0,7.32,6.37,6.19,0.0,7,7.0,0.0,0.0,many,SR,2
0,3306,6342,6341,0,38.7359,9.2958,14.068,14.068,0.0,2234,1157,1157,0,11.72,6.52,6.52,0.0,167,0.0,0.0,0.0,many,SR,2
0,444,5389,2204,0,38.7502,9.2609,16.6558,11.5145,0.0,1601,1568,913,0,4.94,7.36,5.83,0.0,178,117.0,0.0,0.0,many,SR,2
0,2912,5914,228,0,38.7101,8.1699,16.4559,12.7513,0.0,1846,1385,1031,0,7.39,7.17,6.16,0.0,261,0.0,0.0,0.0,many,SR,2
0,3517,1263,383,0,54.8059,12.0767,23.2928,17.7365,0.0,2863,2258,1510,0,14.76,9.45,7.55,0.0,220,143.0,0.0,0.0,many,SR,2
0,2680,9577,9032,0,38.4792,10.6934,11.7695,14.7547,0.0,2179,937,1238,0,11.53,5.9,6.72,0.0,45,0.0,11.0,0.0,many,SR,2
0,4140,4054,4053,0,38.3007,10.5653,13.2384,13.2384,0.0,1181,1077,1077,0,1.07,6.29,6.29,0.0,52,0.0,0.0,0.0,many,SR,2
0,2623,1315,1314,0,38.2421,10.6786,13.1547,13.1547,0.0,2989,1069,1069,0,20.1,6.27,6.27,0.0,42,0.0,0.0,0.0,many,SR,2
0,3261,951,0,0,38.3697,10.5305,26.4565,0.0,0.0,2816,2637,0,0,17.12,13.83,0.0,0.0,131,0.0,0.0,0.0,one,SR,1
0,3016,7553,0,0,38.08,10.2721,26.4264,0.0,0.0,2999,2634,0,0,19.06,13.82,0.0,0.0,148,0.0,0.0,0.0,one,SR,1
0,3150,2030,41,0,37.987,9.0322,15.6545,12.0054,0.0,2928,1361,959,0,19.09,6.99,5.96,0.0,179,38.0,0.0,0.0,many,SR,2
0,2295,5009,0,0,37.9563,11.5925,25.04,0.0,0.0,3741,2487,0,0,27.37,13.24,0.0,0.0,22,0.0,0.0,0.0,one,SR,1
0,4145,8667,0,0,37.8721,8.7254,27.7115,0.0,0.0,3601,2771,0,0,24.89,14.35,0.0,0.0,286,0.0,0.0,0.0,one,SR,1
0,3153,3328,0,0,37.726,10.6528,25.721,0.0,0.0,3153,2559,0,0,20.94,13.52,0.0,0.0,104,0.0,0.0,0.0,one,SR,1
0,2457,7556,2493,0,37.1919,9.6425,15.0009,11.2929,0.0,1341,1247,910,0,2.78,6.77,5.78,0.0,113,1.0,13.0,0.0,many,SR,2
0,4936,9016,0,0,37.2826,9.6994,26.2107,0.0,0.0,3455,2611,0,0,23.92,13.73,0.0,0.0,181,0.0,0.0,0.0,one,SR,1
0,1500,7802,5,0,37.1262,10.0139,13.4392,12.4221,0.0,1210,1207,999,0,1.45,6.44,6.07,0.0,85,79.0,0.0,0.0,many,SR,2
0,1043,9780,9779,0,37.1515,8.4411,13.7131,13.7131,0.0,2355,1122,1122,0,13.17,6.42,6.42,0.0,213,0.0,0.0,0.0,many,SR,2
0,1804,8009,7920,0,36.9955,9.3505,12.2043,14.1752,0.0,2024,978,1285,0,9.86,6.01,6.64,0.0,139,0.0,85.0,0.0,many,SR,2
0,3243,7513,5371,0,36.922,9.1148,13.6874,12.8481,0.0,1755,1172,1129,0,6.98,6.46,6.26,0.0,159,37.0,64.0,0.0,many,SR,2
0,1261,4322,0,0,36.8552,10.892,24.6554,0.0,0.0,3424,2446,0,0,24.18,13.08,0.0,0.0,60,0.0,0.0,0.0,one,SR,1
0,226,876,0,0,36.7321,10.2415,25.162,0.0,0.0,2801,2499,0,0,17.45,13.29,0.0,0.0,117,0.0,0.0,0.0,one,SR,1
0,2669,7399,6073,0,36.4489,9.6719,10.802,14.7303,0.0,1366,844,1366,0,3.14,5.63,6.81,0.0,105,0.0,105.0,0.0,many,SR,2
0,1315,1962,0,0,36.1123,9.9186,24.8768,0.0,0.0,3267,2469,0,0,22.45,13.17,0.0,0.0,132,0.0,0.0,0.0,one,SR,1
0,4508,4558,1069,0,35.9301,8.9508,12.8702,12.8702,0.0,1668,1042,1042,0,6.36,6.19,6.19,0.0,150,0.0,0.0,0.0,many,SR,2
0,1205,8843,302,0,35.8159,9.8812,12.3936,12.3298,0.0,2728,997,990,0,17.74,6.07,6.05,0.0,70,0.0,0.0,0.0,many,SR,2
0,439,8098,7809,0,35.6656,7.6643,13.1993,13.5238,0.0,1968,1229,1105,0,9.16,6.41,6.37,0.0,262,111.0,0.0,0.0,many,SR,2
0,966,7927,0,0,35.626,8.156,26.1018,0.0,0.0,3496,2600,0,0,24.39,13.68,0.0,0.0,284,0.0,0.0,0.0,one,SR,1
0,4764,5646,2316,0,35.4059,9.7007,12.2198,12.2794,0.0,2200,990,985,0,12.25,6.03,6.03,0.0,79,7.0,0.0,0.0,many,SR,2
0,4334,8248,6393,0,35.273,8.3576,13.0194,12.6448,0.0,1544,1234,1021,0,4.95,6.38,6.13,0.0,198,127.0,0.0,0.0,many,SR,2
0,3720,6112,5003,0,35.2398,9.1171,12.1586,12.7451,0.0,1250,974,1065,0,2.15,6.0,6.19,0.0,127,0.0,25.0,0.0,many,SR,2
0,2689,2516,0,0,35.2951,9.9809,24.0326,0.0,0.0,3024,2379,0,0,20.22,12.82,0.0,0.0,106,0.0,0.0,0.0,one,SR,1
0,123,9023,7111,0,35.0906,10.3546,11.7781,11.7781,0.0,3081,938,938,0,21.73,5.9,5.9,0.0,18,0.0,0.0,0.0,many,SR,2
0,3436,3665,2804,0,35.0813,9.5634,12.0816,12.2276,0.0,1109,967,1086,0,0.77,5.98,6.11,0.0,90,0.0,75.0,0.0,many,SR,2
0,4727,7721,7720,0,35.0084,8.4704,12.6552,12.6552,0.0,1332,1022,1022,0,2.94,6.14,6.14,0.0,176,0.0,0.0,0.0,many,SR,2
0,1250,9143,4102,0,34.7554,7.1554,9.9048,16.4376,0.0,1910,759,1410,0,8.74,5.39,7.18,0.0,284,0.0,19.0,0.0,many,SR,2
0,2504,4301,441,0,34.6368,7.7389,14.6032,11.0446,0.0,1519,1382,867,0,4.7,6.8,5.7,0.0,240,125.0,0.0,0.0,many,SR,2
0,1085,5508,4846,0,34.3896,7.2511,11.623,14.256,0.0,1767,923,1385,0,7.22,5.86,6.74,0.0,279,0.0,151.0,0.0,many,SR,2
0,4092,8893,7281,0,44.2661,10.8817,20.4418,11.5145,0.0,2241,1807,964,0,10.68,8.41,5.87,0.0,135,22.0,37.0,0.0,many,SR,2
0,3119,7209,1829,0,33.6808,8.7841,12.1939,11.498,0.0,1631,1077,1075,0,6.28,6.09,5.96,0.0,141,71.0,117.0,0.0,many,SR,2
0,3600,6444,5058,0,33.5487,9.4873,11.252,11.6477,0.0,2240,887,925,0,13.06,5.75,5.86,0.0,66,0.0,0.0,0.0,many,SR,2
0,282,6751,2781,0,33.5093,10.2351,11.0664,11.0664,0.0,2604,870,870,0,17.07,5.71,5.71,0.0,3,0.0,0.0,0.0,many,SR,2
0,3459,9259,0,0,33.3111,9.3823,22.7024,0.0,0.0,2654,2238,0,0,16.83,12.26,0.0,0.0,113,0.0,0.0,0.0,one,SR,1
0,4630,9368,4122,0,33.2818,7.9017,12.4478,11.7333,0.0,1506,1031,933,0,5.02,6.1,5.89,0.0,197,21.0,0.0,0.0,many,SR,2
0,1917,8113,3326,0,33.2533,7.936,10.1493,13.9628,0.0,1522,782,1274,0,5.14,5.46,6.59,0.0,199,0.0,91.0,0.0,many,SR,2
0,4766,9560,0,0,33.1342,8.2245,23.6442,0.0,0.0,2591,2338,0,0,15.82,12.65,0.0,0.0,216,0.0,0.0,0.0,one,SR,1
0,932,3882,3881,0,32.9274,8.6643,11.5478,11.5478,0.0,2362,916,916,0,14.29,5.84,5.84,0.0,126,0.0,0.0,0.0,many,SR,2
0,2989,7690,1119,0,32.8362,8.6768,11.4974,11.4974,0.0,1672,911,911,0,7.08,5.82,5.82,0.0,123,0.0,0.0,0.0,many,SR,2
0,3931,7295,2818,0,32.6923,9.7806,10.8927,10.8876,0.0,2780,852,852,0,19.01,5.66,5.66,0.0,28,-1.0,0.0,0.0,many,SR,2
0,3467,5252,3335,0,44.2748,10.2766,12.856,19.7061,0.0,2532,1041,1719,0,13.66,6.19,8.17,0.0,181,0.0,11.0,0.0,many,SR,2
0,1430,2610,0,0,32.6558,8.8717,22.5636,0.0,0.0,2338,2223,0,0,13.57,12.2,0.0,0.0,144,0.0,0.0,0.0,one,SR,1
0,2926,9242,0,0,32.5952,9.8041,21.6107,0.0,0.0,2209,2121,0,0,12.57,11.8,0.0,0.0,56,0.0,0.0,0.0,one,SR,1
0,623,7683,0,0,32.4838,9.032,22.2447,0.0,0.0,2581,2189,0,0,16.24,12.07,0.0,0.0,125,0.0,0.0,0.0,one,SR,1
0,2356,7126,0,0,32.3017,8.4022,22.6743,0.0,0.0,2903,2235,0,0,19.46,12.25,0.0,0.0,179,0.0,0.0,0.0,one,SR,1
0,2245,6269,1844,0,32.0869,8.1463,11.3909,11.3909,0.0,1752,901,901,0,7.97,5.79,5.79,0.0,156,0.0,0.0,0.0,many,SR,2
0,2891,1443,0,0,32.2301,5.8801,25.0269,0.0,0.0,2837,2485,0,0,17.88,13.23,0.0,0.0,411,0.0,0.0,0.0,one,SR,1
0,4251,4156,0,0,31.9436,9.5963,21.1849,0.0,0.0,2397,2075,0,0,14.71,11.62,0.0,0.0,59,0.0,0.0,0.0,one,SR,1
0,2915,9406,9405,0,31.9702,6.2731,12.2461,12.2461,0.0,2360,982,982,0,13.94,6.02,6.02,0.0,312,0.0,0.0,0.0,many,SR,2
0,787,5443,0,0,31.8609,8.1765,22.4679,0.0,0.0,2675,2213,0,0,17.14,12.16,0.0,0.0,189,0.0,0.0,0.0,one,SR,1
0,4226,7475,4595,0,31.7516,8.0283,10.6109,11.9368,0.0,1751,921,1148,0,7.81,5.66,6.1,0.0,174,68.0,140.0,0.0,many,SR,2
0,3208,8061,526,0,48.0394,11.9478,18.3857,16.2209,0.0,2098,1575,1362,0,8.66,7.75,7.1,0.0,97,1.0,0.0,0.0,many,SR,2
0,333,370,0,0,31.6643,7.9467,22.4999,0.0,0.0,2788,2216,0,0,18.31,12.18,0.0,0.0,206,0.0,0.0,0.0,one,SR,1
0,3863,6265,1933,0,31.466,8.5416,10.3281,11.4598,0.0,1676,822,942,0,7.37,5.53,5.84,0.0,115,16.0,25.0,0.0,many,SR,2
0,3804,7028,0,0,30.9604,9.9868,19.866,0.0,0.0,2692,1935,0,0,18.3,11.08,0.0,0.0,-1,0.0,0.0,0.0,one,SR,1
0,4254,3972,0,0,30.9485,8.4389,21.3406,0.0,0.0,2385,2092,0,0,14.52,11.69,0.0,0.0,142,0.0,0.0,0.0,one,SR,1
0,1921,8285,0,0,30.9516,4.0329,25.5728,0.0,0.0,3699,2543,0,0,26.73,13.46,0.0,0.0,551,0.0,0.0,0.0,one,SR,1
0,172,8002,0,0,30.6563,8.1486,21.3387,0.0,0.0,2515,2092,0,0,15.89,11.69,0.0,0.0,162,0.0,0.0,0.0,one,SR,1
0,3110,6180,0,0,30.6968,6.8112,22.6612,0.0,0.0,2563,2233,0,0,15.89,12.24,0.0,0.0,287,0.0,0.0,0.0,one,SR,1
0,3474,841,0,0,30.7291,5.9584,23.5111,0.0,0.0,2897,2323,0,0,19.08,12.6,0.0,0.0,367,0.0,0.0,0.0,one,SR,1
0,4011,6876,1105,0,30.6325,6.6631,11.075,11.7265,0.0,1721,871,1040,0,7.56,5.71,5.97,0.0,263,0.0,77.0,0.0,many,SR,2
0,1148,1059,0,0,30.6914,6.2273,23.2166,0.0,0.0,2812,2292,0,0,18.3,12.47,0.0,0.0,341,0.0,0.0,0.0,one,SR,1
0,1705,7954,3099,0,30.59,6.3483,13.1693,9.8963,0.0,1804,1191,758,0,8.36,6.37,5.39,0.0,289,86.0,0.0,0.0,many,SR,2
0,3834,2116,2115,0,30.4998,8.7405,10.3291,10.3291,0.0,2228,799,799,0,13.48,5.51,5.51,0.0,80,0.0,0.0,0.0,many,SR,2
0,4250,8957,2074,0,30.5508,7.077,10.9597,11.3442,0.0,1643,1159,896,0,6.72,5.92,5.78,0.0,236,214.0,0.0,0.0,many,SR,2
0,2064,8121,0,0,30.4866,7.1268,22.1566,0.0,0.0,2689,2179,0,0,17.41,12.03,0.0,0.0,253,0.0,0.0,0.0,one,SR,1
0,3172,5061,521,0,30.2597,8.8208,10.9348,9.4051,0.0,1364,899,749,0,4.43,5.7,5.29,0.0,73,30.0,27.0,0.0,many,SR,2
0,3386,2147,576,0,30.2291,7.462,10.2264,11.4062,0.0,1974,789,990,0,10.52,5.48,5.87,0.0,188,0.0,63.0,0.0,many,SR,2
0,3231,9310,0,0,30.166,7.9436,21.0647,0.0,0.0,3325,2063,0,0,24.49,11.58,0.0,0.0,169,0.0,0.0,0.0,one,SR,1
0,2965,8489,0,0,30.0905,8.0773,20.8641,0.0,0.0,2672,2041,0,0,17.71,11.49,0.0,0.0,155,0.0,0.0,0.0,one,SR,1
0,1247,7644,5315,0,29.9294,7.6596,10.3192,10.8311,0.0,2468,862,848,0,15.84,5.55,5.64,0.0,165,46.0,1.0,0.0,many,SR,2
0,1036,4202,2333,0,29.8228,9.0954,9.7745,9.8791,0.0,2797,746,756,0,19.7,5.35,5.38,0.0,39,0.0,0.0,0.0,many,SR,2
0,3183,1009,0,0,29.8346,8.74,19.9824,0.0,0.0,2440,1947,0,0,15.61,11.12,0.0,0.0,87,0.0,0.0,0.0,one,SR,1
0,4564,8813,0,0,29.9073,6.0551,22.6294,0.0,0.0,2441,2229,0,0,14.63,12.23,0.0,0.0,338,0.0,0.0,0.0,one,SR,1
0,2567,7693,5969,0,29.748,8.3187,10.7178,9.6099,0.0,1306,952,731,0,3.8,5.7,5.31,0.0,109,83.0,0.0,0.0,many,SR,2
0,1150,5757,0,0,29.6433,8.4116,20.1136,0.0,0.0,3033,1962,0,0,21.78,11.18,0.0,0.0,113,0.0,0.0,0.0,one,SR,1
0,2483,8197,76,0,39.5542,11.0677,11.1499,16.0556,0.0,2044,897,1360,0,9.93,5.74,7.07,0.0,32,14.0,10.0,0.0,many,SR,2
0,2431,621,0,0,29.3278,7.0468,21.121,0.0,0.0,2384,2069,0,0,14.59,11.6,0.0,0.0,232,0.0,0.0,0.0,one,SR,1
0,2204,7071,0,0,29.2321,9.2613,18.9037,0.0,0.0,3472,1832,0,0,26.85,10.67,0.0,0.0,24,0.0,0.0,0.0,one,SR,1
0,917,7827,5859,0,63.4938,12.1684,33.4649,15.9143,0.0,3253,3058,1353,0,16.64,12.43,7.04,0.0,365,-1.0,14.0,0.0,many,SR,2
0,1120,7722,314,0,45.431,11.6721,16.7401,15.5997,0.0,2209,1431,1303,0,10.42,7.26,6.93,0.0,75,14.0,0.0,0.0,many,SR,2
0,2228,9959,8014,0,45.7066,8.9287,17.1384,18.0974,0.0,2435,1892,1545,0,11.69,7.76,7.66,0.0,338,313.0,0.0,0.0,many,SR,2
0,3407,9657,6329,0,29.021,6.8773,9.5738,11.4434,0.0,1525,727,1100,0,5.87,5.3,5.96,0.0,223,0.0,139.0,0.0,many,SR,2
0,553,1991,1990,0,28.9355,8.2764,9.7935,9.7935,0.0,2041,748,748,0,11.78,5.36,5.36,0.0,94,0.0,0.0,0.0,many,SR,2
0,1355,1404,724,0,28.864,7.8477,9.8164,10.1069,0.0,1291,750,927,0,3.72,5.37,5.56,0.0,136,0.0,107.0,0.0,many,SR,2
0,3829,3038,0,0,28.8513,8.3078,19.4533,0.0,0.0,2493,1891,0,0,16.36,10.9,0.0,0.0,103,0.0,0.0,0.0,one,SR,1
0,4732,7308,0,0,28.7557,6.213,21.3725,0.0,0.0,2291,2095,0,0,13.52,11.7,0.0,0.0,295,0.0,0.0,0.0,one,SR,1
0,1726,2330,0,0,28.5687,7.9608,19.5153,0.0,0.0,2041,1897,0,0,11.6,10.93,0.0,0.0,128,0.0,0.0,0.0,one,SR,1
0,468,3489,0,0,28.487,8.5786,18.8436,0.0,0.0,2204,1826,0,0,13.56,10.65,0.0,0.0,69,0.0,0.0,0.0,one,SR,1
0,1211,2263,1552,0,28.4315,7.8143,9.7487,9.7888,0.0,2231,858,747,0,13.71,5.44,5.36,0.0,130,82.0,0.0,0.0,many,SR,2
0,2932,9554,0,0,28.2805,7.8132,19.3801,0.0,0.0,2214,1883,0,0,13.46,10.87,0.0,0.0,135,0.0,0.0,0.0,one,SR,1
0,3460,4303,0,0,28.2118,8.8838,18.2864,0.0,0.0,2467,1767,0,0,16.53,10.42,0.0,0.0,34,0.0,0.0,0.0,one,SR,1
0,961,5747,0,0,28.2307,7.9901,19.1625,0.0,0.0,2221,1860,0,0,13.62,10.78,0.0,0.0,117,0.0,0.0,0.0,one,SR,1
0,2910,5526,0,0,28.1811,7.9931,19.1118,0.0,0.0,2185,1855,0,0,13.26,10.76,0.0,0.0,116,0.0,0.0,0.0,one,SR,1
0,3301,3245,0,0,28.2084,7.1217,19.9749,0.0,0.0,2320,1946,0,0,14.35,11.12,0.0,0.0,197,0.0,0.0,0.0,one,SR,1
0,2845,9394,0,0,28.165,7.1662,19.8905,0.0,0.0,2444,1937,0,0,15.69,11.08,0.0,0.0,192,0.0,0.0,0.0,one,SR,1
0,3251,2614,0,0,27.9843,8.3048,18.6242,0.0,0.0,2021,1802,0,0,11.72,10.55,0.0,0.0,82,0.0,0.0,0.0,one,SR,1
0,4883,2986,117,0,41.5579,8.9494,13.6608,17.5549,0.0,2008,1117,1527,0,8.55,6.41,7.52,0.0,245,0.0,25.0,0.0,many,SR,2
0,4304,2665,0,0,28.1009,4.6081,22.2841,0.0,0.0,2592,2193,0,0,16.34,12.09,0.0,0.0,428,0.0,0.0,0.0,one,SR,1
0,3900,3173,0,0,27.6116,9.0577,17.5436,0.0,0.0,1934,1687,0,0,11.21,10.1,0.0,0.0,3,0.0,0.0,0.0,one,SR,1
0,3953,4631,0,0,27.6379,8.4176,18.1833,0.0,0.0,2180,1755,0,0,13.56,10.37,0.0,0.0,63,0.0,0.0,0.0,one,SR,1
0,2656,8264,0,0,27.6475,8.0439,18.5509,0.0,0.0,2041,1795,0,0,11.96,10.53,0.0,0.0,98,0.0,0.0,0.0,one,SR,1
0,3143,7470,2589,0,41.4496,9.7409,15.1698,15.1668,0.0,1696,1368,1262,0,5.46,6.9,6.82,0.0,178,76.0,0.0,0.0,many,SR,2
0,2289,4014,3351,0,41.7423,7.1334,13.7721,19.3832,0.0,2762,1128,1717,0,15.92,6.44,8.1,0.0,406,0.0,32.0,0.0,many,SR,2
0,4447,8080,2272,0,37.1681,7.8956,17.4366,10.5286,0.0,2224,1494,878,0,11.59,7.46,5.61,0.0,264,10.0,43.0,0.0,many,SR,2
0,1445,5680,0,0,27.5687,7.842,18.669,0.0,0.0,2021,1808,0,0,11.7,10.58,0.0,0.0,115,0.0,0.0,0.0,one,SR,1
0,4710,9872,0,0,27.5393,7.5783,18.8943,0.0,0.0,2397,1831,0,0,15.57,10.67,0.0,0.0,138,0.0,0.0,0.0,one,SR,1
0,3632,4975,0,0,27.5642,6.6941,19.7665,0.0,0.0,3081,1925,0,0,22.42,11.04,0.0,0.0,221,0.0,0.0,0.0,one,SR,1
0,4341,695,0,0,27.5333,6.7691,19.6653,0.0,0.0,2027,1913,0,0,11.39,10.99,0.0,0.0,213,0.0,0.0,0.0,one,SR,1
0,4839,9841,5766,0,37.3583,8.2497,11.119,16.6758,0.0,1694,878,1623,0,5.96,5.72,7.41,0.0,244,2.0,155.0,0.0,many,SR,2
0,1788,5138,0,0,27.2844,8.41,17.8512,0.0,0.0,3214,1720,0,0,24.54,10.23,0.0,0.0,55,0.0,0.0,0.0,one,SR,1
0,1849,9419,3758,0,37.4622,8.2988,11.407,16.4312,0.0,2421,902,1725,0,13.49,5.8,7.46,0.0,248,0.0,244.0,0.0,many,SR,2
0,2676,4395,0,0,27.2437,5.7601,20.3557,0.0,0.0,2323,1987,0,0,14.24,11.28,0.0,0.0,300,0.0,0.0,0.0,one,SR,1
0,4694,2722,0,0,27.1059,4.862,21.0854,0.0,0.0,3049,2065,0,0,21.59,11.58,0.0,0.0,380,0.0,0.0,0.0,one,SR,1
0,4831,2283,0,0,26.9051,8.6328,17.2734,0.0,0.0,2520,1658,0,0,17.47,9.99,0.0,0.0,25,0.0,0.0,0.0,one,SR,1
0,1484,9932,0,0,26.859,6.5264,19.2506,0.0,0.0,2354,1870,0,0,14.98,10.82,0.0,0.0,219,0.0,0.0,0.0,one,SR,1
0,4705,1101,0,0,26.8104,7.5508,18.2207,0.0,0.0,3078,1760,0,0,22.97,10.39,0.0,0.0,123,0.0,0.0,0.0,one,SR,1
0,347,284,0,0,26.759,7.7554,17.9749,0.0,0.0,2043,1734,0,0,12.19,10.29,0.0,0.0,103,0.0,0.0,0.0,one,SR,1
0,2514,1189,0,0,26.6681,8.4619,17.2096,0.0,0.0,1806,1652,0,0,9.99,9.97,0.0,0.0,35,0.0,0.0,0.0,one,SR,1
0,3044,1027,0,0,26.6765,6.004,19.5771,0.0,0.0,2153,1904,0,0,12.75,10.95,0.0,0.0,263,0.0,0.0,0.0,one,SR,1
0,831,8943,7429,0,41.5913,11.5449,14.8915,13.833,0.0,1365,1236,1163,0,2.44,6.74,6.48,0.0,24,1.0,21.0,0.0,many,SR,2
0,3489,2519,0,0,26.549,7.1819,18.3239,0.0,0.0,2444,1771,0,0,16.27,10.43,0.0,0.0,151,0.0,0.0,0.0,one,SR,1
0,829,3460,0,0,26.356,7.3447,17.9825,0.0,0.0,2082,1734,0,0,12.6,10.29,0.0,0.0,131,0.0,0.0,0.0,one,SR,1
0,590,3749,0,0,26.3249,6.7665,18.5078,0.0,0.0,2486,1790,0,0,16.65,10.51,0.0,0.0,184,0.0,0.0,0.0,one,SR,1
0,2674,4136,0,0,26.215,7.8645,17.3485,0.0,0.0,1972,1666,0,0,11.69,10.02,0.0,0.0,79,0.0,0.0,0.0,one,SR,1
0,934,768,0,0,26.2011,7.8817,17.3184,0.0,0.0,2427,1663,0,0,16.48,10.01,0.0,0.0,77,0.0,0.0,0.0,one,SR,1
0,30,1018,0,0,26.1131,8.644,16.5024,0.0,0.0,1863,1576,0,0,10.86,9.67,0.0,0.0,4,0.0,0.0,0.0,one,SR,1
0,3238,2966,0,0,26.2391,4.0478,21.0347,0.0,0.0,2689,2060,0,0,17.83,11.57,0.0,0.0,434,0.0,0.0,0.0,one,SR,1
0,455,7663,0,0,26.1014,5.9156,19.11,0.0,0.0,2401,1854,0,0,15.53,10.76,0.0,0.0,257,0.0,0.0,0.0,one,SR,1
0,2036,8330,0,0,25.9784,8.6461,16.3711,0.0,0.0,1734,1562,0,0,9.56,9.61,0.0,0.0,1,0.0,0.0,0.0,one,SR,1
0,1088,9331,0,0,25.971,8.1246,16.8644,0.0,0.0,2314,1615,0,0,15.46,9.82,0.0,0.0,49,0.0,0.0,0.0,one,SR,1
0,4672,8720,0,0,25.8677,6.8152,18.0218,0.0,0.0,2296,1739,0,0,14.83,10.31,0.0,0.0,168,0.0,0.0,0.0,one,SR,1
0,4558,7515,0,0,25.8712,6.598,18.2339,0.0,0.0,2013,1761,0,0,11.78,10.39,0.0,0.0,188,0.0,0.0,0.0,one,SR,1
0,4126,9865,0,0,25.6777,7.7785,16.9151,0.0,0.0,1813,1620,0,0,10.18,9.84,0.0,0.0,74,0.0,0.0,0.0,one,SR,1
0,1642,7541,767,294,48.1477,12.2308,10.6887,12.7009,10.7892,2100,833,1026,844,6.41,5.6,6.15,5.63,233,0.0,0.0,1.0,many,SR,3
0,4216,71,0,0,25.4174,6.9884,17.4234,0.0,0.0,2053,1675,0,0,12.51,10.06,0.0,0.0,141,0.0,0.0,0.0,one,SR,1
0,4143,8454,4495,0,42.5064,11.972,16.7901,12.4117,0.0,1419,1419,998,0,2.91,7.26,6.07,0.0,2,2.0,0.0,0.0,many,SR,2
0,2376,325,0,0,25.264,7.4176,16.8644,0.0,0.0,2450,1615,0,0,16.89,9.82,0.0,0.0,97,0.0,0.0,0.0,one,SR,1
0,2152,3957,0,0,25.2563,6.8352,17.4159,0.0,0.0,2715,1674,0,0,19.46,10.05,0.0,0.0,151,0.0,0.0,0.0,one,SR,1
0,4371,6041,0,0,25.161,6.22,17.915,0.0,0.0,2569,1727,0,0,17.74,10.26,0.0,0.0,206,0.0,0.0,0.0,one,SR,1
0,4441,523,0,0,25.0795,7.5965,16.5154,0.0,0.0,2038,1578,0,0,12.69,9.68,0.0,0.0,76,0.0,0.0,0.0,one,SR,1
0,1813,7178,5054,0,37.0666,6.943,15.5531,13.2489,0.0,2031,1298,1078,0,9.43,6.92,6.3,0.0,338,0.0,0.0,0.0,many,SR,2
0,370,2108,0,0,24.9559,7.9167,16.0897,0.0,0.0,1881,1532,0,0,11.2,9.5,0.0,0.0,43,0.0,0.0,0.0,one,SR,1
0,2148,2220,0,0,24.9544,6.7444,17.2134,0.0,0.0,2228,1652,0,0,14.42,9.97,0.0,0.0,152,0.0,0.0,0.0,one,SR,1
0,4458,3125,0,0,24.9996,5.1265,18.8099,0.0,0.0,2226,1822,0,0,13.8,10.63,0.0,0.0,303,0.0,0.0,0.0,one,SR,1
0,4390,7825,0,0,24.9611,5.2835,18.6223,0.0,0.0,2574,1802,0,0,17.53,10.55,0.0,0.0,288,0.0,0.0,0.0,one,SR,1
0,3980,3070,0,0,25.0873,1.6572,22.2242,0.0,0.0,3903,2186,0,0,30.13,12.06,0.0,0.0,627,0.0,0.0,0.0,one,SR,1
0,4212,8960,0,0,24.8129,7.0641,16.7706,0.0,0.0,2181,1605,0,0,14.1,9.78,0.0,0.0,119,0.0,0.0,0.0,one,SR,1
0,179,7627,0,0,24.811,6.7435,17.0763,0.0,0.0,2019,1638,0,0,12.28,9.91,0.0,0.0,149,0.0,0.0,0.0,one,SR,1
0,1767,4092,0,0,24.795,5.5394,18.217,0.0,0.0,3056,1759,0,0,22.74,10.39,0.0,0.0,260,0.0,0.0,0.0,one,SR,1
0,1773,8710,0,0,24.7011,6.7726,16.9432,0.0,0.0,1904,1623,0,0,11.13,9.85,0.0,0.0,143,0.0,0.0,0.0,one,SR,1
0,267,9619,0,0,24.7529,5.2493,18.4553,0.0,0.0,2048,1784,0,0,12.07,10.48,0.0,0.0,286,0.0,0.0,0.0,one,SR,1
0,2536,1635,0,0,24.773,4.3524,19.335,0.0,0.0,2510,1879,0,0,16.58,10.86,0.0,0.0,370,0.0,0.0,0.0,one,SR,1
0,3551,4911,0,0,24.6849,6.2247,17.4534,0.0,0.0,2328,1678,0,0,15.38,10.07,0.0,0.0,194,0.0,0.0,0.0,one,SR,1
0,1460,7082,0,0,24.5816,8.1678,15.4893,0.0,0.0,1782,1468,0,0,10.39,9.24,0.0,0.0,11,0.0,0.0,0.0,one,SR,1
0,2290,1500,0,0,24.6663,5.3092,18.3146,0.0,0.0,1961,1769,0,0,11.21,10.42,0.0,0.0,278,0.0,0.0,0.0,one,SR,1
0,2137,4427,0,0,24.6291,5.7234,17.8812,0.0,0.0,2350,1723,0,0,15.46,10.24,0.0,0.0,239,0.0,0.0,0.0,one,SR,1
0,511,9705,0,0,24.5112,7.9663,15.615,0.0,0.0,1723,1482,0,0,9.72,9.3,0.0,0.0,28,0.0,0.0,0.0,one,SR,1
0,2263,3057,0,0,24.4547,6.2114,17.2452,0.0,0.0,2484,1656,0,0,17.1,9.98,0.0,0.0,189,0.0,0.0,0.0,one,SR,1
0,72,895,0,0,24.1769,8.1364,15.131,0.0,0.0,2040,1430,0,0,13.23,9.1,0.0,0.0,4,0.0,0.0,0.0,one,SR,1
0,1336,7135,0,0,24.1378,8.101,15.1272,0.0,0.0,1514,1430,0,0,7.71,9.1,0.0,0.0,6,0.0,0.0,0.0,one,SR,1
0,2144,3345,0,0,24.126,7.0026,16.1703,0.0,0.0,1846,1541,0,0,10.81,9.53,0.0,0.0,108,0.0,0.0,0.0,one,SR,1
0,3892,2443,0,0,24.1817,4.9239,18.2188,0.0,0.0,2106,1760,0,0,12.76,10.39,0.0,0.0,302,0.0,0.0,0.0,one,SR,1
0,1735,193,0,0,24.0992,6.4538,16.6711,0.0,0.0,2688,1595,0,0,19.46,9.74,0.0,0.0,158,0.0,0.0,0.0,one,SR,1
0,4098,6578,0,0,24.0547,7.5117,15.6131,0.0,0.0,1758,1482,0,0,10.09,9.3,0.0,0.0,59,0.0,0.0,0.0,one,SR,1
0,1881,7726,3741,0,34.3554,9.3847,12.2589,11.524,0.0,1333,1011,913,0,3.31,6.05,5.83,0.0,89,20.0,0.0,0.0,many,SR,2
0,2116,4356,0,0,23.9383,7.7023,15.3186,0.0,0.0,1755,1450,0,0,10.17,9.17,0.0,0.0,38,0.0,0.0,0.0,one,SR,1
0,572,3109,0,0,23.9197,8.0709,14.946,0.0,0.0,2000,1411,0,0,12.87,9.03,0.0,0.0,4,0.0,0.0,0.0,one,SR,1
0,3099,4823,0,0,23.9496,6.9649,16.0371,0.0,0.0,2001,1527,0,0,12.48,9.48,0.0,0.0,107,0.0,0.0,0.0,one,SR,1
0,3155,7444,0,0,24.0016,5.3009,17.6841,0.0,0.0,2151,1703,0,0,13.44,10.17,0.0,0.0,263,0.0,0.0,0.0,one,SR,1
0,3221,4602,0,0,24.0124,4.8133,18.1625,0.0,0.0,1981,1754,0,0,11.47,10.37,0.0,0.0,308,0.0,0.0,0.0,one,SR,1
0,4294,5485,0,0,23.8182,6.9215,15.9526,0.0,0.0,1856,1518,0,0,10.99,9.44,0.0,0.0,108,0.0,0.0,0.0,one,SR,1
0,3525,1672,0,0,23.7501,7.3946,15.4329,0.0,0.0,1942,1463,0,0,12.09,9.22,0.0,0.0,62,0.0,0.0,0.0,one,SR,1
0,2277,7078,6725,0,36.0662,8.1312,13.1142,13.5352,0.0,1492,1343,1105,0,4.1,6.48,6.37,0.0,235,199.0,0.0,0.0,many,SR,2
0,1971,4809,0,0,23.6207,8.0552,14.6726,0.0,0.0,1595,1383,0,0,8.71,8.93,0.0,0.0,-1,0.0,0.0,0.0,one,SR,1
0,2341,1702,0,0,23.6349,7.096,15.6094,0.0,0.0,2045,1481,0,0,13.11,9.3,0.0,0.0,87,0.0,0.0,0.0,one,SR,1
0,3666,7425,39,0,34.8609,9.0082,12.4326,12.1966,0.0,1238,1000,1162,0,1.99,6.08,6.16,0.0,137,0.0,132.0,0.0,many,SR,2
0,1349,9951,0,0,23.3274,6.4619,15.9226,0.0,0.0,2120,1515,0,0,13.77,9.43,0.0,0.0,138,0.0,0.0,0.0,one,SR,1
0,4666,4261,0,0,23.3979,3.6321,18.7066,0.0,0.0,2502,1812,0,0,16.74,10.59,0.0,0.0,403,0.0,0.0,0.0,one,SR,1
0,2620,6948,0,0,23.2385,6.8382,15.4762,0.0,0.0,2533,1467,0,0,18.28,9.24,0.0,0.0,101,0.0,0.0,0.0,one,SR,1
0,1958,7042,0,0,23.2972,4.489,17.7873,0.0,0.0,1954,1714,0,0,11.33,10.21,0.0,0.0,321,0.0,0.0,0.0,one,SR,1
0,2843,585,0,0,23.1123,7.6252,14.5966,0.0,0.0,1576,1376,0,0,8.53,8.9,0.0,0.0,27,0.0,0.0,0.0,one,SR,1
0,1802,6949,3795,0,35.3188,10.0427,12.0673,12.014,0.0,1843,977,960,0,8.6,5.99,5.96,0.0,49,8.0,0.0,0.0,many,SR,2
0,476,6419,0,0,23.0383,6.3017,15.7988,0.0,0.0,2013,1502,0,0,12.7,9.38,0.0,0.0,146,0.0,0.0,0.0,one,SR,1
0,2953,3421,0,0,22.9743,7.8136,14.282,0.0,0.0,1485,1343,0,0,7.68,8.79,0.0,0.0,7,0.0,0.0,0.0,one,SR,1
0,4765,8260,0,0,22.9532,7.2176,14.8367,0.0,0.0,1577,1400,0,0,8.47,8.99,0.0,0.0,60,0.0,0.0,0.0,one,SR,1
0,617,5826,0,0,23.0134,5.6126,16.4367,0.0,0.0,1684,1569,0,0,9.01,9.64,0.0,0.0,209,0.0,0.0,0.0,one,SR,1
0,2107,5698,1821,0,31.4265,9.1911,9.5861,11.5355,0.0,1848,728,915,0,9.38,5.3,5.83,0.0,57,0.0,0.0,0.0,many,SR,2
0,265,8175,0,0,23.0139,4.6145,17.3954,0.0,0.0,2111,1671,0,0,13.13,10.04,0.0,0.0,302,0.0,0.0,0.0,one,SR,1
0,819,6644,0,0,22.9909,5.0505,16.9544,0.0,0.0,2103,1625,0,0,13.21,9.86,0.0,0.0,261,0.0,0.0,0.0,one,SR,1
0,3392,8717,0,0,22.8322,7.6999,14.2546,0.0,0.0,1552,1340,0,0,8.4,8.78,0.0,0.0,14,0.0,0.0,0.0,one,SR,1
0,4636,7948,0,0,22.8885,5.5697,16.3579,0.0,0.0,1701,1561,0,0,9.21,9.61,0.0,0.0,210,0.0,0.0,0.0,one,SR,1
0,1112,827,0,0,22.7656,7.3292,14.5478,0.0,0.0,1928,1371,0,0,12.25,8.89,0.0,0.0,46,0.0,0.0,0.0,one,SR,1
0,611,742,0,0,22.7765,6.7319,15.1347,0.0,0.0,1900,1431,0,0,11.76,9.1,0.0,0.0,100,0.0,0.0,0.0,one,SR,1
0,2807,545,0,0,22.677,6.8459,14.9286,0.0,0.0,1634,1410,0,0,9.04,9.02,0.0,0.0,87,0.0,0.0,0.0,one,SR,1
0,3835,6198,0,0,22.6376,6.8249,14.911,0.0,0.0,2071,1408,0,0,13.63,9.02,0.0,0.0,88,0.0,0.0,0.0,one,SR,1
0,2548,7907,0,0,22.6877,5.4433,16.2866,0.0,0.0,2070,1553,0,0,13.12,9.58,0.0,0.0,217,0.0,0.0,0.0,one,SR,1
0,1192,509,0,0,22.6549,6.1979,15.5305,0.0,0.0,1890,1473,0,0,11.51,9.26,0.0,0.0,146,0.0,0.0,0.0,one,SR,1
0,4565,2202,0,0,22.5977,5.4996,16.1458,0.0,0.0,2390,1539,0,0,16.52,9.52,0.0,0.0,210,0.0,0.0,0.0,one,SR,1
0,3484,9744,4402,0,32.6165,9.2801,9.8601,12.3304,0.0,1369,754,1032,0,4.06,5.38,6.08,0.0,71,0.0,30.0,0.0,many,SR,2
0,1886,4949,0,0,22.5204,5.5474,16.0258,0.0,0.0,2057,1526,0,0,13.07,9.47,0.0,0.0,203,0.0,0.0,0.0,one,SR,1
0,2408,335,0,0,22.5764,4.0792,17.4892,0.0,0.0,2122,1681,0,0,13.21,10.08,0.0,0.0,341,0.0,0.0,0.0,one,SR,1
0,4159,8108,0,0,22.4413,7.2641,14.2977,0.0,0.0,1784,1345,0,0,10.82,8.79,0.0,0.0,45,0.0,0.0,0.0,one,SR,1
0,1172,7879,2053,0,33.1414,8.1656,11.7948,11.983,0.0,1428,963,1085,0,4.21,5.92,6.06,0.0,179,17.0,91.0,0.0,many,SR,2
0,3634,1088,0,0,22.4244,6.4403,15.0768,0.0,0.0,1608,1424,0,0,8.72,9.07,0.0,0.0,118,0.0,0.0,0.0,one,SR,1
0,3719,678,0,0,22.3375,5.8241,15.585,0.0,0.0,1814,1478,0,0,10.69,9.28,0.0,0.0,173,0.0,0.0,0.0,one,SR,1
0,635,2130,0,0,22.35,4.3626,16.9994,0.0,0.0,1916,1630,0,0,11.23,9.88,0.0,0.0,309,0.0,0.0,0.0,one,SR,1
0,3315,629,0,0,22.2278,7.2631,14.0927,0.0,0.0,1946,1324,0,0,12.58,8.72,0.0,0.0,40,0.0,0.0,0.0,one,SR,1
0,1976,8045,0,0,22.1501,6.9305,14.3387,0.0,0.0,1672,1349,0,0,9.63,8.81,0.0,0.0,68,0.0,0.0,0.0,one,SR,1
0,2324,9935,0,0,22.127,6.2516,14.9715,0.0,0.0,1776,1414,0,0,10.51,9.04,0.0,0.0,129,0.0,0.0,0.0,one,SR,1
0,3486,7077,0,0,22.1275,5.6239,15.5757,0.0,0.0,1860,1477,0,0,11.18,9.28,0.0,0.0,186,0.0,0.0,0.0,one,SR,1
0,3574,1517,0,0,22.0819,5.5859,15.5681,0.0,0.0,2151,1477,0,0,14.23,9.28,0.0,0.0,189,0.0,0.0,0.0,one,SR,1
0,3493,6731,0,0,22.1282,4.4226,16.7294,0.0,0.0,1822,1600,0,0,10.35,9.76,0.0,0.0,298,0.0,0.0,0.0,one,SR,1
0,701,3016,0,0,22.0024,6.4104,14.6981,0.0,0.0,2022,1386,0,0,13.19,8.94,0.0,0.0,112,0.0,0.0,0.0,one,SR,1
0,3709,6363,0,0,22.0032,5.5677,15.5099,0.0,0.0,1929,1471,0,0,11.92,9.26,0.0,0.0,189,0.0,0.0,0.0,one,SR,1
0,4116,4921,0,0,22.0174,4.7885,16.2716,0.0,0.0,2274,1552,0,0,15.26,9.57,0.0,0.0,261,0.0,0.0,0.0,one,SR,1
0,2490,8008,0,0,21.9083,6.4883,14.5321,0.0,0.0,2074,1369,0,0,13.79,8.88,0.0,0.0,103,0.0,0.0,0.0,one,SR,1
0,3946,8135,0,0,21.8358,7.5187,13.4677,0.0,0.0,2298,1260,0,0,16.48,8.49,0.0,0.0,9,0.0,0.0,0.0,one,SR,1
0,2920,5332,0,0,21.8515,6.9033,14.0769,0.0,0.0,1646,1322,0,0,9.44,8.71,0.0,0.0,64,0.0,0.0,0.0,one,SR,1
0,4362,1747,0,0,21.8173,7.2592,13.7002,0.0,0.0,1906,1284,0,0,12.29,8.58,0.0,0.0,32,0.0,0.0,0.0,one,SR,1
0,4695,8250,0,0,21.8292,4.3188,16.5417,0.0,0.0,3873,1581,0,0,31.95,9.69,0.0,0.0,300,0.0,0.0,0.0,one,SR,1
0,2371,8515,0,0,21.7253,6.4065,14.4344,0.0,0.0,1648,1359,0,0,9.34,8.84,0.0,0.0,106,0.0,0.0,0.0,one,SR,1
0,2000,2384,0,0,21.7492,4.6845,16.114,0.0,0.0,1744,1535,0,0,9.76,9.51,0.0,0.0,264,0.0,0.0,0.0,one,SR,1
0,4492,3927,0,0,21.6774,6.5084,14.2899,0.0,0.0,1590,1344,0,0,8.78,8.79,0.0,0.0,96,0.0,0.0,0.0,one,SR,1
0,3097,9390,0,0,21.7002,5.7116,15.0808,0.0,0.0,1740,1425,0,0,10.1,9.08,0.0,0.0,168,0.0,0.0,0.0,one,SR,1
0,3029,8219,0,0,21.6422,6.2671,14.489,0.0,0.0,2034,1364,0,0,13.38,8.86,0.0,0.0,117,0.0,0.0,0.0,one,SR,1
0,1102,4060,0,0,21.6572,5.4386,15.3016,0.0,0.0,1927,1449,0,0,11.98,9.17,0.0,0.0,192,0.0,0.0,0.0,one,SR,1
0,4446,6085,0,0,21.6666,5.0436,15.69,0.0,0.0,1651,1490,0,0,8.94,9.33,0.0,0.0,229,0.0,0.0,0.0,one,SR,1
0,174,8584,0,0,21.601,5.3688,15.3148,0.0,0.0,1629,1450,0,0,8.85,9.17,0.0,0.0,197,0.0,0.0,0.0,one,SR,1
0,1606,5862,0,0,21.4993,7.0652,13.5808,0.0,0.0,1624,1271,0,0,9.37,8.53,0.0,0.0,42,0.0,0.0,0.0,one,SR,1
0,4486,8077,0,0,21.4942,6.1374,14.4713,0.0,0.0,1851,1362,0,0,11.47,8.85,0.0,0.0,125,0.0,0.0,0.0,one,SR,1
0,1393,8309,0,0,21.5219,5.2427,15.3598,0.0,0.0,1845,1455,0,0,11.1,9.19,0.0,0.0,207,0.0,0.0,0.0,one,SR,1
0,1067,7543,0,0,21.4093,7.3395,13.2293,0.0,0.0,1549,1235,0,0,8.7,8.41,0.0,0.0,16,0.0,0.0,0.0,one,SR,1
0,383,7362,0,0,21.4194,6.5597,13.9912,0.0,0.0,1543,1314,0,0,8.39,8.68,0.0,0.0,86,0.0,0.0,0.0,one,SR,1
0,1509,5490,0,0,21.5037,4.1616,16.3804,0.0,0.0,2514,1563,0,0,17.74,9.62,0.0,0.0,307,0.0,0.0,0.0,one,SR,1
0,3056,2140,0,0,21.407,5.882,14.6335,0.0,0.0,1724,1379,0,0,10.08,8.91,0.0,0.0,146,0.0,0.0,0.0,one,SR,1
0,4133,4270,0,0,21.3379,5.5783,14.86,0.0,0.0,1751,1402,0,0,10.29,9.0,0.0,0.0,172,0.0,0.0,0.0,one,SR,1
0,3061,9026,0,0,21.2423,5.4359,14.9051,0.0,0.0,1994,1407,0,0,12.82,9.01,0.0,0.0,183,0.0,0.0,0.0,one,SR,1
0,4790,4041,0,0,21.1989,5.18,15.1101,0.0,0.0,1719,1428,0,0,9.87,9.09,0.0,0.0,205,0.0,0.0,0.0,one,SR,1
0,2035,9371,0,0,21.1479,4.7222,15.5005,0.0,0.0,1742,1470,0,0,9.96,9.25,0.0,0.0,246,0.0,0.0,0.0,one,SR,1
0,549,7377,0,0,21.0178,5.5149,14.6121,0.0,0.0,2122,1377,0,0,14.26,8.91,0.0,0.0,171,0.0,0.0,0.0,one,SR,1
0,3695,6587,0,0,20.9738,6.7193,13.4072,0.0,0.0,1448,1254,0,0,7.58,8.47,0.0,0.0,62,0.0,0.0,0.0,one,SR,1
0,3658,9539,1558,0,31.697,8.422,11.43,10.6916,0.0,1982,1062,834,0,10.43,5.93,5.6,0.0,134,113.0,0.0,0.0,many,SR,2
0,3672,7461,0,0,20.9213,7.179,12.913,0.0,0.0,1530,1203,0,0,8.6,8.29,0.0,0.0,20,0.0,0.0,0.0,one,SR,1
0,2222,9745,0,0,20.9434,6.4581,13.6299,0.0,0.0,1600,1277,0,0,9.1,8.55,0.0,0.0,85,0.0,0.0,0.0,one,SR,1
0,4942,1454,0,0,20.9955,4.2514,15.8064,0.0,0.0,2073,1502,0,0,13.33,9.38,0.0,0.0,286,0.0,0.0,0.0,one,SR,1
0,4217,6292,0,0,20.9177,5.7,14.3368,0.0,0.0,2017,1349,0,0,13.25,8.81,0.0,0.0,152,0.0,0.0,0.0,one,SR,1
0,3546,1276,0,0,20.8557,7.3405,12.6941,0.0,0.0,1352,1180,0,0,6.81,8.21,0.0,0.0,4,0.0,0.0,0.0,one,SR,1
0,1435,7962,0,0,20.8559,7.249,12.7823,0.0,0.0,1408,1190,0,0,7.36,8.25,0.0,0.0,12,0.0,0.0,0.0,one,SR,1
0,717,5501,0,0,20.9056,5.7183,14.3075,0.0,0.0,1615,1346,0,0,9.04,8.8,0.0,0.0,150,0.0,0.0,0.0,one,SR,1
0,4577,2088,0,0,20.8461,6.8565,13.1514,0.0,0.0,1605,1228,0,0,9.31,8.38,0.0,0.0,47,0.0,0.0,0.0,one,SR,1
0,2172,6092,144,0,33.3136,8.3345,13.3718,10.4096,0.0,1710,1225,820,0,7.18,6.44,5.54,0.0,167,97.0,9.0,0.0,many,SR,2
0,4263,1048,0,0,20.8543,3.9128,15.9959,0.0,0.0,2160,1522,0,0,14.17,9.46,0.0,0.0,314,0.0,0.0,0.0,one,SR,1
0,4391,8238,0,0,20.686,7.3238,12.546,0.0,0.0,1770,1166,0,0,11.24,8.16,0.0,0.0,2,0.0,0.0,0.0,one,SR,1
0,154,4740,0,0,20.7253,6.0218,13.8407,0.0,0.0,1460,1298,0,0,7.56,8.63,0.0,0.0,119,0.0,0.0,0.0,one,SR,1
0,3487,1414,0,0,20.6891,5.9065,13.9169,0.0,0.0,1642,1306,0,0,9.45,8.66,0.0,0.0,129,0.0,0.0,0.0,one,SR,1
0,2082,6561,0,0,20.7051,5.0808,14.7293,0.0,0.0,2136,1389,0,0,14.37,8.95,0.0,0.0,203,0.0,0.0,0.0,one,SR,1
0,2390,1929,0,0,20.6825,5.2808,14.5145,0.0,0.0,2149,1367,0,0,14.58,8.87,0.0,0.0,185,0.0,0.0,0.0,one,SR,1
0,2792,4252,0,0,20.5565,6.8408,12.8875,0.0,0.0,1472,1200,0,0,8.0,8.28,0.0,0.0,42,0.0,0.0,0.0,one,SR,1
0,2451,7030,0,0,20.5258,7.2452,12.4676,0.0,0.0,1633,1157,0,0,9.83,8.13,0.0,0.0,5,0.0,0.0,0.0,one,SR,1
0,3984,6056,0,0,20.6476,3.6122,16.0859,0.0,0.0,2225,1532,0,0,14.82,9.5,0.0,0.0,337,0.0,0.0,0.0,one,SR,1
0,4590,8089,0,0,20.5007,7.0759,12.6065,0.0,0.0,1588,1172,0,0,9.31,8.18,0.0,0.0,20,0.0,0.0,0.0,one,SR,1
0,3611,9124,0,0,20.5017,6.5818,13.0847,0.0,0.0,1418,1220,0,0,7.37,8.35,0.0,0.0,64,0.0,0.0,0.0,one,SR,1
0,4840,7138,0,0,20.5051,6.2285,13.4286,0.0,0.0,1546,1256,0,0,8.6,8.48,0.0,0.0,96,0.0,0.0,0.0,one,SR,1
0,3438,3117,0,0,20.5538,4.5791,15.0673,0.0,0.0,2077,1424,0,0,13.64,9.07,0.0,0.0,245,0.0,0.0,0.0,one,SR,1
0,3342,7297,0,0,20.4646,6.9247,12.7177,0.0,0.0,1463,1183,0,0,7.96,8.22,0.0,0.0,33,0.0,0.0,0.0,one,SR,1
0,4425,8841,0,0,20.4613,6.4421,13.1804,0.0,0.0,1525,1230,0,0,8.46,8.39,0.0,0.0,76,0.0,0.0,0.0,one,SR,1
0,501,599,0,0,20.4808,5.8886,13.7333,0.0,0.0,1882,1287,0,0,12.03,8.59,0.0,0.0,126,0.0,0.0,0.0,one,SR,1
0,1436,1187,0,0,20.4467,6.3142,13.2898,0.0,0.0,1398,1241,0,0,7.09,8.43,0.0,0.0,87,0.0,0.0,0.0,one,SR,1
0,1258,6246,0,0,20.3865,6.8124,12.7508,0.0,0.0,1827,1186,0,0,11.77,8.23,0.0,0.0,41,0.0,0.0,0.0,one,SR,1
0,1343,2821,0,0,20.3612,6.7403,12.7958,0.0,0.0,1614,1191,0,0,9.52,8.25,0.0,0.0,47,0.0,0.0,0.0,one,SR,1
0,3616,2883,0,0,20.3355,7.0018,12.5186,0.0,0.0,1488,1163,0,0,8.29,8.15,0.0,0.0,23,0.0,0.0,0.0,one,SR,1
0,4406,2378,0,0,20.3429,6.6797,12.8368,0.0,0.0,1582,1195,0,0,9.17,8.26,0.0,0.0,52,0.0,0.0,0.0,one,SR,1
0,3782,4942,0,0,20.3105,7.1513,12.3504,0.0,0.0,1409,1145,0,0,7.52,8.09,0.0,0.0,9,0.0,0.0,0.0,one,SR,1
0,472,4482,0,0,20.4152,3.4854,15.9846,0.0,0.0,3181,1521,0,0,24.89,9.45,0.0,0.0,343,0.0,0.0,0.0,one,SR,1
0,585,3265,0,0,20.2939,6.6687,12.7999,0.0,0.0,1711,1192,0,0,10.54,8.25,0.0,0.0,52,0.0,0.0,0.0,one,SR,1
0,2603,784,0,0,20.3563,4.4954,14.9577,0.0,0.0,1806,1412,0,0,10.83,9.03,0.0,0.0,248,0.0,0.0,0.0,one,SR,1
0,2993,7588,0,0,20.2959,6.0844,13.366,0.0,0.0,1630,1249,0,0,9.51,8.46,0.0,0.0,104,0.0,0.0,0.0,one,SR,1
0,4238,7903,0,0,20.3071,5.5751,13.8681,0.0,0.0,1459,1301,0,0,7.54,8.64,0.0,0.0,150,0.0,0.0,0.0,one,SR,1
0,3338,4799,0,0,20.2565,6.8925,12.5479,0.0,0.0,1884,1166,0,0,12.44,8.16,0.0,0.0,31,0.0,0.0,0.0,one,SR,1
0,1803,8191,0,0,20.3052,5.0755,14.3484,0.0,0.0,1838,1350,0,0,11.37,8.81,0.0,0.0,195,0.0,0.0,0.0,one,SR,1
0,3958,9973,0,0,20.2332,4.7973,14.5475,0.0,0.0,1488,1370,0,0,7.63,8.88,0.0,0.0,218,0.0,0.0,0.0,one,SR,1
0,314,9107,0,0,20.1478,6.8141,12.5186,0.0,0.0,1892,1163,0,0,12.53,8.15,0.0,0.0,36,0.0,0.0,0.0,one,SR,1
0,4374,2059,0,0,20.1615,6.3218,13.0068,0.0,0.0,1691,1213,0,0,10.26,8.33,0.0,0.0,80,0.0,0.0,0.0,one,SR,1
0,4715,6788,0,0,20.2215,4.5668,14.7586,0.0,0.0,1763,1392,0,0,10.45,8.96,0.0,0.0,239,0.0,0.0,0.0,one,SR,1
0,4622,3956,0,0,20.1358,6.1324,13.165,0.0,0.0,1763,1229,0,0,10.97,8.38,0.0,0.0,97,0.0,0.0,0.0,one,SR,1
0,4305,9352,0,0,20.1037,6.9705,12.3252,0.0,0.0,1693,1143,0,0,10.5,8.08,0.0,0.0,21,0.0,0.0,0.0,one,SR,1
0,4434,2063,0,0,20.1631,4.8974,14.3834,0.0,0.0,2175,1353,0,0,14.9,8.82,0.0,0.0,208,0.0,0.0,0.0,one,SR,1
0,2678,3232,0,0,20.0583,7.1698,12.0889,0.0,0.0,1464,1119,0,0,8.18,8.0,0.0,0.0,2,0.0,0.0,0.0,one,SR,1
0,2619,2686,0,0,20.1231,5.2071,14.0457,0.0,0.0,1729,1319,0,0,10.32,8.7,0.0,0.0,179,0.0,0.0,0.0,one,SR,1
0,3188,132,0,0,20.0662,6.5687,12.6767,0.0,0.0,1390,1179,0,0,7.21,8.21,0.0,0.0,56,0.0,0.0,0.0,one,SR,1
0,4463,213,0,0,20.0672,6.0777,13.1514,0.0,0.0,1837,1228,0,0,11.75,8.38,0.0,0.0,100,0.0,0.0,0.0,one,SR,1
0,4600,6487,0,0,20.0281,6.6723,12.54,0.0,0.0,1569,1165,0,0,9.13,8.16,0.0,0.0,46,0.0,0.0,0.0,one,SR,1
0,3649,8365,0,0,20.0409,6.0742,13.1297,0.0,0.0,1308,1225,0,0,6.2,8.37,0.0,0.0,100,0.0,0.0,0.0,one,SR,1
0,4128,5095,0,0,20.0195,6.3601,12.833,0.0,0.0,1798,1195,0,0,11.44,8.26,0.0,0.0,74,0.0,0.0,0.0,one,SR,1
0,3229,6435,0,0,20.0269,6.0437,13.1455,0.0,0.0,1825,1227,0,0,11.62,8.38,0.0,0.0,102,0.0,0.0,0.0,one,SR,1
0,4388,698,0,0,20.004,6.2637,12.9111,0.0,0.0,1497,1203,0,0,8.26,8.29,0.0,0.0,82,0.0,0.0,0.0,one,SR,1
0,273,6142,0,0,20.0247,5.3965,13.7683,0.0,0.0,1561,1290,0,0,8.65,8.6,0.0,0.0,160,0.0,0.0,0.0,one,SR,1
0,4943,1596,0,0,19.9272,6.5511,12.5596,0.0,0.0,1649,1167,0,0,9.97,8.17,0.0,0.0,55,0.0,0.0,0.0,one,SR,1
0,96,3310,0,0,19.9657,4.5621,14.5164,0.0,0.0,1769,1367,0,0,10.59,8.87,0.0,0.0,234,0.0,0.0,0.0,one,SR,1
0,2740,3111,0,0,19.8514,4.9474,14.0341,0.0,0.0,1574,1318,0,0,8.7,8.7,0.0,0.0,197,0.0,0.0,0.0,one,SR,1
0,2057,7651,0,0,19.7999,5.8065,13.1552,0.0,0.0,1735,1228,0,0,10.67,8.38,0.0,0.0,119,0.0,0.0,0.0,one,SR,1
0,3287,3371,0,0,19.8202,5.1913,13.7685,0.0,0.0,1670,1291,0,0,9.79,8.6,0.0,0.0,174,0.0,0.0,0.0,one,SR,1
0,1533,927,0,0,19.7678,6.6087,12.3504,0.0,0.0,1407,1145,0,0,7.49,8.09,0.0,0.0,46,0.0,0.0,0.0,one,SR,1
0,4207,3446,0,0,19.7599,5.9386,12.9892,0.0,0.0,1908,1211,0,0,12.55,8.32,0.0,0.0,106,0.0,0.0,0.0,one,SR,1
0,3568,6920,0,0,19.8129,4.229,14.6902,0.0,0.0,1648,1385,0,0,9.26,8.94,0.0,0.0,260,0.0,0.0,0.0,one,SR,1
0,542,4664,0,0,19.7117,6.3641,12.5322,0.0,0.0,1398,1164,0,0,7.34,8.15,0.0,0.0,67,0.0,0.0,0.0,one,SR,1
0,3239,5178,0,0,19.7377,5.0589,13.8171,0.0,0.0,1651,1295,0,0,9.58,8.62,0.0,0.0,184,0.0,0.0,0.0,one,SR,1
0,4398,375,0,0,19.6709,6.8899,11.9853,0.0,0.0,1251,1108,0,0,5.97,7.96,0.0,0.0,19,0.0,0.0,0.0,one,SR,1
0,3868,55,0,0,19.6204,5.6618,13.1219,0.0,0.0,1395,1224,0,0,7.12,8.37,0.0,0.0,128,0.0,0.0,0.0,one,SR,1
0,1163,9042,0,0,19.6882,3.5128,15.2604,0.0,0.0,2051,1444,0,0,13.3,9.15,0.0,0.0,322,0.0,0.0,0.0,one,SR,1
0,993,9551,0,0,19.5809,5.7596,12.9892,0.0,0.0,1668,1211,0,0,10.03,8.32,0.0,0.0,118,0.0,0.0,0.0,one,SR,1
0,1748,5183,0,0,19.6023,4.9254,13.8152,0.0,0.0,1833,1295,0,0,11.49,8.62,0.0,0.0,193,0.0,0.0,0.0,one,SR,1
0,2811,1741,0,0,19.6038,4.5404,14.1881,0.0,0.0,1746,1333,0,0,10.46,8.75,0.0,0.0,228,0.0,0.0,0.0,one,SR,1
0,2447,7437,5218,0,30.1835,8.6652,10.0276,10.396,0.0,1978,770,808,0,10.92,5.42,5.53,0.0,81,0.0,2.0,0.0,many,SR,2
0,2835,7938,0,0,19.5204,4.8106,13.8466,0.0,0.0,1909,1299,0,0,12.28,8.63,0.0,0.0,202,0.0,0.0,0.0,one,SR,1
0,1140,3182,0,0,19.4166,7.0056,11.6281,0.0,0.0,1828,1072,0,0,12.15,7.83,0.0,0.0,3,0.0,0.0,0.0,one,SR,1
0,1504,5592,0,0,19.3868,6.7329,11.8624,0.0,0.0,1553,1096,0,0,9.18,7.91,0.0,0.0,27,0.0,0.0,0.0,one,SR,1
0,4052,7333,0,0,19.3927,6.0799,12.4988,0.0,0.0,1829,1160,0,0,11.88,8.14,0.0,0.0,85,0.0,0.0,0.0,one,SR,1
0,4752,6060,0,0,19.437,4.5552,14.0126,0.0,0.0,1866,1316,0,0,11.77,8.69,0.0,0.0,223,0.0,0.0,0.0,one,SR,1
0,1732,8963,0,0,19.3578,6.2897,12.2625,0.0,0.0,1360,1136,0,0,7.03,8.06,0.0,0.0,66,0.0,0.0,0.0,one,SR,1
0,900,9870,0,0,19.2796,6.8749,11.6221,0.0,0.0,1942,1071,0,0,13.35,7.83,0.0,0.0,12,0.0,0.0,0.0,one,SR,1
0,1478,1817,0,0,19.2646,6.9389,11.5459,0.0,0.0,1875,1063,0,0,12.67,7.8,0.0,0.0,6,0.0,0.0,0.0,one,SR,1
0,369,4200,0,0,19.2248,6.9479,11.499,0.0,0.0,1619,1058,0,0,10.0,7.78,0.0,0.0,4,0.0,0.0,0.0,one,SR,1
0,2840,7531,0,0,19.2153,5.8411,12.5577,0.0,0.0,1967,1167,0,0,13.3,8.17,0.0,0.0,103,0.0,0.0,0.0,one,SR,1
0,3726,5499,0,0,19.172,5.0269,13.3017,0.0,0.0,1604,1243,0,0,9.25,8.43,0.0,0.0,175,0.0,0.0,0.0,one,SR,1
0,3202,7012,0,0,19.1335,5.4456,12.8604,0.0,0.0,1716,1198,0,0,10.57,8.27,0.0,0.0,137,0.0,0.0,0.0,one,SR,1
0,4973,3159,0,0,19.2027,2.8378,15.4424,0.0,0.0,2250,1463,0,0,15.32,9.22,0.0,0.0,373,0.0,0.0,0.0,one,SR,1
0,2773,3240,0,0,19.0251,6.7241,11.5223,0.0,0.0,1193,1060,0,0,5.52,7.79,0.0,0.0,20,0.0,0.0,0.0,one,SR,1
0,4785,8910,0,0,18.9843,6.3108,11.8817,0.0,0.0,1590,1097,0,0,9.57,7.92,0.0,0.0,56,0.0,0.0,0.0,one,SR,1
0,3133,5519,0,0,19.009,5.6228,12.5693,0.0,0.0,1314,1168,0,0,6.45,8.17,0.0,0.0,118,0.0,0.0,0.0,one,SR,1
0,4588,5207,0,0,19.044,4.4682,13.7175,0.0,0.0,1774,1285,0,0,10.9,8.58,0.0,0.0,222,0.0,0.0,0.0,one,SR,1
0,924,8820,0,0,19.0413,4.2808,13.8955,0.0,0.0,1784,1304,0,0,10.95,8.65,0.0,0.0,239,0.0,0.0,0.0,one,SR,1
0,321,4316,0,0,19.007,5.1332,13.0399,0.0,0.0,1593,1216,0,0,9.22,8.34,0.0,0.0,162,0.0,0.0,0.0,one,SR,1
0,1042,6209,0,0,19.0466,3.4204,14.7312,0.0,0.0,2066,1389,0,0,13.64,8.95,0.0,0.0,316,0.0,0.0,0.0,one,SR,1
0,4356,9481,0,0,18.9418,6.1323,12.0127,0.0,0.0,1907,1111,0,0,12.85,7.97,0.0,0.0,71,0.0,0.0,0.0,one,SR,1
0,2738,1300,0,0,18.939,5.9417,12.1942,0.0,0.0,1774,1129,0,0,11.4,8.03,0.0,0.0,88,0.0,0.0,0.0,one,SR,1
0,3715,1121,0,0,18.9346,5.986,12.1473,0.0,0.0,1799,1124,0,0,11.68,8.01,0.0,0.0,84,0.0,0.0,0.0,one,SR,1
0,4661,2964,0,0,18.9724,4.7988,13.3291,0.0,0.0,1463,1246,0,0,7.76,8.44,0.0,0.0,191,0.0,0.0,0.0,one,SR,1
0,213,5244,0,0,18.946,5.1632,12.9521,0.0,0.0,1510,1207,0,0,8.38,8.31,0.0,0.0,158,0.0,0.0,0.0,one,SR,1
0,4462,4852,0,0,18.9697,4.3794,13.7314,0.0,0.0,1595,1287,0,0,9.02,8.59,0.0,0.0,229,0.0,0.0,0.0,one,SR,1
0,2944,6705,0,0,18.8346,6.6867,11.3742,0.0,0.0,1263,1046,0,0,6.3,7.74,0.0,0.0,19,0.0,0.0,0.0,one,SR,1
0,2696,2106,0,0,18.8372,4.5365,13.452,0.0,0.0,1831,1258,0,0,11.59,8.49,0.0,0.0,212,0.0,0.0,0.0,one,SR,1
0,921,6805,0,0,18.6792,6.1474,11.745,0.0,0.0,1366,1083,0,0,7.26,7.87,0.0,0.0,64,0.0,0.0,0.0,one,SR,1
0,4181,4329,0,0,18.7472,3.8773,14.001,0.0,0.0,1870,1315,0,0,11.82,8.69,0.0,0.0,269,0.0,0.0,0.0,one,SR,1
0,242,1601,0,0,18.776,3.0563,14.8212,0.0,0.0,2121,1399,0,0,14.18,8.99,0.0,0.0,343,0.0,0.0,0.0,one,SR,1
0,1934,1348,0,0,18.6964,5.0958,12.7763,0.0,0.0,2108,1189,0,0,14.72,8.24,0.0,0.0,159,0.0,0.0,0.0,one,SR,1
0,4623,4293,3514,0,30.2524,6.49,11.3043,11.3043,0.0,1809,892,892,0,8.61,5.77,5.77,0.0,266,0.0,0.0,0.0,many,SR,2
0,275,3405,0,0,18.6625,5.4812,12.3719,0.0,0.0,1705,1147,0,0,10.62,8.09,0.0,0.0,123,0.0,0.0,0.0,one,SR,1
0,3080,7242,0,0,18.6855,4.7548,13.0947,0.0,0.0,1587,1222,0,0,9.14,8.36,0.0,0.0,189,0.0,0.0,0.0,one,SR,1
0,4417,6825,0,0,18.6818,4.7188,13.1259,0.0,0.0,1571,1225,0,0,8.96,8.37,0.0,0.0,192,0.0,0.0,0.0,one,SR,1
0,4157,4242,0,0,18.6654,4.6942,13.1338,0.0,0.0,1689,1226,0,0,10.2,8.37,0.0,0.0,194,0.0,0.0,0.0,one,SR,1
0,2095,6071,0,0,18.6248,5.3417,12.4698,0.0,0.0,1617,1158,0,0,9.66,8.13,0.0,0.0,135,0.0,0.0,0.0,one,SR,1
0,4886,5775,0,0,18.568,6.3638,11.4287,0.0,0.0,1134,1051,0,0,4.93,7.76,0.0,0.0,42,0.0,0.0,0.0,one,SR,1
0,1353,2900,0,0,18.5851,5.2862,12.4852,0.0,0.0,1720,1159,0,0,10.74,8.14,0.0,0.0,139,0.0,0.0,0.0,one,SR,1
0,698,7646,0,0,18.5391,6.5208,11.2491,0.0,0.0,1269,1033,0,0,6.4,7.69,0.0,0.0,28,0.0,0.0,0.0,one,SR,1
0,4299,9741,0,0,18.6392,3.3248,14.4304,0.0,0.0,1913,1358,0,0,12.13,8.84,0.0,0.0,316,0.0,0.0,0.0,one,SR,1
0,1495,9755,0,0,18.5413,5.7261,12.0184,0.0,0.0,1400,1111,0,0,7.53,7.97,0.0,0.0,99,0.0,0.0,0.0,one,SR,1
0,3795,6405,0,0,18.5519,4.9836,12.7451,0.0,0.0,1817,1186,0,0,11.67,8.23,0.0,0.0,166,0.0,0.0,0.0,one,SR,1
0,2168,8808,0,0,18.5124,5.1401,12.5558,0.0,0.0,1550,1167,0,0,8.93,8.17,0.0,0.0,151,0.0,0.0,0.0,one,SR,1
0,2302,4646,0,0,18.4982,5.456,12.2373,0.0,0.0,1443,1134,0,0,7.91,8.05,0.0,0.0,122,0.0,0.0,0.0,one,SR,1
0,2335,984,0,0,18.5359,3.766,13.905,0.0,0.0,2045,1304,0,0,13.69,8.65,0.0,0.0,274,0.0,0.0,0.0,one,SR,1
0,1798,8127,0,0,18.4413,5.9557,11.7002,0.0,0.0,1761,1079,0,0,11.42,7.85,0.0,0.0,76,0.0,0.0,0.0,one,SR,1
0,95,2261,0,0,18.4469,5.3276,12.3116,0.0,0.0,1491,1142,0,0,8.39,8.08,0.0,0.0,133,0.0,0.0,0.0,one,SR,1
0,2647,1666,0,0,18.4215,5.5431,12.0792,0.0,0.0,1561,1118,0,0,9.2,7.99,0.0,0.0,113,0.0,0.0,0.0,one,SR,1
0,4438,6239,0,0,18.4326,3.2112,14.3406,0.0,0.0,2025,1349,0,0,13.33,8.81,0.0,0.0,322,0.0,0.0,0.0,one,SR,1
0,4488,5277,0,0,18.3462,5.1118,12.4228,0.0,0.0,1532,1153,0,0,8.78,8.12,0.0,0.0,150,0.0,0.0,0.0,one,SR,1
0,4178,364,0,0,18.3207,5.7724,11.7607,0.0,0.0,1868,1085,0,0,12.53,7.88,0.0,0.0,90,0.0,0.0,0.0,one,SR,1
0,3435,4547,0,0,18.3261,5.5508,11.9796,0.0,0.0,1403,1108,0,0,7.57,7.96,0.0,0.0,110,0.0,0.0,0.0,one,SR,1
0,2029,7904,0,0,18.3939,3.3647,14.155,0.0,0.0,2115,1330,0,0,14.34,8.74,0.0,0.0,307,0.0,0.0,0.0,one,SR,1
0,4768,5469,0,0,18.3197,4.6243,12.868,0.0,0.0,1721,1198,0,0,10.62,8.27,0.0,0.0,193,0.0,0.0,0.0,one,SR,1
0,3751,7863,0,0,18.2682,5.9058,11.5812,0.0,0.0,1140,1067,0,0,4.94,7.81,0.0,0.0,77,0.0,0.0,0.0,one,SR,1
0,3345,9120,0,0,18.2699,5.6123,11.8662,0.0,0.0,1390,1096,0,0,7.47,7.91,0.0,0.0,103,0.0,0.0,0.0,one,SR,1
0,4491,9603,0,0,18.3219,3.9972,13.4753,0.0,0.0,1585,1260,0,0,9.0,8.49,0.0,0.0,249,0.0,0.0,0.0,one,SR,1
0,3716,9783,0,0,18.2846,3.5242,13.8955,0.0,0.0,2091,1304,0,0,14.17,8.65,0.0,0.0,291,0.0,0.0,0.0,one,SR,1
0,2771,633,0,0,18.2111,5.4807,11.9365,0.0,0.0,1754,1103,0,0,11.27,7.94,0.0,0.0,114,0.0,0.0,0.0,one,SR,1
0,2612,7922,0,0,18.2553,4.0457,13.3641,0.0,0.0,1664,1249,0,0,9.86,8.46,0.0,0.0,243,0.0,0.0,0.0,one,SR,1
0,3496,303,0,0,18.1701,6.3257,11.0812,0.0,0.0,1433,1016,0,0,8.18,7.63,0.0,0.0,37,0.0,0.0,0.0,one,SR,1
0,4591,37,0,0,18.2008,5.3446,12.0577,0.0,0.0,1700,1116,0,0,10.66,7.99,0.0,0.0,126,0.0,0.0,0.0,one,SR,1
0,3545,7315,0,0,18.1759,5.9578,11.4423,0.0,0.0,1674,1052,0,0,10.59,7.76,0.0,0.0,70,0.0,0.0,0.0,one,SR,1
0,411,4519,0,0,18.215,4.1736,13.2019,0.0,0.0,2021,1232,0,0,13.66,8.4,0.0,0.0,231,0.0,0.0,0.0,one,SR,1
0,1487,3854,0,0,18.1558,5.4007,11.9601,0.0,0.0,1710,1106,0,0,10.8,7.95,0.0,0.0,120,0.0,0.0,0.0,one,SR,1
0,3934,6913,0,0,18.1789,4.3317,13.0144,0.0,0.0,1652,1213,0,0,9.85,8.33,0.0,0.0,216,0.0,0.0,0.0,one,SR,1
0,1926,7023,0,0,18.0868,6.4511,10.88,0.0,0.0,1578,995,0,0,9.77,7.56,0.0,0.0,24,0.0,0.0,0.0,one,SR,1
0,4813,3150,0,0,18.1632,4.34,12.9911,0.0,0.0,1375,1211,0,0,6.95,8.32,0.0,0.0,215,0.0,0.0,0.0,one,SR,1
0,557,7747,0,0,18.1558,3.8488,13.4579,0.0,0.0,1704,1259,0,0,10.25,8.49,0.0,0.0,259,0.0,0.0,0.0,one,SR,1
0,4593,4026,0,0,18.0997,3.5523,13.6901,0.0,0.0,2380,1282,0,0,17.28,8.57,0.0,0.0,284,0.0,0.0,0.0,one,SR,1
0,2692,7278,0,0,18.085,3.8672,13.3719,0.0,0.0,1769,1250,0,0,10.96,8.46,0.0,0.0,256,0.0,0.0,0.0,one,SR,1
0,4244,5919,0,0,18.0248,4.7234,12.4874,0.0,0.0,1295,1160,0,0,6.27,8.14,0.0,0.0,178,0.0,0.0,0.0,one,SR,1
0,903,4476,0,0,17.9389,6.0641,11.1105,0.0,0.0,1237,1019,0,0,6.11,7.64,0.0,0.0,56,0.0,0.0,0.0,one,SR,1
0,3713,1450,0,0,17.8852,6.2817,10.8488,0.0,0.0,1190,992,0,0,5.7,7.55,0.0,0.0,35,0.0,0.0,0.0,one,SR,1
0,3228,1326,0,0,17.9047,5.3318,11.7843,0.0,0.0,1291,1088,0,0,6.46,7.89,0.0,0.0,121,0.0,0.0,0.0,one,SR,1
0,1239,6690,0,0,17.8582,6.3281,10.7783,0.0,0.0,1088,984,0,0,4.66,7.52,0.0,0.0,30,0.0,0.0,0.0,one,SR,1
0,1365,8567,0,0,17.8412,6.289,10.7997,0.0,0.0,1516,986,0,0,9.15,7.53,0.0,0.0,33,0.0,0.0,0.0,one,SR,1
0,2385,7310,0,0,17.9231,3.9462,13.1395,0.0,0.0,1899,1226,0,0,12.4,8.37,0.0,0.0,245,0.0,0.0,0.0,one,SR,1
0,3374,4010,0,0,17.84,6.1803,10.9033,0.0,0.0,1899,997,0,0,13.13,7.56,0.0,0.0,43,0.0,0.0,0.0,one,SR,1
0,216,2801,0,0,17.8037,6.5747,10.4875,0.0,0.0,1517,955,0,0,9.25,7.42,0.0,0.0,7,0.0,0.0,0.0,one,SR,1
0,980,7184,0,0,17.8517,4.8664,12.1825,0.0,0.0,1312,1128,0,0,6.55,8.03,0.0,0.0,161,0.0,0.0,0.0,one,SR,1
0,1887,6798,2979,0,28.6198,6.9898,10.0154,10.5161,0.0,1273,772,823,0,3.48,5.42,5.56,0.0,198,2.0,4.0,0.0,many,SR,2
0,4478,3167,0,0,17.8676,3.9894,13.044,0.0,0.0,1786,1217,0,0,11.25,8.34,0.0,0.0,240,0.0,0.0,0.0,one,SR,1
0,3214,9984,0,0,17.7802,6.2033,10.8233,0.0,0.0,1325,989,0,0,7.13,7.54,0.0,0.0,40,0.0,0.0,0.0,one,SR,1
0,4243,9936,0,0,17.844,4.4312,12.5948,0.0,0.0,1365,1171,0,0,6.97,8.18,0.0,0.0,200,0.0,0.0,0.0,one,SR,1
0,533,9117,0,0,17.818,4.8998,12.118,0.0,0.0,1462,1121,0,0,8.15,8.0,0.0,0.0,157,0.0,0.0,0.0,one,SR,1
0,1911,3689,0,0,17.7266,5.8626,11.1005,0.0,0.0,1389,1017,0,0,7.71,7.64,0.0,0.0,69,0.0,0.0,0.0,one,SR,1
0,1589,8202,0,0,17.6985,6.2999,10.6513,0.0,0.0,1497,971,0,0,8.99,7.47,0.0,0.0,29,0.0,0.0,0.0,one,SR,1
0,540,6912,0,0,17.7151,4.7602,12.1532,0.0,0.0,1590,1125,0,0,9.48,8.02,0.0,0.0,168,0.0,0.0,0.0,one,SR,1
0,1584,8583,0,0,17.6727,5.4849,11.413,0.0,0.0,1187,1049,0,0,5.49,7.75,0.0,0.0,102,0.0,0.0,0.0,one,SR,1
0,4370,1717,0,0,17.6224,5.9848,10.8819,0.0,0.0,1262,995,0,0,6.45,7.56,0.0,0.0,56,0.0,0.0,0.0,one,SR,1
0,4075,1370,0,0,17.5937,6.4564,10.3993,0.0,0.0,1692,945,0,0,11.12,7.38,0.0,0.0,13,0.0,0.0,0.0,one,SR,1
0,375,8319,0,0,17.6013,6.2407,10.6144,0.0,0.0,1143,968,0,0,5.29,7.46,0.0,0.0,33,0.0,0.0,0.0,one,SR,1
0,2672,1689,0,0,17.6455,4.9961,11.8584,0.0,0.0,1555,1095,0,0,9.21,7.91,0.0,0.0,145,0.0,0.0,0.0,one,SR,1
0,4496,9661,0,0,17.6406,4.6611,12.1768,0.0,0.0,1631,1128,0,0,9.9,8.03,0.0,0.0,175,0.0,0.0,0.0,one,SR,1
0,1526,2515,0,0,17.5691,6.476,10.3565,0.0,0.0,1427,941,0,0,8.35,7.37,0.0,0.0,11,0.0,0.0,0.0,one,SR,1
0,645,4758,0,0,17.6493,4.1417,12.6865,0.0,0.0,1851,1180,0,0,12.05,8.21,0.0,0.0,222,0.0,0.0,0.0,one,SR,1
0,361,815,0,0,17.5155,6.3516,10.4248,0.0,0.0,1309,948,0,0,7.09,7.39,0.0,0.0,21,0.0,0.0,0.0,one,SR,1
0,4735,4699,0,0,17.5618,5.0685,11.7078,0.0,0.0,1580,1079,0,0,9.52,7.85,0.0,0.0,137,0.0,0.0,0.0,one,SR,1
0,4706,9088,0,0,17.5,5.2332,11.4892,0.0,0.0,1285,1057,0,0,6.49,7.78,0.0,0.0,121,0.0,0.0,0.0,one,SR,1
0,1913,9954,3236,0,28.0816,7.0661,9.1717,10.7411,0.0,1224,960,838,0,2.93,5.41,5.62,0.0,195,194.0,0.0,0.0,many,SR,2
0,1593,8220,0,0,17.4473,5.4638,11.2158,0.0,0.0,1341,1029,0,0,7.17,7.68,0.0,0.0,99,0.0,0.0,0.0,one,SR,1
0,3677,1630,0,0,17.4532,4.7595,11.9012,0.0,0.0,1693,1099,0,0,10.64,7.92,0.0,0.0,162,0.0,0.0,0.0,one,SR,1
0,3687,2094,0,0,17.3893,6.4644,10.1943,0.0,0.0,1205,924,0,0,6.08,7.31,0.0,0.0,8,0.0,0.0,0.0,one,SR,1
0,3181,6149,0,0,17.4283,4.799,11.8388,0.0,0.0,1181,1093,0,0,5.29,7.9,0.0,0.0,158,0.0,0.0,0.0,one,SR,1
0,3177,4469,0,0,17.3639,6.1759,10.4481,0.0,0.0,1459,950,0,0,8.66,7.4,0.0,0.0,33,0.0,0.0,0.0,one,SR,1
0,1711,3030,0,0,17.3603,5.7208,10.8838,0.0,0.0,1166,995,0,0,5.44,7.56,0.0,0.0,74,0.0,0.0,0.0,one,SR,1
0,1334,2208,0,0,17.3971,4.1569,12.4285,0.0,0.0,1491,1153,0,0,8.35,8.12,0.0,0.0,215,0.0,0.0,0.0,one,SR,1
0,4461,982,0,0,17.3204,6.2336,10.3505,0.0,0.0,1172,940,0,0,5.68,7.36,0.0,0.0,27,0.0,0.0,0.0,one,SR,1
0,3444,6608,0,0,17.3317,5.8276,10.753,0.0,0.0,1658,982,0,0,10.65,7.51,0.0,0.0,64,0.0,0.0,0.0,one,SR,1
0,2374,4195,0,0,17.3522,5.0348,11.538,0.0,0.0,1189,1062,0,0,5.47,7.79,0.0,0.0,135,0.0,0.0,0.0,one,SR,1
0,4228,3642,0,0,17.3414,4.2689,12.2666,0.0,0.0,1283,1137,0,0,6.22,8.06,0.0,0.0,204,0.0,0.0,0.0,one,SR,1
0,1443,9240,0,0,17.3245,4.6934,11.8407,0.0,0.0,1463,1093,0,0,8.25,7.9,0.0,0.0,165,0.0,0.0,0.0,one,SR,1
0,2686,2745,0,0,17.2855,5.7231,10.8095,0.0,0.0,1191,987,0,0,5.73,7.53,0.0,0.0,72,0.0,0.0,0.0,one,SR,1
0,4153,4432,0,0,17.3085,4.8064,11.716,0.0,0.0,1238,1081,0,0,5.92,7.86,0.0,0.0,155,0.0,0.0,0.0,one,SR,1
0,4230,3619,0,0,17.2725,5.7,10.8192,0.0,0.0,1249,988,0,0,6.34,7.53,0.0,0.0,74,0.0,0.0,0.0,one,SR,1
0,4649,6345,0,0,17.235,6.4593,10.05,0.0,0.0,1131,910,0,0,5.34,7.26,0.0,0.0,5,0.0,0.0,0.0,one,SR,1
0,940,1676,0,0,17.2739,4.2684,12.202,0.0,0.0,1353,1130,0,0,6.98,8.03,0.0,0.0,202,0.0,0.0,0.0,one,SR,1
0,1414,478,0,0,17.2149,5.3408,11.1103,0.0,0.0,1514,1018,0,0,9.02,7.64,0.0,0.0,105,0.0,0.0,0.0,one,SR,1
0,3883,8629,0,0,17.2265,4.9717,11.4775,0.0,0.0,1634,1056,0,0,10.16,7.77,0.0,0.0,138,0.0,0.0,0.0,one,SR,1
0,4221,4037,0,0,17.1962,5.6496,10.794,0.0,0.0,1616,986,0,0,10.2,7.53,0.0,0.0,77,0.0,0.0,0.0,one,SR,1
0,4805,3413,0,0,17.3132,2.3024,14.1374,0.0,0.0,2977,1328,0,0,23.4,8.73,0.0,0.0,379,0.0,0.0,0.0,one,SR,1
0,2736,1283,0,0,17.1618,5.9049,10.5146,0.0,0.0,1193,957,0,0,5.85,7.42,0.0,0.0,53,0.0,0.0,0.0,one,SR,1
0,219,7250,0,0,17.1344,6.3954,10.0147,0.0,0.0,1237,906,0,0,6.47,7.24,0.0,0.0,9,0.0,0.0,0.0,one,SR,1
0,3254,1994,0,0,17.1284,6.0859,10.3076,0.0,0.0,1472,936,0,0,8.84,7.35,0.0,0.0,36,0.0,0.0,0.0,one,SR,1
0,1540,746,0,0,17.1745,4.1,12.2685,0.0,0.0,1430,1137,0,0,7.76,8.06,0.0,0.0,215,0.0,0.0,0.0,one,SR,1
0,2135,3037,0,0,17.1104,5.5089,10.8469,0.0,0.0,2038,992,0,0,14.61,7.55,0.0,0.0,88,0.0,0.0,0.0,one,SR,1
0,1807,8504,0,0,17.1204,4.1491,12.169,0.0,0.0,1698,1127,0,0,10.61,8.02,0.0,0.0,210,0.0,0.0,0.0,one,SR,1
0,3225,6892,0,0,17.0844,4.7423,11.5616,0.0,0.0,1598,1065,0,0,9.75,7.8,0.0,0.0,156,0.0,0.0,0.0,one,SR,1
0,2195,3069,0,0,17.0728,4.6947,11.5966,0.0,0.0,1635,1068,0,0,10.13,7.82,0.0,0.0,160,0.0,0.0,0.0,one,SR,1
0,316,6654,0,0,16.9803,6.4576,9.8058,0.0,0.0,1111,885,0,0,5.21,7.17,0.0,0.0,0,0.0,0.0,0.0,one,SR,1
0,2579,8972,0,0,17.0449,4.2601,11.9891,0.0,0.0,2207,1108,0,0,16.01,7.96,0.0,0.0,198,0.0,0.0,0.0,one,SR,1
0,2400,8633,0,0,16.9646,5.936,10.2941,0.0,0.0,1110,935,0,0,5.04,7.35,0.0,0.0,46,0.0,0.0,0.0,one,SR,1
0,2831,6988,896,0,28.5503,4.7979,11.1606,11.4372,0.0,2580,879,914,0,16.7,5.73,5.81,0.0,382,0.0,6.0,0.0,many,SR,2
0,3057,8797,0,0,17.0591,2.6472,13.5594,0.0,0.0,2775,1269,0,0,21.46,8.53,0.0,0.0,343,0.0,0.0,0.0,one,SR,1
0,395,2143,0,0,17.0258,3.5182,12.6865,0.0,0.0,1686,1180,0,0,10.31,8.21,0.0,0.0,264,0.0,0.0,0.0,one,SR,1
0,4719,902,0,0,16.9583,4.8995,11.2882,0.0,0.0,1522,1037,0,0,9.05,7.71,0.0,0.0,139,0.0,0.0,0.0,one,SR,1
0,3271,1364,0,0,16.9261,5.0804,11.0829,0.0,0.0,1377,1015,0,0,7.59,7.63,0.0,0.0,122,0.0,0.0,0.0,one,SR,1
0,992,3336,0,0,16.9551,4.2209,11.9403,0.0,0.0,1560,1103,0,0,9.23,7.94,0.0,0.0,200,0.0,0.0,0.0,one,SR,1
0,4187,7258,0,0,16.8795,5.307,10.8192,0.0,0.0,1246,988,0,0,6.3,7.53,0.0,0.0,101,0.0,0.0,0.0,one,SR,1
0,99,5868,0,0,16.8652,5.1808,10.9269,0.0,0.0,1279,1000,0,0,6.61,7.58,0.0,0.0,112,0.0,0.0,0.0,one,SR,1
0,3914,9542,0,0,16.8534,5.4852,10.622,0.0,0.0,1486,968,0,0,8.89,7.46,0.0,0.0,84,0.0,0.0,0.0,one,SR,1
0,3839,8626,0,0,16.8376,4.6391,11.423,0.0,0.0,1602,1051,0,0,9.84,7.76,0.0,0.0,160,0.0,0.0,0.0,one,SR,1
0,3770,9908,0,0,16.8212,4.6113,11.4344,0.0,0.0,1825,1051,0,0,12.18,7.76,0.0,0.0,162,0.0,0.0,0.0,one,SR,1
0,4300,788,0,0,16.822,4.4438,11.5966,0.0,0.0,1594,1068,0,0,9.7,7.82,0.0,0.0,177,0.0,0.0,0.0,one,SR,1
0,1146,72,0,0,16.7986,4.9845,11.0519,0.0,0.0,1399,1013,0,0,7.83,7.62,0.0,0.0,128,0.0,0.0,0.0,one,SR,1
0,2094,4398,0,0,16.8051,4.0912,11.9208,0.0,0.0,1628,1101,0,0,9.96,7.93,0.0,0.0,208,0.0,0.0,0.0,one,SR,1
0,4627,1681,0,0,16.7096,6.2394,9.7551,0.0,0.0,1543,880,0,0,9.77,7.15,0.0,0.0,14,0.0,0.0,0.0,one,SR,1
0,4160,9994,0,0,16.7211,5.1543,10.8135,0.0,0.0,1645,988,0,0,10.49,7.53,0.0,0.0,111,0.0,0.0,0.0,one,SR,1
0,990,68,0,0,16.6984,5.47,10.4872,0.0,0.0,1338,954,0,0,7.38,7.41,0.0,0.0,82,0.0,0.0,0.0,one,SR,1
0,2592,8551,0,0,16.6559,6.1534,9.7863,0.0,0.0,1136,883,0,0,5.48,7.16,0.0,0.0,20,0.0,0.0,0.0,one,SR,1
0,1766,4016,0,0,16.6699,5.6312,10.3038,0.0,0.0,1629,936,0,0,10.49,7.35,0.0,0.0,67,0.0,0.0,0.0,one,SR,1
0,3059,8663,0,0,16.6376,5.4028,10.4932,0.0,0.0,1810,955,0,0,12.33,7.42,0.0,0.0,87,0.0,0.0,0.0,one,SR,1
0,3176,6615,0,0,16.6277,5.4271,10.4601,0.0,0.0,1261,952,0,0,6.58,7.41,0.0,0.0,85,0.0,0.0,0.0,one,SR,1
0,4701,9236,0,0,16.5862,5.8125,10.0481,0.0,0.0,1238,910,0,0,6.47,7.26,0.0,0.0,49,0.0,0.0,0.0,one,SR,1
0,352,1293,0,0,16.6886,2.8388,13.0166,0.0,0.0,2050,1214,0,0,14.03,8.33,0.0,0.0,318,0.0,0.0,0.0,one,SR,1
0,1973,1984,0,0,16.5889,5.2586,10.5851,0.0,0.0,1266,965,0,0,6.59,7.45,0.0,0.0,99,0.0,0.0,0.0,one,SR,1
0,1424,5100,0,0,16.5761,5.3856,10.4503,0.0,0.0,1346,951,0,0,7.47,7.4,0.0,0.0,87,0.0,0.0,0.0,one,SR,1
0,2897,5453,0,0,16.6085,3.5885,12.2159,0.0,0.0,1598,1132,0,0,9.54,8.04,0.0,0.0,249,0.0,0.0,0.0,one,SR,1
0,1994,236,0,0,16.541,4.8894,10.8954,0.0,0.0,1385,996,0,0,7.74,7.56,0.0,0.0,131,0.0,0.0,0.0,one,SR,1
0,4078,1832,0,0,16.5621,4.1915,11.589,0.0,0.0,1580,1068,0,0,9.56,7.82,0.0,0.0,194,0.0,0.0,0.0,one,SR,1
0,3258,2890,0,0,16.5194,5.3529,10.427,0.0,0.0,1970,949,0,0,14.03,7.39,0.0,0.0,89,0.0,0.0,0.0,one,SR,1
0,2876,3910,0,0,16.538,4.1092,11.6454,0.0,0.0,1507,1073,0,0,8.77,7.83,0.0,0.0,201,0.0,0.0,0.0,one,SR,1
0,933,9595,0,0,16.5276,3.7283,12.0029,0.0,0.0,1615,1110,0,0,9.79,7.96,0.0,0.0,235,0.0,0.0,0.0,one,SR,1
0,2546,9193,0,0,16.46,4.8446,10.8604,0.0,0.0,1581,993,0,0,9.81,7.55,0.0,0.0,133,0.0,0.0,0.0,one,SR,1
0,21,4179,0,0,16.453,4.6655,11.0264,0.0,0.0,1272,1010,0,0,6.51,7.61,0.0,0.0,149,0.0,0.0,0.0,one,SR,1
0,2475,4296,0,0,16.3866,6.1598,9.5205,0.0,0.0,1081,855,0,0,4.99,7.06,0.0,0.0,14,0.0,0.0,0.0,one,SR,1
0,3852,4104,0,0,16.4364,4.1797,11.4794,0.0,0.0,1631,1056,0,0,10.13,7.77,0.0,0.0,192,0.0,0.0,0.0,one,SR,1
0,4087,9808,0,0,16.4275,4.4073,11.251,0.0,0.0,1686,1033,0,0,10.78,7.69,0.0,0.0,172,0.0,0.0,0.0,one,SR,1
0,4081,137,0,0,16.363,5.8846,9.763,0.0,0.0,1174,881,0,0,5.89,7.15,0.0,0.0,38,0.0,0.0,0.0,one,SR,1
0,3350,7579,0,0,16.3618,5.4951,10.1378,0.0,0.0,1098,919,0,0,4.97,7.29,0.0,0.0,73,0.0,0.0,0.0,one,SR,1
0,2386,5492,0,0,16.3836,4.6081,11.0148,0.0,0.0,1437,1009,0,0,8.24,7.61,0.0,0.0,153,0.0,0.0,0.0,one,SR,1
0,769,7750,0,0,16.3533,3.2687,12.2783,0.0,0.0,1930,1138,0,0,13.01,8.06,0.0,0.0,272,0.0,0.0,0.0,one,SR,1
0,2063,6547,0,0,16.2865,5.0094,10.5341,0.0,0.0,1261,959,0,0,6.55,7.43,0.0,0.0,115,0.0,0.0,0.0,one,SR,1
0,3086,5493,0,0,16.2476,5.79,9.7432,0.0,0.0,1095,878,0,0,5.07,7.14,0.0,0.0,44,0.0,0.0,0.0,one,SR,1
0,2301,2639,0,0,16.2492,5.5912,9.9366,0.0,0.0,1313,898,0,0,7.29,7.21,0.0,0.0,62,0.0,0.0,0.0,one,SR,1
0,953,9749,0,0,16.266,4.8371,10.6806,0.0,0.0,1578,974,0,0,9.83,7.48,0.0,0.0,130,0.0,0.0,0.0,one,SR,1
0,1136,6782,0,0,16.1472,6.1342,9.3138,0.0,0.0,1175,835,0,0,6.04,6.99,0.0,0.0,11,0.0,0.0,0.0,one,SR,1
0,3779,8671,0,0,16.1785,3.8629,11.5361,0.0,0.0,1507,1062,0,0,8.81,7.79,0.0,0.0,215,0.0,0.0,0.0,one,SR,1
0,4780,3699,0,0,16.0934,5.911,9.4776,0.0,0.0,1819,851,0,0,12.76,7.05,0.0,0.0,30,0.0,0.0,0.0,one,SR,1
0,1244,2370,0,0,16.0951,3.9111,11.4092,0.0,0.0,1719,1049,0,0,11.08,7.75,0.0,0.0,209,0.0,0.0,0.0,one,SR,1
0,612,6448,0,0,16.0309,5.4715,9.8411,0.0,0.0,1246,889,0,0,6.62,7.18,0.0,0.0,68,0.0,0.0,0.0,one,SR,1
0,3026,5155,0,0,15.9846,5.8098,9.47,0.0,0.0,1112,851,0,0,5.33,7.05,0.0,0.0,37,0.0,0.0,0.0,one,SR,1
0,53,8146,0,0,15.993,4.5641,10.6806,0.0,0.0,2138,974,0,0,15.71,7.48,0.0,0.0,148,0.0,0.0,0.0,one,SR,1
0,283,3552,0,0,15.9172,5.1738,10.0188,0.0,0.0,1488,907,0,0,9.1,7.25,0.0,0.0,92,0.0,0.0,0.0,one,SR,1
0,298,6072,0,0,15.914,5.1207,10.0673,0.0,0.0,2239,911,0,0,16.98,7.26,0.0,0.0,97,0.0,0.0,0.0,one,SR,1
0,2435,6221,0,0,15.8821,5.7256,9.4524,0.0,0.0,1201,849,0,0,6.27,7.04,0.0,0.0,42,0.0,0.0,0.0,one,SR,1
0,1290,4917,0,0,15.8612,5.1381,9.9992,0.0,0.0,1255,905,0,0,6.66,7.24,0.0,0.0,94,0.0,0.0,0.0,one,SR,1
0,2232,47,0,0,15.9134,3.4315,11.6964,0.0,0.0,1837,1079,0,0,12.22,7.85,0.0,0.0,248,0.0,0.0,0.0,one,SR,1
0,1030,718,0,0,15.7825,5.922,9.167,0.0,0.0,1378,819,0,0,8.23,6.94,0.0,0.0,22,0.0,0.0,0.0,one,SR,1
0,4825,2749,0,0,15.8238,4.5303,10.5499,0.0,0.0,1322,961,0,0,7.19,7.44,0.0,0.0,148,0.0,0.0,0.0,one,SR,1
0,2080,8017,0,0,15.7843,4.774,10.2764,0.0,0.0,1914,933,0,0,13.49,7.34,0.0,0.0,125,0.0,0.0,0.0,one,SR,1
0,2269,6151,0,0,15.7883,4.6181,10.4308,0.0,0.0,1228,949,0,0,6.24,7.39,0.0,0.0,139,0.0,0.0,0.0,one,SR,1
0,3485,4437,0,0,15.7456,5.751,9.2961,0.0,0.0,1126,833,0,0,5.54,6.98,0.0,0.0,37,0.0,0.0,0.0,one,SR,1
0,190,3219,0,0,15.717,5.7287,9.2902,0.0,0.0,1918,832,0,0,13.86,6.98,0.0,0.0,38,0.0,0.0,0.0,one,SR,1
0,3924,2501,0,0,15.6979,5.1999,9.7822,0.0,0.0,1152,882,0,0,5.65,7.16,0.0,0.0,85,0.0,0.0,0.0,one,SR,1
0,3976,2741,0,0,15.6473,5.9176,9.0404,0.0,0.0,1394,807,0,0,8.43,6.89,0.0,0.0,20,0.0,0.0,0.0,one,SR,1
0,2775,6162,0,0,15.65,4.1439,10.7549,0.0,0.0,2047,982,0,0,14.73,7.51,0.0,0.0,179,0.0,0.0,0.0,one,SR,1
0,4569,2309,0,0,15.5826,5.9345,8.962,0.0,0.0,1201,798,0,0,6.44,6.86,0.0,0.0,17,0.0,0.0,0.0,one,SR,1
0,564,6692,0,0,15.6186,4.5697,10.3136,0.0,0.0,1448,937,0,0,8.59,7.35,0.0,0.0,140,0.0,0.0,0.0,one,SR,1
0,3384,6833,0,0,15.5705,5.8168,9.0637,0.0,0.0,1298,809,0,0,7.42,6.9,0.0,0.0,27,0.0,0.0,0.0,one,SR,1
0,2744,843,0,0,15.5812,5.5063,9.374,0.0,0.0,1510,840,0,0,9.55,7.01,0.0,0.0,55,0.0,0.0,0.0,one,SR,1
0,4314,9746,0,0,15.5632,4.8261,10.0128,0.0,0.0,1154,906,0,0,5.6,7.24,0.0,0.0,116,0.0,0.0,0.0,one,SR,1
0,2838,8280,0,0,15.5765,4.0546,10.7704,0.0,0.0,1630,983,0,0,10.35,7.51,0.0,0.0,185,0.0,0.0,0.0,one,SR,1
0,559,9340,0,0,15.4551,6.0031,8.7726,0.0,0.0,1192,779,0,0,6.4,6.79,0.0,0.0,8,0.0,0.0,0.0,one,SR,1
0,686,3422,0,0,15.4472,6.0743,8.6964,0.0,0.0,1070,771,0,0,5.15,6.77,0.0,0.0,1,0.0,0.0,0.0,one,SR,1
0,4281,886,0,0,15.4457,5.5504,9.2004,0.0,0.0,1070,823,0,0,4.98,6.95,0.0,0.0,48,0.0,0.0,0.0,one,SR,1
0,4758,6010,0,0,15.4613,4.556,10.175,0.0,0.0,1630,923,0,0,10.54,7.3,0.0,0.0,138,0.0,0.0,0.0,one,SR,1
0,4219,4500,0,0,15.3918,5.6179,9.0832,0.0,0.0,1248,811,0,0,6.89,6.91,0.0,0.0,41,0.0,0.0,0.0,one,SR,1
0,1376,1167,0,0,15.4368,4.3678,10.3331,0.0,0.0,1224,939,0,0,6.23,7.36,0.0,0.0,154,0.0,0.0,0.0,one,SR,1
0,4415,8044,0,0,15.3599,5.5784,9.0908,0.0,0.0,1249,811,0,0,6.9,6.91,0.0,0.0,44,0.0,0.0,0.0,one,SR,1
0,4457,238,0,0,15.3295,5.7396,8.9055,0.0,0.0,1293,793,0,0,7.42,6.84,0.0,0.0,29,0.0,0.0,0.0,one,SR,1
0,1199,6192,0,0,15.2884,5.9534,8.6595,0.0,0.0,1282,768,0,0,7.38,6.75,0.0,0.0,9,0.0,0.0,0.0,one,SR,1
0,621,8449,0,0,15.2338,5.6844,8.8665,0.0,0.0,1625,789,0,0,10.92,6.83,0.0,0.0,32,0.0,0.0,0.0,one,SR,1
0,2985,1008,0,0,15.1825,5.5585,8.9386,0.0,0.0,1197,796,0,0,6.4,6.85,0.0,0.0,42,0.0,0.0,0.0,one,SR,1
0,3159,9916,0,0,15.1853,5.4095,9.0851,0.0,0.0,1273,811,0,0,7.15,6.91,0.0,0.0,55,0.0,0.0,0.0,one,SR,1
0,727,9750,0,0,15.1619,5.641,8.8391,0.0,0.0,1450,786,0,0,9.09,6.82,0.0,0.0,34,0.0,0.0,0.0,one,SR,1
0,4330,7490,0,0,15.1705,5.1316,9.339,0.0,0.0,1546,837,0,0,9.93,7.0,0.0,0.0,80,0.0,0.0,0.0,one,SR,1
0,196,6205,0,0,15.1764,4.3141,10.1338,0.0,0.0,1330,918,0,0,7.41,7.29,0.0,0.0,153,0.0,0.0,0.0,one,SR,1
0,2654,9288,0,0,15.1943,3.7047,10.7392,0.0,0.0,1488,980,0,0,8.87,7.5,0.0,0.0,208,0.0,0.0,0.0,one,SR,1
0,4606,7803,0,0,15.1973,3.4041,11.0321,0.0,0.0,1785,1010,0,0,11.89,7.61,0.0,0.0,235,0.0,0.0,0.0,one,SR,1
0,2205,3289,0,0,15.1336,4.9272,9.5009,0.0,0.0,1172,853,0,0,5.96,7.06,0.0,0.0,97,0.0,0.0,0.0,one,SR,1
0,4912,2609,0,0,15.1024,4.9825,9.4171,0.0,0.0,1371,845,0,0,8.07,7.03,0.0,0.0,92,0.0,0.0,0.0,one,SR,1
0,1503,3994,0,0,15.1319,3.8908,10.4991,0.0,0.0,1570,956,0,0,9.81,7.42,0.0,0.0,190,0.0,0.0,0.0,one,SR,1
0,1611,7350,0,0,15.0463,4.1537,10.1631,0.0,0.0,2016,921,0,0,14.6,7.3,0.0,0.0,165,0.0,0.0,0.0,one,SR,1
0,57,8073,0,0,15.0297,4.139,10.1612,0.0,0.0,1260,921,0,0,6.66,7.3,0.0,0.0,166,0.0,0.0,0.0,one,SR,1
0,4115,7398,0,0,14.9667,5.8081,8.4895,0.0,0.0,1281,750,0,0,7.43,6.69,0.0,0.0,15,0.0,0.0,0.0,one,SR,1
0,1391,8376,0,0,15.0055,4.5663,9.7255,0.0,0.0,1178,876,0,0,5.95,7.14,0.0,0.0,127,0.0,0.0,0.0,one,SR,1
0,1305,5145,0,0,14.9721,5.2829,9.0013,0.0,0.0,1403,803,0,0,8.54,6.88,0.0,0.0,62,0.0,0.0,0.0,one,SR,1
0,1260,4312,0,0,15.0212,3.8737,10.4091,0.0,0.0,1351,946,0,0,7.54,7.38,0.0,0.0,189,0.0,0.0,0.0,one,SR,1
0,2054,8589,0,0,14.9717,4.3421,9.9092,0.0,0.0,1550,895,0,0,9.79,7.2,0.0,0.0,146,0.0,0.0,0.0,one,SR,1
0,1387,5159,0,0,14.8405,5.1494,9.0032,0.0,0.0,1181,803,0,0,6.21,6.88,0.0,0.0,71,0.0,0.0,0.0,one,SR,1
0,1061,2139,0,0,14.7954,5.5964,8.5285,0.0,0.0,1852,754,0,0,13.41,6.71,0.0,0.0,30,0.0,0.0,0.0,one,SR,1
0,4155,8825,0,0,14.7635,5.2793,8.8038,0.0,0.0,1291,782,0,0,7.43,6.8,0.0,0.0,58,0.0,0.0,0.0,one,SR,1
0,897,1367,0,0,14.7393,4.8806,9.1651,0.0,0.0,1757,819,0,0,12.21,6.94,0.0,0.0,93,0.0,0.0,0.0,one,SR,1
0,2079,2612,0,0,14.8093,2.8138,11.2275,0.0,0.0,1820,1030,0,0,12.2,7.68,0.0,0.0,280,0.0,0.0,0.0,one,SR,1
0,2004,7299,0,0,14.6963,5.2304,8.7862,0.0,0.0,1177,780,0,0,6.24,6.8,0.0,0.0,61,0.0,0.0,0.0,one,SR,1
0,1231,7351,0,0,14.6793,5.5265,8.4838,0.0,0.0,1386,750,0,0,8.53,6.69,0.0,0.0,34,0.0,0.0,0.0,one,SR,1
0,2320,6271,0,0,14.6796,5.5065,8.5033,0.0,0.0,1549,752,0,0,10.24,6.7,0.0,0.0,36,0.0,0.0,0.0,one,SR,1
0,1834,1238,0,0,14.6554,4.7986,9.1632,0.0,0.0,1682,819,0,0,11.42,6.94,0.0,0.0,99,0.0,0.0,0.0,one,SR,1
0,2995,2471,0,0,14.6545,4.3689,9.5772,0.0,0.0,1541,861,0,0,9.81,7.08,0.0,0.0,137,0.0,0.0,0.0,one,SR,1
0,636,5926,0,0,14.6916,2.7524,11.1729,0.0,0.0,1742,1025,0,0,11.39,7.66,0.0,0.0,283,0.0,0.0,0.0,one,SR,1
0,4841,2447,0,0,14.5735,5.3764,8.5266,0.0,0.0,1352,754,0,0,8.16,6.71,0.0,0.0,45,0.0,0.0,0.0,one,SR,1
0,2750,7197,0,0,14.6135,3.6336,10.2472,0.0,0.0,1438,930,0,0,8.5,7.33,0.0,0.0,202,0.0,0.0,0.0,one,SR,1
0,4297,3003,0,0,14.5267,5.7261,8.1439,0.0,0.0,1528,715,0,0,10.13,6.57,0.0,0.0,13,0.0,0.0,0.0,one,SR,1
0,4095,6256,0,0,14.5632,4.6274,9.2395,0.0,0.0,1850,827,0,0,13.16,6.96,0.0,0.0,112,0.0,0.0,0.0,one,SR,1
0,2975,6870,0,0,14.5672,3.8143,10.0283,0.0,0.0,1405,907,0,0,8.23,7.25,0.0,0.0,185,0.0,0.0,0.0,one,SR,1
0,4148,162,0,0,14.5836,3.3165,10.5244,0.0,0.0,1511,958,0,0,9.18,7.43,0.0,0.0,230,0.0,0.0,0.0,one,SR,1
0,3341,1952,0,0,14.5304,4.6009,9.2335,0.0,0.0,1323,826,0,0,7.63,6.96,0.0,0.0,114,0.0,0.0,0.0,one,SR,1
0,1114,3012,0,0,14.4941,5.5461,8.2863,0.0,0.0,1284,729,0,0,7.53,6.62,0.0,0.0,28,0.0,0.0,0.0,one,SR,1
0,1100,8350,0,0,14.5324,4.3158,9.5107,0.0,0.0,1688,854,0,0,11.37,7.06,0.0,0.0,139,0.0,0.0,0.0,one,SR,1
0,3796,3499,0,0,14.4912,4.9336,8.8744,0.0,0.0,1187,790,0,0,6.31,6.83,0.0,0.0,83,0.0,0.0,0.0,one,SR,1
0,907,6508,0,0,14.469,4.9929,8.796,0.0,0.0,1707,781,0,0,11.8,6.8,0.0,0.0,77,0.0,0.0,0.0,one,SR,1
0,1812,4960,0,0,14.4321,5.2899,8.4737,0.0,0.0,1099,748,0,0,5.52,6.68,0.0,0.0,50,0.0,0.0,0.0,one,SR,1
0,1474,2777,0,0,14.3878,4.1852,9.4971,0.0,0.0,1607,853,0,0,10.52,7.06,0.0,0.0,148,0.0,0.0,0.0,one,SR,1
0,2833,4031,0,0,14.3666,3.9571,9.6965,0.0,0.0,1620,874,0,0,10.59,7.13,0.0,0.0,168,0.0,0.0,0.0,one,SR,1
0,678,852,0,0,14.3543,3.3282,10.2919,0.0,0.0,1533,934,0,0,9.49,7.34,0.0,0.0,224,0.0,0.0,0.0,one,SR,1
0,2417,2800,0,0,14.3052,3.8755,9.716,0.0,0.0,1465,876,0,0,8.96,7.14,0.0,0.0,174,0.0,0.0,0.0,one,SR,1
0,4102,3676,0,0,14.2997,3.8883,9.6984,0.0,0.0,1844,874,0,0,12.95,7.13,0.0,0.0,173,0.0,0.0,0.0,one,SR,1
0,4642,7106,0,0,14.2647,4.5742,9.0029,0.0,0.0,1270,802,0,0,7.15,6.88,0.0,0.0,110,0.0,0.0,0.0,one,SR,1
0,249,6840,0,0,14.263,4.4486,9.1223,0.0,0.0,1414,815,0,0,8.62,6.92,0.0,0.0,122,0.0,0.0,0.0,one,SR,1
0,1876,180,0,0,14.2122,5.0884,8.4561,0.0,0.0,1223,746,0,0,6.83,6.68,0.0,0.0,63,0.0,0.0,0.0,one,SR,1
0,3679,7217,0,0,14.2132,4.937,8.6028,0.0,0.0,1850,762,0,0,13.36,6.73,0.0,0.0,77,0.0,0.0,0.0,one,SR,1
0,728,1778,0,0,14.249,3.5018,10.0226,0.0,0.0,1442,907,0,0,8.62,7.25,0.0,0.0,206,0.0,0.0,0.0,one,SR,1
0,1113,8967,0,0,14.1836,4.9276,8.5833,0.0,0.0,1468,760,0,0,9.36,6.73,0.0,0.0,77,0.0,0.0,0.0,one,SR,1
0,424,2066,0,0,14.17,5.1348,8.3704,0.0,0.0,1281,738,0,0,7.47,6.65,0.0,0.0,58,0.0,0.0,0.0,one,SR,1
0,2398,5841,0,0,14.1872,3.5576,9.9092,0.0,0.0,2135,895,0,0,15.93,7.2,0.0,0.0,200,0.0,0.0,0.0,one,SR,1
0,1193,5515,0,0,14.0827,5.2157,8.2082,0.0,0.0,1316,721,0,0,7.89,6.59,0.0,0.0,49,0.0,0.0,0.0,one,SR,1
0,4053,153,0,0,14.0833,4.5946,8.8079,0.0,0.0,1546,783,0,0,10.11,6.81,0.0,0.0,105,0.0,0.0,0.0,one,SR,1
0,98,1162,0,0,14.1069,3.8208,9.5774,0.0,0.0,1854,862,0,0,13.09,7.09,0.0,0.0,175,0.0,0.0,0.0,one,SR,1
0,4679,7848,0,0,14.0712,4.7261,8.6693,0.0,0.0,1280,769,0,0,7.36,6.76,0.0,0.0,93,0.0,0.0,0.0,one,SR,1
0,66,6544,0,0,14.0396,4.6363,8.7257,0.0,0.0,1606,774,0,0,10.76,6.78,0.0,0.0,100,0.0,0.0,0.0,one,SR,1
0,1559,9569,0,0,14.0265,4.8135,8.5421,0.0,0.0,1502,755,0,0,9.73,6.71,0.0,0.0,84,0.0,0.0,0.0,one,SR,1
0,2241,3848,0,0,13.9949,4.8686,8.4583,0.0,0.0,1317,747,0,0,7.82,6.68,0.0,0.0,78,0.0,0.0,0.0,one,SR,1
0,4522,7492,0,0,13.9878,4.4162,8.8879,0.0,0.0,1689,791,0,0,11.58,6.84,0.0,0.0,119,0.0,0.0,0.0,one,SR,1
0,3280,5474,0,0,13.9818,3.9878,9.2959,0.0,0.0,1550,832,0,0,9.99,6.98,0.0,0.0,157,0.0,0.0,0.0,one,SR,1
0,880,3457,0,0,13.9044,3.6897,9.5088,0.0,0.0,2016,854,0,0,14.81,7.06,0.0,0.0,182,0.0,0.0,0.0,one,SR,1
0,4653,8292,0,0,13.8801,3.7622,9.4152,0.0,0.0,2007,845,0,0,14.75,7.03,0.0,0.0,175,0.0,0.0,0.0,one,SR,1
0,1279,2246,0,0,13.8238,4.4767,8.6712,0.0,0.0,1128,769,0,0,5.76,6.76,0.0,0.0,110,0.0,0.0,0.0,one,SR,1
0,1821,4821,0,0,13.7947,4.8139,8.3177,0.0,0.0,1160,733,0,0,6.21,6.63,0.0,0.0,79,0.0,0.0,0.0,one,SR,1
0,87,6333,0,0,13.751,4.7499,8.3373,0.0,0.0,1242,735,0,0,7.07,6.64,0.0,0.0,84,0.0,0.0,0.0,one,SR,1
0,2274,2542,0,0,13.7067,4.2003,8.8253,0.0,0.0,1226,784,0,0,6.74,6.81,0.0,0.0,132,0.0,0.0,0.0,one,SR,1
0,516,8047,0,0,13.6817,4.1911,8.8098,0.0,0.0,1273,783,0,0,7.24,6.81,0.0,0.0,132,0.0,0.0,0.0,one,SR,1
0,1784,5628,0,0,13.6213,4.7808,8.1827,0.0,0.0,1332,718,0,0,8.07,6.58,0.0,0.0,78,0.0,0.0,0.0,one,SR,1
0,2244,1181,0,0,13.6438,3.7004,9.2471,0.0,0.0,1596,827,0,0,10.49,6.96,0.0,0.0,175,0.0,0.0,0.0,one,SR,1
0,1794,4124,0,0,13.5949,4.2093,8.7083,0.0,0.0,1552,773,0,0,10.2,6.77,0.0,0.0,129,0.0,0.0,0.0,one,SR,1
0,3717,6857,0,0,13.6373,2.6839,10.2217,0.0,0.0,1598,927,0,0,10.19,7.32,0.0,0.0,266,0.0,0.0,0.0,one,SR,1
0,1358,1652,0,0,13.593,3.6837,9.214,0.0,0.0,1503,824,0,0,9.52,6.95,0.0,0.0,176,0.0,0.0,0.0,one,SR,1
0,2033,2988,0,0,13.5592,4.3342,8.5537,0.0,0.0,1185,756,0,0,6.4,6.71,0.0,0.0,117,0.0,0.0,0.0,one,SR,1
0,1961,2255,0,0,13.5679,4.0653,8.8215,0.0,0.0,1347,784,0,0,8.01,6.81,0.0,0.0,141,0.0,0.0,0.0,one,SR,1
0,2211,6210,0,0,13.4981,4.4546,8.3782,0.0,0.0,1490,739,0,0,9.66,6.65,0.0,0.0,105,0.0,0.0,0.0,one,SR,1
0,1188,2911,0,0,13.4548,3.8365,8.9329,0.0,0.0,1594,796,0,0,10.57,6.85,0.0,0.0,159,0.0,0.0,0.0,one,SR,1
0,2863,5575,0,0,13.4552,2.5866,10.1397,0.0,0.0,1689,919,0,0,11.17,7.29,0.0,0.0,271,0.0,0.0,0.0,one,SR,1
0,485,7746,0,0,13.3673,4.0993,8.595,0.0,0.0,1303,761,0,0,7.62,6.73,0.0,0.0,134,0.0,0.0,0.0,one,SR,1
0,1098,9284,0,0,13.3614,3.7741,8.9034,0.0,0.0,1278,792,0,0,7.26,6.84,0.0,0.0,163,0.0,0.0,0.0,one,SR,1
0,2061,8293,0,0,13.3945,2.4835,10.1807,0.0,0.0,1864,923,0,0,13.0,7.3,0.0,0.0,279,0.0,0.0,0.0,one,SR,1
0,4379,949,0,0,13.3175,3.8105,8.8255,0.0,0.0,1683,785,0,0,11.54,6.81,0.0,0.0,159,0.0,0.0,0.0,one,SR,1
0,4173,2629,0,0,13.293,4.3165,8.3137,0.0,0.0,1247,732,0,0,7.13,6.63,0.0,0.0,113,0.0,0.0,0.0,one,SR,1
0,2732,7000,0,0,13.2733,3.7505,8.841,0.0,0.0,1527,786,0,0,9.9,6.82,0.0,0.0,163,0.0,0.0,0.0,one,SR,1
0,3058,6744,0,0,13.2265,3.9971,8.5578,0.0,0.0,1199,757,0,0,6.55,6.72,0.0,0.0,140,0.0,0.0,0.0,one,SR,1
0,135,4671,0,0,13.2239,1.9727,10.5089,0.0,0.0,2148,957,0,0,15.87,7.42,0.0,0.0,321,0.0,0.0,0.0,one,SR,1
0,2086,3876,0,0,13.1443,3.0144,9.4269,0.0,0.0,1437,846,0,0,8.76,7.03,0.0,0.0,226,0.0,0.0,0.0,one,SR,1
0,1942,469,0,0,13.1061,3.4903,8.9308,0.0,0.0,1706,795,0,0,11.75,6.85,0.0,0.0,183,0.0,0.0,0.0,one,SR,1
0,198,8823,0,0,13.1047,2.7945,9.6008,0.0,0.0,1556,864,0,0,9.95,7.09,0.0,0.0,245,0.0,0.0,0.0,one,SR,1
0,2668,8509,0,0,13.073,3.0987,9.2766,0.0,0.0,1378,831,0,0,8.19,6.98,0.0,0.0,217,0.0,0.0,0.0,one,SR,1
0,2235,5027,0,0,13.0351,3.941,8.4271,0.0,0.0,1450,744,0,0,9.22,6.67,0.0,0.0,141,0.0,0.0,0.0,one,SR,1
0,415,2181,0,0,13.0031,3.9919,8.347,0.0,0.0,1380,736,0,0,8.51,6.64,0.0,0.0,136,0.0,0.0,0.0,one,SR,1
0,3418,5785,0,0,13.0167,3.1157,9.2061,0.0,0.0,1465,823,0,0,9.13,6.95,0.0,0.0,214,0.0,0.0,0.0,one,SR,1
0,3786,9564,0,0,12.9721,3.7775,8.5244,0.0,0.0,1440,753,0,0,9.09,6.7,0.0,0.0,154,0.0,0.0,0.0,one,SR,1
0,3583,1728,0,0,12.9648,2.4604,9.7882,0.0,0.0,2106,883,0,0,15.67,7.16,0.0,0.0,272,0.0,0.0,0.0,one,SR,1
0,908,7373,0,0,12.8709,3.6251,8.5735,0.0,0.0,1287,759,0,0,7.46,6.72,0.0,0.0,166,0.0,0.0,0.0,one,SR,1
0,4360,9376,0,0,12.8522,3.3237,8.8467,0.0,0.0,1340,786,0,0,7.93,6.82,0.0,0.0,192,0.0,0.0,0.0,one,SR,1
0,1562,8256,0,0,12.7414,3.3456,8.7181,0.0,0.0,1264,774,0,0,7.17,6.78,0.0,0.0,188,0.0,0.0,0.0,one,SR,1
0,834,6738,0,0,12.6493,3.7196,8.2687,0.0,0.0,1394,727,0,0,8.69,6.61,0.0,0.0,152,0.0,0.0,0.0,one,SR,1
0,2164,4177,0,0,12.6804,2.7042,9.2785,0.0,0.0,1516,831,0,0,9.64,6.98,0.0,0.0,244,0.0,0.0,0.0,one,SR,1
0,1916,3458,0,0,12.608,3.6701,8.2765,0.0,0.0,1210,728,0,0,6.75,6.61,0.0,0.0,156,0.0,0.0,0.0,one,SR,1
0,102,7288,0,0,12.5593,2.9416,8.9327,0.0,0.0,1455,795,0,0,9.11,6.85,0.0,0.0,220,0.0,0.0,0.0,one,SR,1
0,2872,196,0,0,12.4699,3.3777,8.4252,0.0,0.0,1479,744,0,0,9.53,6.67,0.0,0.0,179,0.0,0.0,0.0,one,SR,1
0,2045,244,0,0,12.4433,3.1753,8.595,0.0,0.0,1476,761,0,0,9.44,6.73,0.0,0.0,197,0.0,0.0,0.0,one,SR,1
0,2056,8704,0,0,12.4488,2.8589,8.9055,0.0,0.0,1799,793,0,0,12.73,6.84,0.0,0.0,225,0.0,0.0,0.0,one,SR,1
0,1673,2341,0,0,12.4508,2.7945,8.9698,0.0,0.0,1397,799,0,0,8.49,6.86,0.0,0.0,231,0.0,0.0,0.0,one,SR,1
0,318,9977,0,0,12.4304,2.7539,8.9894,0.0,0.0,1436,801,0,0,8.89,6.87,0.0,0.0,234,0.0,0.0,0.0,one,SR,1
0,3766,1592,0,0,12.3998,2.3711,9.3292,0.0,0.0,2090,836,0,0,15.65,7.0,0.0,0.0,268,0.0,0.0,0.0,one,SR,1
0,3994,450,0,0,12.3558,3.2719,8.4173,0.0,0.0,1808,743,0,0,12.98,6.67,0.0,0.0,186,0.0,0.0,0.0,one,SR,1
0,3348,5123,0,0,12.3247,3.4817,8.1848,0.0,0.0,1849,719,0,0,13.49,6.58,0.0,0.0,167,0.0,0.0,0.0,one,SR,1
0,3160,640,0,0,12.3156,3.477,8.1808,0.0,0.0,1409,718,0,0,8.87,6.58,0.0,0.0,167,0.0,0.0,0.0,one,SR,1
0,3328,4052,0,0,12.2551,1.9981,9.5498,0.0,0.0,2031,858,0,0,14.96,7.07,0.0,0.0,298,0.0,0.0,0.0,one,SR,1
0,4720,7884,0,0,12.0657,3.2391,8.1691,0.0,0.0,1584,717,0,0,10.71,6.57,0.0,0.0,183,0.0,0.0,0.0,one,SR,1
0,2023,475,0,0,12.0519,2.1951,9.1632,0.0,0.0,1682,819,0,0,11.42,6.94,0.0,0.0,276,0.0,0.0,0.0,one,SR,1
0,958,7086,5165,0,36.6367,10.7591,14.4563,10.2106,0.0,1222,1207,787,0,1.93,6.63,5.47,0.0,10,10.0,-1.0,0.0,many,SR,2
0,4858,2011,0,0,11.8147,2.9755,8.181,0.0,0.0,1651,719,0,0,11.41,6.58,0.0,0.0,201,0.0,0.0,0.0,one,SR,1
0,146,4066,0,0,11.7589,2.6491,8.4425,0.0,0.0,1607,745,0,0,10.87,6.67,0.0,0.0,229,0.0,0.0,0.0,one,SR,1
0,569,5894,0,0,11.7359,2.8018,8.2727,0.0,0.0,1452,728,0,0,9.29,6.61,0.0,0.0,215,0.0,0.0,0.0,one,SR,1
0,3878,7653,0,0,11.5211,2.5061,8.3508,0.0,0.0,1681,736,0,0,11.67,6.64,0.0,0.0,237,0.0,0.0,0.0,one,SR,1
0,3951,1927,1926,0,33.7512,9.8536,11.3699,11.3699,0.0,1089,899,899,0,1.01,5.79,5.79,0.0,39,0.0,0.0,0.0,many,SR,2
0,1690,8122,0,0,10.6955,0.9963,9.0111,0.0,0.0,2783,804,0,0,23.03,6.88,0.0,0.0,355,0.0,0.0,0.0,one,SR,1
0,1594,4887,3158,0,38.9053,9.4482,13.6465,14.5066,0.0,1370,1116,1198,0,2.65,6.4,6.64,0.0,156,0.0,0.0,0.0,many,SR,2
0,2743,5251,2064,0,82.8531,19.0422,41.2305,20.2613,0.0,4300,3856,1758,0,24.28,14.86,8.33,0.0,125,23.0,0.0,0.0,many,SR,2
0,3409,4279,3412,0,51.71,11.3191,15.8908,22.8844,0.0,3536,1331,2017,0,22.59,7.01,9.14,0.0,220,0.0,0.0,0.0,many,SR,2
0,4346,2475,988,0,42.5762,10.9599,15.6096,14.6445,0.0,1621,1320,1211,0,4.76,6.95,6.67,0.0,89,12.0,0.0,0.0,many,SR,2
0,2778,9092,9091,0,53.1748,12.8989,19.3339,19.3339,0.0,2433,1667,1667,0,11.07,8.04,8.04,0.0,108,0.0,0.0,0.0,many,SR,2
0,3414,1432,0,0,47.801,13.8796,32.2945,0.0,0.0,3673,3260,0,0,23.92,16.27,0.0,0.0,52,0.0,0.0,0.0,one,SR,1
0,1846,8758,1068,0,47.1349,12.0972,17.665,15.9117,0.0,1910,1578,1333,0,6.91,7.59,7.02,0.0,72,54.0,0.0,0.0,many,SR,2
0,4420,2990,0,0,45.0386,12.6845,30.7899,0.0,0.0,4042,3100,0,0,28.36,15.64,0.0,0.0,95,0.0,0.0,0.0,one,SR,1
0,4354,8229,0,0,46.5492,14.0897,30.8913,0.0,0.0,4551,3110,0,0,33.67,15.68,0.0,0.0,2,0.0,0.0,0.0,one,SR,1
0,3492,6297,0,0,43.0383,11.8549,29.6662,0.0,0.0,3945,2980,0,0,27.77,15.17,0.0,0.0,123,0.0,0.0,0.0,one,SR,1
0,4429,4079,2250,0,31.2237,8.7304,10.6878,10.6849,0.0,1546,834,833,0,6.15,5.6,5.6,0.0,93,0.0,0.0,0.0,many,SR,2
0,2003,6214,0,0,40.8305,12.0141,27.3945,0.0,0.0,4360,2737,0,0,32.98,14.22,0.0,0.0,54,0.0,0.0,0.0,one,SR,1
0,1319,8647,0,0,35.9122,9.7497,24.8468,0.0,0.0,3349,2466,0,0,23.32,13.16,0.0,0.0,143,0.0,0.0,0.0,one,SR,1
0,974,8683,4378,0,40.2593,8.7545,11.5726,18.5597,0.0,1775,918,1681,0,6.28,5.84,7.88,0.0,246,0.0,64.0,0.0,many,SR,2
0,3382,7743,3295,0,45.0633,9.15,16.827,17.5862,0.0,2096,1682,1495,0,8.51,7.5,7.5,0.0,297,186.0,0.0,0.0,many,SR,2
0,742,1723,0,0,39.5343,11.6756,26.4752,0.0,0.0,3669,2639,0,0,26.07,13.83,0.0,0.0,53,0.0,0.0,0.0,one,SR,1
0,1090,7271,2590,0,48.1056,12.8099,11.5771,22.2369,0.0,2166,927,1980,0,9.41,5.85,8.97,0.0,36,6.0,19.0,0.0,many,SR,2
0,902,5739,0,0,38.819,11.5482,25.9104,0.0,0.0,3728,2580,0,0,26.9,13.6,0.0,0.0,48,0.0,0.0,0.0,one,SR,1
0,1984,7102,0,0,32.3293,5.9011,25.1019,0.0,0.0,3080,2493,0,0,20.4,13.26,0.0,0.0,412,0.0,0.0,0.0,one,SR,1
0,2919,5569,2784,0,52.6154,12.2599,22.9808,15.7586,0.0,3914,2039,1318,0,26.55,9.18,6.98,0.0,156,9.0,0.0,0.0,many,SR,2
0,3321,2913,0,0,33.856,9.2044,23.3967,0.0,0.0,3076,2311,0,0,21.0,12.55,0.0,0.0,143,0.0,0.0,0.0,one,SR,1
0,1714,7953,6560,0,53.0092,13.3785,21.4488,16.592,0.0,3624,1875,1398,0,23.74,8.7,7.2,0.0,64,0.0,0.0,0.0,many,SR,2
0,363,6128,0,0,34.9999,10.7039,23.0552,0.0,0.0,2479,2275,0,0,14.86,12.41,0.0,0.0,32,0.0,0.0,0.0,one,SR,1
0,1395,9706,0,0,29.0775,8.2584,19.7178,0.0,0.0,2807,1919,0,0,19.56,11.01,0.0,0.0,113,0.0,0.0,0.0,one,SR,1
0,3596,6974,0,0,31.5318,9.7942,20.5995,0.0,0.0,2815,2013,0,0,19.31,11.38,0.0,0.0,31,0.0,0.0,0.0,one,SR,1
0,2317,887,0,0,24.1579,6.4031,16.7762,0.0,0.0,2065,1606,0,0,12.88,9.79,0.0,0.0,164,0.0,0.0,0.0,one,SR,1
0,2722,8382,0,0,31.5931,9.0872,21.3368,0.0,0.0,3112,2092,0,0,22.15,11.69,0.0,0.0,98,0.0,0.0,0.0,one,SR,1
0,651,1472,0,0,23.7632,7.0093,15.8157,0.0,0.0,2419,1503,0,0,16.96,9.38,0.0,0.0,98,0.0,0.0,0.0,one,SR,1
0,3697,8705,0,0,33.0763,9.9548,21.9277,0.0,0.0,2648,2155,0,0,17.06,11.94,0.0,0.0,54,0.0,0.0,0.0,one,SR,1
0,3303,9262,0,0,28.5218,7.4525,19.9579,0.0,0.0,2411,1945,0,0,15.31,11.11,0.0,0.0,174,0.0,0.0,0.0,one,SR,1
0,3077,1198,0,0,26.3965,6.5897,18.746,0.0,0.0,2471,1816,0,0,16.4,10.61,0.0,0.0,202,0.0,0.0,0.0,one,SR,1
0,4384,1526,0,0,27.1557,8.2674,17.8643,0.0,0.0,2192,1722,0,0,13.8,10.24,0.0,0.0,65,0.0,0.0,0.0,one,SR,1
0,4550,5331,0,0,30.863,9.6452,20.1005,0.0,0.0,2474,1960,0,0,15.92,11.17,0.0,0.0,28,0.0,0.0,0.0,one,SR,1
0,801,3578,0,0,30.3289,9.3339,19.8867,0.0,0.0,2070,1937,0,0,11.76,11.08,0.0,0.0,44,0.0,0.0,0.0,one,SR,1
0,1359,1850,0,0,27.6578,8.1189,18.489,0.0,0.0,2493,1788,0,0,16.73,10.5,0.0,0.0,91,0.0,0.0,0.0,one,SR,1
0,4608,3110,0,0,29.8164,8.6241,20.0762,0.0,0.0,2425,1957,0,0,15.42,11.16,0.0,0.0,97,0.0,0.0,0.0,one,SR,1
0,453,9276,0,0,29.264,9.4846,18.7197,0.0,0.0,2987,1813,0,0,21.83,10.6,0.0,0.0,4,0.0,0.0,0.0,one,SR,1
0,1352,7056,0,0,30.06,9.229,19.729,0.0,0.0,2886,1921,0,0,20.38,11.02,0.0,0.0,47,0.0,0.0,0.0,one,SR,1
0,2268,5728,0,0,27.0229,8.8013,17.2246,0.0,0.0,2231,1653,0,0,14.45,9.97,0.0,0.0,12,0.0,0.0,0.0,one,SR,1
0,1615,6389,0,0,23.7929,3.3237,19.382,0.0,0.0,3298,1883,0,0,24.84,10.87,0.0,0.0,441,0.0,0.0,0.0,one,SR,1
0,3767,7050,0,0,19.7038,5.6681,13.1962,0.0,0.0,1682,1232,0,0,10.11,8.4,0.0,0.0,129,0.0,0.0,0.0,one,SR,1
0,4020,7732,0,0,19.6905,4.3938,14.413,0.0,0.0,1542,1357,0,0,8.24,8.84,0.0,0.0,243,0.0,0.0,0.0,one,SR,1
0,128,2751,0,0,26.2059,7.7576,17.4423,0.0,0.0,2286,1676,0,0,14.95,10.06,0.0,0.0,89,0.0,0.0,0.0,one,SR,1
0,4351,172,0,0,26.1995,7.3232,17.8531,0.0,0.0,2555,1720,0,0,17.62,10.23,0.0,0.0,129,0.0,0.0,0.0,one,SR,1
0,4909,4175,0,0,24.0178,7.3128,15.7688,0.0,0.0,2388,1498,0,0,16.65,9.36,0.0,0.0,76,0.0,0.0,0.0,one,SR,1
0,5,6140,0,0,19.2324,4.3828,13.9814,0.0,0.0,1731,1313,0,0,10.36,8.68,0.0,0.0,234,0.0,0.0,0.0,one,SR,1
0,335,9089,0,0,27.8331,8.8297,17.975,0.0,0.0,2395,1733,0,0,15.89,10.28,0.0,0.0,29,0.0,0.0,0.0,one,SR,1
0,3343,1638,0,0,23.3916,6.9854,15.4817,0.0,0.0,2292,1468,0,0,15.75,9.24,0.0,0.0,91,0.0,0.0,0.0,one,SR,1
0,1050,7576,0,0,18.9872,4.8807,13.2645,0.0,0.0,1572,1239,0,0,8.93,8.42,0.0,0.0,184,0.0,0.0,0.0,one,SR,1
0,1226,36,0,0,24.343,7.8334,15.5812,0.0,0.0,2202,1478,0,0,14.77,9.28,0.0,0.0,36,0.0,0.0,0.0,one,SR,1
0,1369,6916,0,0,25.1551,7.7503,16.4404,0.0,0.0,1919,1570,0,0,11.47,9.64,0.0,0.0,64,0.0,0.0,0.0,one,SR,1
0,695,7991,0,0,26.5915,8.7198,16.8889,0.0,0.0,3583,1617,0,0,28.78,9.83,0.0,0.0,9,0.0,0.0,0.0,one,SR,1
0,295,5066,0,0,25.8342,7.5814,17.2547,0.0,0.0,2529,1656,0,0,17.57,9.98,0.0,0.0,96,0.0,0.0,0.0,one,SR,1
0,4587,1373,0,0,23.6084,7.5366,15.161,0.0,0.0,1864,1433,0,0,11.38,9.11,0.0,0.0,45,0.0,0.0,0.0,one,SR,1
0,1922,928,0,0,25.8028,8.1262,16.7011,0.0,0.0,2793,1598,0,0,20.55,9.75,0.0,0.0,45,0.0,0.0,0.0,one,SR,1
0,4464,3603,0,0,24.5913,8.1324,15.5324,0.0,0.0,2178,1473,0,0,14.53,9.26,0.0,0.0,14,0.0,0.0,0.0,one,SR,1
0,3879,7606,0,0,24.7928,6.8955,16.9132,0.0,0.0,2504,1620,0,0,17.44,9.84,0.0,0.0,134,0.0,0.0,0.0,one,SR,1
0,4698,7967,0,0,26.2387,8.5602,16.703,0.0,0.0,2152,1598,0,0,13.82,9.75,0.0,0.0,15,0.0,0.0,0.0,one,SR,1
0,4602,6043,1865,0,35.3423,7.751,13.482,12.8541,0.0,2501,1101,1041,0,14.96,6.36,6.19,0.0,242,0.0,0.0,0.0,many,SR,2
0,2719,5733,0,0,24.6462,7.9976,15.7143,0.0,0.0,2978,1493,0,0,22.86,9.34,0.0,0.0,28,0.0,0.0,0.0,one,SR,1
0,2992,5875,0,0,20.9155,7.0758,13.0068,0.0,0.0,2640,1213,0,0,20.22,8.33,0.0,0.0,29,0.0,0.0,0.0,one,SR,1
0,4440,7587,0,0,23.9165,7.0318,15.9415,0.0,0.0,1937,1516,0,0,11.85,9.43,0.0,0.0,100,0.0,0.0,0.0,one,SR,1
0,4047,2962,0,0,25.0428,8.1089,15.9883,0.0,0.0,2029,1522,0,0,12.79,9.46,0.0,0.0,28,0.0,0.0,0.0,one,SR,1
0,1417,9575,0,0,23.0342,7.5674,14.5771,0.0,0.0,2187,1374,0,0,14.96,8.9,0.0,0.0,30,0.0,0.0,0.0,one,SR,1
0,4882,8853,0,0,21.3011,6.4806,13.9538,0.0,0.0,1600,1309,0,0,9.0,8.67,0.0,0.0,90,0.0,0.0,0.0,one,SR,1
0,3996,1333,0,0,23.978,6.7137,16.3053,0.0,0.0,2409,1556,0,0,16.66,9.59,0.0,0.0,131,0.0,0.0,0.0,one,SR,1
0,936,8398,0,0,21.7095,7.0319,13.8154,0.0,0.0,2088,1296,0,0,14.16,8.62,0.0,0.0,50,0.0,0.0,0.0,one,SR,1
0,4665,2567,0,0,22.7229,6.4261,15.3767,0.0,0.0,2636,1457,0,0,19.4,9.2,0.0,0.0,127,0.0,0.0,0.0,one,SR,1
0,4286,2377,0,0,23.4149,7.8254,14.6959,0.0,0.0,2126,1385,0,0,14.28,8.94,0.0,0.0,15,0.0,0.0,0.0,one,SR,1
0,2121,2656,0,0,22.1676,5.566,15.6693,0.0,0.0,2060,1488,0,0,13.24,9.32,0.0,0.0,193,0.0,0.0,0.0,one,SR,1
0,1288,5772,5552,0,48.7913,12.2037,14.6889,20.3917,0.0,2028,1235,1770,0,7.73,6.7,8.37,0.0,93,14.0,-1.0,0.0,many,SR,2
0,4274,1824,0,0,16.775,6.4167,9.6474,0.0,0.0,1316,868,0,0,7.42,7.11,0.0,0.0,-1,0.0,0.0,0.0,one,SR,1
0,2739,2490,0,0,23.2481,6.5116,15.7988,0.0,0.0,2129,1502,0,0,13.91,9.38,0.0,0.0,132,0.0,0.0,0.0,one,SR,1
0,812,3868,0,0,22.9969,7.8627,14.2565,0.0,0.0,1941,1340,0,0,12.48,8.78,0.0,0.0,3,0.0,0.0,0.0,one,SR,1
0,3869,1885,0,0,16.6707,6.1581,9.7961,0.0,0.0,1198,884,0,0,6.13,7.16,0.0,0.0,20,0.0,0.0,0.0,one,SR,1
0,4655,4088,0,0,22.3725,6.1522,15.3036,0.0,0.0,2058,1448,0,0,13.36,9.17,0.0,0.0,143,0.0,0.0,0.0,one,SR,1
0,3947,5455,0,0,25.0612,8.3171,15.8064,0.0,0.0,2033,1502,0,0,12.91,9.38,0.0,0.0,9,0.0,0.0,0.0,one,SR,1
0,814,8107,4970,0,37.5852,9.55,12.7087,14.0577,0.0,1996,1029,1181,0,9.54,6.15,6.54,0.0,128,2.0,18.0,0.0,many,SR,2
0,1422,9121,0,0,23.2926,7.409,14.9794,0.0,0.0,2170,1415,0,0,14.65,9.04,0.0,0.0,50,0.0,0.0,0.0,one,SR,1
0,2303,5590,638,0,47.6139,12.4084,23.7572,9.961,0.0,2285,2161,764,0,10.61,9.47,5.41,0.0,67,41.0,0.0,0.0,many,SR,2
0,970,5565,0,0,21.6222,7.2185,13.5515,0.0,0.0,1696,1268,0,0,10.14,8.52,0.0,0.0,31,0.0,0.0,0.0,one,SR,1
0,82,794,0,0,20.9713,6.3183,13.7918,0.0,0.0,2075,1293,0,0,14.04,8.61,0.0,0.0,98,0.0,0.0,0.0,one,SR,1
0,4048,3690,0,0,20.5813,7.2279,12.5379,0.0,0.0,1926,1164,0,0,12.88,8.15,0.0,0.0,8,0.0,0.0,0.0,one,SR,1
0,4966,623,0,0,20.6531,5.8098,13.9755,0.0,0.0,1505,1312,0,0,7.99,8.68,0.0,0.0,137,0.0,0.0,0.0,one,SR,1
0,4524,9306,0,0,15.3134,5.6647,8.9622,0.0,0.0,1333,799,0,0,7.82,6.86,0.0,0.0,35,0.0,0.0,0.0,one,SR,1
0,1636,9128,0,0,20.5681,5.7817,13.9207,0.0,0.0,1859,1306,0,0,11.73,8.66,0.0,0.0,137,0.0,0.0,0.0,one,SR,1
0,1677,5648,0,0,21.8904,7.2109,13.8173,0.0,0.0,2090,1296,0,0,14.19,8.62,0.0,0.0,38,0.0,0.0,0.0,one,SR,1
0,1095,9866,0,0,21.3569,6.7198,13.7764,0.0,0.0,1892,1292,0,0,12.12,8.61,0.0,0.0,70,0.0,0.0,0.0,one,SR,1
0,3464,854,0,0,20.1593,5.4558,13.8407,0.0,0.0,1610,1298,0,0,9.14,8.63,0.0,0.0,158,0.0,0.0,0.0,one,SR,1
0,2939,6070,2131,0,40.8161,10.5419,10.767,18.1731,0.0,1942,873,1566,0,8.38,5.65,7.69,0.0,100,23.0,10.0,0.0,many,SR,2
0,2507,8927,5146,0,28.4318,5.1556,9.6622,12.4386,0.0,2711,736,1434,0,17.89,5.33,6.43,0.0,370,0.0,310.0,0.0,many,SR,2
0,4731,5487,0,0,17.4347,3.8904,12.7218,0.0,0.0,2236,1184,0,0,16.08,8.23,0.0,0.0,240,0.0,0.0,0.0,one,SR,1
0,2105,2239,0,0,20.6774,6.0105,13.8054,0.0,0.0,2419,1294,0,0,17.65,8.61,0.0,0.0,119,0.0,0.0,0.0,one,SR,1
0,1505,3114,0,0,20.4819,6.5556,13.0907,0.0,0.0,2326,1221,0,0,16.9,8.36,0.0,0.0,66,0.0,0.0,0.0,one,SR,1
0,1907,8300,0,0,20.6716,6.0977,13.7156,0.0,0.0,1886,1285,0,0,12.08,8.58,0.0,0.0,111,0.0,0.0,0.0,one,SR,1
0,486,3652,0,0,14.5223,3.9149,9.8877,0.0,0.0,1207,893,0,0,6.2,7.2,0.0,0.0,175,0.0,0.0,0.0,one,SR,1
0,2115,3237,0,0,21.3319,7.4537,13.044,0.0,0.0,1781,1217,0,0,11.19,8.34,0.0,0.0,4,0.0,0.0,0.0,one,SR,1
0,556,6068,0,0,20.5634,7.2562,12.4931,0.0,0.0,1432,1160,0,0,7.71,8.14,0.0,0.0,5,0.0,0.0,0.0,one,SR,1
0,4614,11,0,0,20.6286,7.0603,12.7451,0.0,0.0,2039,1186,0,0,14.0,8.23,0.0,0.0,24,0.0,0.0,0.0,one,SR,1
0,1872,7497,0,0,19.3317,6.2231,12.3016,0.0,0.0,1783,1140,0,0,11.46,8.07,0.0,0.0,71,0.0,0.0,0.0,one,SR,1
0,1811,1869,0,0,14.1899,4.4969,9.0051,0.0,0.0,1270,803,0,0,7.14,6.88,0.0,0.0,116,0.0,0.0,0.0,one,SR,1
0,1257,6824,0,0,19.8314,7.0055,12.0284,0.0,0.0,1798,1113,0,0,11.7,7.97,0.0,0.0,12,0.0,0.0,0.0,one,SR,1
0,3810,2061,0,0,17.8116,6.3056,10.7549,0.0,0.0,1907,982,0,0,13.26,7.51,0.0,0.0,31,0.0,0.0,0.0,one,SR,1
0,1977,4662,0,0,14.0711,4.1289,9.2454,0.0,0.0,1264,828,0,0,7.0,6.97,0.0,0.0,146,0.0,0.0,0.0,one,SR,1
0,1367,5822,1880,0,46.1717,12.4316,11.8538,20.4522,0.0,1928,987,1777,0,7.34,5.95,8.39,0.0,33,30.0,0.0,0.0,many,SR,2
0,3329,4739,0,0,20.1136,6.6686,12.626,0.0,0.0,2155,1174,0,0,15.26,8.19,0.0,0.0,48,0.0,0.0,0.0,one,SR,1
0,1027,8370,0,0,18.4124,6.1152,11.5185,0.0,0.0,1535,1060,0,0,9.11,7.79,0.0,0.0,61,0.0,0.0,0.0,one,SR,1
0,806,1890,0,0,19.6432,6.1678,12.6553,0.0,0.0,1599,1177,0,0,9.41,8.2,0.0,0.0,83,0.0,0.0,0.0,one,SR,1
0,838,183,0,0,13.7168,2.9437,10.0478,0.0,0.0,1709,909,0,0,11.42,7.25,0.0,0.0,245,0.0,0.0,0.0,one,SR,1
0,3625,1229,0,0,17.6855,5.886,11.0381,0.0,0.0,1661,1011,0,0,10.59,7.61,0.0,0.0,66,0.0,0.0,0.0,one,SR,1
0,751,3497,0,0,17.8665,5.2031,11.8719,0.0,0.0,1675,1096,0,0,10.46,7.91,0.0,0.0,131,0.0,0.0,0.0,one,SR,1
0,4509,8801,0,0,19.1641,6.096,12.2625,0.0,0.0,1958,1136,0,0,13.31,8.06,0.0,0.0,79,0.0,0.0,0.0,one,SR,1
0,2865,5419,0,0,17.6729,5.7482,11.1591,0.0,0.0,1560,1023,0,0,9.49,7.66,0.0,0.0,78,0.0,0.0,0.0,one,SR,1
0,2873,217,0,0,17.9683,5.0052,12.1611,0.0,0.0,1791,1126,0,0,11.59,8.02,0.0,0.0,151,0.0,0.0,0.0,one,SR,1
0,802,2824,0,0,20.7883,7.3432,12.626,0.0,0.0,2022,1174,0,0,13.86,8.19,0.0,0.0,2,0.0,0.0,0.0,one,SR,1
0,2503,8188,0,0,18.8546,6.8388,11.247,0.0,0.0,1285,1032,0,0,6.57,7.69,0.0,0.0,6,0.0,0.0,0.0,one,SR,1
0,1154,3782,0,0,18.5264,6.2798,11.4697,0.0,0.0,1866,1055,0,0,12.6,7.77,0.0,0.0,49,0.0,0.0,0.0,one,SR,1
0,239,8033,0,0,17.6863,6.6317,10.3193,0.0,0.0,1180,937,0,0,5.77,7.35,0.0,0.0,-1,0.0,0.0,0.0,one,SR,1
0,3195,1889,0,0,16.1913,4.5619,10.874,0.0,0.0,2254,994,0,0,16.87,7.55,0.0,0.0,153,0.0,0.0,0.0,one,SR,1
0,4892,3916,0,0,19.0349,5.6834,12.536,0.0,0.0,2588,1164,0,0,19.83,8.15,0.0,0.0,113,0.0,0.0,0.0,one,SR,1
0,4013,348,0,0,13.1993,3.5082,9.0032,0.0,0.0,1503,803,0,0,9.59,6.88,0.0,0.0,183,0.0,0.0,0.0,one,SR,1
0,3556,6145,4047,4046,66.8415,13.1737,10.9095,20.2632,20.2632,3153,855,1758,1758,13.02,5.66,8.33,8.33,472,0.0,0.0,0.0,many,SR,3
0,2938,1837,0,0,13.7835,2.1193,10.9074,0.0,0.0,2205,998,0,0,16.34,7.57,0.0,0.0,320,0.0,0.0,0.0,one,SR,1
0,184,981,0,0,18.9257,5.9973,12.1277,0.0,0.0,1727,1122,0,0,10.93,8.01,0.0,0.0,83,0.0,0.0,0.0,one,SR,1
0,148,2191,0,0,18.4556,6.3886,11.2961,0.0,0.0,1555,1038,0,0,9.39,7.71,0.0,0.0,38,0.0,0.0,0.0,one,SR,1
0,2008,6784,0,0,17.4038,4.8599,11.7567,0.0,0.0,1672,1084,0,0,10.47,7.87,0.0,0.0,152,0.0,0.0,0.0,one,SR,1
0,1158,4843,0,0,18.2363,6.5019,10.9755,0.0,0.0,1575,1004,0,0,9.71,7.59,0.0,0.0,23,0.0,0.0,0.0,one,SR,1
0,3022,570,0,0,19.618,7.0533,11.7765,0.0,0.0,2236,1087,0,0,16.38,7.88,0.0,0.0,3,0.0,0.0,0.0,one,SR,1
0,419,103,0,0,17.2628,4.662,11.8114,0.0,0.0,1946,1090,0,0,13.33,7.89,0.0,0.0,167,0.0,0.0,0.0,one,SR,1
0,402,9167,0,0,17.4433,6.5001,10.2119,0.0,0.0,2376,926,0,0,18.37,7.31,0.0,0.0,6,0.0,0.0,0.0,one,SR,1
0,1309,1662,0,0,18.1424,5.2684,12.0751,0.0,0.0,1637,1117,0,0,10.0,7.99,0.0,0.0,131,0.0,0.0,0.0,one,SR,1
0,1248,2236,0,0,18.0174,6.6713,10.6006,0.0,0.0,1575,966,0,0,9.83,7.45,0.0,0.0,3,0.0,0.0,0.0,one,SR,1
0,3351,3615,0,0,12.6601,3.5667,8.4268,0.0,0.0,1229,743,0,0,6.9,6.67,0.0,0.0,166,0.0,0.0,0.0,one,SR,1
0,1013,9682,0,0,15.8709,3.389,11.6964,0.0,0.0,1676,1079,0,0,10.53,7.85,0.0,0.0,251,0.0,0.0,0.0,one,SR,1
0,4127,6631,0,0,12.4505,3.3988,8.3861,0.0,0.0,1272,740,0,0,7.37,6.66,0.0,0.0,177,0.0,0.0,0.0,one,SR,1
0,1952,1712,0,0,16.6026,5.7283,10.1454,0.0,0.0,1686,919,0,0,11.14,7.29,0.0,0.0,57,0.0,0.0,0.0,one,SR,1
0,452,8572,0,0,16.5471,5.0555,10.7411,0.0,0.0,1639,980,0,0,10.46,7.5,0.0,0.0,116,0.0,0.0,0.0,one,SR,1
0,4690,9732,0,0,16.2496,5.4252,10.0969,0.0,0.0,1610,915,0,0,10.36,7.27,0.0,0.0,77,0.0,0.0,0.0,one,SR,1
0,4208,6347,0,0,18.8174,6.8807,11.1708,0.0,0.0,1862,1024,0,0,12.66,7.66,0.0,0.0,1,0.0,0.0,0.0,one,SR,1
0,3393,4660,0,0,17.3347,6.4661,10.1397,0.0,0.0,1922,919,0,0,13.62,7.29,0.0,0.0,7,0.0,0.0,0.0,one,SR,1
0,3762,1649,0,0,15.1373,4.0827,10.3193,0.0,0.0,1670,937,0,0,10.92,7.35,0.0,0.0,173,0.0,0.0,0.0,one,SR,1
0,4803,3344,0,0,15.7358,4.5554,10.4405,0.0,0.0,1472,950,0,0,8.8,7.4,0.0,0.0,144,0.0,0.0,0.0,one,SR,1
0,1357,3937,0,0,16.6664,5.7757,10.1612,0.0,0.0,1457,921,0,0,8.73,7.3,0.0,0.0,54,0.0,0.0,0.0,one,SR,1
0,1083,8147,0,0,17.5189,6.5491,10.2374,0.0,0.0,1705,929,0,0,11.31,7.32,0.0,0.0,3,0.0,0.0,0.0,one,SR,1
0,503,7085,0,0,15.3112,4.0727,10.497,0.0,0.0,1798,955,0,0,12.2,7.42,0.0,0.0,178,0.0,0.0,0.0,one,SR,1
0,1215,922,0,0,18.4378,6.7072,10.9717,0.0,0.0,1354,1004,0,0,7.39,7.59,0.0,0.0,9,0.0,0.0,0.0,one,SR,1
0,287,785,0,0,15.2337,3.8104,10.6749,0.0,0.0,1804,974,0,0,12.21,7.48,0.0,0.0,200,0.0,0.0,0.0,one,SR,1
0,4337,5795,0,0,15.4394,4.4879,10.2198,0.0,0.0,1676,927,0,0,11.01,7.32,0.0,0.0,143,0.0,0.0,0.0,one,SR,1
0,4728,5736,290,0,30.0001,7.4639,10.5168,10.8821,0.0,2046,1012,855,0,11.25,5.71,5.66,0.0,189,139.0,2.0,0.0,many,SR,2
0,3448,8792,0,0,15.2119,5.8326,8.7024,0.0,0.0,1408,772,0,0,8.69,6.77,0.0,0.0,18,0.0,0.0,0.0,one,SR,1
0,177,5899,0,0,17.8458,6.5383,10.5634,0.0,0.0,2130,962,0,0,15.67,7.44,0.0,0.0,11,0.0,0.0,0.0,one,SR,1
0,3606,6914,0,0,15.8272,4.151,10.919,0.0,0.0,1185,999,0,0,5.63,7.57,0.0,0.0,182,0.0,0.0,0.0,one,SR,1
0,3377,703,0,0,14.8148,5.3204,8.8136,0.0,0.0,1294,783,0,0,7.46,6.81,0.0,0.0,55,0.0,0.0,0.0,one,SR,1
0,3817,8057,0,0,18.1109,6.5017,10.8545,0.0,0.0,2007,992,0,0,14.28,7.55,0.0,0.0,20,0.0,0.0,0.0,one,SR,1
0,4352,7754,0,0,11.5804,2.5433,8.3723,0.0,0.0,1913,738,0,0,14.1,6.65,0.0,0.0,235,0.0,0.0,0.0,one,SR,1
0,3495,2933,0,0,16.1302,5.3407,10.0635,0.0,0.0,1193,911,0,0,5.99,7.26,0.0,0.0,82,0.0,0.0,0.0,one,SR,1
0,1,9071,0,0,16.2181,5.354,10.1357,0.0,0.0,2126,918,0,0,15.77,7.29,0.0,0.0,82,0.0,0.0,0.0,one,SR,1
0,4303,9202,0,0,17.2982,6.0773,10.4796,0.0,0.0,1751,954,0,0,11.71,7.41,0.0,0.0,41,0.0,0.0,0.0,one,SR,1
0,3314,7136,0,0,14.8075,4.0262,10.0557,0.0,0.0,1720,910,0,0,11.53,7.26,0.0,0.0,171,0.0,0.0,0.0,one,SR,1
0,222,4755,0,0,15.3961,5.9359,8.7805,0.0,0.0,1422,780,0,0,8.81,6.8,0.0,0.0,13,0.0,0.0,0.0,one,SR,1
0,866,4757,0,0,15.802,4.5913,10.4698,0.0,0.0,1311,953,0,0,7.1,7.41,0.0,0.0,142,0.0,0.0,0.0,one,SR,1
0,1291,3580,0,0,15.1826,5.0261,9.4524,0.0,0.0,1457,849,0,0,8.96,7.04,0.0,0.0,90,0.0,0.0,0.0,one,SR,1
0,2143,9536,0,0,13.1695,2.2965,10.1438,0.0,0.0,2039,920,0,0,14.85,7.29,0.0,0.0,291,0.0,0.0,0.0,one,SR,1
0,2024,5852,0,0,15.0819,5.3327,9.0596,0.0,0.0,1401,808,0,0,8.5,6.9,0.0,0.0,60,0.0,0.0,0.0,one,SR,1
0,526,3048,0,0,14.0482,4.1554,9.1982,0.0,0.0,1703,822,0,0,11.63,6.95,0.0,0.0,143,0.0,0.0,0.0,one,SR,1
0,3494,4611,0,0,17.2388,6.5365,9.9794,0.0,0.0,1661,902,0,0,10.93,7.23,0.0,0.0,-2,0.0,0.0,0.0,one,SR,1
0,1408,3318,0,0,15.2993,4.9973,9.5929,0.0,0.0,1438,863,0,0,8.72,7.09,0.0,0.0,95,0.0,0.0,0.0,one,SR,1
0,3179,8381,0,0,17.2451,6.3322,10.1826,0.0,0.0,1756,923,0,0,11.87,7.3,0.0,0.0,17,0.0,0.0,0.0,one,SR,1
0,2103,5828,0,0,17.0586,5.9813,10.341,0.0,0.0,1471,940,0,0,8.82,7.36,0.0,0.0,44,0.0,0.0,0.0,one,SR,1
0,248,1091,0,0,15.0016,5.8247,8.5071,0.0,0.0,1462,752,0,0,9.32,6.7,0.0,0.0,14,0.0,0.0,0.0,one,SR,1
0,3242,2005,1700,0,31.6252,8.6517,11.7048,10.1333,0.0,1181,931,806,0,2.18,5.88,5.47,0.0,107,0.0,18.0,0.0,many,SR,2
0,862,1965,0,0,14.9946,5.4167,8.8939,0.0,0.0,1706,792,0,0,11.76,6.84,0.0,0.0,51,0.0,0.0,0.0,one,SR,1
0,326,7033,0,0,15.3969,6.0461,8.675,0.0,0.0,1558,769,0,0,10.28,6.76,0.0,0.0,3,0.0,0.0,0.0,one,SR,1
0,3886,8949,0,0,15.6536,5.6798,9.2763,0.0,0.0,1615,830,0,0,10.68,6.97,0.0,0.0,41,0.0,0.0,0.0,one,SR,1
0,892,7354,0,0,16.5349,5.7713,10.0383,0.0,0.0,1689,909,0,0,11.21,7.25,0.0,0.0,52,0.0,0.0,0.0,one,SR,1
0,3520,9881,0,0,15.4529,5.3615,9.3897,0.0,0.0,1183,842,0,0,6.11,7.02,0.0,0.0,65,0.0,0.0,0.0,one,SR,1
0,1663,4147,0,0,16.5267,6.1476,9.6672,0.0,0.0,1472,871,0,0,9.05,7.12,0.0,0.0,18,0.0,0.0,0.0,one,SR,1
0,3300,2606,0,0,13.2408,3.6737,8.8838,0.0,0.0,1590,790,0,0,10.55,6.83,0.0,0.0,169,0.0,0.0,0.0,one,SR,1
0,3897,3420,1025,0,60.7581,14.5365,22.4747,21.9582,0.0,2160,1996,1925,0,6.58,9.03,8.85,0.0,107,14.0,0.0,0.0,many,SR,2
0,2523,6635,0,0,15.4071,5.969,8.7591,0.0,0.0,1604,778,0,0,10.73,6.79,0.0,0.0,10,0.0,0.0,0.0,one,SR,1
0,3175,5906,0,0,14.0499,4.3917,8.9717,0.0,0.0,1235,799,0,0,6.79,6.86,0.0,0.0,122,0.0,0.0,0.0,one,SR,1
0,1370,6575,6574,0,50.9061,13.6517,17.8684,17.8684,0.0,2049,1523,1523,0,7.86,7.59,7.59,0.0,1,0.0,0.0,0.0,many,SR,2
0,2784,3281,0,0,14.0272,4.8749,8.4835,0.0,0.0,1563,749,0,0,10.39,6.69,0.0,0.0,78,0.0,0.0,0.0,one,SR,1
0,4479,9507,0,0,14.61,4.7716,9.1456,0.0,0.0,1337,817,0,0,7.8,6.93,0.0,0.0,100,0.0,0.0,0.0,one,SR,1
0,2415,8539,0,0,13.3353,4.3203,8.3508,0.0,0.0,1535,736,0,0,10.14,6.64,0.0,0.0,113,0.0,0.0,0.0,one,SR,1
0,4621,3505,0,0,13.3987,4.0055,8.7159,0.0,0.0,2008,773,0,0,14.99,6.77,0.0,0.0,143,0.0,0.0,0.0,one,SR,1
0,4738,1430,0,0,15.1913,5.9739,8.5461,0.0,0.0,1183,756,0,0,6.38,6.71,0.0,0.0,5,0.0,0.0,0.0,one,SR,1
0,2650,374,0,0,12.184,3.2335,8.2885,0.0,0.0,1822,730,0,0,13.17,6.62,0.0,0.0,186,0.0,0.0,0.0,one,SR,1
0,6,106,0,0,14.8331,5.901,8.2708,0.0,0.0,1746,728,0,0,12.38,6.61,0.0,0.0,4,0.0,0.0,0.0,one,SR,1
0,3885,6404,0,0,15.3031,5.9061,8.7197,0.0,0.0,1775,773,0,0,12.54,6.77,0.0,0.0,13,0.0,0.0,0.0,one,SR,1
0,173,431,0,0,15.3764,6.0414,8.6595,0.0,0.0,1344,768,0,0,8.03,6.75,0.0,0.0,3,0.0,0.0,0.0,one,SR,1
0,1273,1087,0,0,13.2213,4.0987,8.4545,0.0,0.0,1768,747,0,0,12.55,6.68,0.0,0.0,131,0.0,0.0,0.0,one,SR,1
0,3683,5997,0,0,15.7514,6.1634,8.9036,0.0,0.0,1389,793,0,0,8.43,6.84,0.0,0.0,0,0.0,0.0,0.0,one,SR,1
0,3369,8552,0,0,14.4349,5.3086,8.4583,0.0,0.0,1661,747,0,0,11.43,6.68,0.0,0.0,48,0.0,0.0,0.0,one,SR,1
0,1007,2023,0,0,15.3827,5.9712,8.7336,0.0,0.0,1037,775,0,0,4.79,6.78,0.0,0.0,9,0.0,0.0,0.0,one,SR,1
0,3075,4363,0,0,15.4985,6.087,8.7336,0.0,0.0,1375,775,0,0,8.34,6.78,0.0,0.0,1,0.0,0.0,0.0,one,SR,1
0,1127,9005,0,0,14.5117,5.5738,8.2765,0.0,0.0,1474,728,0,0,9.52,6.61,0.0,0.0,26,0.0,0.0,0.0,one,SR,1
0,2031,9878,0,0,14.8203,5.7244,8.429,0.0,0.0,1637,744,0,0,11.19,6.67,0.0,0.0,19,0.0,0.0,0.0,one,SR,1
0,2347,6941,0,0,15.1938,5.9037,8.6164,0.0,0.0,1167,763,0,0,6.19,6.74,0.0,0.0,11,0.0,0.0,0.0,one,SR,1
0,3776,4543,0,0,14.2987,5.5044,8.1379,0.0,0.0,1197,714,0,0,6.66,6.56,0.0,0.0,28,0.0,0.0,0.0,one,SR,1
0,3278,5895,994,0,46.2047,10.259,19.8658,14.5932,0.0,2864,1718,1207,0,16.69,8.2,6.66,0.0,213,-1.0,0.0,0.0,many,SR,2
0,1659,6194,6193,0,42.9779,10.6028,15.4969,15.4969,0.0,1591,1293,1293,0,4.28,6.91,6.91,0.0,125,0.0,0.0,0.0,many,SR,2
0,4974,7650,3435,0,33.7267,9.8349,11.3606,11.3737,0.0,1370,900,899,0,3.97,5.79,5.79,0.0,40,2.0,0.0,0.0,many,SR,2
0,4677,9593,461,0,31.635,7.1815,10.7601,12.5195,0.0,1743,840,1030,0,7.74,5.62,6.12,0.0,231,0.0,15.0,0.0,many,SR,2
0,4977,1014,1013,0,67.0038,15.3305,24.8611,24.8611,0.0,2490,2211,2211,0,8.59,9.75,9.75,0.0,152,0.0,0.0,0.0,many,SR,2
0,807,8086,4207,0,47.079,12.2905,14.4124,18.9198,0.0,1894,1189,1672,0,6.78,6.61,7.95,0.0,56,0.0,33.0,0.0,many,SR,2
0,4024,8403,2080,0,37.4579,10.5731,11.3555,14.2916,0.0,1550,913,1178,0,5.14,5.8,6.58,0.0,39,11.0,0.0,0.0,many,SR,2
0,3362,3086,1868,0,33.2843,9.427,10.9085,11.7891,0.0,1142,854,981,0,1.55,5.66,5.94,0.0,69,0.0,30.0,0.0,many,SR,2
0,139,1746,1745,0,57.9459,13.699,21.2598,21.2598,0.0,2999,1856,1856,0,15.94,8.64,8.64,0.0,126,0.0,0.0,0.0,many,SR,2
0,1269,4027,839,0,42.6617,10.2211,21.1856,9.8461,0.0,2104,1954,756,0,9.41,8.71,5.38,0.0,168,74.0,2.0,0.0,many,SR,2
0,2962,2827,108,0,39.7979,9.1382,14.6266,14.6959,0.0,1557,1224,1217,0,4.31,6.68,6.69,0.0,198,10.0,0.0,0.0,many,SR,2
0,2279,3877,3279,0,52.4676,13.9213,18.4952,18.4952,0.0,2285,1584,1584,0,9.99,7.78,7.78,0.0,6,0.0,0.0,0.0,many,SR,2
0,2243,9278,5570,0,33.9882,10.0823,11.1753,11.5729,0.0,1878,879,917,0,9.3,5.73,5.84,0.0,23,-1.0,-1.0,0.0,many,SR,2
0,2765,7059,3719,0,40.4647,9.8133,14.6578,14.6578,0.0,2366,1213,1213,0,12.82,6.68,6.68,0.0,151,0.0,0.0,0.0,many,SR,2
0,3256,8503,4338,0,35.0851,6.9019,10.6392,16.2627,0.0,2058,962,1370,0,10.08,5.7,7.12,0.0,316,95.0,3.0,0.0,many,SR,2
0,2556,9345,4704,0,36.3602,8.2551,15.719,11.1011,0.0,1660,1435,960,0,5.86,7.06,5.79,0.0,226,86.0,62.0,0.0,many,SR,2
0,1325,7831,5148,0,29.5654,8.1147,10.1788,10.1788,0.0,1218,785,785,0,2.95,5.47,5.47,0.0,118,0.0,0.0,0.0,many,SR,2
0,320,3185,84,0,33.6428,6.676,12.6393,13.0691,0.0,2927,1273,1061,0,19.41,6.34,6.25,0.0,317,181.0,0.0,0.0,many,SR,2
0,3449,9314,3116,0,37.6277,10.0978,12.1748,14.0978,0.0,1939,975,1210,0,9.04,6.0,6.57,0.0,83,0.0,36.0,0.0,many,SR,2
0,1614,6821,1122,0,69.0768,16.1379,27.8196,23.128,0.0,2996,2524,2041,0,13.54,10.69,9.22,0.0,122,15.0,0.0,0.0,many,SR,2
0,3424,5137,4493,0,39.5003,10.2296,13.8086,14.1566,0.0,1764,1142,1231,0,6.77,6.46,6.6,0.0,104,7.0,47.0,0.0,many,SR,2
0,2488,9335,7371,0,51.6512,13.4927,18.2636,18.3474,0.0,1602,1594,1570,0,2.89,7.74,7.74,0.0,30,23.0,0.0,0.0,many,SR,2
0,2127,8336,1485,0,34.3361,7.5391,14.2935,11.2543,0.0,2272,1358,904,0,12.61,6.72,5.77,0.0,253,129.0,12.0,0.0,many,SR,2
0,435,9580,2021,0,44.5974,10.4809,19.1313,13.5362,0.0,2232,1796,1106,0,10.4,8.11,6.38,0.0,175,106.0,0.0,0.0,many,SR,2
0,4586,6816,2199,0,39.4653,11.3626,16.9082,9.9256,0.0,2263,1427,765,0,12.34,7.29,5.4,0.0,4,-1.0,3.0,0.0,many,SR,2
0,431,6901,6531,0,39.1755,9.6013,13.6282,14.6238,0.0,1427,1152,1363,0,3.08,6.43,6.79,0.0,157,27.0,110.0,0.0,many,SR,2
0,4601,6589,2167,0,37.6386,8.317,14.0071,14.0133,0.0,1491,1151,1157,0,3.94,6.5,6.51,0.0,232,0.0,4.0,0.0,many,SR,2
0,1944,8693,1463,0,46.9442,11.8316,19.6112,14.0325,0.0,1910,1701,1213,0,6.83,8.13,6.56,0.0,95,5.0,43.0,0.0,many,SR,2
0,4687,6078,2200,0,32.3827,9.4024,10.8181,11.0246,0.0,1166,898,866,0,2.0,5.68,5.7,0.0,57,37.0,0.0,0.0,many,SR,2
0,4186,2568,1185,0,45.3659,9.521,13.7036,20.6441,0.0,2506,1122,1911,0,12.84,6.42,8.55,0.0,270,0.0,82.0,0.0,many,SR,2
0,175,6643,292,0,32.7317,9.364,11.095,11.1271,0.0,1628,872,902,0,6.78,5.71,5.74,0.0,65,0.0,19.0,0.0,many,SR,2
0,3929,8000,5042,0,31.3264,7.9444,12.7463,9.4729,0.0,1271,1271,717,0,2.88,6.36,5.27,0.0,172,172.0,0.0,0.0,many,SR,2
0,3359,2985,948,0,30.0532,6.145,11.4284,11.3214,0.0,2092,910,894,0,11.54,5.81,5.77,0.0,292,4.0,0.0,0.0,many,SR,2
0,1527,2091,775,0,47.5594,12.6197,15.1973,18.2884,0.0,1608,1264,1564,0,3.8,6.82,7.72,0.0,32,0.0,0.0,0.0,many,SR,2
0,1481,8729,2092,0,35.0169,9.6283,13.7056,10.4844,0.0,1422,1129,828,0,4.14,6.43,5.56,0.0,79,5.0,10.0,0.0,many,SR,2
0,1381,9708,5219,0,48.5301,10.4548,10.0671,26.4155,0.0,2687,1048,2401,0,13.88,5.66,10.27,0.0,265,196.0,26.0,0.0,many,SR,2
0,3710,7357,2756,0,34.1537,7.2175,12.8493,12.8493,0.0,1942,1040,1040,0,9.25,6.19,6.19,0.0,268,0.0,0.0,0.0,many,SR,2
0,3405,9132,9131,3105,76.7948,17.7689,21.6555,21.6555,13.324,2118,1934,1934,1085,0.72,8.8,8.8,6.32,256,27.0,27.0,0.0,many,SR,3
0,3646,6005,2056,0,61.5834,15.2684,23.8622,20.6552,0.0,2272,2199,1797,0,7.68,9.52,8.45,0.0,62,61.0,0.0,0.0,many,SR,2
0,1955,9366,3820,0,55.1534,13.51,19.023,20.9589,0.0,1966,1636,1966,0,5.69,7.94,8.67,0.0,99,0.0,99.0,0.0,many,SR,2
0,1932,4768,4766,0,51.1643,11.7807,18.9012,18.9012,0.0,2709,1624,1624,0,14.21,7.91,7.91,0.0,167,0.0,0.0,0.0,many,SR,2
0,3073,8441,2676,0,53.6924,13.0284,23.722,15.3155,0.0,2842,2103,1279,0,15.2,9.41,6.86,0.0,110,3.0,2.0,0.0,many,SR,2
0,1300,9879,4272,2718,49.6949,13.0674,11.5136,10.1912,13.1394,1361,994,786,1322,-1.76,5.89,5.47,6.47,204,58.0,0.0,182.0,many,SR,3
0,76,6029,4488,0,36.4411,9.3486,11.4407,14.398,0.0,2005,1026,1221,0,9.77,5.9,6.63,0.0,132,86.0,24.0,0.0,many,SR,2
0,1207,3604,0,0,33.1103,9.7076,22.1979,0.0,0.0,2575,2183,0,0,16.19,12.05,0.0,0.0,78,0.0,0.0,0.0,one,SR,1
0,4578,7567,0,0,37.9102,10.6025,25.9461,0.0,0.0,2906,2583,0,0,18.26,13.62,0.0,0.0,113,0.0,0.0,0.0,one,SR,1
0,2695,3036,0,0,42.833,12.4254,28.9214,0.0,0.0,4750,2901,0,0,36.5,14.86,0.0,0.0,65,0.0,0.0,0.0,one,SR,1
0,4978,802,0,0,30.083,9.6431,19.3539,0.0,0.0,2347,1880,0,0,14.87,10.86,0.0,0.0,9,0.0,0.0,0.0,one,SR,1
0,4772,5922,4838,0,41.2406,7.6765,12.3907,19.7475,0.0,2113,996,1737,0,9.35,6.06,8.2,0.0,352,0.0,21.0,0.0,many,SR,2
0,2502,1923,0,0,40.8324,11.9924,27.4169,0.0,0.0,4251,2740,0,0,31.83,14.23,0.0,0.0,56,0.0,0.0,0.0,one,SR,1
0,3395,9450,7964,0,35.2183,6.9765,14.6194,12.3496,0.0,1858,1210,1001,0,8.05,6.67,6.06,0.0,306,1.0,6.0,0.0,many,SR,2
0,4220,2426,0,0,31.4597,5.5787,24.5767,0.0,0.0,3091,2437,0,0,20.72,13.04,0.0,0.0,420,0.0,0.0,0.0,one,SR,1
0,2885,5702,2282,0,39.7727,8.907,13.266,16.234,0.0,1848,1080,1661,0,7.11,6.3,7.35,0.0,231,0.0,212.0,0.0,many,SR,2
0,2349,9033,0,0,37.2683,11.1547,24.7999,0.0,0.0,3679,2461,0,0,26.81,13.14,0.0,0.0,46,0.0,0.0,0.0,one,SR,1
0,2544,420,0,0,26.3937,8.7367,16.6824,0.0,0.0,2504,1596,0,0,17.52,9.75,0.0,0.0,3,0.0,0.0,0.0,one,SR,1
0,3439,8921,6951,0,43.2347,9.1909,17.7843,14.804,0.0,2314,1816,1228,0,11.2,7.84,6.72,0.0,267,214.0,1.0,0.0,many,SR,2
0,3806,6846,0,0,23.6378,5.588,17.0595,0.0,0.0,1821,1636,0,0,10.21,9.9,0.0,0.0,227,0.0,0.0,0.0,one,SR,1
0,2412,1520,0,0,23.0177,4.8018,17.2189,0.0,0.0,1795,1653,0,0,9.87,9.97,0.0,0.0,285,0.0,0.0,0.0,one,SR,1
0,1184,9599,0,0,22.6708,5.2114,16.493,0.0,0.0,2553,1575,0,0,18.11,9.66,0.0,0.0,238,0.0,0.0,0.0,one,SR,1
0,42,2575,0,0,22.5955,7.0585,14.6452,0.0,0.0,1494,1380,0,0,7.66,8.92,0.0,0.0,66,0.0,0.0,0.0,one,SR,1
0,2783,6609,0,0,27.2985,7.8535,18.399,0.0,0.0,2329,1778,0,0,15.04,10.46,0.0,0.0,107,0.0,0.0,0.0,one,SR,1
0,2524,4717,0,0,26.5732,7.2275,18.3032,0.0,0.0,3918,1769,0,0,31.76,10.42,0.0,0.0,147,0.0,0.0,0.0,one,SR,1
0,1715,8187,0,0,21.568,7.4735,13.2529,0.0,0.0,1292,1238,0,0,5.99,8.42,0.0,0.0,7,0.0,0.0,0.0,one,SR,1
0,4214,2342,0,0,21.2252,4.2248,16.052,0.0,0.0,1781,1529,0,0,10.17,9.48,0.0,0.0,294,0.0,0.0,0.0,one,SR,1
0,2510,1392,0,0,26.1832,6.5191,18.6091,0.0,0.0,2153,1801,0,0,13.11,10.55,0.0,0.0,203,0.0,0.0,0.0,one,SR,1
0,1630,6773,2560,0,35.2402,8.0598,9.8245,16.1088,0.0,1981,752,1388,0,9.58,5.37,7.1,0.0,216,1.0,26.0,0.0,many,SR,2
0,4288,4055,0,0,20.2948,4.859,14.5475,0.0,0.0,1809,1370,0,0,11.0,8.88,0.0,0.0,214,0.0,0.0,0.0,one,SR,1
0,2193,21,0,0,28.843,8.4126,19.3444,0.0,0.0,2649,1880,0,0,18.04,10.86,0.0,0.0,93,0.0,0.0,0.0,one,SR,1
0,957,8505,0,0,19.997,6.5785,12.6005,0.0,0.0,1266,1171,0,0,5.93,8.18,0.0,0.0,54,0.0,0.0,0.0,one,SR,1
0,2826,4860,0,0,27.723,8.5239,18.1625,0.0,0.0,3288,1754,0,0,25.19,10.37,0.0,0.0,55,0.0,0.0,0.0,one,SR,1
0,844,9436,9270,0,37.6625,9.9593,13.3764,13.0691,0.0,2611,1090,1061,0,16.1,6.33,6.25,0.0,93,0.0,0.0,0.0,many,SR,2
0,4169,8217,0,0,19.7919,7.1076,11.8917,0.0,0.0,1304,1099,0,0,6.56,7.92,0.0,0.0,2,0.0,0.0,0.0,one,SR,1
0,231,7476,0,0,18.9712,4.9905,13.1433,0.0,0.0,1551,1226,0,0,8.75,8.37,0.0,0.0,174,0.0,0.0,0.0,one,SR,1
0,4808,3211,0,0,19.0161,3.6992,14.4325,0.0,0.0,1750,1359,0,0,10.42,8.84,0.0,0.0,291,0.0,0.0,0.0,one,SR,1
0,731,9941,0,0,18.5016,6.783,10.96,0.0,0.0,2264,1003,0,0,16.94,7.59,0.0,0.0,3,0.0,0.0,0.0,one,SR,1
0,1538,2859,647,0,31.8073,7.7843,13.3477,9.5025,0.0,2075,1232,727,0,11.23,6.44,5.29,0.0,189,103.0,5.0,0.0,many,SR,2
0,3140,9862,0,0,24.6047,6.9772,16.6544,0.0,0.0,2374,1592,0,0,16.17,9.73,0.0,0.0,122,0.0,0.0,0.0,one,SR,1
0,4271,7058,0,0,18.0578,6.3374,10.9619,0.0,0.0,1350,1003,0,0,7.35,7.59,0.0,0.0,34,0.0,0.0,0.0,one,SR,1
0,2708,9654,0,0,17.9851,4.2871,12.8701,0.0,0.0,1468,1199,0,0,7.96,8.28,0.0,0.0,216,0.0,0.0,0.0,one,SR,1
0,3157,4908,2003,0,32.8568,7.9128,13.6703,10.0884,0.0,1242,1119,776,0,2.37,6.41,5.44,0.0,188,0.0,0.0,0.0,many,SR,2
0,4526,7044,0,0,24.4294,6.7021,16.7499,0.0,0.0,2008,1603,0,0,12.29,9.77,0.0,0.0,143,0.0,0.0,0.0,one,SR,1
0,4537,2290,0,0,17.1615,5.4284,10.9738,0.0,0.0,1309,1005,0,0,6.91,7.59,0.0,0.0,96,0.0,0.0,0.0,one,SR,1
0,1841,6737,0,0,17.1362,3.06,13.2352,0.0,0.0,1904,1236,0,0,12.42,8.41,0.0,0.0,308,0.0,0.0,0.0,one,SR,1
0,3547,3565,0,0,22.7972,5.6291,16.2135,0.0,0.0,2143,1545,0,0,13.91,9.55,0.0,0.0,202,0.0,0.0,0.0,one,SR,1
0,4754,7243,0,0,23.9698,7.173,15.8571,0.0,0.0,2040,1507,0,0,12.96,9.4,0.0,0.0,88,0.0,0.0,0.0,one,SR,1
0,2136,9885,0,0,17.0058,3.9415,12.2587,0.0,0.0,1672,1136,0,0,10.31,8.06,0.0,0.0,226,0.0,0.0,0.0,one,SR,1
0,4663,490,0,0,19.9942,4.9549,14.1648,0.0,0.0,1546,1331,0,0,8.36,8.75,0.0,0.0,199,0.0,0.0,0.0,one,SR,1
0,266,6004,0,0,22.6753,6.531,15.2304,0.0,0.0,1837,1441,0,0,11.06,9.14,0.0,0.0,116,0.0,0.0,0.0,one,SR,1
0,2334,3222,0,0,16.7788,5.0356,10.9836,0.0,0.0,1401,1006,0,0,7.87,7.6,0.0,0.0,123,0.0,0.0,0.0,one,SR,1
0,4854,1170,0,0,16.5448,6.2182,9.6165,0.0,0.0,1211,866,0,0,6.32,7.1,0.0,0.0,12,0.0,0.0,0.0,one,SR,1
0,2582,148,0,0,16.6042,3.6227,12.1787,0.0,0.0,1775,1128,0,0,11.41,8.03,0.0,0.0,246,0.0,0.0,0.0,one,SR,1
0,1758,1505,0,0,19.0174,4.1843,13.9657,0.0,0.0,1877,1311,0,0,11.9,8.67,0.0,0.0,247,0.0,0.0,0.0,one,SR,1
0,1530,6673,0,0,16.3488,6.162,9.4817,0.0,0.0,1398,852,0,0,8.33,7.05,0.0,0.0,13,0.0,0.0,0.0,one,SR,1
0,3433,9245,0,0,18.6066,3.9783,13.7683,0.0,0.0,1758,1290,0,0,10.72,8.6,0.0,0.0,257,0.0,0.0,0.0,one,SR,1
0,4951,5059,0,0,16.3458,5.8554,9.7746,0.0,0.0,1167,882,0,0,5.81,7.16,0.0,0.0,40,0.0,0.0,0.0,one,SR,1
0,2251,2725,0,0,16.3653,4.7739,10.8371,0.0,0.0,1849,991,0,0,12.63,7.54,0.0,0.0,138,0.0,0.0,0.0,one,SR,1
0,410,9527,0,0,20.9685,5.4435,14.6335,0.0,0.0,1786,1379,0,0,10.73,8.91,0.0,0.0,176,0.0,0.0,0.0,one,SR,1
0,1854,1152,0,0,20.4103,6.7958,12.7899,0.0,0.0,1695,1190,0,0,10.38,8.25,0.0,0.0,43,0.0,0.0,0.0,one,SR,1
0,2728,6811,0,0,16.0196,5.0416,10.2452,0.0,0.0,1207,930,0,0,6.08,7.33,0.0,0.0,106,0.0,0.0,0.0,one,SR,1
0,3378,9197,0,0,15.9846,4.3735,10.8564,0.0,0.0,1207,992,0,0,5.88,7.55,0.0,0.0,165,0.0,0.0,0.0,one,SR,1
0,4199,1219,0,0,15.8087,6.1562,8.966,0.0,0.0,1012,799,0,0,4.45,6.86,0.0,0.0,2,0.0,0.0,0.0,one,SR,1
0,3055,4184,0,0,15.7979,3.7537,11.2744,0.0,0.0,1375,1035,0,0,7.51,7.7,0.0,0.0,217,0.0,0.0,0.0,one,SR,1
0,1779,5623,0,0,15.726,4.1042,10.8664,0.0,0.0,1709,994,0,0,11.15,7.55,0.0,0.0,184,0.0,0.0,0.0,one,SR,1
0,4202,5444,0,0,21.8427,6.9918,13.9831,0.0,0.0,1897,1312,0,0,12.11,8.68,0.0,0.0,56,0.0,0.0,0.0,one,SR,1
0,1608,2957,0,0,15.4257,3.2379,11.413,0.0,0.0,1850,1049,0,0,12.45,7.75,0.0,0.0,255,0.0,0.0,0.0,one,SR,1
0,4964,1754,0,0,15.3291,0.205,14.2467,0.0,0.0,3389,1339,0,0,27.69,8.77,0.0,0.0,525,0.0,0.0,0.0,one,SR,1
0,1712,2594,0,0,21.9062,7.6378,13.4208,0.0,0.0,1950,1255,0,0,12.85,8.48,0.0,0.0,0,0.0,0.0,0.0,one,SR,1
0,4953,2452,0,0,14.9582,4.4077,9.833,0.0,0.0,1405,887,0,0,8.29,7.18,0.0,0.0,140,0.0,0.0,0.0,one,SR,1
0,2940,3634,0,0,20.527,5.9126,13.7547,0.0,0.0,1760,1289,0,0,10.74,8.6,0.0,0.0,125,0.0,0.0,0.0,one,SR,1
0,923,9873,0,0,14.807,5.0052,9.1103,0.0,0.0,1099,813,0,0,5.32,6.91,0.0,0.0,83,0.0,0.0,0.0,one,SR,1
0,4392,2571,0,0,20.8041,6.6634,13.2976,0.0,0.0,1850,1242,0,0,11.84,8.43,0.0,0.0,63,0.0,0.0,0.0,one,SR,1
0,371,1730,0,0,19.0855,5.9927,12.2861,0.0,0.0,1720,1139,0,0,10.8,8.07,0.0,0.0,87,0.0,0.0,0.0,one,SR,1
0,4713,1762,0,0,14.7146,3.6576,10.3215,0.0,0.0,1331,938,0,0,7.36,7.36,0.0,0.0,202,0.0,0.0,0.0,one,SR,1
0,3684,7052,0,0,19.0683,4.4476,13.7607,0.0,0.0,2028,1290,0,0,13.55,8.6,0.0,0.0,225,0.0,0.0,0.0,one,SR,1
0,2313,9040,0,0,20.6205,6.4045,13.37,0.0,0.0,2036,1250,0,0,13.77,8.46,0.0,0.0,83,0.0,0.0,0.0,one,SR,1
0,3937,4115,0,0,20.7406,6.1825,13.7002,0.0,0.0,1694,1284,0,0,10.07,8.58,0.0,0.0,105,0.0,0.0,0.0,one,SR,1
0,2575,1580,0,0,20.2836,6.1429,13.2976,0.0,0.0,1957,1242,0,0,12.96,8.43,0.0,0.0,99,0.0,0.0,0.0,one,SR,1
0,3440,9789,0,0,17.9324,4.844,12.2821,0.0,0.0,1799,1138,0,0,11.63,8.06,0.0,0.0,165,0.0,0.0,0.0,one,SR,1
0,1744,7264,0,0,14.5018,1.6456,12.0577,0.0,0.0,3078,1116,0,0,25.13,7.99,0.0,0.0,378,0.0,0.0,0.0,one,SR,1
0,4518,4984,0,0,19.5621,6.85,11.9189,0.0,0.0,1274,1101,0,0,6.24,7.93,0.0,0.0,20,0.0,0.0,0.0,one,SR,1
0,1209,8079,0,0,14.2802,3.693,9.8682,0.0,0.0,1245,891,0,0,6.6,7.19,0.0,0.0,190,0.0,0.0,0.0,one,SR,1
0,1078,9235,0,0,14.2237,5.2232,8.337,0.0,0.0,1147,734,0,0,6.07,6.63,0.0,0.0,51,0.0,0.0,0.0,one,SR,1
0,3004,5394,0,0,19.7679,6.5474,12.4093,0.0,0.0,2342,1152,0,0,17.29,8.11,0.0,0.0,52,0.0,0.0,0.0,one,SR,1
0,3121,4119,0,0,14.0728,3.7265,9.6358,0.0,0.0,1214,867,0,0,6.35,7.1,0.0,0.0,182,0.0,0.0,0.0,one,SR,1
0,3085,488,0,0,13.931,3.3925,9.8213,0.0,0.0,1422,886,0,0,8.48,7.17,0.0,0.0,209,0.0,0.0,0.0,one,SR,1
0,1830,9082,0,0,13.9411,2.7974,10.4053,0.0,0.0,1718,946,0,0,11.39,7.38,0.0,0.0,263,0.0,0.0,0.0,one,SR,1
0,825,6129,0,0,16.72,3.8258,12.0946,0.0,0.0,1401,1119,0,0,7.51,8.0,0.0,0.0,230,0.0,0.0,0.0,one,SR,1
0,2874,6394,0,0,20.6168,7.0326,12.7606,0.0,0.0,1943,1187,0,0,12.99,8.24,0.0,0.0,26,0.0,0.0,0.0,one,SR,1
0,3023,5221,0,0,20.7022,6.946,12.9266,0.0,0.0,1902,1204,0,0,12.5,8.3,0.0,0.0,36,0.0,0.0,0.0,one,SR,1
0,3830,9174,0,0,15.1368,4.6426,9.7784,0.0,0.0,1709,882,0,0,11.5,7.16,0.0,0.0,123,0.0,0.0,0.0,one,SR,1
0,726,5946,0,0,18.8898,6.1638,11.9324,0.0,0.0,1525,1102,0,0,8.87,7.94,0.0,0.0,67,0.0,0.0,0.0,one,SR,1
0,2119,6023,0,0,19.7288,6.1769,12.7294,0.0,0.0,2279,1184,0,0,16.53,8.23,0.0,0.0,84,0.0,0.0,0.0,one,SR,1
0,4944,543,0,0,17.2728,6.5376,10.0109,0.0,0.0,1596,906,0,0,10.24,7.24,0.0,0.0,-1,0.0,0.0,0.0,one,SR,1
0,1473,9526,6319,0,50.0649,11.0438,13.8872,23.5226,0.0,2429,1139,2412,0,11.0,6.47,9.64,0.0,236,0.0,236.0,0.0,many,SR,2
0,1823,8163,0,0,16.6513,4.1049,11.7588,0.0,0.0,1851,1085,0,0,12.35,7.88,0.0,0.0,204,0.0,0.0,0.0,one,SR,1
0,3987,467,0,0,16.5886,4.0043,11.7957,0.0,0.0,1835,1088,0,0,12.17,7.89,0.0,0.0,211,0.0,0.0,0.0,one,SR,1
0,1485,3487,0,0,13.2025,3.7689,8.755,0.0,0.0,1197,777,0,0,6.46,6.79,0.0,0.0,160,0.0,0.0,0.0,one,SR,1
0,1282,7163,1546,0,29.2264,7.2618,11.2665,9.5827,0.0,1218,1002,727,0,2.75,5.85,5.3,0.0,190,81.0,-1.0,0.0,many,SR,2
0,1893,6447,0,0,16.0073,3.1188,12.0889,0.0,0.0,1881,1119,0,0,12.55,8.0,0.0,0.0,278,0.0,0.0,0.0,one,SR,1
0,3529,2798,0,0,12.906,3.822,8.4173,0.0,0.0,1649,743,0,0,11.31,6.67,0.0,0.0,149,0.0,0.0,0.0,one,SR,1
0,2733,9434,0,0,12.81,3.5345,8.6026,0.0,0.0,1252,761,0,0,7.09,6.73,0.0,0.0,172,0.0,0.0,0.0,one,SR,1
0,3203,8864,7008,0,39.4799,9.2326,10.2169,18.6943,0.0,1778,818,1626,0,6.64,5.5,7.86,0.0,191,21.0,16.0,0.0,many,SR,2
0,1884,5518,0,0,16.9629,5.0357,11.1613,0.0,0.0,1467,1024,0,0,8.51,7.66,0.0,0.0,127,0.0,0.0,0.0,one,SR,1
0,998,2929,0,0,18.5264,6.2798,11.4697,0.0,0.0,2693,1055,0,0,21.28,7.77,0.0,0.0,49,0.0,0.0,0.0,one,SR,1
0,1717,9756,0,0,19.3068,6.947,11.579,0.0,0.0,1670,1066,0,0,10.51,7.81,0.0,0.0,6,0.0,0.0,0.0,one,SR,1
0,4863,5831,0,0,18.3162,5.8811,11.6514,0.0,0.0,2119,1074,0,0,15.2,7.84,0.0,0.0,80,0.0,0.0,0.0,one,SR,1
0,458,3928,0,0,19.1937,6.9085,11.5068,0.0,0.0,1986,1059,0,0,13.85,7.78,0.0,0.0,7,0.0,0.0,0.0,one,SR,1
0,4468,931,0,0,12.3393,1.754,9.8663,0.0,0.0,1977,891,0,0,14.29,7.19,0.0,0.0,322,0.0,0.0,0.0,one,SR,1
0,2098,3990,0,0,16.4048,4.3682,11.2668,0.0,0.0,1689,1035,0,0,10.81,7.7,0.0,0.0,175,0.0,0.0,0.0,one,SR,1
0,104,2940,0,0,12.2646,2.9176,8.6712,0.0,0.0,1585,769,0,0,10.56,6.76,0.0,0.0,216,0.0,0.0,0.0,one,SR,1
0,2609,5674,0,0,16.6662,4.4057,11.4832,0.0,0.0,2355,1056,0,0,17.73,7.77,0.0,0.0,177,0.0,0.0,0.0,one,SR,1
0,939,4409,0,0,16.6669,4.9326,10.9755,0.0,0.0,1440,1004,0,0,8.29,7.59,0.0,0.0,130,0.0,0.0,0.0,one,SR,1
0,1554,2462,0,0,11.9472,0.6093,10.5927,0.0,0.0,2675,965,0,0,21.38,7.45,0.0,0.0,416,0.0,0.0,0.0,one,SR,1
0,413,6399,0,0,17.2652,6.0665,10.4582,0.0,0.0,2463,952,0,0,19.2,7.41,0.0,0.0,41,0.0,0.0,0.0,one,SR,1
0,1071,6717,0,0,17.3004,5.9442,10.6104,0.0,0.0,1925,967,0,0,13.5,7.46,0.0,0.0,53,0.0,0.0,0.0,one,SR,1
0,3978,917,0,0,15.557,6.1012,8.7764,0.0,0.0,1687,779,0,0,11.6,6.79,0.0,0.0,1,0.0,0.0,0.0,one,SR,1
0,4599,181,0,0,14.2463,4.6368,8.9248,0.0,0.0,2000,794,0,0,14.84,6.85,0.0,0.0,104,0.0,0.0,0.0,one,SR,1
0,3991,2122,0,0,16.2963,5.1342,10.4229,0.0,0.0,1583,948,0,0,9.97,7.39,0.0,0.0,104,0.0,0.0,0.0,one,SR,1
0,2284,6826,0,0,16.8639,5.5241,10.5946,0.0,0.0,3285,965,0,0,27.79,7.45,0.0,0.0,81,0.0,0.0,0.0,one,SR,1
0,1516,2280,0,0,13.7525,3.4828,9.5617,0.0,0.0,1656,860,0,0,11.02,7.08,0.0,0.0,197,0.0,0.0,0.0,one,SR,1
0,3758,1479,0,0,16.1689,5.3572,10.0849,0.0,0.0,1597,913,0,0,10.23,7.27,0.0,0.0,81,0.0,0.0,0.0,one,SR,1
0,3926,2757,0,0,13.4354,4.6348,8.1439,0.0,0.0,1511,715,0,0,9.95,6.57,0.0,0.0,87,0.0,0.0,0.0,one,SR,1
0,1438,4417,0,0,15.1439,5.2309,9.2178,0.0,0.0,1227,824,0,0,6.63,6.95,0.0,0.0,70,0.0,0.0,0.0,one,SR,1
0,2123,3929,0,0,14.1825,4.9246,8.5852,0.0,0.0,1608,760,0,0,10.83,6.73,0.0,0.0,77,0.0,0.0,0.0,one,SR,1
0,4789,4428,2872,0,38.1643,6.917,20.7257,9.1413,0.0,2341,1814,854,0,12.16,8.48,5.32,0.0,376,7.0,120.0,0.0,many,SR,2
0,674,4145,0,0,15.0097,5.7032,8.6321,0.0,0.0,2309,765,0,0,18.17,6.74,0.0,0.0,25,0.0,0.0,0.0,one,SR,1
0,2070,1955,0,0,14.053,4.8583,8.5244,0.0,0.0,2446,753,0,0,19.65,6.7,0.0,0.0,80,0.0,0.0,0.0,one,SR,1
0,1019,5206,0,0,15.3623,5.9021,8.7805,0.0,0.0,1341,780,0,0,7.96,6.8,0.0,0.0,15,0.0,0.0,0.0,one,SR,1
0,162,9393,0,0,14.394,5.422,8.3096,0.0,0.0,1413,731,0,0,8.87,6.62,0.0,0.0,37,0.0,0.0,0.0,one,SR,1
0,3043,5708,3918,0,30.5649,9.0748,9.6432,10.7524,0.0,1201,734,844,0,2.76,5.32,5.62,0.0,53,0.0,3.0,0.0,many,SR,2
0,1586,4533,4532,0,57.4156,14.9477,20.397,20.397,0.0,2167,1771,1771,0,7.69,8.37,8.37,0.0,8,0.0,0.0,0.0,many,SR,2
0,650,3178,2407,0,45.6789,12.5522,9.5319,22.1726,0.0,2187,723,1959,0,10.16,5.29,8.93,0.0,17,0.0,9.0,0.0,many,SR,2
0,2585,7850,5040,0,44.3122,12.3369,11.3404,19.2543,0.0,1668,896,1668,0,5.09,5.78,8.03,0.0,6,0.0,6.0,0.0,many,SR,2
0,3299,4112,2615,0,44.5244,11.3754,15.9939,15.7519,0.0,2743,1362,1317,0,16.17,7.06,6.97,0.0,86,15.0,0.0,0.0,many,SR,2
0,1322,7632,4904,0,57.4411,13.6332,15.7652,26.3164,0.0,2611,1319,2439,0,11.88,6.98,10.28,0.0,130,0.0,60.0,0.0,many,SR,2
0,4546,6612,1097,0,45.5075,8.8452,21.138,14.0128,0.0,2339,1855,1151,0,10.96,8.61,6.5,0.0,325,7.0,0.0,0.0,many,SR,2
0,3455,6077,2125,0,39.8189,7.559,15.4408,15.4408,0.0,2027,1288,1288,0,8.88,6.89,6.89,0.0,331,0.0,0.0,0.0,many,SR,2
0,2943,5861,5164,0,36.6536,9.8993,13.9411,11.5707,0.0,1267,1267,918,0,2.12,6.58,5.84,0.0,88,88.0,0.0,0.0,many,SR,2
0,893,6289,801,0,32.138,8.2202,10.8971,11.8613,0.0,1515,865,951,0,5.47,5.67,5.92,0.0,151,8.0,4.0,0.0,many,SR,2
0,2233,5147,2169,0,46.3612,12.4296,10.0643,22.4198,0.0,2066,827,1970,0,8.67,5.48,9.0,0.0,41,38.0,-1.0,0.0,many,SR,2
0,1905,7400,5430,0,37.012,10.775,12.5087,12.5087,0.0,1580,1008,1008,0,5.61,6.1,6.1,0.0,14,0.0,0.0,0.0,many,SR,2
0,2787,5540,5466,4337,66.3163,15.4819,11.4845,18.7104,18.459,2004,915,2004,1581,1.42,5.82,8.21,7.77,283,4.0,283.0,0.0,many,SR,3
0,2340,5297,3981,0,45.7204,12.5623,15.072,16.6843,0.0,2700,1251,1407,0,15.73,6.79,7.23,0.0,4,-1.0,0.0,0.0,many,SR,2
0,4724,9504,8814,0,62.7839,16.0823,23.6668,21.2319,0.0,2108,2108,1854,0,5.91,9.4,8.63,0.0,10,10.0,0.0,0.0,many,SR,2
0,2870,9095,2970,0,48.7201,10.9263,18.3467,17.8959,0.0,2341,1569,1726,0,10.62,7.73,7.78,0.0,207,0.0,142.0,0.0,many,SR,2
0,2496,6493,4679,0,37.2015,9.0707,10.452,16.4015,0.0,1560,859,1435,0,4.88,5.58,7.19,0.0,166,34.0,40.0,0.0,many,SR,2
0,2591,4445,0,0,49.4933,13.5979,34.1893,0.0,0.0,3972,3462,0,0,26.35,17.06,0.0,0.0,120,0.0,0.0,0.0,one,SR,1
0,4998,9083,3401,0,33.6354,7.6236,12.3259,12.4601,0.0,1452,994,1158,0,4.21,6.05,6.21,0.0,233,3.0,111.0,0.0,many,SR,2
0,2816,4557,1637,0,51.0596,8.9651,24.3697,16.0583,0.0,3227,2167,1347,0,18.88,9.61,7.06,0.0,412,3.0,0.0,0.0,many,SR,2
0,4842,6887,0,0,25.8973,6.6906,18.1701,0.0,0.0,2067,1754,0,0,12.37,10.37,0.0,0.0,180,0.0,0.0,0.0,one,SR,1
0,1068,6680,0,0,25.8737,5.936,18.8717,0.0,0.0,2430,1829,0,0,15.92,10.66,0.0,0.0,250,0.0,0.0,0.0,one,SR,1
0,3607,7305,4541,0,34.3984,7.3195,14.7675,11.0636,0.0,2346,1307,869,0,13.4,6.78,5.7,0.0,267,60.0,0.0,0.0,many,SR,2
0,2808,8148,7811,0,47.215,12.705,14.7834,18.284,0.0,1598,1225,1563,0,3.8,6.71,7.71,0.0,19,0.0,0.0,0.0,many,SR,2
0,3575,8762,492,0,54.4634,11.329,11.0446,30.3562,0.0,3292,867,2946,0,18.96,5.7,11.64,0.0,292,0.0,137.0,0.0,many,SR,2
0,671,3084,0,0,26.4585,7.9122,17.536,0.0,0.0,1941,1687,0,0,11.29,10.1,0.0,0.0,81,0.0,0.0,0.0,one,SR,1
0,1122,826,0,0,27.7933,8.6727,18.0876,0.0,0.0,2551,1745,0,0,17.49,10.33,0.0,0.0,43,0.0,0.0,0.0,one,SR,1
0,1628,8194,0,0,27.6034,8.8345,17.7499,0.0,0.0,2735,1709,0,0,19.55,10.19,0.0,0.0,23,0.0,0.0,0.0,one,SR,1
0,4939,1975,0,0,24.2378,7.1595,16.1272,0.0,0.0,1954,1536,0,0,11.96,9.51,0.0,0.0,96,0.0,0.0,0.0,one,SR,1
0,4963,6774,0,0,26.1252,7.9856,17.1458,0.0,0.0,2703,1645,0,0,19.44,9.94,0.0,0.0,66,0.0,0.0,0.0,one,SR,1
0,2325,769,0,0,25.5772,8.3757,16.2453,0.0,0.0,2366,1549,0,0,16.24,9.56,0.0,0.0,16,0.0,0.0,0.0,one,SR,1
0,3753,110,0,0,23.3491,7.7912,14.665,0.0,0.0,1775,1383,0,0,10.6,8.93,0.0,0.0,17,0.0,0.0,0.0,one,SR,1
0,3380,9053,0,0,22.4223,6.4603,15.0553,0.0,0.0,2576,1422,0,0,18.89,9.07,0.0,0.0,116,0.0,0.0,0.0,one,SR,1
0,2522,7885,0,0,21.7918,5.1199,15.7369,0.0,0.0,1795,1495,0,0,10.43,9.35,0.0,0.0,225,0.0,0.0,0.0,one,SR,1
0,4436,6058,0,0,23.6861,7.4656,15.3035,0.0,0.0,1991,1449,0,0,12.65,9.17,0.0,0.0,54,0.0,0.0,0.0,one,SR,1
0,706,9867,0,0,23.4489,6.6871,15.8232,0.0,0.0,2453,1504,0,0,17.31,9.39,0.0,0.0,120,0.0,0.0,0.0,one,SR,1
0,2011,1713,0,0,20.7831,5.0899,14.7957,0.0,0.0,2220,1396,0,0,15.23,8.97,0.0,0.0,204,0.0,0.0,0.0,one,SR,1
0,2711,1440,0,0,16.323,4.9402,10.6359,0.0,0.0,1375,970,0,0,7.72,7.47,0.0,0.0,122,0.0,0.0,0.0,one,SR,1
0,3105,4702,0,0,15.9982,5.5179,9.7649,0.0,0.0,1692,881,0,0,11.33,7.15,0.0,0.0,63,0.0,0.0,0.0,one,SR,1
0,2746,6268,0,0,15.9875,3.751,11.4599,0.0,0.0,1361,1054,0,0,7.3,7.77,0.0,0.0,221,0.0,0.0,0.0,one,SR,1
0,171,8643,0,0,15.9008,5.6943,9.5009,0.0,0.0,1751,853,0,0,12.04,7.06,0.0,0.0,45,0.0,0.0,0.0,one,SR,1
0,376,7319,6781,0,40.8217,11.0869,13.2118,15.2106,0.0,1349,1075,1277,0,2.35,6.29,6.84,0.0,50,0.0,8.0,0.0,many,SR,2
0,475,6769,0,0,19.0567,6.6159,11.6571,0.0,0.0,1897,1074,0,0,12.87,7.84,0.0,0.0,30,0.0,0.0,0.0,one,SR,1
0,3620,9168,0,0,15.0801,4.1387,10.21,0.0,0.0,1433,926,0,0,8.46,7.31,0.0,0.0,167,0.0,0.0,0.0,one,SR,1
0,777,8772,0,0,15.0062,3.4698,10.7842,0.0,0.0,1511,985,0,0,9.1,7.52,0.0,0.0,225,0.0,0.0,0.0,one,SR,1
0,365,9221,0,0,20.9355,6.5336,13.5496,0.0,0.0,2431,1268,0,0,17.86,8.52,0.0,0.0,78,0.0,0.0,0.0,one,SR,1
0,4480,2504,0,0,19.4597,6.895,11.7765,0.0,0.0,1687,1087,0,0,10.62,7.88,0.0,0.0,14,0.0,0.0,0.0,one,SR,1
0,949,1807,0,0,20.9286,7.2306,12.8701,0.0,0.0,1872,1199,0,0,12.21,8.28,0.0,0.0,15,0.0,0.0,0.0,one,SR,1
0,2946,9529,0,0,13.6379,3.1923,9.7315,0.0,0.0,1498,877,0,0,9.3,7.14,0.0,0.0,221,0.0,0.0,0.0,one,SR,1
0,4561,9678,0,0,18.081,5.5391,11.7548,0.0,0.0,1578,1084,0,0,9.48,7.87,0.0,0.0,106,0.0,0.0,0.0,one,SR,1
0,1222,5440,0,0,12.9865,2.6801,9.597,0.0,0.0,1520,864,0,0,9.58,7.09,0.0,0.0,253,0.0,0.0,0.0,one,SR,1
0,3736,401,0,0,17.017,5.4522,10.8116,0.0,0.0,2023,988,0,0,14.46,7.53,0.0,0.0,91,0.0,0.0,0.0,one,SR,1
0,2128,9201,0,0,17.4471,6.1737,10.5303,0.0,0.0,1461,959,0,0,8.65,7.43,0.0,0.0,35,0.0,0.0,0.0,one,SR,1
0,3145,8199,0,0,17.0549,5.3585,10.9386,0.0,0.0,2026,1001,0,0,14.45,7.58,0.0,0.0,100,0.0,0.0,0.0,one,SR,1
0,3373,3392,0,0,17.693,6.254,10.6904,0.0,0.0,1748,975,0,0,11.62,7.49,0.0,0.0,33,0.0,0.0,0.0,one,SR,1
0,2248,5539,3076,0,36.666,8.0909,11.1787,16.1147,0.0,1635,880,1362,0,5.63,5.73,7.08,0.0,235,0.0,7.0,0.0,many,SR,2
0,2921,9852,0,0,13.3587,3.3116,9.3469,0.0,0.0,1879,838,0,0,13.43,7.0,0.0,0.0,204,0.0,0.0,0.0,one,SR,1
0,1292,2212,0,0,14.7791,5.5617,8.5461,0.0,0.0,1331,756,0,0,7.93,6.71,0.0,0.0,33,0.0,0.0,0.0,one,SR,1
0,1729,1733,0,0,15.864,6.0414,9.1301,0.0,0.0,1410,816,0,0,8.57,6.92,0.0,0.0,13,0.0,0.0,0.0,one,SR,1
0,3988,5235,0,0,13.8794,4.3933,8.8057,0.0,0.0,1238,782,0,0,6.88,6.8,0.0,0.0,118,0.0,0.0,0.0,one,SR,1
0,4751,4049,0,0,14.691,5.3965,8.6205,0.0,0.0,1532,764,0,0,10.02,6.74,0.0,0.0,46,0.0,0.0,0.0,one,SR,1
0,912,8195,540,0,42.7699,11.3429,15.5954,14.4752,0.0,1411,1308,1195,0,2.61,6.94,6.63,0.0,59,4.0,0.0,0.0,many,SR,2
0,1139,6997,5078,0,49.671,13.0143,13.461,21.6804,0.0,2862,1099,1928,0,16.41,6.36,8.8,0.0,43,0.0,21.0,0.0,many,SR,2
0,4629,9333,8511,0,39.1353,11.0366,15.7047,11.1226,0.0,1352,1352,875,0,2.75,6.99,5.72,0.0,28,28.0,0.0,0.0,many,SR,2
0,4042,7934,565,0,36.9225,10.1314,14.0132,11.5434,0.0,1413,1150,925,0,3.73,6.5,5.84,0.0,67,-1.0,7.0,0.0,many,SR,2
0,509,9224,5776,0,63.0793,15.9155,21.8694,23.4788,0.0,2196,1917,2075,0,6.72,8.83,9.33,0.0,29,0.0,0.0,0.0,many,SR,2
0,3164,6296,1947,0,37.5337,10.5428,13.4819,12.2652,0.0,1163,1163,984,0,1.02,6.41,6.03,0.0,45,45.0,0.0,0.0,many,SR,2
0,4896,4634,2096,0,47.2857,12.0656,16.922,16.8422,0.0,2265,1429,1421,0,10.68,7.29,7.27,0.0,71,0.0,0.0,0.0,many,SR,2
0,1571,6189,1232,0,29.9835,8.3619,9.8563,10.6609,0.0,1330,754,920,0,4.03,5.38,5.67,0.0,108,0.0,64.0,0.0,many,SR,2
0,3850,5189,3259,0,42.335,8.4402,12.8353,19.6167,0.0,2380,1111,1759,0,12.0,6.24,8.19,0.0,310,52.0,46.0,0.0,many,SR,2
0,2234,8157,5712,0,39.5283,10.7843,9.4271,18.0257,0.0,2586,717,1551,0,15.53,5.26,7.65,0.0,57,3.0,9.0,0.0,many,SR,2
0,4057,9510,8608,0,46.9972,12.5308,15.711,17.3174,0.0,1831,1314,1469,0,6.28,6.97,7.41,0.0,28,0.0,1.0,0.0,many,SR,2
0,3270,6409,3992,0,43.5504,12.0183,11.183,18.982,0.0,2166,886,1633,0,10.44,5.74,7.93,0.0,20,4.0,1.0,0.0,many,SR,2
0,2681,6490,6489,0,35.5498,10.5407,11.9112,11.9112,0.0,2438,950,950,0,14.92,5.93,5.93,0.0,10,0.0,0.0,0.0,many,SR,2
0,170,2322,687,0,44.8168,11.7939,16.6963,14.9271,0.0,2070,1427,1238,0,9.14,7.25,6.75,0.0,55,14.0,0.0,0.0,many,SR,2
0,2426,7960,4895,0,29.5828,7.3669,11.2338,9.8687,0.0,1258,890,755,0,3.19,5.75,5.38,0.0,181,3.0,0.0,0.0,many,SR,2
0,1318,4531,3925,0,45.4639,10.9512,18.4572,14.6096,0.0,1977,1600,1218,0,7.75,7.79,6.67,0.0,141,14.0,7.0,0.0,many,SR,2
0,3814,8796,2773,0,69.3164,14.1865,24.0235,29.0421,0.0,3168,2128,2724,0,14.69,9.5,11.15,0.0,300,-1.0,71.0,0.0,many,SR,2
0,2820,8879,1453,0,44.3544,12.0419,20.1829,10.7332,0.0,2130,1794,846,0,9.8,8.34,5.62,0.0,36,31.0,6.0,0.0,many,SR,2
0,2540,9653,7813,0,35.1612,10.4059,9.9134,13.6598,0.0,1154,760,1140,0,1.48,5.39,6.43,0.0,16,0.0,16.0,0.0,many,SR,2
0,3956,760,280,0,41.4205,11.3793,19.2644,9.4425,0.0,1721,1721,715,0,6.06,8.08,5.27,0.0,43,43.0,0.0,0.0,many,SR,2
0,2893,4815,0,0,20.7863,6.1593,13.7666,0.0,0.0,1417,1291,0,0,7.14,8.6,0.0,0.0,108,0.0,0.0,0.0,one,SR,1
0,920,2403,0,0,25.0942,6.6242,17.4628,0.0,0.0,1825,1679,0,0,10.1,10.07,0.0,0.0,167,0.0,0.0,0.0,one,SR,1
0,2085,5457,0,0,24.7853,7.9296,15.9132,0.0,0.0,2245,1514,0,0,15.09,9.42,0.0,0.0,38,0.0,0.0,0.0,one,SR,1
0,315,167,0,0,17.2209,3.7461,12.655,0.0,0.0,1680,1176,0,0,10.26,8.2,0.0,0.0,248,0.0,0.0,0.0,one,SR,1
0,1449,9503,0,0,17.4127,3.907,12.6846,0.0,0.0,2133,1180,0,0,15.01,8.21,0.0,0.0,238,0.0,0.0,0.0,one,SR,1
0,1974,9196,0,0,16.0955,3.4644,11.8407,0.0,0.0,1654,1093,0,0,10.25,7.9,0.0,0.0,249,0.0,0.0,0.0,one,SR,1
0,1361,715,0,0,21.6926,6.6532,14.1648,0.0,0.0,2013,1331,0,0,13.27,8.75,0.0,0.0,83,0.0,0.0,0.0,one,SR,1
0,2212,8540,0,0,15.5531,4.0369,10.7647,0.0,0.0,1570,983,0,0,9.72,7.51,0.0,0.0,186,0.0,0.0,0.0,one,SR,1
0,1657,5551,3924,0,33.0662,8.7253,11.5749,11.596,0.0,1970,924,922,0,10.16,5.85,5.85,0.0,123,4.0,1.0,0.0,many,SR,2
0,2513,2195,0,0,19.4326,6.6453,11.9913,0.0,0.0,2069,1109,0,0,14.56,7.96,0.0,0.0,36,0.0,0.0,0.0,one,SR,1
0,2881,9054,0,0,14.1711,4.3086,9.1689,0.0,0.0,1556,819,0,0,10.1,6.94,0.0,0.0,132,0.0,0.0,0.0,one,SR,1
0,1340,8436,0,0,20.085,7.1661,12.1182,0.0,0.0,2117,1122,0,0,15.02,8.01,0.0,0.0,3,0.0,0.0,0.0,one,SR,1
0,4879,2502,0,0,12.8695,3.2069,8.9758,0.0,0.0,1348,800,0,0,7.97,6.87,0.0,0.0,203,0.0,0.0,0.0,one,SR,1
0,910,2750,0,0,12.4988,2.9089,8.9055,0.0,0.0,1618,793,0,0,10.83,6.84,0.0,0.0,222,0.0,0.0,0.0,one,SR,1
0,3018,2065,0,0,12.0816,3.0849,8.3332,0.0,0.0,1403,734,0,0,8.76,6.63,0.0,0.0,197,0.0,0.0,0.0,one,SR,1
0,2718,5229,3226,0,42.6973,11.0003,10.4951,19.8216,0.0,2022,861,1738,0,8.81,5.59,8.21,0.0,97,33.0,16.0,0.0,many,SR,2
0,3391,9988,0,0,14.7043,5.3193,8.7081,0.0,0.0,1354,772,0,0,8.12,6.77,0.0,0.0,53,0.0,0.0,0.0,one,SR,1
0,2272,7602,0,0,13.634,3.2795,9.6436,0.0,0.0,1751,868,0,0,11.99,7.11,0.0,0.0,213,0.0,0.0,0.0,one,SR,1
0,2729,9674,0,0,16.3102,6.2511,9.3585,0.0,0.0,2271,839,0,0,17.54,7.01,0.0,0.0,4,0.0,0.0,0.0,one,SR,1
0,2480,7026,0,0,14.6253,4.9064,9.0303,0.0,0.0,1524,805,0,0,9.8,6.89,0.0,0.0,88,0.0,0.0,0.0,one,SR,1
0,2182,8462,0,0,15.1889,5.759,8.7512,0.0,0.0,1522,777,0,0,9.87,6.79,0.0,0.0,24,0.0,0.0,0.0,one,SR,1
0,161,4449,2692,0,51.8731,12.8317,16.4131,21.0511,0.0,2074,1380,1888,0,7.58,7.15,8.62,0.0,93,0.0,37.0,0.0,many,SR,2
0,2330,8994,3445,0,30.9568,7.0733,10.8571,11.8659,0.0,1518,872,967,0,5.49,5.67,5.94,0.0,230,16.0,15.0,0.0,many,SR,2
0,2491,7533,1565,0,31.7789,7.131,10.3279,13.139,0.0,2210,808,1103,0,12.58,5.51,6.3,0.0,239,6.0,25.0,0.0,many,SR,2
0,2210,9384,8306,0,47.3654,11.1981,17.2975,17.3854,0.0,2127,1466,1474,0,8.97,7.41,7.44,0.0,148,0.0,-1.0,0.0,many,SR,2
0,346,4588,4587,0,35.8868,7.7113,13.4525,13.4525,0.0,1581,1098,1098,0,5.17,6.35,6.35,0.0,254,0.0,0.0,0.0,many,SR,2
0,4499,5192,3073,0,31.7014,9.2772,10.3299,10.9726,0.0,1153,815,882,0,2.01,5.52,5.7,0.0,56,11.0,15.0,0.0,many,SR,2
0,2818,2292,1428,0,56.4962,11.4962,21.5069,21.7375,0.0,2298,1941,1904,0,8.33,8.77,8.79,0.0,294,43.0,0.0,0.0,many,SR,2
0,288,6318,3349,0,51.2348,10.8407,21.3356,17.4256,0.0,2457,2101,1479,0,11.1,8.88,7.45,0.0,263,168.0,0.0,0.0,many,SR,2
0,2225,4836,0,0,29.6217,8.2907,20.2094,0.0,0.0,2144,1971,0,0,12.42,11.22,0.0,0.0,123,0.0,0.0,0.0,one,SR,1
0,4554,9191,6479,0,38.1884,11.1746,14.7771,10.997,0.0,1223,1223,863,0,1.68,6.71,5.69,0.0,-1,-1.0,0.0,0.0,many,SR,2
0,3481,4420,0,0,18.9301,6.1751,11.9601,0.0,0.0,1149,1106,0,0,4.91,7.95,0.0,0.0,67,0.0,0.0,0.0,one,SR,1
0,4395,7375,3314,0,28.7229,5.6522,10.7735,11.1606,0.0,2182,849,879,0,12.68,5.63,5.73,0.0,312,5.0,0.0,0.0,many,SR,2
0,218,6691,463,446,63.1971,17.4159,13.6672,19.3162,10.7835,1734,1126,1734,844,0.08,6.42,8.1,5.63,49,6.0,49.0,1.0,many,SR,3
0,1572,6309,0,0,16.8236,6.3193,9.7882,0.0,0.0,1231,883,0,0,6.48,7.16,0.0,0.0,9,0.0,0.0,0.0,one,SR,1
0,1378,4280,0,0,24.983,8.3426,15.707,0.0,0.0,2076,1491,0,0,13.4,9.33,0.0,0.0,4,0.0,0.0,0.0,one,SR,1
0,330,241,0,0,16.2665,4.916,10.6047,0.0,0.0,1206,967,0,0,5.95,7.46,0.0,0.0,123,0.0,0.0,0.0,one,SR,1
0,1875,2898,0,0,20.8868,4.9248,15.0553,0.0,0.0,1897,1422,0,0,11.76,9.07,0.0,0.0,221,0.0,0.0,0.0,one,SR,1
0,1920,4215,0,0,21.4807,5.9798,14.6102,0.0,0.0,2424,1377,0,0,17.44,8.91,0.0,0.0,139,0.0,0.0,0.0,one,SR,1
0,1592,8198,0,0,14.2722,3.007,10.5225,0.0,0.0,1635,958,0,0,10.48,7.43,0.0,0.0,251,0.0,0.0,0.0,one,SR,1
0,3126,7274,0,0,11.8322,2.8356,8.3332,0.0,0.0,1431,734,0,0,9.05,6.63,0.0,0.0,214,0.0,0.0,0.0,one,SR,1
0,4037,9291,0,0,14.8749,4.6394,9.5286,0.0,0.0,1634,857,0,0,10.79,7.07,0.0,0.0,118,0.0,0.0,0.0,one,SR,1
0,4196,8576,4372,0,48.7013,12.9008,20.2173,14.0946,0.0,1802,1802,1159,0,5.52,8.36,6.53,0.0,34,34.0,0.0,0.0,many,SR,2
0,305,806,0,0,12.9765,3.9856,8.3275,0.0,0.0,1204,734,0,0,6.67,6.63,0.0,0.0,136,0.0,0.0,0.0,one,SR,1
0,2688,9072,0,0,12.8508,3.8705,8.3175,0.0,0.0,1705,732,0,0,11.94,6.63,0.0,0.0,143,0.0,0.0,0.0,one,SR,1
0,2455,7284,7283,0,61.5489,14.6553,22.5432,22.5432,0.0,2041,1983,1983,0,5.16,9.04,9.04,0.0,110,0.0,0.0,0.0,many,SR,2
0,3955,8041,6069,0,46.0862,12.7952,22.1488,9.7165,0.0,1948,1948,741,0,7.62,8.92,5.34,0.0,3,3.0,0.0,0.0,many,SR,2
0,3530,3184,2411,0,32.0064,9.1854,10.2745,11.4154,0.0,1457,795,929,0,5.12,5.49,5.82,0.0,68,1.0,19.0,0.0,many,SR,2
0,4520,5920,5381,0,42.2972,11.8338,15.0532,14.0794,0.0,1935,1252,1157,0,8.34,6.79,6.52,0.0,10,1.0,0.0,0.0,many,SR,2
0,3735,9456,957,0,42.5472,11.947,14.9909,14.2744,0.0,1538,1252,1176,0,4.13,6.78,6.57,0.0,5,5.0,0.0,0.0,many,SR,2
0,1595,6958,2133,0,60.2731,13.9574,20.9984,23.5198,0.0,2268,1831,2163,0,7.64,8.56,9.42,0.0,152,0.0,59.0,0.0,many,SR,2
0,818,8945,359,0,29.5607,7.0037,11.7363,9.6956,0.0,1291,941,768,0,3.43,5.89,5.36,0.0,213,5.0,21.0,0.0,many,SR,2
0,782,8291,3146,0,43.7274,11.9382,10.3291,20.0824,0.0,1772,799,1740,0,6.21,5.51,8.27,0.0,32,0.0,0.0,0.0,many,SR,2
0,4811,107,0,0,17.7145,5.8809,11.0712,0.0,0.0,1302,1014,0,0,6.81,7.62,0.0,0.0,67,0.0,0.0,0.0,one,SR,1
0,1041,9009,0,0,21.0837,6.2651,13.9519,0.0,0.0,2043,1309,0,0,13.65,8.67,0.0,0.0,105,0.0,0.0,0.0,one,SR,1
0,4639,1963,0,0,20.9617,5.744,14.3368,0.0,0.0,1678,1349,0,0,9.69,8.81,0.0,0.0,149,0.0,0.0,0.0,one,SR,1
0,2122,5436,0,0,15.9681,4.7397,10.4872,0.0,0.0,1657,954,0,0,10.73,7.41,0.0,0.0,132,0.0,0.0,0.0,one,SR,1
0,357,8850,0,0,20.4323,4.569,14.9598,0.0,0.0,1921,1413,0,0,12.04,9.03,0.0,0.0,243,0.0,0.0,0.0,one,SR,1
0,4579,9877,0,0,14.5174,3.6931,10.0969,0.0,0.0,1241,915,0,0,6.48,7.27,0.0,0.0,195,0.0,0.0,0.0,one,SR,1
0,780,684,0,0,19.3001,5.3593,13.1045,0.0,0.0,1751,1223,0,0,10.86,8.36,0.0,0.0,148,0.0,0.0,0.0,one,SR,1
0,2089,4241,0,0,22.2084,7.6522,13.6983,0.0,0.0,2678,1284,0,0,20.4,8.58,0.0,0.0,5,0.0,0.0,0.0,one,SR,1
0,3882,7911,2497,0,52.3604,14.1016,26.739,9.9448,0.0,2404,2404,763,0,11.07,10.35,5.4,0.0,5,5.0,0.0,0.0,many,SR,2
0,4027,5210,4111,0,27.1342,5.5963,10.3103,10.1322,0.0,1923,800,780,0,10.33,5.5,5.45,0.0,291,2.0,0.0,0.0,many,SR,2
0,1980,1589,0,0,15.5625,6.0959,8.7865,0.0,0.0,1013,781,0,0,4.52,6.8,0.0,0.0,2,0.0,0.0,0.0,one,SR,1
0,811,8959,3945,0,47.4829,11.5254,17.0826,17.3914,0.0,2065,1502,1476,0,8.33,7.4,7.44,0.0,125,40.0,0.0,0.0,many,SR,2
0,60,6818,6786,0,34.9012,9.7151,11.9322,12.0588,0.0,1288,952,1012,0,2.77,5.94,6.01,0.0,71,0.0,34.0,0.0,many,SR,2
0,4931,3752,3508,0,60.8648,15.1414,22.6307,21.3207,0.0,2032,1992,1862,0,5.39,9.06,8.66,0.0,55,0.0,0.0,0.0,many,SR,2
0,1577,4424,1734,0,30.2261,6.9332,11.0512,11.1001,0.0,1709,868,872,0,7.67,5.7,5.71,0.0,228,0.0,-1.0,0.0,many,SR,2
0,2452,6153,5783,0,44.5937,11.9705,16.3172,14.9178,0.0,1408,1374,1241,0,2.29,7.13,6.75,0.0,36,2.0,2.0,0.0,many,SR,2
0,3537,6452,1539,0,51.7627,13.0793,21.9905,15.1259,0.0,3364,1931,1257,0,21.22,8.87,6.8,0.0,70,2.0,0.0,0.0,many,SR,2
0,2979,3350,2313,0,28.5804,7.018,10.1075,10.359,0.0,2033,778,801,0,11.48,5.45,5.51,0.0,194,0.0,-1.0,0.0,many,SR,2
0,1180,6506,6505,0,55.6636,9.6148,22.1334,22.1334,0.0,2650,1943,1943,0,11.79,8.91,8.91,0.0,438,0.0,0.0,0.0,many,SR,2
0,1002,2760,2759,0,34.3758,10.2456,11.4832,11.4832,0.0,1810,910,910,0,8.53,5.82,5.82,0.0,16,0.0,0.0,0.0,many,SR,2
0,786,9392,0,0,26.5676,6.4988,18.9973,0.0,0.0,1986,1843,0,0,11.21,10.71,0.0,0.0,215,0.0,0.0,0.0,one,SR,1
0,2194,730,385,0,69.2659,16.19,23.1581,27.9146,0.0,3442,2045,2621,0,18.11,9.23,10.8,0.0,126,1.0,77.0,0.0,many,SR,2
0,3635,5428,3646,0,73.8617,17.3448,38.6756,15.7341,0.0,4225,3574,1388,0,25.4,14.04,7.03,0.0,111,1.0,52.0,0.0,many,SR,2
0,3986,4596,0,0,23.6184,6.5203,16.1458,0.0,0.0,2052,1539,0,0,12.98,9.52,0.0,0.0,140,0.0,0.0,0.0,one,SR,1
0,4584,9395,6747,0,36.2269,8.1879,13.0976,13.6675,0.0,2126,1156,1118,0,10.86,6.33,6.41,0.0,224,66.0,0.0,0.0,many,SR,2
0,155,2645,0,0,24.4194,7.6693,15.8119,0.0,0.0,2017,1503,0,0,12.73,9.38,0.0,0.0,53,0.0,0.0,0.0,one,SR,1
0,4804,899,0,0,21.0658,6.6513,13.5616,0.0,0.0,1841,1270,0,0,11.65,8.53,0.0,0.0,70,0.0,0.0,0.0,one,SR,1
0,152,8448,0,0,14.7486,4.5946,9.4502,0.0,0.0,1609,848,0,0,10.56,7.04,0.0,0.0,119,0.0,0.0,0.0,one,SR,1
0,2264,3582,224,0,70.4277,14.847,27.0535,26.4509,0.0,2641,2512,2368,0,9.04,10.51,10.25,0.0,262,60.0,0.0,0.0,many,SR,2
0,4460,7091,1350,0,42.5495,11.1216,15.5284,14.5399,0.0,1650,1343,1201,0,5.09,6.95,6.64,0.0,76,34.0,0.0,0.0,many,SR,2
0,2265,6111,4608,0,57.4894,14.8389,23.1883,17.7828,0.0,2398,2046,1514,0,10.06,9.23,7.56,0.0,19,0.0,0.0,0.0,many,SR,2
0,2019,6787,1394,0,45.5078,9.6282,17.195,17.208,0.0,2711,1467,1457,0,15.18,7.39,7.38,0.0,250,8.0,0.0,0.0,many,SR,2
0,429,210,0,0,22.0458,4.6937,16.3897,0.0,0.0,1721,1565,0,0,9.41,9.62,0.0,0.0,271,0.0,0.0,0.0,one,SR,1
0,798,8979,0,0,17.4974,6.0034,10.7433,0.0,0.0,1309,981,0,0,6.99,7.51,0.0,0.0,52,0.0,0.0,0.0,one,SR,1
0,3187,7710,0,0,21.82,4.8823,15.9921,0.0,0.0,1993,1522,0,0,12.42,9.46,0.0,0.0,248,0.0,0.0,0.0,one,SR,1
0,2140,4730,0,0,15.7553,4.6887,10.331,0.0,0.0,1443,938,0,0,8.53,7.36,0.0,0.0,132,0.0,0.0,0.0,one,SR,1
0,3232,4785,0,0,12.1388,3.168,8.308,0.0,0.0,1266,732,0,0,7.33,6.63,0.0,0.0,191,0.0,0.0,0.0,one,SR,1
0,3533,4579,0,0,14.8928,5.1392,9.0637,0.0,0.0,1999,809,0,0,14.78,6.9,0.0,0.0,73,0.0,0.0,0.0,one,SR,1
0,4865,1247,0,0,14.307,5.2054,8.4347,0.0,0.0,1307,744,0,0,7.72,6.67,0.0,0.0,55,0.0,0.0,0.0,one,SR,1
0,3787,6918,2314,0,39.8743,10.5633,15.739,12.2671,0.0,1821,1374,984,0,7.38,7.02,6.03,0.0,81,41.0,0.0,0.0,many,SR,2
0,1130,8764,6927,0,64.5127,13.6367,24.4754,24.4735,0.0,2510,2173,2173,0,9.01,9.63,9.63,0.0,253,0.0,0.0,0.0,many,SR,2
0,441,6398,2157,0,40.953,8.8466,13.2738,17.4449,0.0,2190,1176,1525,0,10.51,6.38,7.5,0.0,249,68.0,31.0,0.0,many,SR,2
0,2067,9594,3970,0,85.9079,20.8927,31.2278,31.434,0.0,3456,2839,2866,0,15.11,11.73,11.8,0.0,20,0.0,5.0,0.0,many,SR,2
0,140,6730,4701,0,31.6677,8.4965,12.0256,10.0028,0.0,1497,1016,768,0,5.43,6.01,5.42,0.0,122,39.0,0.0,0.0,many,SR,2
0,4954,8507,3753,0,29.9768,8.9158,9.6119,10.3628,0.0,1762,778,801,0,8.72,5.35,5.51,0.0,59,34.0,-1.0,0.0,many,SR,2
0,792,7816,2267,0,38.0952,8.7861,12.7485,15.2572,0.0,1803,1030,1311,0,7.2,6.16,6.87,0.0,201,0.0,29.0,0.0,many,SR,2
0,3106,790,0,0,19.4944,5.0376,13.6025,0.0,0.0,1810,1274,0,0,11.32,8.54,0.0,0.0,181,0.0,0.0,0.0,one,SR,1
0,4232,2487,0,0,24.3511,7.05,16.341,0.0,0.0,2220,1559,0,0,14.67,9.6,0.0,0.0,109,0.0,0.0,0.0,one,SR,1
0,1797,3579,580,0,58.0151,14.6291,25.2541,16.4217,0.0,2324,2324,1381,0,9.01,9.95,7.16,0.0,52,52.0,0.0,0.0,many,SR,2
0,1210,1361,0,0,14.4113,4.7828,8.9427,0.0,0.0,1257,797,0,0,7.03,6.86,0.0,0.0,95,0.0,0.0,0.0,one,SR,1
0,4919,8650,5564,0,50.4629,8.4499,9.4981,30.7909,0.0,3352,1167,2797,0,19.68,5.64,11.6,0.0,482,320.0,1.0,0.0,many,SR,2
0,4331,8785,0,0,23.7524,6.8538,15.9545,0.0,0.0,2602,1518,0,0,18.82,9.44,0.0,0.0,112,0.0,0.0,0.0,one,SR,1
0,1128,6040,6039,0,65.7547,16.7548,23.5645,23.5645,0.0,2577,2084,2084,0,10.22,9.35,9.35,0.0,6,0.0,0.0,0.0,many,SR,2
0,3642,5571,1425,0,64.1038,16.3186,17.5734,28.3764,0.0,3273,1493,2572,0,17.85,7.49,10.86,0.0,14,0.0,10.0,0.0,many,SR,2
0,4002,7139,7084,0,49.7418,10.829,20.0485,17.2689,0.0,2338,2056,1463,0,10.19,8.55,7.4,0.0,241,226.0,0.0,0.0,many,SR,2
0,442,9910,9289,2437,57.425,15.2269,17.7612,13.0843,9.4444,2323,1524,1063,715,7.22,7.56,6.25,5.27,133,9.0,0.0,0.0,many,SR,3
0,962,9182,4607,0,38.8476,10.3161,9.4942,17.7536,0.0,2485,718,1521,0,14.54,5.28,7.56,0.0,85,-1.0,7.0,0.0,many,SR,2
0,3822,8770,2920,0,36.1815,10.1662,11.4137,13.3875,0.0,3348,903,1100,0,24.23,5.8,6.34,0.0,52,0.0,6.0,0.0,many,SR,2
0,2717,9945,9876,0,35.0232,7.9744,13.5486,12.2595,0.0,2570,1107,984,0,15.82,6.38,6.03,0.0,218,0.0,0.0,0.0,many,SR,2
0,4097,6497,3008,0,42.6977,9.8925,15.8737,15.5348,0.0,1832,1329,1352,0,6.67,7.01,6.96,0.0,183,0.0,40.0,0.0,many,SR,2
0,2564,7093,0,0,15.0075,4.8656,9.4386,0.0,0.0,1772,847,0,0,12.28,7.03,0.0,0.0,100,0.0,0.0,0.0,one,SR,1
0,3930,1378,1377,0,45.3412,10.5231,16.6862,16.6862,0.0,2911,1407,1407,0,17.55,7.23,7.23,0.0,170,0.0,0.0,0.0,many,SR,2
0,1883,8906,3602,0,42.2385,11.416,17.505,11.9728,0.0,2131,1503,965,0,10.27,7.49,5.96,0.0,47,12.0,6.0,0.0,many,SR,2
