station,driver,rider1,rider2,rider3,VMT,save_d,save_r1,save_r2,save_r3,T_d,T_r1,T_r2,T_r3,cost_d,cost_r1,cost_r2,cost_r3,detour_d,detour_r1,detour_r2,detour_r3,size,type,num_riders
0,6,6994,6993,10,61.0765,25.8532,8.7316,8.7316,14.776,1811,886.0,886.0,1811.0,-7.84,8.26,8.26,13.31,69,0.0,0.0,69.0,many,SR,3
0,8,4525,2219,842,80.7125,33.5748,14.2572,14.2572,14.7454,1761,1743.0,1743.0,1708.0,-16.41,12.86,12.86,13.06,91,73.0,73.0,7.0,many,SR,3
246,9,7179,0,0,19.1781,5.3826,12.8131,0.0,0.0,1490,1910.0,0.0,0.0,6.8,12.82,0.0,0.0,236,285.0,0.0,0.0,one,RT,1
0,11,6739,2288,0,35.2293,14.05,9.7239,9.6587,0.0,1461,1016.0,1009.0,0.0,-0.83,9.01,8.96,0.0,145,-1.0,0.0,0.0,many,SR,2
0,4131,4327,0,0,28.1568,13.8041,12.5777,0.0,0.0,2038,1889.0,0.0,0.0,5.42,17.75,0.0,0.0,148,0.0,0.0,0.0,one,SR,1
0,4142,8766,0,0,20.3824,9.7819,9.2766,0.0,0.0,1597,1301.0,0.0,0.0,4.85,13.24,0.0,0.0,146,0.0,0.0,0.0,one,SR,1
10,4146,3613,3108,0,31.8709,9.4012,13.1443,8.1149,0.0,1397,1684.0,1417.0,0.0,3.77,9.15,8.96,0.0,102,304.0,400.0,0.0,many,RT,2
0,52,8594,0,0,19.8346,9.4379,9.0927,0.0,0.0,1437,1273.0,0.0,0.0,3.35,13.04,0.0,0.0,157,0.0,0.0,0.0,one,SR,1
0,4160,9995,9994,0,35.0672,14.2905,9.5041,9.5041,0.0,1645,988.0,988.0,0.0,1.36,8.84,8.84,0.0,111,0.0,0.0,0.0,many,SR,2
0,67,1469,0,0,20.1984,10.1132,8.8137,0.0,0.0,1407,1227.0,0.0,0.0,3.33,12.71,0.0,0.0,91,0.0,0.0,0.0,one,SR,1
0,91,3845,3844,0,72.3215,28.0331,20.3377,20.3377,0.0,4865,2496.0,2496.0,0.0,18.57,18.06,18.06,0.0,306,0.0,0.0,0.0,many,SR,2
0,92,4325,0,0,17.2938,9.3478,6.8916,0.0,0.0,1144,920.0,0.0,0.0,2.52,10.54,0.0,0.0,10,0.0,0.0,0.0,one,SR,1
0,4194,2235,0,0,31.0474,15.5794,13.5534,0.0,0.0,3927,2067.0,0.0,0.0,24.0,19.15,0.0,0.0,113,0.0,0.0,0.0,one,SR,1
0,4203,4012,0,0,34.9214,16.9895,15.7085,0.0,0.0,2913,2461.0,0.0,0.0,10.58,22.23,0.0,0.0,206,0.0,0.0,0.0,one,SR,1
0,110,9484,0,0,33.0906,14.8748,15.9556,0.0,0.0,2903,2508.0,0.0,0.0,10.14,22.6,0.0,0.0,373,0.0,0.0,0.0,one,SR,1
0,118,4092,2910,0,54.4,21.9158,15.1056,14.7339,0.0,2627,1777.0,1696.0,0.0,3.78,13.42,13.02,0.0,129,18.0,0.0,0.0,many,SR,2
0,123,4524,1468,1467,76.9099,30.157,14.3196,14.3196,14.3196,3335,1636.0,1636.0,1636.0,0.87,12.65,12.65,12.65,272,0.0,0.0,0.0,many,SR,3
0,4220,9570,4935,0,56.6727,22.9005,16.2982,14.7046,0.0,2809,2033.0,1691.0,0.0,4.57,14.7,12.99,0.0,138,71.0,0.0,0.0,many,SR,2
0,148,6454,0,0,22.1708,10.5679,10.1737,0.0,0.0,1674,1448.0,0.0,0.0,4.71,14.29,0.0,0.0,157,0.0,0.0,0.0,one,SR,1
0,4260,2697,1973,0,44.9605,17.9438,16.2854,8.4499,0.0,2231,1999.0,922.0,0.0,2.89,14.61,8.2,0.0,177,51.0,47.0,0.0,many,SR,2
0,208,3688,0,0,23.7271,10.9142,11.2308,0.0,0.0,1915,1643.0,0.0,0.0,5.87,15.82,0.0,0.0,227,0.0,0.0,0.0,one,SR,1
0,4307,5054,0,0,16.0427,6.993,7.8835,0.0,0.0,1541,1078.0,0.0,0.0,5.69,11.66,0.0,0.0,239,0.0,0.0,0.0,one,SR,1
0,218,8327,937,463,69.7551,28.4105,13.6277,10.3903,13.8543,1879,1610.0,1141.0,1879.0,-11.52,12.19,9.57,12.96,194,46.0,24.0,194.0,many,SR,3
0,224,7103,576,0,33.2865,14.136,8.6515,8.8281,0.0,1506,877.0,978.0,0.0,0.78,8.21,8.5,0.0,62,0.0,51.0,0.0,many,SR,2
0,228,7680,2127,0,35.0307,14.7128,9.2892,9.2853,0.0,1129,991.0,965.0,0.0,-3.84,8.75,8.69,0.0,67,20.0,4.0,0.0,many,SR,2
0,242,8616,0,0,19.234,8.8404,9.0903,0.0,0.0,1975,1272.0,0.0,0.0,9.01,13.03,0.0,0.0,197,0.0,0.0,0.0,one,SR,1
0,254,7102,0,0,36.5958,18.4679,15.8794,0.0,0.0,3230,2493.0,0.0,0.0,13.68,22.49,0.0,0.0,121,0.0,0.0,0.0,one,SR,1
0,4358,3044,703,0,28.5372,11.1175,7.9419,7.9419,0.0,1489,783.0,783.0,0.0,1.81,7.68,7.68,0.0,185,0.0,0.0,0.0,many,SR,2
50,4361,3903,0,0,32.2724,9.8684,21.1155,0.0,0.0,1715,3029.0,0.0,0.0,6.41,16.88,0.0,0.0,118,429.0,0.0,0.0,one,RT,1
0,4362,9144,4332,0,49.6702,20.0011,13.655,13.6019,0.0,1991,1540.0,1563.0,0.0,-0.8,12.05,12.07,0.0,117,-1.0,18.0,0.0,many,SR,2
50,269,5349,1609,0,52.0597,8.2949,17.8822,24.8015,0.0,1127,2393.0,2668.0,0.0,2.1,9.41,10.41,0.0,98,558.0,314.0,0.0,many,TR,2
0,275,3405,566,0,39.129,15.7343,10.723,10.723,0.0,1705,1147.0,1147.0,0.0,0.36,9.74,9.74,0.0,123,0.0,0.0,0.0,many,SR,2
64,299,8021,0,0,33.1971,10.4673,21.4449,0.0,0.0,2140,3529.0,0.0,0.0,10.91,16.85,0.0,0.0,75,793.0,0.0,0.0,one,TR,1
0,300,7788,7787,0,45.1153,16.5829,13.1105,13.1105,0.0,1896,1463.0,1463.0,0.0,-0.89,11.56,11.56,0.0,288,0.0,0.0,0.0,many,SR,2
0,348,189,0,0,14.984,7.0373,6.893,0.0,0.0,1295,919.0,0.0,0.0,4.11,10.54,0.0,0.0,167,0.0,0.0,0.0,one,SR,1
0,350,6051,0,0,16.5026,8.9494,6.5398,0.0,0.0,1013,862.0,0.0,0.0,1.52,10.13,0.0,0.0,12,0.0,0.0,0.0,one,SR,1
35,351,9685,7430,0,31.5134,7.8768,10.799,11.8478,0.0,1128,1347.0,1697.0,0.0,2.93,7.92,7.98,0.0,71,252.0,455.0,0.0,many,RT,2
0,369,6549,5031,2394,65.62,25.9959,12.1403,12.1244,12.1212,1830,1333.0,1335.0,1331.0,-9.93,10.8,10.8,10.79,215,0.0,2.0,0.0,many,SR,3
0,4470,9269,974,0,35.0111,13.1852,9.9925,9.9925,0.0,1869,1052.0,1052.0,0.0,3.06,9.2,9.2,0.0,231,0.0,0.0,0.0,many,SR,2
0,380,7140,5250,437,47.9593,20.9105,8.2242,8.2242,8.2318,1121,821.0,821.0,821.0,-9.55,7.9,7.9,7.9,28,0.0,0.0,0.0,many,SR,3
0,382,8038,3099,805,57.9665,25.0051,7.9426,7.7432,14.4688,1681,798.0,759.0,1673.0,-7.61,7.71,7.54,12.82,18,9.0,1.0,10.0,many,SR,3
1,403,6641,673,672,73.5719,18.571,17.5227,17.5265,17.5265,1411,2200.0,2200.0,2200.0,-7.01,11.09,11.08,11.08,222,335.0,335.0,335.0,many,RT,3
0,409,1867,0,0,16.2287,8.0373,7.1129,0.0,0.0,1567,954.0,0.0,0.0,6.75,10.78,0.0,0.0,114,0.0,0.0,0.0,one,SR,1
0,431,6901,6557,5717,57.0357,23.3874,10.5139,11.2979,8.968,1436,1134.0,1396.0,969.0,-10.74,9.62,10.52,8.55,166,9.0,112.0,33.0,many,SR,3
0,4560,2182,0,0,16.9079,8.7746,7.0598,0.0,0.0,1451,947.0,0.0,0.0,5.57,10.74,0.0,0.0,61,0.0,0.0,0.0,one,SR,1
117,473,9317,0,0,29.851,10.5808,18.0722,0.0,0.0,1425,3325.0,0.0,0.0,4.18,15.98,0.0,0.0,14,880.0,0.0,0.0,one,TR,1
0,4579,6636,5470,0,30.7233,13.404,8.1777,7.6057,0.0,1075,817.0,774.0,0.0,-2.54,7.86,7.5,0.0,29,2.0,23.0,0.0,many,SR,2
0,4582,1622,747,0,34.2377,14.4604,8.935,9.138,0.0,1651,934.0,947.0,0.0,2.0,8.46,8.58,0.0,60,13.0,5.0,0.0,many,SR,2
0,489,8903,0,0,19.552,9.5759,8.7159,0.0,0.0,1460,1211.0,0.0,0.0,3.99,12.6,0.0,0.0,121,0.0,0.0,0.0,one,SR,1
114,496,5582,2972,0,49.1249,9.5232,21.4681,16.7763,0.0,1225,2452.0,2222.0,0.0,0.65,10.52,10.06,0.0,184,334.0,454.0,0.0,many,RT,2
0,514,7622,0,0,14.2684,7.5873,5.7567,0.0,0.0,1280,736.0,0.0,0.0,5.12,9.24,0.0,0.0,50,0.0,0.0,0.0,one,SR,1
0,4612,7726,5126,0,35.5589,14.7216,9.5327,9.5327,0.0,1886,991.0,991.0,0.0,3.86,8.86,8.86,0.0,84,0.0,0.0,0.0,many,SR,2
0,4626,4023,0,0,18.8534,9.0993,8.5166,0.0,0.0,1760,1179.0,0.0,0.0,7.34,12.38,0.0,0.0,139,0.0,0.0,0.0,one,SR,1
0,542,5671,2993,0,31.4849,13.2985,8.3024,8.2948,0.0,1400,830.0,830.0,0.0,0.4,7.95,7.95,0.0,69,0.0,0.0,0.0,many,SR,2
0,4690,9854,9853,0,30.2356,11.5851,8.5142,8.5142,0.0,1739,859.0,859.0,0.0,3.66,8.11,8.11,0.0,206,0.0,0.0,0.0,many,SR,2
0,4696,7816,2929,0,34.6669,13.0619,9.8076,9.9672,0.0,1673,1035.0,1067.0,0.0,1.09,9.08,9.22,0.0,233,5.0,12.0,0.0,many,SR,2
0,4705,7662,7661,0,60.8633,21.1338,18.246,18.246,0.0,3501,2198.0,2198.0,0.0,7.62,16.19,16.19,0.0,546,0.0,0.0,0.0,many,SR,2
0,630,8298,0,0,22.1844,11.7612,9.1171,0.0,0.0,1276,1276.0,0.0,0.0,1.64,13.06,0.0,0.0,0,0.0,0.0,0.0,one,SR,1
0,642,7908,0,0,36.184,17.6166,16.2632,0.0,0.0,2999,2564.0,0.0,0.0,10.75,23.04,0.0,0.0,213,0.0,0.0,0.0,one,SR,1
1,4739,7020,5308,5023,62.4798,12.8114,15.8553,22.3496,9.9398,1387,2415.0,2449.0,1427.0,0.85,9.54,9.85,7.85,62,683.0,319.0,366.0,many,TR,3
3,4774,6609,0,0,22.3976,7.4203,13.9632,0.0,0.0,1332,2199.0,0.0,0.0,4.86,13.14,0.0,0.0,117,421.0,0.0,0.0,one,RT,1
0,4783,9064,3587,0,48.3824,19.2602,15.0877,11.631,0.0,2839,1863.0,1266.0,0.0,8.18,13.62,10.42,0.0,162,73.0,0.0,0.0,many,SR,2
0,699,7857,7098,0,53.348,22.0619,14.3317,14.3973,0.0,1986,1642.0,1725.0,0.0,-2.16,12.67,12.9,0.0,65,2.0,49.0,0.0,many,SR,2
0,4796,1560,1559,0,52.1945,20.0187,14.781,14.781,0.0,2042,1703.0,1703.0,0.0,-2.08,13.07,13.07,0.0,239,0.0,0.0,0.0,many,SR,2
0,4816,9031,3106,0,69.1598,26.6122,16.4979,22.4657,0.0,3615,1948.0,3332.0,0.0,5.7,14.61,21.23,0.0,385,0.0,334.0,0.0,many,SR,2
0,746,2653,2652,0,44.1821,18.3801,11.8427,11.8427,0.0,1547,1295.0,1295.0,0.0,-2.81,10.58,10.58,0.0,46,0.0,0.0,0.0,many,SR,2
0,4848,2552,0,0,12.9553,6.2699,5.7596,0.0,0.0,1226,738.0,0.0,0.0,4.54,9.26,0.0,0.0,141,0.0,0.0,0.0,one,SR,1
0,778,1076,0,0,20.0004,9.9279,8.8018,0.0,0.0,1634,1226.0,0.0,0.0,5.72,12.71,0.0,0.0,103,0.0,0.0,0.0,one,SR,1
0,4882,8822,0,0,23.6179,11.4905,10.6323,0.0,0.0,1644,1532.0,0.0,0.0,3.81,14.95,0.0,0.0,134,0.0,0.0,0.0,one,SR,1
164,4900,5931,5608,0,49.2935,8.5848,11.6789,27.9645,0.0,1229,1713.0,3026.0,0.0,3.32,8.22,10.43,0.0,69,463.0,404.0,0.0,many,RT,2
0,4901,4743,4742,0,28.5101,11.562,7.7225,7.7225,0.0,1947,754.0,754.0,0.0,6.92,7.52,7.52,0.0,134,0.0,0.0,0.0,many,SR,2
0,4908,7671,3769,2707,60.5774,22.5464,11.8275,11.7795,11.2707,2669,1293.0,1313.0,1328.0,-0.35,10.57,10.59,10.37,398,0.0,17.0,70.0,many,SR,3
0,838,9768,2952,0,35.0715,14.9698,8.7793,9.5965,0.0,1503,893.0,1022.0,0.0,0.25,8.3,8.96,0.0,39,0.0,14.0,0.0,many,SR,2
0,862,1364,0,0,16.9452,8.3288,7.4948,0.0,0.0,1776,1015.0,0.0,0.0,8.55,11.22,0.0,0.0,121,0.0,0.0,0.0,one,SR,1
0,869,6534,225,0,40.6213,17.326,10.6124,10.7388,0.0,2151,1134.0,1156.0,0.0,5.09,9.67,9.77,0.0,12,0.0,4.0,0.0,many,SR,2
0,4970,9957,0,0,17.3108,9.4391,6.825,0.0,0.0,1149,909.0,0.0,0.0,2.64,10.47,0.0,0.0,-1,0.0,0.0,0.0,one,SR,1
89,4986,8999,0,0,39.5863,7.2554,31.4971,0.0,0.0,1648,4027.0,0.0,0.0,9.8,14.34,0.0,0.0,17,740.0,0.0,0.0,one,RT,1
0,5000,9884,0,0,19.2041,9.9759,8.0436,0.0,0.0,1457,1104.0,0.0,0.0,4.64,11.85,0.0,0.0,47,0.0,0.0,0.0,one,SR,1
0,926,3624,3623,0,44.1053,16.7596,12.5618,12.5618,0.0,1803,1388.0,1388.0,0.0,-1.07,11.11,11.11,0.0,221,0.0,0.0,0.0,many,SR,2
0,942,1736,0,0,31.0054,16.3361,12.8543,0.0,0.0,1940,1940.0,0.0,0.0,4.04,18.15,0.0,0.0,0,0.0,0.0,0.0,one,SR,1
121,965,8269,2442,0,41.6828,10.652,14.3733,15.2628,0.0,1395,2307.0,2285.0,0.0,2.09,10.94,10.0,0.0,130,605.0,591.0,0.0,many,RT,2
0,974,8683,8061,0,38.9051,14.4748,8.97,13.3901,0.0,1813,918.0,1692.0,0.0,0.41,8.45,12.26,0.0,284,0.0,118.0,0.0,many,SR,2
0,1018,8316,0,0,18.6003,9.6692,7.7763,0.0,0.0,1157,1062.0,0.0,0.0,1.75,11.55,0.0,0.0,50,0.0,0.0,0.0,one,SR,1
0,1048,7290,6689,0,38.3519,14.6976,9.8949,11.7597,0.0,2845,1065.0,1431.0,0.0,11.87,9.18,10.82,0.0,225,17.0,95.0,0.0,many,SR,2
0,1052,9487,0,0,14.2772,6.8496,6.4262,0.0,0.0,1654,845.0,0.0,0.0,8.35,10.01,0.0,0.0,148,0.0,0.0,0.0,one,SR,1
0,1098,9564,8296,0,33.6574,14.1025,7.7168,10.1304,0.0,1202,753.0,1201.0,0.0,-2.75,7.51,9.57,0.0,87,0.0,85.0,0.0,many,SR,2
260,1103,6801,0,0,26.7657,6.8932,19.091,0.0,0.0,1089,2091.0,0.0,0.0,4.4,11.82,0.0,0.0,10,121.0,0.0,0.0,one,RT,1
0,1141,3888,0,0,26.6537,14.0075,11.0853,0.0,0.0,1828,1616.0,0.0,0.0,5.15,15.61,0.0,0.0,3,0.0,0.0,0.0,one,SR,1
157,1145,7818,5267,0,29.0016,8.7936,9.4404,9.4404,0.0,1341,1665.0,1665.0,0.0,2.14,9.64,9.64,0.0,215,474.0,474.0,0.0,many,TR,2
245,1164,5768,0,0,43.3197,12.2027,29.5953,0.0,0.0,3369,4209.0,0.0,0.0,21.68,20.22,0.0,0.0,102,651.0,0.0,0.0,one,TR,1
0,1175,3757,3756,0,57.9787,23.4644,15.8545,15.8545,0.0,2338,1855.0,1855.0,0.0,-0.7,14.03,14.03,0.0,122,0.0,0.0,0.0,many,SR,2
0,1198,5486,0,0,16.5498,9.047,6.4943,0.0,0.0,1085,855.0,0.0,0.0,2.32,10.08,0.0,0.0,2,0.0,0.0,0.0,one,SR,1
0,1209,3086,1868,0,33.3065,14.0546,8.4874,9.093,0.0,1123,854.0,981.0,0.0,-3.25,8.08,8.63,0.0,68,0.0,30.0,0.0,many,SR,2
120,1231,3870,207,0,52.769,9.6181,23.6468,18.2631,0.0,1458,1921.0,2746.0,0.0,4.14,9.77,10.64,0.0,106,-152.0,734.0,0.0,many,TR,2
0,1253,7871,7870,0,34.0317,14.6699,8.846,8.846,0.0,1211,901.0,901.0,0.0,-2.31,8.35,8.35,0.0,25,0.0,0.0,0.0,many,SR,2
38,1268,853,0,0,23.8752,7.1272,15.5995,0.0,0.0,1383,2463.0,0.0,0.0,4.19,14.48,0.0,0.0,219,451.0,0.0,0.0,one,RT,1
265,1275,1789,0,0,27.3243,5.6436,20.9974,0.0,0.0,1039,2818.0,0.0,0.0,4.76,11.83,0.0,0.0,35,564.0,0.0,0.0,one,RT,1
0,1280,2037,0,0,14.869,7.5416,6.3366,0.0,0.0,1289,830.0,0.0,0.0,4.62,9.91,0.0,0.0,94,0.0,0.0,0.0,one,SR,1
0,1283,2460,1998,702,52.6786,21.3501,12.5105,8.0473,8.0277,1741,1741.0,821.0,795.0,-6.41,11.87,7.81,7.75,228,228.0,15.0,0.0,many,SR,3
0,1303,4871,0,0,18.7041,9.8644,7.6947,0.0,0.0,1536,1048.0,0.0,0.0,5.82,11.45,0.0,0.0,30,0.0,0.0,0.0,one,SR,1
0,1334,5920,1405,0,37.528,14.9298,10.8733,9.7864,0.0,1448,1404.0,1025.0,0.0,-2.24,10.33,9.05,0.0,172,153.0,0.0,0.0,many,SR,2
0,1339,7303,1447,0,32.679,13.2667,9.6073,8.0888,0.0,1324,1227.0,803.0,0.0,-1.54,9.37,7.79,0.0,149,146.0,0.0,0.0,many,SR,2
147,1371,7242,0,0,15.8322,4.6811,10.6247,0.0,0.0,1138,1598.0,0.0,0.0,7.21,9.26,0.0,0.0,4,376.0,0.0,0.0,one,TR,1
0,1379,8502,0,0,17.3652,8.0898,8.0867,0.0,0.0,1280,1110.0,0.0,0.0,2.74,11.89,0.0,0.0,178,0.0,0.0,0.0,one,SR,1
38,1396,9742,5077,4108,85.9847,21.5675,19.9143,19.9034,22.1612,1174,2201.0,2661.0,2569.0,-9.62,11.13,11.13,12.13,26,197.0,548.0,291.0,many,TR,3
0,1413,6734,5702,0,37.5582,14.0538,11.343,10.2042,0.0,1660,1229.0,1080.0,0.0,-0.18,10.21,9.36,0.0,243,0.0,0.0,0.0,many,SR,2
0,1418,2455,2124,0,43.7126,17.8545,12.2101,11.5094,0.0,1484,1421.0,1274.0,0.0,-3.67,11.01,10.38,0.0,95,51.0,15.0,0.0,many,SR,2
0,1436,3657,2023,0,30.2004,12.9193,7.9554,7.7914,0.0,1372,793.0,796.0,0.0,0.6,7.71,7.63,0.0,61,5.0,21.0,0.0,many,SR,2
0,1441,5837,2115,0,29.043,11.3547,8.0697,8.064,0.0,1204,800.0,799.0,0.0,-1.35,7.78,7.77,0.0,180,0.0,0.0,0.0,many,SR,2
0,1467,9593,0,0,15.8697,8.4691,6.4027,0.0,0.0,1098,840.0,0.0,0.0,2.55,9.98,0.0,0.0,35,0.0,0.0,0.0,one,SR,1
0,1502,7760,4169,0,35.2591,15.1007,10.949,7.4784,0.0,1220,1206.0,723.0,0.0,-2.77,9.97,7.34,0.0,33,19.0,0.0,0.0,many,SR,2
260,1537,5844,556,0,48.7798,12.0365,20.9099,14.3145,0.0,1477,2540.0,2138.0,0.0,1.84,11.4,10.79,0.0,112,382.0,489.0,0.0,many,RT,2
0,1541,4625,1927,0,33.4985,14.1874,8.8224,8.8213,0.0,1167,901.0,899.0,0.0,-2.75,8.34,8.34,0.0,56,2.0,0.0,0.0,many,SR,2
0,1558,9631,5556,0,46.8813,18.3628,14.6051,11.5814,0.0,2131,1689.0,1261.0,0.0,1.39,12.93,10.39,0.0,179,8.0,0.0,0.0,many,SR,2
0,1561,4497,0,0,35.4198,18.3015,14.9968,0.0,0.0,3663,2331.0,0.0,0.0,19.37,21.22,0.0,0.0,54,0.0,0.0,0.0,one,SR,1
0,1606,5539,4988,4987,46.3293,18.3614,8.6256,8.4531,8.4531,1825,894.0,851.0,851.0,-2.76,8.23,8.07,8.07,243,14.0,0.0,0.0,many,SR,3
0,1611,4151,3118,0,29.8256,11.8649,8.1937,8.1937,0.0,2008,816.0,816.0,0.0,6.92,7.87,7.87,0.0,157,0.0,0.0,0.0,many,SR,2
0,1628,5840,2757,0,42.717,14.7894,18.1696,7.4173,0.0,3140,2186.0,715.0,0.0,11.9,16.11,7.29,0.0,428,0.0,0.0,0.0,many,SR,2
0,1646,9839,6192,1851,45.0319,19.2844,7.824,7.824,7.8217,1133,767.0,767.0,767.0,-8.6,7.59,7.59,7.59,83,-1.0,-1.0,0.0,many,SR,3
227,1650,6655,1934,0,51.8708,11.4496,11.6714,27.4181,0.0,1078,1552.0,3409.0,0.0,-0.67,8.39,11.93,0.0,37,331.0,641.0,0.0,many,RT,2
0,1657,6490,6489,5551,50.8441,21.0705,9.1097,9.1097,8.9834,1988,976.0,976.0,920.0,-2.26,8.63,8.63,8.46,141,26.0,26.0,0.0,many,SR,3
0,1666,6670,3275,0,37.8975,15.8223,8.0468,12.1483,0.0,1451,797.0,1451.0,0.0,-1.69,7.76,11.04,0.0,75,0.0,75.0,0.0,many,SR,2
0,1667,371,0,0,35.4037,18.333,14.9547,0.0,0.0,2489,2324.0,0.0,0.0,7.09,21.16,0.0,0.0,49,0.0,0.0,0.0,one,SR,1
0,1677,9959,3306,215,74.4232,30.9243,13.6104,16.7062,9.5404,2179,1653.0,2179.0,992.0,-9.9,12.29,15.27,8.86,127,74.0,127.0,0.0,many,SR,3
0,1729,6840,3407,0,39.7857,17.0905,8.1822,12.6108,0.0,1399,815.0,1399.0,0.0,-2.43,7.86,11.16,0.0,2,0.0,2.0,0.0,many,SR,2
0,1737,6651,0,0,12.5371,5.1125,6.4238,0.0,0.0,1685,844.0,0.0,0.0,8.69,10.01,0.0,0.0,266,0.0,0.0,0.0,one,SR,1
0,1775,1477,0,0,42.7792,22.2968,17.9376,0.0,0.0,3675,2871.0,0.0,0.0,15.68,25.45,0.0,0.0,42,0.0,0.0,0.0,one,SR,1
0,1787,8103,1610,0,49.1259,18.6403,14.0065,14.0065,0.0,3000,1591.0,1591.0,0.0,9.25,12.36,12.36,0.0,247,0.0,0.0,0.0,many,SR,2
0,1813,9196,8565,0,38.6981,16.2203,10.3072,10.2843,0.0,1745,1093.0,1091.0,0.0,1.35,9.44,9.43,0.0,52,0.0,0.0,0.0,many,SR,2
0,1848,4086,1515,0,79.2552,30.1454,22.551,22.5471,0.0,4200,2813.0,2814.0,0.0,7.99,20.06,20.06,0.0,407,0.0,2.0,0.0,many,SR,2
0,1855,2574,2573,292,47.7015,19.1185,8.703,8.703,8.703,1787,883.0,883.0,883.0,-3.5,8.25,8.25,8.25,215,0.0,0.0,0.0,many,SR,3
0,1883,5610,2708,0,60.5333,22.3136,16.8572,18.2302,0.0,2485,1998.0,2288.0,0.0,-2.1,14.93,16.39,0.0,401,-1.0,58.0,0.0,many,SR,2
210,1889,7724,7648,3732,81.7474,17.0597,27.5975,16.8494,18.2702,1820,2640.0,2672.0,1919.0,1.38,9.72,11.27,9.72,46,172.0,723.0,157.0,many,TR,3
38,1909,9928,7225,3479,82.7799,15.5244,29.8165,23.0076,12.5721,2005,3264.0,3319.0,1613.0,4.32,10.31,13.81,7.47,83,486.0,717.0,379.0,many,RT,3
0,1937,1573,1572,0,64.4085,25.9074,17.6828,17.6828,0.0,2296,2117.0,2117.0,0.0,-4.11,15.68,15.68,0.0,158,0.0,0.0,0.0,many,SR,2
0,1964,1442,0,0,14.7711,7.8706,5.9528,0.0,0.0,1169,769.0,0.0,0.0,3.75,9.48,0.0,0.0,45,0.0,0.0,0.0,one,SR,1
114,1991,8827,6215,3418,96.0529,20.8713,34.0138,19.4107,19.4107,2420,3227.0,2414.0,2414.0,4.29,12.79,11.84,11.84,17,76.0,347.0,347.0,many,RT,3
0,1994,236,235,0,34.9973,14.0818,9.569,9.569,0.0,1385,996.0,996.0,0.0,-1.45,8.89,8.89,0.0,131,0.0,0.0,0.0,many,SR,2
0,1997,930,0,0,15.9946,7.3788,7.4935,0.0,0.0,1401,1016.0,0.0,0.0,4.61,11.22,0.0,0.0,186,0.0,0.0,0.0,one,SR,1
0,2003,6214,0,0,40.8305,21.1753,17.2154,0.0,0.0,4360,2737.0,0.0,0.0,23.82,24.4,0.0,0.0,54,0.0,0.0,0.0,one,SR,1
231,2013,2867,2222,0,51.8167,13.5609,15.6558,21.0368,0.0,1305,2446.0,2427.0,0.0,-0.37,10.82,10.81,0.0,35,645.0,323.0,0.0,many,RT,2
0,2027,8851,0,0,18.1838,9.8108,7.2754,0.0,0.0,1351,981.0,0.0,0.0,4.31,10.98,0.0,0.0,5,0.0,0.0,0.0,one,SR,1
252,2040,6452,2407,0,46.5163,11.6909,16.5703,16.8019,0.0,1400,2656.0,2688.0,0.0,1.62,11.27,11.27,0.0,95,727.0,738.0,0.0,many,TR,2
0,2043,3340,0,0,20.8397,9.2637,10.1499,0.0,0.0,1931,1444.0,0.0,0.0,7.44,14.26,0.0,0.0,244,0.0,0.0,0.0,one,SR,1
25,2047,8637,2454,0,43.651,13.9423,14.7033,13.3463,0.0,2272,2237.0,1982.0,0.0,8.93,11.5,11.09,0.0,68,501.0,408.0,0.0,many,TR,2
66,2050,1538,940,0,95.322,6.7982,43.5651,43.9041,0.0,1211,2613.0,2584.0,0.0,3.22,11.29,11.25,0.0,184,-853.0,-892.0,0.0,many,RT,2
0,2059,7330,0,0,23.091,11.7451,9.9457,0.0,0.0,1578,1409.0,0.0,0.0,3.97,14.0,0.0,0.0,59,0.0,0.0,0.0,one,SR,1
270,2065,8804,7496,0,45.1365,9.7791,17.9254,16.3083,0.0,1359,2644.0,2423.0,0.0,4.16,10.73,9.51,0.0,23,671.0,665.0,0.0,many,TR,2
0,2068,4670,0,0,27.3566,14.3002,11.4437,0.0,0.0,2675,1682.0,0.0,0.0,13.57,16.13,0.0,0.0,15,0.0,0.0,0.0,one,SR,1
0,2088,9141,6491,0,36.064,15.0363,11.318,7.9124,0.0,1758,1235.0,833.0,0.0,2.28,10.21,7.76,0.0,78,6.0,35.0,0.0,many,SR,2
0,2089,5461,5259,0,54.2055,20.5602,15.3164,15.5936,0.0,2950,1784.0,1818.0,0.0,6.36,13.56,13.79,0.0,277,3.0,0.0,0.0,many,SR,2
0,2114,9660,6693,0,47.4545,18.779,13.2346,13.1169,0.0,1923,1481.0,1465.0,0.0,-0.72,11.67,11.57,0.0,146,0.0,0.0,0.0,many,SR,2
182,2121,7915,4814,0,50.7054,13.4106,18.4122,17.2384,0.0,1962,2643.0,2409.0,0.0,5.8,10.97,11.47,0.0,95,628.0,489.0,0.0,many,RT,2
53,2126,6263,5653,5652,53.6976,8.0765,14.706,14.8159,14.8159,1769,1894.0,1882.0,1882.0,7.02,7.23,7.3,7.3,237,484.0,465.0,465.0,many,RT,3
34,2198,2862,0,0,19.7767,5.5705,13.4954,0.0,0.0,1171,2015.0,0.0,0.0,5.9,10.11,0.0,0.0,57,481.0,0.0,0.0,one,RT,1
213,2203,5316,1774,0,48.8587,7.0311,19.3317,21.6709,0.0,1089,1450.0,3065.0,0.0,4.01,8.12,9.12,0.0,27,-170.0,869.0,0.0,many,TR,2
0,2216,2358,0,0,15.4699,8.0542,6.4157,0.0,0.0,1339,843.0,0.0,0.0,5.06,10.0,0.0,0.0,65,0.0,0.0,0.0,one,SR,1
0,2261,8155,0,0,19.2599,9.0378,8.9364,0.0,0.0,1882,1247.0,0.0,0.0,8.19,12.86,0.0,0.0,173,0.0,0.0,0.0,one,SR,1
0,2265,7324,7323,1861,70.186,29.5804,11.9496,11.9496,13.3876,2399,1309.0,1309.0,1526.0,-4.68,10.66,10.66,11.87,20,0.0,0.0,14.0,many,SR,3
0,2281,9249,4471,0,42.2535,17.0132,10.7898,12.3331,0.0,1575,1156.0,1575.0,0.0,-2.52,9.79,11.38,0.0,140,0.0,140.0,0.0,many,SR,2
0,2312,6811,0,0,16.3938,8.3746,6.9577,0.0,0.0,1161,930.0,0.0,0.0,2.64,10.62,0.0,0.0,81,0.0,0.0,0.0,one,SR,1
42,2373,3942,342,0,61.1237,14.6186,17.318,27.4073,0.0,2034,2814.0,2677.0,0.0,5.34,11.8,13.0,0.0,96,774.0,23.0,0.0,many,TR,2
0,2422,8868,0,0,25.4938,13.2616,10.723,0.0,0.0,2172,1550.0,0.0,0.0,9.22,15.09,0.0,0.0,22,0.0,0.0,0.0,one,SR,1
0,2439,3010,1426,0,44.3986,18.2302,14.5709,9.3935,0.0,1847,1845.0,973.0,0.0,-0.44,13.28,8.76,0.0,110,108.0,0.0,0.0,many,SR,2
0,2460,1107,1106,0,39.4464,16.3456,10.5857,10.5857,0.0,1489,1130.0,1130.0,0.0,-1.73,9.65,9.65,0.0,70,0.0,0.0,0.0,many,SR,2
228,2470,1571,0,0,31.3009,5.1266,25.6006,0.0,0.0,1174,1945.0,0.0,0.0,7.16,10.74,0.0,0.0,3,-301.0,0.0,0.0,one,RT,1
0,2481,3161,1096,0,36.6456,15.115,8.9243,10.7738,0.0,1338,912.0,1217.0,0.0,-2.44,8.41,9.91,0.0,94,0.0,40.0,0.0,many,SR,2
0,2496,6493,1652,0,29.4448,11.8065,7.8256,8.2297,0.0,1561,928.0,830.0,0.0,2.14,7.92,7.91,0.0,167,103.0,6.0,0.0,many,SR,2
0,2500,4933,2681,0,27.8607,10.6415,7.8484,7.8484,0.0,1321,771.0,771.0,0.0,0.17,7.61,7.61,0.0,209,0.0,0.0,0.0,many,SR,2
0,2508,8601,4903,0,34.8011,14.5405,8.5676,9.9348,0.0,1180,866.0,1180.0,0.0,-3.43,8.15,9.43,0.0,88,0.0,88.0,0.0,many,SR,2
0,2510,3390,1407,0,40.7249,14.9019,10.3015,13.3477,0.0,2268,1092.0,1725.0,0.0,4.25,9.43,12.31,0.0,318,0.0,143.0,0.0,many,SR,2
173,2524,7883,5081,0,70.8465,13.8566,22.6985,32.3087,0.0,4043,3074.0,3919.0,0.0,24.61,13.94,14.89,0.0,272,541.0,580.0,0.0,many,TR,2
0,2557,6076,4308,74,55.1142,23.0807,10.3076,9.4897,9.5156,1911,1133.0,991.0,989.0,-4.42,9.52,8.84,8.85,96,26.0,3.0,0.0,many,SR,3
0,2566,5898,4876,0,40.3408,16.9664,10.9084,10.5151,0.0,1653,1188.0,1120.0,0.0,-0.2,9.92,9.59,0.0,41,10.0,0.0,0.0,many,SR,2
0,2569,8206,8205,0,66.1196,25.879,18.4814,18.4814,0.0,3164,2230.0,2230.0,0.0,3.72,16.39,16.39,0.0,247,0.0,0.0,0.0,many,SR,2
0,2571,4756,3822,1707,70.8013,27.8474,10.2153,14.2816,14.9316,2200,1082.0,1638.0,1750.0,-8.63,9.37,12.63,13.26,265,1.0,5.0,17.0,many,SR,3
175,2604,678,0,0,16.2191,4.2792,11.0983,0.0,0.0,1380,2043.0,0.0,0.0,6.92,11.42,0.0,0.0,225,565.0,0.0,0.0,one,TR,1
0,2637,5008,0,0,27.3388,14.2536,11.4694,0.0,0.0,2260,1686.0,0.0,0.0,9.19,16.16,0.0,0.0,20,0.0,0.0,0.0,one,SR,1
0,2644,9215,9214,1281,56.0592,22.1759,9.054,9.054,12.8816,1729,929.0,929.0,1672.0,-7.89,8.51,8.51,11.92,264,0.0,0.0,151.0,many,SR,3
0,2655,7894,0,0,38.6087,16.4341,19.4172,0.0,0.0,4351,3142.0,0.0,0.0,20.87,27.57,0.0,0.0,572,0.0,0.0,0.0,one,SR,1
0,2664,5696,5377,0,49.87,19.7809,8.6515,18.898,0.0,2712,876.0,2469.0,0.0,5.62,8.21,17.19,0.0,210,0.0,112.0,0.0,many,SR,2
0,2676,4395,0,0,27.2437,12.2753,13.1166,0.0,0.0,2323,1987.0,0.0,0.0,7.73,18.52,0.0,0.0,300,0.0,0.0,0.0,one,SR,1
0,2679,8546,1957,0,28.8561,11.588,7.8736,7.8694,0.0,1225,773.0,773.0,0.0,-0.86,7.63,7.62,0.0,146,-1.0,0.0,0.0,many,SR,2
0,2685,7744,2826,0,32.1574,11.32,9.508,9.5519,0.0,1919,989.0,1019.0,0.0,4.15,8.85,8.93,0.0,319,0.0,16.0,0.0,many,SR,2
0,2767,9832,8374,3952,64.0928,26.2881,11.3907,11.8996,11.3907,1567,1236.0,1362.0,1236.0,-11.66,10.25,10.74,10.25,125,0.0,39.0,0.0,many,SR,3
0,2769,216,0,0,47.4769,22.1185,22.2021,0.0,0.0,4429,3651.0,0.0,0.0,18.1,31.56,0.0,0.0,429,0.0,0.0,0.0,one,SR,1
181,2770,7336,0,0,13.9551,3.0652,10.2858,0.0,0.0,1245,1558.0,0.0,0.0,7.64,9.04,0.0,0.0,162,378.0,0.0,0.0,one,TR,1
0,2773,4243,2805,0,36.4097,14.6992,10.194,9.6529,0.0,1315,1241.0,1008.0,0.0,-2.97,9.68,8.96,0.0,142,105.0,0.0,0.0,many,SR,2
0,2791,6867,3858,2438,52.5838,22.8904,9.7181,9.7269,7.6977,1113,1015.0,1018.0,751.0,-11.27,9.0,9.01,7.5,5,-1.0,1.0,0.0,many,SR,3
66,2793,8430,4547,0,31.4557,8.1584,10.6496,11.5904,0.0,1234,984.0,1129.0,0.0,3.44,7.32,8.26,0.0,93,19.0,21.0,0.0,many,RT,2
0,2828,9877,9875,0,33.3378,13.7655,8.9434,8.9434,0.0,1645,915.0,915.0,0.0,2.1,8.43,8.43,0.0,96,0.0,0.0,0.0,many,SR,2
0,2843,1767,585,0,46.6131,19.487,12.4589,12.4589,0.0,1576,1376.0,1376.0,0.0,-3.33,11.04,11.04,0.0,27,0.0,0.0,0.0,many,SR,2
0,2903,9319,0,0,20.1552,10.7555,8.1975,0.0,0.0,1305,1129.0,0.0,0.0,2.88,12.02,0.0,0.0,5,0.0,0.0,0.0,one,SR,1
0,2960,7566,2506,2289,70.9253,30.0082,11.5376,11.9698,14.0642,1609,1255.0,1314.0,1599.0,-13.21,10.36,10.68,12.42,7,0.0,2.0,-1.0,many,SR,3
134,2968,9709,389,0,42.4781,9.6736,18.6343,12.9943,0.0,1429,1758.0,1846.0,0.0,4.42,8.63,10.13,0.0,62,76.0,380.0,0.0,many,TR,2
0,2969,6494,2975,297,59.07,22.3137,9.2676,9.2676,15.1034,2364,957.0,957.0,1958.0,-3.24,8.67,8.67,13.84,392,0.0,0.0,132.0,many,SR,3
0,2983,8485,0,0,14.7315,7.9483,5.8482,0.0,0.0,1173,751.0,0.0,0.0,3.9,9.35,0.0,0.0,32,0.0,0.0,0.0,one,SR,1
88,2991,6335,6097,5548,64.353,10.7611,12.0047,9.9332,30.2818,1338,1657.0,996.0,3442.0,1.7,8.56,7.51,9.65,109,382.0,58.0,633.0,many,RT,3
0,3007,5967,5493,0,35.0363,14.3112,10.5125,8.4311,0.0,1219,1123.0,935.0,0.0,-3.23,9.6,8.22,0.0,118,2.0,57.0,0.0,many,SR,2
78,3040,7422,6433,4641,102.5693,20.2412,35.7442,27.9647,16.3102,1721,2884.0,2229.0,2154.0,-2.71,12.72,11.73,11.63,37,-281.0,-277.0,338.0,many,RT,3
1,3056,8610,2582,0,53.009,15.3353,18.8015,17.0737,0.0,1636,2465.0,2638.0,0.0,0.99,12.24,11.75,0.0,58,398.0,657.0,0.0,many,TR,2
0,3061,8498,7672,0,38.6314,15.6092,9.3463,11.7159,0.0,1950,973.0,1467.0,0.0,2.83,8.73,10.87,0.0,139,4.0,122.0,0.0,many,SR,2
0,3102,2218,0,0,22.7774,11.5274,9.859,0.0,0.0,2747,1396.0,0.0,0.0,16.32,13.91,0.0,0.0,68,0.0,0.0,0.0,one,SR,1
161,3133,2367,2293,0,35.8482,10.5395,12.8283,11.1776,0.0,1277,2177.0,1581.0,0.0,1.68,10.79,8.24,0.0,81,604.0,390.0,0.0,many,RT,2
0,3134,3228,0,0,13.1366,6.5256,5.693,0.0,0.0,1495,727.0,0.0,0.0,7.44,9.18,0.0,0.0,119,0.0,0.0,0.0,one,SR,1
248,3169,5872,4000,0,52.806,13.9359,13.7836,23.4076,0.0,1461,2194.0,2788.0,0.0,0.23,10.33,13.46,0.0,80,588.0,310.0,0.0,many,TR,2
0,3179,3433,3084,0,47.3585,18.8051,11.6377,14.5584,0.0,1904,1356.0,1714.0,0.0,-1.22,10.61,12.97,0.0,165,57.0,27.0,0.0,many,SR,2
0,3205,9137,5998,0,58.1801,23.6214,17.3346,14.4049,0.0,2403,2109.0,1649.0,0.0,-0.14,15.46,12.73,0.0,120,26.0,0.0,0.0,many,SR,2
0,3213,8473,2555,2345,63.6448,24.8645,11.6161,11.6161,12.3671,1547,1264.0,1264.0,1372.0,-12.39,10.41,10.41,10.99,257,-1.0,-1.0,6.0,many,SR,3
0,3217,7845,7844,6407,84.7335,34.3104,11.9515,11.9515,22.3129,3165,1309.0,1309.0,3165.0,-4.63,10.66,10.66,20.75,243,0.0,0.0,243.0,many,SR,3
0,3232,9990,2437,2436,48.1018,20.8902,9.9846,7.4173,7.4173,1119,1119.0,715.0,715.0,-9.78,9.34,7.29,7.29,44,44.0,0.0,0.0,many,SR,3
0,3254,4609,4421,80,54.0111,22.077,7.9648,12.9501,8.2891,1606,787.0,1543.0,829.0,-7.71,7.7,11.66,7.94,170,0.0,64.0,0.0,many,SR,3
0,3263,6460,0,0,29.0295,15.1451,12.1682,0.0,0.0,2445,1814.0,0.0,0.0,10.23,17.16,0.0,0.0,21,0.0,0.0,0.0,one,SR,1
0,3285,1101,0,0,26.6006,13.0552,11.8715,0.0,0.0,2011,1760.0,0.0,0.0,6.05,16.74,0.0,0.0,137,0.0,0.0,0.0,one,SR,1
0,3300,9198,0,0,20.6203,9.8035,9.4703,0.0,0.0,1579,1333.0,0.0,0.0,4.46,13.46,0.0,0.0,158,0.0,0.0,0.0,one,SR,1
0,3301,6565,6564,0,39.9596,16.9988,10.5208,10.5208,0.0,2142,1121.0,1121.0,0.0,5.22,9.6,9.6,0.0,19,0.0,0.0,0.0,many,SR,2
0,3321,5121,0,0,33.6854,17.1085,14.5236,0.0,0.0,3027,2244.0,0.0,0.0,13.3,20.53,0.0,0.0,94,0.0,0.0,0.0,one,SR,1
0,3328,4482,0,0,22.3452,10.2865,10.5723,0.0,0.0,1944,1521.0,0.0,0.0,7.03,14.86,0.0,0.0,211,0.0,0.0,0.0,one,SR,1
0,3371,4435,1566,0,41.8255,17.0197,11.3792,11.3792,0.0,2062,1234.0,1234.0,0.0,3.22,10.24,10.24,0.0,96,0.0,0.0,0.0,many,SR,2
262,3399,7205,7204,6370,89.7085,16.3335,25.5234,25.5234,20.1996,2475,2122.0,2122.0,1995.0,6.83,11.1,11.1,10.1,193,-183.0,-183.0,83.0,many,TR,3
0,3417,8115,5914,0,49.5017,20.5722,14.0348,12.5294,0.0,1855,1665.0,1385.0,0.0,-1.81,12.56,11.09,0.0,49,43.0,0.0,0.0,many,SR,2
39,3494,9757,4801,1862,73.7829,14.8559,18.8081,29.8308,8.6163,1676,2894.0,3894.0,1293.0,2.55,11.7,9.43,7.59,13,755.0,1015.0,355.0,many,TR,3
0,3504,9582,0,0,23.9903,12.0795,10.4431,0.0,0.0,1609,1497.0,0.0,0.0,3.69,14.68,0.0,0.0,77,0.0,0.0,0.0,one,SR,1
0,3511,7105,0,0,18.8991,10.106,7.653,0.0,0.0,1440,1041.0,0.0,0.0,4.86,11.4,0.0,0.0,11,0.0,0.0,0.0,one,SR,1
257,3516,4535,491,0,46.5937,9.519,15.2731,20.7363,0.0,1235,2237.0,1960.0,0.0,3.38,9.32,9.34,0.0,5,594.0,69.0,0.0,many,TR,2
0,3517,626,625,0,51.4864,19.3831,14.7485,14.7485,0.0,2921,1697.0,1697.0,0.0,7.21,13.03,13.03,0.0,278,0.0,0.0,0.0,many,SR,2
72,3549,8422,2088,0,28.8918,6.515,8.9876,12.3596,0.0,1212,1088.0,1476.0,0.0,3.46,7.16,8.14,0.0,188,202.0,248.0,0.0,many,RT,2
0,3550,398,397,0,27.841,11.5513,7.4154,7.4154,0.0,2304,715.0,715.0,0.0,11.06,7.29,7.29,0.0,108,0.0,0.0,0.0,many,SR,2
140,3569,8677,8511,379,48.6923,11.5826,17.4581,10.617,7.7104,1085,2099.0,830.0,1125.0,-0.52,8.41,6.41,7.41,23,415.0,-45.0,289.0,many,TR,3
0,3666,7425,39,0,34.8609,14.1878,9.5976,9.2765,0.0,1238,1000.0,1162.0,0.0,-3.19,8.91,9.08,0.0,137,0.0,132.0,0.0,many,SR,2
0,3709,5037,3246,0,40.0525,15.9131,11.0059,11.1236,0.0,1889,1233.0,1200.0,0.0,1.75,10.06,10.04,0.0,149,31.0,0.0,0.0,many,SR,2
0,3720,9312,6112,0,34.0086,14.1268,8.9643,9.1973,0.0,1216,917.0,1022.0,0.0,-2.71,8.44,8.76,0.0,93,0.0,48.0,0.0,many,SR,2
38,3738,8718,0,0,21.5852,9.5177,10.905,0.0,0.0,1455,2082.0,0.0,0.0,4.81,14.63,0.0,0.0,65,422.0,0.0,0.0,one,TR,1
0,3761,290,289,0,31.0941,12.5344,8.4722,8.4722,0.0,1146,853.0,853.0,0.0,-2.5,8.08,8.08,0.0,137,0.0,0.0,0.0,many,SR,2
75,3828,4255,0,0,22.566,6.8416,14.73,0.0,0.0,1746,2314.0,0.0,0.0,9.38,12.94,0.0,0.0,144,476.0,0.0,0.0,one,RT,1
0,3833,5918,0,0,19.3155,10.2179,7.9258,0.0,0.0,1146,1086.0,0.0,0.0,1.49,11.72,0.0,0.0,23,0.0,0.0,0.0,one,SR,1
0,3848,701,700,0,35.2235,12.6397,10.3453,10.3453,0.0,1806,1098.0,1098.0,0.0,1.92,9.47,9.47,0.0,300,0.0,0.0,0.0,many,SR,2
0,3872,5683,3609,0,84.0912,34.8316,22.5529,22.6534,0.0,3261,2813.0,2964.0,0.0,-2.24,20.06,20.47,0.0,113,0.0,86.0,0.0,many,SR,2
0,3877,1301,0,0,16.7293,7.5554,7.9943,0.0,0.0,1468,1097.0,0.0,0.0,4.8,11.8,0.0,0.0,209,0.0,0.0,0.0,one,SR,1
99,3920,4789,0,0,35.7775,11.1658,23.3473,0.0,0.0,3485,3741.0,0.0,0.0,25.21,17.64,0.0,0.0,15,800.0,0.0,0.0,one,RT,1
281,3923,4490,2213,0,34.1065,10.0326,13.0468,9.8694,0.0,1079,1400.0,1402.0,0.0,0.91,8.79,8.79,0.0,27,114.0,297.0,0.0,many,RT,2
0,3929,8000,2452,2451,49.9198,20.3598,9.4806,8.7392,8.7392,1307,1307.0,887.0,887.0,-9.69,9.47,8.27,8.27,208,208.0,0.0,0.0,many,SR,3
38,3974,9268,8554,0,55.6306,13.3919,25.3158,15.2867,0.0,1397,3412.0,1877.0,0.0,-0.06,15.56,8.8,0.0,91,556.0,348.0,0.0,many,RT,2
0,4006,2974,0,0,15.0722,8.3067,5.832,0.0,0.0,1025,749.0,0.0,0.0,2.36,9.34,0.0,0.0,7,0.0,0.0,0.0,one,SR,1
49,4021,4256,3038,0,38.5777,8.6428,10.1397,18.7077,0.0,1293,1523.0,2421.0,0.0,3.79,8.43,9.44,0.0,78,394.0,530.0,0.0,many,TR,2
85,4030,5607,4797,0,38.7736,11.361,10.5727,15.5273,0.0,1247,1626.0,2093.0,0.0,1.28,8.82,10.31,0.0,31,426.0,413.0,0.0,many,RT,2
0,4051,6146,6145,0,29.643,11.0543,8.4856,8.4856,0.0,1609,855.0,855.0,0.0,2.34,8.09,8.09,0.0,239,0.0,0.0,0.0,many,SR,2
0,4074,2666,1370,0,34.986,15.0628,9.075,9.1359,0.0,1703,932.0,956.0,0.0,2.47,8.52,8.6,0.0,24,0.0,11.0,0.0,many,SR,2
0,4086,6854,6853,1525,54.8422,20.9401,10.353,10.353,10.353,2065,1100.0,1100.0,1100.0,-3.91,9.48,9.48,9.48,317,0.0,0.0,0.0,many,SR,3
50,4449,9932,8433,3406,88.7035,18.1027,21.1505,18.5465,28.678,1840,1778.0,2491.0,3002.0,-0.71,9.3,9.31,15.65,132,-92.0,600.0,46.0,many,RT,3
0,1546,6281,3309,3031,82.2765,32.4,11.1833,11.198,23.2585,3537,1215.0,1210.0,3537.0,-0.99,10.11,10.1,22.16,391,4.0,0.0,391.0,many,SR,3
245,928,5152,1043,0,70.6386,6.0187,32.9315,30.8554,0.0,1846,3126.0,2742.0,0.0,11.89,9.14,9.19,0.0,101,270.0,93.0,0.0,many,RT,2
31,2036,9664,8946,7390,57.7858,13.0173,15.9226,17.4689,9.7394,1851,1586.0,2338.0,858.0,4.7,7.42,10.62,6.33,118,169.0,470.0,31.0,many,RT,3
0,376,3217,2521,443,58.2876,24.9219,10.234,10.0902,10.234,1323,1087.0,1071.0,1087.0,-11.37,9.39,9.29,9.39,24,2.0,4.0,2.0,many,SR,3
15,2609,9271,5291,0,57.0117,10.009,27.8326,17.3938,0.0,2586,3534.0,2876.0,0.0,11.17,13.88,11.88,0.0,408,601.0,812.0,0.0,many,TR,2
79,4167,9060,2742,413,55.9666,12.2934,10.839,16.8742,14.5015,1572,1595.0,2146.0,1655.0,3.38,8.07,9.07,8.44,57,430.0,447.0,245.0,many,RT,3
0,121,9922,9921,0,56.1771,23.0781,15.2048,15.2048,0.0,3145,1763.0,1763.0,0.0,8.82,13.45,13.45,0.0,77,0.0,0.0,0.0,many,SR,2
184,3149,8717,6222,474,53.6536,15.3513,11.3624,11.2863,13.7256,1305,1851.0,1604.0,2171.0,-3.65,9.54,9.64,10.1,137,511.0,321.0,587.0,many,RT,3
0,1814,6722,6412,3191,53.4624,21.5223,9.7731,9.7162,9.7448,2119,1023.0,1015.0,1018.0,-2.1,9.04,9.0,9.02,193,0.0,-1.0,-1.0,many,SR,3
0,1829,5414,5413,0,52.7004,22.1193,14.0498,14.0498,0.0,2746,1598.0,1598.0,0.0,6.5,12.41,12.41,0.0,15,0.0,0.0,0.0,many,SR,2
42,1959,2819,2809,0,51.3517,9.0178,18.702,22.2445,0.0,1445,2325.0,2600.0,0.0,2.69,10.95,9.92,0.0,237,371.0,436.0,0.0,many,TR,2
0,844,9270,3378,2576,52.3126,22.1359,10.0611,10.0035,7.5242,2597,1061.0,1072.0,729.0,3.98,9.26,9.25,7.37,79,0.0,12.0,0.0,many,SR,3
10,2867,8721,2543,0,48.3125,11.3513,22.3847,13.2469,0.0,1387,2936.0,2088.0,0.0,2.6,10.19,10.11,0.0,42,669.0,551.0,0.0,many,RT,2
0,223,7628,575,0,47.2185,18.0792,12.7314,14.0392,0.0,1766,1437.0,1597.0,0.0,-2.77,11.29,12.39,0.0,221,17.0,1.0,0.0,many,SR,2
117,732,7723,7071,0,45.0918,7.2789,18.7295,18.1451,0.0,1081,2318.0,2428.0,0.0,2.91,8.44,8.95,0.0,80,508.0,596.0,0.0,many,TR,2
0,262,7713,7712,0,46.0647,15.6133,13.99,13.99,0.0,3895,1590.0,1590.0,0.0,18.65,12.36,12.36,0.0,452,0.0,0.0,0.0,many,SR,2
184,4491,8642,1335,0,44.6791,11.6291,19.8051,11.9255,0.0,1353,2773.0,1943.0,0.0,2.33,10.18,10.02,0.0,17,693.0,521.0,0.0,many,TR,2
0,3209,8778,7082,0,45.4271,17.7692,12.291,13.1163,0.0,1644,1354.0,1475.0,0.0,-2.99,10.92,11.59,0.0,170,0.0,7.0,0.0,many,SR,2
0,4680,8905,7089,0,44.4752,18.8383,11.7664,11.7664,0.0,1820,1284.0,1284.0,0.0,0.17,10.52,10.52,0.0,7,0.0,0.0,0.0,many,SR,2
0,4053,6560,5333,0,44.0102,18.2554,12.362,11.261,0.0,1505,1462.0,1219.0,0.0,-3.38,11.17,10.15,0.0,64,64.0,0.0,0.0,many,SR,2
227,3268,4087,523,0,42.7755,13.3541,14.042,13.873,0.0,1671,2151.0,2008.0,0.0,3.99,10.54,10.53,0.0,14,529.0,430.0,0.0,many,RT,2
0,1288,8515,8514,0,42.2495,15.3945,12.333,12.333,0.0,2229,1359.0,1359.0,0.0,3.7,10.95,10.95,0.0,294,0.0,0.0,0.0,many,SR,2
0,3038,5649,4274,0,42.0665,17.304,12.9625,9.7502,0.0,1536,1461.0,1021.0,0.0,-2.32,11.47,9.03,0.0,78,12.0,0.0,0.0,many,SR,2
0,442,8922,2513,0,42.0487,17.4567,11.3391,11.2043,0.0,2257,1228.0,1300.0,0.0,5.26,10.2,10.28,0.0,67,0.0,58.0,0.0,many,SR,2
0,1430,6665,3127,0,42.1871,16.1007,14.6437,9.2218,0.0,2459,1870.0,1051.0,0.0,5.83,13.38,8.83,0.0,265,118.0,65.0,0.0,many,SR,2
213,1490,9718,3212,0,40.2248,10.6798,11.5065,16.6449,0.0,2064,1901.0,1698.0,0.0,9.13,9.72,10.21,0.0,127,530.0,53.0,0.0,many,TR,2
0,3513,9937,9728,0,40.8135,15.9998,11.0248,11.6877,0.0,2507,1186.0,1562.0,0.0,7.41,9.97,11.04,0.0,199,-1.0,186.0,0.0,many,SR,2
0,1706,3719,1920,0,40.5907,16.1292,11.219,11.219,0.0,2429,1213.0,1213.0,0.0,7.29,10.12,10.12,0.0,142,0.0,0.0,0.0,many,SR,2
0,4246,8523,5756,0,40.055,16.0361,10.4712,11.5485,0.0,1441,1114.0,1292.0,0.0,-2.86,9.56,10.44,0.0,134,0.0,23.0,0.0,many,SR,2
0,1917,5244,1441,0,39.7906,15.5381,11.1126,11.126,0.0,1500,1222.0,1206.0,0.0,-2.38,10.08,10.06,0.0,177,15.0,4.0,0.0,many,SR,2
0,4786,2927,1274,0,39.3914,16.3177,10.5761,10.5704,0.0,1557,1128.0,1128.0,0.0,-1.0,9.64,9.64,0.0,70,0.0,0.0,0.0,many,SR,2
0,2631,6555,6363,0,39.3041,15.6874,8.5028,13.1381,0.0,2555,882.0,1476.0,0.0,9.05,8.15,11.61,0.0,143,16.0,5.0,0.0,many,SR,2
0,2629,8951,5453,0,39.2613,15.9582,10.8101,10.5449,0.0,2034,1163.0,1145.0,0.0,3.82,9.82,9.66,0.0,108,2.0,13.0,0.0,many,SR,2
181,2575,8046,1797,1223,38.6242,11.7461,8.8956,8.1029,8.4972,1906,884.0,1320.0,888.0,7.57,6.41,8.2,6.22,48,95.0,370.0,132.0,many,TR,3
0,2424,2793,1171,0,38.0903,15.0456,12.3693,8.7488,0.0,2486,1371.0,889.0,0.0,8.76,10.99,8.28,0.0,157,5.0,0.0,0.0,many,SR,2
0,3062,471,405,0,37.9803,13.971,12.756,9.2505,0.0,2088,1469.0,955.0,0.0,3.9,11.37,8.65,0.0,277,35.0,0.0,0.0,many,SR,2
0,3930,8347,5417,0,37.7353,14.9572,13.2177,7.6236,0.0,2910,1515.0,833.0,0.0,13.12,11.74,7.63,0.0,169,23.0,59.0,0.0,many,SR,2
0,4076,3268,1267,0,37.1355,14.1923,11.177,9.8475,0.0,2439,1208.0,1033.0,0.0,8.34,10.09,9.1,0.0,210,0.0,0.0,0.0,many,SR,2
0,3805,6220,1045,0,37.0212,15.2237,9.9516,10.0005,0.0,1572,1083.0,1052.0,0.0,-0.1,9.24,9.21,0.0,95,24.0,-1.0,0.0,many,SR,2
0,1962,9780,9779,0,37.0327,14.0478,10.5323,10.5323,0.0,2395,1122.0,1122.0,0.0,7.86,9.6,9.6,0.0,221,0.0,0.0,0.0,many,SR,2
0,4936,9016,0,0,37.2826,18.416,16.5256,0.0,0.0,3455,2611.0,0.0,0.0,15.21,23.41,0.0,0.0,181,0.0,0.0,0.0,one,SR,1
0,1269,7172,6066,0,36.853,13.0845,12.4659,9.2886,0.0,2280,1573.0,960.0,0.0,5.81,11.46,8.68,0.0,344,126.0,0.0,0.0,many,SR,2
0,3981,3606,1446,0,36.6051,14.6828,10.9515,9.0788,0.0,2185,1414.0,933.0,0.0,5.91,10.39,8.53,0.0,160,153.0,0.0,0.0,many,SR,2
0,4477,8896,1845,0,36.1682,14.9271,10.5172,8.913,0.0,1716,1170.0,918.0,0.0,1.72,9.69,8.42,0.0,94,32.0,5.0,0.0,many,SR,2
0,611,8248,3569,0,36.1223,14.2649,10.081,9.9104,0.0,1973,1186.0,1041.0,0.0,3.92,9.52,9.14,0.0,173,79.0,0.0,0.0,many,SR,2
0,1753,8734,1615,0,35.5577,14.9839,9.0387,9.761,0.0,1126,927.0,1126.0,0.0,-4.14,8.5,9.24,0.0,67,0.0,67.0,0.0,many,SR,2
227,3827,3655,643,0,49.7325,12.624,19.6284,15.9902,0.0,1416,2434.0,2045.0,0.0,1.46,11.06,10.84,0.0,54,395.0,319.0,0.0,many,RT,2
0,1835,9436,543,0,34.7078,13.8778,10.1737,8.8766,0.0,3219,1117.0,906.0,0.0,17.78,9.42,8.38,0.0,146,27.0,0.0,0.0,many,SR,2
0,1210,916,915,0,34.6076,13.4325,9.6892,9.6892,0.0,1349,1013.0,1013.0,0.0,-2.01,8.98,8.98,0.0,187,0.0,0.0,0.0,many,SR,2
0,2287,7058,4343,0,34.5154,13.6207,9.5205,9.5451,0.0,1754,1027.0,1240.0,0.0,1.96,8.93,9.36,0.0,194,24.0,160.0,0.0,many,SR,2
0,4773,4293,4292,0,33.7299,14.5194,8.7755,8.7755,0.0,2870,892.0,892.0,0.0,15.2,8.3,8.3,0.0,29,0.0,0.0,0.0,many,SR,2
0,1088,6190,788,0,33.6524,14.3083,7.5585,10.1164,0.0,2314,733.0,1068.0,0.0,9.27,7.4,9.3,0.0,49,0.0,0.0,0.0,many,SR,2
0,842,5736,3601,0,33.5045,14.6245,8.621,8.621,0.0,1472,873.0,873.0,0.0,0.71,8.19,8.19,0.0,8,0.0,0.0,0.0,many,SR,2
0,316,6654,3549,0,32.7553,13.2418,8.7163,9.0951,0.0,1253,885.0,1047.0,0.0,-2.16,8.26,8.76,0.0,142,0.0,73.0,0.0,many,SR,2
0,2605,4184,4120,0,32.7773,12.4506,9.7855,8.7984,0.0,1361,1054.0,896.0,0.0,-1.4,9.11,8.32,0.0,221,19.0,0.0,0.0,many,SR,2
0,3144,4855,2000,0,32.616,13.2749,8.8098,8.8593,0.0,1129,897.0,920.0,0.0,-3.19,8.33,8.39,0.0,121,0.0,11.0,0.0,many,SR,2
224,3798,7739,5051,0,52.381,7.7696,24.5256,19.1788,0.0,1300,2389.0,2057.0,0.0,5.49,8.57,7.5,0.0,27,222.0,337.0,0.0,many,TR,2
0,4518,7864,1356,0,32.5803,13.109,9.1182,8.6494,0.0,1406,965.0,986.0,0.0,-0.57,8.61,8.43,0.0,152,18.0,71.0,0.0,many,SR,2
0,4458,4771,316,0,32.3636,14.2534,8.1613,8.3653,0.0,1923,812.0,838.0,0.0,5.94,7.84,7.99,0.0,0,0.0,0.0,0.0,many,SR,2
164,1504,8077,651,0,31.7958,9.2246,13.012,8.4877,0.0,1555,1790.0,1169.0,0.0,6.68,8.53,7.18,0.0,29,428.0,291.0,0.0,many,RT,2
0,3730,5814,5813,0,31.803,12.8864,8.6381,8.6381,0.0,1840,875.0,875.0,0.0,4.56,8.2,8.2,0.0,128,0.0,0.0,0.0,many,SR,2
0,3459,7546,0,0,31.9088,15.8127,14.1032,0.0,0.0,2686,2167.0,0.0,0.0,10.27,19.93,0.0,0.0,145,0.0,0.0,0.0,one,SR,1
0,1658,8987,0,0,31.5561,16.5746,13.1273,0.0,0.0,2765,1990.0,0.0,0.0,12.35,18.54,0.0,0.0,8,0.0,0.0,0.0,one,SR,1
0,4775,5816,1506,0,31.2346,12.9612,7.5146,9.1434,0.0,1215,727.0,1050.0,0.0,-1.78,7.36,8.79,0.0,108,0.0,71.0,0.0,many,SR,2
0,1083,5218,1883,0,31.1228,13.3555,8.0859,8.1193,0.0,1750,814.0,806.0,0.0,4.32,7.81,7.81,0.0,48,8.0,0.0,0.0,many,SR,2
0,646,9805,9804,0,30.7747,12.7976,8.2013,8.2013,0.0,1316,817.0,817.0,0.0,-0.35,7.87,7.87,0.0,94,0.0,0.0,0.0,many,SR,2
0,4128,6829,5235,0,30.6562,13.276,8.0138,7.8237,0.0,1766,803.0,809.0,0.0,4.66,7.75,7.67,0.0,42,7.0,27.0,0.0,many,SR,2
270,3757,3891,0,0,30.1473,9.0314,19.8918,0.0,0.0,1580,2683.0,0.0,0.0,5.57,16.24,0.0,0.0,136,272.0,0.0,0.0,one,RT,1
0,787,8351,0,0,30.7181,14.5983,14.1229,0.0,0.0,2716,2172.0,0.0,0.0,10.55,19.97,0.0,0.0,230,0.0,0.0,0.0,one,SR,1
0,31,4105,1086,0,37.1037,15.0085,11.0107,9.1913,0.0,1527,1364.0,947.0,0.0,-1.0,10.32,8.61,0.0,139,115.0,0.0,0.0,many,SR,2
0,3410,7057,0,0,30.3258,14.8516,13.5589,0.0,0.0,2639,2068.0,0.0,0.0,10.47,19.15,0.0,0.0,163,0.0,0.0,0.0,one,SR,1
0,971,9179,6909,0,29.8839,11.0278,8.7659,8.455,0.0,1674,891.0,850.0,0.0,2.86,8.29,8.06,0.0,252,0.0,0.0,0.0,many,SR,2
0,2409,9916,2380,0,29.5437,11.765,8.1536,8.0495,0.0,1582,811.0,877.0,0.0,2.43,7.84,7.92,0.0,165,0.0,52.0,0.0,many,SR,2
0,927,8153,8152,0,29.3842,12.7011,7.5986,7.5986,0.0,1332,739.0,739.0,0.0,0.61,7.43,7.43,0.0,46,0.0,0.0,0.0,many,SR,2
0,174,5104,2181,0,29.3044,12.6704,7.5757,7.5757,0.0,1478,736.0,736.0,0.0,2.18,7.41,7.41,0.0,46,0.0,0.0,0.0,many,SR,2
0,3354,7388,0,0,29.7372,14.0146,13.7751,0.0,0.0,3520,2109.0,0.0,0.0,19.43,19.47,0.0,0.0,240,0.0,0.0,0.0,one,SR,1
0,4621,7203,2545,0,29.1856,12.0727,7.8106,7.7874,0.0,1972,765.0,763.0,0.0,7.07,7.58,7.57,0.0,107,-1.0,0.0,0.0,many,SR,2
0,3679,5155,4066,0,29.0947,11.4451,8.4448,7.652,0.0,1946,853.0,745.0,0.0,6.46,8.07,7.46,0.0,173,2.0,0.0,0.0,many,SR,2
0,1325,4324,2065,0,28.8215,12.2192,7.5472,7.5661,0.0,1181,781.0,734.0,0.0,-1.0,7.49,7.4,0.0,81,32.0,0.0,0.0,many,SR,2
0,2722,6499,0,0,28.8639,14.9488,12.1958,0.0,0.0,3050,1818.0,0.0,0.0,16.55,17.19,0.0,0.0,36,0.0,0.0,0.0,one,SR,1
0,4373,620,0,0,28.6627,14.5804,12.3411,0.0,0.0,2377,1846.0,0.0,0.0,9.29,17.41,0.0,0.0,75,0.0,0.0,0.0,one,SR,1
124,259,8147,2061,0,27.583,7.2882,9.1004,10.1978,0.0,1581,1287.0,1239.0,0.0,7.63,6.97,7.0,0.0,115,358.0,257.0,0.0,many,RT,2
0,961,5747,0,0,28.2307,14.0572,12.4213,0.0,0.0,2221,1860.0,0.0,0.0,7.55,17.52,0.0,0.0,117,0.0,0.0,0.0,one,SR,1
0,3106,9415,7175,0,27.7949,11.044,7.5213,7.734,0.0,1794,758.0,756.0,0.0,5.38,7.43,7.53,0.0,165,19.0,0.0,0.0,many,SR,2
0,4009,9078,0,0,27.9267,14.6143,11.6676,0.0,0.0,2055,1723.0,0.0,0.0,6.77,16.45,0.0,0.0,13,0.0,0.0,0.0,one,SR,1
0,2932,6674,0,0,28.0564,12.7133,13.4442,0.0,0.0,2378,2047.0,0.0,0.0,7.88,18.99,0.0,0.0,299,0.0,0.0,0.0,one,SR,1
0,4212,9695,0,0,28.0299,12.7805,13.3623,0.0,0.0,2349,2032.0,0.0,0.0,7.68,18.87,0.0,0.0,287,0.0,0.0,0.0,one,SR,1
0,2022,6095,0,0,28.1256,12.0327,14.0992,0.0,0.0,2619,2168.0,0.0,0.0,9.56,19.94,0.0,0.0,403,0.0,0.0,0.0,one,SR,1
0,4955,6896,0,0,27.8033,13.8253,12.2501,0.0,0.0,2482,1829.0,0.0,0.0,10.51,17.28,0.0,0.0,118,0.0,0.0,0.0,one,SR,1
0,743,315,0,0,27.922,12.4366,13.5677,0.0,0.0,2461,2071.0,0.0,0.0,8.58,19.18,0.0,0.0,329,0.0,0.0,0.0,one,SR,1
0,4926,8044,5193,0,27.3052,10.8473,7.4927,7.4498,0.0,2184,971.0,719.0,0.0,9.29,7.84,7.32,0.0,191,160.0,0.0,0.0,many,SR,2
0,3476,4764,0,0,27.2086,12.9644,12.4833,0.0,0.0,2319,1871.0,0.0,0.0,8.5,17.61,0.0,0.0,197,0.0,0.0,0.0,one,SR,1
0,3034,4643,0,0,26.9453,13.9144,11.4221,0.0,0.0,2399,1677.0,0.0,0.0,10.71,16.09,0.0,0.0,39,0.0,0.0,0.0,one,SR,1
182,2226,7947,0,0,25.8726,5.4319,19.7582,0.0,0.0,1073,3045.0,0.0,0.0,5.12,10.83,0.0,0.0,49,866.0,0.0,0.0,one,RT,1
0,3566,3528,0,0,26.7418,13.0841,11.9698,0.0,0.0,1907,1778.0,0.0,0.0,4.83,16.88,0.0,0.0,144,0.0,0.0,0.0,one,SR,1
0,3947,4628,0,0,26.4755,13.5695,11.3129,0.0,0.0,2077,1657.0,0.0,0.0,7.47,15.93,0.0,0.0,53,0.0,0.0,0.0,one,SR,1
0,4602,3605,0,0,26.6452,12.1507,12.7014,0.0,0.0,2531,1912.0,0.0,0.0,10.44,17.93,0.0,0.0,272,0.0,0.0,0.0,one,SR,1
0,2874,3853,0,0,26.4917,12.1178,12.5958,0.0,0.0,2182,1893.0,0.0,0.0,6.91,17.78,0.0,0.0,265,0.0,0.0,0.0,one,SR,1
10,3997,7191,0,0,25.4113,9.4494,14.882,0.0,0.0,1445,2736.0,0.0,0.0,5.45,13.8,0.0,0.0,19,739.0,0.0,0.0,one,TR,1
0,1778,6213,0,0,25.7922,12.4578,11.688,0.0,0.0,2170,1725.0,0.0,0.0,7.97,16.46,0.0,0.0,161,0.0,0.0,0.0,one,SR,1
0,2273,6875,0,0,25.6651,11.1544,12.7161,0.0,0.0,2573,1914.0,0.0,0.0,10.87,17.95,0.0,0.0,341,0.0,0.0,0.0,one,SR,1
0,1169,3577,0,0,25.0828,12.8636,10.7123,0.0,0.0,1651,1547.0,0.0,0.0,3.77,15.07,0.0,0.0,48,0.0,0.0,0.0,one,SR,1
0,4539,1520,0,0,25.062,12.1829,11.2892,0.0,0.0,1848,1653.0,0.0,0.0,5.09,15.9,0.0,0.0,145,0.0,0.0,0.0,one,SR,1
0,370,2108,0,0,24.9559,12.8266,10.6342,0.0,0.0,1881,1532.0,0.0,0.0,6.29,14.95,0.0,0.0,43,0.0,0.0,0.0,one,SR,1
0,466,865,0,0,24.9455,12.8469,10.6067,0.0,0.0,1731,1528.0,0.0,0.0,4.75,14.92,0.0,0.0,40,0.0,0.0,0.0,one,SR,1
0,934,8064,0,0,24.9078,13.0065,10.4336,0.0,0.0,2364,1497.0,0.0,0.0,11.61,14.68,0.0,0.0,14,0.0,0.0,0.0,one,SR,1
0,561,2648,0,0,24.6828,12.9007,10.3301,0.0,0.0,1913,1477.0,0.0,0.0,7.02,14.52,0.0,0.0,12,0.0,0.0,0.0,one,SR,1
0,4464,3603,0,0,24.5913,12.8342,10.3083,0.0,0.0,2178,1473.0,0.0,0.0,9.83,14.49,0.0,0.0,14,0.0,0.0,0.0,one,SR,1
0,3444,5870,0,0,24.5863,11.6049,11.3782,0.0,0.0,1787,1670.0,0.0,0.0,4.33,16.03,0.0,0.0,193,0.0,0.0,0.0,one,SR,1
0,2431,5895,0,0,24.3355,11.0443,11.6495,0.0,0.0,2407,1719.0,0.0,0.0,10.5,16.42,0.0,0.0,255,0.0,0.0,0.0,one,SR,1
0,2374,6387,1959,0,31.398,12.6126,9.2545,7.8866,0.0,1203,1029.0,776.0,0.0,-2.17,8.8,7.64,0.0,149,48.0,0.0,0.0,many,SR,2
0,100,4622,0,0,23.9279,10.9038,11.4169,0.0,0.0,2119,1675.0,0.0,0.0,7.78,16.07,0.0,0.0,243,0.0,0.0,0.0,one,SR,1
0,2965,4498,0,0,23.9012,10.6043,11.6552,0.0,0.0,2802,1719.0,0.0,0.0,14.65,16.42,0.0,0.0,285,0.0,0.0,0.0,one,SR,1
0,4776,323,0,0,23.8085,9.904,12.1868,0.0,0.0,2530,1816.0,0.0,0.0,11.11,17.18,0.0,0.0,379,0.0,0.0,0.0,one,SR,1
0,1070,5364,0,0,23.3387,12.0194,9.9213,0.0,0.0,1570,1406.0,0.0,0.0,3.9,13.98,0.0,0.0,39,0.0,0.0,0.0,one,SR,1
0,1245,6292,0,0,23.1192,12.1934,9.5681,0.0,0.0,1901,1349.0,0.0,0.0,7.74,13.58,0.0,0.0,2,0.0,0.0,0.0,one,SR,1
0,2144,3957,0,0,23.2823,10.2721,11.4038,0.0,0.0,2024,1674.0,0.0,0.0,6.79,16.06,0.0,0.0,286,0.0,0.0,0.0,one,SR,1
0,4365,873,0,0,23.1461,10.8064,10.818,0.0,0.0,2511,1566.0,0.0,0.0,12.67,15.22,0.0,0.0,197,0.0,0.0,0.0,one,SR,1
0,2511,8518,0,0,23.0907,10.6568,10.8996,0.0,0.0,1713,1582.0,0.0,0.0,4.18,15.34,0.0,0.0,215,0.0,0.0,0.0,one,SR,1
0,3336,1639,0,0,22.6808,11.41,9.8777,0.0,0.0,1704,1399.0,0.0,0.0,5.35,13.93,0.0,0.0,77,0.0,0.0,0.0,one,SR,1
0,4872,7044,0,0,22.8014,10.2344,11.0162,0.0,0.0,1856,1603.0,0.0,0.0,5.53,15.51,0.0,0.0,254,0.0,0.0,0.0,one,SR,1
0,4475,8605,0,0,22.6004,11.3549,9.856,0.0,0.0,2600,1394.0,0.0,0.0,14.79,13.9,0.0,0.0,79,0.0,0.0,0.0,one,SR,1
0,552,6250,0,0,22.4329,11.3703,9.6908,0.0,0.0,1615,1369.0,0.0,0.0,4.61,13.72,0.0,0.0,67,0.0,0.0,0.0,one,SR,1
227,4809,3290,0,0,21.9257,7.4409,13.5831,0.0,0.0,1499,2064.0,0.0,0.0,7.62,12.02,0.0,0.0,46,404.0,0.0,0.0,one,TR,1
0,4883,1189,0,0,22.5776,9.7047,11.2837,0.0,0.0,2077,1652.0,0.0,0.0,7.51,15.89,0.0,0.0,314,0.0,0.0,0.0,one,SR,1
0,4392,2256,0,0,22.3867,10.8875,10.0825,0.0,0.0,1914,1432.0,0.0,0.0,7.35,14.17,0.0,0.0,127,0.0,0.0,0.0,one,SR,1
0,43,3075,0,0,22.2722,11.2524,9.6529,0.0,0.0,1795,1362.0,0.0,0.0,6.55,13.67,0.0,0.0,72,0.0,0.0,0.0,one,SR,1
0,1726,6255,0,0,22.2209,11.097,9.7463,0.0,0.0,2002,1377.0,0.0,0.0,8.62,13.78,0.0,0.0,89,0.0,0.0,0.0,one,SR,1
0,3880,762,0,0,22.049,10.7378,9.9145,0.0,0.0,1895,1404.0,0.0,0.0,7.33,13.97,0.0,0.0,125,0.0,0.0,0.0,one,SR,1
0,2713,6049,0,0,21.9864,11.0625,9.5662,0.0,0.0,1699,1349.0,0.0,0.0,5.62,13.58,0.0,0.0,79,0.0,0.0,0.0,one,SR,1
0,4390,5296,0,0,21.961,9.5583,10.8723,0.0,0.0,2574,1577.0,0.0,0.0,13.25,15.3,0.0,0.0,288,0.0,0.0,0.0,one,SR,1
0,3577,2091,0,0,21.4547,11.1128,9.0442,0.0,0.0,1786,1264.0,0.0,0.0,7.07,12.98,0.0,0.0,39,0.0,0.0,0.0,one,SR,1
1,1950,1038,0,0,20.8601,6.3819,13.6308,0.0,0.0,1175,2238.0,0.0,0.0,4.71,12.47,0.0,0.0,85,508.0,0.0,0.0,one,TR,1
0,3919,830,0,0,21.459,8.917,10.9943,0.0,0.0,2343,1599.0,0.0,0.0,10.67,15.48,0.0,0.0,342,0.0,0.0,0.0,one,SR,1
0,3289,4013,0,0,21.0662,10.6329,9.1257,0.0,0.0,1617,1278.0,0.0,0.0,5.21,13.08,0.0,0.0,78,0.0,0.0,0.0,one,SR,1
0,2112,5499,0,0,20.8865,10.696,8.9077,0.0,0.0,2032,1243.0,0.0,0.0,9.79,12.83,0.0,0.0,58,0.0,0.0,0.0,one,SR,1
0,2469,1670,0,0,20.7618,10.5851,8.8952,0.0,0.0,1773,1241.0,0.0,0.0,7.08,12.81,0.0,0.0,65,0.0,0.0,0.0,one,SR,1
0,1445,192,0,0,20.7247,10.8425,8.6311,0.0,0.0,1935,1198.0,0.0,0.0,9.06,12.51,0.0,0.0,29,0.0,0.0,0.0,one,SR,1
0,235,8253,0,0,20.8533,9.3946,10.0472,0.0,0.0,2209,1425.0,0.0,0.0,10.49,14.11,0.0,0.0,226,0.0,0.0,0.0,one,SR,1
0,4746,4386,0,0,20.5406,10.9151,8.4006,0.0,0.0,1415,1161.0,0.0,0.0,3.83,12.25,0.0,0.0,8,0.0,0.0,0.0,one,SR,1
0,2792,4252,0,0,20.5565,10.6586,8.6455,0.0,0.0,1472,1200.0,0.0,0.0,4.18,12.52,0.0,0.0,42,0.0,0.0,0.0,one,SR,1
0,3244,894,0,0,20.5931,10.0854,9.1924,0.0,0.0,1489,1289.0,0.0,0.0,3.8,13.15,0.0,0.0,120,0.0,0.0,0.0,one,SR,1
0,3955,8238,0,0,20.466,10.8134,8.4242,0.0,0.0,1962,1166.0,0.0,0.0,9.55,12.28,0.0,0.0,17,0.0,0.0,0.0,one,SR,1
243,2032,9039,2281,0,65.1254,7.7423,47.4049,9.0268,0.0,1141,3901.0,1034.0,0.0,3.42,10.62,6.89,0.0,56,-54.0,174.0,0.0,many,RT,2
0,3613,7922,0,0,20.5068,10.2709,8.9489,0.0,0.0,2443,1249.0,0.0,0.0,14.07,12.87,0.0,0.0,90,0.0,0.0,0.0,one,SR,1
0,4839,7138,0,0,20.5051,10.2244,8.9887,0.0,0.0,1546,1256.0,0.0,0.0,4.61,12.92,0.0,0.0,96,0.0,0.0,0.0,one,SR,1
0,4752,6895,0,0,20.582,9.3244,9.8666,0.0,0.0,1861,1396.0,0.0,0.0,7.02,13.91,0.0,0.0,218,0.0,0.0,0.0,one,SR,1
0,1273,9286,0,0,20.2876,10.6975,8.3681,0.0,0.0,1658,1157.0,0.0,0.0,6.41,12.22,0.0,0.0,21,0.0,0.0,0.0,one,SR,1
0,2463,8109,0,0,20.2864,10.5064,8.5396,0.0,0.0,2095,1183.0,0.0,0.0,10.83,12.4,0.0,0.0,45,0.0,0.0,0.0,one,SR,1
0,3221,2034,0,0,20.3299,9.8569,9.1612,0.0,0.0,1806,1284.0,0.0,0.0,7.16,13.12,0.0,0.0,133,0.0,0.0,0.0,one,SR,1
0,129,8930,0,0,20.089,10.5594,8.3139,0.0,0.0,1401,1148.0,0.0,0.0,3.77,12.16,0.0,0.0,26,0.0,0.0,0.0,one,SR,1
0,1040,936,0,0,20.1327,10.1377,8.7327,0.0,0.0,1905,1214.0,0.0,0.0,8.64,12.62,0.0,0.0,84,0.0,0.0,0.0,one,SR,1
147,1815,8816,0,0,19.5812,5.2088,13.6544,0.0,0.0,1393,1869.0,0.0,0.0,8.17,10.18,0.0,0.0,86,357.0,0.0,0.0,one,TR,1
0,3726,6073,0,0,20.0937,9.7707,9.0274,0.0,0.0,1558,1261.0,0.0,0.0,4.7,12.96,0.0,0.0,129,0.0,0.0,0.0,one,SR,1
0,3888,4291,0,0,19.974,10.1297,8.5976,0.0,0.0,1767,1192.0,0.0,0.0,7.33,12.47,0.0,0.0,75,0.0,0.0,0.0,one,SR,1
0,487,1741,0,0,19.9836,9.1612,9.476,0.0,0.0,1791,1333.0,0.0,0.0,6.69,13.46,0.0,0.0,202,0.0,0.0,0.0,one,SR,1
0,3163,5427,0,0,19.6747,9.3952,8.9882,0.0,0.0,1365,1255.0,0.0,0.0,2.71,12.91,0.0,0.0,152,0.0,0.0,0.0,one,SR,1
0,2280,9945,0,0,19.3842,10.1372,8.0604,0.0,0.0,1699,1107.0,0.0,0.0,7.16,11.87,0.0,0.0,37,0.0,0.0,0.0,one,SR,1
0,575,1659,0,0,19.5796,8.4034,9.7937,0.0,0.0,1933,1384.0,0.0,0.0,7.85,13.82,0.0,0.0,276,0.0,0.0,0.0,one,SR,1
0,3408,8398,0,0,19.4391,8.8848,9.2341,0.0,0.0,1763,1296.0,0.0,0.0,6.63,13.2,0.0,0.0,205,0.0,0.0,0.0,one,SR,1
181,1429,5509,0,0,19.0278,7.543,10.5612,0.0,0.0,1181,1983.0,0.0,0.0,4.09,12.24,0.0,0.0,53,503.0,0.0,0.0,one,RT,1
0,3918,5862,0,0,19.3711,8.9807,9.0878,0.0,0.0,1590,1271.0,0.0,0.0,4.97,13.03,0.0,0.0,187,0.0,0.0,0.0,one,SR,1
0,3780,7456,0,0,19.2029,10.2396,7.8064,0.0,0.0,1551,1065.0,0.0,0.0,5.87,11.57,0.0,0.0,12,0.0,0.0,0.0,one,SR,1
0,4052,4300,0,0,19.2108,9.8679,8.1471,0.0,0.0,1805,1120.0,0.0,0.0,8.19,11.96,0.0,0.0,61,0.0,0.0,0.0,one,SR,1
0,135,4894,0,0,19.1307,9.9997,7.9564,0.0,0.0,1866,1090.0,0.0,0.0,9.02,11.75,0.0,0.0,39,0.0,0.0,0.0,one,SR,1
0,4287,1637,0,0,19.2303,8.3203,9.5537,0.0,0.0,1897,1347.0,0.0,0.0,7.71,13.56,0.0,0.0,265,0.0,0.0,0.0,one,SR,1
0,4837,5923,0,0,19.0052,10.0791,7.7719,0.0,0.0,1298,1061.0,0.0,0.0,3.24,11.54,0.0,0.0,21,0.0,0.0,0.0,one,SR,1
0,4091,1817,0,0,18.8393,9.8955,7.7882,0.0,0.0,1807,1063.0,0.0,0.0,8.57,11.56,0.0,0.0,35,0.0,0.0,0.0,one,SR,1
0,4870,988,0,0,18.9139,8.9378,8.7159,0.0,0.0,1610,1211.0,0.0,0.0,5.56,12.6,0.0,0.0,164,0.0,0.0,0.0,one,SR,1
0,3812,6825,0,0,18.9165,8.8508,8.7956,0.0,0.0,1418,1225.0,0.0,0.0,3.46,12.7,0.0,0.0,176,0.0,0.0,0.0,one,SR,1
0,4715,1901,0,0,18.9969,8.0951,9.5469,0.0,0.0,1804,1345.0,0.0,0.0,6.75,13.55,0.0,0.0,280,0.0,0.0,0.0,one,SR,1
0,96,5561,0,0,18.7431,8.4523,8.9973,0.0,0.0,1753,1258.0,0.0,0.0,6.77,12.93,0.0,0.0,218,0.0,0.0,0.0,one,SR,1
0,1425,9112,0,0,18.3225,9.2829,7.8749,0.0,0.0,1845,1076.0,0.0,0.0,8.89,11.65,0.0,0.0,82,0.0,0.0,0.0,one,SR,1
0,2111,9935,0,0,18.5145,7.1378,9.973,0.0,0.0,2498,1414.0,0.0,0.0,13.6,14.04,0.0,0.0,375,0.0,0.0,0.0,one,SR,1
0,2944,6624,0,0,18.1218,9.1591,7.805,0.0,0.0,1330,1066.0,0.0,0.0,3.55,11.58,0.0,0.0,86,0.0,0.0,0.0,one,SR,1
49,1167,3066,0,0,18.012,8.0582,8.8894,0.0,0.0,1521,2075.0,0.0,0.0,6.39,13.64,0.0,0.0,104,588.0,0.0,0.0,one,TR,1
0,4790,5832,0,0,17.9718,9.4204,7.4355,0.0,0.0,1557,1007.0,0.0,0.0,6.3,11.16,0.0,0.0,43,0.0,0.0,0.0,one,SR,1
0,1487,5899,0,0,17.9221,9.6752,7.1628,0.0,0.0,1596,962.0,0.0,0.0,7.0,10.84,0.0,0.0,6,0.0,0.0,0.0,one,SR,1
0,3873,2174,0,0,17.7948,8.7281,7.8984,0.0,0.0,2318,1081.0,0.0,0.0,13.82,11.68,0.0,0.0,122,0.0,0.0,0.0,one,SR,1
0,2316,9318,0,0,17.7597,7.9974,8.5233,0.0,0.0,1534,1181.0,0.0,0.0,4.96,12.39,0.0,0.0,215,0.0,0.0,0.0,one,SR,1
0,220,4353,0,0,17.6683,8.454,8.0312,0.0,0.0,1217,1102.0,0.0,0.0,2.13,11.83,0.0,0.0,150,0.0,0.0,0.0,one,SR,1
0,982,8633,0,0,17.5396,9.4857,6.9888,0.0,0.0,1307,935.0,0.0,0.0,4.14,10.65,0.0,0.0,7,0.0,0.0,0.0,one,SR,1
0,4897,2986,0,0,17.6125,8.2885,8.1303,0.0,0.0,1608,1117.0,0.0,0.0,6.14,11.94,0.0,0.0,168,0.0,0.0,0.0,one,SR,1
0,2094,1229,0,0,17.5257,8.9427,7.4642,0.0,0.0,1497,1011.0,0.0,0.0,5.65,11.19,0.0,0.0,77,0.0,0.0,0.0,one,SR,1
0,3960,2969,0,0,17.5569,8.1402,8.2124,0.0,0.0,1315,1132.0,0.0,0.0,2.97,12.04,0.0,0.0,184,0.0,0.0,0.0,one,SR,1
0,1870,9479,0,0,17.4835,8.717,7.6286,0.0,0.0,1762,1038.0,0.0,0.0,8.26,11.38,0.0,0.0,104,0.0,0.0,0.0,one,SR,1
0,2457,3859,0,0,17.3928,9.4044,6.9304,0.0,0.0,1236,925.0,0.0,0.0,3.46,10.58,0.0,0.0,8,0.0,0.0,0.0,one,SR,1
0,3107,964,0,0,17.5573,7.8732,8.4529,0.0,0.0,1498,1170.0,0.0,0.0,4.65,12.31,0.0,0.0,219,0.0,0.0,0.0,one,SR,1
21,3378,2117,0,0,16.8551,4.5586,11.7461,0.0,0.0,1069,1906.0,0.0,0.0,6.27,9.5,0.0,0.0,27,533.0,0.0,0.0,one,RT,1
0,3138,8622,0,0,17.3899,7.9732,8.2124,0.0,0.0,1321,1132.0,0.0,0.0,3.03,12.04,0.0,0.0,196,0.0,0.0,0.0,one,SR,1
0,2133,4122,0,0,17.2269,9.1812,6.9821,0.0,0.0,1238,933.0,0.0,0.0,3.43,10.64,0.0,0.0,27,0.0,0.0,0.0,one,SR,1
0,2949,8995,0,0,17.2384,8.5961,7.5179,0.0,0.0,1504,1019.0,0.0,0.0,5.67,11.24,0.0,0.0,104,0.0,0.0,0.0,one,SR,1
0,3491,7497,0,0,17.3107,7.829,8.2717,0.0,0.0,1936,1140.0,0.0,0.0,9.44,12.1,0.0,0.0,209,0.0,0.0,0.0,one,SR,1
0,4899,2244,0,0,17.1577,8.7172,7.3358,0.0,0.0,1520,991.0,0.0,0.0,6.02,11.05,0.0,0.0,84,0.0,0.0,0.0,one,SR,1
0,3706,9920,0,0,17.0704,8.536,7.4206,0.0,0.0,1236,1004.0,0.0,0.0,2.95,11.14,0.0,0.0,102,0.0,0.0,0.0,one,SR,1
0,4240,2268,0,0,17.0107,9.0646,6.8916,0.0,0.0,1290,920.0,0.0,0.0,4.06,10.54,0.0,0.0,29,0.0,0.0,0.0,one,SR,1
0,4193,5602,0,0,16.9874,8.8849,7.0325,0.0,0.0,1409,942.0,0.0,0.0,5.16,10.7,0.0,0.0,51,0.0,0.0,0.0,one,SR,1
0,427,782,0,0,16.9179,8.9801,6.8848,0.0,0.0,1103,918.0,0.0,0.0,2.1,10.53,0.0,0.0,34,0.0,0.0,0.0,one,SR,1
0,4943,500,0,0,16.8889,8.84,6.9845,0.0,0.0,1645,934.0,0.0,0.0,7.69,10.64,0.0,0.0,51,0.0,0.0,0.0,one,SR,1
0,4676,41,0,0,16.895,8.669,7.1441,0.0,0.0,1319,959.0,0.0,0.0,4.11,10.82,0.0,0.0,73,0.0,0.0,0.0,one,SR,1
0,1458,879,0,0,16.8725,8.5512,7.2294,0.0,0.0,1651,973.0,0.0,0.0,7.51,10.92,0.0,0.0,87,0.0,0.0,0.0,one,SR,1
0,4120,6634,0,0,16.7286,8.6621,7.0008,0.0,0.0,1452,936.0,0.0,0.0,5.65,10.66,0.0,0.0,64,0.0,0.0,0.0,one,SR,1
0,676,693,0,0,16.6785,8.6971,6.9241,0.0,0.0,1355,924.0,0.0,0.0,4.71,10.57,0.0,0.0,56,0.0,0.0,0.0,one,SR,1
0,4921,6934,0,0,16.7222,8.2029,7.4076,0.0,0.0,1865,1001.0,0.0,0.0,9.58,11.12,0.0,0.0,123,0.0,0.0,0.0,one,SR,1
0,3680,1865,0,0,16.728,7.9425,7.6454,0.0,0.0,1180,1041.0,0.0,0.0,2.13,11.4,0.0,0.0,158,0.0,0.0,0.0,one,SR,1
0,2794,6044,0,0,16.7228,7.6038,7.9458,0.0,0.0,1357,1088.0,0.0,0.0,3.69,11.73,0.0,0.0,202,0.0,0.0,0.0,one,SR,1
0,606,7136,0,0,16.5588,8.6727,6.8388,0.0,0.0,1337,910.0,0.0,0.0,4.61,10.47,0.0,0.0,52,0.0,0.0,0.0,one,SR,1
0,2426,6269,0,0,16.5399,8.7237,6.7751,0.0,0.0,1121,901.0,0.0,0.0,2.4,10.41,0.0,0.0,44,0.0,0.0,0.0,one,SR,1
0,1316,2900,0,0,16.6845,7.0729,8.3882,0.0,0.0,2004,1159.0,0.0,0.0,10.03,12.23,0.0,0.0,269,0.0,0.0,0.0,one,SR,1
0,290,9193,0,0,16.4909,8.0346,7.3502,0.0,0.0,1425,993.0,0.0,0.0,5.01,11.06,0.0,0.0,131,0.0,0.0,0.0,one,SR,1
0,1696,3632,0,0,16.3305,8.9615,6.374,0.0,0.0,1063,836.0,0.0,0.0,2.21,9.95,0.0,0.0,0,0.0,0.0,0.0,one,SR,1
0,104,3993,0,0,16.4109,8.2114,7.1197,0.0,0.0,1472,956.0,0.0,0.0,5.74,10.8,0.0,0.0,103,0.0,0.0,0.0,one,SR,1
0,438,2094,0,0,16.3333,8.3481,6.9279,0.0,0.0,1668,924.0,0.0,0.0,8.0,10.57,0.0,0.0,80,0.0,0.0,0.0,one,SR,1
0,4227,3165,0,0,16.3237,8.3152,6.9477,0.0,0.0,1352,929.0,0.0,0.0,4.65,10.61,0.0,0.0,84,0.0,0.0,0.0,one,SR,1
0,2813,2765,0,0,16.416,7.4861,7.7757,0.0,0.0,1646,1061.0,0.0,0.0,6.9,11.54,0.0,0.0,198,0.0,0.0,0.0,one,SR,1
0,233,3718,0,0,16.2349,8.3998,6.7919,0.0,0.0,1526,904.0,0.0,0.0,6.63,10.43,0.0,0.0,68,0.0,0.0,0.0,one,SR,1
0,4070,4030,0,0,16.1501,8.8656,6.2987,0.0,0.0,1232,823.0,0.0,0.0,4.06,9.86,0.0,0.0,1,0.0,0.0,0.0,one,SR,1
0,3755,4772,0,0,16.1933,8.3475,6.8019,0.0,0.0,1436,905.0,0.0,0.0,5.68,10.44,0.0,0.0,72,0.0,0.0,0.0,one,SR,1
0,3482,931,0,0,16.1775,8.4269,6.7166,0.0,0.0,1288,891.0,0.0,0.0,4.22,10.34,0.0,0.0,60,0.0,0.0,0.0,one,SR,1
0,2367,6758,0,0,16.3479,6.8296,8.3048,0.0,0.0,1856,1145.0,0.0,0.0,8.57,12.14,0.0,0.0,279,0.0,0.0,0.0,one,SR,1
0,4596,8772,0,0,16.1957,7.7931,7.3023,0.0,0.0,1601,985.0,0.0,0.0,6.91,11.0,0.0,0.0,144,0.0,0.0,0.0,one,SR,1
0,3195,1889,0,0,16.1913,7.7243,7.3602,0.0,0.0,2254,994.0,0.0,0.0,13.71,11.07,0.0,0.0,153,0.0,0.0,0.0,one,SR,1
0,1242,8052,0,0,16.0431,8.4332,6.5901,0.0,0.0,1107,871.0,0.0,0.0,2.45,10.2,0.0,0.0,51,0.0,0.0,0.0,one,SR,1
0,789,8220,0,0,16.1375,7.4277,7.5783,0.0,0.0,1550,1029.0,0.0,0.0,6.09,11.32,0.0,0.0,188,0.0,0.0,0.0,one,SR,1
0,1933,3330,0,0,15.9962,8.5357,6.4555,0.0,0.0,1213,850.0,0.0,0.0,3.69,10.05,0.0,0.0,35,0.0,0.0,0.0,one,SR,1
0,3985,6409,0,0,16.0104,8.3185,6.6644,0.0,0.0,1952,882.0,0.0,0.0,11.25,10.28,0.0,0.0,64,0.0,0.0,0.0,one,SR,1
0,727,1765,0,0,15.9602,8.5483,6.4119,0.0,0.0,1447,843.0,0.0,0.0,6.19,10.0,0.0,0.0,31,0.0,0.0,0.0,one,SR,1
0,115,4147,0,0,15.9445,8.3365,6.5882,0.0,0.0,1411,871.0,0.0,0.0,5.64,10.2,0.0,0.0,58,0.0,0.0,0.0,one,SR,1
0,3233,2729,0,0,16.0745,7.1636,7.7589,0.0,0.0,1415,1058.0,0.0,0.0,4.49,11.52,0.0,0.0,219,0.0,0.0,0.0,one,SR,1
0,2459,3828,0,0,15.9057,8.0927,6.7727,0.0,0.0,1320,900.0,0.0,0.0,4.5,10.4,0.0,0.0,87,0.0,0.0,0.0,one,SR,1
0,1806,7530,0,0,15.833,8.5232,6.3203,0.0,0.0,1473,828.0,0.0,0.0,6.56,9.89,0.0,0.0,26,0.0,0.0,0.0,one,SR,1
0,712,3556,0,0,15.9168,7.1843,7.5989,0.0,0.0,1412,1032.0,0.0,0.0,4.62,11.34,0.0,0.0,206,0.0,0.0,0.0,one,SR,1
0,637,1857,0,0,15.8959,7.2108,7.5558,0.0,0.0,1219,1026.0,0.0,0.0,2.64,11.29,0.0,0.0,202,0.0,0.0,0.0,one,SR,1
0,3098,7702,0,0,15.6434,8.5569,6.1205,0.0,0.0,1023,795.0,0.0,0.0,2.05,9.66,0.0,0.0,10,0.0,0.0,0.0,one,SR,1
0,2530,4211,0,0,15.6954,7.8458,6.8057,0.0,0.0,1172,905.0,0.0,0.0,2.91,10.44,0.0,0.0,106,0.0,0.0,0.0,one,SR,1
0,2049,9022,0,0,15.6644,7.5045,7.0842,0.0,0.0,1997,950.0,0.0,0.0,11.29,10.76,0.0,0.0,149,0.0,0.0,0.0,one,SR,1
0,2195,6245,0,0,15.4628,8.481,6.0256,0.0,0.0,1484,781.0,0.0,0.0,6.98,9.56,0.0,0.0,9,0.0,0.0,0.0,one,SR,1
0,1224,1449,0,0,15.5972,7.1498,7.3421,0.0,0.0,1266,992.0,0.0,0.0,3.34,11.05,0.0,0.0,191,0.0,0.0,0.0,one,SR,1
0,1127,5441,0,0,15.3946,7.8313,6.5484,0.0,0.0,1537,864.0,0.0,0.0,7.0,10.15,0.0,0.0,89,0.0,0.0,0.0,one,SR,1
0,2838,5667,0,0,15.3092,8.41,5.9522,0.0,0.0,1453,768.0,0.0,0.0,6.73,9.47,0.0,0.0,8,0.0,0.0,0.0,one,SR,1
0,2547,4668,0,0,15.3149,8.2214,6.1267,0.0,0.0,1387,796.0,0.0,0.0,5.86,9.67,0.0,0.0,33,0.0,0.0,0.0,one,SR,1
0,1392,5357,0,0,15.4219,6.8805,7.4268,0.0,0.0,1544,1005.0,0.0,0.0,6.18,11.15,0.0,0.0,215,0.0,0.0,0.0,one,SR,1
88,4461,9962,9961,5887,51.8384,10.7421,12.2546,12.2546,15.3011,1202,1521.0,1521.0,1738.0,1.05,7.31,7.31,8.24,57,336.0,336.0,274.0,many,RT,3
0,2750,6157,0,0,15.2148,6.9471,7.1815,0.0,0.0,1429,965.0,0.0,0.0,5.23,10.86,0.0,0.0,193,0.0,0.0,0.0,one,SR,1
0,117,3035,0,0,14.9211,8.0585,5.9192,0.0,0.0,1036,763.0,0.0,0.0,2.39,9.43,0.0,0.0,30,0.0,0.0,0.0,one,SR,1
0,4643,9801,0,0,14.9209,7.8968,6.0644,0.0,0.0,1149,786.0,0.0,0.0,3.43,9.6,0.0,0.0,51,0.0,0.0,0.0,one,SR,1
0,3294,2067,0,0,15.0411,6.7507,7.202,0.0,0.0,1591,968.0,0.0,0.0,6.91,10.88,0.0,0.0,208,0.0,0.0,0.0,one,SR,1
0,1583,6954,0,0,14.8833,7.9015,6.0256,0.0,0.0,1365,781.0,0.0,0.0,5.73,9.56,0.0,0.0,48,0.0,0.0,0.0,one,SR,1
197,3778,9133,0,0,14.6434,5.1873,8.6915,0.0,0.0,1292,1596.0,0.0,0.0,6.68,10.65,0.0,0.0,116,406.0,0.0,0.0,one,RT,1
0,3083,6172,0,0,14.8025,7.588,6.235,0.0,0.0,1230,814.0,0.0,0.0,4.1,9.79,0.0,0.0,84,0.0,0.0,0.0,one,SR,1
0,202,1986,1411,0,31.8629,13.785,8.2528,8.2433,0.0,1372,824.0,823.0,0.0,0.17,7.91,7.91,0.0,31,0.0,0.0,0.0,many,SR,2
0,2377,4737,0,0,14.6923,8.0636,5.7093,0.0,0.0,1200,729.0,0.0,0.0,4.33,9.19,0.0,0.0,15,0.0,0.0,0.0,one,SR,1
0,4347,7399,0,0,14.7424,7.314,6.4276,0.0,0.0,1339,844.0,0.0,0.0,5.05,10.01,0.0,0.0,116,0.0,0.0,0.0,one,SR,1
0,1961,8557,0,0,14.6196,7.2405,6.3826,0.0,0.0,1324,838.0,0.0,0.0,4.93,9.96,0.0,0.0,118,0.0,0.0,0.0,one,SR,1
0,2293,9017,0,0,14.4508,7.9041,5.635,0.0,0.0,1098,718.0,0.0,0.0,3.32,9.12,0.0,0.0,21,0.0,0.0,0.0,one,SR,1
0,3965,8783,0,0,14.5406,6.5769,6.9079,0.0,0.0,1528,922.0,0.0,0.0,6.54,10.56,0.0,0.0,200,0.0,0.0,0.0,one,SR,1
0,3858,557,0,0,14.3965,6.7973,6.5801,0.0,0.0,1248,870.0,0.0,0.0,3.93,10.19,0.0,0.0,162,0.0,0.0,0.0,one,SR,1
22,681,5570,0,0,14.0396,5.9024,7.4299,0.0,0.0,1072,1136.0,0.0,0.0,4.89,9.07,0.0,0.0,32,218.0,0.0,0.0,one,RT,1
0,4218,6773,0,0,14.07,7.2868,5.8482,0.0,0.0,1539,751.0,0.0,0.0,7.74,9.35,0.0,0.0,77,0.0,0.0,0.0,one,SR,1
0,3249,6524,0,0,14.069,7.2777,5.855,0.0,0.0,1178,753.0,0.0,0.0,3.94,9.36,0.0,0.0,79,0.0,0.0,0.0,one,SR,1
0,2651,3622,0,0,14.0525,7.0152,6.0755,0.0,0.0,1150,789.0,0.0,0.0,3.42,9.62,0.0,0.0,112,0.0,0.0,0.0,one,SR,1
0,2772,5853,0,0,13.9045,6.9517,6.0002,0.0,0.0,1181,776.0,0.0,0.0,3.83,9.53,0.0,0.0,111,0.0,0.0,0.0,one,SR,1
0,803,5147,0,0,13.8002,6.7572,6.0812,0.0,0.0,1169,789.0,0.0,0.0,3.62,9.62,0.0,0.0,130,0.0,0.0,0.0,one,SR,1
0,2678,7514,0,0,13.657,7.0661,5.6757,0.0,0.0,1542,723.0,0.0,0.0,7.95,9.15,0.0,0.0,80,0.0,0.0,0.0,one,SR,1
0,1695,3884,0,0,13.6541,7.0759,5.6638,0.0,0.0,1340,722.0,0.0,0.0,5.84,9.14,0.0,0.0,79,0.0,0.0,0.0,one,SR,1
0,3074,1542,0,0,13.6476,6.9622,5.7596,0.0,0.0,1107,738.0,0.0,0.0,3.29,9.26,0.0,0.0,94,0.0,0.0,0.0,one,SR,1
0,2179,4700,0,0,13.6466,6.5948,6.0893,0.0,0.0,1247,790.0,0.0,0.0,4.43,9.63,0.0,0.0,141,0.0,0.0,0.0,one,SR,1
0,2506,6399,0,0,13.7512,5.5812,7.0929,0.0,0.0,1788,952.0,0.0,0.0,9.08,10.77,0.0,0.0,281,0.0,0.0,0.0,one,SR,1
183,3048,6650,0,0,28.3481,3.6832,24.152,0.0,0.0,1253,2710.0,0.0,0.0,8.54,11.13,0.0,0.0,64,342.0,0.0,0.0,one,RT,1
0,3292,311,0,0,13.5744,6.6544,5.9709,0.0,0.0,1292,771.0,0.0,0.0,5.02,9.49,0.0,0.0,129,0.0,0.0,0.0,one,SR,1
0,1860,7289,0,0,13.408,6.6532,5.8219,0.0,0.0,1255,748.0,0.0,0.0,4.78,9.33,0.0,0.0,119,0.0,0.0,0.0,one,SR,1
0,337,2497,0,0,13.3562,6.4993,5.9135,0.0,0.0,1161,763.0,0.0,0.0,3.7,9.43,0.0,0.0,136,0.0,0.0,0.0,one,SR,1
0,1719,9005,0,0,13.2402,6.6184,5.703,0.0,0.0,1407,728.0,0.0,0.0,6.51,9.19,0.0,0.0,113,0.0,0.0,0.0,one,SR,1
0,4510,8356,0,0,13.1451,6.1192,6.0663,0.0,0.0,1320,786.0,0.0,0.0,5.22,9.6,0.0,0.0,172,0.0,0.0,0.0,one,SR,1
0,3246,106,0,0,13.0863,6.4703,5.6973,0.0,0.0,1150,728.0,0.0,0.0,3.81,9.19,0.0,0.0,123,0.0,0.0,0.0,one,SR,1
0,4821,6251,0,0,13.0586,6.2597,5.8626,0.0,0.0,1280,753.0,0.0,0.0,5.01,9.36,0.0,0.0,148,0.0,0.0,0.0,one,SR,1
0,1376,4145,0,0,13.0621,6.1894,5.9278,0.0,0.0,1228,765.0,0.0,0.0,4.39,9.45,0.0,0.0,158,0.0,0.0,0.0,one,SR,1
0,4234,1448,0,0,12.9944,6.2724,5.7927,0.0,0.0,1159,743.0,0.0,0.0,3.81,9.29,0.0,0.0,143,0.0,0.0,0.0,one,SR,1
0,4770,636,635,0,30.8505,11.8154,8.6935,8.6935,0.0,1760,882.0,882.0,0.0,3.65,8.24,8.24,0.0,206,0.0,0.0,0.0,many,SR,2
0,2392,5346,0,0,12.9522,6.2737,5.7534,0.0,0.0,1424,737.0,0.0,0.0,6.63,9.25,0.0,0.0,140,0.0,0.0,0.0,one,SR,1
0,3505,4693,0,0,12.8961,5.9918,5.9566,0.0,0.0,1550,769.0,0.0,0.0,7.75,9.48,0.0,0.0,173,0.0,0.0,0.0,one,SR,1
0,75,6413,0,0,12.8182,6.2784,5.6288,0.0,0.0,1231,717.0,0.0,0.0,4.73,9.11,0.0,0.0,131,0.0,0.0,0.0,one,SR,1
0,3013,2856,0,0,12.749,5.7685,6.0251,0.0,0.0,1216,780.0,0.0,0.0,4.17,9.55,0.0,0.0,193,0.0,0.0,0.0,one,SR,1
0,1330,4489,0,0,12.7305,5.7549,6.0208,0.0,0.0,1200,779.0,0.0,0.0,4.01,9.55,0.0,0.0,194,0.0,0.0,0.0,one,SR,1
0,3800,7848,0,0,12.6719,5.7733,5.9509,0.0,0.0,1272,769.0,0.0,0.0,4.83,9.48,0.0,0.0,188,0.0,0.0,0.0,one,SR,1
0,3781,4500,0,0,12.6961,5.5024,6.2163,0.0,0.0,1362,811.0,0.0,0.0,5.5,9.77,0.0,0.0,225,0.0,0.0,0.0,one,SR,1
0,2498,9235,0,0,12.238,5.5728,5.7423,0.0,0.0,1268,734.0,0.0,0.0,5.01,9.23,0.0,0.0,187,0.0,0.0,0.0,one,SR,1
0,1246,4460,0,0,12.2087,5.452,5.8238,0.0,0.0,1250,748.0,0.0,0.0,4.73,9.33,0.0,0.0,201,0.0,0.0,0.0,one,SR,1
0,3789,9165,0,0,12.1754,5.1047,6.1061,0.0,0.0,1486,793.0,0.0,0.0,6.92,9.65,0.0,0.0,244,0.0,0.0,0.0,one,SR,1
281,4266,3766,0,0,11.4403,3.9729,6.8428,0.0,0.0,1344,1148.0,0.0,0.0,8.49,8.25,0.0,0.0,113,308.0,0.0,0.0,one,RT,1
166,4864,5562,2585,0,30.1188,7.8425,10.6866,10.6866,0.0,1505,1451.0,1451.0,0.0,7.67,7.52,7.52,0.0,20,361.0,361.0,0.0,many,TR,2
234,1749,7567,0,0,33.616,4.8368,28.19,0.0,0.0,1047,2698.0,0.0,0.0,5.69,10.89,0.0,0.0,32,115.0,0.0,0.0,one,RT,1
106,737,1088,0,0,18.5453,5.4167,12.434,0.0,0.0,1212,1849.0,0.0,0.0,6.47,9.95,0.0,0.0,57,425.0,0.0,0.0,one,RT,1
134,2780,8408,6249,0,35.5659,5.3711,14.5223,14.8369,0.0,1230,1486.0,1643.0,0.0,5.39,8.21,8.15,0.0,147,128.0,233.0,0.0,many,RT,2
22,1763,5689,0,0,14.3564,5.7827,7.8465,0.0,0.0,1113,1342.0,0.0,0.0,5.14,9.27,0.0,0.0,52,340.0,0.0,0.0,one,TR,1
152,3509,3410,0,0,39.9478,4.3081,35.1141,0.0,0.0,1322,2888.0,0.0,0.0,9.15,11.26,0.0,0.0,29,-158.0,0.0,0.0,one,TR,1
22,890,9561,0,0,20.5714,3.6522,16.2352,0.0,0.0,1233,2094.0,0.0,0.0,6.79,9.84,0.0,0.0,171,400.0,0.0,0.0,one,TR,1
266,2346,4397,0,0,23.3946,3.7902,19.0872,0.0,0.0,1135,1624.0,0.0,0.0,7.26,9.17,0.0,0.0,59,-83.0,0.0,0.0,one,TR,1
184,2021,7334,5669,440,73.1955,15.7591,15.5189,20.9666,19.0523,2135,2277.0,2425.0,2633.0,5.33,10.36,10.27,10.36,91,550.0,356.0,619.0,many,RT,3
0,1804,7920,1342,0,49.1963,20.3527,11.0274,15.4293,0.0,1962,1224.0,1869.0,0.0,-0.88,10.04,13.82,0.0,77,24.0,46.0,0.0,many,SR,2
10,3637,8018,5766,0,42.0639,11.857,15.8556,12.9452,0.0,1372,2349.0,1951.0,0.0,1.75,10.28,9.78,0.0,55,590.0,483.0,0.0,many,RT,2
0,3735,9456,957,0,42.5472,18.1292,11.4557,10.9405,0.0,1538,1252.0,1176.0,0.0,-2.05,10.31,9.91,0.0,5,5.0,0.0,0.0,many,SR,2
0,2253,7454,7453,0,49.2921,19.5236,13.6769,13.6769,0.0,3404,1545.0,1545.0,0.0,14.01,12.07,12.07,0.0,151,0.0,0.0,0.0,many,SR,2
0,3734,8441,2985,0,45.0009,16.331,17.3987,8.8766,0.0,2334,2141.0,906.0,0.0,2.95,15.57,8.38,0.0,356,41.0,0.0,0.0,many,SR,2
0,4217,4774,4773,0,45.6654,16.309,13.4879,13.4879,0.0,2214,1518.0,1518.0,0.0,1.82,11.9,11.9,0.0,349,0.0,0.0,0.0,many,SR,2
0,781,6912,3063,0,46.6917,18.0877,10.5514,15.6359,0.0,2714,1125.0,2129.0,0.0,6.75,9.62,14.55,0.0,250,0.0,191.0,0.0,many,SR,2
0,1555,9844,1757,0,49.9332,19.6234,16.2498,11.5346,0.0,2111,1991.0,1418.0,0.0,-0.56,14.57,10.68,0.0,212,49.0,106.0,0.0,many,SR,2
0,1818,4866,3291,0,41.1439,16.649,11.1756,11.2896,0.0,2105,1230.0,1222.0,0.0,3.83,10.13,10.17,0.0,111,15.0,0.0,0.0,many,SR,2
0,3472,8528,6981,0,30.7635,12.0259,9.2301,7.8446,0.0,2032,1142.0,771.0,0.0,6.37,9.02,7.61,0.0,201,123.0,0.0,0.0,many,SR,2
0,1594,4887,3158,0,38.9053,15.3523,10.4827,11.1102,0.0,1370,1116.0,1198.0,0.0,-3.26,9.57,10.03,0.0,156,0.0,0.0,0.0,many,SR,2
0,441,1509,108,0,44.1013,17.8935,13.0172,11.029,0.0,2048,1451.0,1269.0,0.0,2.05,11.48,10.14,0.0,107,1.0,52.0,0.0,many,SR,2
0,1984,5553,0,0,33.8141,14.2169,17.1644,0.0,0.0,3192,2728.0,0.0,0.0,11.62,24.33,0.0,0.0,524,0.0,0.0,0.0,one,SR,1
0,1599,4538,0,0,28.9664,15.1987,12.0664,0.0,0.0,2002,1795.0,0.0,0.0,5.71,17.01,0.0,0.0,8,0.0,0.0,0.0,one,SR,1
0,582,6562,6271,0,28.5678,11.8379,7.5432,7.6978,0.0,1953,731.0,752.0,0.0,7.11,7.38,7.5,0.0,107,0.0,0.0,0.0,many,SR,2
162,4890,8688,7201,7200,69.5655,11.2462,12.3245,22.364,22.364,1463,1355.0,2629.0,2629.0,3.96,7.28,9.19,9.19,11,207.0,493.0,493.0,many,RT,3
0,2154,3640,2724,0,45.4758,16.8778,11.4418,14.806,0.0,3319,1244.0,1760.0,0.0,13.7,10.29,13.21,0.0,292,1.0,34.0,0.0,many,SR,2
0,4664,6022,0,0,31.0391,15.5226,13.595,0.0,0.0,3241,2076.0,0.0,0.0,16.74,19.22,0.0,0.0,121,0.0,0.0,0.0,one,SR,1
0,1156,8014,383,0,47.49,18.0492,13.6182,13.43,0.0,3801,1560.0,1510.0,0.0,18.38,12.07,11.85,0.0,238,15.0,0.0,0.0,many,SR,2
0,3165,8722,0,0,25.9886,12.1172,12.1576,0.0,0.0,2285,1811.0,0.0,0.0,8.57,17.14,0.0,0.0,226,0.0,0.0,0.0,one,SR,1
0,3176,6615,43,0,37.0798,15.1596,9.2276,10.8268,0.0,1288,952.0,1259.0,0.0,-3.27,8.64,10.02,0.0,112,0.0,63.0,0.0,many,SR,2
0,4538,8917,0,0,24.4787,10.37,12.365,0.0,0.0,2302,1849.0,0.0,0.0,8.48,17.44,0.0,0.0,363,0.0,0.0,0.0,one,SR,1
191,2613,8323,1052,0,55.8353,7.4869,33.4952,14.0072,0.0,1066,3561.0,1674.0,0.0,3.58,10.18,7.28,0.0,9,509.0,354.0,0.0,many,TR,2
0,850,8389,3143,0,43.4597,16.8511,8.9086,15.4278,0.0,2340,911.0,2082.0,0.0,4.12,8.4,14.32,0.0,246,1.0,180.0,0.0,many,SR,2
0,2399,2231,0,0,21.57,10.0184,10.1279,0.0,0.0,1962,1441.0,0.0,0.0,7.79,14.24,0.0,0.0,191,0.0,0.0,0.0,one,SR,1
0,2284,4651,0,0,25.4563,11.5263,12.2084,0.0,0.0,3475,1821.0,0.0,0.0,20.99,17.22,0.0,0.0,271,0.0,0.0,0.0,one,SR,1
0,500,8644,7401,0,26.826,10.0939,7.5146,7.7252,0.0,1414,727.0,776.0,0.0,1.42,7.36,7.56,0.0,228,0.0,14.0,0.0,many,SR,2
0,695,8372,0,0,28.4725,14.3639,12.365,0.0,0.0,3665,1849.0,0.0,0.0,22.79,17.44,0.0,0.0,91,0.0,0.0,0.0,one,SR,1
0,402,4220,0,0,27.1197,11.2953,13.8644,0.0,0.0,2803,2125.0,0.0,0.0,11.79,19.6,0.0,0.0,433,0.0,0.0,0.0,one,SR,1
0,325,8612,0,0,18.8623,9.6865,7.9962,0.0,0.0,1706,1097.0,0.0,0.0,7.3,11.8,0.0,0.0,64,0.0,0.0,0.0,one,SR,1
0,1034,2416,0,0,32.5447,16.8495,13.7516,0.0,0.0,2453,2104.0,0.0,0.0,8.26,19.44,0.0,0.0,44,0.0,0.0,0.0,one,SR,1
0,3051,2788,0,0,18.4398,8.7834,8.428,0.0,0.0,1426,1166.0,0.0,0.0,3.92,12.28,0.0,0.0,155,0.0,0.0,0.0,one,SR,1
0,4798,2045,0,0,24.9275,10.486,12.6563,0.0,0.0,2347,1902.0,0.0,0.0,8.58,17.85,0.0,0.0,381,0.0,0.0,0.0,one,SR,1
0,1017,2928,0,0,17.755,9.3258,7.3266,0.0,0.0,1349,988.0,0.0,0.0,4.24,11.03,0.0,0.0,41,0.0,0.0,0.0,one,SR,1
0,375,2097,0,0,17.5627,9.4981,6.9989,0.0,0.0,1117,936.0,0.0,0.0,2.14,10.66,0.0,0.0,7,0.0,0.0,0.0,one,SR,1
0,4653,9042,0,0,22.7287,11.1527,10.1499,0.0,0.0,1947,1444.0,0.0,0.0,7.61,14.26,0.0,0.0,115,0.0,0.0,0.0,one,SR,1
184,3871,8754,3589,0,43.4623,12.2703,15.6513,14.1714,0.0,1207,1549.0,1923.0,0.0,0.35,10.16,9.53,0.0,4,0.0,405.0,0.0,many,RT,2
0,1173,6216,0,0,23.9024,10.9632,11.3421,0.0,0.0,2472,1662.0,0.0,0.0,11.58,15.97,0.0,0.0,233,0.0,0.0,0.0,one,SR,1
0,4104,5093,0,0,17.237,8.3803,7.7096,0.0,0.0,1595,1051.0,0.0,0.0,6.42,11.47,0.0,0.0,133,0.0,0.0,0.0,one,SR,1
0,809,4153,0,0,22.4994,10.3701,10.6342,0.0,0.0,1970,1532.0,0.0,0.0,7.23,14.95,0.0,0.0,211,0.0,0.0,0.0,one,SR,1
0,572,3109,0,0,23.9197,12.56,9.9581,0.0,0.0,2000,1411.0,0.0,0.0,8.39,14.02,0.0,0.0,4,0.0,0.0,0.0,one,SR,1
0,4672,1514,0,0,24.7518,12.9985,10.3045,0.0,0.0,2131,1473.0,0.0,0.0,9.34,14.49,0.0,0.0,3,0.0,0.0,0.0,one,SR,1
0,4744,5572,715,0,37.9434,15.0972,8.892,12.0356,0.0,2465,915.0,1352.0,0.0,8.61,8.4,10.79,0.0,148,5.0,21.0,0.0,many,SR,2
0,1957,4995,0,0,16.3917,8.0433,7.2529,0.0,0.0,1204,978.0,0.0,0.0,2.78,10.95,0.0,0.0,124,0.0,0.0,0.0,one,SR,1
0,1506,6937,0,0,23.4838,10.6171,11.2783,0.0,0.0,2511,1651.0,0.0,0.0,12.07,15.88,0.0,0.0,251,0.0,0.0,0.0,one,SR,1
0,729,1035,877,0,32.4738,13.7184,8.0083,9.1125,0.0,1120,794.0,965.0,0.0,-2.95,7.74,8.61,0.0,68,1.0,18.0,0.0,many,SR,2
0,4387,1706,0,0,15.8707,6.9982,7.724,0.0,0.0,1600,1053.0,0.0,0.0,6.46,11.48,0.0,0.0,228,0.0,0.0,0.0,one,SR,1
1,884,3088,0,0,23.5324,8.7131,13.7331,0.0,0.0,1365,2708.0,0.0,0.0,4.56,14.86,0.0,0.0,73,723.0,0.0,0.0,one,TR,1
0,4674,6290,0,0,15.5568,7.0419,7.4025,0.0,0.0,1399,1002.0,0.0,0.0,4.68,11.12,0.0,0.0,203,0.0,0.0,0.0,one,SR,1
0,924,8059,0,0,18.9516,8.4968,9.1458,0.0,0.0,1769,1280.0,0.0,0.0,6.79,13.09,0.0,0.0,224,0.0,0.0,0.0,one,SR,1
0,4853,5458,0,0,24.0108,12.3104,10.2594,0.0,0.0,1769,1463.0,0.0,0.0,5.61,14.41,0.0,0.0,45,0.0,0.0,0.0,one,SR,1
0,659,9577,0,0,15.2402,7.1725,7.0013,0.0,0.0,1609,937.0,0.0,0.0,7.3,10.66,0.0,0.0,166,0.0,0.0,0.0,one,SR,1
0,3673,1049,0,0,14.7166,7.5835,6.1622,0.0,0.0,1259,802.0,0.0,0.0,4.48,9.71,0.0,0.0,79,0.0,0.0,0.0,one,SR,1
0,18,30,0,0,19.9933,10.7128,8.091,0.0,0.0,1111,1111.0,0.0,0.0,0.96,11.89,0.0,0.0,0,0.0,0.0,0.0,one,SR,1
0,2452,7238,3425,0,38.536,15.2592,9.6796,11.6496,0.0,1527,1011.0,1304.0,0.0,-1.49,8.97,10.5,0.0,155,0.0,23.0,0.0,many,SR,2
0,3449,3116,2553,0,32.5784,12.9094,10.357,7.581,0.0,2038,1309.0,737.0,0.0,5.82,9.9,7.41,0.0,182,135.0,1.0,0.0,many,SR,2
0,2638,1763,0,0,14.0476,7.3307,5.7884,0.0,0.0,1189,742.0,0.0,0.0,4.13,9.29,0.0,0.0,70,0.0,0.0,0.0,one,SR,1
0,2325,3820,0,0,28.1843,13.9614,12.4652,0.0,0.0,2477,1867.0,0.0,0.0,10.19,17.58,0.0,0.0,127,0.0,0.0,0.0,one,SR,1
0,556,4215,0,0,21.6436,10.5235,9.7425,0.0,0.0,1555,1377.0,0.0,0.0,3.93,13.78,0.0,0.0,128,0.0,0.0,0.0,one,SR,1
0,2978,6860,0,0,22.5642,11.3104,9.8628,0.0,0.0,1872,1396.0,0.0,0.0,7.14,13.91,0.0,0.0,83,0.0,0.0,0.0,one,SR,1
0,3580,961,0,0,16.8992,8.8623,6.974,0.0,0.0,1710,932.0,0.0,0.0,8.39,10.63,0.0,0.0,48,0.0,0.0,0.0,one,SR,1
0,4438,5754,0,0,18.2306,9.488,7.6075,0.0,0.0,1753,1034.0,0.0,0.0,8.19,11.35,0.0,0.0,50,0.0,0.0,0.0,one,SR,1
50,143,8791,2950,0,61.9913,14.5089,26.9913,18.7302,0.0,1591,2742.0,2206.0,0.0,0.86,12.87,11.74,0.0,92,104.0,233.0,0.0,many,RT,2
0,766,9814,0,0,17.9984,8.0885,8.6561,0.0,0.0,1550,1202.0,0.0,0.0,4.99,12.54,0.0,0.0,218,0.0,0.0,0.0,one,SR,1
0,2291,6405,0,0,19.5271,9.732,8.5526,0.0,0.0,1942,1186.0,0.0,0.0,9.21,12.43,0.0,0.0,99,0.0,0.0,0.0,one,SR,1
0,3343,9233,0,0,24.7164,12.8819,10.3755,0.0,0.0,2218,1486.0,0.0,0.0,10.16,14.59,0.0,0.0,17,0.0,0.0,0.0,one,SR,1
0,603,7110,0,0,18.9351,8.7805,8.876,0.0,0.0,1675,1237.0,0.0,0.0,6.08,12.79,0.0,0.0,186,0.0,0.0,0.0,one,SR,1
0,1741,1073,0,0,19.3103,9.3904,8.6647,0.0,0.0,1764,1204.0,0.0,0.0,7.22,12.55,0.0,0.0,130,0.0,0.0,0.0,one,SR,1
164,4880,9366,9365,719,57.7618,13.6887,16.0975,16.0975,10.0051,1573,2057.0,2057.0,1551.0,-0.34,9.11,9.11,9.5,216,421.0,421.0,362.0,many,RT,3
0,87,5734,0,0,14.6781,7.6641,6.0557,0.0,0.0,1224,784.0,0.0,0.0,4.23,9.58,0.0,0.0,66,0.0,0.0,0.0,one,SR,1
215,478,4303,3893,0,66.7415,9.4,18.2301,37.9456,0.0,1266,2161.0,3125.0,0.0,2.8,8.83,10.83,0.0,75,394.0,-115.0,0.0,many,TR,2
0,3519,7065,6447,0,53.1886,22.3296,17.8052,10.4999,0.0,2206,2206.0,1119.0,0.0,0.18,15.95,9.58,0.0,45,45.0,0.0,0.0,many,SR,2
0,4264,9537,0,0,16.6334,7.4361,8.0163,0.0,0.0,1550,1099.0,0.0,0.0,5.65,11.81,0.0,0.0,218,0.0,0.0,0.0,one,SR,1
0,2115,3237,0,0,21.3319,11.3256,8.7419,0.0,0.0,1781,1217.0,0.0,0.0,7.32,12.64,0.0,0.0,4,0.0,0.0,0.0,one,SR,1
0,4682,7223,0,0,26.485,13.6227,11.2747,0.0,0.0,2313,1650.0,0.0,0.0,10.0,15.88,0.0,0.0,46,0.0,0.0,0.0,one,SR,1
234,4343,3509,2813,2526,61.741,10.6123,20.1989,17.4984,12.1163,1233,1931.0,1875.0,1135.0,1.11,8.45,7.45,7.24,84,128.0,297.0,54.0,many,RT,3
114,4750,5452,4580,1071,91.3987,16.9248,25.7559,28.4906,18.3232,2775,2901.0,3940.0,2290.0,12.0,11.35,12.35,10.35,15,383.0,960.0,400.0,many,TR,3
0,2306,5979,0,0,22.0657,11.0308,9.6659,0.0,0.0,2110,1365.0,0.0,0.0,9.83,13.69,0.0,0.0,88,0.0,0.0,0.0,one,SR,1
0,3893,2559,0,0,20.9694,10.1457,9.4765,0.0,0.0,2339,1334.0,0.0,0.0,12.44,13.47,0.0,0.0,135,0.0,0.0,0.0,one,SR,1
0,4124,5663,0,0,19.3317,10.2851,7.8811,0.0,0.0,1431,1077.0,0.0,0.0,4.54,11.65,0.0,0.0,14,0.0,0.0,0.0,one,SR,1
0,4211,791,0,0,22.4114,10.9893,10.0142,0.0,0.0,1959,1420.0,0.0,0.0,7.9,14.08,0.0,0.0,115,0.0,0.0,0.0,one,SR,1
0,3587,8600,0,0,20.6178,9.3767,9.8509,0.0,0.0,2205,1395.0,0.0,0.0,10.64,13.9,0.0,0.0,214,0.0,0.0,0.0,one,SR,1
0,835,6469,1563,0,33.9293,14.7158,9.611,7.9419,0.0,1678,1002.0,784.0,0.0,2.67,8.92,7.69,0.0,16,0.0,0.0,0.0,many,SR,2
0,1972,7451,0,0,15.3058,6.7593,7.4312,0.0,0.0,1480,1006.0,0.0,0.0,5.5,11.15,0.0,0.0,224,0.0,0.0,0.0,one,SR,1
0,4436,5820,0,0,22.5284,11.7117,9.4703,0.0,0.0,1965,1333.0,0.0,0.0,8.51,13.46,0.0,0.0,28,0.0,0.0,0.0,one,SR,1
0,2029,7904,0,0,18.3939,7.5961,9.4535,0.0,0.0,2115,1330.0,0.0,0.0,10.11,13.44,0.0,0.0,307,0.0,0.0,0.0,one,SR,1
0,845,4259,0,0,15.4853,8.3521,6.1622,0.0,0.0,1326,802.0,0.0,0.0,5.18,9.71,0.0,0.0,27,0.0,0.0,0.0,one,SR,1
38,3657,8088,7917,3193,80.726,17.7483,18.9878,19.6849,21.8514,2700,2359.0,2907.0,2666.0,6.27,11.18,12.18,12.18,296,367.0,687.0,380.0,many,TR,3
0,765,9790,0,0,15.5938,7.3564,7.1533,0.0,0.0,1186,962.0,0.0,0.0,2.7,10.84,0.0,0.0,164,0.0,0.0,0.0,one,SR,1
0,2710,2789,0,0,15.9844,8.2578,6.6955,0.0,0.0,1252,887.0,0.0,0.0,3.87,10.31,0.0,0.0,70,0.0,0.0,0.0,one,SR,1
0,1540,2579,0,0,15.8296,7.0996,7.5956,0.0,0.0,1427,1033.0,0.0,0.0,4.77,11.34,0.0,0.0,212,0.0,0.0,0.0,one,SR,1
0,1572,3575,0,0,15.5194,8.5401,6.0246,0.0,0.0,1226,779.0,0.0,0.0,4.28,9.55,0.0,0.0,4,0.0,0.0,0.0,one,SR,1
234,2832,7306,1111,0,47.1233,6.5382,20.0093,19.7605,0.0,1159,1417.0,2344.0,0.0,4.83,8.08,8.07,0.0,55,-231.0,489.0,0.0,many,RT,2
0,3670,9851,0,0,18.8625,9.7901,7.9041,0.0,0.0,1259,1081.0,0.0,0.0,2.71,11.68,0.0,0.0,50,0.0,0.0,0.0,one,SR,1
0,1435,277,0,0,17.2061,7.5964,8.3863,0.0,0.0,1629,1159.0,0.0,0.0,6.09,12.23,0.0,0.0,233,0.0,0.0,0.0,one,SR,1
0,476,6769,803,0,31.585,12.0674,10.0725,7.7511,0.0,2084,1096.0,793.0,0.0,6.63,9.33,7.61,0.0,217,22.0,22.0,0.0,many,SR,2
0,405,403,0,0,14.1504,7.2966,5.9111,0.0,0.0,1092,762.0,0.0,0.0,2.98,9.43,0.0,0.0,81,0.0,0.0,0.0,one,SR,1
262,1041,8732,7636,1891,82.737,16.4053,21.3293,20.2639,22.6098,2126,3284.0,2517.0,2641.0,3.16,12.1,11.1,11.1,188,885.0,419.0,379.0,many,TR,3
175,1772,2818,286,0,54.7871,8.0216,9.5566,36.1743,0.0,1126,818.0,3433.0,0.0,2.51,7.13,10.22,0.0,88,-34.0,256.0,0.0,many,RT,2
0,2825,6968,0,0,14.6932,7.0732,6.5988,0.0,0.0,1458,873.0,0.0,0.0,6.12,10.21,0.0,0.0,145,0.0,0.0,0.0,one,SR,1
0,440,8881,0,0,18.5832,9.8249,7.6219,0.0,0.0,1404,1036.0,0.0,0.0,4.51,11.36,0.0,0.0,28,0.0,0.0,0.0,one,SR,1
0,568,1728,0,0,16.9541,9.259,6.6668,0.0,0.0,1802,883.0,0.0,0.0,9.67,10.28,0.0,0.0,0,0.0,0.0,0.0,one,SR,1
0,2064,4569,0,0,18.2073,9.555,7.5265,0.0,0.0,2476,1021.0,0.0,0.0,15.87,11.26,0.0,0.0,40,0.0,0.0,0.0,one,SR,1
0,940,1110,0,0,16.8145,7.7239,7.9196,0.0,0.0,1343,1085.0,0.0,0.0,3.56,11.71,0.0,0.0,192,0.0,0.0,0.0,one,SR,1
0,4554,9069,0,0,17.1566,9.2661,6.8418,0.0,0.0,1236,912.0,0.0,0.0,3.54,10.49,0.0,0.0,12,0.0,0.0,0.0,one,SR,1
117,490,4080,0,0,23.3388,4.8813,17.9071,0.0,0.0,1093,1480.0,0.0,0.0,6.52,9.5,0.0,0.0,5,-144.0,0.0,0.0,one,TR,1
0,807,1599,0,0,17.2884,8.2495,7.8735,0.0,0.0,1991,1077.0,0.0,0.0,10.42,11.65,0.0,0.0,153,0.0,0.0,0.0,one,SR,1
0,2683,8311,0,0,15.5026,7.7987,6.6749,0.0,0.0,1704,884.0,0.0,0.0,8.63,10.29,0.0,0.0,100,0.0,0.0,0.0,one,SR,1
0,2408,6332,0,0,12.1736,4.8323,6.3491,0.0,0.0,2061,832.0,0.0,0.0,12.71,9.92,0.0,0.0,280,0.0,0.0,0.0,one,SR,1
0,1489,9468,0,0,15.4596,7.0828,7.2792,0.0,0.0,1232,981.0,0.0,0.0,3.06,10.98,0.0,0.0,191,0.0,0.0,0.0,one,SR,1
0,232,3951,0,0,16.1353,8.6956,6.4368,0.0,0.0,1352,847.0,0.0,0.0,5.17,10.03,0.0,0.0,23,0.0,0.0,0.0,one,SR,1
0,4524,9719,0,0,13.7833,6.8015,6.0256,0.0,0.0,1421,781.0,0.0,0.0,6.31,9.56,0.0,0.0,123,0.0,0.0,0.0,one,SR,1
0,1794,6558,0,0,15.1936,8.319,5.9297,0.0,0.0,1436,765.0,0.0,0.0,6.57,9.45,0.0,0.0,13,0.0,0.0,0.0,one,SR,1
281,1278,2525,2084,0,37.2718,6.6595,20.7842,8.87,0.0,1198,2216.0,941.0,0.0,3.96,8.78,7.8,0.0,134,293.0,60.0,0.0,many,TR,2
0,4624,942,0,0,13.8847,6.6235,6.2767,0.0,0.0,1453,821.0,0.0,0.0,6.4,9.84,0.0,0.0,153,0.0,0.0,0.0,one,SR,1
50,4525,9914,0,0,11.0141,4.3617,5.9649,0.0,0.0,1152,1074.0,0.0,0.0,5.91,8.88,0.0,0.0,125,266.0,0.0,0.0,one,RT,1
152,2299,5680,0,0,22.7352,5.8463,15.9858,0.0,0.0,1213,2103.0,0.0,0.0,4.61,12.03,0.0,0.0,156,295.0,0.0,0.0,one,RT,1
0,1054,3848,0,0,12.3112,5.5615,5.8176,0.0,0.0,1353,747.0,0.0,0.0,5.82,9.32,0.0,0.0,193,0.0,0.0,0.0,one,SR,1
0,3377,8564,0,0,15.7487,8.1886,6.546,0.0,0.0,1303,863.0,0.0,0.0,4.55,10.14,0.0,0.0,64,0.0,0.0,0.0,one,SR,1
0,3906,2705,0,0,14.6933,7.7871,5.9585,0.0,0.0,1670,769.0,0.0,0.0,9.01,9.48,0.0,0.0,51,0.0,0.0,0.0,one,SR,1
0,114,5786,0,0,12.4228,5.6207,5.865,0.0,0.0,1564,754.0,0.0,0.0,7.99,9.37,0.0,0.0,192,0.0,0.0,0.0,one,SR,1
0,1702,2702,0,0,15.6672,8.0851,6.5652,0.0,0.0,1230,867.0,0.0,0.0,3.76,10.17,0.0,0.0,73,0.0,0.0,0.0,one,SR,1
35,4081,3047,0,0,14.9147,4.1088,10.2633,0.0,0.0,1189,1405.0,0.0,0.0,7.6,8.43,0.0,0.0,53,298.0,0.0,0.0,one,TR,1
0,783,1557,0,0,14.982,8.0835,5.9509,0.0,0.0,1685,769.0,0.0,0.0,9.16,9.48,0.0,0.0,31,0.0,0.0,0.0,one,SR,1
0,2528,8873,0,0,13.2395,6.3473,5.946,0.0,0.0,1250,767.0,0.0,0.0,4.61,9.46,0.0,0.0,148,0.0,0.0,0.0,one,SR,1
38,2809,6477,5087,600,82.7189,8.6494,20.8963,24.2424,27.6742,1415,2243.0,2635.0,1730.0,3.55,9.19,9.18,9.2,182,283.0,391.0,-496.0,many,RT,3
170,4929,4472,0,0,18.1059,5.4049,12.0127,0.0,0.0,1405,1998.0,0.0,0.0,8.56,9.88,0.0,0.0,54,566.0,0.0,0.0,one,TR,1
0,2326,2629,0,0,14.431,7.7834,5.7261,0.0,0.0,1163,732.0,0.0,0.0,3.92,9.22,0.0,0.0,35,0.0,0.0,0.0,one,SR,1
0,4871,2833,0,0,13.0975,6.2954,5.865,0.0,0.0,1756,754.0,0.0,0.0,10.0,9.37,0.0,0.0,146,0.0,0.0,0.0,one,SR,1
231,2847,6694,0,0,21.3943,4.4302,15.9952,0.0,0.0,1981,2193.0,0.0,0.0,12.08,12.69,0.0,0.0,293,326.0,0.0,0.0,one,TR,1
72,2069,9938,0,0,12.6834,3.7608,8.2889,0.0,0.0,1149,934.0,0.0,0.0,6.36,8.34,0.0,0.0,133,57.0,0.0,0.0,one,TR,1
147,1704,6930,0,0,21.4769,4.7064,16.0349,0.0,0.0,1387,2326.0,0.0,0.0,7.94,11.36,0.0,0.0,131,501.0,0.0,0.0,one,TR,1
238,3485,3707,3706,1843,45.7695,12.6502,9.1079,9.1079,13.3146,1202,888.0,888.0,1631.0,-1.68,6.84,6.84,9.21,113,61.0,61.0,250.0,many,RT,3
213,245,9931,0,0,11.2884,4.7018,5.962,0.0,0.0,1072,1010.0,0.0,0.0,5.63,8.25,0.0,0.0,63,254.0,0.0,0.0,one,RT,1
275,1900,2450,0,0,16.9766,3.1521,13.318,0.0,0.0,1219,1935.0,0.0,0.0,8.24,8.07,0.0,0.0,96,547.0,0.0,0.0,one,RT,1
0,1901,6631,0,0,14.338,7.6406,5.7702,0.0,0.0,1477,740.0,0.0,0.0,7.16,9.27,0.0,0.0,48,0.0,0.0,0.0,one,SR,1
0,1366,6402,2688,0,37.8011,16.32,8.1498,11.5136,0.0,1256,810.0,1256.0,0.0,-3.17,7.83,10.34,0.0,3,0.0,3.0,0.0,many,SR,2
72,4979,6339,0,0,18.8061,4.1594,14.1346,0.0,0.0,1195,1791.0,0.0,0.0,7.94,9.12,0.0,0.0,31,330.0,0.0,0.0,one,TR,1
224,2987,1859,0,0,19.0081,2.0789,16.3993,0.0,0.0,1481,1840.0,0.0,0.0,10.78,8.3,0.0,0.0,184,285.0,0.0,0.0,one,RT,1
50,3436,6965,1069,0,38.8263,7.0283,20.1042,10.8287,0.0,1071,2038.0,1325.0,0.0,3.46,8.6,7.06,0.0,52,207.0,283.0,0.0,many,RT,2
109,3171,2797,882,0,39.4638,9.425,14.7418,14.0791,0.0,1405,1977.0,2041.0,0.0,3.79,9.09,9.09,0.0,105,439.0,526.0,0.0,many,RT,2
0,853,6267,0,0,14.4109,6.7285,6.6549,0.0,0.0,1483,882.0,0.0,0.0,6.32,10.28,0.0,0.0,172,0.0,0.0,0.0,one,SR,1
117,4824,8506,0,0,15.0103,3.5215,10.9746,0.0,0.0,1360,1570.0,0.0,0.0,9.65,8.14,0.0,0.0,76,399.0,0.0,0.0,one,RT,1
50,4527,4765,2522,0,35.6107,7.0648,10.2417,17.476,0.0,1393,1289.0,2337.0,0.0,7.17,7.15,8.14,0.0,27,284.0,611.0,0.0,many,RT,2
0,2310,1534,1310,0,48.9668,20.8256,16.2809,9.5289,0.0,1934,1934.0,991.0,0.0,-0.68,14.45,8.86,0.0,11,11.0,0.0,0.0,many,SR,2
0,3344,1838,777,0,38.0404,14.9015,10.5836,10.6219,0.0,2077,1139.0,1134.0,0.0,4.41,9.66,9.67,0.0,171,6.0,0.0,0.0,many,SR,2
0,4062,9717,9716,0,28.1422,11.063,7.7836,7.7836,0.0,2024,762.0,762.0,0.0,7.64,7.56,7.56,0.0,174,0.0,0.0,0.0,many,SR,2
181,537,7245,0,0,21.1958,5.7193,14.7961,0.0,0.0,1587,1921.0,0.0,0.0,10.54,10.8,0.0,0.0,28,295.0,0.0,0.0,one,TR,1
140,958,3335,84,0,39.0714,7.6144,19.6036,10.9758,0.0,1232,1760.0,1221.0,0.0,5.04,8.1,7.67,0.0,20,52.0,160.0,0.0,many,RT,2
181,1567,2009,0,0,15.3755,3.3676,11.4221,0.0,0.0,1281,1804.0,0.0,0.0,8.18,8.86,0.0,0.0,130,511.0,0.0,0.0,one,TR,1
238,2250,2157,0,0,21.8834,7.2823,13.7814,0.0,0.0,1366,1516.0,0.0,0.0,6.97,11.2,0.0,0.0,7,22.0,0.0,0.0,one,RT,1
0,4133,8843,302,0,32.1628,11.3562,9.5671,9.4649,0.0,1894,997.0,1004.0,0.0,3.92,8.89,8.85,0.0,315,0.0,14.0,0.0,many,SR,2
38,3369,9624,0,0,26.8046,9.1438,16.6106,0.0,0.0,1634,2261.0,0.0,0.0,7.71,13.5,0.0,0.0,21,296.0,0.0,0.0,one,RT,1
136,4388,8986,4810,0,60.4136,12.3313,15.9891,30.6582,0.0,1455,2007.0,3306.0,0.0,2.36,10.17,12.17,0.0,40,328.0,363.0,0.0,many,TR,2
181,2044,1531,0,0,19.6566,2.0006,17.0788,0.0,0.0,1391,2007.0,0.0,0.0,9.41,9.77,0.0,0.0,218,289.0,0.0,0.0,one,TR,1
281,1168,6434,0,0,14.6858,5.8147,8.1886,0.0,0.0,1038,1072.0,0.0,0.0,4.76,8.83,0.0,0.0,23,140.0,0.0,0.0,one,RT,1
243,4379,5871,0,0,16.2325,4.6426,11.0685,0.0,0.0,1528,1632.0,0.0,0.0,11.35,8.21,0.0,0.0,4,437.0,0.0,0.0,one,RT,1
195,4417,2711,0,0,13.2093,5.1018,7.4186,0.0,0.0,1454,1323.0,0.0,0.0,9.07,8.89,0.0,0.0,75,372.0,0.0,0.0,one,TR,1
278,3201,6369,4133,1938,118.4008,21.9401,43.2695,33.7015,16.4286,4521,4294.0,4393.0,2377.0,19.92,16.33,16.54,10.75,383,156.0,767.0,552.0,many,TR,3
0,3897,7936,5714,2008,88.5879,35.4129,15.6572,17.483,15.4816,2433,2433.0,2089.0,2254.0,-15.43,15.27,15.5,14.76,380,380.0,0.0,283.0,many,SR,3
0,3250,5945,5134,0,58.8199,24.4269,16.9722,14.6029,0.0,2199,2020.0,1773.0,0.0,-2.27,15.05,13.13,0.0,64,3.0,60.0,0.0,many,SR,2
0,2194,6111,4608,0,57.5981,24.2302,17.1934,13.4637,0.0,3328,2046.0,1514.0,0.0,10.55,15.23,11.88,0.0,12,0.0,0.0,0.0,many,SR,2
0,237,8628,2750,520,55.9319,22.4058,8.6811,7.8708,13.9767,2085,1128.0,827.0,2085.0,-5.08,8.73,7.74,13.51,312,160.0,34.0,312.0,many,SR,3
0,1931,3475,1305,0,43.9687,16.9043,12.4303,12.4303,0.0,2739,1372.0,1372.0,0.0,8.92,11.02,11.02,0.0,200,0.0,0.0,0.0,many,SR,2
78,1226,9683,8813,0,49.3561,11.7295,13.002,23.2894,0.0,2186,1906.0,2443.0,0.0,10.94,9.68,10.68,0.0,20,451.0,214.0,0.0,many,TR,2
262,352,9093,0,0,43.4602,8.0715,34.4516,0.0,0.0,1757,2897.0,0.0,0.0,10.01,14.37,0.0,0.0,25,-291.0,0.0,0.0,one,TR,1
0,4183,3417,3140,0,53.3983,22.067,13.7191,15.0665,0.0,2364,1555.0,1752.0,0.0,1.91,12.12,13.34,0.0,58,3.0,6.0,0.0,many,SR,2
42,1584,4455,2903,0,41.0217,10.9197,12.8832,15.7146,0.0,1264,2106.0,2656.0,0.0,-0.27,10.41,11.63,0.0,179,568.0,755.0,0.0,many,RT,2
228,124,9759,0,0,29.2905,3.678,25.0905,0.0,0.0,1097,3421.0,0.0,0.0,6.82,10.22,0.0,0.0,70,881.0,0.0,0.0,one,RT,1
22,182,9910,3386,0,40.0703,9.0351,15.7563,14.1365,0.0,1225,1653.0,1979.0,0.0,2.58,9.03,8.39,0.0,85,138.0,515.0,0.0,many,RT,2
0,26,8185,5410,0,34.1807,12.812,9.7705,9.7883,0.0,2313,1026.0,1025.0,0.0,8.0,9.05,9.05,0.0,237,2.0,0.0,0.0,many,SR,2
19,2861,4058,0,0,35.5753,10.3088,23.9505,0.0,0.0,3017,4145.0,0.0,0.0,19.83,18.16,0.0,0.0,105,1043.0,0.0,0.0,one,TR,1
0,2977,269,0,0,32.6788,16.1569,14.474,0.0,0.0,2516,2237.0,0.0,0.0,7.99,20.48,0.0,0.0,155,0.0,0.0,0.0,one,SR,1
281,144,4540,2095,0,27.5406,6.1738,8.6443,11.7859,0.0,1385,1208.0,1509.0,0.0,6.11,6.71,7.66,0.0,154,339.0,334.0,0.0,many,TR,2
262,2698,7673,0,0,21.8672,7.7619,13.1831,0.0,0.0,1323,2380.0,0.0,0.0,5.59,12.22,0.0,0.0,37,656.0,0.0,0.0,one,RT,1
180,2834,7183,773,0,59.2909,8.7064,12.0738,37.4879,0.0,1366,1282.0,3788.0,0.0,5.14,8.08,10.15,0.0,34,120.0,455.0,0.0,many,RT,2
170,3866,1873,0,0,20.4309,3.4415,16.3549,0.0,0.0,1157,2489.0,0.0,0.0,6.44,10.34,0.0,0.0,155,665.0,0.0,0.0,one,RT,1
0,1128,9370,386,0,59.349,21.9115,13.7255,20.6635,0.0,2948,1553.0,2546.0,0.0,3.52,12.12,18.37,0.0,377,1.0,2.0,0.0,many,SR,2
0,3276,9012,0,0,42.5937,22.1194,17.9302,0.0,0.0,4352,2870.0,0.0,0.0,22.8,25.44,0.0,0.0,53,0.0,0.0,0.0,one,SR,1
0,3707,7476,5016,0,38.1801,15.0988,11.0591,10.0764,0.0,2090,1290.0,1063.0,0.0,4.43,10.19,9.27,0.0,165,64.0,0.0,0.0,many,SR,2
88,1674,6046,5122,2439,74.9038,12.3293,20.3442,20.3442,20.3442,1186,2289.0,2289.0,2289.0,-1.42,9.14,9.14,9.14,106,353.0,353.0,353.0,many,RT,3
150,3426,3850,1474,0,29.716,6.0562,10.9355,11.7276,0.0,1360,1527.0,1487.0,0.0,5.31,7.9,8.07,0.0,199,382.0,297.0,0.0,many,RT,2
112,3084,3532,0,0,18.7281,4.6042,13.4774,0.0,0.0,1296,1993.0,0.0,0.0,7.79,9.47,0.0,0.0,83,502.0,0.0,0.0,one,TR,1
246,377,9220,0,0,25.5992,7.6291,17.0387,0.0,0.0,1295,2970.0,0.0,0.0,5.21,13.31,0.0,0.0,52,822.0,0.0,0.0,one,RT,1
0,2590,9276,0,0,26.5315,12.6534,12.1628,0.0,0.0,2179,1813.0,0.0,0.0,7.44,17.15,0.0,0.0,190,0.0,0.0,0.0,one,SR,1
210,2286,9367,5092,0,46.2437,13.2517,13.9393,17.4681,0.0,2718,2307.0,2678.0,0.0,14.28,10.82,11.03,0.0,69,637.0,706.0,0.0,many,RT,2
212,3387,7313,0,0,21.4735,5.2833,15.5436,0.0,0.0,1609,2334.0,0.0,0.0,11.08,10.47,0.0,0.0,37,586.0,0.0,0.0,one,TR,1
0,3592,4718,4682,0,46.068,16.9658,13.4274,13.1902,0.0,2696,1508.0,2058.0,0.0,5.95,11.84,13.01,0.0,368,0.0,365.0,0.0,many,SR,2
0,2427,5757,0,0,27.2921,12.4874,12.9725,0.0,0.0,2248,1962.0,0.0,0.0,7.11,18.32,0.0,0.0,273,0.0,0.0,0.0,one,SR,1
0,2668,7258,6119,0,33.9813,13.7068,9.3973,9.136,0.0,1295,1015.0,940.0,0.0,-2.07,8.84,8.57,0.0,134,27.0,0.0,0.0,many,SR,2
0,4010,3199,0,0,25.6083,12.8728,11.1636,0.0,0.0,2129,1630.0,0.0,0.0,8.21,15.72,0.0,0.0,87,0.0,0.0,0.0,one,SR,1
38,3255,5040,3648,2414,81.0838,10.1439,17.4127,28.5537,23.7169,1412,2078.0,3382.0,2732.0,3.52,8.16,9.19,9.22,80,416.0,712.0,493.0,many,RT,3
161,4920,8342,0,0,15.5639,4.3252,10.6722,0.0,0.0,1062,1794.0,0.0,0.0,6.05,9.67,0.0,0.0,53,500.0,0.0,0.0,one,TR,1
0,3016,8590,0,0,30.086,15.2587,12.9927,0.0,0.0,2937,1965.0,0.0,0.0,14.33,18.35,0.0,0.0,86,0.0,0.0,0.0,one,SR,1
0,4828,90,0,0,26.1574,13.6703,10.9473,0.0,0.0,2752,1589.0,0.0,0.0,15.04,15.4,0.0,0.0,13,0.0,0.0,0.0,one,SR,1
0,1521,1023,0,0,28.0081,14.1199,12.172,0.0,0.0,2940,1814.0,0.0,0.0,15.42,17.16,0.0,0.0,91,0.0,0.0,0.0,one,SR,1
0,4909,5645,0,0,27.4515,13.9922,11.7972,0.0,0.0,2378,1745.0,0.0,0.0,10.01,16.62,0.0,0.0,66,0.0,0.0,0.0,one,SR,1
0,1543,1192,0,0,19.0819,8.4664,9.2896,0.0,0.0,1721,1304.0,0.0,0.0,6.14,13.26,0.0,0.0,237,0.0,0.0,0.0,one,SR,1
140,4025,1420,1400,0,41.6742,7.4064,13.6606,19.7505,0.0,1172,1651.0,1780.0,0.0,4.6,7.35,8.22,0.0,21,352.0,52.0,0.0,many,RT,2
191,1701,639,0,0,19.0075,6.3378,11.8811,0.0,0.0,1612,1900.0,0.0,0.0,9.83,10.89,0.0,0.0,52,441.0,0.0,0.0,one,TR,1
88,593,9689,0,0,16.1523,4.1864,11.436,0.0,0.0,1047,1489.0,0.0,0.0,6.22,8.3,0.0,0.0,40,302.0,0.0,0.0,one,RT,1
0,1522,7293,4409,0,35.1671,13.2433,10.4224,9.6361,0.0,1662,1206.0,1003.0,0.0,0.66,9.72,8.93,0.0,242,63.0,-1.0,0.0,many,SR,2
0,2872,7504,0,0,12.1891,5.1096,6.1142,0.0,0.0,1544,794.0,0.0,0.0,7.52,9.65,0.0,0.0,244,0.0,0.0,0.0,one,SR,1
0,1907,76,0,0,23.1073,12.1689,9.58,0.0,0.0,1779,1350.0,0.0,0.0,6.45,13.58,0.0,0.0,4,0.0,0.0,0.0,one,SR,1
0,3804,2257,0,0,25.4347,13.2217,10.7069,0.0,0.0,2716,1546.0,0.0,0.0,14.96,15.06,0.0,0.0,23,0.0,0.0,0.0,one,SR,1
0,1102,4060,0,0,21.6572,10.0556,10.1715,0.0,0.0,1927,1449.0,0.0,0.0,7.36,14.3,0.0,0.0,192,0.0,0.0,0.0,one,SR,1
0,4745,394,0,0,23.2105,11.5676,10.2081,0.0,0.0,2085,1455.0,0.0,0.0,8.98,14.35,0.0,0.0,92,0.0,0.0,0.0,one,SR,1
0,1456,5772,0,0,20.5748,10.5312,8.7763,0.0,0.0,3201,1221.0,0.0,0.0,22.21,12.67,0.0,0.0,60,0.0,0.0,0.0,one,SR,1
0,347,611,0,0,22.0669,11.177,9.5364,0.0,0.0,2009,1343.0,0.0,0.0,8.91,13.54,0.0,0.0,69,0.0,0.0,0.0,one,SR,1
0,2046,4791,0,0,21.1721,10.6329,9.2211,0.0,0.0,2324,1293.0,0.0,0.0,12.54,13.18,0.0,0.0,84,0.0,0.0,0.0,one,SR,1
140,2474,9598,7219,0,45.3554,8.4013,27.1774,8.8049,0.0,1027,2613.0,1151.0,0.0,2.04,9.62,7.1,0.0,24,181.0,264.0,0.0,many,RT,2
0,3093,2004,0,0,14.6537,6.695,6.9035,0.0,0.0,1483,921.0,0.0,0.0,6.08,10.55,0.0,0.0,191,0.0,0.0,0.0,one,SR,1
95,3564,6127,346,0,60.4446,15.3386,20.5148,22.8648,0.0,2116,3102.0,2905.0,0.0,6.68,12.63,12.63,0.0,14,762.0,478.0,0.0,many,TR,2
0,1930,1890,0,0,19.7018,9.9711,8.4946,0.0,0.0,1625,1177.0,0.0,0.0,5.94,12.36,0.0,0.0,79,0.0,0.0,0.0,one,SR,1
0,3921,1836,0,0,14.2268,7.5546,5.7486,0.0,0.0,1257,735.0,0.0,0.0,4.89,9.24,0.0,0.0,52,0.0,0.0,0.0,one,SR,1
0,1629,9413,0,0,19.9924,9.9627,8.7639,0.0,0.0,2141,1219.0,0.0,0.0,11.09,12.66,0.0,0.0,98,0.0,0.0,0.0,one,SR,1
0,2865,5419,0,0,17.6729,9.0028,7.5428,0.0,0.0,1560,1023.0,0.0,0.0,6.23,11.27,0.0,0.0,78,0.0,0.0,0.0,one,SR,1
22,3693,4850,0,0,16.7072,8.2791,7.4628,0.0,0.0,1204,1783.0,0.0,0.0,3.95,12.65,0.0,0.0,28,504.0,0.0,0.0,one,TR,1
0,4513,2787,0,0,18.757,9.4109,8.1495,0.0,0.0,2205,1121.0,0.0,0.0,12.38,11.97,0.0,0.0,93,0.0,0.0,0.0,one,SR,1
0,1029,981,0,0,16.8942,7.5355,8.1615,0.0,0.0,1346,1122.0,0.0,0.0,3.36,11.97,0.0,0.0,221,0.0,0.0,0.0,one,SR,1
0,2453,4423,0,0,15.7819,7.1207,7.5347,0.0,0.0,1323,1022.0,0.0,0.0,3.75,11.27,0.0,0.0,206,0.0,0.0,0.0,one,SR,1
0,2232,8450,0,0,19.8551,10.5298,8.1308,0.0,0.0,1604,1118.0,0.0,0.0,6.09,11.94,0.0,0.0,15,0.0,0.0,0.0,one,SR,1
0,3365,6923,0,0,17.2224,9.1774,6.9807,0.0,0.0,1524,934.0,0.0,0.0,6.42,10.64,0.0,0.0,28,0.0,0.0,0.0,one,SR,1
0,900,9870,0,0,19.2796,10.2823,7.8361,0.0,0.0,1942,1071.0,0.0,0.0,9.94,11.61,0.0,0.0,12,0.0,0.0,0.0,one,SR,1
0,605,9325,0,0,15.5454,6.9763,7.4518,0.0,0.0,1940,1009.0,0.0,0.0,10.31,11.17,0.0,0.0,210,0.0,0.0,0.0,one,SR,1
124,4071,8447,3435,0,25.6636,6.6597,9.1001,9.0687,0.0,1091,1116.0,1118.0,0.0,3.94,7.17,7.18,0.0,59,216.0,219.0,0.0,many,RT,2
0,1116,1391,0,0,14.8656,7.8264,6.0774,0.0,0.0,1221,789.0,0.0,0.0,4.16,9.62,0.0,0.0,57,0.0,0.0,0.0,one,SR,1
0,2546,8607,0,0,15.6559,7.9223,6.7017,0.0,0.0,1541,888.0,0.0,0.0,6.89,10.32,0.0,0.0,93,0.0,0.0,0.0,one,SR,1
234,2400,6713,5496,0,49.7745,4.5297,22.2037,22.2037,0.0,1269,1967.0,1967.0,0.0,5.79,8.19,8.19,0.0,205,56.0,56.0,0.0,many,RT,2
0,1856,8861,0,0,13.9414,6.9874,6.0007,0.0,0.0,1415,777.0,0.0,0.0,6.28,9.53,0.0,0.0,109,0.0,0.0,0.0,one,SR,1
0,4121,3662,0,0,15.9752,8.5626,6.4133,0.0,0.0,1418,842.0,0.0,0.0,5.9,9.99,0.0,0.0,30,0.0,0.0,0.0,one,SR,1
0,349,6986,0,0,14.8058,7.8429,6.0088,0.0,0.0,1217,778.0,0.0,0.0,4.19,9.54,0.0,0.0,51,0.0,0.0,0.0,one,SR,1
66,954,7735,2839,0,59.1836,15.9581,20.3198,21.0534,0.0,2047,2541.0,2993.0,0.0,4.82,12.27,13.25,0.0,49,367.0,613.0,0.0,many,RT,2
182,3733,5641,0,0,22.3915,3.4133,18.2291,0.0,0.0,1518,1465.0,0.0,0.0,9.2,10.49,0.0,0.0,227,-231.0,0.0,0.0,one,RT,1
49,3282,8809,0,0,35.8007,2.4122,32.8685,0.0,0.0,1214,2346.0,0.0,0.0,8.07,10.2,0.0,0.0,155,-381.0,0.0,0.0,one,RT,1
166,1713,1799,0,0,21.0082,4.3858,16.0487,0.0,0.0,1094,1639.0,0.0,0.0,6.32,9.74,0.0,0.0,53,70.0,0.0,0.0,one,RT,1
215,2231,6554,0,0,19.9887,4.1095,15.1684,0.0,0.0,1182,2314.0,0.0,0.0,6.01,10.11,0.0,0.0,156,613.0,0.0,0.0,one,TR,1
0,2576,9640,2823,0,51.4689,20.5479,13.374,14.9887,0.0,2082,1502.0,1956.0,0.0,-1.16,11.8,13.78,0.0,169,0.0,140.0,0.0,many,SR,2
181,217,7810,0,0,11.5077,2.8059,8.1183,0.0,0.0,1223,1283.0,0.0,0.0,7.59,8.84,0.0,0.0,167,304.0,0.0,0.0,one,RT,1
265,93,9107,5673,0,32.8953,7.8614,11.7979,12.1792,0.0,1136,1283.0,1814.0,0.0,2.42,8.37,8.2,0.0,113,120.0,513.0,0.0,many,RT,2
151,1298,5119,0,0,10.7477,1.9977,8.2188,0.0,0.0,1660,1356.0,0.0,0.0,12.65,8.31,0.0,0.0,190,384.0,0.0,0.0,one,RT,1
0,2455,7212,7211,0,55.5969,23.4097,14.7867,14.7867,0.0,1939,1703.0,1703.0,0.0,-3.16,13.07,13.07,0.0,8,0.0,0.0,0.0,many,SR,2
0,1367,8731,6406,0,39.4544,16.3461,13.3784,7.7664,0.0,1986,1622.0,760.0,0.0,3.18,12.09,7.55,0.0,91,75.0,0.0,0.0,many,SR,2
213,2614,529,0,0,19.8736,6.3958,12.6651,0.0,0.0,1120,2253.0,0.0,0.0,4.45,12.13,0.0,0.0,63,594.0,0.0,0.0,one,TR,1
224,2797,7078,6725,0,27.7338,5.261,10.9938,10.5028,0.0,1554,1517.0,1470.0,0.0,7.53,7.88,7.88,0.0,241,373.0,365.0,0.0,many,RT,2
228,3527,2924,0,0,19.2385,4.6571,13.9327,0.0,0.0,1211,2089.0,0.0,0.0,6.88,10.49,0.0,0.0,81,491.0,0.0,0.0,one,TR,1
0,1190,3877,990,0,48.2538,17.8787,13.9556,13.9556,0.0,3464,1584.0,1584.0,0.0,14.2,12.32,12.32,0.0,293,0.0,0.0,0.0,many,SR,2
164,2066,8876,3827,0,53.8913,9.8051,22.0478,20.6595,0.0,1701,2612.0,2791.0,0.0,5.45,10.9,10.89,0.0,178,401.0,617.0,0.0,many,RT,2
0,720,3468,3467,0,33.9105,12.1868,9.9448,9.9448,0.0,3969,1046.0,1046.0,0.0,25.17,9.17,9.17,0.0,295,0.0,0.0,0.0,many,SR,2
72,1535,4183,0,0,25.5215,5.3466,19.5574,0.0,0.0,1087,2641.0,0.0,0.0,5.86,10.18,0.0,0.0,15,607.0,0.0,0.0,one,RT,1
262,1365,8657,1115,0,56.6784,13.975,24.4057,16.5674,0.0,1592,3356.0,2267.0,0.0,1.14,14.02,11.28,0.0,109,653.0,430.0,0.0,many,RT,2
38,4703,6261,6148,4306,103.1135,14.9587,21.7181,50.127,14.215,1739,4027.0,3022.0,1955.0,-0.59,17.01,11.53,8.4,266,1147.0,-931.0,492.0,many,RT,3
0,2502,2556,0,0,44.2704,21.4801,19.9561,0.0,0.0,4470,3240.0,0.0,0.0,21.43,28.34,0.0,0.0,275,0.0,0.0,0.0,one,SR,1
0,4767,9849,0,0,48.1165,22.0163,22.8497,0.0,0.0,4395,3771.0,0.0,0.0,16.89,32.5,0.0,0.0,494,0.0,0.0,0.0,one,SR,1
0,962,2278,1184,0,45.2373,16.0417,13.5276,13.2998,0.0,2760,1525.0,1493.0,0.0,7.67,11.94,11.74,0.0,360,1.0,1.0,0.0,many,SR,2
0,3753,5773,2989,0,38.1012,13.9738,11.1198,11.0072,0.0,2033,1200.0,1185.0,0.0,3.34,10.04,9.96,0.0,275,0.0,0.0,0.0,many,SR,2
0,4154,6992,0,0,47.8389,24.1063,20.7808,0.0,0.0,3905,3390.0,0.0,0.0,14.44,29.52,0.0,0.0,168,0.0,0.0,0.0,one,SR,1
0,4688,9408,7440,0,32.8985,13.2606,8.9739,8.9739,0.0,2377,919.0,919.0,0.0,9.75,8.45,8.45,0.0,133,0.0,0.0,0.0,many,SR,2
0,2087,5550,2373,0,38.7386,16.0956,13.0216,7.7199,0.0,2011,1458.0,757.0,0.0,4.0,11.49,7.52,0.0,70,5.0,2.0,0.0,many,SR,2
72,1499,6785,0,0,29.8465,7.723,21.1001,0.0,0.0,1360,3170.0,0.0,0.0,5.07,15.23,0.0,0.0,102,632.0,0.0,0.0,one,TR,1
0,1158,8184,6003,0,33.0235,12.6729,9.3229,9.2865,0.0,1757,965.0,969.0,0.0,2.78,8.71,8.7,0.0,205,0.0,6.0,0.0,many,SR,2
0,4047,1903,0,0,28.0186,14.457,11.8862,0.0,0.0,2044,1762.0,0.0,0.0,6.38,16.75,0.0,0.0,43,0.0,0.0,0.0,one,SR,1
0,4548,3554,0,0,21.4617,11.2831,8.8971,0.0,0.0,2157,1241.0,0.0,0.0,11.12,12.81,0.0,0.0,17,0.0,0.0,0.0,one,SR,1
0,2564,509,0,0,20.6749,8.9197,10.3064,0.0,0.0,1953,1473.0,0.0,0.0,7.47,14.49,0.0,0.0,281,0.0,0.0,0.0,one,SR,1
0,4035,5105,0,0,31.6968,15.6337,14.074,0.0,0.0,2663,2162.0,0.0,0.0,10.06,19.89,0.0,0.0,155,0.0,0.0,0.0,one,SR,1
0,3304,7677,0,0,37.3644,19.5636,15.5938,0.0,0.0,4695,2440.0,0.0,0.0,29.43,22.07,0.0,0.0,21,0.0,0.0,0.0,one,SR,1
0,4627,8191,0,0,19.459,8.5244,9.5762,0.0,0.0,1782,1350.0,0.0,0.0,6.48,13.58,0.0,0.0,253,0.0,0.0,0.0,one,SR,1
0,3433,4809,0,0,21.2037,10.0382,9.7837,0.0,0.0,1665,1383.0,0.0,0.0,5.05,13.82,0.0,0.0,164,0.0,0.0,0.0,one,SR,1
0,620,3582,0,0,31.3508,13.4808,15.6536,0.0,0.0,2836,2452.0,0.0,0.0,9.83,22.16,0.0,0.0,441,0.0,0.0,0.0,one,SR,1
0,674,8503,0,0,16.425,8.8447,6.5633,0.0,0.0,2305,867.0,0.0,0.0,15.05,10.17,0.0,0.0,21,0.0,0.0,0.0,one,SR,1
0,2176,1911,0,0,14.6068,7.7006,5.9585,0.0,0.0,1364,769.0,0.0,0.0,5.79,9.48,0.0,0.0,57,0.0,0.0,0.0,one,SR,1
0,4706,7317,0,0,18.3042,8.4826,8.577,0.0,0.0,1350,1189.0,0.0,0.0,2.97,12.45,0.0,0.0,186,0.0,0.0,0.0,one,SR,1
0,4834,9874,0,0,13.3663,6.341,6.0649,0.0,0.0,1427,787.0,0.0,0.0,6.34,9.6,0.0,0.0,157,0.0,0.0,0.0,one,SR,1
150,1564,3863,0,0,18.0057,6.494,10.6029,0.0,0.0,1434,2051.0,0.0,0.0,6.88,12.09,0.0,0.0,115,561.0,0.0,0.0,one,RT,1
0,2009,3521,0,0,16.5162,7.2205,8.104,0.0,0.0,1460,1114.0,0.0,0.0,4.61,11.92,0.0,0.0,239,0.0,0.0,0.0,one,SR,1
0,368,1516,0,0,16.501,8.8961,6.5858,0.0,0.0,1828,870.0,0.0,0.0,10.02,10.19,0.0,0.0,19,0.0,0.0,0.0,one,SR,1
0,66,8047,0,0,11.3395,4.3401,6.0419,0.0,0.0,1798,783.0,0.0,0.0,10.26,9.58,0.0,0.0,292,0.0,0.0,0.0,one,SR,1
0,2360,1719,0,0,22.4574,11.4295,9.6596,0.0,0.0,1979,1364.0,0.0,0.0,8.46,13.68,0.0,0.0,61,0.0,0.0,0.0,one,SR,1
0,257,1068,0,0,19.1953,8.3824,9.4665,0.0,0.0,1572,1333.0,0.0,0.0,4.39,13.46,0.0,0.0,255,0.0,0.0,0.0,one,SR,1
31,2736,3921,956,0,40.9044,7.8423,16.1937,15.9499,0.0,1169,1619.0,1586.0,0.0,4.01,7.69,7.5,0.0,29,164.0,163.0,0.0,many,RT,2
243,2817,7872,0,0,11.8878,2.5403,8.6741,0.0,0.0,1502,1393.0,0.0,0.0,9.71,8.73,0.0,0.0,240,362.0,0.0,0.0,one,RT,1
0,3532,9708,0,0,15.5449,8.0629,6.4756,0.0,0.0,1399,852.0,0.0,0.0,5.63,10.06,0.0,0.0,68,0.0,0.0,0.0,one,SR,1
0,2734,9651,0,0,15.6578,8.4167,6.2594,0.0,0.0,1793,817.0,0.0,0.0,9.99,9.82,0.0,0.0,29,0.0,0.0,0.0,one,SR,1
0,4800,754,0,0,20.1679,10.1855,8.7208,0.0,0.0,2264,1213.0,0.0,0.0,12.42,12.62,0.0,0.0,80,0.0,0.0,0.0,one,SR,1
0,557,7747,0,0,18.1558,7.8544,9.0074,0.0,0.0,1704,1259.0,0.0,0.0,6.24,12.94,0.0,0.0,259,0.0,0.0,0.0,one,SR,1
0,221,627,0,0,15.6802,7.0796,7.4805,0.0,0.0,1488,1013.0,0.0,0.0,5.54,11.2,0.0,0.0,205,0.0,0.0,0.0,one,SR,1
228,207,5549,920,0,37.7911,7.8896,20.1665,8.6991,0.0,1104,2674.0,1292.0,0.0,2.27,10.16,8.2,0.0,98,598.0,314.0,0.0,many,TR,2
0,322,8588,0,0,14.6977,7.5122,6.2096,0.0,0.0,1177,809.0,0.0,0.0,3.57,9.76,0.0,0.0,87,0.0,0.0,0.0,one,SR,1
0,106,5575,0,0,16.9884,9.0436,6.8911,0.0,0.0,1879,919.0,0.0,0.0,10.25,10.54,0.0,0.0,30,0.0,0.0,0.0,one,SR,1
0,544,6050,0,0,17.7337,9.1457,7.4686,0.0,0.0,1831,1012.0,0.0,0.0,9.15,11.19,0.0,0.0,64,0.0,0.0,0.0,one,SR,1
0,984,7473,0,0,18.188,9.5041,7.5552,0.0,0.0,2019,1025.0,0.0,0.0,11.04,11.29,0.0,0.0,45,0.0,0.0,0.0,one,SR,1
0,450,5857,3076,0,45.8625,19.0673,12.3082,12.3024,0.0,1662,1355.0,1355.0,0.0,-2.21,10.92,10.92,0.0,41,0.0,0.0,0.0,many,SR,2
0,3610,8218,0,0,17.1702,9.3691,6.7621,0.0,0.0,1363,898.0,0.0,0.0,4.96,10.39,0.0,0.0,-1,0.0,0.0,0.0,one,SR,1
0,193,6463,2575,0,46.5054,19.1243,12.6562,12.4989,0.0,1745,1406.0,1380.0,0.0,-1.71,11.2,11.06,0.0,62,3.0,0.0,0.0,many,SR,2
0,180,4721,0,0,16.1216,7.9308,7.1116,0.0,0.0,1214,955.0,0.0,0.0,3.03,10.79,0.0,0.0,122,0.0,0.0,0.0,one,SR,1
48,4237,9522,9368,0,45.1847,6.5078,27.6122,10.1496,0.0,1632,2629.0,1230.0,0.0,8.9,9.58,7.57,0.0,118,171.0,220.0,0.0,many,RT,2
0,3239,5878,0,0,15.7439,8.5818,6.1876,0.0,0.0,1480,807.0,0.0,0.0,6.77,9.75,0.0,0.0,13,0.0,0.0,0.0,one,SR,1
0,3262,1965,0,0,15.0194,7.9613,6.0942,0.0,0.0,1547,792.0,0.0,0.0,7.57,9.64,0.0,0.0,49,0.0,0.0,0.0,one,SR,1
52,150,8480,8479,0,36.741,3.8842,16.0205,16.0205,0.0,1466,1494.0,1494.0,0.0,8.05,8.08,8.08,0.0,236,56.0,56.0,0.0,many,RT,2
15,1832,9275,4314,1699,77.6268,9.6723,20.6088,17.703,28.2506,1782,2478.0,1805.0,3213.0,6.18,9.66,8.63,9.63,195,452.0,165.0,576.0,many,RT,3
0,2585,4783,4782,0,43.2848,17.5457,11.8141,11.8141,0.0,1761,1290.0,1290.0,0.0,-0.51,10.55,10.55,0.0,99,0.0,0.0,0.0,many,SR,2
263,1617,8864,0,0,10.3077,5.036,4.5658,0.0,0.0,1413,1080.0,0.0,0.0,8.48,10.06,0.0,0.0,90,283.0,0.0,0.0,one,RT,1
120,1693,6132,0,0,34.5296,5.555,28.2439,0.0,0.0,1085,2879.0,0.0,0.0,4.82,12.31,0.0,0.0,70,169.0,0.0,0.0,one,TR,1
0,3240,9984,6921,0,32.0304,12.8071,9.1451,8.3921,0.0,2091,1077.0,842.0,0.0,6.78,8.85,8.01,0.0,162,88.0,0.0,0.0,many,SR,2
210,1850,5415,3760,3659,70.3895,13.437,16.3474,22.407,16.3474,2034,2501.0,2139.0,2501.0,4.7,10.12,8.26,10.12,220,687.0,171.0,687.0,many,TR,3
213,2247,7985,0,0,29.4829,2.6899,26.2596,0.0,0.0,1266,2708.0,0.0,0.0,8.49,10.33,0.0,0.0,144,265.0,0.0,0.0,one,RT,1
277,1851,2620,0,0,25.6002,6.1902,18.6603,0.0,0.0,1223,2798.0,0.0,0.0,6.09,11.5,0.0,0.0,38,702.0,0.0,0.0,one,TR,1
176,4574,3102,0,0,22.804,4.1006,18.1891,0.0,0.0,1057,2101.0,0.0,0.0,6.47,10.14,0.0,0.0,36,276.0,0.0,0.0,one,TR,1
224,2333,5780,0,0,10.7998,0.942,9.3343,0.0,0.0,1755,1358.0,0.0,0.0,13.72,8.23,0.0,0.0,257,326.0,0.0,0.0,one,RT,1
128,2543,4510,2554,0,56.722,5.8402,25.7022,24.3535,0.0,1470,1875.0,1853.0,0.0,8.0,8.12,9.14,0.0,109,-211.0,-208.0,0.0,many,TR,2
243,58,9521,4375,0,50.638,14.4886,21.6468,12.8247,0.0,2078,3482.0,1809.0,0.0,6.72,15.42,9.35,0.0,42,827.0,406.0,0.0,many,TR,2
66,2485,4436,0,0,10.8818,3.8736,6.4268,0.0,0.0,1362,941.0,0.0,0.0,9.07,7.81,0.0,0.0,93,199.0,0.0,0.0,one,TR,1
227,4019,8550,0,0,18.7267,2.2481,15.8851,0.0,0.0,1336,2363.0,0.0,0.0,8.69,9.93,0.0,0.0,211,619.0,0.0,0.0,one,RT,1
75,2405,9216,0,0,20.0866,3.9584,15.5679,0.0,0.0,1250,1938.0,0.0,0.0,8.08,9.6,0.0,0.0,74,333.0,0.0,0.0,one,TR,1
281,323,507,0,0,11.2829,3.3765,7.2812,0.0,0.0,1185,851.0,0.0,0.0,6.81,8.25,0.0,0.0,154,57.0,0.0,0.0,one,RT,1
0,2718,4930,63,0,48.0517,19.4663,12.8526,13.412,0.0,2022,1440.0,1513.0,0.0,0.34,11.36,11.85,0.0,97,8.0,4.0,0.0,many,SR,2
128,3474,9243,577,0,65.1856,14.3237,26.2271,22.7178,0.0,2730,3334.0,3261.0,0.0,11.41,14.49,13.68,0.0,200,506.0,697.0,0.0,many,RT,2
197,20,6396,4064,0,59.7523,15.2952,21.2196,21.2196,0.0,2687,3578.0,3578.0,0.0,10.05,14.09,14.09,0.0,196,1001.0,1001.0,0.0,many,TR,2
233,1647,8178,1234,0,48.2544,7.6773,18.3246,21.2105,0.0,1551,2275.0,2987.0,0.0,6.91,8.21,9.21,0.0,116,511.0,831.0,0.0,many,RT,2
180,1783,6598,2498,0,42.2673,5.9859,16.8414,18.4882,0.0,1184,2215.0,1363.0,0.0,3.86,8.79,7.73,0.0,176,517.0,-165.0,0.0,many,RT,2
0,4757,9308,1082,0,41.9714,17.5948,8.4101,13.9271,0.0,2127,849.0,1606.0,0.0,3.98,8.04,12.36,0.0,52,3.0,16.0,0.0,many,SR,2
36,4367,5485,4089,0,40.8899,7.5964,15.4975,16.8724,0.0,1218,1807.0,1946.0,0.0,4.48,8.69,8.54,0.0,49,289.0,325.0,0.0,many,TR,2
92,227,9066,4766,0,42.3345,11.5778,15.2726,13.9719,0.0,1165,2353.0,2178.0,0.0,-1.38,10.59,10.53,0.0,139,609.0,554.0,0.0,many,RT,2
0,2204,5658,0,0,41.1537,17.1771,20.9935,0.0,0.0,4108,3430.0,0.0,0.0,16.29,29.83,0.0,0.0,660,0.0,0.0,0.0,one,SR,1
98,916,8444,0,0,47.542,17.4738,28.0525,0.0,0.0,4201,5175.0,0.0,0.0,25.97,25.16,0.0,0.0,46,1192.0,0.0,0.0,one,RT,1
36,84,7353,3966,0,33.1062,7.917,11.2688,12.8342,0.0,1526,1682.0,1831.0,0.0,6.25,8.45,8.41,0.0,127,450.0,476.0,0.0,many,RT,2
266,3419,1010,0,0,33.9804,10.6008,22.1823,0.0,0.0,2291,2228.0,0.0,0.0,13.28,15.97,0.0,0.0,12,-190.0,0.0,0.0,one,RT,1
224,1301,876,0,0,33.2616,10.342,21.7026,0.0,0.0,2322,2637.0,0.0,0.0,13.43,16.17,0.0,0.0,42,138.0,0.0,0.0,one,TR,1
107,3681,2743,0,0,32.4762,9.5867,21.8018,0.0,0.0,2228,3502.0,0.0,0.0,13.6,16.88,0.0,0.0,14,750.0,0.0,0.0,one,RT,1
275,3818,4346,0,0,20.4653,3.8444,16.1123,0.0,0.0,1112,1615.0,0.0,0.0,7.1,9.09,0.0,0.0,50,85.0,0.0,0.0,one,TR,1
0,3464,5221,0,0,19.9835,10.0579,8.6704,0.0,0.0,1537,1204.0,0.0,0.0,4.84,12.55,0.0,0.0,85,0.0,0.0,0.0,one,SR,1
79,2156,2747,0,0,25.8122,7.1653,17.7034,0.0,0.0,1183,2715.0,0.0,0.0,3.93,13.43,0.0,0.0,91,583.0,0.0,0.0,one,RT,1
161,2639,1729,0,0,23.3669,6.2157,16.171,0.0,0.0,2173,2113.0,0.0,0.0,13.99,12.8,0.0,0.0,178,248.0,0.0,0.0,one,TR,1
0,4710,808,0,0,30.622,14.6809,13.9662,0.0,0.0,2470,2144.0,0.0,0.0,8.16,19.75,0.0,0.0,211,0.0,0.0,0.0,one,SR,1
157,3020,1401,1031,0,41.6986,9.0229,10.0798,21.5805,0.0,1546,1391.0,2189.0,0.0,7.09,8.06,9.09,0.0,8,319.0,209.0,0.0,many,RT,2
0,3120,6935,0,0,17.3507,8.7501,7.4805,0.0,0.0,1435,1013.0,0.0,0.0,4.99,11.2,0.0,0.0,91,0.0,0.0,0.0,one,SR,1
0,4430,3438,0,0,28.896,14.2921,12.7983,0.0,0.0,3270,1928.0,0.0,0.0,18.09,18.06,0.0,0.0,134,0.0,0.0,0.0,one,SR,1
0,1094,6786,5577,0,32.0078,12.5764,9.3903,8.3634,0.0,1956,987.0,838.0,0.0,5.44,8.79,7.99,0.0,172,9.0,0.0,0.0,many,SR,2
0,2627,5690,0,0,33.109,16.5964,14.4671,0.0,0.0,3024,2234.0,0.0,0.0,13.34,20.45,0.0,0.0,124,0.0,0.0,0.0,one,SR,1
69,613,2317,0,0,16.7458,3.9004,12.3282,0.0,0.0,1294,1699.0,0.0,0.0,8.93,8.17,0.0,0.0,52,418.0,0.0,0.0,one,RT,1
182,3636,5198,0,0,22.8321,8.6873,13.0974,0.0,0.0,1540,2566.0,0.0,0.0,6.74,13.47,0.0,0.0,51,731.0,0.0,0.0,one,TR,1
0,4424,8753,2261,0,41.8159,16.6957,12.371,10.6735,0.0,1795,1398.0,1142.0,0.0,0.17,11.04,9.72,0.0,136,22.0,0.0,0.0,many,SR,2
0,4348,5449,0,0,14.042,6.0714,6.9141,0.0,0.0,1421,923.0,0.0,0.0,5.41,10.57,0.0,0.0,235,0.0,0.0,0.0,one,SR,1
0,4389,6756,0,0,16.478,7.1565,8.127,0.0,0.0,1752,1118.0,0.0,0.0,7.65,11.94,0.0,0.0,245,0.0,0.0,0.0,one,SR,1
0,3643,6047,0,0,20.2566,9.8618,9.0908,0.0,0.0,2553,1273.0,0.0,0.0,15.07,13.04,0.0,0.0,128,0.0,0.0,0.0,one,SR,1
0,1180,2592,0,0,27.6942,14.0633,11.946,0.0,0.0,2287,1774.0,0.0,0.0,8.85,16.85,0.0,0.0,75,0.0,0.0,0.0,one,SR,1
66,3540,2327,0,0,17.6535,6.1808,10.7865,0.0,0.0,1066,1581.0,0.0,0.0,5.02,9.86,0.0,0.0,0,320.0,0.0,0.0,one,RT,1
0,2776,506,0,0,21.5893,10.6061,9.6198,0.0,0.0,1442,1357.0,0.0,0.0,2.87,13.63,0.0,0.0,114,0.0,0.0,0.0,one,SR,1
0,3685,4927,3654,0,39.4887,16.2904,12.3801,8.8575,0.0,1638,1494.0,904.0,0.0,-0.45,11.24,8.37,0.0,93,83.0,0.0,0.0,many,SR,2
0,1451,9278,0,0,12.8756,5.2051,6.6443,0.0,0.0,1688,880.0,0.0,0.0,8.49,10.26,0.0,0.0,275,0.0,0.0,0.0,one,SR,1
0,1446,1029,0,0,16.9216,8.6495,7.1844,0.0,0.0,1612,967.0,0.0,0.0,7.14,10.88,0.0,0.0,78,0.0,0.0,0.0,one,SR,1
0,2917,4037,0,0,15.2703,6.8608,7.3085,0.0,0.0,1627,986.0,0.0,0.0,7.17,11.01,0.0,0.0,208,0.0,0.0,0.0,one,SR,1
0,97,8001,0,0,13.8171,5.6988,7.0468,0.0,0.0,1717,944.0,0.0,0.0,8.39,10.71,0.0,0.0,269,0.0,0.0,0.0,one,SR,1
243,1235,4010,0,0,13.2247,5.7157,6.7543,0.0,0.0,1348,1277.0,0.0,0.0,7.36,10.55,0.0,0.0,74,280.0,0.0,0.0,one,RT,1
0,1361,1513,0,0,17.8214,9.4547,7.2706,0.0,0.0,1958,979.0,0.0,0.0,10.69,10.96,0.0,0.0,28,0.0,0.0,0.0,one,SR,1
32,199,6420,4777,1346,64.8988,14.8307,14.4975,19.5794,14.1363,2758,1998.0,2749.0,1877.0,12.27,9.18,10.18,9.18,127,464.0,687.0,392.0,many,TR,3
0,794,5677,3403,0,30.5662,11.8448,9.622,7.4371,0.0,1403,1022.0,891.0,0.0,-0.23,8.97,7.66,0.0,213,12.0,112.0,0.0,many,SR,2
227,4404,7091,0,0,19.2816,5.1045,13.6055,0.0,0.0,1188,1381.0,0.0,0.0,7.33,8.72,0.0,0.0,3,72.0,0.0,0.0,one,TR,1
0,159,6048,0,0,14.1846,6.8168,6.3735,0.0,0.0,1362,835.0,0.0,0.0,5.35,9.94,0.0,0.0,146,0.0,0.0,0.0,one,SR,1
171,3288,7836,2105,970,95.6558,8.8323,28.4153,32.332,24.8161,2155,3128.0,3411.0,2084.0,11.29,9.22,10.23,9.15,171,525.0,459.0,-60.0,many,RT,3
0,99,6062,0,0,15.0914,8.0982,6.037,0.0,0.0,1202,781.0,0.0,0.0,4.02,9.56,0.0,0.0,35,0.0,0.0,0.0,one,SR,1
0,975,3862,0,0,12.8345,6.2878,5.635,0.0,0.0,1173,718.0,0.0,0.0,4.11,9.12,0.0,0.0,131,0.0,0.0,0.0,one,SR,1
0,1571,1017,0,0,14.855,8.0252,5.8899,0.0,0.0,1252,758.0,0.0,0.0,4.69,9.4,0.0,0.0,30,0.0,0.0,0.0,one,SR,1
161,4077,4837,0,0,12.3511,5.388,6.301,0.0,0.0,1267,924.0,0.0,0.0,7.35,8.62,0.0,0.0,39,147.0,0.0,0.0,one,RT,1
227,1147,3922,0,0,36.5667,5.1015,30.8936,0.0,0.0,1172,3290.0,0.0,0.0,7.16,10.72,0.0,0.0,3,421.0,0.0,0.0,one,TR,1
136,2113,4457,1582,0,50.9725,9.4062,11.5225,28.9406,0.0,2122,1387.0,3093.0,0.0,12.35,8.62,10.42,0.0,36,201.0,400.0,0.0,many,RT,2
0,527,2431,2429,0,31.9548,13.4203,8.4607,8.4607,0.0,1160,851.0,851.0,0.0,-2.34,8.07,8.07,0.0,75,0.0,0.0,0.0,many,SR,2
151,1948,1048,0,0,17.7486,3.2569,13.9738,0.0,0.0,1419,2074.0,0.0,0.0,10.24,9.18,0.0,0.0,96,552.0,0.0,0.0,one,TR,1
50,799,1605,1207,0,54.4841,7.5483,18.044,28.0,0.0,1287,1944.0,2453.0,0.0,5.49,8.42,9.5,0.0,33,263.0,19.0,0.0,many,RT,2
117,880,8746,299,0,57.1275,10.535,9.2563,35.5959,0.0,2184,1495.0,3369.0,0.0,7.27,8.7,16.7,0.0,350,408.0,-131.0,0.0,many,TR,2
164,3909,5424,0,0,45.6116,3.6802,41.4185,0.0,0.0,1313,3827.0,0.0,0.0,9.17,11.13,0.0,0.0,64,204.0,0.0,0.0,one,RT,1
176,1279,1094,0,0,25.6806,4.9123,20.124,0.0,0.0,1079,2501.0,0.0,0.0,5.53,11.44,0.0,0.0,61,395.0,0.0,0.0,one,RT,1
157,1665,5369,2945,2350,63.2088,11.7064,15.7016,13.0261,21.3769,1388,1966.0,1362.0,2648.0,1.99,8.8,7.83,9.35,60,392.0,141.0,555.0,many,RT,3
150,4820,4074,0,0,18.1924,6.2619,11.1518,0.0,0.0,1727,1919.0,0.0,0.0,11.13,10.79,0.0,0.0,51,503.0,0.0,0.0,one,RT,1
0,133,3900,3490,2322,79.8581,32.4189,12.2532,18.576,12.6738,2590,1347.0,2561.0,1431.0,-8.23,10.88,17.23,11.25,205,-1.0,198.0,18.0,many,SR,3
260,4938,7769,7768,0,37.6861,9.2589,13.6503,13.6503,0.0,2307,2046.0,2046.0,0.0,14.08,8.63,8.63,0.0,60,580.0,580.0,0.0,many,TR,2
275,1995,9930,0,0,35.7149,9.1117,25.3127,0.0,0.0,1630,3888.0,0.0,0.0,5.5,17.91,0.0,0.0,171,784.0,0.0,0.0,one,RT,1
275,1399,6418,0,0,23.4278,5.8941,16.8087,0.0,0.0,1221,2121.0,0.0,0.0,6.3,11.25,0.0,0.0,43,307.0,0.0,0.0,one,RT,1
79,1372,6018,6017,0,37.7743,6.0961,15.3909,15.3909,0.0,1668,1366.0,1366.0,0.0,9.45,7.48,7.48,0.0,135,29.0,29.0,0.0,many,RT,2
247,3536,7876,0,0,35.7152,4.709,30.2437,0.0,0.0,1152,2448.0,0.0,0.0,5.23,12.62,0.0,0.0,147,-292.0,0.0,0.0,one,RT,1
157,4960,8357,0,0,18.6681,5.3085,12.694,0.0,0.0,1150,2015.0,0.0,0.0,6.08,9.66,0.0,0.0,47,553.0,0.0,0.0,one,TR,1
50,1020,9770,6718,5257,65.064,9.3872,19.0992,19.1993,16.1545,1668,2546.0,2390.0,1926.0,6.5,8.07,8.05,8.11,111,681.0,558.0,375.0,many,RT,3
0,3619,7255,0,0,33.6123,15.8009,15.6028,0.0,0.0,2749,2442.0,0.0,0.0,8.99,22.09,0.0,0.0,278,0.0,0.0,0.0,one,SR,1
0,1938,4588,1057,0,36.2401,13.869,10.3396,10.1157,0.0,1982,1098.0,1265.0,0.0,3.57,9.47,9.69,0.0,230,0.0,127.0,0.0,many,SR,2
252,763,9823,9602,0,36.207,4.6632,14.8099,15.8517,0.0,1356,1153.0,1973.0,0.0,6.3,7.36,8.46,0.0,224,-93.0,408.0,0.0,many,TR,2
0,2323,6455,0,0,33.2158,14.5534,16.3473,0.0,0.0,3086,2578.0,0.0,0.0,11.57,23.15,0.0,0.0,429,0.0,0.0,0.0,one,SR,1
11,1789,7447,5933,4599,65.2784,14.1157,15.2809,16.0763,17.9489,2432,2076.0,2129.0,1936.0,8.83,9.19,10.18,9.2,177,478.0,416.0,218.0,many,RT,3
0,3303,2183,0,0,30.5441,15.1991,13.4461,0.0,0.0,2366,2047.0,0.0,0.0,7.75,18.99,0.0,0.0,129,0.0,0.0,0.0,one,SR,1
164,528,5504,0,0,24.1242,6.1242,17.123,0.0,0.0,1736,2950.0,0.0,0.0,10.34,12.77,0.0,0.0,121,833.0,0.0,0.0,one,TR,1
0,3772,9189,0,0,33.8806,16.6081,15.1314,0.0,0.0,4500,2356.0,0.0,0.0,27.98,21.41,0.0,0.0,182,0.0,0.0,0.0,one,SR,1
0,386,6605,0,0,24.1568,12.1331,10.5412,0.0,0.0,1770,1516.0,0.0,0.0,5.24,14.83,0.0,0.0,83,0.0,0.0,0.0,one,SR,1
227,1358,9847,0,0,24.4827,8.3371,14.8762,0.0,0.0,1538,3079.0,0.0,0.0,4.72,16.69,0.0,0.0,211,835.0,0.0,0.0,one,TR,1
0,696,7875,0,0,32.3417,15.7723,14.516,0.0,0.0,3675,2244.0,0.0,0.0,20.11,20.53,0.0,0.0,185,0.0,0.0,0.0,one,SR,1
0,3455,9125,0,0,19.4224,9.3839,8.772,0.0,0.0,1834,1220.0,0.0,0.0,7.86,12.67,0.0,0.0,138,0.0,0.0,0.0,one,SR,1
0,3367,3949,0,0,15.2754,8.2394,6.0749,0.0,0.0,1078,788.0,0.0,0.0,2.67,9.61,0.0,0.0,28,0.0,0.0,0.0,one,SR,1
64,1685,6321,0,0,22.5115,9.1482,12.2403,0.0,0.0,1940,2522.0,0.0,0.0,10.26,15.23,0.0,0.0,66,646.0,0.0,0.0,one,RT,1
0,3522,5866,0,0,13.5196,6.2187,6.3122,0.0,0.0,1199,827.0,0.0,0.0,3.69,9.89,0.0,0.0,183,0.0,0.0,0.0,one,SR,1
0,3626,7707,0,0,20.1803,10.7271,8.2454,0.0,0.0,1207,1137.0,0.0,0.0,1.8,12.08,0.0,0.0,10,0.0,0.0,0.0,one,SR,1
0,4789,9426,3597,0,31.4019,11.937,10.034,7.7095,0.0,2208,1294.0,751.0,0.0,7.69,9.71,7.5,0.0,243,153.0,-1.0,0.0,many,SR,2
0,1916,9065,0,0,13.4973,6.081,6.4171,0.0,0.0,1253,842.0,0.0,0.0,4.16,9.99,0.0,0.0,199,0.0,0.0,0.0,one,SR,1
49,4557,5908,3476,0,49.3111,5.6158,32.0693,10.7478,0.0,1286,2181.0,1454.0,0.0,5.6,9.34,7.44,0.0,156,-412.0,364.0,0.0,many,RT,2
210,4494,8451,5389,0,31.3911,5.2248,9.7016,15.6382,0.0,1419,1381.0,1633.0,0.0,7.46,7.16,8.11,0.0,151,384.0,182.0,0.0,many,RT,2
0,4971,5540,4358,0,33.3854,13.7864,8.9185,8.9864,0.0,1314,911.0,958.0,0.0,-1.45,8.41,8.54,0.0,100,0.0,24.0,0.0,many,SR,2
140,24,6194,2850,0,34.9711,7.7973,13.0819,13.0856,0.0,1147,1601.0,1600.0,0.0,2.99,8.04,8.03,0.0,86,308.0,308.0,0.0,many,RT,2
0,416,5727,53,0,30.5959,13.5144,7.7841,7.7836,0.0,1380,769.0,762.0,0.0,0.87,7.58,7.56,0.0,8,4.0,0.0,0.0,many,SR,2
78,3746,8366,8336,0,48.6607,9.2683,26.2144,12.1302,0.0,1347,3277.0,1528.0,0.0,4.71,10.3,8.18,0.0,11,703.0,299.0,0.0,many,RT,2
52,4224,8310,0,0,15.0455,2.8193,11.7112,0.0,0.0,1236,1540.0,0.0,0.0,8.34,9.15,0.0,0.0,124,276.0,0.0,0.0,one,RT,1
203,3376,6056,0,0,18.9881,2.9591,15.4844,0.0,0.0,1527,1688.0,0.0,0.0,11.13,9.45,0.0,0.0,133,156.0,0.0,0.0,one,TR,1
50,4729,5494,0,0,17.8622,5.7937,11.3867,0.0,0.0,1610,1653.0,0.0,0.0,10.77,9.82,0.0,0.0,24,343.0,0.0,0.0,one,TR,1
124,657,3726,0,0,16.5243,4.4043,11.5491,0.0,0.0,1274,1444.0,0.0,0.0,8.24,8.71,0.0,0.0,50,238.0,0.0,0.0,one,RT,1
195,3326,6681,0,0,11.1121,3.5301,6.8903,0.0,0.0,1423,1103.0,0.0,0.0,8.72,8.92,0.0,0.0,184,233.0,0.0,0.0,one,TR,1
120,2428,6378,0,0,55.4251,5.5903,49.1983,0.0,0.0,1065,4376.0,0.0,0.0,5.45,13.37,0.0,0.0,10,48.0,0.0,0.0,one,TR,1
32,3936,8110,0,0,14.0519,0.4465,13.0671,0.0,0.0,1859,2003.0,0.0,0.0,14.67,9.38,0.0,0.0,300,538.0,0.0,0.0,one,RT,1
233,4636,9324,3247,671,63.015,12.1047,11.3124,16.1389,21.9008,1622,1761.0,2084.0,2634.0,3.01,8.6,9.0,8.98,131,499.0,446.0,536.0,many,RT,3
246,3989,5399,3089,0,50.2362,14.1188,17.6225,16.7798,0.0,1519,2635.0,2109.0,0.0,0.51,11.99,12.17,0.0,90,609.0,247.0,0.0,many,RT,2
284,157,7789,6590,0,95.1355,15.7477,27.2284,49.8018,0.0,3670,3553.0,4483.0,0.0,17.32,15.21,18.37,0.0,373,574.0,-191.0,0.0,many,TR,2
50,2038,9944,9816,3202,54.1632,12.4336,7.2332,16.5037,16.3879,1168,1041.0,2226.0,2410.0,-2.18,7.32,9.42,10.32,137,258.0,509.0,604.0,many,RT,3
64,61,8224,0,0,33.313,10.5553,21.3097,0.0,0.0,2282,3673.0,0.0,0.0,10.93,18.48,0.0,0.0,169,817.0,0.0,0.0,one,RT,1
205,3089,2913,0,0,26.4213,5.8173,19.5248,0.0,0.0,1855,2702.0,0.0,0.0,9.76,14.79,0.0,0.0,266,391.0,0.0,0.0,one,TR,1
0,219,8381,0,0,16.6437,8.6674,6.9198,0.0,0.0,1286,923.0,0.0,0.0,3.99,10.57,0.0,0.0,58,0.0,0.0,0.0,one,SR,1
0,1250,545,0,0,22.2253,10.8802,9.9443,0.0,0.0,1744,1410.0,0.0,0.0,5.7,14.01,0.0,0.0,118,0.0,0.0,0.0,one,SR,1
0,4959,8712,4958,0,36.3405,14.7314,11.6858,8.0869,0.0,2582,1327.0,803.0,0.0,10.58,10.57,7.79,0.0,123,34.0,0.0,0.0,many,SR,2
0,1061,6958,4579,0,39.7009,14.5176,14.8766,8.1365,0.0,2164,2024.0,809.0,0.0,3.19,13.88,7.83,0.0,342,193.0,0.0,0.0,many,SR,2
0,724,2321,0,0,19.0837,8.5249,9.2392,0.0,0.0,1885,1295.0,0.0,0.0,7.92,13.2,0.0,0.0,229,0.0,0.0,0.0,one,SR,1
0,3986,8750,0,0,12.4519,5.0015,6.4468,0.0,0.0,2187,848.0,0.0,0.0,13.93,10.04,0.0,0.0,275,0.0,0.0,0.0,one,SR,1
0,543,2898,0,0,21.0804,9.6425,10.0286,0.0,0.0,1701,1422.0,0.0,0.0,5.18,14.09,0.0,0.0,208,0.0,0.0,0.0,one,SR,1
0,462,8495,0,0,17.4298,9.2781,7.0774,0.0,0.0,1120,948.0,0.0,0.0,2.09,10.74,0.0,0.0,27,0.0,0.0,0.0,one,SR,1
109,1218,266,0,0,15.2646,4.8526,9.6121,0.0,0.0,1513,1681.0,0.0,0.0,8.69,11.0,0.0,0.0,160,398.0,0.0,0.0,one,TR,1
140,3618,8186,3328,0,61.8274,8.2768,20.6567,31.8852,0.0,1367,1959.0,1913.0,0.0,5.28,9.04,10.05,0.0,55,90.0,-646.0,0.0,many,RT,2
0,4296,2033,0,0,17.2015,9.0732,7.0555,0.0,0.0,1116,946.0,0.0,0.0,2.06,10.73,0.0,0.0,40,0.0,0.0,0.0,one,SR,1
0,1085,7427,0,0,17.401,9.3768,6.962,0.0,0.0,1501,931.0,0.0,0.0,6.2,10.62,0.0,0.0,13,0.0,0.0,0.0,one,SR,1
0,326,4648,0,0,18.2303,9.7879,7.3377,0.0,0.0,1566,991.0,0.0,0.0,6.5,11.05,0.0,0.0,11,0.0,0.0,0.0,one,SR,1
0,4000,1921,0,0,17.2996,8.873,7.3234,0.0,0.0,1626,989.0,0.0,0.0,7.14,11.03,0.0,0.0,72,0.0,0.0,0.0,one,SR,1
0,3360,2701,0,0,11.7829,4.9953,5.8512,0.0,0.0,1476,753.0,0.0,0.0,7.07,9.36,0.0,0.0,234,0.0,0.0,0.0,one,SR,1
0,2042,3054,3053,0,36.6955,15.7007,9.6053,9.6053,0.0,1538,1002.0,1002.0,0.0,0.09,8.92,8.92,0.0,25,0.0,0.0,0.0,many,SR,2
252,4781,9379,8478,0,36.794,7.3896,17.9411,10.457,0.0,1449,2407.0,1265.0,0.0,6.16,10.01,8.05,0.0,114,530.0,202.0,0.0,many,RT,2
0,3167,6302,4720,0,60.324,25.4026,16.3925,15.684,0.0,1955,1955.0,1832.0,0.0,-5.08,14.57,13.88,0.0,14,14.0,0.0,0.0,many,SR,2
0,2853,9188,2169,0,61.2009,24.8134,16.769,16.657,0.0,2147,1987.0,1971.0,0.0,-4.11,14.86,14.76,0.0,126,0.0,0.0,0.0,many,SR,2
31,1846,5942,5941,0,61.197,13.4816,22.9656,22.9656,0.0,2014,2872.0,2872.0,0.0,5.09,12.92,12.92,0.0,176,430.0,430.0,0.0,many,RT,2
191,3690,9307,0,0,21.4729,4.4313,16.3279,0.0,0.0,1386,2455.0,0.0,0.0,8.13,11.14,0.0,0.0,136,595.0,0.0,0.0,one,RT,1
50,3043,8321,7489,0,49.5147,9.2916,19.2591,19.8715,0.0,1185,2405.0,2830.0,0.0,2.61,9.57,9.35,0.0,37,479.0,780.0,0.0,many,TR,2
120,1225,9242,0,0,28.3047,5.4275,22.1359,0.0,0.0,1160,2089.0,0.0,0.0,5.51,11.41,0.0,0.0,85,-32.0,0.0,0.0,one,TR,1
0,4592,3131,2895,0,63.3137,25.6771,17.6584,16.9134,0.0,2186,2122.0,2006.0,0.0,-4.63,15.67,14.98,0.0,130,6.0,0.0,0.0,many,SR,2
168,3754,2894,0,0,29.4361,6.4948,22.1838,0.0,0.0,1270,3166.0,0.0,0.0,6.52,12.58,0.0,0.0,22,719.0,0.0,0.0,one,TR,1
101,4116,6238,4649,0,65.6261,11.0073,17.8703,34.9665,0.0,2356,2615.0,2918.0,0.0,8.7,12.91,13.91,0.0,343,527.0,-278.0,0.0,many,TR,2
38,3600,9933,8140,4035,82.7337,15.6551,27.5062,19.2205,18.5407,2218,2945.0,2238.0,2963.0,6.99,9.2,9.19,12.73,44,439.0,376.0,764.0,many,RT,3
176,4223,9865,5930,0,47.3453,6.9168,16.3267,23.29,0.0,1411,2188.0,2901.0,0.0,7.51,8.06,9.06,0.0,27,568.0,655.0,0.0,many,RT,2
0,1996,2868,0,0,44.2807,22.695,18.9021,0.0,0.0,4066,3048.0,0.0,0.0,18.54,26.84,0.0,0.0,100,0.0,0.0,0.0,one,SR,1
186,761,8664,7092,3093,106.9848,21.9501,20.3464,24.83,37.1836,2588,2752.0,3123.0,4212.0,3.1,11.81,13.11,14.82,145,552.0,504.0,528.0,many,RT,3
0,4195,2732,0,0,33.6436,14.8894,16.4273,0.0,0.0,3200,2593.0,0.0,0.0,12.66,23.27,0.0,0.0,413,0.0,0.0,0.0,one,SR,1
246,4869,3396,0,0,27.7327,7.1042,19.6278,0.0,0.0,1154,3152.0,0.0,0.0,3.11,15.01,0.0,0.0,130,715.0,0.0,0.0,one,RT,1
0,3530,3184,2147,0,31.1197,13.561,8.0236,7.9896,0.0,1413,795.0,789.0,0.0,0.93,7.74,7.71,0.0,24,1.0,0.0,0.0,many,SR,2
0,3309,6702,0,0,36.0293,16.3423,17.2425,0.0,0.0,4313,2743.0,0.0,0.0,23.29,24.45,0.0,0.0,386,0.0,0.0,0.0,one,SR,1
0,365,1486,0,0,25.654,12.5851,11.4546,0.0,0.0,2486,1684.0,0.0,0.0,11.57,16.14,0.0,0.0,133,0.0,0.0,0.0,one,SR,1
0,3765,7686,4179,0,48.9773,20.874,16.1093,9.6701,0.0,1897,1897.0,1010.0,0.0,-1.0,14.27,8.97,0.0,3,3.0,0.0,0.0,many,SR,2
0,452,8572,0,0,16.5471,8.1734,7.2768,0.0,0.0,1639,980.0,0.0,0.0,7.34,10.97,0.0,0.0,116,0.0,0.0,0.0,one,SR,1
0,3984,1213,0,0,12.9954,5.5936,6.4032,0.0,0.0,2120,841.0,0.0,0.0,13.27,9.99,0.0,0.0,232,0.0,0.0,0.0,one,SR,1
0,4318,6716,0,0,18.7216,8.4479,8.9824,0.0,0.0,1554,1255.0,0.0,0.0,4.7,12.91,0.0,0.0,217,0.0,0.0,0.0,one,SR,1
201,989,1971,900,0,77.4347,9.89,31.6297,34.7385,0.0,3075,2974.0,3974.0,0.0,21.7,11.67,13.1,0.0,48,84.0,585.0,0.0,many,RT,2
0,1340,3725,0,0,15.5418,8.2945,6.2643,0.0,0.0,2152,819.0,0.0,0.0,13.75,9.83,0.0,0.0,38,0.0,0.0,0.0,one,SR,1
38,2011,7144,3085,2395,101.1164,21.7664,17.3194,35.9861,23.6233,2018,2576.0,3703.0,2029.0,-0.6,11.13,13.96,12.13,2,631.0,258.0,-204.0,many,TR,3
165,2010,9120,276,0,41.4531,8.4205,9.387,22.4171,0.0,1309,1530.0,2375.0,0.0,2.69,8.59,9.7,0.0,180,434.0,268.0,0.0,many,RT,2
284,4297,5959,3176,3175,102.2448,10.0602,28.3941,31.2462,31.2462,1626,2870.0,2984.0,2984.0,5.39,9.31,9.33,9.33,111,325.0,247.0,247.0,many,RT,3
31,4327,1681,0,0,13.1626,4.5826,7.9915,0.0,0.0,1717,1127.0,0.0,0.0,12.73,7.89,0.0,0.0,49,247.0,0.0,0.0,one,TR,1
136,2283,4531,4182,580,66.8453,13.9465,16.4907,22.0083,12.7106,1615,1900.0,1780.0,1849.0,1.75,8.5,9.47,8.92,86,314.0,-149.0,468.0,many,RT,3
0,4393,8682,2755,0,34.9438,14.5388,10.2661,8.3892,0.0,1655,1093.0,872.0,0.0,1.63,9.42,8.08,0.0,83,3.0,19.0,0.0,many,SR,2
35,1216,9813,0,0,21.3735,4.1378,16.7292,0.0,0.0,1051,2192.0,0.0,0.0,6.48,10.07,0.0,0.0,29,433.0,0.0,0.0,one,RT,1
109,1055,3743,0,0,11.9384,2.5088,8.8828,0.0,0.0,1845,1143.0,0.0,0.0,14.45,8.47,0.0,0.0,165,175.0,0.0,0.0,one,TR,1
210,2158,1014,1013,0,59.0351,9.5863,23.9989,23.9989,0.0,1872,2058.0,2058.0,0.0,6.6,11.25,11.25,0.0,237,-153.0,-153.0,0.0,many,RT,2
181,1028,4352,0,0,29.4998,7.2029,21.0282,0.0,0.0,1867,3580.0,0.0,0.0,8.19,16.69,0.0,0.0,288,865.0,0.0,0.0,one,TR,1
35,3226,1863,0,0,11.6015,2.283,8.7151,0.0,0.0,1358,1143.0,0.0,0.0,8.83,9.03,0.0,0.0,215,152.0,0.0,0.0,one,RT,1
79,3136,7683,6087,3925,81.8605,8.5019,22.7145,37.3162,11.9052,2101,2905.0,3162.0,1639.0,9.26,8.62,10.99,7.62,294,716.0,-60.0,428.0,many,RT,3
268,3945,6652,0,0,34.9471,9.5,24.276,0.0,0.0,3028,3494.0,0.0,0.0,21.25,15.71,0.0,0.0,71,669.0,0.0,0.0,one,TR,1
0,1364,5809,15,0,41.0771,15.9387,12.0057,11.057,0.0,1464,1320.0,1217.0,0.0,-3.31,10.71,10.05,0.0,187,3.0,16.0,0.0,many,SR,2
238,1123,6501,3319,0,40.6232,9.2714,16.3085,13.805,0.0,1304,1982.0,1579.0,0.0,2.55,10.17,8.21,0.0,128,291.0,240.0,0.0,many,RT,2
238,2975,9529,1195,0,29.7671,7.7288,8.5245,12.6101,0.0,1248,1082.0,1133.0,0.0,4.97,7.49,7.54,0.0,28,205.0,7.0,0.0,many,RT,2
3,116,5336,0,0,14.1486,5.4888,8.0508,0.0,0.0,1047,1273.0,0.0,0.0,5.51,9.09,0.0,0.0,0,286.0,0.0,0.0,one,TR,1
48,3145,4694,4065,0,84.3802,16.1896,28.7186,37.2435,0.0,2190,4335.0,4449.0,0.0,2.94,14.04,18.25,0.0,264,1151.0,509.0,0.0,many,RT,2
262,4102,3043,0,0,53.2658,9.9162,41.8772,0.0,0.0,1899,4452.0,0.0,0.0,6.69,20.72,0.0,0.0,228,104.0,0.0,0.0,one,RT,1
85,2441,9669,8909,0,61.757,13.5009,21.6989,24.9669,0.0,1544,3497.0,2427.0,0.0,1.9,13.88,10.02,0.0,56,924.0,143.0,0.0,many,RT,2
0,2153,8124,4328,0,52.6429,19.4519,15.2702,15.2012,0.0,2187,1792.0,1851.0,0.0,-1.51,13.55,13.65,0.0,343,13.0,56.0,0.0,many,SR,2
26,943,8765,6927,5088,88.8125,18.784,20.7132,20.7113,26.3467,2642,2607.0,2607.0,3215.0,7.42,11.59,11.59,12.4,105,434.0,434.0,528.0,many,RT,3
26,4232,8624,3583,445,96.0592,13.3856,21.3969,25.9998,33.3976,2352,2266.0,2245.0,3523.0,7.78,11.24,9.48,12.07,241,155.0,-24.0,378.0,many,RT,3
0,1797,4750,1964,0,46.8458,18.5671,14.1448,11.8118,0.0,2431,1619.0,1368.0,0.0,4.63,12.51,10.71,0.0,159,5.0,50.0,0.0,many,SR,2
0,1484,7305,6423,0,39.8958,16.4434,11.3489,10.1412,0.0,2218,1279.0,1071.0,0.0,5.63,10.31,9.31,0.0,83,32.0,0.0,0.0,many,SR,2
14,288,9967,6778,1237,72.767,14.4442,20.2238,16.8955,19.5517,2223,2645.0,2452.0,2713.0,8.48,9.09,8.99,10.44,29,634.0,683.0,647.0,many,RT,3
281,3203,3588,252,0,45.9254,12.8916,21.6863,9.8427,0.0,1632,3001.0,1237.0,0.0,3.59,12.25,8.8,0.0,45,640.0,173.0,0.0,many,RT,2
176,2256,8407,7445,0,50.2808,6.8524,24.6206,17.8786,0.0,1281,2848.0,2654.0,0.0,5.09,9.63,9.66,0.0,103,506.0,742.0,0.0,many,RT,2
248,3820,7961,0,0,20.1765,7.8676,11.4305,0.0,0.0,2238,1488.0,0.0,0.0,15.59,11.78,0.0,0.0,3,102.0,0.0,0.0,one,TR,1
26,4016,8091,5589,5588,124.495,18.5953,44.2177,29.7322,29.7322,2088,4107.0,3396.0,3396.0,1.96,13.37,12.4,12.4,93,128.0,472.0,472.0,many,RT,3
0,2254,3177,0,0,16.3576,8.9526,6.4057,0.0,0.0,1222,842.0,0.0,0.0,3.84,9.99,0.0,0.0,3,0.0,0.0,0.0,one,SR,1
23,2929,6835,6319,0,56.8408,11.2904,23.3549,20.7673,0.0,2299,3364.0,2710.0,0.0,11.29,12.12,11.16,0.0,107,828.0,534.0,0.0,many,RT,2
38,4931,7284,7283,4537,78.6814,21.4515,17.5635,17.5635,19.6493,2020,2664.0,2664.0,2766.0,-0.87,11.18,11.18,12.18,43,681.0,681.0,582.0,many,TR,3
277,4589,2740,2739,0,41.8004,8.8394,15.928,15.928,0.0,1225,2138.0,2138.0,0.0,2.92,9.53,9.53,0.0,76,469.0,469.0,0.0,many,TR,2
114,4948,696,0,0,56.3065,3.8646,51.6851,0.0,0.0,1501,3650.0,0.0,0.0,8.95,14.57,0.0,0.0,201,-716.0,0.0,0.0,one,RT,1
140,4570,8455,3050,0,47.7882,7.2513,19.6626,19.9961,0.0,1303,1826.0,2036.0,0.0,5.78,8.4,8.38,0.0,45,82.0,224.0,0.0,many,RT,2
0,1511,3785,0,0,28.7166,14.8452,12.1576,0.0,0.0,1894,1811.0,0.0,0.0,4.46,17.14,0.0,0.0,40,0.0,0.0,0.0,one,SR,1
0,4512,1490,0,0,28.8556,14.9386,12.1977,0.0,0.0,1972,1818.0,0.0,0.0,5.23,17.19,0.0,0.0,37,0.0,0.0,0.0,one,SR,1
0,65,1233,898,0,29.927,11.781,7.5394,9.0145,0.0,2052,731.0,954.0,0.0,7.22,7.38,8.54,0.0,174,0.0,20.0,0.0,many,SR,2
0,1538,9514,0,0,25.5987,11.5918,12.2758,0.0,0.0,2158,1833.0,0.0,0.0,7.08,17.31,0.0,0.0,272,0.0,0.0,0.0,one,SR,1
203,2258,4966,0,0,25.2509,9.5738,14.4197,0.0,0.0,2057,2944.0,0.0,0.0,10.28,16.57,0.0,0.0,119,765.0,0.0,0.0,one,TR,1
0,4543,1627,0,0,26.7821,13.4078,11.7224,0.0,0.0,1977,1732.0,0.0,0.0,5.89,16.52,0.0,0.0,100,0.0,0.0,0.0,one,SR,1
0,764,8730,0,0,17.76,9.4255,7.2405,0.0,0.0,1830,976.0,0.0,0.0,9.37,10.94,0.0,0.0,29,0.0,0.0,0.0,one,SR,1
0,2302,8228,0,0,16.7074,7.4547,8.0661,0.0,0.0,1541,1107.0,0.0,0.0,5.5,11.87,0.0,0.0,220,0.0,0.0,0.0,one,SR,1
0,3429,4458,0,0,18.0823,7.4894,9.269,0.0,0.0,1893,1301.0,0.0,0.0,7.96,13.24,0.0,0.0,302,0.0,0.0,0.0,one,SR,1
0,3416,5394,0,0,19.9688,10.4133,8.337,0.0,0.0,2308,1152.0,0.0,0.0,13.27,12.18,0.0,0.0,38,0.0,0.0,0.0,one,SR,1
11,4089,9573,4209,1893,66.3379,12.7175,14.2707,20.1176,17.7498,1223,1784.0,2128.0,2085.0,-0.5,7.78,8.67,9.37,43,394.0,270.0,333.0,many,RT,3
66,3046,4486,2384,0,38.3222,8.3804,13.5115,15.4104,0.0,1142,1653.0,2009.0,0.0,2.81,7.96,8.24,0.0,55,327.0,474.0,0.0,many,RT,2
1,2365,5566,4918,0,59.7847,13.6758,27.0007,17.5128,0.0,1822,2641.0,2200.0,0.0,4.77,12.87,11.08,0.0,47,26.0,336.0,0.0,many,RT,2
180,2240,6264,6039,0,58.0117,10.6649,25.6749,20.3565,0.0,1288,1910.0,2457.0,0.0,1.69,9.15,11.01,0.0,80,-241.0,373.0,0.0,many,RT,2
116,2430,5630,0,0,36.9383,9.3439,26.1628,0.0,0.0,2521,3096.0,0.0,0.0,13.59,18.32,0.0,0.0,242,109.0,0.0,0.0,one,RT,1
140,3139,3129,0,0,36.3293,4.5038,31.295,0.0,0.0,1290,2429.0,0.0,0.0,8.77,10.31,0.0,0.0,19,-234.0,0.0,0.0,one,RT,1
186,4866,3553,1963,1141,62.8376,8.4333,24.7218,15.0335,13.331,1664,2809.0,1537.0,1864.0,5.61,9.52,7.33,8.33,234,477.0,188.0,477.0,many,RT,3
0,27,2905,846,0,40.9821,17.1671,14.3973,7.4135,0.0,2526,1662.0,714.0,0.0,8.48,12.75,7.29,0.0,60,9.0,0.0,0.0,many,SR,2
0,3386,4432,2393,0,46.9099,18.8574,10.208,15.5269,0.0,1923,1081.0,1838.0,0.0,-0.67,9.37,13.81,0.0,137,0.0,18.0,0.0,many,SR,2
165,4642,9525,6368,1577,86.3281,13.3547,15.737,37.4676,18.0813,1285,2044.0,3326.0,2401.0,-1.7,8.56,12.65,8.66,125,463.0,-39.0,595.0,many,RT,3
186,1614,8482,6013,1122,87.3775,19.9826,22.3732,25.4329,17.0921,3044,1989.0,2670.0,2695.0,9.49,10.82,12.62,12.53,170,-88.0,153.0,654.0,many,RT,3
162,2479,7452,6338,3787,75.7714,17.2375,13.396,14.1182,29.0833,2629,1980.0,1605.0,3610.0,10.18,8.8,8.8,12.77,13,535.0,208.0,651.0,many,RT,3
162,4691,8371,6764,2325,64.3502,13.7587,17.4198,20.0485,11.5429,1321,2175.0,2197.0,1603.0,-0.35,9.16,9.37,8.28,32,432.0,287.0,384.0,many,RT,3
85,1354,9348,0,0,20.5215,1.7802,18.2086,0.0,0.0,1367,2431.0,0.0,0.0,9.56,9.33,0.0,0.0,206,573.0,0.0,0.0,one,RT,1
0,1944,3682,0,0,25.6524,11.6306,12.2884,0.0,0.0,2086,1836.0,0.0,0.0,6.3,17.33,0.0,0.0,271,0.0,0.0,0.0,one,SR,1
0,4481,9459,0,0,21.3557,10.0364,9.9213,0.0,0.0,1847,1406.0,0.0,0.0,6.81,13.98,0.0,0.0,174,0.0,0.0,0.0,one,SR,1
0,3078,7066,0,0,21.5384,11.2091,9.0323,0.0,0.0,1560,1263.0,0.0,0.0,4.71,12.97,0.0,0.0,32,0.0,0.0,0.0,one,SR,1
0,2646,2300,0,0,15.9643,8.7421,6.2426,0.0,0.0,2690,814.0,0.0,0.0,19.43,9.79,0.0,0.0,5,0.0,0.0,0.0,one,SR,1
50,3251,7980,6367,3448,114.462,10.822,21.7421,40.3202,40.316,1976,2183.0,3241.0,3241.0,9.39,8.32,10.15,10.15,37,239.0,-124.0,-123.0,many,RT,3
215,203,4168,0,0,16.0408,4.8175,10.6051,0.0,0.0,1097,1154.0,0.0,0.0,5.95,9.18,0.0,0.0,51,44.0,0.0,0.0,one,RT,1
265,3032,8787,7952,0,37.2471,8.7036,13.8109,13.4223,0.0,1866,1912.0,2017.0,0.0,7.8,9.51,9.59,0.0,211,419.0,516.0,0.0,many,RT,2
203,4528,4449,3931,0,44.6287,11.474,13.2507,18.4826,0.0,2031,1453.0,2505.0,0.0,8.53,10.01,11.2,0.0,90,73.0,506.0,0.0,many,RT,2
227,1033,8315,1543,0,51.8655,10.9587,18.4231,21.1752,0.0,1141,2386.0,2909.0,0.0,0.2,13.0,9.09,0.0,56,316.0,780.0,0.0,many,RT,2
50,3042,7988,7987,6380,52.273,9.0894,11.4048,11.4048,18.9978,1462,1483.0,1483.0,1670.0,2.96,7.57,7.57,7.63,225,341.0,341.0,45.0,many,RT,3
213,4460,9837,7142,0,43.0945,4.5852,12.9498,24.7437,0.0,1762,1841.0,2939.0,0.0,11.16,8.06,9.1,0.0,188,497.0,598.0,0.0,many,RT,2
0,4107,5989,0,0,22.0947,9.2517,11.2586,0.0,0.0,2068,1646.0,0.0,0.0,7.45,15.84,0.0,0.0,342,0.0,0.0,0.0,one,SR,1
88,2588,8653,0,0,15.2108,2.9225,11.7684,0.0,0.0,1477,1623.0,0.0,0.0,10.83,8.2,0.0,0.0,120,391.0,0.0,0.0,one,TR,1
0,2645,9073,0,0,17.2887,8.6124,7.5476,0.0,0.0,1515,1025.0,0.0,0.0,5.75,11.29,0.0,0.0,106,0.0,0.0,0.0,one,SR,1
0,3331,1730,0,0,18.0352,8.5661,8.2598,0.0,0.0,1780,1139.0,0.0,0.0,7.81,12.09,0.0,0.0,158,0.0,0.0,0.0,one,SR,1
0,191,4813,0,0,15.0948,8.106,6.0319,0.0,0.0,1471,782.0,0.0,0.0,6.83,9.57,0.0,0.0,35,0.0,0.0,0.0,one,SR,1
0,2467,4248,0,0,17.6003,8.9529,7.5222,0.0,0.0,2224,1020.0,0.0,0.0,13.23,11.25,0.0,0.0,80,0.0,0.0,0.0,one,SR,1
1,480,9122,7771,0,53.6621,13.8076,20.0213,18.2201,0.0,1173,2377.0,2530.0,0.0,-2.2,11.05,11.08,0.0,49,329.0,547.0,0.0,many,RT,2
0,1170,3593,0,0,16.2725,7.7115,7.445,0.0,0.0,1430,1007.0,0.0,0.0,4.97,11.16,0.0,0.0,159,0.0,0.0,0.0,one,SR,1
0,3642,4158,2628,0,52.9948,17.3302,16.4387,16.3248,0.0,3858,1939.0,1923.0,0.0,14.4,14.56,14.45,0.0,599,0.0,0.0,0.0,many,SR,2
22,3009,8959,5893,0,42.0901,9.7079,15.6454,15.6114,0.0,1197,1569.0,1593.0,0.0,2.44,8.55,8.7,0.0,29,107.0,119.0,0.0,many,RT,2
0,4115,2120,0,0,20.0762,10.7143,8.1639,0.0,0.0,1271,1123.0,0.0,0.0,2.56,11.98,0.0,0.0,5,0.0,0.0,0.0,one,SR,1
203,1000,5839,0,0,25.4067,7.7046,16.8385,0.0,0.0,1533,2425.0,0.0,0.0,8.32,12.64,0.0,0.0,5,457.0,0.0,0.0,one,RT,1
0,2785,7834,0,0,24.0629,11.6246,10.9032,0.0,0.0,1831,1583.0,0.0,0.0,5.41,15.35,0.0,0.0,150,0.0,0.0,0.0,one,SR,1
0,239,8329,5961,0,34.3984,14.4864,9.3609,8.8258,0.0,1252,1020.0,938.0,0.0,-2.38,8.84,8.42,0.0,71,33.0,25.0,0.0,many,SR,2
0,444,321,0,0,20.6573,10.9297,8.4922,0.0,0.0,1436,1176.0,0.0,0.0,3.96,12.35,0.0,0.0,13,0.0,0.0,0.0,one,SR,1
0,161,9420,0,0,23.8116,12.333,10.0642,0.0,0.0,2008,1429.0,0.0,0.0,8.35,14.14,0.0,0.0,27,0.0,0.0,0.0,one,SR,1
38,4850,9099,5194,0,36.2072,5.8538,14.4901,15.0061,0.0,1343,1407.0,1821.0,0.0,6.39,7.18,8.39,0.0,127,129.0,345.0,0.0,many,TR,2
140,183,9021,0,0,9.9962,2.7489,6.6948,0.0,0.0,1223,1072.0,0.0,0.0,7.87,7.52,0.0,0.0,152,300.0,0.0,0.0,one,RT,1
233,1976,8313,6355,0,44.3286,8.3407,22.088,12.7581,0.0,1736,1661.0,1919.0,0.0,7.95,9.73,8.68,0.0,132,-259.0,532.0,0.0,many,RT,2
0,1038,4729,0,0,40.0921,19.2356,18.2654,0.0,0.0,3169,2930.0,0.0,0.0,9.95,25.91,0.0,0.0,279,0.0,0.0,0.0,one,SR,1
0,1378,4529,0,0,29.3115,14.4256,13.0435,0.0,0.0,2219,1975.0,0.0,0.0,6.72,18.42,0.0,0.0,147,0.0,0.0,0.0,one,SR,1
136,2379,6446,1425,0,51.5739,9.7496,14.4373,26.151,0.0,1608,2058.0,3026.0,0.0,5.76,9.17,11.19,0.0,94,514.0,464.0,0.0,many,RT,2
0,3451,7750,0,0,17.0193,7.5553,8.2554,0.0,0.0,1505,1138.0,0.0,0.0,4.93,12.09,0.0,0.0,227,0.0,0.0,0.0,one,SR,1
92,2802,7464,2110,0,47.8539,6.2533,9.4819,31.2564,0.0,1197,1175.0,3356.0,0.0,4.81,7.42,10.2,0.0,103,225.0,480.0,0.0,many,RT,2
79,2957,9588,9587,3561,59.748,9.034,16.3595,16.3595,16.6799,1466,2010.0,2010.0,2051.0,3.56,8.33,8.33,8.48,191,415.0,415.0,419.0,many,RT,3
38,1595,9029,4110,3806,88.3237,20.5313,19.5544,20.0383,25.7597,2214,2487.0,2634.0,2770.0,1.29,12.04,12.18,12.18,98,383.0,459.0,235.0,many,TR,3
257,4630,7931,5236,3483,63.1491,10.5859,23.7594,8.4966,18.9258,1435,3370.0,1182.0,2020.0,2.64,9.62,7.66,8.53,126,953.0,273.0,264.0,many,RT,3
38,4552,9351,3261,0,36.4497,7.8216,13.6818,13.995,0.0,1232,1627.0,2080.0,0.0,4.37,8.69,8.83,0.0,51,256.0,575.0,0.0,many,RT,2
0,2534,4945,4853,0,40.5436,17.3211,12.0662,9.2161,0.0,1339,1339.0,950.0,0.0,-3.4,10.78,8.63,0.0,10,10.0,0.0,0.0,many,SR,2
0,3146,743,0,0,14.4779,6.7917,6.6587,0.0,0.0,1201,882.0,0.0,0.0,3.36,10.28,0.0,0.0,168,0.0,0.0,0.0,one,SR,1
38,3236,8838,2536,510,88.9256,20.1198,29.5183,19.2971,17.5369,2232,2758.0,2817.0,2131.0,1.35,12.18,12.18,11.18,134,11.0,641.0,277.0,many,TR,3
10,2052,8690,3909,0,58.7268,11.9052,19.9767,25.148,0.0,1969,2537.0,3257.0,0.0,5.4,12.11,12.86,0.0,230,393.0,602.0,0.0,many,RT,2
164,4503,9554,2820,0,50.5439,9.7731,16.6495,22.7634,0.0,1245,2524.0,3346.0,0.0,0.85,10.93,10.65,0.0,167,641.0,933.0,0.0,many,RT,2
136,1732,8547,6505,4994,75.2735,14.626,21.1559,20.9422,16.868,1329,2797.0,1997.0,1981.0,-1.18,8.99,9.88,8.95,35,702.0,54.0,328.0,many,RT,3
48,3237,1746,0,0,22.4679,5.8681,15.6089,0.0,0.0,1298,2187.0,0.0,0.0,4.71,12.91,0.0,0.0,208,331.0,0.0,0.0,one,RT,1
262,3533,8548,2133,1511,87.3272,17.4568,21.086,21.2626,25.3931,2042,2152.0,2302.0,2225.0,2.28,11.1,11.1,11.1,116,94.0,198.0,-97.0,many,TR,3
0,639,8801,0,0,19.9971,10.5432,8.2468,0.0,0.0,2146,1136.0,0.0,0.0,11.67,12.07,0.0,0.0,22,0.0,0.0,0.0,one,SR,1
0,3807,7469,4373,0,59.4656,24.1708,16.0416,16.3622,0.0,2376,1882.0,2023.0,0.0,-1.07,14.2,14.71,0.0,126,0.0,59.0,0.0,many,SR,2
38,2018,9662,5594,2368,79.0231,18.7692,18.6803,20.3816,18.7538,2086,2859.0,2373.0,1997.0,-0.04,12.13,11.13,11.13,217,711.0,301.0,108.0,many,TR,3
