station,driver,rider1,rider2,rider3,VMT,save_d,save_r1,save_r2,save_r3,T_d,T_r1,T_r2,T_r3,cost_d,cost_r1,cost_r2,cost_r3,detour_d,detour_r1,detour_r2,detour_r3,size,type,num_riders
0,9,5409,0,0,29.0479,13.1729,14.5604,0.0,0.0,1519,1288.0,0.0,0.0,4.12,13.15,0.0,0.0,265,0.0,0.0,0.0,one,SR,1
0,20,9391,2433,0,100.1302,34.1199,30.6857,31.6285,0.0,3141,2491.0,2785.0,0.0,-0.28,18.03,18.93,0.0,650,0.0,152.0,0.0,many,SR,2
0,4118,6077,5186,2125,91.0425,32.0163,17.156,21.2741,17.156,2084,1288.0,1993.0,1288.0,-9.08,10.54,13.31,10.54,405,0.0,251.0,0.0,many,SR,3
0,67,1242,482,0,56.0634,20.4095,15.3106,18.2551,0.0,1580,1149.0,1470.0,0.0,-2.2,9.68,11.2,0.0,264,13.0,66.0,0.0,many,SR,2
0,77,4393,4392,0,71.5938,27.2599,20.9148,20.9148,0.0,2158,1616.0,1616.0,0.0,0.12,12.52,12.52,0.0,227,0.0,0.0,0.0,many,SR,2
0,4203,6288,634,0,65.0448,27.9182,17.2712,17.7116,0.0,2888,1314.0,1339.0,0.0,11.03,10.62,10.82,0.0,181,12.0,3.0,0.0,many,SR,2
0,127,5397,1608,0,44.1885,17.1832,13.6676,11.6272,0.0,1233,1233.0,819.0,0.0,-2.45,9.22,7.88,0.0,178,178.0,0.0,0.0,many,SR,2
161,4225,9902,1262,0,54.5642,16.3348,21.5734,15.3101,0.0,1198,2502.0,1728.0,0.0,0.47,10.57,8.89,0.0,41,775.0,517.0,0.0,many,RT,2
0,4257,3773,1916,0,48.9966,19.4987,13.9195,13.7879,0.0,1511,1013.0,1002.0,0.0,-0.25,8.98,8.92,0.0,155,0.0,0.0,0.0,many,SR,2
0,164,3209,0,0,29.2869,15.42,12.6795,0.0,0.0,1433,1108.0,0.0,0.0,4.36,11.87,0.0,0.0,66,0.0,0.0,0.0,one,SR,1
0,4280,5852,500,0,45.2351,19.5978,11.4679,12.5338,0.0,1874,816.0,1042.0,0.0,4.96,7.82,8.54,0.0,156,8.0,108.0,0.0,many,SR,2
0,194,9535,0,0,33.6273,17.2396,15.0406,0.0,0.0,1575,1334.0,0.0,0.0,4.41,13.47,0.0,0.0,77,0.0,0.0,0.0,one,SR,1
0,200,6362,434,0,86.5376,34.3009,19.9357,29.3357,0.0,2608,1529.0,2608.0,0.0,0.7,11.97,17.68,0.0,173,0.0,173.0,0.0,many,SR,2
0,4322,9179,5944,0,45.5434,18.6111,12.4784,12.7796,0.0,1717,891.0,926.0,0.0,2.96,8.29,8.45,0.0,192,0.0,7.0,0.0,many,SR,2
0,228,2127,348,0,42.6821,16.8432,12.7561,11.4346,0.0,1227,1093.0,803.0,0.0,-1.95,8.69,7.79,0.0,165,132.0,0.0,0.0,many,SR,2
0,250,5335,0,0,32.0486,17.0045,13.7826,0.0,0.0,1671,1213.0,0.0,0.0,6.19,12.62,0.0,0.0,70,0.0,0.0,0.0,one,SR,1
0,4354,8229,0,0,78.4617,43.521,32.2084,0.0,0.0,4551,3110.0,0.0,0.0,23.2,27.32,0.0,0.0,2,0.0,0.0,0.0,one,SR,1
0,4361,7479,7478,0,58.1402,22.3625,16.8493,16.8493,0.0,1802,1262.0,1262.0,0.0,0.21,10.4,10.4,0.0,205,0.0,0.0,0.0,many,SR,2
21,4378,7340,799,0,73.3626,24.8301,19.6017,27.0875,0.0,2613,2506.0,3173.0,0.0,10.85,13.24,12.19,0.0,141,746.0,987.0,0.0,many,TR,2
184,4398,5056,1335,0,68.141,15.7496,33.3151,17.7672,0.0,1312,2741.0,1963.0,0.0,1.99,10.07,10.02,0.0,80,448.0,541.0,0.0,many,TR,2
0,306,8443,4439,0,54.5318,21.7489,13.442,17.3906,0.0,1390,973.0,1371.0,0.0,-2.96,8.76,10.75,0.0,85,0.0,47.0,0.0,many,SR,2
231,4413,3492,1222,0,93.132,16.3939,50.3297,24.9003,0.0,1138,3788.0,1674.0,0.0,-1.62,12.54,10.54,0.0,102,393.0,-46.0,0.0,many,TR,2
262,4419,1115,0,0,34.4062,11.1967,22.177,0.0,0.0,1500,2267.0,0.0,0.0,6.46,13.33,0.0,0.0,231,430.0,0.0,0.0,one,RT,1
0,338,3397,0,0,21.9797,11.7491,9.2751,0.0,0.0,1161,780.0,0.0,0.0,3.59,9.55,0.0,0.0,90,0.0,0.0,0.0,one,SR,1
0,340,8129,0,0,35.4753,18.6675,15.4337,0.0,0.0,2030,1372.0,0.0,0.0,8.95,13.74,0.0,0.0,115,0.0,0.0,0.0,one,SR,1
0,356,4870,0,0,38.3942,20.3869,16.5498,0.0,0.0,1946,1484.0,0.0,0.0,7.32,14.57,0.0,0.0,45,0.0,0.0,0.0,one,SR,1
0,372,5234,2807,0,40.5937,15.1241,11.9362,11.9278,0.0,1344,844.0,844.0,0.0,-0.34,8.03,8.03,0.0,262,-1.0,0.0,0.0,many,SR,2
0,378,5407,0,0,58.9408,31.8687,24.9326,0.0,0.0,3156,2354.0,0.0,0.0,13.88,21.4,0.0,0.0,29,0.0,0.0,0.0,one,SR,1
0,382,9885,805,0,63.9622,25.4102,15.3667,20.9355,0.0,1784,1136.0,1784.0,0.0,-1.52,9.68,12.82,0.0,121,0.0,121.0,0.0,many,SR,2
252,4492,9260,6511,6046,114.6384,18.2088,55.7811,11.9286,27.2309,1591,2691.0,1303.0,2364.0,3.3,10.44,7.44,10.01,97,-648.0,397.0,428.0,many,RT,3
0,397,9590,0,0,40.0496,20.3586,18.1073,0.0,0.0,2749,1645.0,0.0,0.0,14.61,15.84,0.0,0.0,284,0.0,0.0,0.0,one,SR,1
0,4513,7061,3979,339,59.7272,24.4407,11.0038,11.0038,11.0038,2442,766.0,766.0,766.0,5.17,7.58,7.58,7.58,330,0.0,0.0,0.0,many,SR,3
0,440,9200,0,0,27.5448,13.1557,13.1692,0.0,0.0,1619,1154.0,0.0,0.0,6.02,12.2,0.0,0.0,243,0.0,0.0,0.0,one,SR,1
0,453,7968,0,0,64.6454,31.6051,30.4507,0.0,0.0,3265,2928.0,0.0,0.0,10.98,25.9,0.0,0.0,282,0.0,0.0,0.0,one,SR,1
0,456,4758,971,0,53.581,21.7547,15.7964,14.1233,0.0,1428,1201.0,1068.0,0.0,-2.17,9.93,9.14,0.0,72,21.0,28.0,0.0,many,SR,2
0,462,4243,3240,0,49.4512,17.9757,15.3106,14.2717,0.0,1340,1149.0,1109.0,0.0,-2.97,9.68,9.25,0.0,247,13.0,49.0,0.0,many,SR,2
205,495,1088,0,0,27.7771,8.7769,18.4803,0.0,0.0,1145,2001.0,0.0,0.0,7.34,9.2,0.0,0.0,36,577.0,0.0,0.0,one,RT,1
0,505,6172,0,0,21.9478,11.3416,9.6267,0.0,0.0,1302,814.0,0.0,0.0,4.86,9.79,0.0,0.0,154,0.0,0.0,0.0,one,SR,1
0,521,1096,0,0,30.6624,16.0294,13.3969,0.0,0.0,1177,1177.0,0.0,0.0,1.23,12.36,0.0,0.0,0,0.0,0.0,0.0,one,SR,1
0,4629,7785,1819,0,45.356,18.4566,12.4567,12.7593,0.0,1475,889.0,998.0,0.0,0.34,8.28,8.55,0.0,151,0.0,61.0,0.0,many,SR,2
0,4727,2647,364,0,52.4934,20.6319,15.1784,14.7651,0.0,1255,1254.0,1085.0,0.0,-4.09,9.79,9.39,0.0,99,99.0,0.0,0.0,many,SR,2
0,649,7300,0,0,55.019,27.5863,25.2657,0.0,0.0,2658,2389.0,0.0,0.0,8.41,21.67,0.0,0.0,159,0.0,0.0,0.0,one,SR,1
0,670,9528,2211,0,46.5844,20.4261,11.2783,13.2414,0.0,1461,795.0,956.0,0.0,0.59,7.72,8.66,0.0,22,4.0,0.0,0.0,many,SR,2
0,4766,4364,0,0,49.1693,24.3979,22.8051,0.0,0.0,2593,2133.0,0.0,0.0,9.53,19.66,0.0,0.0,218,0.0,0.0,0.0,one,SR,1
0,4779,2299,1662,0,46.8763,16.9448,13.4891,14.607,0.0,1341,977.0,1246.0,0.0,-2.44,8.78,9.57,0.0,274,0.0,129.0,0.0,many,SR,2
201,4805,8619,1805,0,90.0266,20.7027,26.5451,41.1011,0.0,2954,3350.0,4344.0,0.0,15.92,14.59,15.19,0.0,356,1044.0,1146.0,0.0,many,RT,2
0,4807,1760,1759,0,56.5004,20.5838,16.9159,16.9159,0.0,1552,1267.0,1267.0,0.0,-2.47,10.42,10.42,0.0,247,0.0,0.0,0.0,many,SR,2
0,742,1723,0,0,65.5968,35.5576,27.6762,0.0,0.0,3669,2639.0,0.0,0.0,17.26,23.63,0.0,0.0,53,0.0,0.0,0.0,one,SR,1
14,748,5942,2794,0,83.8649,19.3392,34.9664,28.0596,0.0,1922,2774.0,2812.0,0.0,6.68,11.5,11.49,0.0,115,332.0,683.0,0.0,many,RT,2
0,766,1489,922,0,55.652,22.4388,17.4292,13.8115,0.0,1391,1391.0,1004.0,0.0,-3.15,10.79,8.93,0.0,59,59.0,0.0,0.0,many,SR,2
0,772,5100,0,0,25.1989,13.0715,11.051,0.0,0.0,1146,951.0,0.0,0.0,2.35,10.76,0.0,0.0,74,0.0,0.0,0.0,one,SR,1
0,778,6474,1076,0,58.1059,23.2146,16.4265,16.4265,0.0,1634,1226.0,1226.0,0.0,-1.19,10.19,10.19,0.0,103,0.0,0.0,0.0,many,SR,2
0,4875,4040,0,0,25.2448,14.0723,10.1569,0.0,0.0,1336,865.0,0.0,0.0,4.89,10.16,0.0,0.0,34,0.0,0.0,0.0,one,SR,1
0,4893,3963,0,0,26.9809,13.1953,12.6039,0.0,0.0,1202,1100.0,0.0,0.0,1.99,11.82,0.0,0.0,130,0.0,0.0,0.0,one,SR,1
0,801,9638,3578,0,84.184,32.7071,24.0671,24.4974,0.0,2159,2061.0,1937.0,0.0,-3.54,14.58,14.54,0.0,133,118.0,0.0,0.0,many,SR,2
0,818,8945,1565,0,47.3817,18.5053,13.0036,14.0829,0.0,1221,936.0,1221.0,0.0,-3.29,8.55,9.35,0.0,143,0.0,143.0,0.0,many,SR,2
0,4936,9918,0,0,56.6692,30.7442,23.8717,0.0,0.0,3368,2244.0,0.0,0.0,16.88,20.53,0.0,0.0,94,0.0,0.0,0.0,one,SR,1
0,842,9371,6620,0,53.4536,20.5716,18.9811,11.9377,0.0,1682,1541.0,845.0,0.0,-0.01,11.6,8.03,0.0,218,71.0,0.0,0.0,many,SR,2
35,851,9923,0,0,44.8048,20.7584,22.6519,0.0,0.0,2127,3047.0,0.0,0.0,9.78,17.95,0.0,0.0,35,824.0,0.0,0.0,one,TR,1
0,861,6259,1948,0,41.6999,15.4261,11.3966,13.1819,0.0,1618,802.0,1318.0,0.0,1.73,7.78,9.18,0.0,349,2.0,271.0,0.0,many,SR,2
0,862,1363,0,0,28.0702,15.2246,11.724,0.0,0.0,1776,1015.0,0.0,0.0,8.55,11.22,0.0,0.0,121,0.0,0.0,0.0,one,SR,1
0,4957,2752,2751,0,79.0106,33.2573,21.5867,21.5867,0.0,2640,1676.0,1676.0,0.0,4.5,12.9,12.9,0.0,51,0.0,0.0,0.0,many,SR,2
120,865,9223,3360,0,73.6385,15.116,20.8695,36.4942,0.0,1182,2369.0,3393.0,0.0,1.98,9.62,11.97,0.0,13,744.0,740.0,0.0,many,TR,2
0,4958,8774,0,0,29.7341,13.8112,14.6048,0.0,0.0,1538,1293.0,0.0,0.0,4.29,13.18,0.0,0.0,237,0.0,0.0,0.0,one,SR,1
0,869,2116,2115,0,46.3346,21.9943,11.3931,11.3931,0.0,2201,799.0,799.0,0.0,9.12,7.77,7.77,0.0,62,0.0,0.0,0.0,many,SR,2
0,4969,9196,8565,0,58.7113,27.1335,14.8614,14.8302,0.0,3394,1093.0,1091.0,0.0,18.66,9.44,9.43,0.0,212,0.0,0.0,0.0,many,SR,2
0,918,7299,7261,0,42.8332,16.3438,11.1709,13.6374,0.0,1444,780.0,1190.0,0.0,0.03,7.66,9.15,0.0,255,0.0,148.0,0.0,many,SR,2
0,926,3623,0,0,32.8085,15.8212,15.602,0.0,0.0,1803,1388.0,0.0,0.0,6.46,13.85,0.0,0.0,221,0.0,0.0,0.0,one,SR,1
0,932,2848,0,0,41.7954,22.1167,18.0957,0.0,0.0,2335,1644.0,0.0,0.0,10.27,15.83,0.0,0.0,99,0.0,0.0,0.0,one,SR,1
0,942,1736,0,0,47.1721,24.4195,20.9376,0.0,0.0,1940,1940.0,0.0,0.0,4.04,18.15,0.0,0.0,0,0.0,0.0,0.0,one,SR,1
0,982,9593,0,0,24.9198,14.0193,9.9027,0.0,0.0,1326,840.0,0.0,0.0,4.94,9.98,0.0,0.0,26,0.0,0.0,0.0,one,SR,1
277,993,9940,9937,0,55.002,16.7497,21.8046,15.1676,0.0,1634,2036.0,1531.0,0.0,5.64,9.47,9.34,0.0,84,439.0,344.0,0.0,many,RT,2
0,1017,48,47,0,51.3916,20.1428,14.6886,14.6886,0.0,1455,1079.0,1079.0,0.0,-1.57,9.36,9.36,0.0,147,0.0,0.0,0.0,many,SR,2
0,1068,9195,8474,0,90.9904,33.62,26.5902,27.5383,0.0,2497,2375.0,2210.0,0.0,-2.96,16.16,16.26,0.0,317,182.0,0.0,0.0,many,SR,2
0,1074,6289,0,0,25.3462,14.2644,10.0718,0.0,0.0,1337,857.0,0.0,0.0,4.95,10.1,0.0,0.0,21,0.0,0.0,0.0,one,SR,1
0,1082,9430,4312,2098,113.5462,45.0707,20.3407,13.131,31.0773,2610,1602.0,946.0,2610.0,-7.93,12.26,8.6,18.4,61,27.0,0.0,61.0,many,SR,3
0,1089,9792,9791,0,82.0214,29.7169,24.6873,24.6873,0.0,3174,1954.0,1954.0,0.0,6.96,14.65,14.65,0.0,525,0.0,0.0,0.0,many,SR,2
0,1092,3926,0,0,28.4778,14.9697,12.344,0.0,0.0,1077,1075.0,0.0,0.0,0.83,11.64,0.0,0.0,0,0.0,0.0,0.0,one,SR,1
11,1103,7044,5883,5882,79.7423,14.9465,21.5325,20.9577,20.9577,1194,2322.0,1370.0,1370.0,0.41,8.67,7.4,7.4,115,719.0,36.0,36.0,many,RT,3
48,1118,8883,0,0,81.8713,25.1526,54.7963,0.0,0.0,2394,4470.0,0.0,0.0,7.84,24.22,0.0,0.0,113,197.0,0.0,0.0,one,RT,1
0,1119,8022,3704,0,56.0412,23.0083,13.7487,17.3311,0.0,1303,999.0,1303.0,0.0,-3.9,8.9,10.63,0.0,0,0.0,0.0,0.0,many,SR,2
0,1142,3874,0,0,53.3197,25.8094,25.337,0.0,0.0,3139,2397.0,0.0,0.0,13.4,21.73,0.0,0.0,363,0.0,0.0,0.0,one,SR,1
0,1190,6684,0,0,68.7354,34.3654,31.6809,0.0,0.0,3379,3055.0,0.0,0.0,11.28,26.89,0.0,0.0,208,0.0,0.0,0.0,one,SR,1
0,1214,6251,0,0,21.7883,11.8518,9.0001,0.0,0.0,1092,753.0,0.0,0.0,3.04,9.36,0.0,0.0,60,0.0,0.0,0.0,one,SR,1
31,1230,6241,3110,0,73.0549,20.2043,24.1581,27.0159,0.0,1824,2476.0,2194.0,0.0,4.06,12.38,11.39,0.0,132,551.0,237.0,0.0,many,RT,2
247,1254,9755,3879,0,61.4705,15.5839,15.2359,29.3234,0.0,1433,1277.0,3165.0,0.0,3.1,8.69,10.59,0.0,124,166.0,951.0,0.0,many,RT,2
0,1279,6406,0,0,22.3794,12.369,9.0691,0.0,0.0,1042,760.0,0.0,0.0,2.47,9.41,0.0,0.0,24,0.0,0.0,0.0,one,SR,1
0,1286,4542,0,0,24.9929,13.3928,10.5577,0.0,0.0,1093,903.0,0.0,0.0,2.09,10.42,0.0,0.0,29,0.0,0.0,0.0,one,SR,1
0,1353,9661,0,0,29.7773,15.6865,12.8893,0.0,0.0,1698,1128.0,0.0,0.0,7.02,12.01,0.0,0.0,117,0.0,0.0,0.0,one,SR,1
0,1361,8099,898,0,48.131,20.3478,13.0934,12.977,0.0,2142,946.0,937.0,0.0,7.08,8.59,8.54,0.0,212,2.0,3.0,0.0,many,SR,2
0,1384,7956,6219,0,61.8073,23.6398,18.6051,17.3716,0.0,1546,1411.0,1321.0,0.0,-3.48,11.24,10.67,0.0,134,0.0,11.0,0.0,many,SR,2
0,1397,2165,0,0,25.4241,12.8801,11.4414,0.0,0.0,1192,988.0,0.0,0.0,2.59,11.03,0.0,0.0,107,0.0,0.0,0.0,one,SR,1
0,1409,9448,0,0,29.8556,13.9473,14.5916,0.0,0.0,1443,1291.0,0.0,0.0,3.3,13.17,0.0,0.0,208,0.0,0.0,0.0,one,SR,1
0,1466,5923,2886,2717,76.9771,27.9733,14.1448,19.5,12.3361,2060,1141.0,2060.0,908.0,-5.58,9.26,12.7,8.27,415,80.0,415.0,21.0,many,SR,3
0,1500,7802,3208,0,51.7169,19.4999,14.5163,15.7503,0.0,1312,1309.0,1169.0,0.0,-3.78,9.64,9.87,0.0,187,181.0,0.0,0.0,many,SR,2
0,1510,9003,9002,0,39.7164,16.9985,10.6188,10.6188,0.0,1203,734.0,734.0,0.0,-0.69,7.4,7.4,0.0,71,0.0,0.0,0.0,many,SR,2
0,1521,872,869,0,103.0681,40.9403,29.3362,29.3362,0.0,2988,2371.0,2371.0,0.0,0.27,17.28,17.28,0.0,139,0.0,0.0,0.0,many,SR,2
0,1555,9844,1757,0,71.4041,27.5359,24.3415,17.0013,0.0,2111,1991.0,1418.0,0.0,-0.56,14.57,10.68,0.0,212,49.0,106.0,0.0,many,SR,2
0,1591,3119,912,0,43.562,17.4479,13.5047,10.951,0.0,1138,1138.0,762.0,0.0,-2.98,9.02,7.56,0.0,118,118.0,0.0,0.0,many,SR,2
0,1605,6479,5620,0,43.4865,17.5674,12.1462,12.1462,0.0,1140,863.0,863.0,0.0,-2.67,8.13,8.13,0.0,97,0.0,0.0,0.0,many,SR,2
0,1625,9506,0,0,38.0708,18.6998,17.8109,0.0,0.0,2297,1615.0,0.0,0.0,10.08,15.6,0.0,0.0,261,0.0,0.0,0.0,one,SR,1
0,1687,9540,6030,0,65.6035,26.5674,19.9992,16.7998,0.0,1538,1534.0,1257.0,0.0,-3.99,12.0,10.37,0.0,-1,0.0,0.0,0.0,many,SR,2
0,1711,5529,4540,0,49.2199,20.3935,14.8477,12.2189,0.0,1092,1092.0,869.0,0.0,-4.37,9.43,8.17,0.0,0,0.0,0.0,0.0,many,SR,2
0,1739,3454,3453,0,55.3531,22.3943,15.5045,15.5045,0.0,1649,1148.0,1148.0,0.0,-0.23,9.75,9.75,0.0,108,0.0,0.0,0.0,many,SR,2
0,1760,9137,9136,0,88.1299,32.7932,26.1221,26.1221,0.0,3168,2083.0,2083.0,0.0,5.43,15.46,15.46,0.0,438,0.0,0.0,0.0,many,SR,2
0,1770,6160,0,0,40.1468,20.9556,17.6452,0.0,0.0,1702,1597.0,0.0,0.0,3.96,15.46,0.0,0.0,3,0.0,0.0,0.0,one,SR,1
0,1775,9056,0,0,65.0864,35.2678,27.4721,0.0,0.0,3701,2618.0,0.0,0.0,17.74,23.47,0.0,0.0,68,0.0,0.0,0.0,one,SR,1
0,1797,6927,1815,0,86.9324,32.7234,26.6661,24.4863,0.0,2562,2285.0,1936.0,0.0,-0.61,16.03,14.54,0.0,290,112.0,0.0,0.0,many,SR,2
203,1834,8341,8340,7391,142.3957,32.1289,36.7565,36.7565,33.7175,1706,2593.0,2593.0,2819.0,-9.42,14.06,14.06,14.24,123,-15.0,-15.0,300.0,many,TR,3
0,1860,884,0,0,23.9412,12.874,10.0586,0.0,0.0,1200,855.0,0.0,0.0,3.52,10.08,0.0,0.0,64,0.0,0.0,0.0,one,SR,1
0,1869,5850,0,0,25.389,13.1134,11.19,0.0,0.0,1076,964.0,0.0,0.0,1.53,10.86,0.0,0.0,61,0.0,0.0,0.0,one,SR,1
0,1874,3465,3464,0,81.4188,35.3581,21.7317,21.7317,0.0,3299,1690.0,1690.0,0.0,11.26,12.99,12.99,0.0,94,0.0,0.0,0.0,many,SR,2
0,1877,874,0,0,40.9945,17.8179,21.3303,0.0,0.0,2253,1980.0,0.0,0.0,7.04,18.46,0.0,0.0,435,0.0,0.0,0.0,one,SR,1
0,1888,2666,1370,0,44.9038,17.1598,12.9583,13.0734,0.0,2095,932.0,956.0,0.0,6.59,8.52,8.6,0.0,371,0.0,11.0,0.0,many,SR,2
0,1895,9375,2709,0,62.4527,24.2877,14.9892,20.9492,0.0,1814,1104.0,1749.0,0.0,-0.99,9.5,12.77,0.0,176,0.0,94.0,0.0,many,SR,2
197,1916,8695,0,0,23.479,11.2576,11.3826,0.0,0.0,1101,1650.0,0.0,0.0,4.01,11.39,0.0,0.0,47,520.0,0.0,0.0,one,TR,1
0,1917,7671,3769,2959,84.1881,29.4102,17.215,17.1795,17.2108,1641,1293.0,1313.0,1292.0,-11.32,10.57,10.59,10.57,318,0.0,17.0,0.0,many,SR,3
9,1929,6872,2189,0,61.821,17.5188,21.5871,21.1821,0.0,1385,2312.0,2186.0,0.0,0.74,10.78,10.55,0.0,109,611.0,539.0,0.0,many,RT,2
1,1950,9989,4698,1038,89.5176,21.6422,18.3173,24.9963,22.517,1179,2187.0,2568.0,2238.0,-6.02,9.8,9.86,10.8,89,707.0,703.0,508.0,many,TR,3
0,1955,7788,7787,3820,103.3131,38.3051,19.2063,19.2063,22.8737,2070,1463.0,1463.0,2070.0,-11.76,11.56,11.56,14.1,203,0.0,0.0,203.0,many,SR,3
0,1968,6234,3443,0,48.897,19.8117,14.2557,13.0527,0.0,1287,1077.0,940.0,0.0,-2.48,9.2,8.57,0.0,82,26.0,0.0,0.0,many,SR,2
0,1973,9552,8213,0,48.5389,18.0611,14.4825,14.1578,0.0,1395,1071.0,1034.0,0.0,-1.89,9.27,9.1,0.0,228,7.0,0.0,0.0,many,SR,2
0,1988,8937,0,0,28.3131,12.886,14.1407,0.0,0.0,1521,1248.0,0.0,0.0,4.39,12.86,0.0,0.0,267,0.0,0.0,0.0,one,SR,1
0,1989,4512,1911,0,51.2176,23.4611,15.0032,11.0392,0.0,2199,1127.0,769.0,0.0,7.66,9.54,7.6,0.0,60,16.0,0.0,0.0,many,SR,2
0,1995,7596,0,0,32.7439,16.7781,14.6455,0.0,0.0,1540,1296.0,0.0,0.0,4.29,13.2,0.0,0.0,81,0.0,0.0,0.0,one,SR,1
0,2026,4146,0,0,28.2601,14.8041,12.2948,0.0,0.0,1382,1071.0,0.0,0.0,4.06,11.61,0.0,0.0,75,0.0,0.0,0.0,one,SR,1
0,2027,8851,0,0,27.8796,15.4191,11.3629,0.0,0.0,1351,981.0,0.0,0.0,4.31,10.98,0.0,0.0,5,0.0,0.0,0.0,one,SR,1
0,2042,4783,4782,3288,85.2255,32.3227,16.9433,16.9433,15.9113,1645,1349.0,1349.0,1182.0,-10.67,10.55,10.55,9.94,132,59.0,59.0,0.0,many,SR,3
0,2048,3741,0,0,23.1782,11.4671,10.6617,0.0,0.0,1184,913.0,0.0,0.0,2.99,10.49,0.0,0.0,155,0.0,0.0,0.0,one,SR,1
0,2097,1894,0,0,35.847,18.1133,16.2975,0.0,0.0,1776,1457.0,0.0,0.0,5.72,14.36,0.0,0.0,118,0.0,0.0,0.0,one,SR,1
0,2118,9124,2001,4,74.1454,29.5422,16.3217,12.7889,12.7889,2615,1230.0,917.0,917.0,3.12,10.16,8.44,8.44,302,10.0,0.0,0.0,many,SR,3
0,2135,4652,4651,4185,118.5832,43.9425,23.2002,23.2002,24.0153,2101,1821.0,1821.0,2101.0,-15.96,13.81,13.81,14.63,151,0.0,0.0,151.0,many,SR,3
0,2141,4390,1165,0,46.7132,17.0285,14.0021,13.8813,0.0,1568,1020.0,1026.0,0.0,0.25,9.02,8.99,0.0,304,0.0,12.0,0.0,many,SR,2
0,2201,7018,0,0,42.7991,21.3526,19.7304,0.0,0.0,1942,1814.0,0.0,0.0,4.95,17.16,0.0,0.0,116,0.0,0.0,0.0,one,SR,1
0,2237,7270,4368,24,92.6551,34.4343,18.9444,18.6154,17.2843,1603,1507.0,1603.0,1353.0,-13.56,11.53,11.56,10.68,140,49.0,140.0,40.0,many,SR,3
0,2248,5925,5000,0,53.5979,22.5307,12.9564,16.2477,0.0,1405,932.0,1211.0,0.0,-2.02,8.52,10.11,0.0,5,0.0,0.0,0.0,many,SR,2
0,2253,7741,6313,0,103.1104,41.2539,18.1139,40.2923,0.0,3482,1377.0,3370.0,0.0,5.51,11.01,23.49,0.0,229,6.0,13.0,0.0,many,SR,2
0,2277,7078,6920,0,55.3641,19.5238,15.4668,18.2916,0.0,1561,1144.0,1388.0,0.0,-2.35,9.73,11.09,0.0,304,0.0,3.0,0.0,many,SR,2
0,2309,2252,0,0,68.6359,35.2019,30.8146,0.0,0.0,3349,2966.0,0.0,0.0,11.59,26.19,0.0,0.0,124,0.0,0.0,0.0,one,SR,1
0,2342,6400,2192,0,61.363,22.5545,19.8632,16.7134,0.0,1799,1557.0,1250.0,0.0,-1.2,11.99,10.33,0.0,267,25.0,0.0,0.0,many,SR,2
0,2349,6697,0,0,65.0318,35.8464,26.8868,0.0,0.0,3632,2557.0,0.0,0.0,17.45,22.99,0.0,0.0,-1,0.0,0.0,0.0,one,SR,1
0,2355,5546,0,0,22.9767,13.0126,9.0256,0.0,0.0,1140,756.0,0.0,0.0,3.52,9.38,0.0,0.0,10,0.0,0.0,0.0,one,SR,1
0,2372,3751,0,0,69.5495,34.5019,32.3067,0.0,0.0,3445,3121.0,0.0,0.0,11.5,27.41,0.0,0.0,240,0.0,0.0,0.0,one,SR,1
0,2445,6983,4779,538,95.7127,36.6312,14.7278,26.1423,14.7278,2442,1082.0,2442.0,1082.0,-5.71,9.37,16.09,9.37,260,0.0,260.0,0.0,many,SR,3
0,2464,5126,0,0,24.1799,11.6007,11.4745,0.0,0.0,1460,991.0,0.0,0.0,5.39,11.05,0.0,0.0,235,0.0,0.0,0.0,one,SR,1
0,2495,1968,1209,0,62.008,25.6812,13.0135,21.1852,0.0,1673,937.0,1673.0,0.0,-1.59,8.55,12.73,0.0,24,0.0,24.0,0.0,many,SR,2
92,2515,6227,3934,0,70.3832,18.6937,28.471,21.7709,0.0,1531,2536.0,2218.0,0.0,3.05,11.31,10.16,0.0,38,449.0,555.0,0.0,many,TR,2
0,2546,4147,0,0,24.938,13.7008,10.2174,0.0,0.0,1551,871.0,0.0,0.0,7.11,10.2,0.0,0.0,103,0.0,0.0,0.0,one,SR,1
0,2551,9436,9435,9270,75.278,28.3307,14.8279,14.8279,14.482,2325,1090.0,1090.0,1061.0,-0.87,9.42,9.42,9.26,353,0.0,0.0,0.0,many,SR,3
42,2587,6253,2809,0,65.0599,12.3114,20.3915,31.1737,0.0,1660,2436.0,2621.0,0.0,6.78,9.91,9.92,0.0,279,807.0,457.0,0.0,many,TR,2
0,2593,9071,5175,0,44.7448,17.4548,12.6632,12.9309,0.0,1144,951.0,930.0,0.0,-3.25,8.45,8.51,0.0,137,33.0,0.0,0.0,many,SR,2
0,2626,2664,0,0,25.1385,13.7198,10.3875,0.0,0.0,1246,887.0,0.0,0.0,3.8,10.31,0.0,0.0,40,0.0,0.0,0.0,one,SR,1
0,2628,5135,3757,0,80.9243,31.2669,23.2558,23.5837,0.0,2005,2005.0,1855.0,0.0,-4.31,14.15,14.03,0.0,130,130.0,0.0,0.0,many,SR,2
0,2629,9175,5752,0,58.6724,25.5608,16.7561,14.3983,0.0,1932,1256.0,1059.0,0.0,2.67,10.35,9.22,0.0,6,2.0,4.0,0.0,many,SR,2
0,2645,9073,4593,0,49.6117,20.1904,13.9826,13.6482,0.0,1532,1042.0,990.0,0.0,-0.03,9.05,8.85,0.0,123,17.0,0.0,0.0,many,SR,2
0,2658,7243,738,0,62.6896,25.3123,19.4454,15.7617,0.0,1706,1568.0,1169.0,0.0,-1.62,11.83,9.87,0.0,71,61.0,0.0,0.0,many,SR,2
0,2664,8042,0,0,53.278,26.3072,24.8383,0.0,0.0,2728,2345.0,0.0,0.0,9.45,21.32,0.0,0.0,226,0.0,0.0,0.0,one,SR,1
0,2668,6854,1525,0,52.331,20.5629,14.9363,14.9363,0.0,1252,1100.0,1100.0,0.0,-3.91,9.48,9.48,0.0,91,0.0,0.0,0.0,many,SR,2
0,2729,8795,8794,0,66.2485,26.7407,18.6287,18.6287,0.0,2469,1413.0,1413.0,0.0,5.67,11.25,11.25,0.0,202,0.0,0.0,0.0,many,SR,2
0,2778,7611,5451,3895,134.2899,47.8668,27.2183,27.1131,27.1776,2738,2181.0,2738.0,2188.0,-15.48,16.08,16.99,16.07,413,0.0,413.0,8.0,many,SR,3
0,2781,3283,1667,0,71.5242,25.0076,21.8927,21.9546,0.0,2554,2000.0,1711.0,0.0,2.79,13.58,13.11,0.0,513,216.0,1.0,0.0,many,SR,2
38,2821,6148,934,0,111.4349,16.0149,66.6437,27.4383,0.0,1170,3011.0,2795.0,0.0,0.24,11.53,12.85,0.0,48,-942.0,635.0,0.0,many,RT,2
0,2888,6653,0,0,35.3638,18.1953,15.7711,0.0,0.0,1624,1405.0,0.0,0.0,4.48,13.97,0.0,0.0,61,0.0,0.0,0.0,one,SR,1
0,2947,8580,0,0,29.5202,14.8425,13.4395,0.0,0.0,1360,1180.0,0.0,0.0,3.14,12.38,0.0,0.0,105,0.0,0.0,0.0,one,SR,1
0,2956,2648,0,0,35.0711,17.1349,16.4843,0.0,0.0,2339,1477.0,0.0,0.0,11.49,14.52,0.0,0.0,302,0.0,0.0,0.0,one,SR,1
0,2970,8663,5975,0,44.9511,16.532,13.1459,13.4719,0.0,1517,976.0,1371.0,0.0,-0.28,8.65,9.36,0.0,319,21.0,292.0,0.0,many,SR,2
0,2974,9389,0,0,21.6127,12.0354,8.6636,0.0,0.0,1139,721.0,0.0,0.0,3.74,9.14,0.0,0.0,50,0.0,0.0,0.0,one,SR,1
136,2988,5571,3875,2672,146.1559,32.4255,20.8007,42.5352,48.0469,3049,1810.0,2881.0,3097.0,10.89,9.17,15.16,11.15,75,317.0,-100.0,5.0,many,RT,3
0,2999,9713,4257,0,38.8842,15.1953,11.3253,10.813,0.0,1328,811.0,920.0,0.0,-0.01,7.76,7.74,0.0,228,13.0,126.0,0.0,many,SR,2
1,3042,8471,4348,4347,103.7272,24.4288,25.4692,25.6092,25.6092,1525,2329.0,2340.0,2340.0,-7.48,11.66,11.72,11.72,288,405.0,404.0,404.0,many,RT,3
0,3095,4222,0,0,50.3966,26.3956,22.0927,0.0,0.0,2478,2059.0,0.0,0.0,8.84,19.08,0.0,0.0,59,0.0,0.0,0.0,one,SR,1
0,3111,8201,0,0,61.8,32.7613,26.7502,0.0,0.0,3795,2544.0,0.0,0.0,19.25,22.88,0.0,0.0,194,0.0,0.0,0.0,one,SR,1
0,3131,7748,3857,3783,100.1956,36.8431,19.9397,19.8995,19.917,1829,1534.0,1557.0,1539.0,-13.16,11.98,12.0,11.98,167,4.0,23.0,9.0,many,SR,3
0,3164,3915,3914,1947,71.1902,27.8179,13.5755,13.5755,13.5755,1163,984.0,984.0,984.0,-11.6,8.82,8.82,8.82,45,0.0,0.0,0.0,many,SR,3
0,3179,5484,3084,0,67.5018,24.2156,20.1348,20.6459,0.0,2120,1547.0,1940.0,0.0,-0.29,12.09,12.97,0.0,381,0.0,253.0,0.0,many,SR,2
0,3191,6350,633,0,53.5419,20.6137,15.9715,14.9774,0.0,1408,1408.0,1103.0,0.0,-3.03,10.3,9.49,0.0,163,163.0,0.0,0.0,many,SR,2
0,3263,6460,0,0,46.6878,25.2451,19.7266,0.0,0.0,2445,1814.0,0.0,0.0,10.23,17.16,0.0,0.0,21,0.0,0.0,0.0,one,SR,1
0,3275,7389,0,0,22.9609,13.0543,8.9717,0.0,0.0,1175,751.0,0.0,0.0,3.92,9.35,0.0,0.0,14,0.0,0.0,0.0,one,SR,1
0,3286,7456,0,0,25.1901,11.7893,12.2439,0.0,0.0,1338,1065.0,0.0,0.0,3.64,11.57,0.0,0.0,223,0.0,0.0,0.0,one,SR,1
0,3298,7048,0,0,24.2288,13.0138,10.1966,0.0,0.0,1208,869.0,0.0,0.0,3.52,10.18,0.0,0.0,63,0.0,0.0,0.0,one,SR,1
0,3320,4711,0,0,24.9786,13.8153,10.1484,0.0,0.0,1150,864.0,0.0,0.0,2.94,10.15,0.0,0.0,6,0.0,0.0,0.0,one,SR,1
161,3328,6464,0,0,53.3366,19.1709,32.791,0.0,0.0,1762,3563.0,0.0,0.0,6.13,17.75,0.0,0.0,29,781.0,0.0,0.0,one,TR,1
0,3335,9243,0,0,62.0898,30.083,29.4956,0.0,0.0,3399,2828.0,0.0,0.0,13.09,25.11,0.0,0.0,355,0.0,0.0,0.0,one,SR,1
0,3336,1838,777,0,52.1312,19.5465,15.3044,15.3469,0.0,1943,1139.0,1134.0,0.0,3.0,9.66,9.67,0.0,316,6.0,0.0,0.0,many,SR,2
0,3341,5269,239,0,46.1699,17.3247,12.168,14.9088,0.0,1457,899.0,1117.0,0.0,-0.62,8.2,9.49,0.0,248,25.0,15.0,0.0,many,SR,2
0,3361,3544,2172,0,43.6017,16.2768,14.5288,11.0628,0.0,1391,1363.0,771.0,0.0,-0.99,9.72,7.61,0.0,272,220.0,0.0,0.0,many,SR,2
0,3367,5677,3949,0,43.0085,16.8742,13.7345,10.7323,0.0,1221,1045.0,915.0,0.0,-2.19,8.97,7.71,0.0,171,35.0,127.0,0.0,many,SR,2
0,3406,3822,1707,0,76.1091,30.2241,21.1066,22.1899,0.0,1919,1633.0,1741.0,0.0,-3.15,12.63,13.26,0.0,57,0.0,8.0,0.0,many,SR,2
0,3417,9395,6746,0,55.5289,23.6903,14.8241,15.1146,0.0,1870,1090.0,1128.0,0.0,2.54,9.42,9.58,0.0,64,0.0,10.0,0.0,many,SR,2
0,3420,9165,0,0,22.5979,12.223,9.4103,0.0,0.0,1071,793.0,0.0,0.0,2.56,9.65,0.0,0.0,49,0.0,0.0,0.0,one,SR,1
0,3429,4763,0,0,33.1991,17.8831,14.0368,0.0,0.0,1609,1238.0,0.0,0.0,5.38,12.79,0.0,0.0,18,0.0,0.0,0.0,one,SR,1
281,3432,5178,2900,0,50.7552,18.8209,16.6685,13.9799,0.0,1833,1634.0,1726.0,0.0,7.67,9.75,9.11,0.0,21,339.0,567.0,0.0,many,RT,2
0,3542,5603,5365,0,58.3588,23.4558,14.3758,18.4855,0.0,1639,1052.0,1421.0,0.0,-1.17,9.2,11.21,0.0,93,0.0,15.0,0.0,many,SR,2
0,3567,7981,6875,0,61.7051,24.5636,10.9647,23.9804,0.0,2275,763.0,1976.0,0.0,4.12,7.57,14.4,0.0,249,0.0,62.0,0.0,many,SR,2
85,3601,3199,913,0,47.3431,9.7598,22.7301,13.9863,0.0,1279,2236.0,1527.0,0.0,5.63,8.42,7.25,0.0,179,606.0,492.0,0.0,many,TR,2
246,3615,7067,3299,0,51.7543,15.9604,12.0445,22.4443,0.0,1124,1476.0,1689.0,0.0,0.06,8.57,9.48,0.0,25,479.0,129.0,0.0,many,TR,2
262,3624,3193,2536,1511,120.7191,21.1996,32.6677,29.6551,35.0681,1742,2616.0,2767.0,2225.0,-0.87,11.1,11.1,11.1,277,330.0,591.0,-97.0,many,TR,3
0,3632,4975,0,0,47.5017,24.9071,20.7913,0.0,0.0,3081,1925.0,0.0,0.0,16.12,18.03,0.0,0.0,221,0.0,0.0,0.0,one,SR,1
0,3639,2042,0,0,81.0406,40.8406,37.0718,0.0,0.0,4048,3615.0,0.0,0.0,14.35,31.28,0.0,0.0,222,0.0,0.0,0.0,one,SR,1
0,3689,8543,8536,0,52.9489,21.2219,14.1147,15.7049,0.0,1496,1029.0,1266.0,0.0,-1.46,9.08,9.99,0.0,116,-1.0,75.0,0.0,many,SR,2
0,3765,3366,463,0,78.6499,28.5345,25.7841,21.5084,0.0,2219,2056.0,1727.0,0.0,-2.11,15.27,12.96,0.0,325,3.0,42.0,0.0,many,SR,2
0,3792,9103,0,0,30.7631,14.7253,14.7126,0.0,0.0,1457,1303.0,0.0,0.0,3.37,13.25,0.0,0.0,174,0.0,0.0,0.0,one,SR,1
0,3812,1358,0,0,31.3307,16.3772,13.6975,0.0,0.0,1249,1205.0,0.0,0.0,1.81,12.56,0.0,0.0,7,0.0,0.0,0.0,one,SR,1
43,3842,6630,0,0,49.6584,17.8769,30.4386,0.0,0.0,2292,3401.0,0.0,0.0,11.98,17.43,0.0,0.0,200,774.0,0.0,0.0,one,RT,1
0,3848,5312,0,0,33.9635,16.5432,16.0074,0.0,0.0,1673,1427.0,0.0,0.0,4.85,14.13,0.0,0.0,167,0.0,0.0,0.0,one,SR,1
0,3872,5044,5043,0,79.3879,34.1727,21.3316,21.3316,0.0,3279,1654.0,1654.0,0.0,11.46,12.76,12.76,0.0,131,0.0,0.0,0.0,many,SR,2
0,3890,5155,5154,0,44.0301,18.4191,11.999,11.999,0.0,1613,851.0,851.0,0.0,2.42,8.07,8.07,0.0,150,0.0,0.0,0.0,many,SR,2
0,3902,6120,2385,0,60.666,23.7632,17.4056,17.3664,0.0,1461,1309.0,1306.0,0.0,-3.84,10.66,10.65,0.0,80,0.0,0.0,0.0,many,SR,2
0,3960,6727,5097,0,45.0167,17.5606,12.8875,12.8705,0.0,1297,926.0,931.0,0.0,-1.66,8.49,8.49,0.0,166,0.0,5.0,0.0,many,SR,2
0,3961,4219,0,0,28.815,15.0718,12.5642,0.0,0.0,1373,1096.0,0.0,0.0,3.81,11.79,0.0,0.0,67,0.0,0.0,0.0,one,SR,1
195,3966,1007,0,0,74.5263,25.2542,47.625,0.0,0.0,2922,3147.0,0.0,0.0,15.86,20.47,0.0,0.0,93,-366.0,0.0,0.0,one,TR,1
0,3970,1270,0,0,34.8461,17.1331,16.2782,0.0,0.0,1668,1455.0,0.0,0.0,4.6,14.35,0.0,0.0,145,0.0,0.0,0.0,one,SR,1
0,3983,5170,0,0,26.5152,14.299,11.1342,0.0,0.0,1379,959.0,0.0,0.0,4.74,10.82,0.0,0.0,63,0.0,0.0,0.0,one,SR,1
0,4021,3890,0,0,25.019,12.14,11.7552,0.0,0.0,1422,1018.0,0.0,0.0,4.82,11.24,0.0,0.0,207,0.0,0.0,0.0,one,SR,1
0,4054,9947,0,0,81.5128,43.8483,34.7268,0.0,0.0,4454,3372.0,0.0,0.0,20.33,29.38,0.0,0.0,61,0.0,0.0,0.0,one,SR,1
0,4069,1835,1834,0,53.5456,24.528,13.6246,13.6246,0.0,2133,988.0,988.0,0.0,6.48,8.84,8.84,0.0,15,0.0,0.0,0.0,many,SR,2
92,3028,5844,1218,546,138.0759,31.5361,27.8729,27.879,48.1977,2132,2679.0,2678.0,3135.0,-0.93,12.85,12.85,11.2,35,521.0,520.0,26.0,many,RT,3
265,2707,9417,4048,65,107.3601,28.1972,28.4848,24.0254,24.4605,2247,2649.0,2274.0,2428.0,3.86,11.72,9.59,9.61,48,521.0,523.0,626.0,many,RT,3
262,2853,9743,9662,4275,105.7501,26.5854,28.2999,28.6658,20.0414,2107,2177.0,2835.0,1973.0,2.71,11.19,11.19,10.19,86,173.0,687.0,436.0,many,TR,3
263,4559,8739,951,0,101.8103,25.9153,39.8049,34.0081,0.0,3750,2345.0,3317.0,0.0,20.64,14.39,14.43,0.0,449,-371.0,680.0,0.0,many,RT,2
79,4412,9554,9510,6506,94.2025,18.8739,26.4814,17.769,29.63,1965,2368.0,1938.0,2040.0,7.6,9.6,7.78,9.11,125,485.0,624.0,97.0,many,RT,3
0,4408,3494,0,0,92.4224,37.5425,51.0043,0.0,0.0,5677,4841.0,0.0,0.0,24.73,38.76,0.0,0.0,1115,0.0,0.0,0.0,one,SR,1
170,4512,6136,1852,0,90.3705,23.3232,28.1508,37.0437,0.0,2032,3352.0,3055.0,0.0,4.66,12.86,13.66,0.0,97,1051.0,363.0,0.0,many,RT,2
0,2039,7269,7268,0,85.3242,34.4748,23.9987,23.9987,0.0,3871,1892.0,1892.0,0.0,14.98,14.26,14.26,0.0,389,0.0,0.0,0.0,many,SR,2
0,3276,2291,0,0,76.1663,40.4505,32.9247,0.0,0.0,4475,3185.0,0.0,0.0,21.87,27.91,0.0,0.0,176,0.0,0.0,0.0,one,SR,1
0,4194,2400,0,0,75.67,33.5498,38.847,0.0,0.0,4619,3800.0,0.0,0.0,19.04,32.73,0.0,0.0,805,0.0,0.0,0.0,one,SR,1
262,4352,5992,5582,0,73.1462,15.7126,27.5848,28.4925,0.0,1916,2727.0,2514.0,0.0,7.91,10.5,12.06,0.0,238,682.0,396.0,0.0,many,RT,2
0,4192,8397,5741,0,73.0605,28.3863,16.4912,25.6419,0.0,3478,1231.0,2040.0,0.0,13.65,10.22,15.19,0.0,477,0.0,0.0,0.0,many,SR,2
0,1920,2159,1427,0,72.1419,25.5948,25.7628,18.1233,0.0,2822,2252.0,1370.0,0.0,5.68,15.6,11.01,0.0,537,147.0,0.0,0.0,many,SR,2
0,3473,1396,513,0,69.552,28.4554,19.5464,19.2143,0.0,2624,1518.0,1468.0,0.0,6.53,11.79,11.57,0.0,186,18.0,3.0,0.0,many,SR,2
0,720,7989,0,0,68.4749,29.4031,36.0283,0.0,0.0,4581,3507.0,0.0,0.0,20.71,30.43,0.0,0.0,907,0.0,0.0,0.0,one,SR,1
0,2341,5789,1895,0,67.6241,25.348,21.1392,18.7224,0.0,2268,1748.0,1425.0,0.0,2.08,12.84,11.3,0.0,310,81.0,3.0,0.0,many,SR,2
0,4651,7628,575,0,67.0681,25.3372,18.7189,20.6434,0.0,2045,1420.0,1608.0,0.0,0.15,11.29,12.39,0.0,239,0.0,12.0,0.0,many,SR,2
31,3613,8173,4017,2787,101.9063,20.6122,27.0226,38.1076,14.7666,2474,2423.0,1998.0,1681.0,13.4,8.61,9.68,7.69,121,550.0,-355.0,560.0,many,RT,3
0,4106,358,357,0,65.7617,27.0415,18.2531,18.2531,0.0,1766,1381.0,1381.0,0.0,-1.38,11.07,11.07,0.0,13,0.0,0.0,0.0,many,SR,2
227,3209,6777,1936,0,64.5409,17.687,21.3163,23.9948,0.0,1634,2755.0,2834.0,0.0,3.27,10.68,10.75,0.0,160,986.0,923.0,0.0,many,RT,2
0,4502,1901,955,0,64.5572,26.88,17.8258,17.685,0.0,2321,1347.0,1333.0,0.0,4.87,10.87,10.8,0.0,122,2.0,0.0,0.0,many,SR,2
0,3668,8773,0,0,63.4406,32.2601,28.7313,0.0,0.0,3555,2749.0,0.0,0.0,15.28,24.49,0.0,0.0,244,0.0,0.0,0.0,one,SR,1
0,2456,8236,1379,0,61.9649,21.8786,23.2676,14.4919,0.0,2096,1918.0,1062.0,0.0,1.07,14.01,9.26,0.0,414,66.0,0.0,0.0,many,SR,2
224,554,8193,4589,0,60.4777,17.3444,17.8465,24.0429,0.0,2410,1967.0,1921.0,0.0,14.11,9.24,9.2,0.0,207,577.0,255.0,0.0,many,RT,2
0,2557,6058,689,0,61.3858,23.8145,18.9132,16.4893,0.0,2038,1480.0,1231.0,0.0,1.88,11.47,10.22,0.0,223,31.0,0.0,0.0,many,SR,2
0,3342,9581,5557,0,61.3271,22.4909,19.7718,16.8356,0.0,1671,1526.0,1261.0,0.0,-2.51,11.9,10.39,0.0,241,9.0,0.0,0.0,many,SR,2
92,148,3821,284,0,60.2406,15.7649,20.6993,22.05,0.0,1933,2690.0,2272.0,0.0,4.76,12.07,11.2,0.0,416,898.0,538.0,0.0,many,TR,2
0,4941,8775,1693,0,60.1711,26.1025,13.2924,18.7692,0.0,2322,960.0,1469.0,0.0,6.32,8.68,11.39,0.0,87,0.0,33.0,0.0,many,SR,2
263,2977,5913,3864,0,87.1779,23.6993,30.5798,31.2738,0.0,2413,3081.0,2766.0,0.0,10.71,12.86,11.39,0.0,52,720.0,502.0,0.0,many,RT,2
0,4898,893,0,0,58.7006,27.0289,29.1857,0.0,0.0,4063,2796.0,0.0,0.0,20.29,24.86,0.0,0.0,652,0.0,0.0,0.0,one,SR,1
0,4053,3421,684,0,57.4176,21.2566,17.748,16.3101,0.0,1692,1358.0,1242.0,0.0,-1.16,10.85,10.17,0.0,251,15.0,19.0,0.0,many,SR,2
0,2041,2566,178,0,57.3939,20.4457,18.1998,16.578,0.0,1561,1376.0,1509.0,0.0,-3.14,11.04,10.66,0.0,297,0.0,200.0,0.0,many,SR,2
166,2554,9317,8438,0,79.0073,17.3314,29.7126,30.4727,0.0,1670,3498.0,1959.0,0.0,4.12,13.81,9.1,0.0,162,1053.0,-7.0,0.0,many,TR,2
0,1546,9244,0,0,56.6333,29.0776,25.3793,0.0,0.0,3393,2401.0,0.0,0.0,16.04,21.76,0.0,0.0,247,0.0,0.0,0.0,one,SR,1
0,1940,766,0,0,56.626,28.1588,26.2225,0.0,0.0,3571,2488.0,0.0,0.0,17.29,22.45,0.0,0.0,368,0.0,0.0,0.0,one,SR,1
0,2419,8832,4702,0,55.6571,23.0677,18.2939,12.3548,0.0,1817,1442.0,881.0,0.0,1.61,11.17,8.24,0.0,105,43.0,0.0,0.0,many,SR,2
11,1627,9226,269,0,77.08,21.5418,23.796,30.3282,0.0,2317,2136.0,2914.0,0.0,11.6,10.02,11.12,0.0,45,402.0,677.0,0.0,many,RT,2
0,3220,9654,4827,0,54.8576,20.1319,16.1061,16.5752,0.0,1422,1199.0,1335.0,0.0,-3.47,10.04,10.41,0.0,223,0.0,71.0,0.0,many,SR,2
0,3267,9678,27,0,54.0745,20.8673,14.7529,16.4834,0.0,2047,1085.0,1300.0,0.0,3.76,9.39,10.32,0.0,287,1.0,51.0,0.0,many,SR,2
0,3439,6951,2053,0,53.9087,22.4318,15.9838,13.5859,0.0,2270,1337.0,1018.0,0.0,6.67,10.2,8.88,0.0,223,110.0,24.0,0.0,many,SR,2
11,1332,9398,8975,1684,98.8015,20.9333,25.377,26.2965,24.5428,1690,2438.0,2204.0,2540.0,2.88,10.44,9.04,9.04,52,553.0,387.0,739.0,many,RT,3
0,1128,5314,717,0,52.7795,24.7194,13.082,13.2529,0.0,2675,942.0,960.0,0.0,12.56,8.58,8.67,0.0,104,0.0,2.0,0.0,many,SR,2
0,1207,3604,0,0,52.6103,27.3184,23.2864,0.0,0.0,2575,2183.0,0.0,0.0,8.99,20.05,0.0,0.0,78,0.0,0.0,0.0,one,SR,1
0,2689,7057,0,0,52.4472,28.3563,22.1755,0.0,0.0,2989,2068.0,0.0,0.0,14.15,19.15,0.0,0.0,71,0.0,0.0,0.0,one,SR,1
0,3459,7546,0,0,51.5255,26.4002,23.1324,0.0,0.0,2686,2167.0,0.0,0.0,10.27,19.93,0.0,0.0,145,0.0,0.0,0.0,one,SR,1
0,65,6463,1362,0,51.1176,20.3178,17.4854,11.4167,0.0,2191,1650.0,801.0,0.0,5.93,11.2,7.78,0.0,313,247.0,0.0,0.0,many,SR,2
0,1835,8925,0,0,51.0446,28.026,21.184,0.0,0.0,3161,1965.0,0.0,0.0,16.68,18.35,0.0,0.0,88,0.0,0.0,0.0,one,SR,1
168,1173,8640,3275,0,67.7508,18.7867,29.2177,18.6833,0.0,2247,2292.0,1913.0,0.0,14.03,9.32,8.32,0.0,8,310.0,537.0,0.0,many,TR,2
0,32,3723,3722,0,50.1977,23.6072,12.4666,12.4666,0.0,2949,890.0,890.0,0.0,16.05,8.29,8.29,0.0,191,0.0,0.0,0.0,many,SR,2
0,1787,5936,0,0,50.614,23.0517,25.3852,0.0,0.0,3300,2402.0,0.0,0.0,15.06,21.77,0.0,0.0,547,0.0,0.0,0.0,one,SR,1
0,3760,9201,1920,0,50.2491,20.126,13.0245,15.219,0.0,2632,1020.0,1466.0,0.0,10.72,8.68,10.12,0.0,412,61.0,253.0,0.0,many,SR,2
0,1364,4988,3981,0,50.2274,17.9381,11.999,18.3621,0.0,1600,851.0,1454.0,0.0,-0.55,8.07,11.22,0.0,323,0.0,47.0,0.0,many,SR,2
0,1431,8221,3122,0,50.2335,18.8199,15.337,14.1352,0.0,1822,1133.0,1478.0,0.0,1.66,9.66,9.75,0.0,332,0.0,330.0,0.0,many,SR,2
0,175,5803,1779,0,49.7048,21.2838,15.7479,10.9251,0.0,1629,1216.0,759.0,0.0,1.37,9.94,7.54,0.0,66,35.0,0.0,0.0,many,SR,2
281,1618,6209,2688,0,48.4587,12.7726,18.7532,15.9062,0.0,1334,1927.0,1827.0,0.0,4.77,8.47,8.79,0.0,108,538.0,574.0,0.0,many,RT,2
0,475,7357,6769,0,49.1947,19.6206,14.1509,13.5766,0.0,2193,1060.0,1329.0,0.0,6.41,9.14,9.33,0.0,326,20.0,255.0,0.0,many,SR,2
0,2596,819,0,0,49.3554,23.9026,23.4347,0.0,0.0,3428,2199.0,0.0,0.0,17.83,20.18,0.0,0.0,454,0.0,0.0,0.0,one,SR,1
0,4058,808,0,0,48.778,23.9036,22.8996,0.0,0.0,2519,2144.0,0.0,0.0,8.68,19.75,0.0,0.0,232,0.0,0.0,0.0,one,SR,1
0,2119,6839,2755,0,48.2216,22.6712,11.9457,11.9934,0.0,2262,846.0,860.0,0.0,9.25,8.04,8.08,0.0,67,0.0,7.0,0.0,many,SR,2
0,4689,9859,3370,0,47.7041,19.285,15.7699,10.8569,0.0,1656,1293.0,991.0,0.0,1.26,10.06,7.87,0.0,199,91.0,175.0,0.0,many,SR,2
0,1488,5866,4291,0,47.6844,18.5678,11.7158,15.608,0.0,1500,827.0,1294.0,0.0,-0.38,7.93,10.0,0.0,203,0.0,102.0,0.0,many,SR,2
0,1932,9843,3814,0,47.1201,23.4807,11.0529,11.0647,0.0,2597,770.0,771.0,0.0,13.57,7.61,7.61,0.0,55,0.0,0.0,0.0,many,SR,2
0,1251,1539,349,0,47.3984,17.3061,16.7456,11.5267,0.0,1419,1270.0,810.0,0.0,-1.48,10.37,7.83,0.0,265,13.0,0.0,0.0,many,SR,2
0,2989,7690,1119,0,46.882,19.7798,12.7106,12.7106,0.0,1672,911.0,911.0,0.0,2.43,8.41,8.41,0.0,123,0.0,0.0,0.0,many,SR,2
0,879,3136,0,0,46.9249,24.2887,20.8298,0.0,0.0,2165,1929.0,0.0,0.0,6.48,18.06,0.0,0.0,53,0.0,0.0,0.0,one,SR,1
0,2193,4327,0,0,46.798,24.5745,20.4486,0.0,0.0,2696,1889.0,0.0,0.0,12.33,17.75,0.0,0.0,140,0.0,0.0,0.0,one,SR,1
0,3508,7770,0,0,46.6482,23.729,21.0917,0.0,0.0,2559,1956.0,0.0,0.0,10.42,18.28,0.0,0.0,180,0.0,0.0,0.0,one,SR,1
0,4274,6602,4311,0,46.2878,20.2032,12.225,12.225,0.0,1317,870.0,870.0,0.0,-0.88,8.17,8.17,0.0,0,0.0,0.0,0.0,many,SR,2
0,3141,7852,5575,0,46.2545,18.9506,12.8068,12.8068,0.0,2122,919.0,919.0,0.0,7.07,8.45,8.45,0.0,271,0.0,0.0,0.0,many,SR,2
0,4831,6181,0,0,46.1127,24.4135,19.9634,0.0,0.0,2605,1839.0,0.0,0.0,11.73,17.36,0.0,0.0,110,0.0,0.0,0.0,one,SR,1
0,701,5145,4419,0,46.0634,16.4799,11.4327,16.3557,0.0,2431,803.0,1220.0,0.0,9.37,7.79,10.16,0.0,521,0.0,0.0,0.0,many,SR,2
0,4365,6509,6508,0,45.6129,21.7139,11.1827,11.1827,0.0,2432,781.0,781.0,0.0,11.73,7.67,7.67,0.0,118,0.0,0.0,0.0,many,SR,2
0,4495,8993,8410,0,45.6815,18.4599,11.8848,13.6087,0.0,2065,841.0,1283.0,0.0,6.13,8.01,9.27,0.0,303,0.0,219.0,0.0,many,SR,2
0,4744,8757,0,0,45.7504,21.6255,22.2065,0.0,0.0,2678,2072.0,0.0,0.0,10.85,19.18,0.0,0.0,361,0.0,0.0,0.0,one,SR,1
0,1805,1554,0,0,45.3898,24.0662,19.6168,0.0,0.0,2657,1802.0,0.0,0.0,12.54,17.07,0.0,0.0,126,0.0,0.0,0.0,one,SR,1
0,1122,121,0,0,45.3619,23.8841,19.7593,0.0,0.0,2647,1817.0,0.0,0.0,12.33,17.19,0.0,0.0,139,0.0,0.0,0.0,one,SR,1
88,2131,9602,6640,3375,108.7916,18.9022,22.6296,38.1452,27.1554,2265,1880.0,3648.0,2691.0,6.15,8.6,14.47,8.53,434,315.0,754.0,764.0,many,TR,3
0,3007,5968,3828,0,44.6016,15.975,14.5167,12.316,0.0,1426,1283.0,964.0,0.0,-1.17,9.6,8.34,0.0,325,162.0,64.0,0.0,many,SR,2
0,3343,1972,0,0,43.9983,20.145,21.956,0.0,0.0,2617,2045.0,0.0,0.0,10.4,18.97,0.0,0.0,416,0.0,0.0,0.0,one,SR,1
0,3476,141,0,0,43.8666,21.7452,20.3542,0.0,0.0,2327,1879.0,0.0,0.0,8.53,17.67,0.0,0.0,205,0.0,0.0,0.0,one,SR,1
0,4792,7159,0,0,43.7757,22.7011,19.3858,0.0,0.0,2844,1779.0,0.0,0.0,14.66,16.89,0.0,0.0,231,0.0,0.0,0.0,one,SR,1
0,4601,8152,6268,0,43.7363,17.2885,10.6777,14.1055,0.0,1460,739.0,1125.0,0.0,0.35,7.43,9.22,0.0,201,0.0,71.0,0.0,many,SR,2
0,2849,4849,180,0,43.2584,18.6023,12.3736,10.7092,0.0,1444,897.0,761.0,0.0,1.0,8.26,7.47,0.0,84,11.0,15.0,0.0,many,SR,2
213,857,5342,2936,0,42.5998,9.7724,18.395,13.3547,0.0,1486,2093.0,1438.0,0.0,5.9,9.38,7.4,0.0,325,647.0,442.0,0.0,many,TR,2
0,2656,8264,0,0,43.2225,21.9775,19.5437,0.0,0.0,2041,1795.0,0.0,0.0,6.12,17.01,0.0,0.0,98,0.0,0.0,0.0,one,SR,1
0,4809,2993,1238,0,42.6285,17.661,11.7573,11.6272,0.0,1633,829.0,819.0,0.0,2.9,7.95,7.88,0.0,180,-1.0,0.0,0.0,many,SR,2
0,1070,4824,1652,0,42.5065,17.9434,11.8197,11.1547,0.0,1718,835.0,952.0,0.0,3.74,7.97,7.91,0.0,187,0.0,128.0,0.0,many,SR,2
0,2152,5684,0,0,42.5634,18.2076,22.4201,0.0,0.0,3239,2094.0,0.0,0.0,16.59,19.36,0.0,0.0,675,0.0,0.0,0.0,one,SR,1
0,2732,9708,6829,0,42.0115,17.1136,11.9559,11.3596,0.0,1556,867.0,796.0,0.0,2.1,8.07,7.75,0.0,192,15.0,0.0,0.0,many,SR,2
0,4072,2264,0,0,41.8622,22.4372,17.8609,0.0,0.0,2132,1620.0,0.0,0.0,8.31,15.64,0.0,0.0,28,0.0,0.0,0.0,one,SR,1
11,1044,2088,2031,0,40.7459,10.5164,17.2099,12.1425,0.0,1312,1485.0,1256.0,0.0,5.88,8.37,7.4,0.0,151,257.0,351.0,0.0,many,RT,2
0,4447,264,0,0,41.4066,18.7126,20.8837,0.0,0.0,2352,1934.0,0.0,0.0,8.4,18.1,0.0,0.0,392,0.0,0.0,0.0,one,SR,1
0,4002,209,0,0,40.9785,21.5138,17.8975,0.0,0.0,2188,1624.0,0.0,0.0,8.87,15.67,0.0,0.0,91,0.0,0.0,0.0,one,SR,1
0,4415,7728,4969,0,40.8917,16.1404,10.9516,12.1934,0.0,1433,996.0,867.0,0.0,0.59,7.91,8.16,0.0,228,173.0,0.0,0.0,many,SR,2
0,4339,8940,6265,0,40.7173,17.2705,10.648,11.2764,0.0,1340,736.0,852.0,0.0,0.37,7.41,7.81,0.0,107,0.0,46.0,0.0,many,SR,2
0,1885,705,0,0,40.804,19.507,19.5918,0.0,0.0,2692,1800.0,0.0,0.0,12.92,17.05,0.0,0.0,375,0.0,0.0,0.0,one,SR,1
0,2071,3736,0,0,40.6653,20.9526,18.1266,0.0,0.0,2424,1648.0,0.0,0.0,11.18,15.86,0.0,0.0,182,0.0,0.0,0.0,one,SR,1
0,3697,1576,0,0,40.2869,20.2742,18.4039,0.0,0.0,2936,1677.0,0.0,0.0,16.35,16.09,0.0,0.0,342,0.0,0.0,0.0,one,SR,1
0,1498,1322,0,0,40.0082,20.6912,17.7608,0.0,0.0,2241,1610.0,0.0,0.0,9.52,15.56,0.0,0.0,141,0.0,0.0,0.0,one,SR,1
0,3208,8061,0,0,39.6318,20.6876,17.4162,0.0,0.0,2097,1574.0,0.0,0.0,8.27,15.28,0.0,0.0,96,0.0,0.0,0.0,one,SR,1
0,4602,4421,0,0,39.4405,21.4853,16.5016,0.0,0.0,2328,1479.0,0.0,0.0,11.36,14.54,0.0,0.0,69,0.0,0.0,0.0,one,SR,1
164,944,7080,2971,0,51.6061,13.354,15.6265,21.5104,0.0,1189,1363.0,2458.0,0.0,2.45,7.85,9.3,0.0,87,256.0,801.0,0.0,many,TR,2
0,675,2377,0,0,38.8299,21.8759,15.5708,0.0,0.0,2339,1385.0,0.0,0.0,12.11,13.83,0.0,0.0,17,0.0,0.0,0.0,one,SR,1
0,3897,7996,0,0,38.7435,20.9738,16.3303,0.0,0.0,2090,1461.0,0.0,0.0,8.99,14.39,0.0,0.0,37,0.0,0.0,0.0,one,SR,1
0,141,8309,0,0,38.7184,21.015,16.2687,0.0,0.0,2052,1455.0,0.0,0.0,8.63,14.35,0.0,0.0,24,0.0,0.0,0.0,one,SR,1
0,2490,5895,0,0,38.8877,18.4339,18.812,0.0,0.0,2282,1719.0,0.0,0.0,9.19,16.42,0.0,0.0,311,0.0,0.0,0.0,one,SR,1
0,2477,3749,0,0,38.5548,17.3581,19.4993,0.0,0.0,2003,1790.0,0.0,0.0,5.76,16.97,0.0,0.0,333,0.0,0.0,0.0,one,SR,1
0,2362,4321,0,0,38.2761,19.6793,17.0947,0.0,0.0,1874,1541.0,0.0,0.0,6.16,15.02,0.0,0.0,88,0.0,0.0,0.0,one,SR,1
85,2651,9990,1957,0,37.6495,11.6593,13.9919,10.9879,0.0,1158,1566.0,1149.0,0.0,3.07,7.94,6.16,0.0,120,491.0,376.0,0.0,many,TR,2
0,3489,1316,0,0,37.8713,20.2019,16.2378,0.0,0.0,2446,1451.0,0.0,0.0,12.8,14.32,0.0,0.0,153,0.0,0.0,0.0,one,SR,1
0,4437,8253,0,0,36.8347,19.4384,15.9847,0.0,0.0,2131,1425.0,0.0,0.0,9.67,14.11,0.0,0.0,114,0.0,0.0,0.0,one,SR,1
25,1688,4150,3961,0,65.7658,15.0361,15.6332,33.6968,0.0,1506,1842.0,3410.0,0.0,3.21,9.61,12.38,0.0,204,561.0,864.0,0.0,many,TR,2
0,3850,1509,0,0,36.7446,19.0837,16.2301,0.0,0.0,2235,1450.0,0.0,0.0,10.59,14.31,0.0,0.0,165,0.0,0.0,0.0,one,SR,1
78,1244,4835,0,0,36.1264,14.6395,20.5385,0.0,0.0,1523,1947.0,0.0,0.0,7.46,12.48,0.0,0.0,13,286.0,0.0,0.0,one,RT,1
0,3370,5432,2208,0,51.5153,19.3648,14.8413,15.3877,0.0,1930,1096.0,1197.0,0.0,2.97,9.44,9.78,0.0,317,3.0,44.0,0.0,many,SR,2
0,1907,8435,0,0,36.0581,18.5401,16.0973,0.0,0.0,1887,1437.0,0.0,0.0,7.03,14.21,0.0,0.0,112,0.0,0.0,0.0,one,SR,1
0,1045,2865,0,0,36.0584,17.8306,16.7538,0.0,0.0,1718,1505.0,0.0,0.0,4.77,14.74,0.0,0.0,138,0.0,0.0,0.0,one,SR,1
42,3039,8637,0,0,35.2148,12.3703,21.8304,0.0,0.0,1224,1869.0,0.0,0.0,3.72,13.14,0.0,0.0,99,133.0,0.0,0.0,one,TR,1
0,931,3603,0,0,35.6469,17.7523,16.4458,0.0,0.0,1550,1473.0,0.0,0.0,3.24,14.49,0.0,0.0,93,0.0,0.0,0.0,one,SR,1
0,2005,3628,0,0,35.5893,17.8783,16.2763,0.0,0.0,1868,1455.0,0.0,0.0,6.7,14.35,0.0,0.0,150,0.0,0.0,0.0,one,SR,1
0,2514,7618,0,0,35.2804,19.2388,14.7164,0.0,0.0,1776,1303.0,0.0,0.0,6.72,13.25,0.0,0.0,5,0.0,0.0,0.0,one,SR,1
0,4261,4630,0,0,35.4265,17.0786,16.8654,0.0,0.0,1966,1516.0,0.0,0.0,7.3,14.83,0.0,0.0,237,0.0,0.0,0.0,one,SR,1
0,4159,8108,0,0,35.2913,18.7891,15.1473,0.0,0.0,1784,1345.0,0.0,0.0,6.54,13.55,0.0,0.0,45,0.0,0.0,0.0,one,SR,1
0,4633,5687,0,0,35.2267,18.2746,15.5689,0.0,0.0,2291,1385.0,0.0,0.0,11.61,13.83,0.0,0.0,198,0.0,0.0,0.0,one,SR,1
0,3389,3016,0,0,35.0579,18.1005,15.5736,0.0,0.0,2141,1386.0,0.0,0.0,10.03,13.84,0.0,0.0,174,0.0,0.0,0.0,one,SR,1
0,1861,559,0,0,35.1062,17.3829,16.2878,0.0,0.0,2124,1456.0,0.0,0.0,9.38,14.36,0.0,0.0,233,0.0,0.0,0.0,one,SR,1
0,2785,2806,0,0,35.0448,17.817,15.8269,0.0,0.0,1804,1410.0,0.0,0.0,6.33,14.01,0.0,0.0,123,0.0,0.0,0.0,one,SR,1
0,3366,8191,0,0,34.819,18.2594,15.2012,0.0,0.0,2239,1350.0,0.0,0.0,11.28,13.58,0.0,0.0,175,0.0,0.0,0.0,one,SR,1
0,298,7387,0,0,34.7069,18.8525,14.5405,0.0,0.0,2272,1287.0,0.0,0.0,12.03,13.14,0.0,0.0,130,0.0,0.0,0.0,one,SR,1
0,1037,8960,0,0,34.7715,15.5027,17.7165,0.0,0.0,1903,1605.0,0.0,0.0,6.01,15.52,0.0,0.0,340,0.0,0.0,0.0,one,SR,1
42,4736,2454,0,0,34.142,13.1337,20.0685,0.0,0.0,1262,1628.0,0.0,0.0,4.79,12.4,0.0,0.0,31,54.0,0.0,0.0,one,TR,1
0,4764,5095,0,0,34.3773,19.5406,13.5878,0.0,0.0,2158,1195.0,0.0,0.0,11.42,12.49,0.0,0.0,37,0.0,0.0,0.0,one,SR,1
0,1081,6946,0,0,34.1704,16.6884,16.0645,0.0,0.0,1999,1433.0,0.0,0.0,8.23,14.17,0.0,0.0,234,0.0,0.0,0.0,one,SR,1
0,2080,9101,0,0,34.2929,15.0638,17.6799,0.0,0.0,2221,1601.0,0.0,0.0,9.38,15.49,0.0,0.0,432,0.0,0.0,0.0,one,SR,1
0,2290,8168,0,0,34.0785,15.1448,17.4065,0.0,0.0,2066,1573.0,0.0,0.0,7.95,15.27,0.0,0.0,383,0.0,0.0,0.0,one,SR,1
0,12,6349,0,0,33.8036,18.182,14.3232,0.0,0.0,2200,1265.0,0.0,0.0,11.41,12.98,0.0,0.0,142,0.0,0.0,0.0,one,SR,1
0,3440,1906,0,0,33.7451,17.87,14.5604,0.0,0.0,1687,1288.0,0.0,0.0,5.88,13.15,0.0,0.0,53,0.0,0.0,0.0,one,SR,1
0,1700,8238,0,0,33.5078,18.9969,13.2825,0.0,0.0,2036,1166.0,0.0,0.0,10.32,12.28,0.0,0.0,29,0.0,0.0,0.0,one,SR,1
0,2058,5715,0,0,33.749,15.1237,17.1215,0.0,0.0,2021,1543.0,0.0,0.0,7.69,15.04,0.0,0.0,363,0.0,0.0,0.0,one,SR,1
0,4648,1680,0,0,33.3573,17.7025,14.3544,0.0,0.0,1944,1268.0,0.0,0.0,8.71,13.0,0.0,0.0,112,0.0,0.0,0.0,one,SR,1
0,1986,4830,0,0,33.3812,15.231,16.6825,0.0,0.0,2400,1497.0,0.0,0.0,11.99,14.68,0.0,0.0,424,0.0,0.0,0.0,one,SR,1
0,2330,5275,1871,0,42.2857,16.808,13.1961,10.6747,0.0,1494,952.0,742.0,0.0,1.23,8.64,7.43,0.0,206,0.0,3.0,0.0,many,SR,2
53,592,4261,0,0,32.6104,9.5338,22.2852,0.0,0.0,2381,2688.0,0.0,0.0,17.88,10.91,0.0,0.0,399,876.0,0.0,0.0,one,RT,1
0,582,8432,0,0,32.9915,17.6809,14.0321,0.0,0.0,1950,1237.0,0.0,0.0,8.97,12.79,0.0,0.0,104,0.0,0.0,0.0,one,SR,1
0,3886,5179,0,0,32.9805,16.5169,15.1114,0.0,0.0,1725,1341.0,0.0,0.0,5.94,13.52,0.0,0.0,151,0.0,0.0,0.0,one,SR,1
0,2460,623,0,0,32.9401,16.8043,14.8042,0.0,0.0,1494,1312.0,0.0,0.0,3.7,13.32,0.0,0.0,75,0.0,0.0,0.0,one,SR,1
66,3985,8656,0,0,32.2763,12.1442,19.4623,0.0,0.0,2008,1939.0,0.0,0.0,15.06,10.7,0.0,0.0,120,412.0,0.0,0.0,one,TR,1
0,3787,6405,0,0,32.8394,18.1027,13.4942,0.0,0.0,1763,1186.0,0.0,0.0,7.33,12.43,0.0,0.0,23,0.0,0.0,0.0,one,SR,1
0,1245,7173,0,0,32.8562,16.4279,15.0783,0.0,0.0,2147,1338.0,0.0,0.0,10.39,13.5,0.0,0.0,248,0.0,0.0,0.0,one,SR,1
0,3030,2342,0,0,32.974,14.5021,16.9792,0.0,0.0,1827,1529.0,0.0,0.0,5.75,14.93,0.0,0.0,348,0.0,0.0,0.0,one,SR,1
0,4857,8629,1966,0,47.4623,19.7807,14.3646,11.5945,0.0,2033,1070.0,903.0,0.0,5.84,9.23,8.0,0.0,223,14.0,64.0,0.0,many,SR,2
22,4901,4673,1731,0,53.436,16.9877,13.2438,22.1073,0.0,1843,1465.0,1722.0,0.0,9.48,7.49,8.49,0.0,30,465.0,217.0,0.0,many,TR,2
0,3315,2914,0,0,32.5844,18.4843,12.8978,0.0,0.0,1925,1129.0,0.0,0.0,9.39,12.02,0.0,0.0,19,0.0,0.0,0.0,one,SR,1
0,2143,2686,0,0,32.5664,16.351,14.8789,0.0,0.0,1950,1319.0,0.0,0.0,8.45,13.37,0.0,0.0,202,0.0,0.0,0.0,one,SR,1
0,1241,7127,0,0,32.4292,18.1515,13.0642,0.0,0.0,1748,1145.0,0.0,0.0,7.43,12.14,0.0,0.0,3,0.0,0.0,0.0,one,SR,1
11,3493,139,0,0,32.0545,13.748,17.4055,0.0,0.0,1573,2088.0,0.0,0.0,8.41,12.01,0.0,0.0,49,567.0,0.0,0.0,one,TR,1
0,3307,8374,0,0,32.4538,16.1921,14.9224,0.0,0.0,1589,1323.0,0.0,0.0,4.63,13.39,0.0,0.0,132,0.0,0.0,0.0,one,SR,1
0,4303,9486,0,0,32.3521,16.8308,14.2286,0.0,0.0,1842,1257.0,0.0,0.0,7.71,12.93,0.0,0.0,132,0.0,0.0,0.0,one,SR,1
0,4883,9660,0,0,32.4597,14.4799,16.5247,0.0,0.0,2170,1481.0,0.0,0.0,9.69,14.55,0.0,0.0,407,0.0,0.0,0.0,one,SR,1
0,2225,198,0,0,32.1267,18.3043,12.6379,0.0,0.0,2074,1104.0,0.0,0.0,11.12,11.85,0.0,0.0,53,0.0,0.0,0.0,one,SR,1
0,279,2026,0,0,32.1908,16.2881,14.5859,0.0,0.0,1598,1291.0,0.0,0.0,4.93,13.17,0.0,0.0,118,0.0,0.0,0.0,one,SR,1
0,1162,6788,0,0,32.1833,15.1573,15.6379,0.0,0.0,1656,1392.0,0.0,0.0,4.89,13.88,0.0,0.0,225,0.0,0.0,0.0,one,SR,1
0,369,6549,0,0,32.0729,15.6982,15.0283,0.0,0.0,1830,1333.0,0.0,0.0,7.1,13.46,0.0,0.0,215,0.0,0.0,0.0,one,SR,1
0,585,1276,0,0,31.9309,17.2532,13.4395,0.0,0.0,1714,1180.0,0.0,0.0,6.85,12.38,0.0,0.0,55,0.0,0.0,0.0,one,SR,1
0,2564,4083,0,0,31.9654,15.6037,15.016,0.0,0.0,1909,1332.0,0.0,0.0,7.93,13.46,0.0,0.0,237,0.0,0.0,0.0,one,SR,1
0,2246,8930,3738,0,45.4201,17.9409,14.4045,11.3262,0.0,1911,1412.0,793.0,0.0,4.33,9.75,7.74,0.0,306,264.0,0.0,0.0,many,SR,2
0,383,9955,0,0,31.905,14.9288,15.5916,0.0,0.0,1703,1387.0,0.0,0.0,5.42,13.85,0.0,0.0,246,0.0,0.0,0.0,one,SR,1
0,835,188,0,0,31.7484,15.8385,14.5925,0.0,0.0,1863,1292.0,0.0,0.0,7.7,13.17,0.0,0.0,201,0.0,0.0,0.0,one,SR,1
0,4178,2408,0,0,31.5592,16.8041,13.5112,0.0,0.0,1901,1188.0,0.0,0.0,8.77,12.44,0.0,0.0,123,0.0,0.0,0.0,one,SR,1
0,3078,4852,0,0,31.6214,15.7632,14.5443,0.0,0.0,1694,1287.0,0.0,0.0,5.96,13.14,0.0,0.0,166,0.0,0.0,0.0,one,SR,1
0,1490,2303,0,0,31.3896,18.0722,12.1654,0.0,0.0,1962,1058.0,0.0,0.0,10.23,11.52,0.0,0.0,25,0.0,0.0,0.0,one,SR,1
0,2122,957,0,0,31.3884,16.7589,13.3941,0.0,0.0,1574,1176.0,0.0,0.0,5.41,12.35,0.0,0.0,49,0.0,0.0,0.0,one,SR,1
0,3738,3132,0,0,31.4032,16.2242,13.9082,0.0,0.0,1459,1226.0,0.0,0.0,3.88,12.71,0.0,0.0,69,0.0,0.0,0.0,one,SR,1
0,2369,9087,0,0,31.2701,17.7823,12.3251,0.0,0.0,1752,1073.0,0.0,0.0,7.93,11.63,0.0,0.0,-1,0.0,0.0,0.0,one,SR,1
0,4915,8671,0,0,31.2526,17.8908,12.207,0.0,0.0,2025,1062.0,0.0,0.0,10.87,11.55,0.0,0.0,50,0.0,0.0,0.0,one,SR,1
0,2251,3855,0,0,31.154,17.3462,12.6247,0.0,0.0,1741,1102.0,0.0,0.0,7.63,11.83,0.0,0.0,30,0.0,0.0,0.0,one,SR,1
0,4591,5725,0,0,31.1109,16.054,13.7938,0.0,0.0,1702,1215.0,0.0,0.0,6.5,12.63,0.0,0.0,128,0.0,0.0,0.0,one,SR,1
0,2636,7433,0,0,31.2687,13.6845,16.1589,0.0,0.0,1991,1443.0,0.0,0.0,8.08,14.25,0.0,0.0,395,0.0,0.0,0.0,one,SR,1
0,3838,2052,0,0,31.0104,16.6956,13.0992,0.0,0.0,2185,1148.0,0.0,0.0,12.0,12.16,0.0,0.0,178,0.0,0.0,0.0,one,SR,1
0,2125,1106,0,0,30.7435,16.6285,12.912,0.0,0.0,1509,1130.0,0.0,0.0,5.02,12.03,0.0,0.0,26,0.0,0.0,0.0,one,SR,1
0,1309,2892,0,0,30.7228,15.8306,13.6398,0.0,0.0,1623,1200.0,0.0,0.0,5.77,12.52,0.0,0.0,117,0.0,0.0,0.0,one,SR,1
0,1539,5654,0,0,30.6073,17.4879,11.9801,0.0,0.0,1876,1040.0,0.0,0.0,9.44,11.39,0.0,0.0,31,0.0,0.0,0.0,one,SR,1
0,1578,2912,0,0,30.6479,16.4828,12.9593,0.0,0.0,1518,1134.0,0.0,0.0,5.09,12.06,0.0,0.0,37,0.0,0.0,0.0,one,SR,1
78,2553,6343,0,0,29.918,12.6274,16.3649,0.0,0.0,1260,1956.0,0.0,0.0,4.9,12.26,0.0,0.0,51,497.0,0.0,0.0,one,RT,1
0,744,7316,0,0,30.3072,13.9382,15.0226,0.0,0.0,1562,1333.0,0.0,0.0,4.28,13.46,0.0,0.0,249,0.0,0.0,0.0,one,SR,1
0,568,496,0,0,29.9995,16.8468,12.0113,0.0,0.0,1866,1043.0,0.0,0.0,9.32,11.41,0.0,0.0,64,0.0,0.0,0.0,one,SR,1
0,1956,7513,0,0,30.0455,15.875,12.964,0.0,0.0,1638,1135.0,0.0,0.0,6.34,12.06,0.0,0.0,96,0.0,0.0,0.0,one,SR,1
0,3913,7333,0,0,30.0056,15.5499,13.2315,0.0,0.0,1680,1160.0,0.0,0.0,6.62,12.24,0.0,0.0,131,0.0,0.0,0.0,one,SR,1
0,1538,2727,0,0,29.9265,16.1485,12.5963,0.0,0.0,2046,1100.0,0.0,0.0,10.85,11.82,0.0,0.0,160,0.0,0.0,0.0,one,SR,1
0,3991,754,0,0,29.9209,14.8843,13.775,0.0,0.0,1659,1213.0,0.0,0.0,6.07,12.62,0.0,0.0,180,0.0,0.0,0.0,one,SR,1
0,4468,1716,0,0,29.5723,16.7489,11.7032,0.0,0.0,1671,1013.0,0.0,0.0,7.46,11.2,0.0,0.0,16,0.0,0.0,0.0,one,SR,1
0,2523,3387,0,0,29.5015,16.6673,11.7126,0.0,0.0,1599,1015.0,0.0,0.0,6.7,11.22,0.0,0.0,5,0.0,0.0,0.0,one,SR,1
0,3978,532,0,0,29.6097,14.9691,13.4045,0.0,0.0,1903,1177.0,0.0,0.0,8.86,12.36,0.0,0.0,217,0.0,0.0,0.0,one,SR,1
0,2261,4139,0,0,29.4412,16.5642,11.7533,0.0,0.0,1755,1018.0,0.0,0.0,8.31,11.24,0.0,0.0,46,0.0,0.0,0.0,one,SR,1
0,79,1817,0,0,29.4489,16.076,12.2174,0.0,0.0,1591,1063.0,0.0,0.0,6.31,11.56,0.0,0.0,51,0.0,0.0,0.0,one,SR,1
0,3383,2259,0,0,29.5402,13.6782,14.5481,0.0,0.0,1898,1287.0,0.0,0.0,8.1,13.14,0.0,0.0,322,0.0,0.0,0.0,one,SR,1
0,2430,3956,0,0,29.3992,14.185,13.9413,0.0,0.0,2741,1229.0,0.0,0.0,17.32,12.73,0.0,0.0,462,0.0,0.0,0.0,one,SR,1
0,3710,4409,0,0,29.0279,16.3045,11.6097,0.0,0.0,1722,1004.0,0.0,0.0,8.06,11.14,0.0,0.0,48,0.0,0.0,0.0,one,SR,1
50,2604,6965,1069,0,52.3389,8.5701,27.7333,15.1703,0.0,1430,2038.0,1325.0,0.0,7.23,8.6,7.06,0.0,275,207.0,283.0,0.0,many,RT,2
0,3494,7233,0,0,28.9613,16.3488,11.5057,0.0,0.0,1700,994.0,0.0,0.0,7.89,11.07,0.0,0.0,37,0.0,0.0,0.0,one,SR,1
0,2710,5505,0,0,28.8435,14.0382,13.5585,0.0,0.0,1326,1192.0,0.0,0.0,2.7,12.47,0.0,0.0,144,0.0,0.0,0.0,one,SR,1
0,677,685,0,0,28.7275,15.7061,11.8885,0.0,0.0,1322,1031.0,0.0,0.0,3.68,11.33,0.0,0.0,0,0.0,0.0,0.0,one,SR,1
0,216,9671,0,0,28.7851,14.8088,12.7826,0.0,0.0,1662,1117.0,0.0,0.0,6.71,11.94,0.0,0.0,152,0.0,0.0,0.0,one,SR,1
0,2054,7605,0,0,28.6329,15.2359,12.24,0.0,0.0,1474,1065.0,0.0,0.0,5.06,11.57,0.0,0.0,70,0.0,0.0,0.0,one,SR,1
0,492,1387,0,0,28.7539,12.9198,14.5216,0.0,0.0,1951,1285.0,0.0,0.0,8.67,13.12,0.0,0.0,373,0.0,0.0,0.0,one,SR,1
0,1507,2155,0,0,28.4874,15.381,11.9678,0.0,0.0,1239,1039.0,0.0,0.0,2.76,11.39,0.0,0.0,2,0.0,0.0,0.0,one,SR,1
0,1084,8995,0,0,28.4235,15.5354,11.7637,0.0,0.0,1542,1019.0,0.0,0.0,6.07,11.24,0.0,0.0,54,0.0,0.0,0.0,one,SR,1
0,1482,2047,0,0,28.3945,15.3287,11.9301,0.0,0.0,1411,1035.0,0.0,0.0,4.59,11.36,0.0,0.0,41,0.0,0.0,0.0,one,SR,1
0,2709,2114,0,0,28.4174,13.2086,13.9366,0.0,0.0,2090,1228.0,0.0,0.0,10.5,12.72,0.0,0.0,369,0.0,0.0,0.0,one,SR,1
0,1026,9447,356,0,37.801,14.401,10.3508,11.5088,0.0,1442,918.0,810.0,0.0,1.28,7.58,7.83,0.0,291,153.0,1.0,0.0,many,SR,2
0,868,9134,0,0,28.2295,15.6522,11.4726,0.0,0.0,1383,991.0,0.0,0.0,4.58,11.05,0.0,0.0,3,0.0,0.0,0.0,one,SR,1
0,4066,4562,0,0,28.4203,12.5322,14.5727,0.0,0.0,1638,1289.0,0.0,0.0,5.36,13.15,0.0,0.0,326,0.0,0.0,0.0,one,SR,1
0,3726,1507,0,0,28.1345,15.6905,11.3478,0.0,0.0,1438,979.0,0.0,0.0,5.23,10.96,0.0,0.0,9,0.0,0.0,0.0,one,SR,1
0,3993,3007,0,0,28.1026,15.9679,11.0576,0.0,0.0,1655,952.0,0.0,0.0,7.68,10.77,0.0,0.0,33,0.0,0.0,0.0,one,SR,1
0,875,215,0,0,28.1037,15.5134,11.4849,0.0,0.0,1651,992.0,0.0,0.0,7.39,11.05,0.0,0.0,70,0.0,0.0,0.0,one,SR,1
0,3555,9908,0,0,28.1129,14.8675,12.0983,0.0,0.0,1659,1051.0,0.0,0.0,7.1,11.47,0.0,0.0,126,0.0,0.0,0.0,one,SR,1
0,3079,4095,0,0,28.1833,13.3669,13.5689,0.0,0.0,1389,1193.0,0.0,0.0,3.36,12.47,0.0,0.0,194,0.0,0.0,0.0,one,SR,1
0,4033,2821,0,0,28.1582,13.364,13.5481,0.0,0.0,1536,1191.0,0.0,0.0,4.91,12.46,0.0,0.0,226,0.0,0.0,0.0,one,SR,1
0,3712,4001,0,0,28.1188,12.7656,14.0718,0.0,0.0,2292,1241.0,0.0,0.0,12.53,12.81,0.0,0.0,442,0.0,0.0,0.0,one,SR,1
0,1201,4475,0,0,27.6327,15.4073,11.1427,0.0,0.0,1535,960.0,0.0,0.0,6.37,10.83,0.0,0.0,39,0.0,0.0,0.0,one,SR,1
0,1715,5758,0,0,27.6706,14.7862,11.7599,0.0,0.0,1332,1019.0,0.0,0.0,3.87,11.24,0.0,0.0,47,0.0,0.0,0.0,one,SR,1
0,4481,9748,0,0,27.6149,15.2264,11.2959,0.0,0.0,1781,974.0,0.0,0.0,8.87,10.93,0.0,0.0,108,0.0,0.0,0.0,one,SR,1
0,3348,992,0,0,27.3019,15.4835,10.7618,0.0,0.0,1753,923.0,0.0,0.0,8.9,10.57,0.0,0.0,71,0.0,0.0,0.0,one,SR,1
0,3672,5615,0,0,27.1706,15.613,10.518,0.0,0.0,1513,899.0,0.0,0.0,6.53,10.4,0.0,0.0,3,0.0,0.0,0.0,one,SR,1
0,3984,809,0,0,27.1122,16.3153,9.8053,0.0,0.0,1921,831.0,0.0,0.0,11.25,9.92,0.0,0.0,33,0.0,0.0,0.0,one,SR,1
0,1563,2949,0,0,27.2237,14.5465,11.5662,0.0,0.0,1261,1000.0,0.0,0.0,3.24,11.11,0.0,0.0,38,0.0,0.0,0.0,one,SR,1
0,948,5905,0,0,27.1103,15.3383,10.7183,0.0,0.0,1751,919.0,0.0,0.0,8.9,10.54,0.0,0.0,77,0.0,0.0,0.0,one,SR,1
181,2212,7336,0,0,26.6594,10.8529,15.2025,0.0,0.0,1408,1558.0,0.0,0.0,9.35,9.04,0.0,0.0,24,378.0,0.0,0.0,one,TR,1
0,4758,4037,0,0,27.0973,14.5794,11.4168,0.0,0.0,1598,986.0,0.0,0.0,6.87,11.01,0.0,0.0,106,0.0,0.0,0.0,one,SR,1
0,3678,4310,0,0,27.1492,13.0492,12.8978,0.0,0.0,2012,1129.0,0.0,0.0,10.31,12.02,0.0,0.0,327,0.0,0.0,0.0,one,SR,1
0,1745,9176,0,0,27.0139,14.522,11.3922,0.0,0.0,1232,984.0,0.0,0.0,3.04,11.0,0.0,0.0,27,0.0,0.0,0.0,one,SR,1
0,3024,9595,0,0,27.0903,13.1974,12.7041,0.0,0.0,1585,1110.0,0.0,0.0,5.94,11.89,0.0,0.0,218,0.0,0.0,0.0,one,SR,1
0,209,337,0,0,27.0212,13.5835,12.2778,0.0,0.0,1532,1069.0,0.0,0.0,5.65,11.6,0.0,0.0,172,0.0,0.0,0.0,one,SR,1
0,2059,7460,0,0,26.9704,14.0176,11.8242,0.0,0.0,1688,1025.0,0.0,0.0,7.57,11.29,0.0,0.0,169,0.0,0.0,0.0,one,SR,1
0,3346,3287,0,0,26.9151,14.5527,11.2713,0.0,0.0,1330,972.0,0.0,0.0,4.14,10.91,0.0,0.0,43,0.0,0.0,0.0,one,SR,1
0,4981,3851,0,0,26.8648,14.2006,11.5539,0.0,0.0,1448,999.0,0.0,0.0,5.21,11.1,0.0,0.0,97,0.0,0.0,0.0,one,SR,1
0,2518,7490,0,0,26.6963,15.8328,9.8677,0.0,0.0,1657,837.0,0.0,0.0,8.44,9.96,0.0,0.0,2,0.0,0.0,0.0,one,SR,1
0,4448,980,0,0,26.8632,13.2847,12.4102,0.0,0.0,1387,1081.0,0.0,0.0,4.05,11.68,0.0,0.0,160,0.0,0.0,0.0,one,SR,1
0,1102,5971,0,0,26.6135,15.0451,10.5274,0.0,0.0,1841,901.0,0.0,0.0,9.96,10.41,0.0,0.0,106,0.0,0.0,0.0,one,SR,1
0,4386,9795,0,0,26.7005,13.411,12.1389,0.0,0.0,1379,1056.0,0.0,0.0,4.12,11.51,0.0,0.0,143,0.0,0.0,0.0,one,SR,1
0,2788,9215,0,0,26.5261,14.6411,10.8242,0.0,0.0,1800,929.0,0.0,0.0,9.35,10.61,0.0,0.0,128,0.0,0.0,0.0,one,SR,1
0,4560,8109,0,0,26.6264,11.9173,13.4688,0.0,0.0,1734,1183.0,0.0,0.0,7.04,12.4,0.0,0.0,344,0.0,0.0,0.0,one,SR,1
0,4344,2167,0,0,26.5589,12.1885,13.1512,0.0,0.0,1298,1153.0,0.0,0.0,2.66,12.19,0.0,0.0,223,0.0,0.0,0.0,one,SR,1
0,1840,57,0,0,26.371,13.7145,11.5463,0.0,0.0,1438,999.0,0.0,0.0,5.11,11.1,0.0,0.0,121,0.0,0.0,0.0,one,SR,1
0,4457,7551,0,0,26.282,14.4341,10.7892,0.0,0.0,1289,926.0,0.0,0.0,4.01,10.59,0.0,0.0,25,0.0,0.0,0.0,one,SR,1
234,4375,8146,2613,0,39.1102,9.2547,13.2804,15.7496,0.0,1300,1421.0,1696.0,0.0,6.22,7.08,7.18,0.0,191,447.0,550.0,0.0,many,TR,2
0,4795,821,0,0,26.2987,13.5974,11.5889,0.0,0.0,1267,1002.0,0.0,0.0,3.29,11.12,0.0,0.0,90,0.0,0.0,0.0,one,SR,1
0,3687,2094,0,0,26.2268,14.3916,10.7779,0.0,0.0,1205,924.0,0.0,0.0,3.14,10.57,0.0,0.0,8,0.0,0.0,0.0,one,SR,1
0,500,8951,0,0,26.3653,11.9099,13.2305,0.0,0.0,1463,1161.0,0.0,0.0,4.34,12.25,0.0,0.0,277,0.0,0.0,0.0,one,SR,1
0,152,3314,0,0,26.1534,14.8274,10.3006,0.0,0.0,1532,879.0,0.0,0.0,6.86,10.25,0.0,0.0,42,0.0,0.0,0.0,one,SR,1
0,530,259,0,0,26.1654,14.3248,10.7826,0.0,0.0,1329,925.0,0.0,0.0,4.43,10.58,0.0,0.0,39,0.0,0.0,0.0,one,SR,1
0,2000,3215,0,0,26.1135,14.5467,10.5265,0.0,0.0,1547,900.0,0.0,0.0,6.88,10.4,0.0,0.0,67,0.0,0.0,0.0,one,SR,1
0,2090,1166,0,0,26.283,11.8331,13.2258,0.0,0.0,1718,1160.0,0.0,0.0,7.02,12.24,0.0,0.0,337,0.0,0.0,0.0,one,SR,1
0,691,3601,0,0,26.0244,14.7669,10.2363,0.0,0.0,1608,873.0,0.0,0.0,7.69,10.21,0.0,0.0,60,0.0,0.0,0.0,one,SR,1
0,4230,528,0,0,26.0252,14.1494,10.8157,0.0,0.0,1195,928.0,0.0,0.0,3.01,10.6,0.0,0.0,20,0.0,0.0,0.0,one,SR,1
124,4452,5158,0,0,25.6421,11.3419,13.6205,0.0,0.0,1307,1699.0,0.0,0.0,7.61,9.8,0.0,0.0,12,530.0,0.0,0.0,one,RT,1
0,3125,3658,0,0,25.9948,14.1599,10.7769,0.0,0.0,1352,925.0,0.0,0.0,4.67,10.58,0.0,0.0,53,0.0,0.0,0.0,one,SR,1
0,3733,6009,0,0,26.0765,12.4758,12.431,0.0,0.0,1525,1083.0,0.0,0.0,5.49,11.7,0.0,0.0,234,0.0,0.0,0.0,one,SR,1
0,3706,9920,0,0,25.9787,13.261,11.604,0.0,0.0,1236,1004.0,0.0,0.0,2.95,11.14,0.0,0.0,102,0.0,0.0,0.0,one,SR,1
0,2993,8060,0,0,26.0672,11.78,13.0737,0.0,0.0,1901,1145.0,0.0,0.0,9.04,12.14,0.0,0.0,375,0.0,0.0,0.0,one,SR,1
0,2457,4655,0,0,25.8764,14.3429,10.4953,0.0,0.0,1236,897.0,0.0,0.0,3.63,10.38,0.0,0.0,8,0.0,0.0,0.0,one,SR,1
0,3360,5215,0,0,25.8277,13.8408,10.9197,0.0,0.0,1306,938.0,0.0,0.0,4.11,10.67,0.0,0.0,64,0.0,0.0,0.0,one,SR,1
0,2850,6410,0,0,25.8269,13.657,11.0907,0.0,0.0,1045,955.0,0.0,0.0,1.26,10.79,0.0,0.0,22,0.0,0.0,0.0,one,SR,1
0,1565,2004,0,0,25.785,13.9888,10.741,0.0,0.0,1372,921.0,0.0,0.0,4.91,10.55,0.0,0.0,65,0.0,0.0,0.0,one,SR,1
0,2307,4681,0,0,25.768,13.7424,10.9556,0.0,0.0,1601,942.0,0.0,0.0,7.18,10.7,0.0,0.0,136,0.0,0.0,0.0,one,SR,1
0,3200,9965,0,0,25.6881,14.5175,10.155,0.0,0.0,1415,865.0,0.0,0.0,5.72,10.16,0.0,0.0,28,0.0,0.0,0.0,one,SR,1
0,247,1393,0,0,25.5727,14.6277,9.9443,0.0,0.0,1533,844.0,0.0,0.0,7.09,10.01,0.0,0.0,41,0.0,0.0,0.0,one,SR,1
0,1571,6310,0,0,25.5944,14.2202,10.346,0.0,0.0,1231,883.0,0.0,0.0,3.67,10.28,0.0,0.0,9,0.0,0.0,0.0,one,SR,1
0,3701,9314,0,0,25.6147,13.2133,11.3081,0.0,0.0,1352,975.0,0.0,0.0,4.36,10.93,0.0,0.0,120,0.0,0.0,0.0,one,SR,1
238,606,9501,0,0,25.3788,12.9669,11.554,0.0,0.0,1293,1631.0,0.0,0.0,5.86,11.58,0.0,0.0,8,488.0,0.0,0.0,one,RT,1
0,1825,6515,0,0,25.6149,12.3622,12.1049,0.0,0.0,1350,1052.0,0.0,0.0,3.85,11.48,0.0,0.0,191,0.0,0.0,0.0,one,SR,1
0,4937,2505,0,0,25.5491,12.6591,11.7656,0.0,0.0,1796,1019.0,0.0,0.0,8.74,11.24,0.0,0.0,263,0.0,0.0,0.0,one,SR,1
0,2872,1926,0,0,25.4558,13.9077,10.5085,0.0,0.0,1359,899.0,0.0,0.0,4.91,10.4,0.0,0.0,59,0.0,0.0,0.0,one,SR,1
0,2023,3602,0,0,25.4656,13.2513,11.1323,0.0,0.0,1566,959.0,0.0,0.0,6.7,10.82,0.0,0.0,160,0.0,0.0,0.0,one,SR,1
0,4532,9868,0,0,25.3548,13.8121,10.5038,0.0,0.0,1315,898.0,0.0,0.0,4.46,10.39,0.0,0.0,54,0.0,0.0,0.0,one,SR,1
0,1513,9396,0,0,25.4115,12.9047,11.4064,0.0,0.0,1256,985.0,0.0,0.0,3.28,11.0,0.0,0.0,119,0.0,0.0,0.0,one,SR,1
0,191,9180,0,0,25.2574,14.2664,9.9868,0.0,0.0,1488,849.0,0.0,0.0,6.59,10.04,0.0,0.0,52,0.0,0.0,0.0,one,SR,1
0,454,6762,0,0,25.1325,12.9163,11.1342,0.0,0.0,1350,959.0,0.0,0.0,4.44,10.82,0.0,0.0,130,0.0,0.0,0.0,one,SR,1
0,3103,85,0,0,24.9946,14.6381,9.3933,0.0,0.0,1453,791.0,0.0,0.0,6.59,9.63,0.0,0.0,5,0.0,0.0,0.0,one,SR,1
0,4164,8557,0,0,24.9381,14.0674,9.8743,0.0,0.0,1431,838.0,0.0,0.0,6.06,9.96,0.0,0.0,46,0.0,0.0,0.0,one,SR,1
0,3854,4609,0,0,24.8929,14.5903,9.3422,0.0,0.0,1431,787.0,0.0,0.0,6.38,9.6,0.0,0.0,1,0.0,0.0,0.0,one,SR,1
0,138,7998,0,0,24.9736,12.3948,11.4735,0.0,0.0,1640,992.0,0.0,0.0,7.27,11.05,0.0,0.0,233,0.0,0.0,0.0,one,SR,1
0,3257,2578,0,0,24.8161,13.9695,9.8516,0.0,0.0,1461,836.0,0.0,0.0,6.39,9.95,0.0,0.0,57,0.0,0.0,0.0,one,SR,1
0,4738,3181,0,0,24.9813,11.5141,12.3052,0.0,0.0,1441,1072.0,0.0,0.0,4.67,11.62,0.0,0.0,263,0.0,0.0,0.0,one,SR,1
0,4445,9964,0,0,24.8934,12.3533,11.4376,0.0,0.0,1327,988.0,0.0,0.0,4.01,11.03,0.0,0.0,165,0.0,0.0,0.0,one,SR,1
0,1149,3936,0,0,24.8714,12.5461,11.2363,0.0,0.0,1403,969.0,0.0,0.0,4.93,10.89,0.0,0.0,165,0.0,0.0,0.0,one,SR,1
0,4070,4030,0,0,24.7085,13.9947,9.7279,0.0,0.0,1232,823.0,0.0,0.0,4.06,9.86,0.0,0.0,1,0.0,0.0,0.0,one,SR,1
0,449,2857,0,0,24.6557,14.4251,9.2751,0.0,0.0,1457,780.0,0.0,0.0,6.7,9.55,0.0,0.0,13,0.0,0.0,0.0,one,SR,1
118,4320,4967,0,0,24.363,10.3375,13.3169,0.0,0.0,1319,1733.0,0.0,0.0,7.47,10.09,0.0,0.0,82,558.0,0.0,0.0,one,RT,1
0,4553,9300,0,0,24.6511,13.2213,10.3979,0.0,0.0,1306,888.0,0.0,0.0,4.43,10.32,0.0,0.0,80,0.0,0.0,0.0,one,SR,1
168,3070,6233,0,0,24.127,10.0093,13.5963,0.0,0.0,1339,1544.0,0.0,0.0,9.37,8.21,0.0,0.0,14,479.0,0.0,0.0,one,TR,1
0,353,7510,0,0,24.6417,12.8493,10.7372,0.0,0.0,1224,921.0,0.0,0.0,3.36,10.55,0.0,0.0,93,0.0,0.0,0.0,one,SR,1
0,1193,136,0,0,24.4765,13.2298,10.2269,0.0,0.0,1351,871.0,0.0,0.0,5.01,10.2,0.0,0.0,84,0.0,0.0,0.0,one,SR,1
0,1933,3330,0,0,24.4462,13.444,9.9972,0.0,0.0,1213,850.0,0.0,0.0,3.69,10.05,0.0,0.0,35,0.0,0.0,0.0,one,SR,1
0,1029,8891,0,0,24.4117,13.5648,9.8526,0.0,0.0,1130,835.0,0.0,0.0,2.92,9.94,0.0,0.0,5,0.0,0.0,0.0,one,SR,1
0,3488,8756,0,0,24.4031,12.9975,10.3752,0.0,0.0,1620,886.0,0.0,0.0,7.74,10.3,0.0,0.0,161,0.0,0.0,0.0,one,SR,1
50,1752,6960,4484,4483,56.8367,12.6912,10.6649,16.1111,16.1111,1647,1082.0,1295.0,1295.0,5.97,6.19,7.2,7.2,292,335.0,209.0,209.0,many,RT,3
0,420,8592,0,0,24.298,13.379,9.9197,0.0,0.0,1236,842.0,0.0,0.0,3.98,9.99,0.0,0.0,41,0.0,0.0,0.0,one,SR,1
0,637,7780,0,0,24.413,11.4234,11.8582,0.0,0.0,1222,1029.0,0.0,0.0,2.65,11.32,0.0,0.0,205,0.0,0.0,0.0,one,SR,1
0,1708,4575,0,0,24.2749,13.3448,9.9301,0.0,0.0,1097,843.0,0.0,0.0,2.52,10.0,0.0,0.0,12,0.0,0.0,0.0,one,SR,1
0,903,1888,0,0,24.2305,12.7192,10.4745,0.0,0.0,1286,895.0,0.0,0.0,4.17,10.37,0.0,0.0,105,0.0,0.0,0.0,one,SR,1
0,2903,9030,0,0,24.139,13.4976,9.6598,0.0,0.0,1352,817.0,0.0,0.0,5.36,9.82,0.0,0.0,52,0.0,0.0,0.0,one,SR,1
0,1939,4526,0,0,24.203,12.3237,10.8185,0.0,0.0,1361,929.0,0.0,0.0,4.74,10.61,0.0,0.0,154,0.0,0.0,0.0,one,SR,1
0,3483,9790,0,0,24.1871,11.9414,11.1616,0.0,0.0,1287,962.0,0.0,0.0,3.76,10.84,0.0,0.0,169,0.0,0.0,0.0,one,SR,1
0,1766,8783,0,0,23.9737,12.1684,10.7495,0.0,0.0,1824,922.0,0.0,0.0,9.65,10.56,0.0,0.0,262,0.0,0.0,0.0,one,SR,1
0,2404,1594,0,0,23.8944,12.1575,10.6852,0.0,0.0,1559,916.0,0.0,0.0,6.9,10.52,0.0,0.0,202,0.0,0.0,0.0,one,SR,1
0,4276,7679,0,0,23.7884,13.3986,9.4245,0.0,0.0,1474,794.0,0.0,0.0,6.79,9.65,0.0,0.0,76,0.0,0.0,0.0,one,SR,1
0,3637,8873,0,0,23.661,13.5729,9.1418,0.0,0.0,1347,767.0,0.0,0.0,5.63,9.46,0.0,0.0,30,0.0,0.0,0.0,one,SR,1
0,3,4857,0,0,23.6259,13.6711,9.0171,0.0,0.0,1269,755.0,0.0,0.0,4.88,9.38,0.0,0.0,3,0.0,0.0,0.0,one,SR,1
0,116,6291,0,0,23.7385,11.9699,10.7155,0.0,0.0,1175,918.0,0.0,0.0,2.86,10.53,0.0,0.0,128,0.0,0.0,0.0,one,SR,1
0,119,8403,0,0,23.6388,12.0574,10.5397,0.0,0.0,1217,902.0,0.0,0.0,3.4,10.42,0.0,0.0,127,0.0,0.0,0.0,one,SR,1
0,2406,667,0,0,23.5717,12.5195,10.0445,0.0,0.0,1275,854.0,0.0,0.0,4.32,10.08,0.0,0.0,99,0.0,0.0,0.0,one,SR,1
0,894,9385,0,0,23.6485,10.9365,11.5983,0.0,0.0,1361,1004.0,0.0,0.0,4.27,11.14,0.0,0.0,253,0.0,0.0,0.0,one,SR,1
183,214,3060,0,0,23.0186,10.4703,12.034,0.0,0.0,1515,1142.0,0.0,0.0,11.28,8.14,0.0,0.0,25,230.0,0.0,0.0,one,TR,1
0,2386,5624,0,0,23.4648,12.3126,10.138,0.0,0.0,1432,863.0,0.0,0.0,5.91,10.14,0.0,0.0,148,0.0,0.0,0.0,one,SR,1
0,4218,3408,0,0,23.358,13.7327,8.708,0.0,0.0,1504,726.0,0.0,0.0,7.54,9.17,0.0,0.0,42,0.0,0.0,0.0,one,SR,1
0,1826,8973,0,0,23.3465,13.5176,8.8989,0.0,0.0,1339,744.0,0.0,0.0,5.69,9.3,0.0,0.0,23,0.0,0.0,0.0,one,SR,1
0,990,1365,0,0,23.3723,12.1646,10.19,0.0,0.0,1408,868.0,0.0,0.0,5.62,10.18,0.0,0.0,152,0.0,0.0,0.0,one,SR,1
0,1871,7252,0,0,23.2771,13.2353,9.0984,0.0,0.0,1785,763.0,0.0,0.0,10.25,9.43,0.0,0.0,143,0.0,0.0,0.0,one,SR,1
0,1493,9197,0,0,23.3984,10.8101,11.483,0.0,0.0,1398,992.0,0.0,0.0,4.73,11.05,0.0,0.0,264,0.0,0.0,0.0,one,SR,1
0,364,254,0,0,23.2429,12.5108,9.7448,0.0,0.0,1257,825.0,0.0,0.0,4.31,9.87,0.0,0.0,86,0.0,0.0,0.0,one,SR,1
0,707,7870,0,0,23.2654,11.6856,10.5388,0.0,0.0,1277,901.0,0.0,0.0,4.04,10.41,0.0,0.0,160,0.0,0.0,0.0,one,SR,1
0,646,9804,0,0,23.1969,12.5536,9.6617,0.0,0.0,1316,817.0,0.0,0.0,4.98,9.82,0.0,0.0,94,0.0,0.0,0.0,one,SR,1
0,312,240,0,0,23.203,11.4236,10.7249,0.0,0.0,1416,920.0,0.0,0.0,5.38,10.54,0.0,0.0,211,0.0,0.0,0.0,one,SR,1
0,1980,1589,0,0,23.0291,12.7932,9.2798,0.0,0.0,1013,781.0,0.0,0.0,2.03,9.56,0.0,0.0,2,0.0,0.0,0.0,one,SR,1
223,3744,5841,0,0,22.7342,10.6922,11.3799,0.0,0.0,1378,1097.0,0.0,0.0,8.51,8.62,0.0,0.0,54,202.0,0.0,0.0,one,RT,1
0,2949,4917,0,0,23.1041,11.4893,10.5709,0.0,0.0,1655,905.0,0.0,0.0,7.98,10.44,0.0,0.0,255,0.0,0.0,0.0,one,SR,1
0,726,3848,0,0,22.8349,12.9727,8.9301,0.0,0.0,1560,747.0,0.0,0.0,7.99,9.32,0.0,0.0,102,0.0,0.0,0.0,one,SR,1
0,888,5532,0,0,22.8011,12.7168,9.138,0.0,0.0,1685,767.0,0.0,0.0,9.18,9.46,0.0,0.0,150,0.0,0.0,0.0,one,SR,1
0,2678,7514,0,0,22.7611,13.1578,8.6882,0.0,0.0,1542,723.0,0.0,0.0,7.95,9.15,0.0,0.0,80,0.0,0.0,0.0,one,SR,1
0,4146,8967,0,0,22.7167,12.712,9.0634,0.0,0.0,1374,760.0,0.0,0.0,5.96,9.41,0.0,0.0,79,0.0,0.0,0.0,one,SR,1
0,2221,8759,0,0,22.7554,11.7828,9.9698,0.0,0.0,1620,847.0,0.0,0.0,7.98,10.03,0.0,0.0,212,0.0,0.0,0.0,one,SR,1
0,1502,1614,0,0,22.7243,11.7314,9.9887,0.0,0.0,1341,849.0,0.0,0.0,5.04,10.04,0.0,0.0,154,0.0,0.0,0.0,one,SR,1
0,2661,2564,0,0,22.6184,12.1825,9.4669,0.0,0.0,1283,799.0,0.0,0.0,4.75,9.69,0.0,0.0,100,0.0,0.0,0.0,one,SR,1
0,4675,5664,0,0,22.6698,10.992,10.6305,0.0,0.0,1641,910.0,0.0,0.0,7.8,10.47,0.0,0.0,280,0.0,0.0,0.0,one,SR,1
0,22,8122,0,0,22.5055,12.0142,9.5189,0.0,0.0,1116,804.0,0.0,0.0,2.97,9.72,0.0,0.0,74,0.0,0.0,0.0,one,SR,1
0,21,3020,0,0,22.5162,11.575,9.9405,0.0,0.0,1267,844.0,0.0,0.0,4.3,10.01,0.0,0.0,144,0.0,0.0,0.0,one,SR,1
0,1056,1436,0,0,22.3952,12.1035,9.3328,0.0,0.0,1131,785.0,0.0,0.0,3.24,9.59,0.0,0.0,66,0.0,0.0,0.0,one,SR,1
0,2794,8643,0,0,22.4225,11.3756,10.0398,0.0,0.0,1326,853.0,0.0,0.0,4.86,10.07,0.0,0.0,171,0.0,0.0,0.0,one,SR,1
0,2975,6445,0,0,22.314,11.4801,9.8403,0.0,0.0,1394,834.0,0.0,0.0,5.69,9.94,0.0,0.0,174,0.0,0.0,0.0,one,SR,1
0,4156,7861,0,0,22.2495,11.9041,9.3829,0.0,0.0,1491,790.0,0.0,0.0,6.99,9.63,0.0,0.0,158,0.0,0.0,0.0,one,SR,1
140,957,5782,3129,0,69.8872,12.3214,13.2229,43.4414,0.0,1270,1441.0,2429.0,0.0,5.22,7.76,9.25,0.0,58,434.0,-234.0,0.0,many,RT,2
0,4120,6831,0,0,22.1444,12.4913,8.7345,0.0,0.0,1495,728.0,0.0,0.0,7.43,9.19,0.0,0.0,107,0.0,0.0,0.0,one,SR,1
0,665,3227,0,0,22.2364,10.9342,10.2789,0.0,0.0,1316,876.0,0.0,0.0,4.61,10.23,0.0,0.0,200,0.0,0.0,0.0,one,SR,1
0,596,9769,0,0,22.1239,12.1506,9.0341,0.0,0.0,1425,757.0,0.0,0.0,6.51,9.39,0.0,0.0,119,0.0,0.0,0.0,one,SR,1
0,4702,8885,0,0,22.1354,10.2745,10.8015,0.0,0.0,1673,927.0,0.0,0.0,8.03,10.59,0.0,0.0,331,0.0,0.0,0.0,one,SR,1
0,467,9156,0,0,21.9685,11.8547,9.1654,0.0,0.0,1113,770.0,0.0,0.0,3.15,9.48,0.0,0.0,70,0.0,0.0,0.0,one,SR,1
0,1695,3884,0,0,21.9166,12.3301,8.6721,0.0,0.0,1340,722.0,0.0,0.0,5.84,9.14,0.0,0.0,79,0.0,0.0,0.0,one,SR,1
0,2602,635,0,0,21.9921,10.6308,10.3337,0.0,0.0,1805,882.0,0.0,0.0,9.7,10.28,0.0,0.0,326,0.0,0.0,0.0,one,SR,1
0,251,238,0,0,21.9016,11.5305,9.4065,0.0,0.0,1483,793.0,0.0,0.0,6.89,9.65,0.0,0.0,177,0.0,0.0,0.0,one,SR,1
0,1512,3505,0,0,21.5442,11.3894,9.2042,0.0,0.0,1520,773.0,0.0,0.0,7.41,9.51,0.0,0.0,186,0.0,0.0,0.0,one,SR,1
0,2311,9668,0,0,21.4688,10.6923,9.7864,0.0,0.0,1926,829.0,0.0,0.0,11.31,9.9,0.0,0.0,332,0.0,0.0,0.0,one,SR,1
0,1157,9782,0,0,21.3863,10.9429,9.4745,0.0,0.0,1540,799.0,0.0,0.0,7.45,9.69,0.0,0.0,223,0.0,0.0,0.0,one,SR,1
0,4015,6527,0,0,21.2851,10.8048,9.5085,0.0,0.0,1248,803.0,0.0,0.0,4.36,9.72,0.0,0.0,167,0.0,0.0,0.0,one,SR,1
0,3266,2545,0,0,21.2136,11.1718,9.0984,0.0,0.0,1410,763.0,0.0,0.0,6.31,9.43,0.0,0.0,170,0.0,0.0,0.0,one,SR,1
0,2574,8012,0,0,21.227,10.5799,9.6655,0.0,0.0,1593,817.0,0.0,0.0,7.89,9.82,0.0,0.0,260,0.0,0.0,0.0,one,SR,1
0,311,2092,0,0,21.1024,10.4499,9.6702,0.0,0.0,1303,818.0,0.0,0.0,4.84,9.82,0.0,0.0,203,0.0,0.0,0.0,one,SR,1
0,565,3733,0,0,21.1298,10.037,10.0822,0.0,0.0,1220,858.0,0.0,0.0,3.71,10.11,0.0,0.0,220,0.0,0.0,0.0,one,SR,1
0,2801,2203,0,0,21.074,10.3568,9.7307,0.0,0.0,1293,824.0,0.0,0.0,4.7,9.87,0.0,0.0,208,0.0,0.0,0.0,one,SR,1
227,452,8489,3760,3231,97.1255,17.7437,33.196,29.9873,14.82,1592,1820.0,2202.0,1346.0,4.31,8.58,8.62,6.58,69,-221.0,234.0,338.0,many,TR,3
0,1163,963,0,0,20.8065,11.2977,8.5993,0.0,0.0,2008,715.0,0.0,0.0,12.9,9.1,0.0,0.0,279,0.0,0.0,0.0,one,SR,1
0,1213,5877,0,0,20.7928,9.9922,9.8091,0.0,0.0,1368,831.0,0.0,0.0,5.44,9.92,0.0,0.0,246,0.0,0.0,0.0,one,SR,1
0,1202,5313,0,0,20.5982,10.9413,8.7383,0.0,0.0,1170,728.0,0.0,0.0,4.02,9.19,0.0,0.0,117,0.0,0.0,0.0,one,SR,1
0,712,8256,0,0,20.5792,10.421,9.207,0.0,0.0,1422,774.0,0.0,0.0,6.37,9.51,0.0,0.0,216,0.0,0.0,0.0,one,SR,1
0,210,5288,0,0,20.5585,10.6925,8.9339,0.0,0.0,1423,747.0,0.0,0.0,6.55,9.32,0.0,0.0,193,0.0,0.0,0.0,one,SR,1
254,4357,9168,0,0,20.2157,9.5644,9.9956,0.0,0.0,1248,1365.0,0.0,0.0,7.2,9.56,0.0,0.0,82,439.0,0.0,0.0,one,TR,1
0,355,1258,0,0,20.4503,10.0439,9.4395,0.0,0.0,1559,796.0,0.0,0.0,7.67,9.67,0.0,0.0,274,0.0,0.0,0.0,one,SR,1
0,269,9807,0,0,20.402,10.2955,9.1588,0.0,0.0,1201,769.0,0.0,0.0,4.08,9.48,0.0,0.0,172,0.0,0.0,0.0,one,SR,1
213,4596,9083,0,0,20.0339,7.8726,11.5685,0.0,0.0,1698,1476.0,0.0,0.0,12.49,8.93,0.0,0.0,241,485.0,0.0,0.0,one,TR,1
160,3862,7350,0,0,19.9951,7.4894,11.8253,0.0,0.0,1199,1081.0,0.0,0.0,6.47,8.8,0.0,0.0,193,160.0,0.0,0.0,one,TR,1
0,3249,275,0,0,20.191,10.5953,8.6806,0.0,0.0,1251,723.0,0.0,0.0,4.9,9.15,0.0,0.0,152,0.0,0.0,0.0,one,SR,1
0,2812,9838,0,0,19.8974,9.8058,9.1446,0.0,0.0,1343,768.0,0.0,0.0,5.58,9.47,0.0,0.0,229,0.0,0.0,0.0,one,SR,1
0,220,2551,0,0,19.794,9.9057,8.9547,0.0,0.0,1268,749.0,0.0,0.0,4.91,9.34,0.0,0.0,201,0.0,0.0,0.0,one,SR,1
0,3714,6631,0,0,19.7128,9.9321,8.8535,0.0,0.0,1270,740.0,0.0,0.0,4.99,9.27,0.0,0.0,197,0.0,0.0,0.0,one,SR,1
36,308,7118,1255,0,72.9934,11.8935,28.9341,31.1753,0.0,1224,2539.0,2921.0,0.0,3.94,9.95,9.95,0.0,113,493.0,698.0,0.0,many,TR,2
0,1035,6139,0,0,19.609,9.3505,9.3016,0.0,0.0,1261,782.0,0.0,0.0,4.63,9.57,0.0,0.0,240,0.0,0.0,0.0,one,SR,1
0,47,7073,0,0,19.5442,9.5801,9.0256,0.0,0.0,1271,756.0,0.0,0.0,4.9,9.38,0.0,0.0,221,0.0,0.0,0.0,one,SR,1
0,3540,4370,0,0,19.5144,9.8872,8.7099,0.0,0.0,1258,726.0,0.0,0.0,4.95,9.17,0.0,0.0,192,0.0,0.0,0.0,one,SR,1
0,1541,3044,0,0,19.496,9.2302,9.3082,0.0,0.0,1385,783.0,0.0,0.0,5.92,9.58,0.0,0.0,274,0.0,0.0,0.0,one,SR,1
39,2973,7914,0,0,19.011,6.9997,11.3931,0.0,0.0,1301,1360.0,0.0,0.0,8.1,8.18,0.0,0.0,212,434.0,0.0,0.0,one,TR,1
0,2014,196,0,0,19.1624,9.3372,8.8951,0.0,0.0,1222,744.0,0.0,0.0,4.46,9.3,0.0,0.0,219,0.0,0.0,0.0,one,SR,1
0,2442,3615,0,0,19.0415,9.216,8.8961,0.0,0.0,1434,743.0,0.0,0.0,6.69,9.29,0.0,0.0,272,0.0,0.0,0.0,one,SR,1
0,323,9343,0,0,19.0012,9.4407,8.6475,0.0,0.0,1241,720.0,0.0,0.0,4.81,9.13,0.0,0.0,210,0.0,0.0,0.0,one,SR,1
0,2588,1685,0,0,18.981,9.239,8.8176,0.0,0.0,1680,736.0,0.0,0.0,9.32,9.24,0.0,0.0,323,0.0,0.0,0.0,one,SR,1
92,915,3107,798,0,80.9327,11.8967,14.661,53.5211,0.0,1246,1263.0,3172.0,0.0,5.4,7.29,10.25,0.0,52,246.0,-146.0,0.0,many,RT,2
0,512,5515,0,0,18.8989,9.3216,8.6636,0.0,0.0,1432,721.0,0.0,0.0,6.81,9.14,0.0,0.0,259,0.0,0.0,0.0,one,SR,1
262,2698,755,0,0,62.4863,13.7354,47.8174,0.0,0.0,1288,3041.0,0.0,0.0,5.12,14.34,0.0,0.0,2,-177.0,0.0,0.0,one,RT,1
227,1055,3232,3098,0,46.565,14.5122,16.953,14.1909,0.0,1726,1179.0,1478.0,0.0,9.94,7.54,7.54,0.0,46,60.0,429.0,0.0,many,TR,2
252,2598,7277,6079,0,56.2502,9.2899,25.1961,20.8809,0.0,1292,2410.0,1516.0,0.0,5.62,9.46,7.37,0.0,215,584.0,159.0,0.0,many,TR,2
35,504,8596,5252,0,61.2631,12.0007,33.2104,15.1739,0.0,1027,3069.0,1167.0,0.0,2.88,9.1,7.69,0.0,10,763.0,126.0,0.0,many,RT,2
150,4972,8978,11,0,55.303,9.9415,28.741,15.655,0.0,1284,2400.0,1764.0,0.0,4.79,8.8,7.86,0.0,218,443.0,578.0,0.0,many,TR,2
117,3445,3930,639,0,62.4226,12.3506,27.9036,21.352,0.0,1507,2355.0,1761.0,0.0,8.48,9.09,8.07,0.0,68,432.0,302.0,0.0,many,TR,2
223,676,1709,1708,0,73.4238,13.0241,29.7568,29.7568,0.0,1324,1632.0,1632.0,0.0,5.93,8.43,8.43,0.0,25,-207.0,-207.0,0.0,many,RT,2
275,3818,8549,0,0,34.1238,10.961,22.3926,0.0,0.0,1089,2361.0,0.0,0.0,4.5,10.7,0.0,0.0,27,617.0,0.0,0.0,one,RT,1
213,2572,7458,6635,0,46.6238,12.9886,22.2563,10.5539,0.0,1374,2411.0,1045.0,0.0,7.0,8.12,7.12,0.0,9,783.0,267.0,0.0,many,TR,2
140,2375,7219,2850,0,44.8182,12.8942,12.4424,18.4689,0.0,1132,1165.0,1600.0,0.0,2.77,7.1,8.03,0.0,50,278.0,308.0,0.0,many,RT,2
181,3033,8389,5326,0,43.3514,10.1136,13.2978,19.1003,0.0,1213,1075.0,1529.0,0.0,5.18,7.12,7.28,0.0,133,165.0,256.0,0.0,many,RT,2
151,4275,3032,0,0,33.7019,10.2755,22.7403,0.0,0.0,1513,1686.0,0.0,0.0,9.71,9.86,0.0,0.0,117,95.0,0.0,0.0,one,TR,1
11,3265,6996,3461,0,40.7937,8.6543,15.6374,15.6374,0.0,1497,1223.0,1223.0,0.0,7.94,7.32,7.32,0.0,285,167.0,167.0,0.0,many,TR,2
166,276,9919,0,0,33.1436,10.1818,22.3435,0.0,0.0,1256,1373.0,0.0,0.0,7.62,9.18,0.0,0.0,33,-108.0,0.0,0.0,one,RT,1
181,4224,8082,8081,0,46.2187,9.8547,17.7707,17.7707,0.0,1261,1725.0,1725.0,0.0,5.84,8.11,8.11,0.0,149,437.0,437.0,0.0,many,TR,2
213,656,1774,0,0,39.7961,9.4793,29.8025,0.0,0.0,1241,3065.0,0.0,0.0,8.4,10.14,0.0,0.0,17,869.0,0.0,0.0,one,TR,1
182,1312,5064,0,0,19.3152,8.5939,10.212,0.0,0.0,1220,1093.0,0.0,0.0,8.23,7.09,0.0,0.0,57,323.0,0.0,0.0,one,RT,1
26,4599,7485,3419,1178,168.2917,23.4945,30.2139,79.7417,33.0224,1949,2462.0,4332.0,2553.0,4.09,9.88,12.88,11.43,53,375.0,-543.0,247.0,many,TR,3
0,1682,7838,4873,0,64.582,27.6754,17.4685,17.2915,0.0,2543,1428.0,1299.0,0.0,7.38,10.86,10.61,0.0,119,84.0,0.0,0.0,many,SR,2
0,3309,1954,0,0,58.6194,32.9528,23.633,0.0,0.0,4044,2219.0,0.0,0.0,24.16,20.34,0.0,0.0,117,0.0,0.0,0.0,one,SR,1
0,4833,1116,0,0,76.4367,38.5205,34.9598,0.0,0.0,3740,3396.0,0.0,0.0,12.66,29.56,0.0,0.0,195,0.0,0.0,0.0,one,SR,1
0,1518,9335,9334,0,73.697,30.4363,20.4066,20.4066,0.0,2911,1571.0,1571.0,0.0,8.54,12.24,12.24,0.0,198,0.0,0.0,0.0,many,SR,2
0,3635,2521,1915,443,85.3406,39.3356,14.5277,13.9234,14.7465,4324,1073.0,1287.0,1089.0,20.14,9.29,9.39,9.39,210,6.0,202.0,4.0,many,SR,3
0,3592,4718,4682,0,69.1055,26.6658,19.7107,20.2443,0.0,2696,1508.0,2058.0,0.0,5.95,11.84,13.01,0.0,368,0.0,365.0,0.0,many,SR,2
186,4752,5804,3768,2403,101.4616,16.6722,37.9737,21.7899,23.7437,1760,2857.0,1356.0,2273.0,6.94,9.28,7.23,8.31,117,363.0,-6.0,594.0,many,RT,3
0,4191,6284,0,0,41.7879,20.86,19.2509,0.0,0.0,2359,1764.0,0.0,0.0,9.68,16.77,0.0,0.0,216,0.0,0.0,0.0,one,SR,1
0,562,5644,0,0,60.4209,33.046,25.2119,0.0,0.0,3361,2384.0,0.0,0.0,15.82,21.63,0.0,0.0,23,0.0,0.0,0.0,one,SR,1
0,2219,1638,0,0,39.3276,21.4889,16.3938,0.0,0.0,2352,1468.0,0.0,0.0,11.69,14.45,0.0,0.0,70,0.0,0.0,0.0,one,SR,1
0,1264,9833,0,0,58.8422,27.1686,29.1876,0.0,0.0,3947,2796.0,0.0,0.0,19.07,24.86,0.0,0.0,619,0.0,0.0,0.0,one,SR,1
0,4519,3813,3029,0,62.678,26.6616,16.9654,16.9612,0.0,3000,1272.0,1271.0,0.0,12.69,10.45,10.45,0.0,247,0.0,0.0,0.0,many,SR,2
0,536,2695,0,0,47.7627,24.8274,21.107,0.0,0.0,3242,1957.0,0.0,0.0,17.59,18.28,0.0,0.0,273,0.0,0.0,0.0,one,SR,1
0,497,8142,2696,0,49.5453,18.1101,14.4164,15.1251,0.0,1976,1152.0,1116.0,0.0,3.7,9.37,9.57,0.0,381,71.0,0.0,0.0,many,SR,2
233,4890,7876,4820,0,79.2081,14.5316,44.2815,19.362,0.0,1508,2399.0,2063.0,0.0,6.54,10.21,8.12,0.0,56,-341.0,636.0,0.0,many,RT,2
0,2427,3166,0,0,34.269,18.9438,14.0453,0.0,0.0,2030,1239.0,0.0,0.0,9.8,12.8,0.0,0.0,55,0.0,0.0,0.0,one,SR,1
0,3304,8667,0,0,70.439,39.0275,28.945,0.0,0.0,4855,2771.0,0.0,0.0,28.78,24.66,0.0,0.0,181,0.0,0.0,0.0,one,SR,1
38,111,8582,5087,696,173.7482,16.6044,48.7885,33.5924,73.327,1173,2890.0,2635.0,3251.0,-0.61,10.4,9.18,12.78,64,-162.0,391.0,-1115.0,many,RT,3
0,2848,3124,1499,0,47.6353,20.2697,11.3619,14.3107,0.0,2060,797.0,1046.0,0.0,6.39,7.76,9.17,0.0,189,0.0,0.0,0.0,many,SR,2
233,2479,9714,3095,0,77.4396,26.6012,25.0555,24.0383,0.0,2616,2682.0,2496.0,0.0,11.77,11.88,11.57,0.0,0,699.0,610.0,0.0,many,RT,2
0,4252,5115,0,0,32.7723,16.6844,14.7598,0.0,0.0,2193,1307.0,0.0,0.0,11.07,13.28,0.0,0.0,234,0.0,0.0,0.0,one,SR,1
215,1186,184,0,0,31.8386,7.3905,23.8066,0.0,0.0,1188,1495.0,0.0,0.0,6.7,9.42,0.0,0.0,177,-88.0,0.0,0.0,one,TR,1
0,1607,8093,0,0,32.4246,14.6341,16.3495,0.0,0.0,2468,1463.0,0.0,0.0,12.95,14.41,0.0,0.0,458,0.0,0.0,0.0,one,SR,1
0,494,2492,0,0,49.9377,26.2027,21.8463,0.0,0.0,2254,2034.0,0.0,0.0,6.67,18.89,0.0,0.0,10,0.0,0.0,0.0,one,SR,1
0,756,7569,0,0,50.1255,22.3805,25.5545,0.0,0.0,2791,2419.0,0.0,0.0,9.59,21.9,0.0,0.0,476,0.0,0.0,0.0,one,SR,1
0,4659,4251,0,0,43.1339,20.9273,20.4331,0.0,0.0,2243,1887.0,0.0,0.0,7.59,17.73,0.0,0.0,233,0.0,0.0,0.0,one,SR,1
0,650,6962,6491,0,51.7667,23.7629,14.8986,11.3832,0.0,2223,1096.0,798.0,0.0,7.84,9.45,7.76,0.0,53,0.0,0.0,0.0,many,SR,2
0,4697,6074,0,0,30.1929,16.5497,12.4707,0.0,0.0,1546,1087.0,0.0,0.0,5.68,11.73,0.0,0.0,24,0.0,0.0,0.0,one,SR,1
0,1300,7326,4130,0,45.2988,18.0675,13.1686,12.3686,0.0,1294,994.0,891.0,0.0,-1.66,8.69,8.25,0.0,137,33.0,7.0,0.0,many,SR,2
0,2786,3794,0,0,29.99,13.9227,14.7399,0.0,0.0,1740,1306.0,0.0,0.0,6.32,13.27,0.0,0.0,280,0.0,0.0,0.0,one,SR,1
0,2644,5427,0,0,29.8802,14.3716,14.2173,0.0,0.0,1694,1255.0,0.0,0.0,6.17,12.91,0.0,0.0,229,0.0,0.0,0.0,one,SR,1
0,2779,6995,0,0,29.3582,15.9688,12.2324,0.0,0.0,1952,1065.0,0.0,0.0,10.08,11.57,0.0,0.0,137,0.0,0.0,0.0,one,SR,1
0,1359,1850,0,0,45.1162,23.9403,19.4801,0.0,0.0,2493,1788.0,0.0,0.0,10.91,16.96,0.0,0.0,91,0.0,0.0,0.0,one,SR,1
0,18,30,0,0,29.2516,15.342,12.7202,0.0,0.0,1111,1111.0,0.0,0.0,0.96,11.89,0.0,0.0,0,0.0,0.0,0.0,one,SR,1
0,3814,1748,0,0,41.0848,23.5772,16.0877,0.0,0.0,2947,1436.0,0.0,0.0,18.17,14.2,0.0,0.0,79,0.0,0.0,0.0,one,SR,1
0,921,6805,0,0,28.6167,15.018,12.4291,0.0,0.0,1366,1083.0,0.0,0.0,3.82,11.7,0.0,0.0,64,0.0,0.0,0.0,one,SR,1
161,1839,7810,7607,0,39.7135,13.6264,12.9097,12.0532,0.0,1063,1271.0,1072.0,0.0,1.04,8.17,8.07,0.0,49,292.0,176.0,0.0,many,RT,2
0,1568,172,0,0,42.5397,22.0698,18.8274,0.0,0.0,1992,1720.0,0.0,0.0,6.13,16.42,0.0,0.0,54,0.0,0.0,0.0,one,SR,1
0,69,7888,0,0,27.5897,14.3538,12.0888,0.0,0.0,1179,1051.0,0.0,0.0,2.06,11.47,0.0,0.0,47,0.0,0.0,0.0,one,SR,1
0,3964,1405,0,0,27.2277,14.2767,11.8223,0.0,0.0,1123,1025.0,0.0,0.0,1.63,11.29,0.0,0.0,30,0.0,0.0,0.0,one,SR,1
0,2243,7816,0,0,27.072,14.0617,11.8781,0.0,0.0,2118,1030.0,0.0,0.0,12.05,11.32,0.0,0.0,263,0.0,0.0,0.0,one,SR,1
0,1931,169,0,0,45.7838,24.9514,19.1624,0.0,0.0,2584,1755.0,0.0,0.0,12.1,16.7,0.0,0.0,45,0.0,0.0,0.0,one,SR,1
0,1316,2861,0,0,26.9024,14.229,11.5624,0.0,0.0,1940,1000.0,0.0,0.0,10.37,11.11,0.0,0.0,205,0.0,0.0,0.0,one,SR,1
0,1211,2263,1552,0,43.5315,20.4544,10.782,10.7835,0.0,2231,858.0,747.0,0.0,9.82,7.64,7.48,0.0,130,82.0,0.0,0.0,many,SR,2
0,469,7448,0,0,44.3157,22.096,20.4448,0.0,0.0,2728,1889.0,0.0,0.0,12.67,17.75,0.0,0.0,279,0.0,0.0,0.0,one,SR,1
0,1666,6564,0,0,26.2106,12.1918,12.8223,0.0,0.0,1670,1121.0,0.0,0.0,6.77,11.97,0.0,0.0,294,0.0,0.0,0.0,one,SR,1
0,4456,1783,0,0,36.7313,19.1196,16.184,0.0,0.0,1774,1446.0,0.0,0.0,5.78,14.28,0.0,0.0,60,0.0,0.0,0.0,one,SR,1
0,4889,5330,0,0,57.7887,32.829,22.9785,0.0,0.0,3762,2152.0,0.0,0.0,21.67,19.81,0.0,0.0,36,0.0,0.0,0.0,one,SR,1
0,727,9995,0,0,24.7431,12.203,11.4376,0.0,0.0,1663,988.0,0.0,0.0,7.54,11.03,0.0,0.0,247,0.0,0.0,0.0,one,SR,1
0,785,563,0,0,24.2176,11.2704,11.8185,0.0,0.0,1391,1025.0,0.0,0.0,4.45,11.29,0.0,0.0,249,0.0,0.0,0.0,one,SR,1
0,344,8626,0,0,24.2056,10.9717,12.0869,0.0,0.0,1257,1051.0,0.0,0.0,2.87,11.47,0.0,0.0,244,0.0,0.0,0.0,one,SR,1
0,1417,9575,0,0,37.7467,20.9263,15.445,0.0,0.0,2187,1374.0,0.0,0.0,10.58,13.75,0.0,0.0,30,0.0,0.0,0.0,one,SR,1
0,335,3269,0,0,40.9674,22.2977,17.1621,0.0,0.0,2443,1548.0,0.0,0.0,12.08,15.08,0.0,0.0,77,0.0,0.0,0.0,one,SR,1
0,518,4180,0,0,36.7462,17.1773,17.9938,0.0,0.0,1849,1634.0,0.0,0.0,5.24,15.75,0.0,0.0,250,0.0,0.0,0.0,one,SR,1
0,73,2946,0,0,37.2752,20.3085,15.5821,0.0,0.0,2080,1387.0,0.0,0.0,9.38,13.85,0.0,0.0,44,0.0,0.0,0.0,one,SR,1
0,1324,2842,0,0,23.3847,12.2344,10.1361,0.0,0.0,1229,863.0,0.0,0.0,3.78,10.14,0.0,0.0,107,0.0,0.0,0.0,one,SR,1
0,1754,9080,0,0,23.3521,11.2561,11.0217,0.0,0.0,1324,948.0,0.0,0.0,4.23,10.74,0.0,0.0,209,0.0,0.0,0.0,one,SR,1
0,1170,8149,0,0,23.2232,12.2782,9.9443,0.0,0.0,1409,844.0,0.0,0.0,5.79,10.01,0.0,0.0,138,0.0,0.0,0.0,one,SR,1
0,4798,601,0,0,30.6301,17.6347,11.8639,0.0,0.0,2017,1029.0,0.0,0.0,10.99,11.32,0.0,0.0,51,0.0,0.0,0.0,one,SR,1
0,4777,931,0,0,22.5323,11.0693,10.4291,0.0,0.0,1402,891.0,0.0,0.0,5.42,10.34,0.0,0.0,217,0.0,0.0,0.0,one,SR,1
0,4750,7902,0,0,39.5351,23.1956,14.9952,0.0,0.0,2788,1330.0,0.0,0.0,17.18,13.44,0.0,0.0,28,0.0,0.0,0.0,one,SR,1
0,2216,9437,0,0,22.14,10.4346,10.656,0.0,0.0,1569,913.0,0.0,0.0,7.03,10.49,0.0,0.0,295,0.0,0.0,0.0,one,SR,1
0,3475,9853,0,0,21.965,10.863,10.0907,0.0,0.0,1416,859.0,0.0,0.0,5.77,10.11,0.0,0.0,220,0.0,0.0,0.0,one,SR,1
0,4712,6679,0,0,21.8799,11.1367,9.7552,0.0,0.0,1418,826.0,0.0,0.0,6.0,9.88,0.0,0.0,195,0.0,0.0,0.0,one,SR,1
0,1776,1349,0,0,34.2626,18.2915,14.6502,0.0,0.0,1748,1297.0,0.0,0.0,6.47,13.21,0.0,0.0,47,0.0,0.0,0.0,one,SR,1
0,3794,7857,0,0,41.4607,21.8332,18.0477,0.0,0.0,1966,1640.0,0.0,0.0,6.43,15.8,0.0,0.0,31,0.0,0.0,0.0,one,SR,1
0,2335,7459,0,0,32.4935,18.2377,13.0444,0.0,0.0,1774,1142.0,0.0,0.0,7.72,12.11,0.0,0.0,3,0.0,0.0,0.0,one,SR,1
0,1446,8609,6649,0,59.1262,23.515,13.0272,20.4994,0.0,1646,938.0,1580.0,0.0,-1.48,8.56,12.29,0.0,112,0.0,1.0,0.0,many,SR,2
157,4700,6670,0,0,20.7771,9.9128,10.2694,0.0,0.0,1165,1015.0,0.0,0.0,6.88,7.95,0.0,0.0,16,218.0,0.0,0.0,one,TR,1
0,122,8658,0,0,35.1026,15.3861,18.1304,0.0,0.0,1853,1648.0,0.0,0.0,5.18,15.86,0.0,0.0,351,0.0,0.0,0.0,one,SR,1
0,4459,5622,0,0,45.1856,25.4521,18.1459,0.0,0.0,2940,1650.0,0.0,0.0,16.58,15.88,0.0,0.0,58,0.0,0.0,0.0,one,SR,1
0,2866,5878,0,0,20.3914,9.8668,9.5501,0.0,0.0,1233,807.0,0.0,0.0,4.18,9.75,0.0,0.0,215,0.0,0.0,0.0,one,SR,1
0,508,3321,0,0,37.6541,19.9573,16.2629,0.0,0.0,2836,1454.0,0.0,0.0,16.87,14.34,0.0,0.0,253,0.0,0.0,0.0,one,SR,1
204,1473,9219,7120,6319,115.5502,18.103,36.02,29.6204,30.4997,2384,2538.0,2339.0,2992.0,13.27,9.32,9.44,9.32,191,194.0,324.0,816.0,many,RT,3
0,4297,4892,466,0,42.5606,15.9647,12.4239,12.5119,0.0,1876,905.0,894.0,0.0,4.76,8.29,8.31,0.0,361,14.0,0.0,0.0,many,SR,2
0,3946,5289,0,0,31.2564,17.0951,12.9555,0.0,0.0,2514,1134.0,0.0,0.0,15.55,12.06,0.0,0.0,225,0.0,0.0,0.0,one,SR,1
0,739,8585,0,0,19.5644,9.2692,9.3356,0.0,0.0,1331,786.0,0.0,0.0,5.34,9.6,0.0,0.0,261,0.0,0.0,0.0,one,SR,1
0,240,3422,0,0,19.5021,9.3695,9.1834,0.0,0.0,1314,771.0,0.0,0.0,5.26,9.49,0.0,0.0,247,0.0,0.0,0.0,one,SR,1
0,4372,6557,0,0,34.1701,18.3414,14.5169,0.0,0.0,2511,1284.0,0.0,0.0,14.56,13.12,0.0,0.0,209,0.0,0.0,0.0,one,SR,1
0,2139,5915,0,0,29.5569,14.324,13.9593,0.0,0.0,1792,1230.0,0.0,0.0,7.35,12.74,0.0,0.0,245,0.0,0.0,0.0,one,SR,1
0,3549,640,0,0,19.2806,9.7346,8.6343,0.0,0.0,1211,718.0,0.0,0.0,4.51,9.12,0.0,0.0,187,0.0,0.0,0.0,one,SR,1
0,1247,7374,0,0,40.3689,22.3654,16.546,0.0,0.0,2327,1484.0,0.0,0.0,11.32,14.57,0.0,0.0,24,0.0,0.0,0.0,one,SR,1
0,1410,2034,0,0,31.4709,15.6479,14.5112,0.0,0.0,1930,1284.0,0.0,0.0,8.46,13.12,0.0,0.0,223,0.0,0.0,0.0,one,SR,1
0,3608,4950,0,0,29.8082,13.4633,14.9999,0.0,0.0,1821,1331.0,0.0,0.0,7.02,13.45,0.0,0.0,331,0.0,0.0,0.0,one,SR,1
0,1233,4737,0,0,18.7986,9.1325,8.7468,0.0,0.0,1702,729.0,0.0,0.0,9.6,9.19,0.0,0.0,331,0.0,0.0,0.0,one,SR,1
0,3462,998,0,0,27.8833,14.5272,12.2013,0.0,0.0,1799,1062.0,0.0,0.0,8.5,11.55,0.0,0.0,179,0.0,0.0,0.0,one,SR,1
0,4618,6131,0,0,32.1388,17.2022,13.6814,0.0,0.0,2252,1204.0,0.0,0.0,12.35,12.55,0.0,0.0,185,0.0,0.0,0.0,one,SR,1
0,2167,6926,0,0,31.2799,17.5869,12.517,0.0,0.0,2078,1092.0,0.0,0.0,11.23,11.76,0.0,0.0,88,0.0,0.0,0.0,one,SR,1
0,3162,2142,0,0,30.1794,13.6106,15.2097,0.0,0.0,1677,1351.0,0.0,0.0,5.38,13.59,0.0,0.0,298,0.0,0.0,0.0,one,SR,1
0,1846,1245,0,0,36.0009,19.6985,14.9602,0.0,0.0,1841,1327.0,0.0,0.0,7.25,13.42,0.0,0.0,3,0.0,0.0,0.0,one,SR,1
0,2085,2623,0,0,34.915,19.8321,13.8184,0.0,0.0,2258,1217.0,0.0,0.0,12.33,12.64,0.0,0.0,51,0.0,0.0,0.0,one,SR,1
127,3453,7841,6644,4336,104.4214,19.2214,30.083,23.2345,30.0668,2624,2804.0,1972.0,2823.0,11.21,10.13,8.9,10.13,428,646.0,347.0,662.0,many,TR,3
181,3437,6174,6117,0,52.8031,12.3984,18.104,21.3176,0.0,1164,1692.0,1990.0,0.0,3.37,7.7,9.13,0.0,69,414.0,440.0,0.0,many,TR,2
0,2586,9789,0,0,31.1742,16.9648,13.0009,0.0,0.0,1518,1138.0,0.0,0.0,5.06,12.09,0.0,0.0,13,0.0,0.0,0.0,one,SR,1
0,3999,9680,0,0,34.18,18.3754,14.4942,0.0,0.0,2202,1282.0,0.0,0.0,11.33,13.1,0.0,0.0,138,0.0,0.0,0.0,one,SR,1
0,4942,1630,0,0,31.3292,17.5528,12.5954,0.0,0.0,1823,1099.0,0.0,0.0,8.51,11.81,0.0,0.0,36,0.0,0.0,0.0,one,SR,1
0,1582,3517,0,0,28.707,15.0749,12.4603,0.0,0.0,1438,1086.0,0.0,0.0,4.55,11.72,0.0,0.0,78,0.0,0.0,0.0,one,SR,1
0,986,343,0,0,31.4362,14.3325,15.7106,0.0,0.0,2206,1399.0,0.0,0.0,10.63,13.93,0.0,0.0,393,0.0,0.0,0.0,one,SR,1
0,1057,4866,0,0,33.6218,18.5592,13.7996,0.0,0.0,2281,1215.0,0.0,0.0,12.58,12.63,0.0,0.0,123,0.0,0.0,0.0,one,SR,1
0,830,372,0,0,34.9335,18.6959,14.8997,0.0,0.0,1848,1321.0,0.0,0.0,7.36,13.38,0.0,0.0,56,0.0,0.0,0.0,one,SR,1
0,2115,3237,0,0,33.8069,18.7298,13.8127,0.0,0.0,1781,1217.0,0.0,0.0,7.32,12.64,0.0,0.0,4,0.0,0.0,0.0,one,SR,1
22,3009,9910,3357,0,60.4037,14.9772,22.0271,22.1918,0.0,1220,1663.0,1653.0,0.0,1.94,9.03,9.05,0.0,52,148.0,131.0,0.0,many,RT,2
118,2774,6601,0,0,59.258,8.1565,50.4522,0.0,0.0,1233,2935.0,0.0,0.0,7.1,11.49,0.0,0.0,150,-253.0,0.0,0.0,one,RT,1
66,1999,3212,1466,0,60.8779,14.1549,24.4382,21.1627,0.0,1234,1855.0,2275.0,0.0,2.86,8.62,8.6,0.0,58,210.0,702.0,0.0,many,TR,2
0,4471,8183,0,0,36.0685,20.1196,14.6294,0.0,0.0,2122,1295.0,0.0,0.0,10.4,13.2,0.0,0.0,32,0.0,0.0,0.0,one,SR,1
0,2213,4840,0,0,35.6028,19.6501,14.6332,0.0,0.0,2259,1295.0,0.0,0.0,11.84,13.2,0.0,0.0,87,0.0,0.0,0.0,one,SR,1
0,538,9926,0,0,32.4636,17.751,13.4716,0.0,0.0,1844,1184.0,0.0,0.0,8.19,12.41,0.0,0.0,59,0.0,0.0,0.0,one,SR,1
227,4627,3922,0,0,54.2979,10.8785,42.8478,0.0,0.0,1573,3290.0,0.0,0.0,11.37,10.72,0.0,0.0,44,421.0,0.0,0.0,one,TR,1
168,4968,8895,8894,0,68.7825,12.1442,27.8959,27.8959,0.0,1298,1540.0,1540.0,0.0,6.01,8.23,8.23,0.0,47,-186.0,-186.0,0.0,many,RT,2
0,1423,5057,0,0,25.1921,14.4711,9.7345,0.0,0.0,1437,824.0,0.0,0.0,6.21,9.87,0.0,0.0,21,0.0,0.0,0.0,one,SR,1
0,566,7419,0,0,25.339,12.4045,11.8072,0.0,0.0,1386,1023.0,0.0,0.0,4.41,11.27,0.0,0.0,187,0.0,0.0,0.0,one,SR,1
0,4086,1883,0,0,26.2791,15.7561,9.5492,0.0,0.0,1768,806.0,0.0,0.0,9.8,9.74,0.0,0.0,20,0.0,0.0,0.0,one,SR,1
92,3451,5387,3735,0,53.2934,11.806,25.8178,14.7856,0.0,1379,1990.0,1579.0,0.0,6.52,8.41,7.43,0.0,101,265.0,489.0,0.0,many,RT,2
0,4677,9354,0,0,27.3351,13.2792,12.8573,0.0,0.0,1772,1124.0,0.0,0.0,7.82,11.99,0.0,0.0,260,0.0,0.0,0.0,one,SR,1
0,3244,5718,0,0,26.0569,14.3587,10.6494,0.0,0.0,1423,912.0,0.0,0.0,5.5,10.49,0.0,0.0,54,0.0,0.0,0.0,one,SR,1
263,4108,9094,4209,0,63.5913,12.8907,22.1069,27.5584,0.0,1078,2052.0,2075.0,0.0,2.0,9.16,9.2,0.0,49,452.0,217.0,0.0,many,RT,2
92,2300,9368,8684,0,68.6595,11.7533,14.5054,41.5435,0.0,1071,1264.0,2942.0,0.0,3.53,7.28,9.29,0.0,23,254.0,266.0,0.0,many,RT,2
0,4611,7318,0,0,28.2561,14.7537,12.3383,0.0,0.0,1650,1075.0,0.0,0.0,6.85,11.64,0.0,0.0,138,0.0,0.0,0.0,one,SR,1
0,1113,5285,0,0,23.4431,12.1967,10.2259,0.0,0.0,1581,872.0,0.0,0.0,7.42,10.21,0.0,0.0,190,0.0,0.0,0.0,one,SR,1
164,3296,5424,2773,0,108.246,7.9791,57.4258,42.0191,0.0,1246,3852.0,2752.0,0.0,5.68,10.11,9.11,0.0,245,229.0,99.0,0.0,many,RT,2
0,304,5892,34,0,45.0547,19.4804,11.8648,12.0947,0.0,1484,851.0,874.0,0.0,1.05,8.01,8.13,0.0,66,9.0,11.0,0.0,many,SR,2
50,3647,7747,0,0,25.3628,8.7084,16.1218,0.0,0.0,1164,1678.0,0.0,0.0,7.43,9.33,0.0,0.0,50,419.0,0.0,0.0,one,TR,1
234,4570,3509,2610,0,77.7144,12.3891,27.7197,36.7178,0.0,1316,1929.0,1956.0,0.0,5.83,8.45,8.43,0.0,58,126.0,-267.0,0.0,many,RT,2
0,2697,6739,0,0,29.0996,16.2432,11.7334,0.0,0.0,1539,1017.0,0.0,0.0,6.05,11.23,0.0,0.0,15,0.0,0.0,0.0,one,SR,1
0,1013,2700,0,0,26.5139,14.4753,10.9679,0.0,0.0,1500,943.0,0.0,0.0,6.11,10.71,0.0,0.0,75,0.0,0.0,0.0,one,SR,1
0,965,8726,0,0,25.1582,12.8678,11.2042,0.0,0.0,1414,965.0,0.0,0.0,5.07,10.86,0.0,0.0,149,0.0,0.0,0.0,one,SR,1
0,1267,8566,0,0,24.9851,13.8291,10.1418,0.0,0.0,1417,863.0,0.0,0.0,5.75,10.14,0.0,0.0,64,0.0,0.0,0.0,one,SR,1
243,2322,2822,0,0,36.437,8.0519,27.8199,0.0,0.0,1166,1790.0,0.0,0.0,7.16,9.65,0.0,0.0,101,-46.0,0.0,0.0,one,TR,1
121,1959,5253,0,0,28.3754,10.8522,16.8074,0.0,0.0,1251,1970.0,0.0,0.0,6.69,10.16,0.0,0.0,43,585.0,0.0,0.0,one,TR,1
0,4376,6858,0,0,27.4051,14.8374,11.4631,0.0,0.0,1540,991.0,0.0,0.0,6.23,11.05,0.0,0.0,81,0.0,0.0,0.0,one,SR,1
140,1638,1568,0,0,33.7545,9.8198,23.4119,0.0,0.0,1248,2028.0,0.0,0.0,8.4,9.23,0.0,0.0,5,369.0,0.0,0.0,one,TR,1
252,1373,4754,2999,0,45.1427,9.6744,18.4093,16.1207,0.0,1206,1565.0,1026.0,0.0,4.22,7.71,7.67,0.0,202,297.0,-31.0,0.0,many,RT,2
0,845,8644,0,0,20.13,10.4861,8.726,0.0,0.0,1517,727.0,0.0,0.0,7.67,9.18,0.0,0.0,218,0.0,0.0,0.0,one,SR,1
0,4023,8958,0,0,21.6321,11.9177,8.7922,0.0,0.0,1283,733.0,0.0,0.0,5.17,9.22,0.0,0.0,92,0.0,0.0,0.0,one,SR,1
281,4366,8186,4557,0,73.8702,10.7934,28.6392,33.4369,0.0,1197,1919.0,2301.0,0.0,3.56,9.01,9.0,0.0,170,50.0,137.0,0.0,many,RT,2
0,394,7504,0,0,23.9116,13.5237,9.4226,0.0,0.0,1480,794.0,0.0,0.0,6.85,9.65,0.0,0.0,71,0.0,0.0,0.0,one,SR,1
181,3011,2089,0,0,28.8104,7.2207,21.0507,0.0,0.0,1151,2123.0,0.0,0.0,7.23,8.39,0.0,0.0,129,594.0,0.0,0.0,one,TR,1
0,2751,6399,0,0,23.7368,11.6002,11.0595,0.0,0.0,2243,952.0,0.0,0.0,13.86,10.77,0.0,0.0,395,0.0,0.0,0.0,one,SR,1
0,2200,9076,0,0,25.2277,14.1812,10.0388,0.0,0.0,1429,854.0,0.0,0.0,5.93,10.08,0.0,0.0,45,0.0,0.0,0.0,one,SR,1
0,4935,2800,0,0,23.0927,11.8,10.2694,0.0,0.0,1697,876.0,0.0,0.0,8.61,10.23,0.0,0.0,238,0.0,0.0,0.0,one,SR,1
88,4336,6604,0,0,33.1508,9.1887,23.3905,0.0,0.0,1068,1380.0,0.0,0.0,6.07,8.72,0.0,0.0,22,-129.0,0.0,0.0,one,TR,1
22,1376,1279,0,0,29.2464,10.1866,18.4041,0.0,0.0,1082,2196.0,0.0,0.0,5.46,9.56,0.0,0.0,12,721.0,0.0,0.0,one,TR,1
0,1404,7440,0,0,26.7573,14.9871,10.7164,0.0,0.0,1939,919.0,0.0,0.0,10.88,10.54,0.0,0.0,137,0.0,0.0,0.0,one,SR,1
52,636,8479,0,0,30.9005,9.3869,21.005,0.0,0.0,1546,1494.0,0.0,0.0,11.66,9.09,0.0,0.0,87,56.0,0.0,0.0,one,RT,1
0,895,7561,0,0,23.637,13.2881,9.3857,0.0,0.0,1500,791.0,0.0,0.0,7.08,9.63,0.0,0.0,87,0.0,0.0,0.0,one,SR,1
224,1540,4316,0,0,25.0473,8.854,15.6515,0.0,0.0,1289,1786.0,0.0,0.0,8.66,8.42,0.0,0.0,74,570.0,0.0,0.0,one,RT,1
0,2150,5917,0,0,22.127,12.1445,9.0426,0.0,0.0,1375,758.0,0.0,0.0,5.98,9.4,0.0,0.0,109,0.0,0.0,0.0,one,SR,1
233,4085,4941,4940,0,60.21,10.3482,24.5253,24.5253,0.0,1100,1348.0,1348.0,0.0,4.25,8.06,8.06,0.0,82,-177.0,-177.0,0.0,many,TR,2
69,3199,3784,0,0,23.5136,9.183,13.8079,0.0,0.0,1300,1386.0,0.0,0.0,8.95,8.23,0.0,0.0,50,341.0,0.0,0.0,one,RT,1
0,4943,5849,0,0,24.3012,12.9362,10.3375,0.0,0.0,1796,882.0,0.0,0.0,9.61,10.28,0.0,0.0,202,0.0,0.0,0.0,one,SR,1
0,2763,9155,0,0,26.9845,16.7467,9.2817,0.0,0.0,1981,781.0,0.0,0.0,12.19,9.56,0.0,0.0,6,0.0,0.0,0.0,one,SR,1
0,2443,6637,0,0,25.4435,14.5486,9.897,0.0,0.0,1719,840.0,0.0,0.0,9.07,9.98,0.0,0.0,85,0.0,0.0,0.0,one,SR,1
181,2017,923,0,0,26.3011,6.8877,18.7239,0.0,0.0,1307,1478.0,0.0,0.0,7.52,9.9,0.0,0.0,253,111.0,0.0,0.0,one,RT,1
0,1681,8303,0,0,22.3132,11.6109,9.7165,0.0,0.0,1235,823.0,0.0,0.0,4.09,9.86,0.0,0.0,128,0.0,0.0,0.0,one,SR,1
0,3516,1678,0,0,22.2622,12.3165,9.0086,0.0,0.0,1315,754.0,0.0,0.0,5.37,9.37,0.0,0.0,85,0.0,0.0,0.0,one,SR,1
0,768,229,0,0,24.4684,14.8635,8.6891,0.0,0.0,1696,724.0,0.0,0.0,9.57,9.16,0.0,0.0,24,0.0,0.0,0.0,one,SR,1
9,2437,3196,0,0,26.9482,9.7632,16.6325,0.0,0.0,1203,1324.0,0.0,0.0,7.66,8.52,0.0,0.0,12,147.0,0.0,0.0,one,RT,1
0,349,2132,0,0,21.8014,12.2129,8.674,0.0,0.0,1226,722.0,0.0,0.0,4.64,9.14,0.0,0.0,60,0.0,0.0,0.0,one,SR,1
22,4692,5689,0,0,22.3212,9.5726,12.0215,0.0,0.0,1385,1342.0,0.0,0.0,8.0,9.27,0.0,0.0,146,340.0,0.0,0.0,one,TR,1
0,4337,8792,0,0,23.6382,13.4984,9.19,0.0,0.0,1631,772.0,0.0,0.0,8.58,9.5,0.0,0.0,98,0.0,0.0,0.0,one,SR,1
86,1010,4807,2465,0,60.5038,11.8218,23.3217,24.3618,0.0,1625,1953.0,1786.0,0.0,8.08,7.99,7.99,0.0,209,370.0,187.0,0.0,many,TR,2
21,3796,1036,0,0,25.1708,7.7847,16.8499,0.0,0.0,1216,1751.0,0.0,0.0,7.94,9.36,0.0,0.0,112,443.0,0.0,0.0,one,TR,1
0,4407,542,0,0,21.2982,10.5718,9.7391,0.0,0.0,1308,825.0,0.0,0.0,4.85,9.87,0.0,0.0,200,0.0,0.0,0.0,one,SR,1
191,2077,1052,0,0,28.5247,9.541,18.4496,0.0,0.0,1511,1674.0,0.0,0.0,11.06,8.34,0.0,0.0,83,354.0,0.0,0.0,one,TR,1
0,291,2494,0,0,23.1313,13.5818,8.6371,0.0,0.0,1468,719.0,0.0,0.0,7.2,9.12,0.0,0.0,40,0.0,0.0,0.0,one,SR,1
0,1443,8651,0,0,23.1066,12.9426,9.2127,0.0,0.0,1368,774.0,0.0,0.0,5.8,9.51,0.0,0.0,70,0.0,0.0,0.0,one,SR,1
224,1569,7947,0,0,38.7664,8.9539,29.2791,0.0,0.0,1534,3057.0,0.0,0.0,11.31,10.33,0.0,0.0,119,878.0,0.0,0.0,one,RT,1
0,185,6190,0,0,21.0839,11.3752,8.7865,0.0,0.0,1149,733.0,0.0,0.0,3.76,9.22,0.0,0.0,91,0.0,0.0,0.0,one,SR,1
0,2641,4925,0,0,22.6002,12.973,8.7099,0.0,0.0,1266,726.0,0.0,0.0,5.04,9.17,0.0,0.0,30,0.0,0.0,0.0,one,SR,1
0,1589,1091,0,0,24.2061,14.2883,8.9821,0.0,0.0,1485,752.0,0.0,0.0,7.17,9.36,0.0,0.0,17,0.0,0.0,0.0,one,SR,1
191,1640,36,0,0,30.1308,9.084,20.4286,0.0,0.0,1440,1817.0,0.0,0.0,9.56,9.18,0.0,0.0,132,339.0,0.0,0.0,one,RT,1
257,1535,9529,0,0,20.6914,8.9153,11.247,0.0,0.0,1094,1114.0,0.0,0.0,6.72,8.29,0.0,0.0,22,237.0,0.0,0.0,one,RT,1
252,1147,2875,0,0,33.7674,8.3691,24.8875,0.0,0.0,1244,1528.0,0.0,0.0,8.47,9.11,0.0,0.0,75,-97.0,0.0,0.0,one,RT,1
0,412,6638,0,0,20.0213,10.4477,8.6598,0.0,0.0,1266,721.0,0.0,0.0,5.07,9.14,0.0,0.0,162,0.0,0.0,0.0,one,SR,1
0,1774,2469,0,0,24.3545,14.8216,8.622,0.0,0.0,1714,717.0,0.0,0.0,9.8,9.11,0.0,0.0,28,0.0,0.0,0.0,one,SR,1
117,309,7071,0,0,33.0323,7.8168,24.5987,0.0,0.0,1319,2418.0,0.0,0.0,8.3,10.17,0.0,0.0,172,586.0,0.0,0.0,one,TR,1
176,4038,8797,0,0,23.8541,7.0351,16.2779,0.0,0.0,1178,1673.0,0.0,0.0,7.5,9.41,0.0,0.0,146,404.0,0.0,0.0,one,RT,1
0,4528,2361,1683,0,41.6867,16.394,12.6495,11.0392,0.0,2359,950.0,769.0,0.0,10.33,8.44,7.6,0.0,418,33.0,0.0,0.0,many,SR,2
157,4381,5267,0,0,21.2664,7.6746,12.7643,0.0,0.0,1423,1665.0,0.0,0.0,7.49,11.27,0.0,0.0,303,474.0,0.0,0.0,one,TR,1
165,1125,2925,0,0,18.4027,7.3847,10.4945,0.0,0.0,1137,1270.0,0.0,0.0,7.23,8.23,0.0,0.0,110,400.0,0.0,0.0,one,RT,1
238,4162,4189,0,0,28.4985,7.2689,20.7175,0.0,0.0,1456,2036.0,0.0,0.0,10.68,9.12,0.0,0.0,181,505.0,0.0,0.0,one,RT,1
31,1298,4732,0,0,34.7727,7.067,27.1907,0.0,0.0,1722,2917.0,0.0,0.0,13.45,10.15,0.0,0.0,252,870.0,0.0,0.0,one,RT,1
275,245,5041,0,0,17.2741,6.3918,10.3708,0.0,0.0,1174,1062.0,0.0,0.0,7.72,7.11,0.0,0.0,165,290.0,0.0,0.0,one,RT,1
72,3216,9239,0,0,26.2151,7.169,18.4159,0.0,0.0,1403,2022.0,0.0,0.0,9.06,9.3,0.0,0.0,231,592.0,0.0,0.0,one,RT,1
265,4244,1706,0,0,19.8465,6.8534,12.365,0.0,0.0,1353,1521.0,0.0,0.0,8.55,9.28,0.0,0.0,236,468.0,0.0,0.0,one,RT,1
0,805,4665,2151,0,60.629,24.5007,21.6594,12.3194,0.0,1878,1878.0,878.0,0.0,0.37,13.28,8.22,0.0,142,142.0,0.0,0.0,many,SR,2
136,1686,4657,0,0,32.9664,6.9196,25.5402,0.0,0.0,1181,2635.0,0.0,0.0,7.84,10.07,0.0,0.0,136,722.0,0.0,0.0,one,RT,1
208,1508,2118,0,0,25.8556,5.9592,19.3617,0.0,0.0,1494,1106.0,0.0,0.0,10.87,8.35,0.0,0.0,270,-147.0,0.0,0.0,one,RT,1
120,4822,4084,0,0,33.3249,5.4881,27.312,0.0,0.0,1249,2340.0,0.0,0.0,8.39,9.25,0.0,0.0,236,440.0,0.0,0.0,one,RT,1
233,2817,4700,0,0,15.0153,5.4055,9.0361,0.0,0.0,1604,1086.0,0.0,0.0,11.68,8.74,0.0,0.0,342,296.0,0.0,0.0,one,RT,1
262,3433,8333,8332,0,45.7571,14.5779,15.0706,15.0706,0.0,1571,1617.0,1617.0,0.0,7.15,7.19,7.19,0.0,70,517.0,517.0,0.0,many,RT,2
42,4878,8890,0,0,55.0324,12.8868,41.2487,0.0,0.0,1508,2998.0,0.0,0.0,7.76,13.97,0.0,0.0,78,109.0,0.0,0.0,one,TR,1
86,3559,3863,3100,0,60.9091,17.6354,21.1082,21.1082,0.0,2242,1932.0,1932.0,0.0,14.02,8.29,8.29,0.0,65,442.0,442.0,0.0,many,RT,2
0,4626,571,0,0,26.7998,15.4865,10.2893,0.0,0.0,1654,877.0,0.0,0.0,8.15,10.24,0.0,0.0,33,0.0,0.0,0.0,one,SR,1
161,2037,1729,0,0,39.6789,14.7568,23.9418,0.0,0.0,1447,2113.0,0.0,0.0,6.37,12.8,0.0,0.0,5,248.0,0.0,0.0,one,TR,1
224,3504,2297,0,0,36.6473,11.2118,24.6073,0.0,0.0,1711,2496.0,0.0,0.0,10.51,11.28,0.0,0.0,179,597.0,0.0,0.0,one,TR,1
180,303,3245,0,0,37.3667,13.135,23.1207,0.0,0.0,1706,2419.0,0.0,0.0,7.91,14.11,0.0,0.0,211,473.0,0.0,0.0,one,TR,1
0,2513,9889,2438,0,53.0275,20.5856,19.6768,10.8269,0.0,2397,1541.0,751.0,0.0,7.72,11.88,7.5,0.0,364,26.0,0.0,0.0,many,SR,2
260,2065,3416,197,0,62.9353,11.7877,24.9883,24.9681,0.0,1643,2400.0,2394.0,0.0,6.53,9.96,9.96,0.0,307,563.0,559.0,0.0,many,TR,2
278,2344,5527,0,0,33.5549,9.9853,22.9252,0.0,0.0,1451,2699.0,0.0,0.0,9.44,11.44,0.0,0.0,99,831.0,0.0,0.0,one,TR,1
66,4952,4805,3160,0,56.6191,13.9128,25.2217,16.4073,0.0,1337,2683.0,1886.0,0.0,4.34,9.38,8.39,0.0,72,807.0,617.0,0.0,many,RT,2
184,3211,4784,4501,506,79.0015,20.4429,22.041,16.3032,18.3823,1396,2701.0,1638.0,1804.0,-1.83,10.78,9.87,8.66,99,904.0,353.0,447.0,many,RT,3
168,1673,5952,0,0,29.0822,10.3509,17.9829,0.0,0.0,1251,1431.0,0.0,0.0,6.4,10.48,0.0,0.0,85,80.0,0.0,0.0,one,TR,1
0,2040,9891,175,0,37.9795,14.5938,10.9485,10.9251,0.0,1609,775.0,759.0,0.0,3.29,7.58,7.54,0.0,304,10.0,0.0,0.0,many,SR,2
0,1855,2573,292,0,44.6602,18.2466,12.3822,12.3822,0.0,1787,883.0,883.0,0.0,3.92,8.25,8.25,0.0,215,0.0,0.0,0.0,many,SR,2
277,1289,5257,5256,0,60.9132,12.3882,23.7457,23.7457,0.0,1378,1642.0,1642.0,0.0,5.17,8.17,8.17,0.0,141,91.0,91.0,0.0,many,RT,2
124,4713,9247,3726,0,44.9092,10.3812,16.2557,17.4003,0.0,1277,1601.0,1517.0,0.0,5.56,7.14,7.58,0.0,148,452.0,311.0,0.0,many,RT,2
88,3147,3737,1482,0,79.507,10.3919,17.8155,50.3965,0.0,1361,1237.0,2807.0,0.0,6.16,7.76,9.27,0.0,181,57.0,-251.0,0.0,many,RT,2
0,1924,5304,0,0,23.0465,12.7437,9.3432,0.0,0.0,1433,786.0,0.0,0.0,6.41,9.6,0.0,0.0,99,0.0,0.0,0.0,one,SR,1
0,4860,8687,4708,0,61.5554,23.1469,18.0073,18.2014,0.0,1897,1360.0,1379.0,0.0,0.12,10.95,11.05,0.0,242,0.0,2.0,0.0,many,SR,2
48,2217,6581,6580,0,43.3717,12.1148,15.182,15.182,0.0,1122,1573.0,1573.0,0.0,3.74,7.46,7.46,0.0,32,464.0,464.0,0.0,many,RT,2
31,1320,8766,620,0,53.6576,9.0235,18.0694,25.6151,0.0,1316,1827.0,2568.0,0.0,5.27,7.67,8.82,0.0,266,526.0,722.0,0.0,many,RT,2
11,1751,622,0,0,22.2985,9.1275,12.6072,0.0,0.0,1009,1427.0,0.0,0.0,5.52,8.64,0.0,0.0,8,411.0,0.0,0.0,one,RT,1
262,4267,2425,0,0,35.4805,11.8621,22.692,0.0,0.0,1427,2160.0,0.0,0.0,6.65,12.26,0.0,0.0,129,369.0,0.0,0.0,one,RT,1
0,1633,9511,0,0,28.402,15.0142,12.2316,0.0,0.0,1610,1064.0,0.0,0.0,6.5,11.56,0.0,0.0,112,0.0,0.0,0.0,one,SR,1
39,4087,8486,3133,0,47.6447,13.9277,18.7748,14.0346,0.0,1552,1542.0,1258.0,0.0,8.13,7.56,7.52,0.0,38,268.0,260.0,0.0,many,RT,2
78,2385,6305,2158,79,98.9216,18.559,21.2935,32.0587,25.2548,1936,2354.0,2572.0,1975.0,4.53,9.37,10.76,9.42,282,724.0,338.0,232.0,many,RT,3
97,4884,8227,6455,0,96.6328,22.6059,36.151,36.3984,0.0,2744,2767.0,3180.0,0.0,15.51,11.44,11.33,0.0,113,275.0,602.0,0.0,many,TR,2
79,4232,9857,8624,1963,95.3999,25.0798,18.8401,29.8029,19.7741,2169,2004.0,2224.0,1570.0,5.65,8.15,11.81,8.07,58,611.0,113.0,221.0,many,RT,3
160,682,9505,5959,0,79.4085,19.2644,23.4,35.4628,0.0,2104,2089.0,3074.0,0.0,10.56,8.82,12.0,0.0,55,438.0,529.0,0.0,many,RT,2
195,3140,6704,2164,0,80.6004,22.5684,30.7935,25.4747,0.0,2436,2782.0,2818.0,0.0,9.7,12.19,11.45,0.0,184,500.0,809.0,0.0,many,TR,2
42,102,9675,4289,0,67.3071,15.276,19.4808,31.0665,0.0,1455,2273.0,2371.0,0.0,1.92,10.42,11.42,0.0,220,694.0,191.0,0.0,many,TR,2
0,3656,5970,0,0,83.4271,39.3762,40.6319,0.0,0.0,4329,3986.0,0.0,0.0,14.68,34.19,0.0,0.0,501,0.0,0.0,0.0,one,SR,1
79,836,9631,3891,0,71.2618,18.4504,19.9152,31.2946,0.0,2080,2599.0,3091.0,0.0,7.42,10.83,13.18,0.0,246,918.0,680.0,0.0,many,RT,2
0,4250,8349,2074,0,51.5859,20.4692,16.7056,12.5332,0.0,1564,1340.0,897.0,0.0,-0.48,10.46,8.32,0.0,157,67.0,1.0,0.0,many,SR,2
0,1091,6283,0,0,51.7261,24.3312,25.231,0.0,0.0,3211,2385.0,0.0,0.0,14.24,21.64,0.0,0.0,453,0.0,0.0,0.0,one,SR,1
116,1912,2791,0,0,66.8324,25.959,39.3454,0.0,0.0,3060,3239.0,0.0,0.0,18.38,19.28,0.0,0.0,29,146.0,0.0,0.0,one,TR,1
176,3388,5787,3569,0,43.9212,11.5051,17.3156,14.2127,0.0,1398,1553.0,1463.0,0.0,6.69,8.46,7.42,0.0,123,303.0,422.0,0.0,many,RT,2
180,4469,8779,3596,0,104.4284,13.4635,61.386,28.1275,0.0,1523,3141.0,3304.0,0.0,2.93,10.75,13.76,0.0,316,-558.0,972.0,0.0,many,RT,2
262,4687,2523,0,0,43.5816,11.6,30.9144,0.0,0.0,1288,2837.0,0.0,0.0,3.92,14.67,0.0,0.0,179,424.0,0.0,0.0,one,RT,1
0,2911,6301,553,0,71.2228,31.0216,18.9291,18.9885,0.0,2841,1438.0,1444.0,0.0,9.28,11.4,11.44,0.0,73,0.0,0.0,0.0,many,SR,2
191,524,3765,0,0,42.5944,9.6074,32.1397,0.0,0.0,1203,3937.0,0.0,0.0,5.01,13.47,0.0,0.0,161,1311.0,0.0,0.0,one,TR,1
0,189,1253,0,0,76.8953,32.8056,40.6684,0.0,0.0,4645,3989.0,0.0,0.0,17.98,34.21,0.0,0.0,921,0.0,0.0,0.0,one,SR,1
11,832,8297,3869,0,118.2937,29.698,52.8718,33.1682,0.0,2125,4965.0,3050.0,0.0,-0.69,19.78,14.78,0.0,115,891.0,487.0,0.0,many,RT,2
0,2980,2359,0,0,40.6384,19.3556,19.5784,0.0,0.0,2188,1799.0,0.0,0.0,7.63,17.04,0.0,0.0,271,0.0,0.0,0.0,one,SR,1
0,2114,3558,0,0,40.4768,16.8185,21.7752,0.0,0.0,2291,2027.0,0.0,0.0,7.11,18.83,0.0,0.0,514,0.0,0.0,0.0,one,SR,1
272,1804,5163,4954,892,117.4908,20.425,27.3383,37.8529,30.4501,1902,2740.0,3278.0,1515.0,7.15,9.63,9.35,8.27,17,744.0,705.0,-326.0,many,RT,3
0,3547,5817,0,0,39.0714,18.2703,19.1335,0.0,0.0,2270,1752.0,0.0,0.0,8.83,16.68,0.0,0.0,329,0.0,0.0,0.0,one,SR,1
213,527,2190,0,0,36.3236,11.759,23.7427,0.0,0.0,1096,2647.0,0.0,0.0,4.11,11.22,0.0,0.0,11,762.0,0.0,0.0,one,RT,1
243,1179,8344,0,0,34.2481,7.6874,25.985,0.0,0.0,1500,2146.0,0.0,0.0,10.57,9.76,0.0,0.0,199,321.0,0.0,0.0,one,TR,1
0,3578,9024,0,0,50.823,26.8524,22.064,0.0,0.0,3075,2057.0,0.0,0.0,15.13,19.07,0.0,0.0,166,0.0,0.0,0.0,one,SR,1
151,603,8724,0,0,33.4232,12.1698,20.2909,0.0,0.0,1673,2519.0,0.0,0.0,8.9,12.63,0.0,0.0,184,753.0,0.0,0.0,one,TR,1
0,4547,5666,0,0,33.5643,16.4384,15.7314,0.0,0.0,1804,1401.0,0.0,0.0,6.39,13.95,0.0,0.0,193,0.0,0.0,0.0,one,SR,1
0,254,1034,0,0,50.931,28.3535,20.7759,0.0,0.0,3165,1923.0,0.0,0.0,17.02,18.02,0.0,0.0,56,0.0,0.0,0.0,one,SR,1
0,945,4680,0,0,33.2855,16.2224,15.6729,0.0,0.0,1883,1395.0,0.0,0.0,7.26,13.9,0.0,0.0,220,0.0,0.0,0.0,one,SR,1
0,208,1187,0,0,31.916,16.561,14.0737,0.0,0.0,1825,1241.0,0.0,0.0,7.63,12.81,0.0,0.0,137,0.0,0.0,0.0,one,SR,1
0,2068,6917,0,0,50.9861,24.2679,24.6053,0.0,0.0,3058,2320.0,0.0,0.0,13.09,21.13,0.0,0.0,398,0.0,0.0,0.0,one,SR,1
31,1464,9664,0,0,31.1186,9.7528,20.8147,0.0,0.0,1173,1567.0,0.0,0.0,7.36,8.51,0.0,0.0,5,150.0,0.0,0.0,one,RT,1
112,2534,7911,7291,0,65.6123,14.3295,36.8566,13.4516,0.0,1328,2347.0,1144.0,0.0,5.17,10.46,7.28,0.0,-1,-52.0,206.0,0.0,many,RT,2
224,1523,3642,885,0,46.4641,11.0649,17.2684,17.2684,0.0,1578,1253.0,1253.0,0.0,8.81,7.31,7.31,0.0,174,116.0,116.0,0.0,many,RT,2
152,4643,9331,7922,0,51.2283,10.0432,23.0117,17.3565,0.0,1227,2174.0,1866.0,0.0,5.53,8.07,7.1,0.0,129,559.0,617.0,0.0,many,RT,2
0,3548,5890,0,0,29.5505,15.8388,12.535,0.0,0.0,1741,1093.0,0.0,0.0,7.69,11.77,0.0,0.0,107,0.0,0.0,0.0,one,SR,1
0,1480,8176,0,0,59.3564,29.4082,27.5916,0.0,0.0,3878,2631.0,0.0,0.0,19.51,23.57,0.0,0.0,423,0.0,0.0,0.0,one,SR,1
49,2948,9866,0,0,28.4924,9.9311,17.9954,0.0,0.0,1247,1559.0,0.0,0.0,8.0,8.66,0.0,0.0,19,267.0,0.0,0.0,one,TR,1
231,4467,9177,0,0,28.2533,9.0404,18.664,0.0,0.0,1276,2037.0,0.0,0.0,8.46,9.49,0.0,0.0,65,584.0,0.0,0.0,one,TR,1
50,4414,6503,733,0,49.3658,14.3738,19.7538,13.9365,0.0,1528,2265.0,1007.0,0.0,4.33,11.63,7.39,0.0,197,619.0,68.0,0.0,many,RT,2
252,2050,6804,0,0,27.4338,10.5559,16.1388,0.0,0.0,1053,1704.0,0.0,0.0,4.4,10.39,0.0,0.0,26,390.0,0.0,0.0,one,RT,1
0,288,3840,0,0,47.0255,24.6685,20.5718,0.0,0.0,2231,1902.0,0.0,0.0,7.36,17.85,0.0,0.0,37,0.0,0.0,0.0,one,SR,1
0,2967,5858,0,0,54.6673,30.303,22.4279,0.0,0.0,3174,2095.0,0.0,0.0,15.9,19.36,0.0,0.0,19,0.0,0.0,0.0,one,SR,1
191,3705,8514,0,0,25.9303,9.7747,15.3776,0.0,0.0,1487,2027.0,0.0,0.0,8.61,10.78,0.0,0.0,182,668.0,0.0,0.0,one,TR,1
0,3888,8381,0,0,26.1462,14.324,10.7656,0.0,0.0,1845,923.0,0.0,0.0,9.86,10.57,0.0,0.0,153,0.0,0.0,0.0,one,SR,1
0,3652,3318,0,0,25.7441,14.5919,10.138,0.0,0.0,2066,863.0,0.0,0.0,12.57,10.14,0.0,0.0,167,0.0,0.0,0.0,one,SR,1
223,3264,3935,0,0,25.297,9.6522,15.0387,0.0,0.0,1110,1622.0,0.0,0.0,6.2,9.06,0.0,0.0,23,436.0,0.0,0.0,one,TR,1
0,829,9031,0,0,41.0863,18.2504,21.0146,0.0,0.0,2379,1948.0,0.0,0.0,8.59,18.21,0.0,0.0,428,0.0,0.0,0.0,one,SR,1
0,3207,9492,0,0,24.0671,13.6792,9.4226,0.0,0.0,1526,794.0,0.0,0.0,7.33,9.65,0.0,0.0,73,0.0,0.0,0.0,one,SR,1
0,3925,6273,0,0,46.3085,24.4162,20.1424,0.0,0.0,2539,1857.0,0.0,0.0,10.91,17.5,0.0,0.0,102,0.0,0.0,0.0,one,SR,1
0,1210,1361,0,0,22.5738,12.1601,9.4461,0.0,0.0,1257,797.0,0.0,0.0,4.49,9.67,0.0,0.0,95,0.0,0.0,0.0,one,SR,1
0,741,1762,0,0,22.6683,10.6872,10.914,0.0,0.0,1927,938.0,0.0,0.0,10.63,10.67,0.0,0.0,369,0.0,0.0,0.0,one,SR,1
0,2365,7235,0,0,40.0365,19.6414,18.7581,0.0,0.0,1945,1713.0,0.0,0.0,5.69,16.37,0.0,0.0,170,0.0,0.0,0.0,one,SR,1
0,2936,7405,0,0,21.0254,10.8116,9.259,0.0,0.0,1481,779.0,0.0,0.0,6.96,9.55,0.0,0.0,210,0.0,0.0,0.0,one,SR,1
0,2675,7849,0,0,20.8312,11.1615,8.7496,0.0,0.0,1184,730.0,0.0,0.0,4.15,9.2,0.0,0.0,109,0.0,0.0,0.0,one,SR,1
186,1372,6071,4004,0,49.4823,14.0473,15.7279,18.7608,0.0,1592,1617.0,1582.0,0.0,8.2,7.79,8.67,0.0,59,459.0,250.0,0.0,many,RT,2
252,4525,3683,0,0,28.9564,10.1305,18.139,0.0,0.0,1050,1366.0,0.0,0.0,4.84,9.87,0.0,0.0,23,49.0,0.0,0.0,one,TR,1
0,825,3337,0,0,20.1846,10.315,8.9367,0.0,0.0,1373,748.0,0.0,0.0,6.02,9.33,0.0,0.0,202,0.0,0.0,0.0,one,SR,1
0,2745,1710,0,0,42.6713,23.2217,17.884,0.0,0.0,2909,1622.0,0.0,0.0,16.45,15.66,0.0,0.0,159,0.0,0.0,0.0,one,SR,1
69,4881,3941,849,0,87.5084,17.6481,16.9801,51.5149,0.0,1377,2058.0,3356.0,0.0,2.17,10.21,11.44,0.0,20,645.0,40.0,0.0,many,RT,2
0,407,7817,0,0,37.6257,19.202,16.9348,0.0,0.0,2363,1524.0,0.0,0.0,11.41,14.89,0.0,0.0,215,0.0,0.0,0.0,one,SR,1
49,1593,8809,0,0,54.1275,9.3765,44.231,0.0,0.0,1275,2346.0,0.0,0.0,8.71,10.2,0.0,0.0,33,-381.0,0.0,0.0,one,RT,1
120,4184,3273,0,0,18.1695,5.4045,12.2528,0.0,0.0,1447,1391.0,0.0,0.0,10.58,8.12,0.0,0.0,278,422.0,0.0,0.0,one,RT,1
0,4207,9185,0,0,33.2099,17.9697,13.9659,0.0,0.0,1871,1231.0,0.0,0.0,8.18,12.74,0.0,0.0,69,0.0,0.0,0.0,one,SR,1
48,1811,9992,7002,0,59.9705,12.3676,31.6236,15.1273,0.0,1162,2956.0,1003.0,0.0,4.53,9.23,7.29,0.0,8,739.0,14.0,0.0,many,TR,2
0,2959,9380,0,0,32.401,17.6012,13.5538,0.0,0.0,1731,1191.0,0.0,0.0,6.96,12.46,0.0,0.0,44,0.0,0.0,0.0,one,SR,1
0,1992,4131,0,0,32.2339,17.3712,13.6124,0.0,0.0,1733,1197.0,0.0,0.0,6.94,12.5,0.0,0.0,59,0.0,0.0,0.0,one,SR,1
78,1650,5339,4162,0,61.7031,12.5463,24.9123,23.1832,0.0,1133,2003.0,1998.0,0.0,2.34,9.24,8.37,0.0,92,279.0,395.0,0.0,many,RT,2
0,2175,5502,0,0,36.775,20.5929,14.8477,0.0,0.0,2280,1316.0,0.0,0.0,11.93,13.34,0.0,0.0,49,0.0,0.0,0.0,one,SR,1
0,3878,5920,0,0,28.311,12.8506,14.1719,0.0,0.0,1769,1251.0,0.0,0.0,6.98,12.88,0.0,0.0,325,0.0,0.0,0.0,one,SR,1
0,1778,3313,0,0,32.1374,17.6319,13.2778,0.0,0.0,2131,1165.0,0.0,0.0,11.33,12.28,0.0,0.0,122,0.0,0.0,0.0,one,SR,1
72,4121,7931,7930,0,84.1657,14.5805,34.2571,34.2571,0.0,1446,3092.0,3092.0,0.0,5.54,10.35,10.35,0.0,58,675.0,675.0,0.0,many,RT,2
136,1259,9199,7634,0,52.639,12.5748,20.4692,18.2655,0.0,1790,2209.0,2134.0,0.0,6.83,9.53,9.76,0.0,364,637.0,668.0,0.0,many,RT,2
0,3700,4831,0,0,26.1962,13.5172,11.5681,0.0,0.0,1522,1000.0,0.0,0.0,5.98,11.11,0.0,0.0,150,0.0,0.0,0.0,one,SR,1
0,3954,7022,0,0,25.3825,12.278,11.9659,0.0,0.0,1593,1039.0,0.0,0.0,6.48,11.39,0.0,0.0,245,0.0,0.0,0.0,one,SR,1
0,2765,9828,0,0,32.0358,18.1614,12.6871,0.0,0.0,2335,1108.0,0.0,0.0,13.83,11.87,0.0,0.0,120,0.0,0.0,0.0,one,SR,1
0,912,9464,0,0,29.2985,14.5323,13.5216,0.0,0.0,1509,1189.0,0.0,0.0,4.64,12.45,0.0,0.0,157,0.0,0.0,0.0,one,SR,1
0,3570,2021,0,0,30.939,17.0925,12.6606,0.0,0.0,1802,1106.0,0.0,0.0,8.25,11.86,0.0,0.0,58,0.0,0.0,0.0,one,SR,1
0,3373,3393,0,0,28.9013,16.5018,11.3062,0.0,0.0,1748,975.0,0.0,0.0,8.51,10.93,0.0,0.0,33,0.0,0.0,0.0,one,SR,1
0,4877,9229,0,0,31.8635,17.9947,12.6814,0.0,0.0,2037,1108.0,0.0,0.0,10.7,11.87,0.0,0.0,63,0.0,0.0,0.0,one,SR,1
0,1345,7542,0,0,19.4684,9.4526,9.0738,0.0,0.0,1675,761.0,0.0,0.0,9.11,9.42,0.0,0.0,319,0.0,0.0,0.0,one,SR,1
0,934,2762,0,0,32.8123,19.0137,12.6162,0.0,0.0,2447,1101.0,0.0,0.0,15.05,11.82,0.0,0.0,97,0.0,0.0,0.0,one,SR,1
0,4859,6624,0,0,24.6129,11.2086,12.2466,0.0,0.0,1622,1066.0,0.0,0.0,6.61,11.58,0.0,0.0,317,0.0,0.0,0.0,one,SR,1
0,4027,9869,4111,0,40.5686,16.4583,11.3927,11.1709,0.0,1923,823.0,780.0,0.0,6.27,7.8,7.66,0.0,291,18.0,0.0,0.0,many,SR,2
0,4480,2792,0,0,25.278,14.7587,9.5454,0.0,0.0,1740,806.0,0.0,0.0,9.51,9.74,0.0,0.0,67,0.0,0.0,0.0,one,SR,1
164,1583,5983,0,0,40.0914,10.5119,28.8566,0.0,0.0,1418,2517.0,0.0,0.0,8.38,11.23,0.0,0.0,101,420.0,0.0,0.0,one,RT,1
277,803,5954,0,0,29.0914,6.2539,22.2284,0.0,0.0,1282,1722.0,0.0,0.0,7.98,9.09,0.0,0.0,243,183.0,0.0,0.0,one,TR,1
234,2844,7142,1129,0,68.7053,11.2394,34.6902,21.8583,0.0,1176,2769.0,1667.0,0.0,4.09,9.62,7.56,0.0,102,428.0,227.0,0.0,many,RT,2
252,257,4549,3172,0,89.726,16.0989,62.7409,9.336,0.0,1545,3944.0,1107.0,0.0,2.27,15.08,7.42,0.0,228,-172.0,360.0,0.0,many,RT,2
0,2527,6922,0,0,27.2121,16.0875,10.1125,0.0,0.0,1909,860.0,0.0,0.0,10.94,10.12,0.0,0.0,52,0.0,0.0,0.0,one,SR,1
0,1328,7307,0,0,22.2734,10.9065,10.3394,0.0,0.0,1513,882.0,0.0,0.0,6.64,10.28,0.0,0.0,247,0.0,0.0,0.0,one,SR,1
66,3333,8407,4163,0,68.3151,9.9525,34.3118,23.0241,0.0,1363,2743.0,2280.0,0.0,5.07,10.13,9.13,0.0,264,401.0,595.0,0.0,many,RT,2
0,4844,4762,0,0,26.1915,14.8024,10.3602,0.0,0.0,2051,884.0,0.0,0.0,12.27,10.29,0.0,0.0,160,0.0,0.0,0.0,one,SR,1
0,4032,9369,0,0,22.7802,12.7549,9.0833,0.0,0.0,1454,761.0,0.0,0.0,6.79,9.42,0.0,0.0,95,0.0,0.0,0.0,one,SR,1
191,2247,420,0,0,30.677,9.1717,20.9846,0.0,0.0,1135,2289.0,0.0,0.0,7.23,9.21,0.0,0.0,13,693.0,0.0,0.0,one,TR,1
0,2752,447,0,0,20.0911,10.2473,8.9131,0.0,0.0,1240,745.0,0.0,0.0,4.64,9.31,0.0,0.0,175,0.0,0.0,0.0,one,SR,1
86,4873,4074,0,0,28.1375,8.5549,18.9871,0.0,0.0,1777,1894.0,0.0,0.0,13.3,8.96,0.0,0.0,224,478.0,0.0,0.0,one,RT,1
106,2405,6123,0,0,19.9844,8.7774,10.6786,0.0,0.0,1236,1288.0,0.0,0.0,8.22,8.28,0.0,0.0,60,404.0,0.0,0.0,one,TR,1
170,1110,9830,0,0,38.3118,8.6978,29.1075,0.0,0.0,1227,2594.0,0.0,0.0,8.32,10.07,0.0,0.0,52,524.0,0.0,0.0,one,RT,1
213,4013,7588,0,0,26.1307,8.5221,17.1035,0.0,0.0,1424,1698.0,0.0,0.0,10.41,8.05,0.0,0.0,104,449.0,0.0,0.0,one,TR,1
0,4946,4716,0,0,21.2601,11.5441,8.7931,0.0,0.0,1156,734.0,0.0,0.0,3.83,9.23,0.0,0.0,84,0.0,0.0,0.0,one,SR,1
252,3347,1299,0,0,23.686,7.3969,15.7805,0.0,0.0,1106,1384.0,0.0,0.0,7.04,8.09,0.0,0.0,95,255.0,0.0,0.0,one,RT,1
35,2299,1863,0,0,21.5282,8.0805,12.8443,0.0,0.0,1177,1143.0,0.0,0.0,6.93,9.03,0.0,0.0,120,152.0,0.0,0.0,one,RT,1
277,38,4062,0,0,45.9792,7.2615,38.0118,0.0,0.0,1260,2886.0,0.0,0.0,6.88,12.06,0.0,0.0,231,256.0,0.0,0.0,one,RT,1
246,2742,120,0,0,38.8813,10.8837,27.3872,0.0,0.0,1338,2634.0,0.0,0.0,8.56,10.1,0.0,0.0,10,634.0,0.0,0.0,one,TR,1
224,4820,9273,0,0,20.1403,7.3933,12.2355,0.0,0.0,1962,1242.0,0.0,0.0,16.0,8.11,0.0,0.0,286,303.0,0.0,0.0,one,RT,1
233,4691,6094,3460,38,84.5821,18.7059,22.4167,24.1847,17.5345,1448,2102.0,2084.0,1488.0,-0.46,8.21,9.85,8.34,159,522.0,350.0,246.0,many,RT,3
136,4900,8454,5932,5931,73.4982,16.2213,19.3065,18.2781,18.2781,1252,1823.0,1650.0,1650.0,0.42,8.96,7.09,7.09,92,406.0,400.0,400.0,many,RT,3
120,4835,2614,0,0,35.6243,6.3133,28.7657,0.0,0.0,1263,1434.0,0.0,0.0,8.35,9.45,0.0,0.0,205,-368.0,0.0,0.0,one,TR,1
233,2780,1660,0,0,29.4332,5.7699,23.05,0.0,0.0,1374,2246.0,0.0,0.0,8.91,10.13,0.0,0.0,291,520.0,0.0,0.0,one,TR,1
262,3167,7917,7284,4537,112.1347,23.626,30.2221,26.1173,30.0406,2188,2858.0,2614.0,2716.0,3.82,11.1,11.1,11.1,247,638.0,631.0,532.0,many,TR,3
184,3149,7134,4904,1157,113.974,20.1351,34.1735,34.5143,23.2357,1303,2638.0,2853.0,2678.0,-3.56,11.15,10.27,10.73,135,275.0,474.0,833.0,many,RT,3
14,3621,6650,0,0,42.2313,8.5131,33.0307,0.0,0.0,1469,2768.0,0.0,0.0,9.24,11.88,0.0,0.0,202,400.0,0.0,0.0,one,RT,1
79,3073,9588,4787,3656,101.6907,23.0693,23.2262,23.472,30.5844,2757,1957.0,2052.0,2054.0,16.9,8.33,8.49,8.57,25,362.0,420.0,89.0,many,RT,3
92,705,6569,6568,0,78.3144,12.8014,32.0758,32.0758,0.0,1320,2878.0,2878.0,0.0,1.61,10.81,10.81,0.0,263,582.0,582.0,0.0,many,TR,2
114,1511,5452,3829,3420,112.0622,19.0618,36.2476,27.9712,26.8775,2250,2901.0,2639.0,2606.0,6.49,11.35,10.35,10.35,396,383.0,600.0,624.0,many,TR,3
186,2156,9046,0,0,31.902,8.0656,23.274,0.0,0.0,1198,2244.0,0.0,0.0,7.52,9.62,0.0,0.0,106,532.0,0.0,0.0,one,RT,1
68,377,5078,4388,0,73.9042,11.6458,28.1318,32.9869,0.0,1502,2048.0,2944.0,0.0,5.51,9.79,9.6,0.0,259,141.0,649.0,0.0,many,RT,2
263,359,9636,7126,0,60.9428,19.3491,12.7132,27.4364,0.0,1728,1429.0,2988.0,0.0,5.15,7.78,13.66,0.0,45,447.0,753.0,0.0,many,TR,2
0,3270,7046,3587,0,55.0152,23.5144,12.7125,16.906,0.0,2308,911.0,1266.0,0.0,7.29,8.41,10.42,0.0,162,0.0,0.0,0.0,many,SR,2
66,840,1006,940,0,82.3334,10.9767,11.9209,58.3874,0.0,1450,1004.0,2584.0,0.0,5.79,7.23,11.25,0.0,239,166.0,-892.0,0.0,many,RT,2
136,1318,7314,1585,0,71.4137,16.8902,34.4922,18.8668,0.0,1921,3246.0,1729.0,0.0,9.69,10.92,8.72,0.0,85,762.0,361.0,0.0,many,RT,2
260,1537,5612,4890,3194,116.777,20.2639,16.4681,29.5123,48.6501,1527,1725.0,2203.0,3268.0,-0.91,8.53,11.75,11.54,162,478.0,112.0,97.0,many,RT,3
38,4703,5635,378,0,56.2951,19.0986,15.1893,20.5127,0.0,1507,1545.0,2447.0,0.0,2.37,9.13,12.81,0.0,34,364.0,676.0,0.0,many,RT,2
0,3730,6244,2947,0,42.8507,16.4009,12.3997,12.3997,0.0,2093,884.0,884.0,0.0,7.12,8.25,8.25,0.0,381,0.0,0.0,0.0,many,SR,2
53,1873,7185,0,0,51.082,19.3707,30.6399,0.0,0.0,2641,3313.0,0.0,0.0,18.09,15.71,0.0,0.0,68,773.0,0.0,0.0,one,TR,1
263,3120,8980,2446,0,87.0231,15.2963,50.5317,20.0448,0.0,1389,2823.0,1807.0,0.0,4.23,10.76,8.75,0.0,45,-313.0,369.0,0.0,many,RT,2
233,1338,3668,1185,0,97.637,17.425,54.3656,24.4596,0.0,1990,3644.0,2445.0,0.0,8.41,12.74,10.13,0.0,178,81.0,616.0,0.0,many,RT,2
88,3477,4326,0,0,23.5544,6.3804,16.6421,0.0,0.0,1718,1379.0,0.0,0.0,13.25,8.32,0.0,0.0,296,200.0,0.0,0.0,one,TR,1
201,2827,9081,7367,0,107.6491,17.3076,44.3757,44.9963,0.0,2624,2990.0,3713.0,0.0,18.83,11.52,10.18,0.0,125,71.0,688.0,0.0,many,RT,2
0,2935,9591,5840,0,78.4017,30.8183,18.381,26.4779,0.0,2378,1392.0,2378.0,0.0,0.45,11.13,16.11,0.0,192,0.0,192.0,0.0,many,SR,2
0,293,3352,0,0,72.9692,37.8932,32.3336,0.0,0.0,3993,3123.0,0.0,0.0,17.24,27.42,0.0,0.0,182,0.0,0.0,0.0,one,SR,1
0,91,3592,0,0,75.605,37.0178,35.5798,0.0,0.0,5176,3461.0,0.0,0.0,27.28,30.07,0.0,0.0,617,0.0,0.0,0.0,one,SR,1
224,4610,7739,5743,0,79.8229,10.6327,33.5797,34.7148,0.0,1530,2383.0,2590.0,0.0,8.0,8.57,9.39,0.0,202,216.0,293.0,0.0,many,TR,2
0,2003,8998,0,0,78.7641,36.7045,38.7912,0.0,0.0,5033,3794.0,0.0,0.0,23.43,32.68,0.0,0.0,727,0.0,0.0,0.0,one,SR,1
231,4486,220,63,0,75.3429,18.2897,35.6956,19.8444,0.0,1898,3612.0,1791.0,0.0,6.31,12.59,10.54,0.0,172,925.0,282.0,0.0,many,RT,2
0,2583,1125,0,0,58.0548,29.4221,26.3748,0.0,0.0,2947,2505.0,0.0,0.0,10.62,22.58,0.0,0.0,169,0.0,0.0,0.0,one,SR,1
213,3046,8522,4171,0,47.6801,14.3681,15.405,16.6109,0.0,1212,1379.0,1255.0,0.0,1.06,8.16,8.8,0.0,125,265.0,79.0,0.0,many,RT,2
0,2283,9913,0,0,32.5581,14.3389,16.7461,0.0,0.0,1890,1504.0,0.0,0.0,6.59,14.73,0.0,0.0,361,0.0,0.0,0.0,one,SR,1
0,2280,3117,0,0,32.3794,15.0019,15.9668,0.0,0.0,1977,1424.0,0.0,0.0,8.06,14.11,0.0,0.0,315,0.0,0.0,0.0,one,SR,1
0,2929,6701,0,0,44.5864,18.2658,24.2376,0.0,0.0,2848,2282.0,0.0,0.0,11.16,20.83,0.0,0.0,656,0.0,0.0,0.0,one,SR,1
0,1460,7809,0,0,30.4808,16.6473,12.6483,0.0,0.0,1867,1105.0,0.0,0.0,8.94,11.85,0.0,0.0,96,0.0,0.0,0.0,one,SR,1
86,381,2041,0,0,29.3774,7.727,21.052,0.0,0.0,1559,2451.0,0.0,0.0,10.98,9.98,0.0,0.0,221,785.0,0.0,0.0,one,RT,1
0,3808,1643,0,0,59.6,31.8843,25.5275,0.0,0.0,3318,2416.0,0.0,0.0,15.15,21.88,0.0,0.0,87,0.0,0.0,0.0,one,SR,1
0,1534,6409,5165,0,39.2602,15.0562,11.4242,11.1849,0.0,1392,1110.0,805.0,0.0,0.26,8.24,7.71,0.0,271,228.0,17.0,0.0,many,SR,2
0,3130,1890,0,0,29.3775,14.7426,13.3988,0.0,0.0,1623,1177.0,0.0,0.0,5.92,12.36,0.0,0.0,167,0.0,0.0,0.0,one,SR,1
0,1922,8798,0,0,46.0725,24.8635,19.5109,0.0,0.0,2876,1791.0,0.0,0.0,14.91,16.98,0.0,0.0,128,0.0,0.0,0.0,one,SR,1
0,4312,8776,0,0,28.0436,14.7538,12.1399,0.0,0.0,1055,1055.0,0.0,0.0,0.73,11.5,0.0,0.0,0,0.0,0.0,0.0,one,SR,1
262,906,2414,600,0,82.4154,11.6184,31.9024,37.9916,0.0,1478,2933.0,1645.0,0.0,7.39,9.52,8.51,0.0,142,694.0,-581.0,0.0,many,RT,2
275,3349,5966,0,0,26.7994,10.8374,15.2349,0.0,0.0,1078,2052.0,0.0,0.0,4.78,11.27,0.0,0.0,11,672.0,0.0,0.0,one,TR,1
0,4171,1512,0,0,52.9792,25.6478,25.1715,0.0,0.0,3031,2380.0,0.0,0.0,12.39,21.6,0.0,0.0,341,0.0,0.0,0.0,one,SR,1
0,3916,7113,0,0,44.7086,26.5206,16.7172,0.0,0.0,3422,1501.0,0.0,0.0,22.69,14.71,0.0,0.0,52,0.0,0.0,0.0,one,SR,1
0,2254,916,0,0,24.8666,12.0546,11.6918,0.0,0.0,1431,1013.0,0.0,0.0,4.94,11.2,0.0,0.0,212,0.0,0.0,0.0,one,SR,1
0,4906,5106,0,0,24.6411,12.6394,10.9339,0.0,0.0,1249,939.0,0.0,0.0,3.5,10.68,0.0,0.0,116,0.0,0.0,0.0,one,SR,1
0,4976,5230,0,0,24.2477,11.8446,11.309,0.0,0.0,1201,976.0,0.0,0.0,2.76,10.94,0.0,0.0,160,0.0,0.0,0.0,one,SR,1
246,2305,2698,0,0,22.8914,9.0051,13.0553,0.0,0.0,1500,1628.0,0.0,0.0,8.27,10.31,0.0,0.0,251,475.0,0.0,0.0,one,TR,1
0,371,3547,3158,0,55.829,21.8015,16.0863,15.9352,0.0,1842,1197.0,1238.0,0.0,1.29,10.03,10.03,0.0,209,0.0,40.0,0.0,many,SR,2
234,2004,8255,3893,549,148.2218,16.72,50.1711,51.8271,28.1177,1144,3196.0,3209.0,2564.0,-0.46,10.32,10.09,8.44,28,25.0,-31.0,621.0,many,TR,3
0,3616,9603,0,0,29.9386,14.3725,14.2712,0.0,0.0,1696,1260.0,0.0,0.0,6.15,12.95,0.0,0.0,231,0.0,0.0,0.0,one,SR,1
0,955,5881,0,0,41.6964,20.106,19.8632,0.0,0.0,2255,1828.0,0.0,0.0,8.13,17.27,0.0,0.0,257,0.0,0.0,0.0,one,SR,1
0,3069,9873,0,0,21.1953,10.5926,9.6239,0.0,0.0,1244,813.0,0.0,0.0,4.25,9.79,0.0,0.0,181,0.0,0.0,0.0,one,SR,1
0,4909,5645,0,0,44.3557,23.6256,19.068,0.0,0.0,2378,1745.0,0.0,0.0,10.01,16.62,0.0,0.0,66,0.0,0.0,0.0,one,SR,1
0,3968,1173,0,0,44.394,23.4557,19.2606,0.0,0.0,2627,1765.0,0.0,0.0,12.48,16.78,0.0,0.0,138,0.0,0.0,0.0,one,SR,1
0,4662,7499,0,0,45.2642,24.7045,18.9102,0.0,0.0,2768,1729.0,0.0,0.0,14.22,16.5,0.0,0.0,89,0.0,0.0,0.0,one,SR,1
181,4283,939,0,0,19.5983,5.2811,13.8122,0.0,0.0,1337,1552.0,0.0,0.0,9.49,8.05,0.0,0.0,257,483.0,0.0,0.0,one,TR,1
0,3591,1831,0,0,35.415,18.3373,15.686,0.0,0.0,1607,1397.0,0.0,0.0,4.35,13.92,0.0,0.0,47,0.0,0.0,0.0,one,SR,1
262,822,3785,1471,0,67.4539,16.0916,22.0752,27.868,0.0,1419,2692.0,2967.0,0.0,2.13,11.1,11.1,0.0,138,881.0,835.0,0.0,many,TR,2
0,4093,6766,0,0,36.6827,16.5356,18.5289,0.0,0.0,2478,1689.0,0.0,0.0,11.46,16.18,0.0,0.0,444,0.0,0.0,0.0,one,SR,1
0,4682,7223,0,0,42.8059,23.0686,18.1497,0.0,0.0,2313,1650.0,0.0,0.0,10.0,15.88,0.0,0.0,46,0.0,0.0,0.0,one,SR,1
0,2357,5323,0,0,43.5487,24.7749,17.2583,0.0,0.0,2919,1558.0,0.0,0.0,17.01,15.15,0.0,0.0,55,0.0,0.0,0.0,one,SR,1
0,17,4515,0,0,29.9935,15.6714,13.1058,0.0,0.0,1364,1149.0,0.0,0.0,3.37,12.16,0.0,0.0,51,0.0,0.0,0.0,one,SR,1
0,3574,5979,0,0,37.2249,20.5025,15.3534,0.0,0.0,1962,1365.0,0.0,0.0,8.28,13.69,0.0,0.0,0,0.0,0.0,0.0,one,SR,1
0,3661,5090,0,0,36.5739,18.4862,16.6248,0.0,0.0,1971,1491.0,0.0,0.0,7.53,14.63,0.0,0.0,154,0.0,0.0,0.0,one,SR,1
0,1802,4640,0,0,29.9145,13.181,15.3637,0.0,0.0,2246,1366.0,0.0,0.0,11.26,13.7,0.0,0.0,452,0.0,0.0,0.0,one,SR,1
0,2380,4438,0,0,29.8118,15.845,12.7731,0.0,0.0,1821,1117.0,0.0,0.0,8.38,11.94,0.0,0.0,132,0.0,0.0,0.0,one,SR,1
0,4411,3238,0,0,35.0207,18.7589,14.9224,0.0,0.0,1906,1323.0,0.0,0.0,7.96,13.39,0.0,0.0,66,0.0,0.0,0.0,one,SR,1
0,4406,899,0,0,32.0902,16.4245,14.3638,0.0,0.0,1644,1270.0,0.0,0.0,5.54,13.02,0.0,0.0,114,0.0,0.0,0.0,one,SR,1
0,2930,7377,0,0,32.806,15.9465,15.4819,0.0,0.0,2022,1377.0,0.0,0.0,8.83,13.78,0.0,0.0,259,0.0,0.0,0.0,one,SR,1
0,3329,6060,0,0,34.6074,18.429,14.8439,0.0,0.0,2268,1316.0,0.0,0.0,11.8,13.34,0.0,0.0,161,0.0,0.0,0.0,one,SR,1
0,4043,7781,0,0,29.5159,15.6598,12.6701,0.0,0.0,1535,1106.0,0.0,0.0,5.44,11.86,0.0,0.0,75,0.0,0.0,0.0,one,SR,1
85,3071,8796,276,0,80.115,12.5261,33.5314,33.0511,0.0,1465,2073.0,2104.0,0.0,6.33,9.09,8.98,0.0,140,-56.0,-3.0,0.0,many,RT,2
66,2478,8132,5214,0,83.2216,9.7648,47.0229,25.5052,0.0,1210,3117.0,2615.0,0.0,4.35,9.53,8.76,0.0,193,143.0,768.0,0.0,many,TR,2
234,2166,6430,3386,0,61.65,11.1814,29.9736,19.6576,0.0,1050,1988.0,2146.0,0.0,3.49,9.1,8.28,0.0,39,40.0,682.0,0.0,many,RT,2
0,1105,2979,0,0,22.6054,11.9456,9.6768,0.0,0.0,1529,819.0,0.0,0.0,7.21,9.83,0.0,0.0,174,0.0,0.0,0.0,one,SR,1
0,4720,6157,0,0,23.3617,11.0731,11.2023,0.0,0.0,1711,965.0,0.0,0.0,8.19,10.86,0.0,0.0,310,0.0,0.0,0.0,one,SR,1
166,2795,5982,1799,0,57.1871,8.5951,24.1991,23.5056,0.0,1447,2380.0,1691.0,0.0,7.21,8.27,8.6,0.0,288,661.0,122.0,0.0,many,RT,2
69,2133,7938,0,0,27.5719,11.5768,15.2554,0.0,0.0,1220,1836.0,0.0,0.0,6.15,10.4,0.0,0.0,9,537.0,0.0,0.0,one,RT,1
181,1007,8310,0,0,27.9235,8.811,18.577,0.0,0.0,1048,1347.0,0.0,0.0,6.18,8.36,0.0,0.0,20,83.0,0.0,0.0,one,RT,1
0,4696,7104,0,0,25.5458,14.7322,9.8214,0.0,0.0,1454,832.0,0.0,0.0,6.34,9.92,0.0,0.0,14,0.0,0.0,0.0,one,SR,1
0,1317,7918,0,0,32.9841,21.2044,10.7259,0.0,0.0,2813,919.0,0.0,0.0,20.05,10.54,0.0,0.0,0,0.0,0.0,0.0,one,SR,1
0,322,8588,0,0,22.6102,12.0538,9.5804,0.0,0.0,1177,809.0,0.0,0.0,3.57,9.76,0.0,0.0,87,0.0,0.0,0.0,one,SR,1
238,3446,1843,0,0,28.2446,9.785,17.6851,0.0,0.0,1261,1595.0,0.0,0.0,6.27,10.74,0.0,0.0,130,214.0,0.0,0.0,one,RT,1
151,1613,8572,0,0,21.5137,8.6558,12.145,0.0,0.0,1272,1233.0,0.0,0.0,6.94,9.13,0.0,0.0,163,253.0,0.0,0.0,one,RT,1
191,3857,203,0,0,27.223,8.7295,17.9693,0.0,0.0,1242,1839.0,0.0,0.0,8.32,8.24,0.0,0.0,62,514.0,0.0,0.0,one,RT,1
0,4808,6333,0,0,22.966,13.2408,8.8016,0.0,0.0,1538,735.0,0.0,0.0,7.84,9.24,0.0,0.0,79,0.0,0.0,0.0,one,SR,1
243,2293,1275,0,0,19.9583,7.7431,11.6408,0.0,0.0,1208,1247.0,0.0,0.0,7.51,8.74,0.0,0.0,131,305.0,0.0,0.0,one,RT,1
234,4240,7360,0,0,18.5848,7.5964,10.4592,0.0,0.0,1426,1190.0,0.0,0.0,10.21,7.29,0.0,0.0,165,381.0,0.0,0.0,one,RT,1
262,873,5776,4604,1687,112.4407,24.9681,28.047,26.401,30.8959,2468,2629.0,2815.0,2785.0,6.76,11.1,11.1,11.1,238,554.0,780.0,548.0,many,TR,3
76,3750,4058,0,0,61.1411,19.0834,41.0648,0.0,0.0,2711,3915.0,0.0,0.0,19.53,14.93,0.0,0.0,61,813.0,0.0,0.0,one,TR,1
140,398,1986,84,0,42.0526,14.4123,11.2997,15.3967,0.0,1898,1192.0,1221.0,0.0,11.43,6.77,7.67,0.0,106,368.0,160.0,0.0,many,RT,2
208,4830,976,0,0,47.2178,8.13,38.4363,0.0,0.0,1172,3399.0,0.0,0.0,6.44,11.51,0.0,0.0,139,676.0,0.0,0.0,one,RT,1
272,1451,8525,0,0,27.9789,10.1915,17.184,0.0,0.0,1490,1799.0,0.0,0.0,10.21,10.03,0.0,0.0,77,435.0,0.0,0.0,one,RT,1
3,2474,4854,0,0,26.4886,8.9494,16.8715,0.0,0.0,1088,1986.0,0.0,0.0,5.41,9.68,0.0,0.0,85,617.0,0.0,0.0,one,TR,1
170,3915,4822,0,0,26.4787,8.9699,16.8559,0.0,0.0,1592,2015.0,0.0,0.0,10.84,9.53,0.0,0.0,188,648.0,0.0,0.0,one,RT,1
227,1793,3290,0,0,34.1484,12.7469,20.4998,0.0,0.0,1350,2064.0,0.0,0.0,6.06,12.02,0.0,0.0,53,404.0,0.0,0.0,one,TR,1
0,4954,9123,3322,0,45.5507,19.3418,12.5155,12.048,0.0,1878,931.0,855.0,0.0,4.91,8.37,8.09,0.0,175,27.0,0.0,0.0,many,SR,2
49,2946,8540,7524,0,67.2877,8.6045,13.6751,44.1373,0.0,1588,1319.0,2239.0,0.0,8.84,7.3,9.41,0.0,311,336.0,-427.0,0.0,many,RT,2
246,1526,5226,0,0,40.1165,13.7108,25.3513,0.0,0.0,1531,2137.0,0.0,0.0,6.59,13.54,0.0,0.0,115,168.0,0.0,0.0,one,TR,1
0,3537,4957,3377,0,72.6679,32.4173,21.1391,16.7823,0.0,3449,1800.0,1256.0,0.0,15.25,12.93,10.36,0.0,155,119.0,0.0,0.0,many,SR,2
281,1495,3028,0,0,36.229,12.6375,22.6438,0.0,0.0,1391,2580.0,0.0,0.0,6.08,12.48,0.0,0.0,90,700.0,0.0,0.0,one,RT,1
124,1642,8064,2061,0,52.9869,17.1583,20.382,14.2894,0.0,1938,1831.0,1239.0,0.0,9.93,9.57,7.0,0.0,71,334.0,257.0,0.0,many,RT,2
14,1903,6841,5823,3147,101.9926,21.8328,35.7656,19.9788,22.5686,1714,2307.0,2131.0,2601.0,1.38,10.73,7.91,9.83,103,-46.0,672.0,843.0,many,RT,3
0,3626,7707,6403,0,48.2908,18.2465,14.4289,13.7563,0.0,1434,1364.0,999.0,0.0,-1.68,9.69,8.9,0.0,237,227.0,0.0,0.0,many,SR,2
238,2267,1374,0,0,24.2913,7.6729,15.8503,0.0,0.0,1416,1631.0,0.0,0.0,7.96,10.68,0.0,0.0,273,331.0,0.0,0.0,one,RT,1
88,4871,7489,7488,0,68.3481,10.2917,28.5914,28.5914,0.0,1902,2784.0,2784.0,0.0,12.11,9.37,9.37,0.0,292,734.0,734.0,0.0,many,TR,2
32,4929,8110,0,0,26.5348,6.8251,19.1713,0.0,0.0,1600,2003.0,0.0,0.0,11.96,9.38,0.0,0.0,249,538.0,0.0,0.0,one,RT,1
277,4923,9099,0,0,29.675,11.8536,17.1607,0.0,0.0,1543,1462.0,0.0,0.0,10.26,9.61,0.0,0.0,28,184.0,0.0,0.0,one,TR,1
124,3911,866,0,0,30.5164,9.1973,20.7043,0.0,0.0,1042,2018.0,0.0,0.0,5.41,9.15,0.0,0.0,36,490.0,0.0,0.0,one,TR,1
184,83,9320,7568,1597,117.2516,19.7879,23.1228,23.9122,48.7065,1273,1922.0,2568.0,4301.0,-2.13,7.95,10.14,12.14,54,356.0,740.0,901.0,many,RT,3
162,2906,5242,3036,0,109.5919,17.0836,45.1665,45.9063,0.0,1802,3104.0,2380.0,0.0,6.0,12.22,12.14,0.0,178,94.0,-521.0,0.0,many,TR,2
0,962,2278,1184,0,67.8039,26.0417,19.8776,19.5165,0.0,2760,1525.0,1493.0,0.0,7.67,11.94,11.74,0.0,360,1.0,1.0,0.0,many,SR,2
124,1225,7063,4097,0,54.8036,9.6647,25.4658,18.6736,0.0,1335,2708.0,2066.0,0.0,5.02,8.96,8.04,0.0,260,836.0,674.0,0.0,many,RT,2
85,544,6382,6129,0,61.1785,16.3423,27.917,15.753,0.0,1871,3415.0,1516.0,0.0,9.15,12.32,7.35,0.0,104,1138.0,397.0,0.0,many,RT,2
203,2088,4990,3885,3835,134.3552,27.437,32.0919,36.5016,35.8637,1797,2842.0,3366.0,2760.0,-3.28,12.69,11.99,11.93,117,465.0,717.0,260.0,many,TR,3
252,3711,9133,404,0,43.9068,11.3127,15.4469,16.2712,0.0,1153,1714.0,1690.0,0.0,4.22,8.36,7.4,0.0,73,524.0,511.0,0.0,many,RT,2
0,4433,8860,8770,0,83.1395,35.9358,31.8782,12.6162,0.0,2848,2611.0,903.0,0.0,5.52,18.73,8.36,0.0,17,9.0,0.0,0.0,many,SR,2
0,4670,4018,0,0,68.2025,36.2279,29.465,0.0,0.0,3308,2826.0,0.0,0.0,12.15,25.1,0.0,0.0,8,0.0,0.0,0.0,one,SR,1
0,4296,2588,1291,0,48.2899,19.5176,13.2372,13.769,0.0,1135,955.0,1064.0,0.0,-3.98,8.65,9.01,0.0,59,0.0,47.0,0.0,many,SR,2
0,1827,6304,0,0,34.0178,15.1484,17.3469,0.0,0.0,1842,1567.0,0.0,0.0,5.64,15.23,0.0,0.0,331,0.0,0.0,0.0,one,SR,1
181,3793,5552,0,0,32.2412,9.2608,22.3664,0.0,0.0,1597,2642.0,0.0,0.0,11.24,10.14,0.0,0.0,155,871.0,0.0,0.0,one,TR,1
112,995,3235,0,0,32.2891,10.7316,20.8084,0.0,0.0,1134,2186.0,0.0,0.0,5.17,10.49,0.0,0.0,39,559.0,0.0,0.0,one,RT,1
136,4894,1268,0,0,39.4886,8.2562,30.378,0.0,0.0,1395,2995.0,0.0,0.0,6.96,12.54,0.0,0.0,279,675.0,0.0,0.0,one,TR,1
0,3247,5089,0,0,51.8516,25.2291,24.5167,0.0,0.0,3258,2311.0,0.0,0.0,15.26,21.06,0.0,0.0,388,0.0,0.0,0.0,one,SR,1
176,88,9759,8092,0,67.3206,8.2894,36.2519,21.9435,0.0,1403,3529.0,2330.0,0.0,7.21,9.19,9.16,0.0,270,989.0,684.0,0.0,many,RT,2
101,4938,6127,0,0,44.8242,17.3901,26.34,0.0,0.0,2371,3250.0,0.0,0.0,15.05,15.94,0.0,0.0,124,910.0,0.0,0.0,one,TR,1
38,3252,7308,0,0,42.0907,17.1598,23.8121,0.0,0.0,2007,3008.0,0.0,0.0,11.0,14.19,0.0,0.0,68,913.0,0.0,0.0,one,RT,1
281,1073,2944,0,0,39.6488,15.2045,23.4117,0.0,0.0,1536,3107.0,0.0,0.0,6.84,14.33,0.0,0.0,26,1005.0,0.0,0.0,one,TR,1
0,2569,6470,0,0,46.4516,25.2085,19.5418,0.0,0.0,3071,1795.0,0.0,0.0,16.93,17.01,0.0,0.0,154,0.0,0.0,0.0,one,SR,1
0,4076,7943,0,0,38.08,18.6607,17.8552,0.0,0.0,2550,1620.0,0.0,0.0,12.7,15.64,0.0,0.0,321,0.0,0.0,0.0,one,SR,1
120,773,5220,0,0,34.9663,10.9424,23.2064,0.0,0.0,1116,2410.0,0.0,0.0,4.36,12.18,0.0,0.0,57,551.0,0.0,0.0,one,TR,1
0,3835,6706,0,0,43.0679,18.8606,22.2833,0.0,0.0,2441,2079.0,0.0,0.0,8.32,19.24,0.0,0.0,458,0.0,0.0,0.0,one,SR,1
191,2880,1603,0,0,38.2817,17.4587,19.5685,0.0,0.0,2103,2844.0,0.0,0.0,10.79,15.55,0.0,0.0,138,914.0,0.0,0.0,one,TR,1
0,3529,6345,0,0,23.308,11.6358,10.6248,0.0,0.0,1776,910.0,0.0,0.0,9.22,10.47,0.0,0.0,276,0.0,0.0,0.0,one,SR,1
0,1927,8013,1951,0,83.3932,32.539,28.0538,19.9057,0.0,3358,2515.0,1527.0,0.0,9.21,16.99,11.95,0.0,399,189.0,1.0,0.0,many,SR,2
0,1674,3358,0,0,22.8174,12.2166,9.622,0.0,0.0,1155,813.0,0.0,0.0,3.32,9.79,0.0,0.0,75,0.0,0.0,0.0,one,SR,1
234,2669,2627,0,0,22.3472,9.7541,12.0158,0.0,0.0,1309,1464.0,0.0,0.0,8.55,8.77,0.0,0.0,48,462.0,0.0,0.0,one,RT,1
234,1631,7303,0,0,21.8664,7.8573,13.4475,0.0,0.0,1160,1567.0,0.0,0.0,7.13,8.62,0.0,0.0,108,486.0,0.0,0.0,one,RT,1
0,154,4740,0,0,31.7211,15.7388,14.6606,0.0,0.0,1460,1298.0,0.0,0.0,3.43,13.22,0.0,0.0,119,0.0,0.0,0.0,one,SR,1
0,4463,334,0,0,33.8121,15.079,17.2216,0.0,0.0,2130,1553.0,0.0,0.0,8.76,15.12,0.0,0.0,393,0.0,0.0,0.0,one,SR,1
136,1645,6478,4531,2402,75.671,16.2576,18.5074,22.9699,16.346,1356,1770.0,1931.0,1854.0,-0.07,8.0,8.5,8.39,197,444.0,345.0,594.0,many,RT,3
0,4384,1526,0,0,43.1932,22.7101,18.839,0.0,0.0,2192,1722.0,0.0,0.0,8.22,16.44,0.0,0.0,65,0.0,0.0,0.0,one,SR,1
0,2431,3491,0,0,35.8248,18.4063,16.0055,0.0,0.0,2376,1427.0,0.0,0.0,12.23,14.13,0.0,0.0,224,0.0,0.0,0.0,one,SR,1
0,2234,4366,0,0,38.4021,19.879,17.0272,0.0,0.0,2810,1533.0,0.0,0.0,16.04,14.96,0.0,0.0,281,0.0,0.0,0.0,one,SR,1
0,328,331,0,0,36.1509,18.4125,16.3014,0.0,0.0,1947,1458.0,0.0,0.0,7.51,14.37,0.0,0.0,140,0.0,0.0,0.0,one,SR,1
0,3409,6916,0,0,45.9783,27.0758,17.3777,0.0,0.0,3348,1570.0,0.0,0.0,21.43,15.25,0.0,0.0,32,0.0,0.0,0.0,one,SR,1
0,2396,3066,0,0,35.2343,17.1939,16.5806,0.0,0.0,1926,1487.0,0.0,0.0,7.08,14.6,0.0,0.0,211,0.0,0.0,0.0,one,SR,1
281,735,9673,0,0,27.5047,10.7295,15.9257,0.0,0.0,1160,2053.0,0.0,0.0,4.54,11.49,0.0,0.0,93,631.0,0.0,0.0,one,RT,1
0,4823,3042,0,0,29.5827,13.5024,14.7522,0.0,0.0,1649,1307.0,0.0,0.0,5.36,13.28,0.0,0.0,283,0.0,0.0,0.0,one,SR,1
0,278,39,0,0,30.3341,17.3257,11.8762,0.0,0.0,1884,1030.0,0.0,0.0,9.59,11.32,0.0,0.0,38,0.0,0.0,0.0,one,SR,1
88,1919,2847,2835,0,49.6865,13.5695,23.6394,11.435,0.0,1483,2148.0,1099.0,0.0,6.19,9.24,7.18,0.0,106,455.0,267.0,0.0,many,RT,2
49,672,4256,0,0,22.6862,8.5065,13.5021,0.0,0.0,1161,1523.0,0.0,0.0,6.09,9.78,0.0,0.0,129,394.0,0.0,0.0,one,TR,1
0,3077,8263,0,0,32.6656,18.756,12.7202,0.0,0.0,2365,1111.0,0.0,0.0,14.13,11.89,0.0,0.0,96,0.0,0.0,0.0,one,SR,1
0,623,7183,0,0,34.3983,19.93,13.2428,0.0,0.0,2547,1162.0,0.0,0.0,15.71,12.26,0.0,0.0,91,0.0,0.0,0.0,one,SR,1
0,1299,9472,0,0,28.8009,16.4476,11.2628,0.0,0.0,1699,971.0,0.0,0.0,8.03,10.9,0.0,0.0,24,0.0,0.0,0.0,one,SR,1
150,3828,4745,0,0,35.6491,10.4511,24.5882,0.0,0.0,1719,2656.0,0.0,0.0,12.56,10.1,0.0,0.0,117,782.0,0.0,0.0,one,RT,1
173,3617,2656,0,0,30.7861,8.6429,21.6183,0.0,0.0,1356,1806.0,0.0,0.0,9.51,8.25,0.0,0.0,92,318.0,0.0,0.0,one,RT,1
0,1187,4934,0,0,24.8117,12.9083,10.8412,0.0,0.0,1105,931.0,0.0,0.0,2.04,10.62,0.0,0.0,67,0.0,0.0,0.0,one,SR,1
0,2151,5964,0,0,27.491,15.3192,11.0926,0.0,0.0,1688,955.0,0.0,0.0,8.01,10.79,0.0,0.0,76,0.0,0.0,0.0,one,SR,1
0,30,5061,0,0,27.5449,16.3261,10.2004,0.0,0.0,1899,869.0,0.0,0.0,10.77,10.18,0.0,0.0,40,0.0,0.0,0.0,one,SR,1
0,1655,543,0,0,21.9463,10.3185,10.5832,0.0,0.0,1313,906.0,0.0,0.0,4.39,10.45,0.0,0.0,242,0.0,0.0,0.0,one,SR,1
0,3190,2680,0,0,25.9414,14.4079,10.4953,0.0,0.0,1568,897.0,0.0,0.0,7.12,10.38,0.0,0.0,78,0.0,0.0,0.0,one,SR,1
0,4335,7957,0,0,27.4205,16.1906,10.2108,0.0,0.0,1729,870.0,0.0,0.0,8.98,10.19,0.0,0.0,10,0.0,0.0,0.0,one,SR,1
0,4771,1825,0,0,22.3473,11.5746,9.7826,0.0,0.0,1303,829.0,0.0,0.0,4.77,9.9,0.0,0.0,147,0.0,0.0,0.0,one,SR,1
0,913,4742,0,0,26.4652,16.5195,9.0086,0.0,0.0,2031,754.0,0.0,0.0,12.89,9.37,0.0,0.0,20,0.0,0.0,0.0,one,SR,1
0,2444,1875,0,0,22.5026,12.0223,9.5085,0.0,0.0,1399,803.0,0.0,0.0,5.94,9.72,0.0,0.0,136,0.0,0.0,0.0,one,SR,1
170,2797,6204,0,0,26.1701,9.0372,16.3938,0.0,0.0,1524,2060.0,0.0,0.0,9.35,10.39,0.0,0.0,211,666.0,0.0,0.0,one,RT,1
227,4127,5796,0,0,48.0497,8.7059,38.7665,0.0,0.0,1167,3732.0,0.0,0.0,7.06,10.77,0.0,0.0,72,964.0,0.0,0.0,one,RT,1
33,3534,4998,3258,0,56.6808,8.2317,23.9016,23.692,0.0,1637,1715.0,2405.0,0.0,9.49,8.32,6.24,0.0,334,136.0,799.0,0.0,many,RT,2
268,186,7070,0,0,28.4864,8.3247,19.5986,0.0,0.0,1711,2134.0,0.0,0.0,12.9,10.63,0.0,0.0,206,566.0,0.0,0.0,one,RT,1
224,2517,6930,0,0,32.0555,6.8786,24.6513,0.0,0.0,1487,2587.0,0.0,0.0,10.88,9.26,0.0,0.0,215,762.0,0.0,0.0,one,TR,1
176,971,4968,2508,0,60.8118,17.4365,15.867,26.2235,0.0,1426,1815.0,2324.0,0.0,3.41,9.4,10.44,0.0,4,538.0,422.0,0.0,many,RT,2
49,4137,8919,0,0,19.2391,6.0985,12.5903,0.0,0.0,1319,1266.0,0.0,0.0,8.9,8.5,0.0,0.0,231,288.0,0.0,0.0,one,RT,1
0,3236,6958,3508,0,74.4128,26.6653,21.2891,23.6637,0.0,2591,2316.0,1862.0,0.0,2.05,13.88,14.07,0.0,493,485.0,0.0,0.0,many,SR,2
114,2758,4811,4810,0,109.3644,19.0365,44.4873,44.4873,0.0,2562,3028.0,3028.0,0.0,14.72,11.77,11.77,0.0,203,85.0,85.0,0.0,many,TR,2
0,2389,2911,460,0,43.3607,16.1716,11.3251,14.1188,0.0,2090,802.0,1447.0,0.0,6.24,7.75,9.7,0.0,438,6.0,308.0,0.0,many,SR,2
86,4987,3311,427,0,51.1218,10.2462,19.9736,19.9914,0.0,1541,1720.0,1720.0,0.0,7.99,7.56,7.55,0.0,232,357.0,356.0,0.0,many,RT,2
48,187,4792,0,0,38.9154,14.5093,23.3843,0.0,0.0,1449,3035.0,0.0,0.0,6.02,13.22,0.0,0.0,39,999.0,0.0,0.0,one,RT,1
92,486,1550,0,0,31.2306,9.748,20.4721,0.0,0.0,1281,2473.0,0.0,0.0,4.36,13.11,0.0,0.0,249,685.0,0.0,0.0,one,TR,1
0,3879,5592,651,0,51.4076,22.7928,14.5225,12.3251,0.0,2574,1184.0,878.0,0.0,11.12,9.45,8.22,0.0,204,88.0,0.0,0.0,many,SR,2
265,2008,9576,395,0,61.589,15.5207,21.2994,23.4683,0.0,1692,2345.0,2229.0,0.0,6.06,9.5,9.51,0.0,172,710.0,516.0,0.0,many,RT,2
42,41,6168,367,66,95.8819,27.1892,21.5782,19.7995,24.7838,2142,2620.0,1705.0,2338.0,-0.29,11.8,10.69,11.82,240,813.0,208.0,436.0,many,RT,3
180,1360,6264,3713,0,76.6906,14.9563,34.6374,25.7333,0.0,1140,1910.0,2078.0,0.0,-0.3,9.15,11.49,0.0,110,-241.0,198.0,0.0,many,RT,2
0,2387,8803,6299,0,81.069,33.5694,27.8913,16.9182,0.0,2291,2249.0,1268.0,0.0,-0.15,16.47,10.43,0.0,10,6.0,0.0,0.0,many,SR,2
0,2356,726,0,0,41.0725,22.6611,16.9233,0.0,0.0,2866,1523.0,0.0,0.0,16.7,14.88,0.0,0.0,142,0.0,0.0,0.0,one,SR,1
50,3196,9944,9722,0,44.7864,9.7557,10.6915,23.2773,0.0,1308,994.0,2480.0,0.0,4.18,7.32,9.3,0.0,279,211.0,737.0,0.0,many,RT,2
0,2142,5050,0,0,49.9203,25.3212,22.6454,0.0,0.0,2543,2117.0,0.0,0.0,9.12,19.54,0.0,0.0,152,0.0,0.0,0.0,one,SR,1
0,1380,5854,5301,2710,82.224,31.3935,16.8494,10.8779,20.0634,1790,1271.0,755.0,1790.0,-8.56,10.41,7.52,12.47,182,7.0,0.0,182.0,many,SR,3
0,1456,2516,0,0,51.729,24.4004,25.1694,0.0,0.0,3695,2379.0,0.0,0.0,19.37,21.59,0.0,0.0,554,0.0,0.0,0.0,one,SR,1
0,3645,3580,2123,0,54.8548,25.1593,11.9314,15.9622,0.0,2996,860.0,1186.0,0.0,15.24,8.05,9.96,0.0,188,11.0,0.0,0.0,many,SR,2
18,3986,8254,6485,3770,136.2459,13.4132,25.3918,48.3049,47.9167,2289,2510.0,2492.0,2508.0,13.06,9.05,9.08,9.06,377,675.0,-400.0,-368.0,many,RT,3
0,4035,5105,0,0,51.1551,26.0837,23.0824,0.0,0.0,2663,2162.0,0.0,0.0,10.06,19.89,0.0,0.0,155,0.0,0.0,0.0,one,SR,1
0,3214,9984,0,0,27.2552,14.704,11.448,0.0,0.0,1325,989.0,0.0,0.0,3.98,11.03,0.0,0.0,40,0.0,0.0,0.0,one,SR,1
38,2347,2104,1340,1169,86.7905,13.5493,23.3992,21.861,26.6655,1368,2531.0,2348.0,2204.0,2.52,8.39,8.39,8.39,212,815.0,738.0,400.0,many,RT,3
0,3302,4842,0,0,44.2948,19.991,22.372,0.0,0.0,2695,2089.0,0.0,0.0,10.91,19.32,0.0,0.0,458,0.0,0.0,0.0,one,SR,1
140,1278,7304,0,0,23.0775,7.7728,14.6942,0.0,0.0,1211,1811.0,0.0,0.0,7.22,9.1,0.0,0.0,147,603.0,0.0,0.0,one,RT,1
0,989,2622,0,0,42.8357,22.6338,18.5791,0.0,0.0,3340,1695.0,0.0,0.0,20.46,16.23,0.0,0.0,313,0.0,0.0,0.0,one,SR,1
0,1896,9679,0,0,45.7093,25.5309,18.5578,0.0,0.0,3029,1692.0,0.0,0.0,17.22,16.21,0.0,0.0,89,0.0,0.0,0.0,one,SR,1
0,33,4603,0,0,34.4714,17.6009,15.4923,0.0,0.0,1929,1378.0,0.0,0.0,7.85,13.78,0.0,0.0,151,0.0,0.0,0.0,one,SR,1
0,764,8730,0,0,29.3308,16.9296,11.3071,0.0,0.0,1830,976.0,0.0,0.0,9.37,10.94,0.0,0.0,29,0.0,0.0,0.0,one,SR,1
136,2957,6887,1627,1147,95.7365,17.0762,24.9926,24.696,27.4967,1378,2203.0,2184.0,3154.0,1.19,8.98,8.88,10.89,103,449.0,452.0,1013.0,many,RT,3
0,134,5414,0,0,43.0135,23.8195,17.6472,0.0,0.0,2695,1598.0,0.0,0.0,14.38,15.47,0.0,0.0,71,0.0,0.0,0.0,one,SR,1
88,4960,7609,0,0,20.0627,8.9959,10.5461,0.0,0.0,1123,1152.0,0.0,0.0,7.11,8.21,0.0,0.0,20,304.0,0.0,0.0,one,RT,1
0,774,1250,0,0,35.6982,16.4559,17.6915,0.0,0.0,2728,1603.0,0.0,0.0,14.69,15.51,0.0,0.0,471,0.0,0.0,0.0,one,SR,1
0,1965,1015,0,0,42.7311,22.9891,18.1536,0.0,0.0,2931,1651.0,0.0,0.0,16.48,15.88,0.0,0.0,187,0.0,0.0,0.0,one,SR,1
0,3227,7874,0,0,31.284,13.8878,15.9847,0.0,0.0,1643,1425.0,0.0,0.0,4.55,14.11,0.0,0.0,301,0.0,0.0,0.0,one,SR,1
0,1808,5836,0,0,31.0172,16.4524,13.3336,0.0,0.0,1583,1170.0,0.0,0.0,5.54,12.31,0.0,0.0,65,0.0,0.0,0.0,one,SR,1
0,2807,4574,0,0,30.1652,16.4167,12.5689,0.0,0.0,1591,1097.0,0.0,0.0,6.09,11.8,0.0,0.0,44,0.0,0.0,0.0,one,SR,1
0,4037,1663,0,0,28.6028,14.0066,13.3629,0.0,0.0,1749,1173.0,0.0,0.0,7.26,12.33,0.0,0.0,233,0.0,0.0,0.0,one,SR,1
0,984,7473,0,0,30.6838,17.7291,11.8261,0.0,0.0,2019,1025.0,0.0,0.0,11.04,11.29,0.0,0.0,45,0.0,0.0,0.0,one,SR,1
0,1579,9842,0,0,25.5855,12.1866,12.2419,0.0,0.0,1789,1065.0,0.0,0.0,8.37,11.57,0.0,0.0,302,0.0,0.0,0.0,one,SR,1
0,222,8583,0,0,28.4145,15.1933,12.0756,0.0,0.0,1477,1049.0,0.0,0.0,5.2,11.46,0.0,0.0,68,0.0,0.0,0.0,one,SR,1
0,2228,4896,0,0,27.4004,16.5814,9.8261,0.0,0.0,2172,833.0,0.0,0.0,13.87,9.93,0.0,0.0,75,0.0,0.0,0.0,one,SR,1
128,2755,6396,4510,4064,126.7127,18.4447,36.1245,34.3939,36.1245,2040,3304.0,1875.0,3304.0,6.79,11.06,8.12,11.06,249,727.0,-211.0,727.0,many,TR,3
94,455,4687,3637,970,110.587,22.7693,20.3256,32.6982,33.0956,2243,1385.0,3187.0,2138.0,8.27,8.73,10.67,9.58,99,16.0,809.0,-6.0,many,RT,3
243,3942,3705,0,0,36.5229,7.9247,28.0634,0.0,0.0,1270,2051.0,0.0,0.0,8.52,9.35,0.0,0.0,116,167.0,0.0,0.0,one,RT,1
38,3837,3976,0,0,37.9753,8.0575,29.3342,0.0,0.0,1096,2731.0,0.0,0.0,6.26,9.84,0.0,0.0,94,635.0,0.0,0.0,one,TR,1
224,1564,5641,0,0,33.7215,7.2893,25.8387,0.0,0.0,1561,1468.0,0.0,0.0,11.05,9.93,0.0,0.0,242,-228.0,0.0,0.0,one,RT,1
281,61,5785,4137,0,42.6678,17.1756,10.9724,13.4041,0.0,2227,1137.0,1474.0,0.0,13.34,7.3,7.85,0.0,114,314.0,448.0,0.0,many,RT,2
0,4908,8905,4798,0,63.786,27.3042,17.1123,17.2508,0.0,2355,1285.0,1350.0,0.0,5.66,10.52,10.67,0.0,84,1.0,40.0,0.0,many,SR,2
0,1374,4706,1345,0,71.4177,29.4693,19.4502,20.1106,0.0,2132,1531.0,1562.0,0.0,0.9,11.78,12.1,0.0,48,33.0,13.0,0.0,many,SR,2
246,4869,6476,0,0,38.7776,10.3783,27.3165,0.0,0.0,1272,3532.0,0.0,0.0,3.61,14.83,0.0,0.0,248,1144.0,0.0,0.0,one,RT,1
50,1581,8736,8735,0,59.3075,9.5692,24.3745,24.3745,0.0,1452,2562.0,2562.0,0.0,6.34,8.95,8.95,0.0,286,769.0,769.0,0.0,many,RT,2
114,2847,1460,0,0,45.7461,16.5446,28.1358,0.0,0.0,1694,2589.0,0.0,0.0,8.2,13.66,0.0,0.0,6,399.0,0.0,0.0,one,RT,1
262,1769,7227,0,0,38.7141,11.6707,26.1975,0.0,0.0,1519,2936.0,0.0,0.0,8.34,12.46,0.0,0.0,121,824.0,0.0,0.0,one,TR,1
233,2165,7352,4823,0,52.1096,11.6698,18.3873,21.0921,0.0,1868,1900.0,2284.0,0.0,10.97,7.98,7.63,0.0,253,556.0,757.0,0.0,many,RT,2
164,1709,8493,5353,0,57.1458,20.656,17.409,17.8477,0.0,2573,1325.0,1361.0,0.0,15.92,9.06,9.27,0.0,62,87.0,86.0,0.0,many,RT,2
0,2162,7737,15,0,56.6689,20.8259,17.6076,16.132,0.0,1593,1478.0,1200.0,0.0,-2.2,10.99,10.05,0.0,252,112.0,-1.0,0.0,many,SR,2
22,1146,4618,1400,0,69.646,15.2272,26.9326,26.1663,0.0,1404,1808.0,1702.0,0.0,2.86,9.87,9.32,0.0,133,-1.0,-26.0,0.0,many,RT,2
164,1884,8865,1508,0,86.3946,15.6631,26.3056,42.7816,0.0,1662,2761.0,3359.0,0.0,2.65,12.22,13.22,0.0,322,689.0,364.0,0.0,many,RT,2
233,2332,2616,1896,0,66.1127,15.4568,29.3227,20.2333,0.0,1581,1951.0,2195.0,0.0,6.7,9.5,8.5,0.0,55,21.0,685.0,0.0,many,RT,2
165,1665,7400,4486,0,46.4534,16.2468,11.314,17.6459,0.0,1363,1497.0,1735.0,0.0,3.09,9.45,9.01,0.0,35,489.0,409.0,0.0,many,RT,2
247,893,8178,7962,0,55.9181,14.4468,24.4595,15.8637,0.0,1471,2338.0,1624.0,0.0,5.11,9.17,8.32,0.0,107,574.0,434.0,0.0,many,RT,2
0,2808,7811,3858,0,58.7344,22.9985,19.648,13.9686,0.0,1760,1725.0,1017.0,0.0,-0.59,12.19,9.01,0.0,181,162.0,0.0,0.0,many,SR,2
68,418,3423,0,0,59.4905,21.2634,36.873,0.0,0.0,2991,3517.0,0.0,0.0,19.22,17.54,0.0,0.0,180,565.0,0.0,0.0,one,TR,1
51,1465,5614,0,0,46.4701,13.334,31.8102,0.0,0.0,2528,3350.0,0.0,0.0,14.61,17.26,0.0,0.0,485,677.0,0.0,0.0,one,RT,1
0,4499,5538,5537,0,44.3506,18.2584,12.2288,12.2288,0.0,1167,870.0,870.0,0.0,-2.46,8.17,8.17,0.0,70,0.0,0.0,0.0,many,SR,2
0,2891,7883,0,0,50.6838,21.7538,26.65,0.0,0.0,3031,2533.0,0.0,0.0,11.31,22.8,0.0,0.0,605,0.0,0.0,0.0,one,SR,1
0,674,8503,0,0,29.5542,18.3614,10.1758,0.0,0.0,2305,867.0,0.0,0.0,15.05,10.17,0.0,0.0,21,0.0,0.0,0.0,one,SR,1
0,2154,7041,0,0,52.4734,25.6729,24.6805,0.0,0.0,3438,2329.0,0.0,0.0,17.02,21.2,0.0,0.0,411,0.0,0.0,0.0,one,SR,1
0,1171,1998,702,0,41.7929,17.4912,11.4056,11.3402,0.0,1691,821.0,795.0,0.0,3.75,7.81,7.75,0.0,189,15.0,0.0,0.0,many,SR,2
0,3642,3583,0,0,56.3235,30.1439,24.1067,0.0,0.0,3402,2269.0,0.0,0.0,17.06,20.73,0.0,0.0,143,0.0,0.0,0.0,one,SR,1
0,811,1882,0,0,25.55,12.0883,12.3005,0.0,0.0,2380,1071.0,0.0,0.0,14.54,11.61,0.0,0.0,440,0.0,0.0,0.0,one,SR,1
3,2814,4786,0,0,32.0402,8.8252,22.4243,0.0,0.0,1168,1792.0,0.0,0.0,5.15,10.91,0.0,0.0,168,147.0,0.0,0.0,one,RT,1
0,339,2721,0,0,52.0337,27.8303,22.2795,0.0,0.0,2591,2079.0,0.0,0.0,9.89,19.24,0.0,0.0,15,0.0,0.0,0.0,one,SR,1
0,321,3883,0,0,23.2334,11.0597,11.0945,0.0,0.0,1746,955.0,0.0,0.0,8.62,10.79,0.0,0.0,315,0.0,0.0,0.0,one,SR,1
0,695,7345,0,0,49.005,28.0762,19.2511,0.0,0.0,3705,1765.0,0.0,0.0,23.8,16.78,0.0,0.0,131,0.0,0.0,0.0,one,SR,1
0,3557,9337,0,0,47.9152,25.6727,20.4659,0.0,0.0,2783,1891.0,0.0,0.0,13.23,17.77,0.0,0.0,102,0.0,0.0,0.0,one,SR,1
35,3692,529,0,0,28.8209,9.2466,18.727,0.0,0.0,1237,2374.0,0.0,0.0,5.36,12.47,0.0,0.0,188,715.0,0.0,0.0,one,TR,1
195,3625,9862,0,0,33.7515,14.7519,18.0257,0.0,0.0,1640,2133.0,0.0,0.0,8.46,12.74,0.0,0.0,45,541.0,0.0,0.0,one,TR,1
195,1069,6165,0,0,35.6755,16.1199,18.4956,0.0,0.0,1622,2576.0,0.0,0.0,7.49,13.6,0.0,0.0,10,837.0,0.0,0.0,one,RT,1
0,3583,6198,0,0,35.8278,18.6279,15.8004,0.0,0.0,1944,1408.0,0.0,0.0,7.82,13.99,0.0,0.0,110,0.0,0.0,0.0,one,SR,1
227,558,5682,0,0,28.1109,11.2458,16.0008,0.0,0.0,1273,2056.0,0.0,0.0,5.59,11.64,0.0,0.0,98,623.0,0.0,0.0,one,RT,1
0,2035,9191,0,0,31.0153,15.8566,13.8893,0.0,0.0,1619,1224.0,0.0,0.0,5.58,12.69,0.0,0.0,123,0.0,0.0,0.0,one,SR,1
0,860,495,0,0,30.1086,15.803,13.0907,0.0,0.0,1433,1147.0,0.0,0.0,4.11,12.15,0.0,0.0,59,0.0,0.0,0.0,one,SR,1
234,3824,6713,3563,0,55.2424,11.0329,30.1662,13.2031,0.0,1116,1967.0,1236.0,0.0,4.16,8.19,7.22,0.0,63,56.0,295.0,0.0,many,RT,2
0,4109,5846,0,0,26.9283,14.9656,10.897,0.0,0.0,1564,936.0,0.0,0.0,6.83,10.66,0.0,0.0,61,0.0,0.0,0.0,one,SR,1
0,384,6444,0,0,25.7154,14.293,10.3913,0.0,0.0,1338,887.0,0.0,0.0,4.77,10.31,0.0,0.0,30,0.0,0.0,0.0,one,SR,1
0,95,1404,0,0,23.1243,13.2249,8.9651,0.0,0.0,1416,750.0,0.0,0.0,6.46,9.34,0.0,0.0,58,0.0,0.0,0.0,one,SR,1
0,2700,9401,0,0,30.1395,19.0298,10.0983,0.0,0.0,2382,859.0,0.0,0.0,15.91,10.11,0.0,0.0,0,0.0,0.0,0.0,one,SR,1
106,552,8868,0,0,30.7605,10.1911,19.9491,0.0,0.0,1674,2299.0,0.0,0.0,11.99,9.2,0.0,0.0,126,749.0,0.0,0.0,one,RT,1
164,1362,8767,8690,8689,115.7259,20.8337,29.6734,31.8194,31.8194,1773,2879.0,2388.0,2388.0,4.4,10.15,9.82,9.82,41,724.0,244.0,244.0,many,RT,3
38,887,6710,6709,4266,108.6283,17.3228,11.6768,11.6768,66.6221,1556,821.0,821.0,3134.0,4.37,6.08,6.08,12.14,60,83.0,83.0,-870.0,many,RT,3
0,4504,2987,583,0,44.0393,20.9741,10.7897,10.7731,0.0,2028,780.0,763.0,0.0,7.77,7.53,7.5,0.0,53,24.0,12.0,0.0,many,SR,2
69,4557,4375,0,0,25.0018,6.1977,18.2573,0.0,0.0,1364,1881.0,0.0,0.0,9.4,9.47,0.0,0.0,234,478.0,0.0,0.0,one,TR,1
79,3553,8036,7601,0,60.1247,15.6484,23.001,20.5148,0.0,2059,2598.0,1675.0,0.0,12.98,9.87,7.74,0.0,84,819.0,287.0,0.0,many,RT,2
64,2639,7141,0,0,24.262,12.7168,11.0352,0.0,0.0,2008,1298.0,0.0,0.0,16.49,8.1,0.0,0.0,13,404.0,0.0,0.0,one,RT,1
184,3937,7921,5354,2442,89.4398,19.9551,20.3798,23.6211,23.6211,1823,1951.0,2203.0,2203.0,2.38,9.53,9.05,9.05,234,433.0,509.0,509.0,many,RT,3
197,4606,17,0,0,27.8552,10.0359,17.254,0.0,0.0,1653,1698.0,0.0,0.0,12.27,8.65,0.0,0.0,103,414.0,0.0,0.0,one,RT,1
184,2020,6432,5422,5421,83.8452,16.6521,28.7632,18.5631,18.5631,1387,2273.0,1698.0,1698.0,2.83,9.35,8.35,8.35,46,314.0,368.0,368.0,many,RT,3
277,1596,1548,0,0,20.5752,7.9347,12.1233,0.0,0.0,1465,1405.0,0.0,0.0,10.73,8.17,0.0,0.0,150,437.0,0.0,0.0,one,RT,1
42,1587,9438,906,0,91.7498,22.1232,43.4401,24.5695,0.0,2160,4156.0,2418.0,0.0,8.13,13.04,11.13,0.0,76,985.0,543.0,0.0,many,RT,2
224,3844,2683,0,0,46.2587,8.6644,36.8106,0.0,0.0,1944,2989.0,0.0,0.0,13.36,12.84,0.0,0.0,345,359.0,0.0,0.0,one,RT,1
121,584,4328,474,0,60.8988,13.2669,26.4302,19.9855,0.0,1433,2040.0,2264.0,0.0,4.1,9.11,10.05,0.0,194,245.0,680.0,0.0,many,RT,2
164,128,7880,7438,0,71.8762,18.3048,33.9376,18.2481,0.0,2424,3566.0,1606.0,0.0,12.98,11.94,8.91,0.0,227,999.0,282.0,0.0,many,RT,2
164,3859,2820,2103,385,118.6339,22.0239,31.5801,27.8366,35.0407,2235,3643.0,2129.0,3303.0,4.1,10.65,10.44,11.44,354,1230.0,190.0,759.0,many,RT,3
0,2233,9998,9188,0,69.3275,28.5794,13.4337,24.9398,0.0,2109,1064.0,2013.0,0.0,0.77,8.89,14.86,0.0,84,68.0,26.0,0.0,many,SR,2
233,4039,4741,0,0,46.1262,13.3352,31.6998,0.0,0.0,1859,2827.0,0.0,0.0,9.7,13.91,0.0,0.0,225,415.0,0.0,0.0,one,TR,1
184,863,4009,2419,1961,83.5631,21.4664,33.0493,12.4891,14.7738,2177,2586.0,1278.0,1447.0,6.8,12.13,7.84,7.87,195,240.0,333.0,362.0,many,RT,3
114,89,6619,0,0,45.0995,14.0483,30.1679,0.0,0.0,1531,2586.0,0.0,0.0,8.13,12.83,0.0,0.0,15,341.0,0.0,0.0,one,RT,1
0,507,1780,0,0,59.395,27.4375,29.4495,0.0,0.0,3274,2824.0,0.0,0.0,11.8,25.08,0.0,0.0,466,0.0,0.0,0.0,one,SR,1
0,733,2587,0,0,30.5654,17.6922,11.7495,0.0,0.0,1831,1018.0,0.0,0.0,9.11,11.24,0.0,0.0,3,0.0,0.0,0.0,one,SR,1
11,4921,6731,0,0,32.1781,10.8677,20.7416,0.0,0.0,1845,2255.0,0.0,0.0,14.25,9.69,0.0,0.0,103,655.0,0.0,0.0,one,RT,1
252,4794,4774,0,0,29.2366,9.3037,19.3889,0.0,0.0,2087,2211.0,0.0,0.0,17.02,9.44,0.0,0.0,228,693.0,0.0,0.0,one,TR,1
104,3057,9969,0,0,39.117,16.2591,22.0099,0.0,0.0,2535,2935.0,0.0,0.0,18.99,13.48,0.0,0.0,103,970.0,0.0,0.0,one,RT,1
48,3752,3570,1816,0,58.8568,14.5193,24.8553,18.1781,0.0,1615,2876.0,1702.0,0.0,5.22,11.35,7.69,0.0,210,889.0,419.0,0.0,many,RT,2
0,2662,2111,0,0,39.1104,17.608,19.7823,0.0,0.0,2235,1819.0,0.0,0.0,7.99,17.2,0.0,0.0,382,0.0,0.0,0.0,one,SR,1
0,4543,5868,0,0,29.8956,17.226,11.5586,0.0,0.0,1918,1000.0,0.0,0.0,10.14,11.11,0.0,0.0,41,0.0,0.0,0.0,one,SR,1
0,1414,784,0,0,31.7453,14.4934,15.8496,0.0,0.0,1682,1412.0,0.0,0.0,5.04,14.02,0.0,0.0,273,0.0,0.0,0.0,one,SR,1
0,2402,6502,0,0,30.6557,16.661,12.7996,0.0,0.0,1592,1119.0,0.0,0.0,5.96,11.95,0.0,0.0,39,0.0,0.0,0.0,one,SR,1
0,4971,7238,4756,0,50.5357,20.3691,13.8255,14.5069,0.0,1296,1027.0,1133.0,0.0,-2.9,8.97,9.37,0.0,82,16.0,52.0,0.0,many,SR,2
0,3205,309,0,0,36.5697,20.9095,14.3591,0.0,0.0,2305,1269.0,0.0,0.0,12.49,13.01,0.0,0.0,22,0.0,0.0,0.0,one,SR,1
0,417,4688,0,0,32.1156,17.2066,13.6559,0.0,0.0,1450,1201.0,0.0,0.0,3.95,12.53,0.0,0.0,6,0.0,0.0,0.0,one,SR,1
0,1176,3127,0,0,23.9945,11.4728,11.4206,0.0,0.0,1779,986.0,0.0,0.0,8.77,11.01,0.0,0.0,311,0.0,0.0,0.0,one,SR,1
281,2625,9597,182,0,100.1157,10.9566,37.0134,51.102,0.0,1223,2600.0,2402.0,0.0,3.45,9.97,10.47,0.0,188,168.0,-666.0,0.0,many,RT,2
233,3514,680,0,0,32.5334,7.2061,24.7982,0.0,0.0,1309,2269.0,0.0,0.0,8.98,9.29,0.0,0.0,160,497.0,0.0,0.0,one,RT,1
14,3376,1206,0,0,31.7688,6.8389,24.412,0.0,0.0,1642,1729.0,0.0,0.0,12.58,9.18,0.0,0.0,248,84.0,0.0,0.0,one,RT,1
0,4158,6442,2784,0,54.6104,23.7458,11.4974,17.5137,0.0,2780,808.0,1318.0,0.0,12.51,7.82,10.71,0.0,240,0.0,0.0,0.0,many,SR,2
164,2441,9365,9264,540,76.5667,20.1482,22.9142,15.4091,16.2449,1673,2057.0,1801.0,1348.0,0.91,9.11,9.19,9.2,185,421.0,558.0,153.0,many,RT,3
233,3202,9724,5208,3145,82.4716,15.4901,19.7971,21.9596,23.8281,1829,2297.0,2180.0,1794.0,6.63,7.49,7.72,8.75,250,834.0,629.0,183.0,many,RT,3
42,4424,9500,5650,4920,103.4999,24.5326,29.7505,21.0373,25.8235,1904,2907.0,2279.0,3048.0,-1.21,12.17,10.71,11.69,245,650.0,613.0,968.0,many,RT,3
247,4959,7028,6764,0,78.8818,23.5338,26.8189,27.0453,0.0,2464,2367.0,2167.0,0.0,12.52,10.38,10.45,0.0,5,432.0,257.0,0.0,many,RT,2
157,4051,7194,5548,0,72.8074,11.6216,16.2654,44.0093,0.0,1526,1719.0,2970.0,0.0,7.82,7.52,9.6,0.0,156,529.0,161.0,0.0,many,RT,2
72,2497,5224,4060,0,88.634,11.0757,55.2214,21.3697,0.0,1224,2758.0,1870.0,0.0,4.15,11.29,7.39,0.0,145,-607.0,421.0,0.0,many,RT,2
281,4876,5965,0,0,32.7914,10.863,21.2381,0.0,0.0,1116,1714.0,0.0,0.0,5.5,9.9,0.0,0.0,0,185.0,0.0,0.0,one,TR,1
39,4351,1193,0,0,66.1161,24.3394,40.0723,0.0,0.0,2502,4896.0,0.0,0.0,10.93,23.04,0.0,0.0,76,1276.0,0.0,0.0,one,RT,1
50,4737,7762,2279,0,43.8449,10.5854,18.5953,13.6697,0.0,1213,1983.0,1165.0,0.0,3.79,8.99,6.96,0.0,182,567.0,228.0,0.0,many,RT,2
281,2334,3090,2367,0,57.193,15.634,21.0,19.1972,0.0,1411,2237.0,2231.0,0.0,2.56,8.87,10.75,0.0,133,666.0,658.0,0.0,many,RT,2
224,3994,7132,1414,0,53.7384,14.5478,21.9338,15.9953,0.0,1865,2188.0,1957.0,0.0,8.23,9.31,9.31,0.0,243,563.0,651.0,0.0,many,TR,2
213,235,7985,5488,0,74.1834,12.7364,37.4867,23.1185,0.0,2195,2710.0,2423.0,0.0,15.47,9.28,9.14,0.0,212,267.0,706.0,0.0,many,RT,2
50,2711,8830,6838,0,77.2714,18.8915,31.5153,25.1315,0.0,1385,2497.0,2991.0,0.0,-1.06,11.81,12.52,0.0,132,254.0,915.0,0.0,many,RT,2
0,781,2306,0,0,48.9812,23.5408,23.4232,0.0,0.0,2797,2198.0,0.0,0.0,11.21,20.17,0.0,0.0,333,0.0,0.0,0.0,one,SR,1
114,2137,609,0,0,42.1543,17.6931,23.2569,0.0,0.0,2244,3286.0,0.0,0.0,12.72,16.04,0.0,0.0,133,1077.0,0.0,0.0,one,RT,1
52,4541,2269,0,0,36.1963,12.2752,22.8447,0.0,0.0,1451,2423.0,0.0,0.0,5.55,13.76,0.0,0.0,184,505.0,0.0,0.0,one,RT,1
0,936,4400,0,0,40.4942,18.9766,19.7959,0.0,0.0,2380,1821.0,0.0,0.0,9.5,17.22,0.0,0.0,342,0.0,0.0,0.0,one,SR,1
0,4428,7678,0,0,35.426,19.2956,14.7995,0.0,0.0,2640,1311.0,0.0,0.0,15.74,13.31,0.0,0.0,196,0.0,0.0,0.0,one,SR,1
0,515,7036,0,0,32.0682,17.1668,13.6483,0.0,0.0,1842,1201.0,0.0,0.0,8.06,12.53,0.0,0.0,95,0.0,0.0,0.0,one,SR,1
0,4255,3123,0,0,22.3799,12.8508,8.6182,0.0,0.0,1354,717.0,0.0,0.0,6.02,9.11,0.0,0.0,53,0.0,0.0,0.0,one,SR,1
213,3080,127,0,0,19.039,7.8372,10.6331,0.0,0.0,1610,1374.0,0.0,0.0,11.79,8.69,0.0,0.0,212,457.0,0.0,0.0,one,RT,1
162,1277,9521,7892,0,70.2943,14.4706,37.2516,17.5062,0.0,1365,3374.0,1700.0,0.0,4.74,11.33,8.33,0.0,43,719.0,419.0,0.0,many,TR,2
35,3546,9813,0,0,34.1038,9.539,24.0584,0.0,0.0,1392,2192.0,0.0,0.0,10.06,10.07,0.0,0.0,44,433.0,0.0,0.0,one,RT,1
0,3258,5481,0,0,23.7429,13.2088,9.5596,0.0,0.0,2113,807.0,0.0,0.0,13.42,9.75,0.0,0.0,232,0.0,0.0,0.0,one,SR,1
49,3108,5907,0,0,50.6894,8.3464,41.8019,0.0,0.0,1426,2181.0,0.0,0.0,10.1,10.41,0.0,0.0,131,-412.0,0.0,0.0,one,RT,1
0,4170,9514,6128,0,84.0542,29.4297,23.3361,28.2324,0.0,2512,1833.0,2284.0,0.0,-1.13,13.89,16.67,0.0,454,0.0,9.0,0.0,many,SR,2
32,3291,751,0,0,29.4349,6.716,22.0999,0.0,0.0,1738,1911.0,0.0,0.0,12.68,10.19,0.0,0.0,324,291.0,0.0,0.0,one,RT,1
0,1421,5555,2826,0,49.5508,20.3988,13.6071,13.7686,0.0,1129,987.0,1010.0,0.0,-4.13,8.84,8.93,0.0,16,0.0,7.0,0.0,many,SR,2
114,2363,6020,0,0,50.8622,17.936,31.9432,0.0,0.0,2506,2692.0,0.0,0.0,17.47,13.83,0.0,0.0,72,298.0,0.0,0.0,one,TR,1
195,4405,2330,0,0,40.7625,14.9662,24.7871,0.0,0.0,2034,2009.0,0.0,0.0,12.27,13.09,0.0,0.0,138,112.0,0.0,0.0,one,RT,1
260,2276,6672,2768,1202,95.2625,22.1224,26.2729,19.1485,25.6995,1479,2305.0,2031.0,2998.0,-2.64,10.2,9.07,11.92,118,416.0,576.0,922.0,many,RT,3
121,2823,4601,0,0,42.5672,14.2426,27.345,0.0,0.0,1411,3037.0,0.0,0.0,6.0,13.79,0.0,0.0,24,791.0,0.0,0.0,one,TR,1
1,1433,8791,672,0,85.5521,20.8686,37.7714,25.2973,0.0,1700,2746.0,2200.0,0.0,3.32,13.07,11.08,0.0,40,108.0,335.0,0.0,many,RT,2
150,2845,6662,0,0,36.7391,15.6357,20.2172,0.0,0.0,2370,2003.0,0.0,0.0,16.91,11.86,0.0,0.0,118,375.0,0.0,0.0,one,TR,1
0,4201,3646,793,0,68.134,31.0771,17.6215,17.2934,0.0,3115,1362.0,1299.0,0.0,13.43,10.82,10.61,0.0,63,26.0,0.0,0.0,many,SR,2
213,2766,5129,1094,0,63.9709,17.1049,16.958,28.5332,0.0,1352,1717.0,2671.0,0.0,1.82,9.65,11.1,0.0,48,397.0,565.0,0.0,many,RT,2
0,1981,7027,2463,0,54.7512,22.98,11.8787,17.9829,0.0,1774,840.0,1463.0,0.0,1.44,8.0,11.09,0.0,85,0.0,78.0,0.0,many,SR,2
92,881,9347,2157,0,62.6237,14.5653,27.3767,19.4185,0.0,1716,2741.0,1882.0,0.0,6.65,9.37,10.26,0.0,210,755.0,388.0,0.0,many,RT,2
0,1985,7102,0,0,53.8335,25.3181,26.2669,0.0,0.0,3080,2493.0,0.0,0.0,12.1,22.49,0.0,0.0,412,0.0,0.0,0.0,one,SR,1
42,2940,8854,297,0,87.3157,19.8523,40.4793,25.3846,0.0,1728,2468.0,1997.0,0.0,3.75,11.99,11.01,0.0,93,-192.0,171.0,0.0,many,RT,2
184,1494,7131,1478,0,87.7774,16.6747,44.5864,25.07,0.0,1366,3528.0,2489.0,0.0,1.33,12.92,10.55,0.0,108,431.0,604.0,0.0,many,RT,2
157,513,7691,4331,0,78.3376,11.8565,18.1168,47.4225,0.0,1091,1965.0,2727.0,0.0,2.98,7.69,9.73,0.0,62,634.0,-199.0,0.0,many,RT,2
85,3444,9059,0,0,31.9589,12.334,18.8073,0.0,0.0,1708,2336.0,0.0,0.0,10.58,11.18,0.0,0.0,114,741.0,0.0,0.0,one,TR,1
252,2302,9379,8478,0,53.2838,11.6294,25.7619,14.8862,0.0,1521,2407.0,1265.0,0.0,6.91,10.01,8.05,0.0,200,530.0,202.0,0.0,many,RT,2
0,2771,3304,0,0,31.1733,16.6973,13.2504,0.0,0.0,1720,1162.0,0.0,0.0,7.03,12.26,0.0,0.0,80,0.0,0.0,0.0,one,SR,1
0,3953,4903,0,0,30.3996,16.7009,12.5227,0.0,0.0,2302,1092.0,0.0,0.0,13.59,11.76,0.0,0.0,185,0.0,0.0,0.0,one,SR,1
0,4748,3994,0,0,26.5413,14.3584,11.103,0.0,0.0,1434,956.0,0.0,0.0,5.34,10.8,0.0,0.0,71,0.0,0.0,0.0,one,SR,1
0,4579,1453,0,0,23.3493,12.4506,9.9008,0.0,0.0,1107,840.0,0.0,0.0,2.64,9.98,0.0,0.0,61,0.0,0.0,0.0,one,SR,1
0,129,3500,0,0,20.128,10.003,9.1758,0.0,0.0,1666,771.0,0.0,0.0,8.95,9.49,0.0,0.0,291,0.0,0.0,0.0,one,SR,1
0,2111,5632,0,0,23.911,13.7842,9.1777,0.0,0.0,2369,771.0,0.0,0.0,16.33,9.49,0.0,0.0,246,0.0,0.0,0.0,one,SR,1
0,1841,848,0,0,22.1633,12.5156,8.7298,0.0,0.0,1760,727.0,0.0,0.0,10.22,9.18,0.0,0.0,164,0.0,0.0,0.0,one,SR,1
181,4243,3838,0,0,24.3465,8.0414,15.7215,0.0,0.0,1306,1895.0,0.0,0.0,8.46,9.84,0.0,0.0,141,589.0,0.0,0.0,one,RT,1
182,514,5420,0,0,38.1132,10.5165,26.8837,0.0,0.0,1300,2379.0,0.0,0.0,7.23,11.13,0.0,0.0,70,404.0,0.0,0.0,one,TR,1
150,4119,830,0,0,30.7343,9.9142,19.9354,0.0,0.0,1639,1923.0,0.0,0.0,9.25,11.85,0.0,0.0,259,324.0,0.0,0.0,one,TR,1
223,3923,2213,0,0,24.1717,10.0173,13.3616,0.0,0.0,1155,1396.0,0.0,0.0,4.99,9.93,0.0,0.0,103,291.0,0.0,0.0,one,RT,1
92,3246,6514,0,0,35.7189,11.0972,23.7801,0.0,0.0,1079,2237.0,0.0,0.0,3.75,11.42,0.0,0.0,52,420.0,0.0,0.0,one,RT,1
247,236,9509,0,0,30.7991,12.0742,18.0211,0.0,0.0,1644,2296.0,0.0,0.0,10.93,11.04,0.0,0.0,59,751.0,0.0,0.0,one,TR,1
92,1197,5247,0,0,29.3989,14.0269,14.5685,0.0,0.0,1744,1652.0,0.0,0.0,11.08,10.03,0.0,0.0,25,437.0,0.0,0.0,one,RT,1
120,3100,6528,0,0,24.9618,9.94,14.4637,0.0,0.0,1301,1632.0,0.0,0.0,8.64,9.58,0.0,0.0,27,447.0,0.0,0.0,one,RT,1
96,3980,8104,0,0,83.1012,24.1592,57.1192,0.0,0.0,3678,3923.0,0.0,0.0,22.21,23.23,0.0,0.0,402,-306.0,0.0,0.0,one,TR,1
0,2627,8305,0,0,58.5826,26.6165,29.4572,0.0,0.0,3449,2825.0,0.0,0.0,13.64,25.09,0.0,0.0,549,0.0,0.0,0.0,one,SR,1
0,3253,1798,0,0,41.0561,20.607,18.8081,0.0,0.0,3316,1718.0,0.0,0.0,20.05,16.41,0.0,0.0,424,0.0,0.0,0.0,one,SR,1
0,1352,6232,1879,0,49.7581,25.1666,11.763,11.2585,0.0,2893,831.0,816.0,0.0,16.25,7.95,7.75,0.0,54,0.0,21.0,0.0,many,SR,2
0,3956,2290,0,0,27.9285,15.2053,11.6087,0.0,0.0,1802,1005.0,0.0,0.0,8.89,11.15,0.0,0.0,124,0.0,0.0,0.0,one,SR,1
0,4631,8308,0,0,33.1155,19.4593,12.483,0.0,0.0,2184,1088.0,0.0,0.0,12.37,11.73,0.0,0.0,11,0.0,0.0,0.0,one,SR,1
86,307,9982,0,0,42.5582,10.8713,31.0291,0.0,0.0,1893,2526.0,0.0,0.0,13.96,10.58,0.0,0.0,156,357.0,0.0,0.0,one,RT,1
85,556,8909,8899,0,101.2692,19.7974,34.4836,45.3208,0.0,1506,2427.0,3111.0,0.0,0.81,10.02,14.65,0.0,79,143.0,-20.0,0.0,many,RT,2
195,3283,8102,0,0,44.1983,9.3105,34.3685,0.0,0.0,1301,2646.0,0.0,0.0,8.99,10.19,0.0,0.0,42,317.0,0.0,0.0,one,TR,1
39,255,2033,744,0,44.8764,10.8578,13.7804,19.3327,0.0,1147,1049.0,1607.0,0.0,3.89,7.52,7.54,0.0,110,103.0,296.0,0.0,many,TR,2
231,775,7866,6597,0,54.2123,9.5305,19.5662,24.2761,0.0,1160,2082.0,2277.0,0.0,4.62,8.22,8.18,0.0,152,637.0,579.0,0.0,many,RT,2
0,167,5686,0,0,68.6809,31.9676,33.847,0.0,0.0,4856,3281.0,0.0,0.0,25.19,28.66,0.0,0.0,747,0.0,0.0,0.0,one,SR,1
208,3020,7735,2839,0,78.2114,16.8878,27.9395,31.6316,0.0,1899,2766.0,2954.0,0.0,4.17,12.77,12.75,0.0,361,592.0,574.0,0.0,many,RT,2
10,924,1789,0,0,40.1809,10.9074,28.5196,0.0,0.0,1703,3097.0,0.0,0.0,11.1,12.54,0.0,0.0,158,843.0,0.0,0.0,one,RT,1
50,2354,5212,695,0,55.6523,15.6047,11.3713,27.5078,0.0,1848,1385.0,2238.0,0.0,8.89,8.92,9.76,0.0,139,421.0,325.0,0.0,many,RT,2
0,1714,8266,6919,0,67.4145,30.1561,18.3079,16.804,0.0,3833,1385.0,1258.0,0.0,20.93,11.09,10.37,0.0,273,0.0,0.0,0.0,many,SR,2
0,886,5010,0,0,27.2391,14.0384,12.0557,0.0,0.0,2717,1048.0,0.0,0.0,18.22,11.45,0.0,0.0,403,0.0,0.0,0.0,one,SR,1
0,1738,6068,0,0,31.663,17.2131,13.2258,0.0,0.0,1689,1160.0,0.0,0.0,6.72,12.24,0.0,0.0,45,0.0,0.0,0.0,one,SR,1
0,1203,5103,0,0,27.6214,14.9776,11.535,0.0,0.0,1279,997.0,0.0,0.0,3.45,11.09,0.0,0.0,18,0.0,0.0,0.0,one,SR,1
48,3833,2898,0,0,28.5566,6.8469,21.1537,0.0,0.0,1317,1502.0,0.0,0.0,8.82,8.56,0.0,0.0,194,80.0,0.0,0.0,one,TR,1
50,4034,8140,7776,0,58.0361,11.4276,27.8866,17.7241,0.0,1332,1890.0,1671.0,0.0,5.01,9.73,8.25,0.0,165,28.0,389.0,0.0,many,RT,2
281,253,9445,5086,0,105.446,14.5496,61.2458,28.5876,0.0,1453,3481.0,2278.0,0.0,5.69,12.32,9.32,0.0,57,-349.0,328.0,0.0,many,TR,2
224,1785,5051,0,0,37.24,11.4444,25.2347,0.0,0.0,1827,2057.0,0.0,0.0,14.13,8.61,0.0,0.0,65,337.0,0.0,0.0,one,TR,1
85,44,5480,3448,0,93.1234,18.7418,21.0795,51.778,0.0,1784,2308.0,3362.0,0.0,5.02,11.04,12.2,0.0,128,619.0,-2.0,0.0,many,RT,2
0,4434,2063,0,0,33.9965,17.3978,15.2381,0.0,0.0,2175,1353.0,0.0,0.0,10.59,13.61,0.0,0.0,208,0.0,0.0,0.0,one,SR,1
124,4064,8461,5202,0,54.3745,12.2066,20.4801,20.3253,0.0,1608,1528.0,1540.0,0.0,4.62,9.96,9.66,0.0,359,67.0,98.0,0.0,many,RT,2
64,3927,8375,0,0,42.5061,16.2257,25.1799,0.0,0.0,2641,2845.0,0.0,0.0,17.83,15.0,0.0,0.0,249,680.0,0.0,0.0,one,TR,1
116,299,6138,0,0,36.512,14.0075,21.8312,0.0,0.0,2110,2297.0,0.0,0.0,16.09,10.73,0.0,0.0,45,590.0,0.0,0.0,one,TR,1
0,2612,2319,0,0,23.2701,10.8372,11.3374,0.0,0.0,1758,978.0,0.0,0.0,8.6,10.95,0.0,0.0,337,0.0,0.0,0.0,one,SR,1
66,3910,9770,7893,0,59.0951,15.4516,24.3485,18.1702,0.0,1568,2713.0,1942.0,0.0,6.34,9.9,8.35,0.0,64,848.0,583.0,0.0,many,RT,2
213,3503,5839,4205,0,68.8755,16.263,29.6784,21.5263,0.0,1436,1970.0,2683.0,0.0,2.41,9.89,11.19,0.0,127,2.0,895.0,0.0,many,RT,2
234,331,55,0,0,24.3824,7.3601,16.4931,0.0,0.0,1161,1657.0,0.0,0.0,7.43,8.29,0.0,0.0,119,433.0,0.0,0.0,one,TR,1
231,1810,8116,0,0,30.5011,6.327,23.6343,0.0,0.0,1193,2487.0,0.0,0.0,7.67,9.4,0.0,0.0,186,722.0,0.0,0.0,one,RT,1
120,4810,5369,1018,0,60.9105,15.1562,22.6388,22.2572,0.0,1831,2003.0,2095.0,0.0,11.5,8.27,8.32,0.0,11,429.0,519.0,0.0,many,RT,2
0,2019,8433,0,0,43.5233,21.2771,20.4697,0.0,0.0,2800,1891.0,0.0,0.0,13.41,17.77,0.0,0.0,339,0.0,0.0,0.0,one,SR,1
88,238,5159,4675,0,33.1923,12.2249,10.1822,9.8809,0.0,1287,1181.0,1225.0,0.0,5.37,7.47,7.57,0.0,68,378.0,423.0,0.0,many,RT,2
0,3043,163,0,0,21.6398,11.4352,9.2505,0.0,0.0,1280,778.0,0.0,0.0,4.85,9.54,0.0,0.0,132,0.0,0.0,0.0,one,SR,1
39,3577,3827,0,0,42.4713,14.9821,26.5069,0.0,0.0,1825,2858.0,0.0,0.0,10.32,13.82,0.0,0.0,78,684.0,0.0,0.0,one,RT,1
176,4223,8187,5550,0,50.7373,15.2134,16.2515,18.1175,0.0,1449,1669.0,2102.0,0.0,4.82,8.78,9.77,0.0,65,431.0,649.0,0.0,many,RT,2
124,1756,1946,0,0,51.1228,10.7349,39.6007,0.0,0.0,1142,2824.0,0.0,0.0,4.91,12.87,0.0,0.0,59,95.0,0.0,0.0,one,TR,1
120,1693,6633,0,0,43.6297,9.0393,33.8888,0.0,0.0,1118,2876.0,0.0,0.0,5.42,12.02,0.0,0.0,103,441.0,0.0,0.0,one,TR,1
124,3819,7145,0,0,42.8444,7.5667,34.5859,0.0,0.0,1375,3069.0,0.0,0.0,8.21,11.92,0.0,0.0,233,569.0,0.0,0.0,one,TR,1
