station,driver,rider1,rider2,rider3,VMT,save_d,save_r1,save_r2,save_r3,T_d,T_r1,T_r2,T_r3,cost_d,cost_r1,cost_r2,cost_r3,detour_d,detour_r1,detour_r2,detour_r3,size,type,num_riders
0,2049,2246,0,0,10.9359,4.0355,5.9528,0.0,0.0,2155,769.0,0.0,0.0,14.1,9.48,0.0,0.0,307,0.0,0.0,0.0,one,SR,1
0,2051,6327,0,0,20.3372,8.8911,10.0353,0.0,0.0,1911,1424.0,0.0,0.0,7.37,14.11,0.0,0.0,260,0.0,0.0,0.0,one,SR,1
0,6,7089,0,0,20.4169,9.9363,9.1688,0.0,0.0,1870,1284.0,0.0,0.0,7.83,13.12,0.0,0.0,128,0.0,0.0,0.0,one,SR,1
0,2054,1716,0,0,17.247,8.6444,7.4824,0.0,0.0,1502,1013.0,0.0,0.0,5.69,11.2,0.0,0.0,98,0.0,0.0,0.0,one,SR,1
0,4103,7027,0,0,13.7945,6.3939,6.4027,0.0,0.0,1508,840.0,0.0,0.0,6.85,9.98,0.0,0.0,177,0.0,0.0,0.0,one,SR,1
0,11,2288,0,0,16.587,8.0236,7.4461,0.0,0.0,1455,1009.0,0.0,0.0,5.22,11.17,0.0,0.0,139,0.0,0.0,0.0,one,SR,1
0,2064,8360,0,0,22.1276,9.2129,11.32,0.0,0.0,2787,1659.0,0.0,0.0,14.91,15.95,0.0,0.0,351,0.0,0.0,0.0,one,SR,1
0,21,4893,0,0,13.5853,6.0776,6.4986,0.0,0.0,1328,856.0,0.0,0.0,4.86,10.09,0.0,0.0,205,0.0,0.0,0.0,one,SR,1
0,4118,7965,0,0,16.6543,8.7146,6.8867,0.0,0.0,1731,918.0,0.0,0.0,8.7,10.53,0.0,0.0,52,0.0,0.0,0.0,one,SR,1
0,2074,8381,0,0,17.0176,9.0412,6.9198,0.0,0.0,1614,923.0,0.0,0.0,7.44,10.57,0.0,0.0,32,0.0,0.0,0.0,one,SR,1
0,2079,6565,0,0,18.2764,8.9284,8.1514,0.0,0.0,1666,1121.0,0.0,0.0,6.72,11.97,0.0,0.0,126,0.0,0.0,0.0,one,SR,1
0,2080,2928,0,0,15.5681,7.139,7.3266,0.0,0.0,1979,988.0,0.0,0.0,10.86,11.03,0.0,0.0,190,0.0,0.0,0.0,one,SR,1
0,33,9502,0,0,25.0035,11.0605,12.219,0.0,0.0,2082,1824.0,0.0,0.0,6.34,17.24,0.0,0.0,304,0.0,0.0,0.0,one,SR,1
0,4131,1373,0,0,22.4057,10.8946,10.0937,0.0,0.0,2017,1433.0,0.0,0.0,8.42,14.17,0.0,0.0,127,0.0,0.0,0.0,one,SR,1
0,2084,6172,0,0,15.766,8.5515,6.235,0.0,0.0,1066,814.0,0.0,0.0,2.38,9.79,0.0,0.0,18,0.0,0.0,0.0,one,SR,1
0,4133,1756,0,0,17.6961,9.547,7.0742,0.0,0.0,1588,949.0,0.0,0.0,7.0,10.75,0.0,0.0,9,0.0,0.0,0.0,one,SR,1
0,41,3252,0,0,25.0728,12.5078,11.0143,0.0,0.0,2001,1603.0,0.0,0.0,7.05,15.51,0.0,0.0,99,0.0,0.0,0.0,one,SR,1
0,2090,3434,0,0,18.2585,9.3791,7.7302,0.0,0.0,1447,1054.0,0.0,0.0,4.85,11.49,0.0,0.0,66,0.0,0.0,0.0,one,SR,1
0,4140,4054,0,0,18.769,9.7263,7.8773,0.0,0.0,1181,1077.0,0.0,0.0,1.91,11.65,0.0,0.0,52,0.0,0.0,0.0,one,SR,1
0,4142,3612,0,0,21.7984,10.0494,10.3009,0.0,0.0,1655,1472.0,0.0,0.0,4.35,14.48,0.0,0.0,204,0.0,0.0,0.0,one,SR,1
0,48,6901,0,0,16.4448,7.069,8.1764,0.0,0.0,1959,1125.0,0.0,0.0,9.78,11.99,0.0,0.0,254,0.0,0.0,0.0,one,SR,1
0,59,1360,0,0,13.0053,6.3773,5.7079,0.0,0.0,1213,730.0,0.0,0.0,4.46,9.2,0.0,0.0,130,0.0,0.0,0.0,one,SR,1
0,60,2827,0,0,21.2913,11.302,8.727,0.0,0.0,1221,1214.0,0.0,0.0,1.46,12.62,0.0,0.0,4,0.0,0.0,0.0,one,SR,1
0,2109,7996,0,0,24.3907,12.7085,10.2428,0.0,0.0,2295,1461.0,0.0,0.0,11.14,14.39,0.0,0.0,17,0.0,0.0,0.0,one,SR,1
0,63,4120,0,0,16.6949,8.9134,6.744,0.0,0.0,1348,896.0,0.0,0.0,4.82,10.37,0.0,0.0,29,0.0,0.0,0.0,one,SR,1
0,2111,8376,0,0,10.78,3.1278,6.6289,0.0,0.0,2538,876.0,0.0,0.0,17.44,10.23,0.0,0.0,415,0.0,0.0,0.0,one,SR,1
0,65,1719,0,0,22.5996,11.5716,9.6596,0.0,0.0,1929,1364.0,0.0,0.0,7.94,13.68,0.0,0.0,51,0.0,0.0,0.0,one,SR,1
0,2112,3828,0,0,16.7519,8.9389,6.7727,0.0,0.0,2003,900.0,0.0,0.0,11.67,10.4,0.0,0.0,29,0.0,0.0,0.0,one,SR,1
0,4164,6511,0,0,13.2928,5.4439,6.8044,0.0,0.0,1655,906.0,0.0,0.0,7.98,10.45,0.0,0.0,270,0.0,0.0,0.0,one,SR,1
0,71,6275,0,0,14.9788,7.2503,6.6974,0.0,0.0,1689,887.0,0.0,0.0,8.45,10.31,0.0,0.0,139,0.0,0.0,0.0,one,SR,1
0,73,2622,0,0,25.6864,12.5469,11.5166,0.0,0.0,2177,1695.0,0.0,0.0,8.25,16.23,0.0,0.0,141,0.0,0.0,0.0,one,SR,1
0,78,3027,0,0,21.703,10.0889,10.1825,0.0,0.0,2122,1451.0,0.0,0.0,9.4,14.32,0.0,0.0,191,0.0,0.0,0.0,one,SR,1
0,80,7710,0,0,24.5728,12.5097,10.5758,0.0,0.0,2205,1522.0,0.0,0.0,9.77,14.87,0.0,0.0,60,0.0,0.0,0.0,one,SR,1
0,2128,9201,0,0,17.4471,9.2248,7.1403,0.0,0.0,1461,959.0,0.0,0.0,5.6,10.82,0.0,0.0,35,0.0,0.0,0.0,one,SR,1
0,4179,9754,0,0,26.8981,12.3711,12.7309,0.0,0.0,2308,1916.0,0.0,0.0,8.07,17.96,0.0,0.0,259,0.0,0.0,0.0,one,SR,1
0,2133,4122,0,0,17.2269,9.1812,6.9821,0.0,0.0,1238,933.0,0.0,0.0,3.43,10.64,0.0,0.0,27,0.0,0.0,0.0,one,SR,1
0,4187,1883,0,0,13.7676,6.6029,6.1909,0.0,0.0,1293,806.0,0.0,0.0,4.81,9.74,0.0,0.0,148,0.0,0.0,0.0,one,SR,1
0,93,6831,0,0,12.0209,5.4011,5.7011,0.0,0.0,1219,728.0,0.0,0.0,4.53,9.19,0.0,0.0,196,0.0,0.0,0.0,one,SR,1
0,4188,7538,0,0,21.0348,10.5126,9.2062,0.0,0.0,2011,1290.0,0.0,0.0,9.27,13.16,0.0,0.0,91,0.0,0.0,0.0,one,SR,1
0,4194,6613,0,0,33.435,17.1491,14.2687,0.0,0.0,3883,2198.0,0.0,0.0,22.62,20.17,0.0,0.0,69,0.0,0.0,0.0,one,SR,1
0,99,8945,0,0,15.8234,7.7644,6.9932,0.0,0.0,1292,936.0,0.0,0.0,3.97,10.66,0.0,0.0,125,0.0,0.0,0.0,one,SR,1
0,4197,5100,0,0,15.4351,7.2702,7.0885,0.0,0.0,1255,951.0,0.0,0.0,3.49,10.76,0.0,0.0,165,0.0,0.0,0.0,one,SR,1
0,4198,9591,0,0,20.9284,9.7081,9.8322,0.0,0.0,1725,1392.0,0.0,0.0,5.62,13.88,0.0,0.0,190,0.0,0.0,0.0,one,SR,1
0,2153,8202,0,0,17.8511,9.5418,7.2188,0.0,0.0,1863,971.0,0.0,0.0,9.75,10.9,0.0,0.0,19,0.0,0.0,0.0,one,SR,1
0,111,6566,0,0,15.7028,7.6577,6.9807,0.0,0.0,1240,934.0,0.0,0.0,3.44,10.64,0.0,0.0,131,0.0,0.0,0.0,one,SR,1
0,2159,6797,0,0,16.728,8.0725,7.529,0.0,0.0,1390,1022.0,0.0,0.0,4.46,11.27,0.0,0.0,141,0.0,0.0,0.0,one,SR,1
0,4204,4014,0,0,19.2303,9.8338,8.195,0.0,0.0,1759,1128.0,0.0,0.0,7.66,12.01,0.0,0.0,67,0.0,0.0,0.0,one,SR,1
0,4212,9696,0,0,28.0299,12.7805,13.3623,0.0,0.0,2349,2032.0,0.0,0.0,7.68,18.87,0.0,0.0,287,0.0,0.0,0.0,one,SR,1
0,2167,8915,0,0,25.7481,12.1452,11.9228,0.0,0.0,2193,1768.0,0.0,0.0,7.91,16.8,0.0,0.0,203,0.0,0.0,0.0,one,SR,1
0,2168,7427,0,0,13.6595,5.6353,6.962,0.0,0.0,1667,931.0,0.0,0.0,7.94,10.62,0.0,0.0,268,0.0,0.0,0.0,one,SR,1
0,2169,5455,0,0,21.1715,9.2314,10.4685,0.0,0.0,1969,1502.0,0.0,0.0,7.43,14.72,0.0,0.0,274,0.0,0.0,0.0,one,SR,1
0,2171,870,0,0,17.2704,8.6231,7.5222,0.0,0.0,2099,1020.0,0.0,0.0,11.91,11.25,0.0,0.0,103,0.0,0.0,0.0,one,SR,1
0,4221,5355,0,0,19.8246,8.8881,9.5781,0.0,0.0,1767,1350.0,0.0,0.0,6.33,13.58,0.0,0.0,228,0.0,0.0,0.0,one,SR,1
0,135,1765,0,0,14.7839,7.372,6.4119,0.0,0.0,1938,843.0,0.0,0.0,11.35,10.0,0.0,0.0,111,0.0,0.0,0.0,one,SR,1
0,4231,6882,0,0,24.7404,12.4126,10.8068,0.0,0.0,1995,1565.0,0.0,0.0,7.26,15.21,0.0,0.0,87,0.0,0.0,0.0,one,SR,1
0,4236,9332,0,0,16.9011,7.8565,7.8792,0.0,0.0,1374,1077.0,0.0,0.0,3.94,11.65,0.0,0.0,180,0.0,0.0,0.0,one,SR,1
0,2195,348,0,0,15.552,8.4157,6.1646,0.0,0.0,1498,803.0,0.0,0.0,6.98,9.72,0.0,0.0,23,0.0,0.0,0.0,one,SR,1
0,2196,7482,0,0,13.6129,7.0681,5.6331,0.0,0.0,1177,718.0,0.0,0.0,4.15,9.12,0.0,0.0,78,0.0,0.0,0.0,one,SR,1
0,150,963,0,0,13.5889,7.0592,5.6202,0.0,0.0,1307,715.0,0.0,0.0,5.54,9.1,0.0,0.0,77,0.0,0.0,0.0,one,SR,1
0,155,3255,0,0,23.5986,12.0394,10.1355,0.0,0.0,2017,1441.0,0.0,0.0,8.36,14.24,0.0,0.0,53,0.0,0.0,0.0,one,SR,1
0,2204,3460,0,0,25.6241,12.2354,11.7352,0.0,0.0,3629,1734.0,0.0,0.0,23.22,16.53,0.0,0.0,181,0.0,0.0,0.0,one,SR,1
0,4252,2831,0,0,25.1798,11.3116,12.1535,0.0,0.0,2240,1812.0,0.0,0.0,8.09,17.15,0.0,0.0,281,0.0,0.0,0.0,one,SR,1
0,4254,8563,0,0,17.7505,9.5679,7.1048,0.0,0.0,2252,953.0,0.0,0.0,13.95,10.78,0.0,0.0,9,0.0,0.0,0.0,one,SR,1
0,2212,7655,0,0,17.284,9.3033,6.9227,0.0,0.0,1399,925.0,0.0,0.0,5.17,10.58,0.0,0.0,15,0.0,0.0,0.0,one,SR,1
0,4262,5845,0,0,16.0447,8.7716,6.2873,0.0,0.0,1319,823.0,0.0,0.0,4.98,9.86,0.0,0.0,7,0.0,0.0,0.0,one,SR,1
0,2215,9907,0,0,14.7972,5.931,7.7191,0.0,0.0,2022,1051.0,0.0,0.0,10.91,11.47,0.0,0.0,300,0.0,0.0,0.0,one,SR,1
0,4264,6134,0,0,16.028,7.5434,7.3765,0.0,0.0,1498,996.0,0.0,0.0,5.76,11.08,0.0,0.0,166,0.0,0.0,0.0,one,SR,1
0,171,1637,0,0,23.1215,12.2115,9.5537,0.0,0.0,1706,1347.0,0.0,0.0,5.71,13.56,0.0,0.0,0,0.0,0.0,0.0,one,SR,1
0,172,3057,0,0,24.6337,11.7377,11.3037,0.0,0.0,2530,1656.0,0.0,0.0,12.23,15.92,0.0,0.0,177,0.0,0.0,0.0,one,SR,1
0,4266,3952,0,0,18.8171,8.679,8.8603,0.0,0.0,1424,1236.0,0.0,0.0,3.45,12.78,0.0,0.0,193,0.0,0.0,0.0,one,SR,1
0,2225,9462,0,0,18.1273,8.4842,8.4169,0.0,0.0,2195,1163.0,0.0,0.0,12.01,12.26,0.0,0.0,174,0.0,0.0,0.0,one,SR,1
0,2227,5975,0,0,19.3909,10.3418,7.8822,0.0,0.0,1526,1079.0,0.0,0.0,5.52,11.67,0.0,0.0,11,0.0,0.0,0.0,one,SR,1
0,4268,5910,0,0,22.7336,11.6772,9.6859,0.0,0.0,2015,1367.0,0.0,0.0,8.82,13.7,0.0,0.0,45,0.0,0.0,0.0,one,SR,1
0,4273,1614,0,0,15.8411,8.3857,6.4512,0.0,0.0,1378,849.0,0.0,0.0,5.43,10.04,0.0,0.0,45,0.0,0.0,0.0,one,SR,1
0,2233,1713,0,0,22.4976,11.2457,9.8609,0.0,0.0,2112,1396.0,0.0,0.0,9.66,13.91,0.0,0.0,87,0.0,0.0,0.0,one,SR,1
0,4283,8761,0,0,12.2483,5.6411,5.6892,0.0,0.0,1259,727.0,0.0,0.0,4.96,9.18,0.0,0.0,179,0.0,0.0,0.0,one,SR,1
0,2239,923,0,0,22.353,11.3004,9.6821,0.0,0.0,1743,1367.0,0.0,0.0,5.97,13.7,0.0,0.0,71,0.0,0.0,0.0,one,SR,1
0,4287,8888,0,0,15.0847,7.8021,6.2968,0.0,0.0,1705,823.0,0.0,0.0,9.03,9.86,0.0,0.0,73,0.0,0.0,0.0,one,SR,1
0,4293,9668,0,0,16.0193,8.6969,6.3323,0.0,0.0,1481,829.0,0.0,0.0,6.64,9.9,0.0,0.0,15,0.0,0.0,0.0,one,SR,1
0,4300,7337,0,0,11.9552,5.1978,5.8252,0.0,0.0,1635,747.0,0.0,0.0,8.78,9.32,0.0,0.0,218,0.0,0.0,0.0,one,SR,1
0,4301,321,0,0,17.4367,7.7091,8.4922,0.0,0.0,1708,1176.0,0.0,0.0,6.82,12.35,0.0,0.0,233,0.0,0.0,0.0,one,SR,1
0,212,7052,0,0,19.9145,9.3979,9.2005,0.0,0.0,1735,1290.0,0.0,0.0,6.37,13.16,0.0,0.0,167,0.0,0.0,0.0,one,SR,1
0,2263,9556,0,0,22.2546,11.2733,9.6179,0.0,0.0,2363,1357.0,0.0,0.0,12.54,13.63,0.0,0.0,68,0.0,0.0,0.0,one,SR,1
0,216,3782,0,0,16.8074,7.9173,7.7402,0.0,0.0,1676,1055.0,0.0,0.0,7.25,11.5,0.0,0.0,166,0.0,0.0,0.0,one,SR,1
0,2264,1172,0,0,25.6803,12.0962,11.9064,0.0,0.0,2584,1765.0,0.0,0.0,12.03,16.78,0.0,0.0,205,0.0,0.0,0.0,one,SR,1
0,2268,7634,0,0,20.4234,8.7119,10.2682,0.0,0.0,2511,1466.0,0.0,0.0,13.38,14.43,0.0,0.0,292,0.0,0.0,0.0,one,SR,1
0,221,6892,0,0,16.9949,8.0411,7.7968,0.0,0.0,1445,1065.0,0.0,0.0,4.76,11.57,0.0,0.0,162,0.0,0.0,0.0,one,SR,1
0,223,4245,0,0,18.6289,9.1807,8.2411,0.0,0.0,1660,1136.0,0.0,0.0,6.57,12.07,0.0,0.0,115,0.0,0.0,0.0,one,SR,1
0,4323,9826,0,0,15.3504,7.6256,6.6936,0.0,0.0,1529,887.0,0.0,0.0,6.77,10.31,0.0,0.0,113,0.0,0.0,0.0,one,SR,1
0,4328,7751,0,0,15.5127,8.5567,6.0026,0.0,0.0,1268,777.0,0.0,0.0,4.73,9.53,0.0,0.0,2,0.0,0.0,0.0,one,SR,1
0,4331,5407,0,0,31.6209,14.3572,15.1242,0.0,0.0,2824,2354.0,0.0,0.0,10.4,21.4,0.0,0.0,334,0.0,0.0,0.0,one,SR,1
0,2287,2713,0,0,19.5835,8.857,9.3893,0.0,0.0,1777,1320.0,0.0,0.0,6.62,13.37,0.0,0.0,217,0.0,0.0,0.0,one,SR,1
0,2288,3916,0,0,18.6682,9.02,8.4212,0.0,0.0,2098,1164.0,0.0,0.0,10.99,12.27,0.0,0.0,138,0.0,0.0,0.0,one,SR,1
0,4337,206,0,0,12.1109,5.2413,5.9254,0.0,0.0,1755,764.0,0.0,0.0,9.93,9.44,0.0,0.0,222,0.0,0.0,0.0,one,SR,1
0,243,4399,0,0,17.9183,8.7072,8.0287,0.0,0.0,2116,1101.0,0.0,0.0,11.58,11.82,0.0,0.0,132,0.0,0.0,0.0,one,SR,1
0,2295,5513,0,0,26.2042,13.5955,11.0525,0.0,0.0,3747,1610.0,0.0,0.0,25.34,15.56,0.0,0.0,28,0.0,0.0,0.0,one,SR,1
0,4345,4296,0,0,15.8879,8.3814,6.4981,0.0,0.0,1818,855.0,0.0,0.0,10.01,10.08,0.0,0.0,48,0.0,0.0,0.0,one,SR,1
0,250,5335,0,0,20.3236,10.3337,8.7284,0.0,0.0,1671,1213.0,0.0,0.0,6.19,12.62,0.0,0.0,70,0.0,0.0,0.0,one,SR,1
0,252,1918,0,0,12.6545,5.6771,6.0227,0.0,0.0,1377,779.0,0.0,0.0,5.87,9.55,0.0,0.0,199,0.0,0.0,0.0,one,SR,1
0,254,1034,0,0,29.9644,15.3994,12.7634,0.0,0.0,3165,1923.0,0.0,0.0,17.02,18.02,0.0,0.0,56,0.0,0.0,0.0,one,SR,1
0,255,6059,0,0,13.0335,6.0403,6.037,0.0,0.0,1212,781.0,0.0,0.0,4.12,9.56,0.0,0.0,175,0.0,0.0,0.0,one,SR,1
0,2303,4880,0,0,23.0904,11.6042,10.0718,0.0,0.0,2295,1429.0,0.0,0.0,11.37,14.14,0.0,0.0,77,0.0,0.0,0.0,one,SR,1
0,4353,1656,0,0,18.913,7.921,9.6279,0.0,0.0,2002,1358.0,0.0,0.0,8.74,13.64,0.0,0.0,297,0.0,0.0,0.0,one,SR,1
0,259,8881,0,0,15.5589,6.8006,7.6219,0.0,0.0,1700,1036.0,0.0,0.0,7.62,11.36,0.0,0.0,234,0.0,0.0,0.0,one,SR,1
0,4356,6391,0,0,18.277,8.692,8.3638,0.0,0.0,1993,1156.0,0.0,0.0,9.93,12.21,0.0,0.0,157,0.0,0.0,0.0,one,SR,1
0,2311,4458,0,0,22.4574,11.8646,9.269,0.0,0.0,1598,1301.0,0.0,0.0,4.86,13.24,0.0,0.0,4,0.0,0.0,0.0,one,SR,1
0,2316,1870,0,0,17.0772,8.7131,7.2673,0.0,0.0,1398,980.0,0.0,0.0,4.81,10.97,0.0,0.0,79,0.0,0.0,0.0,one,SR,1
0,2320,8149,0,0,13.4487,6.0204,6.4276,0.0,0.0,1717,844.0,0.0,0.0,9.02,10.01,0.0,0.0,204,0.0,0.0,0.0,one,SR,1
0,4368,2710,0,0,22.8991,10.299,11.0454,0.0,0.0,2324,1608.0,0.0,0.0,10.41,15.55,0.0,0.0,252,0.0,0.0,0.0,one,SR,1
0,4370,1717,0,0,17.6224,9.1504,7.3645,0.0,0.0,1262,995.0,0.0,0.0,3.28,11.07,0.0,0.0,56,0.0,0.0,0.0,one,SR,1
0,284,7034,0,0,14.7051,5.9544,7.6143,0.0,0.0,1820,1036.0,0.0,0.0,8.88,11.36,0.0,0.0,292,0.0,0.0,0.0,one,SR,1
0,4376,6007,0,0,17.4065,8.9553,7.3459,0.0,0.0,1527,992.0,0.0,0.0,6.09,11.05,0.0,0.0,68,0.0,0.0,0.0,one,SR,1
0,290,9193,0,0,16.4909,8.0346,7.3502,0.0,0.0,1425,993.0,0.0,0.0,5.01,11.06,0.0,0.0,131,0.0,0.0,0.0,one,SR,1
0,4388,7512,0,0,16.7994,7.7825,7.8543,0.0,0.0,1598,1073.0,0.0,0.0,6.32,11.63,0.0,0.0,183,0.0,0.0,0.0,one,SR,1
0,4392,9783,0,0,22.1344,11.5227,9.2858,0.0,0.0,1815,1304.0,0.0,0.0,7.12,13.26,0.0,0.0,28,0.0,0.0,0.0,one,SR,1
0,300,3428,0,0,23.0293,10.2026,11.2438,0.0,0.0,1884,1644.0,0.0,0.0,5.54,15.83,0.0,0.0,276,0.0,0.0,0.0,one,SR,1
0,303,1992,0,0,12.4179,4.8256,6.5739,0.0,0.0,1791,869.0,0.0,0.0,9.64,10.18,0.0,0.0,296,0.0,0.0,0.0,one,SR,1
0,2355,8198,0,0,16.8242,8.6069,7.1359,0.0,0.0,1207,958.0,0.0,0.0,2.94,10.81,0.0,0.0,77,0.0,0.0,0.0,one,SR,1
0,2356,1406,0,0,28.2008,12.9134,13.3948,0.0,0.0,3005,2039.0,0.0,0.0,14.52,18.93,0.0,0.0,281,0.0,0.0,0.0,one,SR,1
0,4405,8425,0,0,23.9174,10.4864,11.7713,0.0,0.0,2200,1742.0,0.0,0.0,8.16,16.6,0.0,0.0,304,0.0,0.0,0.0,one,SR,1
0,2358,9989,0,0,24.5031,12.7004,10.3484,0.0,0.0,2096,1480.0,0.0,0.0,8.92,14.54,0.0,0.0,27,0.0,0.0,0.0,one,SR,1
0,4410,9070,0,0,17.6911,8.3368,8.1563,0.0,0.0,1508,1123.0,0.0,0.0,5.05,11.98,0.0,0.0,167,0.0,0.0,0.0,one,SR,1
0,323,7198,0,0,15.1182,7.0971,6.9596,0.0,0.0,1199,930.0,0.0,0.0,3.04,10.62,0.0,0.0,168,0.0,0.0,0.0,one,SR,1
0,326,6976,0,0,15.6529,8.2385,6.4152,0.0,0.0,1607,842.0,0.0,0.0,7.88,9.99,0.0,0.0,52,0.0,0.0,0.0,one,SR,1
0,2374,1067,0,0,13.7509,7.1658,5.67,0.0,0.0,1127,723.0,0.0,0.0,3.6,9.15,0.0,0.0,73,0.0,0.0,0.0,one,SR,1
0,2382,7297,0,0,17.3786,7.6024,8.5358,0.0,0.0,1759,1183.0,0.0,0.0,7.31,12.4,0.0,0.0,243,0.0,0.0,0.0,one,SR,1
0,336,7047,0,0,20.6842,10.2856,9.0946,0.0,0.0,2116,1273.0,0.0,0.0,10.48,13.04,0.0,0.0,99,0.0,0.0,0.0,one,SR,1
0,339,2721,0,0,32.6379,17.0969,13.617,0.0,0.0,2591,2079.0,0.0,0.0,9.89,19.24,0.0,0.0,15,0.0,0.0,0.0,one,SR,1
0,342,5425,0,0,17.8377,9.6589,7.101,0.0,0.0,1426,953.0,0.0,0.0,5.27,10.78,0.0,0.0,3,0.0,0.0,0.0,one,SR,1
0,2388,4334,0,0,14.5764,7.9149,5.7385,0.0,0.0,1245,734.0,0.0,0.0,4.77,9.23,0.0,0.0,27,0.0,0.0,0.0,one,SR,1
0,345,3023,0,0,18.6705,9.3048,8.1677,0.0,0.0,2127,1123.0,0.0,0.0,11.55,11.98,0.0,0.0,101,0.0,0.0,0.0,one,SR,1
0,2394,225,0,0,16.585,7.0238,8.3427,0.0,0.0,2630,1152.0,0.0,0.0,16.65,12.18,0.0,0.0,269,0.0,0.0,0.0,one,SR,1
0,347,4026,0,0,18.0162,7.5475,9.1583,0.0,0.0,2230,1282.0,0.0,0.0,11.62,13.1,0.0,0.0,290,0.0,0.0,0.0,one,SR,1
0,348,187,0,0,14.984,7.0373,6.893,0.0,0.0,1295,919.0,0.0,0.0,4.11,10.54,0.0,0.0,167,0.0,0.0,0.0,one,SR,1
0,2395,196,0,0,12.3672,5.6421,5.7951,0.0,0.0,1444,744.0,0.0,0.0,6.79,9.3,0.0,0.0,186,0.0,0.0,0.0,one,SR,1
0,352,5074,0,0,11.987,4.7637,6.2431,0.0,0.0,2009,815.0,0.0,0.0,12.27,9.8,0.0,0.0,277,0.0,0.0,0.0,one,SR,1
0,354,5483,0,0,14.4324,6.5381,6.8456,0.0,0.0,1469,912.0,0.0,0.0,5.99,10.49,0.0,0.0,198,0.0,0.0,0.0,one,SR,1
0,2400,5237,0,0,15.7787,8.2678,6.501,0.0,0.0,1120,857.0,0.0,0.0,2.67,10.1,0.0,0.0,56,0.0,0.0,0.0,one,SR,1
0,356,8028,0,0,16.0485,8.8308,6.2374,0.0,0.0,1901,815.0,0.0,0.0,11.14,9.8,0.0,0.0,0,0.0,0.0,0.0,one,SR,1
0,361,7490,0,0,16.3306,8.9547,6.3802,0.0,0.0,1289,837.0,0.0,0.0,4.57,9.96,0.0,0.0,1,0.0,0.0,0.0,one,SR,1
0,2411,4849,0,0,15.1949,7.4771,6.6874,0.0,0.0,1305,886.0,0.0,0.0,4.43,10.3,0.0,0.0,123,0.0,0.0,0.0,one,SR,1
0,2412,3910,0,0,18.5928,9.5778,7.8524,0.0,0.0,1571,1073.0,0.0,0.0,6.03,11.63,0.0,0.0,61,0.0,0.0,0.0,one,SR,1
0,365,2678,0,0,23.3102,12.117,9.8086,0.0,0.0,2377,1387.0,0.0,0.0,12.5,13.85,0.0,0.0,24,0.0,0.0,0.0,one,SR,1
0,4463,213,0,0,20.0672,9.9846,8.8104,0.0,0.0,1837,1228.0,0.0,0.0,7.84,12.72,0.0,0.0,100,0.0,0.0,0.0,one,SR,1
0,370,8172,0,0,22.4541,10.0495,10.8742,0.0,0.0,2092,1577.0,0.0,0.0,8.19,15.3,0.0,0.0,254,0.0,0.0,0.0,one,SR,1
0,4470,516,0,0,17.9493,9.6078,7.2467,0.0,0.0,1655,977.0,0.0,0.0,7.52,10.95,0.0,0.0,17,0.0,0.0,0.0,one,SR,1
0,375,2097,0,0,17.5627,9.4981,6.9989,0.0,0.0,1117,936.0,0.0,0.0,2.14,10.66,0.0,0.0,7,0.0,0.0,0.0,one,SR,1
0,379,5279,0,0,13.1318,6.418,5.7859,0.0,0.0,1269,741.0,0.0,0.0,4.97,9.28,0.0,0.0,132,0.0,0.0,0.0,one,SR,1
0,2427,6924,0,0,17.4203,9.3752,6.9807,0.0,0.0,1989,934.0,0.0,0.0,11.31,10.64,0.0,0.0,14,0.0,0.0,0.0,one,SR,1
0,4480,536,0,0,20.7566,9.5117,9.8546,0.0,0.0,1878,1395.0,0.0,0.0,7.21,13.9,0.0,0.0,205,0.0,0.0,0.0,one,SR,1
0,2442,6726,0,0,15.6716,7.6801,6.9328,0.0,0.0,1288,926.0,0.0,0.0,4.0,10.59,0.0,0.0,126,0.0,0.0,0.0,one,SR,1
0,2443,3882,0,0,12.668,4.7478,6.8686,0.0,0.0,1956,916.0,0.0,0.0,11.07,10.52,0.0,0.0,322,0.0,0.0,0.0,one,SR,1
0,4490,4433,0,0,25.7111,12.4611,11.613,0.0,0.0,2871,1713.0,0.0,0.0,15.41,16.37,0.0,0.0,155,0.0,0.0,0.0,one,SR,1
0,4494,4113,0,0,16.8859,8.6675,7.1365,0.0,0.0,1341,959.0,0.0,0.0,4.34,10.82,0.0,0.0,73,0.0,0.0,0.0,one,SR,1
0,4503,6818,0,0,16.2739,8.0964,7.1005,0.0,0.0,1187,952.0,0.0,0.0,2.77,10.77,0.0,0.0,109,0.0,0.0,0.0,one,SR,1
0,4504,2988,0,0,15.1195,8.2998,5.8813,0.0,0.0,1985,756.0,0.0,0.0,12.4,9.38,0.0,0.0,10,0.0,0.0,0.0,one,SR,1
0,4505,1563,0,0,13.0372,6.0346,6.0443,0.0,0.0,1671,784.0,0.0,0.0,8.92,9.58,0.0,0.0,177,0.0,0.0,0.0,one,SR,1
0,4508,2757,0,0,13.4662,6.9404,5.6163,0.0,0.0,1603,715.0,0.0,0.0,8.65,9.1,0.0,0.0,85,0.0,0.0,0.0,one,SR,1
0,4509,6926,0,0,18.5879,9.4449,7.967,0.0,0.0,1957,1092.0,0.0,0.0,9.96,11.76,0.0,0.0,78,0.0,0.0,0.0,one,SR,1
0,4524,7069,0,0,14.8896,7.7565,6.1622,0.0,0.0,1365,802.0,0.0,0.0,5.59,9.71,0.0,0.0,67,0.0,0.0,0.0,one,SR,1
0,2477,3749,0,0,24.1381,10.3997,12.041,0.0,0.0,2003,1790.0,0.0,0.0,5.76,16.97,0.0,0.0,333,0.0,0.0,0.0,one,SR,1
0,2480,5632,0,0,15.3975,8.4832,5.9652,0.0,0.0,1440,771.0,0.0,0.0,6.58,9.49,0.0,0.0,4,0.0,0.0,0.0,one,SR,1
0,2490,8454,0,0,22.9778,11.5745,9.9974,0.0,0.0,2045,1417.0,0.0,0.0,8.82,14.06,0.0,0.0,74,0.0,0.0,0.0,one,SR,1
0,444,987,0,0,18.018,9.5082,7.3981,0.0,0.0,1457,1001.0,0.0,0.0,5.29,11.12,0.0,0.0,34,0.0,0.0,0.0,one,SR,1
0,2492,5343,0,0,19.4256,8.0539,9.9687,0.0,0.0,1964,1413.0,0.0,0.0,8.0,14.03,0.0,0.0,312,0.0,0.0,0.0,one,SR,1
0,448,1804,0,0,16.0666,8.333,6.7017,0.0,0.0,1509,888.0,0.0,0.0,6.56,10.32,0.0,0.0,65,0.0,0.0,0.0,one,SR,1
0,449,667,0,0,13.0732,5.5793,6.4861,0.0,0.0,1682,854.0,0.0,0.0,8.59,10.08,0.0,0.0,238,0.0,0.0,0.0,one,SR,1
0,450,4545,0,0,22.9616,11.6883,9.8809,0.0,0.0,1679,1398.0,0.0,0.0,5.1,13.92,0.0,0.0,58,0.0,0.0,0.0,one,SR,1
0,4544,9097,0,0,19.6322,9.0671,9.2441,0.0,0.0,1488,1297.0,0.0,0.0,3.74,13.21,0.0,0.0,193,0.0,0.0,0.0,one,SR,1
0,2510,1392,0,0,26.1832,12.378,12.0992,0.0,0.0,2153,1801.0,0.0,0.0,7.25,17.06,0.0,0.0,203,0.0,0.0,0.0,one,SR,1
0,463,2553,0,0,14.799,8.1198,5.7548,0.0,0.0,1338,736.0,0.0,0.0,5.73,9.24,0.0,0.0,14,0.0,0.0,0.0,one,SR,1
0,2512,1899,0,0,29.2861,12.3033,14.8785,0.0,0.0,2860,2309.0,0.0,0.0,11.09,21.04,0.0,0.0,453,0.0,0.0,0.0,one,SR,1
0,2513,2756,0,0,17.9174,9.1332,7.6449,0.0,0.0,2110,1040.0,0.0,0.0,11.9,11.39,0.0,0.0,77,0.0,0.0,0.0,one,SR,1
0,2514,7618,0,0,22.4721,11.8597,9.2872,0.0,0.0,1776,1303.0,0.0,0.0,6.72,13.25,0.0,0.0,5,0.0,0.0,0.0,one,SR,1
0,4577,9886,0,0,17.5482,9.4174,7.0587,0.0,0.0,1574,945.0,0.0,0.0,6.88,10.72,0.0,0.0,16,0.0,0.0,0.0,one,SR,1
0,4578,6102,0,0,23.3663,11.7691,10.168,0.0,0.0,2868,1448.0,0.0,0.0,17.25,14.29,0.0,0.0,75,0.0,0.0,0.0,one,SR,1
0,488,5274,0,0,29.6882,15.569,12.3741,0.0,0.0,2111,1851.0,0.0,0.0,6.46,17.45,0.0,0.0,10,0.0,0.0,0.0,one,SR,1
0,2541,4914,0,0,12.8465,5.7272,6.1497,0.0,0.0,1476,800.0,0.0,0.0,6.77,9.7,0.0,0.0,205,0.0,0.0,0.0,one,SR,1
0,4588,3517,0,0,18.0546,8.9476,7.9353,0.0,0.0,1661,1086.0,0.0,0.0,6.89,11.72,0.0,0.0,109,0.0,0.0,0.0,one,SR,1
0,4590,7493,0,0,15.9398,8.5537,6.3889,0.0,0.0,1597,839.0,0.0,0.0,7.79,9.97,0.0,0.0,29,0.0,0.0,0.0,one,SR,1
0,2544,3277,0,0,24.4425,12.0984,10.8215,0.0,0.0,2611,1567.0,0.0,0.0,13.71,15.23,0.0,0.0,110,0.0,0.0,0.0,one,SR,1
0,501,3625,0,0,12.492,5.8772,5.6968,0.0,0.0,1919,727.0,0.0,0.0,11.89,9.18,0.0,0.0,163,0.0,0.0,0.0,one,SR,1
0,2550,2965,0,0,17.8449,9.68,7.0885,0.0,0.0,1477,951.0,0.0,0.0,5.82,10.76,0.0,0.0,1,0.0,0.0,0.0,one,SR,1
0,4602,8708,0,0,19.095,6.9076,10.6853,0.0,0.0,2710,1541.0,0.0,0.0,14.94,15.02,0.0,0.0,451,0.0,0.0,0.0,one,SR,1
0,2555,7861,0,0,12.204,5.1503,6.0912,0.0,0.0,1721,790.0,0.0,0.0,9.41,9.63,0.0,0.0,240,0.0,0.0,0.0,one,SR,1
0,2557,5701,0,0,19.8954,10.0152,8.6292,0.0,0.0,1900,1198.0,0.0,0.0,8.69,12.51,0.0,0.0,85,0.0,0.0,0.0,one,SR,1
0,2560,1636,0,0,20.9425,9.9593,9.6198,0.0,0.0,2262,1357.0,0.0,0.0,11.48,13.63,0.0,0.0,158,0.0,0.0,0.0,one,SR,1
0,4608,9540,0,0,24.4692,12.3274,10.6451,0.0,0.0,2406,1534.0,0.0,0.0,11.79,14.97,0.0,0.0,78,0.0,0.0,0.0,one,SR,1
0,4611,2521,0,0,18.5036,9.5322,7.8131,0.0,0.0,1573,1067.0,0.0,0.0,6.09,11.58,0.0,0.0,61,0.0,0.0,0.0,one,SR,1
0,522,5366,0,0,22.6333,11.1216,10.0934,0.0,0.0,1671,1434.0,0.0,0.0,4.78,14.18,0.0,0.0,112,0.0,0.0,0.0,one,SR,1
0,523,3021,0,0,20.9387,11.0761,8.613,0.0,0.0,1682,1196.0,0.0,0.0,6.41,12.5,0.0,0.0,12,0.0,0.0,0.0,one,SR,1
0,2572,9283,0,0,14.0038,5.8906,7.0425,0.0,0.0,1621,943.0,0.0,0.0,7.38,10.71,0.0,0.0,256,0.0,0.0,0.0,one,SR,1
0,530,9711,0,0,13.9487,6.0594,6.8412,0.0,0.0,1520,911.0,0.0,0.0,6.53,10.48,0.0,0.0,230,0.0,0.0,0.0,one,SR,1
0,531,3219,0,0,15.7903,8.449,6.3491,0.0,0.0,1800,832.0,0.0,0.0,9.97,9.92,0.0,0.0,33,0.0,0.0,0.0,one,SR,1
0,2578,2311,0,0,25.3066,13.2766,10.5466,0.0,0.0,2296,1517.0,0.0,0.0,10.76,14.83,0.0,0.0,5,0.0,0.0,0.0,one,SR,1
0,2579,7856,0,0,22.2063,11.0623,9.7636,0.0,0.0,2102,1381.0,0.0,0.0,9.65,13.8,0.0,0.0,93,0.0,0.0,0.0,one,SR,1
0,4627,1681,0,0,16.7096,9.0391,6.6443,0.0,0.0,1543,880.0,0.0,0.0,6.97,10.26,0.0,0.0,14,0.0,0.0,0.0,one,SR,1
0,4628,9227,0,0,29.7941,12.8857,14.8128,0.0,0.0,3289,2298.0,0.0,0.0,15.67,20.96,0.0,0.0,408,0.0,0.0,0.0,one,SR,1
0,4631,8749,0,0,19.4754,10.4295,7.8797,0.0,0.0,2178,1078.0,0.0,0.0,12.37,11.66,0.0,0.0,5,0.0,0.0,0.0,one,SR,1
0,4632,7421,0,0,28.2618,13.9702,12.5253,0.0,0.0,2510,1878.0,0.0,0.0,10.46,17.66,0.0,0.0,132,0.0,0.0,0.0,one,SR,1
0,2591,4445,0,0,49.4933,25.3169,21.1682,0.0,0.0,3972,3462.0,0.0,0.0,14.63,30.08,0.0,0.0,120,0.0,0.0,0.0,one,SR,1
0,4639,153,0,0,14.532,7.5344,6.04,0.0,0.0,1603,783.0,0.0,0.0,8.21,9.58,0.0,0.0,74,0.0,0.0,0.0,one,SR,1
0,545,4487,0,0,25.3542,12.9708,10.8562,0.0,0.0,2713,1573.0,0.0,0.0,14.74,15.27,0.0,0.0,53,0.0,0.0,0.0,one,SR,1
0,2596,4652,0,0,26.8658,12.9358,12.2084,0.0,0.0,3149,1821.0,0.0,0.0,17.57,17.22,0.0,0.0,175,0.0,0.0,0.0,one,SR,1
0,549,4471,0,0,21.7949,10.2694,10.1065,0.0,0.0,2122,1435.0,0.0,0.0,9.51,14.19,0.0,0.0,171,0.0,0.0,0.0,one,SR,1
0,4649,706,0,0,12.5881,5.8138,5.8401,0.0,0.0,1303,750.0,0.0,0.0,5.27,9.34,0.0,0.0,177,0.0,0.0,0.0,one,SR,1
0,563,7826,0,0,16.3221,8.8799,6.4401,0.0,0.0,2031,846.0,0.0,0.0,12.31,10.02,0.0,0.0,10,0.0,0.0,0.0,one,SR,1
0,564,6692,0,0,15.6186,7.5508,7.0013,0.0,0.0,1448,937.0,0.0,0.0,5.61,10.66,0.0,0.0,140,0.0,0.0,0.0,one,SR,1
0,2620,6948,0,0,23.2385,11.5188,10.2755,0.0,0.0,2533,1467.0,0.0,0.0,13.6,14.44,0.0,0.0,101,0.0,0.0,0.0,one,SR,1
0,4670,9903,0,0,32.5115,15.5756,14.8363,0.0,0.0,3527,2303.0,0.0,0.0,18.14,21.0,0.0,0.0,227,0.0,0.0,0.0,one,SR,1
0,2623,4126,0,0,24.5327,12.7525,10.3282,0.0,0.0,2969,1477.0,0.0,0.0,18.11,14.52,0.0,0.0,22,0.0,0.0,0.0,one,SR,1
0,4678,8902,0,0,20.5185,10.5424,8.7159,0.0,0.0,1934,1211.0,0.0,0.0,8.97,12.6,0.0,0.0,55,0.0,0.0,0.0,one,SR,1
0,583,9439,0,0,33.7525,17.0838,14.6036,0.0,0.0,3663,2259.0,0.0,0.0,19.88,20.65,0.0,0.0,103,0.0,0.0,0.0,one,SR,1
0,2631,4793,0,0,31.0243,15.7537,13.3804,0.0,0.0,2498,2036.0,0.0,0.0,9.22,18.9,0.0,0.0,86,0.0,0.0,0.0,one,SR,1
0,590,1243,0,0,26.2038,12.4692,12.0372,0.0,0.0,2494,1790.0,0.0,0.0,10.91,16.97,0.0,0.0,192,0.0,0.0,0.0,one,SR,1
0,2637,1310,0,0,16.9111,8.4649,7.3415,0.0,0.0,2341,991.0,0.0,0.0,14.64,11.05,0.0,0.0,101,0.0,0.0,0.0,one,SR,1
0,595,8802,0,0,14.9925,7.1505,6.7981,0.0,0.0,1327,905.0,0.0,0.0,4.54,10.44,0.0,0.0,153,0.0,0.0,0.0,one,SR,1
0,599,2763,0,0,18.3203,9.1092,8.0287,0.0,0.0,1820,1101.0,0.0,0.0,8.47,11.82,0.0,0.0,105,0.0,0.0,0.0,one,SR,1
0,2655,7894,0,0,38.6087,16.4341,19.4172,0.0,0.0,4351,3142.0,0.0,0.0,20.87,27.57,0.0,0.0,572,0.0,0.0,0.0,one,SR,1
0,2659,9618,0,0,36.8339,19.0321,15.5933,0.0,0.0,5129,2442.0,0.0,0.0,33.98,22.09,0.0,0.0,58,0.0,0.0,0.0,one,SR,1
0,4708,7048,0,0,16.6306,9.0364,6.5758,0.0,0.0,1436,869.0,0.0,0.0,5.91,10.18,0.0,0.0,9,0.0,0.0,0.0,one,SR,1
0,2663,7425,0,0,15.1798,6.6712,7.3976,0.0,0.0,1527,1000.0,0.0,0.0,6.03,11.11,0.0,0.0,227,0.0,0.0,0.0,one,SR,1
0,2664,5377,0,0,35.121,17.8442,15.1349,0.0,0.0,2600,2357.0,0.0,0.0,8.02,21.42,0.0,0.0,98,0.0,0.0,0.0,one,SR,1
0,4713,1579,0,0,14.3289,7.2758,6.0898,0.0,0.0,1224,791.0,0.0,0.0,4.18,9.63,0.0,0.0,95,0.0,0.0,0.0,one,SR,1
0,618,1606,0,0,39.8948,19.1344,18.1818,0.0,0.0,4069,2914.0,0.0,0.0,19.52,25.79,0.0,0.0,278,0.0,0.0,0.0,one,SR,1
0,4715,955,0,0,18.8151,8.004,9.4646,0.0,0.0,1805,1333.0,0.0,0.0,6.83,13.46,0.0,0.0,281,0.0,0.0,0.0,one,SR,1
0,4718,4686,0,0,16.7512,7.4348,8.1227,0.0,0.0,1795,1117.0,0.0,0.0,8.1,11.94,0.0,0.0,226,0.0,0.0,0.0,one,SR,1
0,624,121,0,0,27.4832,13.5763,12.1884,0.0,0.0,2585,1817.0,0.0,0.0,11.68,17.19,0.0,0.0,129,0.0,0.0,0.0,one,SR,1
0,2674,1180,0,0,17.9098,7.3466,9.2422,0.0,0.0,2203,1297.0,0.0,0.0,11.24,13.21,0.0,0.0,310,0.0,0.0,0.0,one,SR,1
0,2676,3919,0,0,22.187,11.2524,9.5762,0.0,0.0,2090,1350.0,0.0,0.0,9.72,13.58,0.0,0.0,67,0.0,0.0,0.0,one,SR,1
0,2677,844,0,0,41.8349,18.685,20.2711,0.0,0.0,4461,3297.0,0.0,0.0,20.93,28.79,0.0,0.0,493,0.0,0.0,0.0,one,SR,1
0,2678,8428,0,0,19.5719,10.1111,8.253,0.0,0.0,1514,1137.0,0.0,0.0,5.03,12.08,0.0,0.0,52,0.0,0.0,0.0,one,SR,1
0,2685,7652,0,0,20.9131,10.7088,8.9202,0.0,0.0,1658,1245.0,0.0,0.0,5.85,12.84,0.0,0.0,58,0.0,0.0,0.0,one,SR,1
0,2693,7530,0,0,14.61,7.3002,6.3203,0.0,0.0,1366,828.0,0.0,0.0,5.44,9.89,0.0,0.0,110,0.0,0.0,0.0,one,SR,1
0,646,720,0,0,16.0745,7.2802,7.6536,0.0,0.0,1426,1042.0,0.0,0.0,4.71,11.41,0.0,0.0,204,0.0,0.0,0.0,one,SR,1
0,2695,1124,0,0,37.1555,18.9603,15.9373,0.0,0.0,4778,2505.0,0.0,0.0,29.85,22.58,0.0,0.0,93,0.0,0.0,0.0,one,SR,1
0,4746,3433,0,0,18.4562,7.8772,9.2566,0.0,0.0,1682,1299.0,0.0,0.0,5.76,13.22,0.0,0.0,275,0.0,0.0,0.0,one,SR,1
0,2700,6973,0,0,25.203,13.1237,10.5905,0.0,0.0,2401,1524.0,0.0,0.0,11.81,14.89,0.0,0.0,19,0.0,0.0,0.0,one,SR,1
0,2705,5062,0,0,13.323,6.1848,6.1665,0.0,0.0,1283,803.0,0.0,0.0,4.73,9.72,0.0,0.0,175,0.0,0.0,0.0,one,SR,1
0,4752,6060,0,0,19.437,8.742,9.3606,0.0,0.0,1866,1316.0,0.0,0.0,7.58,13.34,0.0,0.0,223,0.0,0.0,0.0,one,SR,1
0,2713,3474,0,0,23.3259,12.0822,9.8541,0.0,0.0,1649,1394.0,0.0,0.0,4.81,13.9,0.0,0.0,29,0.0,0.0,0.0,one,SR,1
0,2717,1137,0,0,24.1823,11.5765,11.0511,0.0,0.0,2517,1608.0,0.0,0.0,12.44,15.55,0.0,0.0,165,0.0,0.0,0.0,one,SR,1
0,670,9528,0,0,15.5101,8.4551,6.0917,0.0,0.0,1454,791.0,0.0,0.0,6.6,9.63,0.0,0.0,15,0.0,0.0,0.0,one,SR,1
0,2720,5515,0,0,14.5712,7.9981,5.6594,0.0,0.0,1299,721.0,0.0,0.0,5.42,9.14,0.0,0.0,16,0.0,0.0,0.0,one,SR,1
0,2721,6755,0,0,36.0284,17.6426,16.1051,0.0,0.0,2869,2534.0,0.0,0.0,9.6,22.81,0.0,0.0,197,0.0,0.0,0.0,one,SR,1
0,2722,6630,0,0,37.583,18.6184,16.611,0.0,0.0,3189,2627.0,0.0,0.0,12.3,23.54,0.0,0.0,175,0.0,0.0,0.0,one,SR,1
0,4765,8260,0,0,22.9532,11.6717,9.8877,0.0,0.0,1577,1400.0,0.0,0.0,4.01,13.94,0.0,0.0,60,0.0,0.0,0.0,one,SR,1
0,4773,1954,0,0,29.5264,13.1056,14.3871,0.0,0.0,3196,2219.0,0.0,0.0,15.25,20.34,0.0,0.0,355,0.0,0.0,0.0,one,SR,1
0,2729,4270,0,0,20.0326,8.7334,9.904,0.0,0.0,2528,1402.0,0.0,0.0,13.99,13.95,0.0,0.0,261,0.0,0.0,0.0,one,SR,1
0,682,9004,0,0,27.5936,12.9955,12.7926,0.0,0.0,2271,1928.0,0.0,0.0,7.6,18.06,0.0,0.0,222,0.0,0.0,0.0,one,SR,1
0,4776,4465,0,0,16.8838,7.7855,7.9272,0.0,0.0,2339,1085.0,0.0,0.0,14.02,11.71,0.0,0.0,188,0.0,0.0,0.0,one,SR,1
0,685,6854,0,0,15.0987,5.904,8.013,0.0,0.0,2050,1100.0,0.0,0.0,10.89,11.82,0.0,0.0,323,0.0,0.0,0.0,one,SR,1
0,2734,6937,0,0,24.4563,11.5896,11.2783,0.0,0.0,1949,1651.0,0.0,0.0,6.17,15.88,0.0,0.0,185,0.0,0.0,0.0,one,SR,1
0,4781,4410,0,0,17.4333,8.4996,7.7795,0.0,0.0,1464,1061.0,0.0,0.0,4.98,11.54,0.0,0.0,129,0.0,0.0,0.0,one,SR,1
0,689,596,0,0,24.2626,8.578,13.7426,0.0,0.0,3763,2102.0,0.0,0.0,22.03,19.42,0.0,0.0,607,0.0,0.0,0.0,one,SR,1
0,4785,8588,0,0,15.7699,8.5843,6.2096,0.0,0.0,1548,809.0,0.0,0.0,7.47,9.76,0.0,0.0,14,0.0,0.0,0.0,one,SR,1
0,696,391,0,0,36.6658,16.8683,17.3389,0.0,0.0,3849,2761.0,0.0,0.0,18.29,24.59,0.0,0.0,359,0.0,0.0,0.0,one,SR,1
0,2745,9441,0,0,31.3158,15.6494,13.726,0.0,0.0,2874,2100.0,0.0,0.0,12.71,19.4,0.0,0.0,124,0.0,0.0,0.0,one,SR,1
0,4792,9357,0,0,31.6613,13.9512,15.5133,0.0,0.0,3010,2427.0,0.0,0.0,11.83,21.97,0.0,0.0,397,0.0,0.0,0.0,one,SR,1
0,701,9936,0,0,18.5965,8.9092,8.4553,0.0,0.0,2059,1171.0,0.0,0.0,10.53,12.32,0.0,0.0,149,0.0,0.0,0.0,one,SR,1
0,4801,3928,0,0,19.1731,10.2571,7.7633,0.0,0.0,1896,1059.0,0.0,0.0,9.53,11.53,0.0,0.0,8,0.0,0.0,0.0,one,SR,1
0,706,6586,0,0,28.215,14.0857,12.3833,0.0,0.0,2444,1852.0,0.0,0.0,9.95,17.46,0.0,0.0,111,0.0,0.0,0.0,one,SR,1
0,4806,4958,0,0,14.9574,7.823,6.1627,0.0,0.0,1173,803.0,0.0,0.0,3.57,9.72,0.0,0.0,63,0.0,0.0,0.0,one,SR,1
0,2766,6673,0,0,15.7723,8.2961,6.4699,0.0,0.0,1356,852.0,0.0,0.0,5.18,10.06,0.0,0.0,52,0.0,0.0,0.0,one,SR,1
0,723,3855,0,0,18.5882,9.372,8.0331,0.0,0.0,1310,1102.0,0.0,0.0,3.11,11.83,0.0,0.0,87,0.0,0.0,0.0,one,SR,1
0,726,4668,0,0,15.7549,8.6614,6.1267,0.0,0.0,1461,796.0,0.0,0.0,6.64,9.67,0.0,0.0,3,0.0,0.0,0.0,one,SR,1
0,2775,7998,0,0,16.6133,8.1678,7.3402,0.0,0.0,1990,992.0,0.0,0.0,10.95,11.05,0.0,0.0,122,0.0,0.0,0.0,one,SR,1
0,2777,506,0,0,21.5893,10.6061,9.6198,0.0,0.0,1442,1357.0,0.0,0.0,2.87,13.63,0.0,0.0,114,0.0,0.0,0.0,one,SR,1
0,2779,217,0,0,17.8085,8.4277,8.1807,0.0,0.0,1977,1126.0,0.0,0.0,9.96,12.0,0.0,0.0,162,0.0,0.0,0.0,one,SR,1
0,2781,5245,0,0,21.7539,10.8142,9.5805,0.0,0.0,2138,1351.0,0.0,0.0,10.22,13.59,0.0,0.0,97,0.0,0.0,0.0,one,SR,1
0,4823,3068,0,0,20.1729,9.1166,9.6859,0.0,0.0,1586,1367.0,0.0,0.0,4.32,13.7,0.0,0.0,220,0.0,0.0,0.0,one,SR,1
0,2786,2787,0,0,17.7243,8.3783,8.1495,0.0,0.0,1623,1121.0,0.0,0.0,6.27,11.97,0.0,0.0,163,0.0,0.0,0.0,one,SR,1
0,4828,8254,0,0,22.411,8.3954,12.2829,0.0,0.0,3230,1835.0,0.0,0.0,18.32,17.33,0.0,0.0,491,0.0,0.0,0.0,one,SR,1
0,2790,5508,0,0,15.9119,7.9412,6.9141,0.0,0.0,1315,923.0,0.0,0.0,4.3,10.57,0.0,0.0,107,0.0,0.0,0.0,one,SR,1
0,4838,1158,0,0,12.5567,5.9608,5.68,0.0,0.0,1210,724.0,0.0,0.0,4.46,9.16,0.0,0.0,156,0.0,0.0,0.0,one,SR,1
0,751,9023,0,0,16.5348,8.462,7.0056,0.0,0.0,1622,938.0,0.0,0.0,7.43,10.67,0.0,0.0,78,0.0,0.0,0.0,one,SR,1
0,2798,5694,0,0,29.1935,14.6896,12.7109,0.0,0.0,3755,1912.0,0.0,0.0,23.29,17.93,0.0,0.0,99,0.0,0.0,0.0,one,SR,1
0,4850,1242,0,0,18.3048,8.8565,8.2411,0.0,0.0,1353,1136.0,0.0,0.0,3.34,12.07,0.0,0.0,137,0.0,0.0,0.0,one,SR,1
0,759,846,0,0,12.6632,6.1405,5.6139,0.0,0.0,1180,714.0,0.0,0.0,4.21,9.09,0.0,0.0,139,0.0,0.0,0.0,one,SR,1
0,4853,9723,0,0,24.0108,12.3104,10.2594,0.0,0.0,1769,1463.0,0.0,0.0,5.61,14.41,0.0,0.0,45,0.0,0.0,0.0,one,SR,1
0,767,8851,0,0,16.3899,8.0169,7.2754,0.0,0.0,1369,981.0,0.0,0.0,4.5,10.98,0.0,0.0,127,0.0,0.0,0.0,one,SR,1
0,768,6314,0,0,19.6261,9.406,8.9345,0.0,0.0,1820,1247.0,0.0,0.0,7.54,12.86,0.0,0.0,148,0.0,0.0,0.0,one,SR,1
0,2816,1624,0,0,22.1223,11.5522,9.2484,0.0,0.0,2839,1298.0,0.0,0.0,17.91,13.22,0.0,0.0,24,0.0,0.0,0.0,one,SR,1
0,4867,8351,0,0,29.9644,13.8446,14.1229,0.0,0.0,2490,2172.0,0.0,0.0,8.17,19.97,0.0,0.0,282,0.0,0.0,0.0,one,SR,1
0,772,833,0,0,14.2463,6.7474,6.4904,0.0,0.0,1231,855.0,0.0,0.0,3.85,10.08,0.0,0.0,159,0.0,0.0,0.0,one,SR,1
0,4870,82,0,0,16.5321,7.8154,7.5845,0.0,0.0,1608,1030.0,0.0,0.0,6.69,11.32,0.0,0.0,162,0.0,0.0,0.0,one,SR,1
0,4872,8930,0,0,16.616,7.0864,8.3139,0.0,0.0,1865,1148.0,0.0,0.0,8.64,12.16,0.0,0.0,263,0.0,0.0,0.0,one,SR,1
0,2833,7217,0,0,13.8157,6.9638,5.9092,0.0,0.0,1556,762.0,0.0,0.0,7.85,9.43,0.0,0.0,104,0.0,0.0,0.0,one,SR,1
0,4889,4097,0,0,22.5768,11.3508,9.8379,0.0,0.0,3804,1392.0,0.0,0.0,27.45,13.88,0.0,0.0,78,0.0,0.0,0.0,one,SR,1
0,798,5667,0,0,14.4483,7.5491,5.9522,0.0,0.0,1324,768.0,0.0,0.0,5.38,9.47,0.0,0.0,67,0.0,0.0,0.0,one,SR,1
0,2847,3953,0,0,13.4443,5.8602,6.5671,0.0,0.0,1913,867.0,0.0,0.0,10.93,10.17,0.0,0.0,225,0.0,0.0,0.0,one,SR,1
0,803,5116,0,0,15.2969,7.7248,6.5566,0.0,0.0,1136,865.0,0.0,0.0,2.79,10.16,0.0,0.0,97,0.0,0.0,0.0,one,SR,1
0,2854,7792,0,0,15.8185,8.0995,6.6879,0.0,0.0,1335,887.0,0.0,0.0,4.74,10.31,0.0,0.0,81,0.0,0.0,0.0,one,SR,1
0,4908,5451,0,0,29.7731,12.6904,14.9659,0.0,0.0,2705,2325.0,0.0,0.0,9.35,21.17,0.0,0.0,434,0.0,0.0,0.0,one,SR,1
0,4909,1631,0,0,21.8178,10.0789,10.2917,0.0,0.0,2513,1471.0,0.0,0.0,13.36,14.47,0.0,0.0,201,0.0,0.0,0.0,one,SR,1
0,4922,9371,0,0,20.9249,9.1903,10.2881,0.0,0.0,1888,1470.0,0.0,0.0,6.81,14.46,0.0,0.0,261,0.0,0.0,0.0,one,SR,1
0,2883,3954,0,0,15.3178,8.0617,6.2724,0.0,0.0,1085,820.0,0.0,0.0,2.54,9.84,0.0,0.0,54,0.0,0.0,0.0,one,SR,1
0,2886,8228,0,0,17.4908,8.238,8.0661,0.0,0.0,1359,1107.0,0.0,0.0,3.59,11.87,0.0,0.0,167,0.0,0.0,0.0,one,SR,1
0,839,8197,0,0,16.205,8.508,6.6687,0.0,0.0,1262,883.0,0.0,0.0,4.0,10.28,0.0,0.0,51,0.0,0.0,0.0,one,SR,1
0,4932,9431,0,0,36.6655,16.3834,17.7631,0.0,0.0,4018,2838.0,0.0,0.0,19.52,25.19,0.0,0.0,429,0.0,0.0,0.0,one,SR,1
0,4935,1867,0,0,17.6059,9.4145,7.1129,0.0,0.0,1479,954.0,0.0,0.0,5.82,10.78,0.0,0.0,20,0.0,0.0,0.0,one,SR,1
0,845,3347,0,0,12.7738,6.2107,5.6508,0.0,0.0,1436,719.0,0.0,0.0,6.87,9.12,0.0,0.0,137,0.0,0.0,0.0,one,SR,1
0,4942,1630,0,0,19.3042,10.1069,8.0163,0.0,0.0,1823,1099.0,0.0,0.0,8.51,11.81,0.0,0.0,36,0.0,0.0,0.0,one,SR,1
0,2907,8464,0,0,22.0612,11.6507,9.1052,0.0,0.0,1664,1275.0,0.0,0.0,5.72,13.05,0.0,0.0,7,0.0,0.0,0.0,one,SR,1
0,4956,6192,0,0,12.9079,6.0163,5.9446,0.0,0.0,1617,768.0,0.0,0.0,8.46,9.47,0.0,0.0,171,0.0,0.0,0.0,one,SR,1
0,862,7501,0,0,14.0334,6.0816,6.8973,0.0,0.0,1888,920.0,0.0,0.0,10.33,10.54,0.0,0.0,233,0.0,0.0,0.0,one,SR,1
0,2914,7463,0,0,10.9439,4.3588,5.67,0.0,0.0,1873,723.0,0.0,0.0,11.43,9.15,0.0,0.0,265,0.0,0.0,0.0,one,SR,1
0,2915,6282,0,0,17.111,9.0136,7.0281,0.0,0.0,2090,941.0,0.0,0.0,12.32,10.69,0.0,0.0,42,0.0,0.0,0.0,one,SR,1
0,2920,1051,0,0,11.4877,4.7538,5.8032,0.0,0.0,1829,745.0,0.0,0.0,10.83,9.31,0.0,0.0,247,0.0,0.0,0.0,one,SR,1
0,2923,2789,0,0,16.4699,8.7433,6.6955,0.0,0.0,1201,887.0,0.0,0.0,3.33,10.31,0.0,0.0,37,0.0,0.0,0.0,one,SR,1
0,4974,8421,0,0,14.9859,6.9787,6.9471,0.0,0.0,1505,928.0,0.0,0.0,6.26,10.6,0.0,0.0,175,0.0,0.0,0.0,one,SR,1
0,882,2923,0,0,16.0552,7.073,7.8231,0.0,0.0,1610,1068.0,0.0,0.0,6.47,11.59,0.0,0.0,229,0.0,0.0,0.0,one,SR,1
0,883,6449,0,0,17.0361,7.2183,8.5732,0.0,0.0,2045,1189.0,0.0,0.0,10.27,12.45,0.0,0.0,272,0.0,0.0,0.0,one,SR,1
0,4981,5215,0,0,15.1032,7.0247,7.0113,0.0,0.0,1527,938.0,0.0,0.0,6.43,10.67,0.0,0.0,176,0.0,0.0,0.0,one,SR,1
0,889,1157,0,0,26.4638,12.382,12.3413,0.0,0.0,2035,1845.0,0.0,0.0,5.7,17.4,0.0,0.0,224,0.0,0.0,0.0,one,SR,1
0,893,7781,0,0,18.6892,9.4415,8.0618,0.0,0.0,1448,1106.0,0.0,0.0,4.53,11.86,0.0,0.0,84,0.0,0.0,0.0,one,SR,1
0,899,4222,0,0,31.5431,16.1213,13.5135,0.0,0.0,2460,2059.0,0.0,0.0,8.66,19.08,0.0,0.0,72,0.0,0.0,0.0,one,SR,1
0,904,7083,0,0,26.2634,13.0159,11.6113,0.0,0.0,2122,1712.0,0.0,0.0,7.56,16.36,0.0,0.0,117,0.0,0.0,0.0,one,SR,1
0,2983,5554,0,0,12.1013,5.3396,5.8282,0.0,0.0,1350,749.0,0.0,0.0,5.77,9.34,0.0,0.0,209,0.0,0.0,0.0,one,SR,1
0,938,316,0,0,16.2131,8.8245,6.3921,0.0,0.0,1240,838.0,0.0,0.0,4.05,9.96,0.0,0.0,10,0.0,0.0,0.0,one,SR,1
0,940,4575,0,0,16.0949,8.6773,6.4176,0.0,0.0,1173,843.0,0.0,0.0,3.32,10.0,0.0,0.0,22,0.0,0.0,0.0,one,SR,1
0,2992,3223,0,0,19.3998,10.2013,8.0168,0.0,0.0,2641,1100.0,0.0,0.0,17.1,11.82,0.0,0.0,30,0.0,0.0,0.0,one,SR,1
0,947,5027,0,0,13.6511,6.9241,5.797,0.0,0.0,1412,744.0,0.0,0.0,6.46,9.3,0.0,0.0,99,0.0,0.0,0.0,one,SR,1
0,2995,2471,0,0,14.6545,7.1082,6.5335,0.0,0.0,1541,861.0,0.0,0.0,7.07,10.13,0.0,0.0,137,0.0,0.0,0.0,one,SR,1
0,951,175,0,0,15.0304,8.1899,5.9,0.0,0.0,1900,759.0,0.0,0.0,11.48,9.41,0.0,0.0,19,0.0,0.0,0.0,one,SR,1
0,955,4297,0,0,27.0798,13.2315,12.1376,0.0,0.0,2146,1807.0,0.0,0.0,7.14,17.11,0.0,0.0,148,0.0,0.0,0.0,one,SR,1
0,959,8041,0,0,31.0562,16.3481,12.8892,0.0,0.0,2496,1945.0,0.0,0.0,9.84,18.19,0.0,0.0,2,0.0,0.0,0.0,one,SR,1
0,963,5142,0,0,19.6443,8.5451,9.7238,0.0,0.0,2485,1374.0,0.0,0.0,13.71,13.75,0.0,0.0,262,0.0,0.0,0.0,one,SR,1
0,964,6638,0,0,14.0218,7.4524,5.6556,0.0,0.0,1318,721.0,0.0,0.0,5.62,9.14,0.0,0.0,53,0.0,0.0,0.0,one,SR,1
0,966,4092,0,0,26.0138,12.469,11.8717,0.0,0.0,3389,1759.0,0.0,0.0,20.53,16.73,0.0,0.0,177,0.0,0.0,0.0,one,SR,1
0,3016,789,0,0,25.0203,12.939,10.5924,0.0,0.0,2883,1524.0,0.0,0.0,16.87,14.89,0.0,0.0,32,0.0,0.0,0.0,one,SR,1
0,3017,136,0,0,15.3219,7.7043,6.5977,0.0,0.0,1205,871.0,0.0,0.0,3.47,10.2,0.0,0.0,101,0.0,0.0,0.0,one,SR,1
0,970,6356,0,0,15.5448,8.4463,6.131,0.0,0.0,1683,797.0,0.0,0.0,8.96,9.67,0.0,0.0,18,0.0,0.0,0.0,one,SR,1
0,974,4378,0,0,24.0496,11.3952,11.0926,0.0,0.0,1711,1617.0,0.0,0.0,3.91,15.62,0.0,0.0,182,0.0,0.0,0.0,one,SR,1
0,3022,5528,0,0,26.5402,12.1481,12.6124,0.0,0.0,2497,1895.0,0.0,0.0,10.2,17.8,0.0,0.0,264,0.0,0.0,0.0,one,SR,1
0,982,9593,0,0,16.0032,8.6026,6.4027,0.0,0.0,1326,840.0,0.0,0.0,4.94,9.98,0.0,0.0,26,0.0,0.0,0.0,one,SR,1
0,987,8485,0,0,12.9113,6.1281,5.8482,0.0,0.0,1231,751.0,0.0,0.0,4.51,9.35,0.0,0.0,156,0.0,0.0,0.0,one,SR,1
0,993,7937,0,0,17.262,9.0605,7.1216,0.0,0.0,1595,956.0,0.0,0.0,7.03,10.8,0.0,0.0,45,0.0,0.0,0.0,one,SR,1
0,1000,4675,0,0,15.4842,8.3491,6.1641,0.0,0.0,1555,802.0,0.0,0.0,7.59,9.71,0.0,0.0,27,0.0,0.0,0.0,one,SR,1
0,3054,1815,0,0,29.7846,15.1346,12.8382,0.0,0.0,2330,1936.0,0.0,0.0,8.16,18.12,0.0,0.0,80,0.0,0.0,0.0,one,SR,1
0,3058,5080,0,0,16.4992,8.4743,6.9634,0.0,0.0,1133,930.0,0.0,0.0,2.34,10.62,0.0,0.0,74,0.0,0.0,0.0,one,SR,1
0,3067,5179,0,0,22.8045,11.9284,9.5239,0.0,0.0,2226,1341.0,0.0,0.0,11.2,13.52,0.0,0.0,17,0.0,0.0,0.0,one,SR,1
0,1023,5038,0,0,17.5697,8.9085,7.5347,0.0,0.0,2062,1022.0,0.0,0.0,11.51,11.27,0.0,0.0,84,0.0,0.0,0.0,one,SR,1
0,3071,1208,0,0,18.7835,10.0926,7.5615,0.0,0.0,1330,1026.0,0.0,0.0,3.8,11.29,0.0,0.0,5,0.0,0.0,0.0,one,SR,1
0,3082,6325,0,0,33.1022,17.3302,13.8191,0.0,0.0,3965,2116.0,0.0,0.0,24.06,19.53,0.0,0.0,17,0.0,0.0,0.0,one,SR,1
0,1041,2303,0,0,17.9616,9.0526,7.757,0.0,0.0,2028,1058.0,0.0,0.0,10.93,11.52,0.0,0.0,90,0.0,0.0,0.0,one,SR,1
0,1043,2017,0,0,19.3321,7.6149,10.2739,0.0,0.0,2509,1466.0,0.0,0.0,13.35,14.43,0.0,0.0,367,0.0,0.0,0.0,one,SR,1
0,3089,2631,0,0,23.7924,11.3734,10.887,0.0,0.0,1754,1579.0,0.0,0.0,4.63,15.32,0.0,0.0,165,0.0,0.0,0.0,one,SR,1
0,1047,797,0,0,13.1427,6.0108,6.1616,0.0,0.0,1614,801.0,0.0,0.0,8.21,9.7,0.0,0.0,186,0.0,0.0,0.0,one,SR,1
0,3096,8891,0,0,15.7509,8.3831,6.3735,0.0,0.0,1656,835.0,0.0,0.0,8.44,9.94,0.0,0.0,39,0.0,0.0,0.0,one,SR,1
0,3100,9793,0,0,12.1725,5.1345,6.0768,0.0,0.0,1514,788.0,0.0,0.0,7.25,9.61,0.0,0.0,240,0.0,0.0,0.0,one,SR,1
0,3104,746,0,0,18.0898,8.6327,8.2492,0.0,0.0,2388,1137.0,0.0,0.0,14.2,12.08,0.0,0.0,153,0.0,0.0,0.0,one,SR,1
0,3106,5931,0,0,17.6939,7.4568,8.9494,0.0,0.0,1911,1250.0,0.0,0.0,8.48,12.88,0.0,0.0,282,0.0,0.0,0.0,one,SR,1
0,1060,6414,0,0,21.8343,10.1402,10.2539,0.0,0.0,1814,1462.0,0.0,0.0,6.09,14.4,0.0,0.0,193,0.0,0.0,0.0,one,SR,1
0,3108,1820,0,0,14.3196,6.2556,6.9975,0.0,0.0,1523,937.0,0.0,0.0,6.39,10.66,0.0,0.0,228,0.0,0.0,0.0,one,SR,1
0,1067,5045,0,0,17.6366,9.3746,7.1758,0.0,0.0,1561,965.0,0.0,0.0,6.61,10.86,0.0,0.0,28,0.0,0.0,0.0,one,SR,1
0,3117,1894,0,0,23.7095,12.0466,10.2266,0.0,0.0,1899,1457.0,0.0,0.0,7.01,14.36,0.0,0.0,60,0.0,0.0,0.0,one,SR,1
0,1080,3633,0,0,14.9845,8.1855,5.8626,0.0,0.0,1389,753.0,0.0,0.0,6.16,9.36,0.0,0.0,17,0.0,0.0,0.0,one,SR,1
0,3129,3468,0,0,19.0423,10.2184,7.6804,0.0,0.0,1736,1046.0,0.0,0.0,7.94,11.44,0.0,0.0,5,0.0,0.0,0.0,one,SR,1
0,1084,4852,0,0,18.7937,8.298,9.1818,0.0,0.0,1729,1287.0,0.0,0.0,6.33,13.14,0.0,0.0,241,0.0,0.0,0.0,one,SR,1
0,1090,27,0,0,21.1404,10.9102,8.9432,0.0,0.0,2176,1249.0,0.0,0.0,11.26,12.87,0.0,0.0,46,0.0,0.0,0.0,one,SR,1
0,1097,8394,0,0,15.7539,6.853,7.7503,0.0,0.0,1497,1056.0,0.0,0.0,5.36,11.51,0.0,0.0,239,0.0,0.0,0.0,one,SR,1
0,1100,8350,0,0,14.5324,7.0328,6.4918,0.0,0.0,1688,854.0,0.0,0.0,8.65,10.08,0.0,0.0,139,0.0,0.0,0.0,one,SR,1
0,1104,5599,0,0,19.0054,9.559,8.2392,0.0,0.0,1403,1136.0,0.0,0.0,3.87,12.07,0.0,0.0,89,0.0,0.0,0.0,one,SR,1
0,1115,9306,0,0,15.8019,8.6952,6.1378,0.0,0.0,2337,799.0,0.0,0.0,15.82,9.69,0.0,0.0,2,0.0,0.0,0.0,one,SR,1
0,1120,1497,0,0,22.7634,11.4384,9.927,0.0,0.0,2212,1406.0,0.0,0.0,10.64,13.98,0.0,0.0,78,0.0,0.0,0.0,one,SR,1
0,3170,5265,0,0,20.4931,10.1361,9.0572,0.0,0.0,1863,1267.0,0.0,0.0,7.86,13.0,0.0,0.0,107,0.0,0.0,0.0,one,SR,1
0,1125,8699,0,0,13.7578,6.8832,5.9297,0.0,0.0,1138,765.0,0.0,0.0,3.45,9.45,0.0,0.0,111,0.0,0.0,0.0,one,SR,1
0,1128,3556,0,0,18.1183,9.3858,7.5989,0.0,0.0,2627,1032.0,0.0,0.0,17.38,11.34,0.0,0.0,56,0.0,0.0,0.0,one,SR,1
0,3185,1801,0,0,16.1144,8.7214,6.3951,0.0,0.0,1968,840.0,0.0,0.0,11.68,9.98,0.0,0.0,18,0.0,0.0,0.0,one,SR,1
0,1138,390,0,0,18.8153,9.8477,7.8093,0.0,0.0,2604,1067.0,0.0,0.0,16.92,11.58,0.0,0.0,40,0.0,0.0,0.0,one,SR,1
0,1142,2998,0,0,32.1497,13.3349,16.48,0.0,0.0,3300,2603.0,0.0,0.0,13.64,23.35,0.0,0.0,524,0.0,0.0,0.0,one,SR,1
0,1151,9213,0,0,24.8102,11.1232,11.9952,0.0,0.0,2092,1783.0,0.0,0.0,6.74,16.92,0.0,0.0,280,0.0,0.0,0.0,one,SR,1
0,1160,90,0,0,25.3244,12.8373,10.9473,0.0,0.0,2188,1589.0,0.0,0.0,9.12,15.4,0.0,0.0,70,0.0,0.0,0.0,one,SR,1
0,3208,2459,0,0,15.873,7.7567,7.0449,0.0,0.0,2130,944.0,0.0,0.0,12.72,10.71,0.0,0.0,129,0.0,0.0,0.0,one,SR,1
0,3216,6037,0,0,17.5132,8.0045,8.2952,0.0,0.0,1371,1145.0,0.0,0.0,3.47,12.14,0.0,0.0,199,0.0,0.0,0.0,one,SR,1
0,1172,2053,0,0,17.3292,8.8698,7.3526,0.0,0.0,1324,994.0,0.0,0.0,3.94,11.07,0.0,0.0,75,0.0,0.0,0.0,one,SR,1
0,3220,8473,0,0,19.7718,9.4325,9.0409,0.0,0.0,1353,1265.0,0.0,0.0,2.52,12.98,0.0,0.0,154,0.0,0.0,0.0,one,SR,1
0,3221,748,0,0,16.0719,7.4642,7.4867,0.0,0.0,1852,1014.0,0.0,0.0,9.36,11.21,0.0,0.0,179,0.0,0.0,0.0,one,SR,1
0,3227,3872,0,0,20.8876,10.2254,9.3313,0.0,0.0,1462,1311.0,0.0,0.0,3.37,13.31,0.0,0.0,120,0.0,0.0,0.0,one,SR,1
0,1180,5731,0,0,21.7479,9.8659,10.4175,0.0,0.0,2438,1493.0,0.0,0.0,12.42,14.65,0.0,0.0,226,0.0,0.0,0.0,one,SR,1
0,1188,4411,0,0,12.0735,5.0772,6.0395,0.0,0.0,1676,782.0,0.0,0.0,8.99,9.57,0.0,0.0,241,0.0,0.0,0.0,one,SR,1
0,3236,101,0,0,18.2779,8.3252,8.694,0.0,0.0,2303,1209.0,0.0,0.0,12.85,12.59,0.0,0.0,205,0.0,0.0,0.0,one,SR,1
0,3237,4956,0,0,14.1637,6.5626,6.582,0.0,0.0,1268,870.0,0.0,0.0,4.14,10.19,0.0,0.0,178,0.0,0.0,0.0,one,SR,1
0,3250,9361,0,0,31.4196,15.1693,14.2378,0.0,0.0,2336,2192.0,0.0,0.0,6.42,20.13,0.0,0.0,201,0.0,0.0,0.0,one,SR,1
0,3252,1878,0,0,21.4588,9.0292,10.8961,0.0,0.0,2265,1581.0,0.0,0.0,9.98,15.34,0.0,0.0,326,0.0,0.0,0.0,one,SR,1
0,3255,8333,0,0,16.6567,7.4601,8.0149,0.0,0.0,1549,1100.0,0.0,0.0,5.63,11.82,0.0,0.0,217,0.0,0.0,0.0,one,SR,1
0,1209,3086,0,0,16.4466,8.947,6.4918,0.0,0.0,1064,854.0,0.0,0.0,2.1,10.08,0.0,0.0,9,0.0,0.0,0.0,one,SR,1
0,1210,4281,0,0,14.5878,7.7264,5.9187,0.0,0.0,1214,762.0,0.0,0.0,4.26,9.43,0.0,0.0,52,0.0,0.0,0.0,one,SR,1
0,3257,1181,0,0,13.1892,5.8769,6.3236,0.0,0.0,1610,827.0,0.0,0.0,8.01,9.89,0.0,0.0,206,0.0,0.0,0.0,one,SR,1
0,1212,8612,0,0,16.4495,7.2737,7.9962,0.0,0.0,1390,1097.0,0.0,0.0,3.98,11.8,0.0,0.0,228,0.0,0.0,0.0,one,SR,1
0,3258,979,0,0,19.7081,8.8258,9.5288,0.0,0.0,2110,1343.0,0.0,0.0,9.97,13.54,0.0,0.0,229,0.0,0.0,0.0,one,SR,1
0,3259,9408,0,0,16.3629,8.4219,6.8873,0.0,0.0,1087,919.0,0.0,0.0,1.93,10.54,0.0,0.0,73,0.0,0.0,0.0,one,SR,1
0,3260,1794,0,0,12.8334,5.9929,5.9,0.0,0.0,1357,759.0,0.0,0.0,5.78,9.41,0.0,0.0,169,0.0,0.0,0.0,one,SR,1
0,3261,8472,0,0,28.0139,13.2664,12.9239,0.0,0.0,2900,1951.0,0.0,0.0,14.04,18.24,0.0,0.0,215,0.0,0.0,0.0,one,SR,1
0,3280,4726,0,0,16.98,8.508,7.3645,0.0,0.0,1493,995.0,0.0,0.0,5.71,11.07,0.0,0.0,100,0.0,0.0,0.0,one,SR,1
0,1234,8770,0,0,14.9844,7.1525,6.7895,0.0,0.0,1427,903.0,0.0,0.0,5.6,10.42,0.0,0.0,152,0.0,0.0,0.0,one,SR,1
0,3283,3289,0,0,16.3438,8.8511,6.4856,0.0,0.0,1274,853.0,0.0,0.0,4.31,10.07,0.0,0.0,15,0.0,0.0,0.0,one,SR,1
0,3295,9839,0,0,15.2384,8.3468,5.9446,0.0,0.0,1161,768.0,0.0,0.0,3.67,9.47,0.0,0.0,12,0.0,0.0,0.0,one,SR,1
0,1252,6400,0,0,24.9378,12.818,10.6247,0.0,0.0,2627,1532.0,0.0,0.0,14.13,14.95,0.0,0.0,44,0.0,0.0,0.0,one,SR,1
0,3302,94,0,0,20.2387,10.6309,8.3844,0.0,0.0,2263,1159.0,0.0,0.0,12.75,12.23,0.0,0.0,26,0.0,0.0,0.0,one,SR,1
0,3313,7557,0,0,15.2441,8.0031,6.2594,0.0,0.0,1782,817.0,0.0,0.0,9.88,9.82,0.0,0.0,57,0.0,0.0,0.0,one,SR,1
0,1271,1695,0,0,22.8995,11.823,9.7032,0.0,0.0,1922,1371.0,0.0,0.0,7.82,13.73,0.0,0.0,37,0.0,0.0,0.0,one,SR,1
0,1272,3618,0,0,15.8522,6.5288,8.1289,0.0,0.0,2120,1118.0,0.0,0.0,11.51,11.94,0.0,0.0,288,0.0,0.0,0.0,one,SR,1
0,3321,1897,0,0,29.4837,12.7371,14.6706,0.0,0.0,3339,2273.0,0.0,0.0,16.38,20.76,0.0,0.0,406,0.0,0.0,0.0,one,SR,1
0,1277,3937,0,0,16.4596,8.499,6.9054,0.0,0.0,1390,921.0,0.0,0.0,5.1,10.55,0.0,0.0,68,0.0,0.0,0.0,one,SR,1
0,1282,7037,0,0,13.485,6.6559,5.8886,0.0,0.0,1152,759.0,0.0,0.0,3.63,9.41,0.0,0.0,124,0.0,0.0,0.0,one,SR,1
0,3331,4887,0,0,19.5664,10.2531,8.1203,0.0,0.0,1655,1116.0,0.0,0.0,6.64,11.93,0.0,0.0,33,0.0,0.0,0.0,one,SR,1
0,1286,6333,0,0,14.2745,7.6118,5.7391,0.0,0.0,1112,735.0,0.0,0.0,3.36,9.24,0.0,0.0,48,0.0,0.0,0.0,one,SR,1
0,3339,9385,0,0,16.5969,8.0681,7.4149,0.0,0.0,1237,1004.0,0.0,0.0,2.96,11.14,0.0,0.0,134,0.0,0.0,0.0,one,SR,1
0,3345,6191,0,0,17.2218,8.0681,7.977,0.0,0.0,1459,1093.0,0.0,0.0,4.73,11.77,0.0,0.0,172,0.0,0.0,0.0,one,SR,1
0,1303,4871,0,0,18.7041,9.8644,7.6947,0.0,0.0,1536,1048.0,0.0,0.0,5.82,11.45,0.0,0.0,30,0.0,0.0,0.0,one,SR,1
0,3358,7244,0,0,20.8612,8.604,10.7448,0.0,0.0,2137,1554.0,0.0,0.0,8.83,15.12,0.0,0.0,342,0.0,0.0,0.0,one,SR,1
0,1311,2514,0,0,16.8776,8.5084,7.2716,0.0,0.0,1216,981.0,0.0,0.0,2.89,10.98,0.0,0.0,94,0.0,0.0,0.0,one,SR,1
0,1316,2861,0,0,15.5065,6.9998,7.3957,0.0,0.0,1940,1000.0,0.0,0.0,10.37,11.11,0.0,0.0,205,0.0,0.0,0.0,one,SR,1
0,1321,6780,0,0,25.6502,11.5728,12.3377,0.0,0.0,2600,1844.0,0.0,0.0,11.64,17.4,0.0,0.0,279,0.0,0.0,0.0,one,SR,1
0,1326,7532,0,0,21.516,11.0846,9.1238,0.0,0.0,1591,1278.0,0.0,0.0,4.94,13.08,0.0,0.0,47,0.0,0.0,0.0,one,SR,1
0,1328,7307,0,0,13.3234,5.6315,6.6644,0.0,0.0,1513,882.0,0.0,0.0,6.64,10.28,0.0,0.0,247,0.0,0.0,0.0,one,SR,1
0,3388,6758,0,0,16.9552,7.437,8.3048,0.0,0.0,1513,1145.0,0.0,0.0,4.96,12.14,0.0,0.0,238,0.0,0.0,0.0,one,SR,1
0,3390,9314,0,0,16.0082,7.6693,7.2456,0.0,0.0,1282,975.0,0.0,0.0,3.62,10.93,0.0,0.0,148,0.0,0.0,0.0,one,SR,1
0,1343,4087,0,0,22.5205,9.8273,11.1275,0.0,0.0,1858,1622.0,0.0,0.0,5.42,15.66,0.0,0.0,291,0.0,0.0,0.0,one,SR,1
0,3391,6200,0,0,12.2225,5.6386,5.6695,0.0,0.0,1478,722.0,0.0,0.0,7.29,9.14,0.0,0.0,177,0.0,0.0,0.0,one,SR,1
0,3394,1433,0,0,22.3351,10.8085,10.106,0.0,0.0,2228,1437.0,0.0,0.0,10.61,14.21,0.0,0.0,135,0.0,0.0,0.0,one,SR,1
0,3397,1212,0,0,22.7831,11.8711,9.5556,0.0,0.0,2301,1347.0,0.0,0.0,11.95,13.56,0.0,0.0,23,0.0,0.0,0.0,one,SR,1
0,1351,5696,0,0,14.8081,7.1597,6.6251,0.0,0.0,1364,876.0,0.0,0.0,5.11,10.23,0.0,0.0,140,0.0,0.0,0.0,one,SR,1
0,3401,7031,0,0,17.7322,7.8324,8.6474,0.0,0.0,1701,1200.0,0.0,0.0,6.59,12.52,0.0,0.0,235,0.0,0.0,0.0,one,SR,1
0,3411,1126,0,0,45.851,22.7174,20.2564,0.0,0.0,4148,3295.0,0.0,0.0,17.66,28.77,0.0,0.0,217,0.0,0.0,0.0,one,SR,1
0,3429,2051,0,0,23.3616,11.5838,10.3266,0.0,0.0,1692,1476.0,0.0,0.0,4.71,14.51,0.0,0.0,101,0.0,0.0,0.0,one,SR,1
0,3432,4039,0,0,25.1277,11.9638,11.5387,0.0,0.0,1994,1698.0,0.0,0.0,6.31,16.25,0.0,0.0,182,0.0,0.0,0.0,one,SR,1
0,3435,4969,0,0,15.8891,8.3051,6.5671,0.0,0.0,1351,867.0,0.0,0.0,5.03,10.17,0.0,0.0,58,0.0,0.0,0.0,one,SR,1
0,1389,5070,0,0,12.4351,5.2603,6.1995,0.0,0.0,1450,808.0,0.0,0.0,6.45,9.75,0.0,0.0,240,0.0,0.0,0.0,one,SR,1
0,3442,7693,0,0,16.3889,8.7871,6.5834,0.0,0.0,1204,869.0,0.0,0.0,3.48,10.18,0.0,0.0,26,0.0,0.0,0.0,one,SR,1
0,1399,512,0,0,12.2988,5.6039,5.7691,0.0,0.0,1364,738.0,0.0,0.0,5.99,9.26,0.0,0.0,186,0.0,0.0,0.0,one,SR,1
0,3462,4202,0,0,13.5544,6.8078,5.8152,0.0,0.0,1728,746.0,0.0,0.0,9.76,9.31,0.0,0.0,108,0.0,0.0,0.0,one,SR,1
0,3463,7051,0,0,31.422,13.5958,15.6154,0.0,0.0,4714,2445.0,0.0,0.0,29.6,22.11,0.0,0.0,430,0.0,0.0,0.0,one,SR,1
0,1416,4819,0,0,16.0948,7.4898,7.4835,0.0,0.0,1544,1015.0,0.0,0.0,6.12,11.22,0.0,0.0,178,0.0,0.0,0.0,one,SR,1
0,3466,494,0,0,15.005,7.3295,6.6486,0.0,0.0,1491,881.0,0.0,0.0,6.41,10.27,0.0,0.0,131,0.0,0.0,0.0,one,SR,1
0,1420,8600,0,0,22.5568,11.3157,9.8509,0.0,0.0,2495,1395.0,0.0,0.0,13.69,13.9,0.0,0.0,82,0.0,0.0,0.0,one,SR,1
0,3469,7107,0,0,26.0509,13.1411,11.3167,0.0,0.0,2473,1657.0,0.0,0.0,11.63,15.93,0.0,0.0,82,0.0,0.0,0.0,one,SR,1
0,1435,1858,0,0,18.5956,9.4248,7.9919,0.0,0.0,1477,1096.0,0.0,0.0,4.9,11.79,0.0,0.0,81,0.0,0.0,0.0,one,SR,1
0,3492,2318,0,0,46.9224,24.4937,19.6392,0.0,0.0,3864,3183.0,0.0,0.0,15.47,27.89,0.0,0.0,42,0.0,0.0,0.0,one,SR,1
0,1451,902,0,0,16.049,7.2894,7.6224,0.0,0.0,1614,1037.0,0.0,0.0,6.71,11.37,0.0,0.0,201,0.0,0.0,0.0,one,SR,1
0,1463,6658,0,0,41.5289,21.7564,17.317,0.0,0.0,3715,2757.0,0.0,0.0,16.91,24.55,0.0,0.0,24,0.0,0.0,0.0,one,SR,1
0,3513,3927,0,0,20.5364,9.6434,9.5388,0.0,0.0,2482,1344.0,0.0,0.0,13.87,13.54,0.0,0.0,174,0.0,0.0,0.0,one,SR,1
0,3515,1633,0,0,22.1287,10.0862,10.5575,0.0,0.0,2096,1519.0,0.0,0.0,8.64,14.85,0.0,0.0,224,0.0,0.0,0.0,one,SR,1
0,1474,2272,0,0,14.8837,7.5178,6.3716,0.0,0.0,1557,835.0,0.0,0.0,7.4,9.94,0.0,0.0,98,0.0,0.0,0.0,one,SR,1
0,1480,8898,0,0,42.9676,20.8272,19.3885,0.0,0.0,3724,3135.0,0.0,0.0,14.34,27.52,0.0,0.0,269,0.0,0.0,0.0,one,SR,1
0,1483,9586,0,0,15.0489,7.094,6.8997,0.0,0.0,1184,921.0,0.0,0.0,2.94,10.55,0.0,0.0,164,0.0,0.0,0.0,one,SR,1
0,1486,9179,0,0,16.4787,8.7263,6.7185,0.0,0.0,1801,891.0,0.0,0.0,9.61,10.34,0.0,0.0,40,0.0,0.0,0.0,one,SR,1
0,1488,5852,0,0,14.9646,7.786,6.2033,0.0,0.0,1365,808.0,0.0,0.0,5.56,9.75,0.0,0.0,68,0.0,0.0,0.0,one,SR,1
0,1496,460,0,0,18.0901,8.6191,8.2617,0.0,0.0,1335,1139.0,0.0,0.0,3.13,12.09,0.0,0.0,155,0.0,0.0,0.0,one,SR,1
0,3545,3623,0,0,21.2826,10.0787,9.8186,0.0,0.0,1767,1388.0,0.0,0.0,6.09,13.85,0.0,0.0,163,0.0,0.0,0.0,one,SR,1
0,1501,4947,0,0,14.5558,6.4269,7.0568,0.0,0.0,1653,945.0,0.0,0.0,7.71,10.72,0.0,0.0,220,0.0,0.0,0.0,one,SR,1
0,3549,7167,0,0,12.8627,5.9704,5.946,0.0,0.0,1198,767.0,0.0,0.0,4.06,9.46,0.0,0.0,174,0.0,0.0,0.0,one,SR,1
0,3550,4791,0,0,19.3286,8.7894,9.2211,0.0,0.0,2406,1293.0,0.0,0.0,13.4,13.18,0.0,0.0,210,0.0,0.0,0.0,one,SR,1
0,3551,5648,0,0,16.7424,6.1861,9.236,0.0,0.0,2523,1296.0,0.0,0.0,14.61,13.2,0.0,0.0,389,0.0,0.0,0.0,one,SR,1
0,3567,6875,0,0,27.9252,13.4145,12.7161,0.0,0.0,2213,1914.0,0.0,0.0,7.09,17.95,0.0,0.0,187,0.0,0.0,0.0,one,SR,1
0,3568,1670,0,0,17.8078,7.6311,8.8952,0.0,0.0,1654,1241.0,0.0,0.0,5.83,12.81,0.0,0.0,266,0.0,0.0,0.0,one,SR,1
0,3582,7523,0,0,20.5909,9.9823,9.2834,0.0,0.0,2072,1303.0,0.0,0.0,9.83,13.25,0.0,0.0,133,0.0,0.0,0.0,one,SR,1
0,1537,4517,0,0,17.3998,8.6799,7.5869,0.0,0.0,1469,1031.0,0.0,0.0,5.23,11.33,0.0,0.0,104,0.0,0.0,0.0,one,SR,1
0,3589,6631,0,0,13.0402,6.3428,5.7702,0.0,0.0,1143,740.0,0.0,0.0,3.66,9.27,0.0,0.0,137,0.0,0.0,0.0,one,SR,1
0,3590,9656,0,0,19.2997,8.797,9.188,0.0,0.0,2553,1288.0,0.0,0.0,14.97,13.15,0.0,0.0,207,0.0,0.0,0.0,one,SR,1
0,3591,3402,0,0,19.9929,9.9796,8.7481,0.0,0.0,1656,1218.0,0.0,0.0,6.0,12.65,0.0,0.0,96,0.0,0.0,0.0,one,SR,1
0,3596,9959,0,0,26.1097,13.6908,10.887,0.0,0.0,2791,1579.0,0.0,0.0,15.52,15.32,0.0,0.0,7,0.0,0.0,0.0,one,SR,1
0,1556,1848,0,0,53.6061,26.7803,23.4852,0.0,0.0,4771,3886.0,0.0,0.0,20.03,33.41,0.0,0.0,224,0.0,0.0,0.0,one,SR,1
0,1561,133,0,0,37.5387,18.3643,16.795,0.0,0.0,3817,2660.0,0.0,0.0,18.66,23.79,0.0,0.0,208,0.0,0.0,0.0,one,SR,1
0,3609,9165,0,0,13.8094,6.7387,6.1061,0.0,0.0,1496,793.0,0.0,0.0,7.03,9.65,0.0,0.0,133,0.0,0.0,0.0,one,SR,1
0,3620,3733,0,0,15.534,8.0161,6.5072,0.0,0.0,1340,858.0,0.0,0.0,4.97,10.11,0.0,0.0,74,0.0,0.0,0.0,one,SR,1
0,3623,1402,0,0,12.8785,6.0399,5.8981,0.0,0.0,1504,759.0,0.0,0.0,7.33,9.41,0.0,0.0,166,0.0,0.0,0.0,one,SR,1
0,1586,272,0,0,24.8312,12.2412,11.0361,0.0,0.0,2278,1607.0,0.0,0.0,9.93,15.54,0.0,0.0,119,0.0,0.0,0.0,one,SR,1
0,1592,1574,0,0,16.5609,8.6911,6.8231,0.0,0.0,1434,909.0,0.0,0.0,5.64,10.47,0.0,0.0,50,0.0,0.0,0.0,one,SR,1
0,1593,8220,0,0,17.4473,8.7375,7.5783,0.0,0.0,1341,1029.0,0.0,0.0,3.9,11.32,0.0,0.0,99,0.0,0.0,0.0,one,SR,1
0,1596,469,0,0,12.0133,4.9268,6.1205,0.0,0.0,1572,795.0,0.0,0.0,7.81,9.66,0.0,0.0,257,0.0,0.0,0.0,one,SR,1
0,3645,6708,0,0,26.9148,12.9641,12.2266,0.0,0.0,2982,1824.0,0.0,0.0,15.79,17.24,0.0,0.0,174,0.0,0.0,0.0,one,SR,1
0,1604,3100,0,0,20.2324,8.3634,10.4068,0.0,0.0,2501,1490.0,0.0,0.0,13.1,14.62,0.0,0.0,327,0.0,0.0,0.0,one,SR,1
0,1606,3981,0,0,19.6319,8.3076,9.9256,0.0,0.0,1874,1407.0,0.0,0.0,7.09,13.99,0.0,0.0,292,0.0,0.0,0.0,one,SR,1
0,1607,8146,0,0,17.4965,9.1664,7.2375,0.0,0.0,2056,974.0,0.0,0.0,11.75,10.93,0.0,0.0,46,0.0,0.0,0.0,one,SR,1
0,3654,289,0,0,15.2069,7.7218,6.478,0.0,0.0,1291,853.0,0.0,0.0,4.49,10.07,0.0,0.0,92,0.0,0.0,0.0,one,SR,1
0,1611,3974,0,0,12.2943,4.4964,6.7597,0.0,0.0,2182,897.0,0.0,0.0,13.57,10.38,0.0,0.0,331,0.0,0.0,0.0,one,SR,1
0,3658,7155,0,0,20.2545,10.7785,8.266,0.0,0.0,1856,1140.0,0.0,0.0,8.6,12.1,0.0,0.0,8,0.0,0.0,0.0,one,SR,1
0,3661,5948,0,0,22.6336,11.6308,9.638,0.0,0.0,1862,1359.0,0.0,0.0,7.27,13.65,0.0,0.0,45,0.0,0.0,0.0,one,SR,1
0,1621,2224,0,0,17.6659,9.5792,7.0181,0.0,0.0,1087,940.0,0.0,0.0,1.8,10.69,0.0,0.0,3,0.0,0.0,0.0,one,SR,1
0,3670,5263,0,0,20.9852,11.1315,8.6048,0.0,0.0,1217,1195.0,0.0,0.0,1.54,12.49,0.0,0.0,8,0.0,0.0,0.0,one,SR,1
0,1630,4823,0,0,24.9307,12.8383,10.6012,0.0,0.0,1805,1527.0,0.0,0.0,5.53,14.91,0.0,0.0,40,0.0,0.0,0.0,one,SR,1
0,1631,3163,0,0,13.6056,6.5538,6.0893,0.0,0.0,1196,790.0,0.0,0.0,3.9,9.63,0.0,0.0,144,0.0,0.0,0.0,one,SR,1
0,3702,9694,0,0,17.2725,8.1219,7.9746,0.0,0.0,1663,1092.0,0.0,0.0,6.88,11.76,0.0,0.0,168,0.0,0.0,0.0,one,SR,1
0,1655,2271,0,0,12.0598,5.4689,5.6757,0.0,0.0,1260,723.0,0.0,0.0,4.99,9.15,0.0,0.0,189,0.0,0.0,0.0,one,SR,1
0,3709,2063,0,0,21.8953,10.9341,9.6006,0.0,0.0,1830,1353.0,0.0,0.0,6.97,13.61,0.0,0.0,90,0.0,0.0,0.0,one,SR,1
0,1663,162,0,0,16.2101,7.9909,7.1378,0.0,0.0,1573,958.0,0.0,0.0,6.78,10.81,0.0,0.0,119,0.0,0.0,0.0,one,SR,1
0,3713,1450,0,0,17.8852,9.4378,7.3421,0.0,0.0,1190,992.0,0.0,0.0,2.55,11.05,0.0,0.0,35,0.0,0.0,0.0,one,SR,1
0,3719,4861,0,0,12.8582,5.8171,6.0793,0.0,0.0,1835,789.0,0.0,0.0,10.61,9.62,0.0,0.0,194,0.0,0.0,0.0,one,SR,1
0,1672,7044,0,0,25.8197,13.2528,11.0162,0.0,0.0,2898,1603.0,0.0,0.0,16.47,15.51,0.0,0.0,48,0.0,0.0,0.0,one,SR,1
0,3720,238,0,0,13.7925,6.7255,6.1023,0.0,0.0,1257,793.0,0.0,0.0,4.52,9.65,0.0,0.0,134,0.0,0.0,0.0,one,SR,1
0,3727,488,0,0,15.5751,7.8555,6.6893,0.0,0.0,1652,886.0,0.0,0.0,8.07,10.3,0.0,0.0,97,0.0,0.0,0.0,one,SR,1
0,1681,9614,0,0,16.5893,7.6973,7.7421,0.0,0.0,1288,1055.0,0.0,0.0,3.18,11.5,0.0,0.0,181,0.0,0.0,0.0,one,SR,1
0,1682,9722,0,0,26.675,13.2301,11.7844,0.0,0.0,2541,1743.0,0.0,0.0,11.74,16.61,0.0,0.0,117,0.0,0.0,0.0,one,SR,1
0,3734,1920,0,0,19.1074,9.125,8.7208,0.0,0.0,2130,1213.0,0.0,0.0,11.01,12.62,0.0,0.0,152,0.0,0.0,0.0,one,SR,1
0,1699,333,0,0,19.9299,10.0011,8.6728,0.0,0.0,1735,1205.0,0.0,0.0,6.91,12.56,0.0,0.0,89,0.0,0.0,0.0,one,SR,1
0,1712,7461,0,0,16.3746,6.4597,8.6604,0.0,0.0,2280,1203.0,0.0,0.0,12.65,12.55,0.0,0.0,330,0.0,0.0,0.0,one,SR,1
0,1722,5836,0,0,19.8348,10.145,8.4586,0.0,0.0,1717,1170.0,0.0,0.0,6.95,12.31,0.0,0.0,64,0.0,0.0,0.0,one,SR,1
0,1725,4565,0,0,39.5576,17.7333,19.1117,0.0,0.0,3927,3085.0,0.0,0.0,16.82,27.13,0.0,0.0,456,0.0,0.0,0.0,one,SR,1
0,1743,98,0,0,26.3276,13.168,11.5351,0.0,0.0,2274,1697.0,0.0,0.0,9.26,16.24,0.0,0.0,99,0.0,0.0,0.0,one,SR,1
0,1745,2583,0,0,15.1863,8.3565,5.8899,0.0,0.0,1212,758.0,0.0,0.0,4.27,9.4,0.0,0.0,7,0.0,0.0,0.0,one,SR,1
0,1750,977,0,0,20.8198,8.5276,10.7759,0.0,0.0,2891,1559.0,0.0,0.0,16.71,15.16,0.0,0.0,349,0.0,0.0,0.0,one,SR,1
0,3802,7555,0,0,29.2698,13.4916,13.8245,0.0,0.0,3672,2117.0,0.0,0.0,20.97,19.54,0.0,0.0,279,0.0,0.0,0.0,one,SR,1
0,3806,8154,0,0,21.9203,10.2232,10.2553,0.0,0.0,1782,1464.0,0.0,0.0,5.74,14.42,0.0,0.0,188,0.0,0.0,0.0,one,SR,1
0,1760,9137,0,0,26.4908,10.9286,13.6351,0.0,0.0,3168,2083.0,0.0,0.0,15.92,19.27,0.0,0.0,438,0.0,0.0,0.0,one,SR,1
0,1767,1023,0,0,26.8318,12.9436,12.172,0.0,0.0,2967,1814.0,0.0,0.0,15.71,17.16,0.0,0.0,171,0.0,0.0,0.0,one,SR,1
0,3815,2934,0,0,15.3793,7.618,6.7267,0.0,0.0,1205,892.0,0.0,0.0,3.34,10.35,0.0,0.0,116,0.0,0.0,0.0,one,SR,1
0,3820,255,0,0,28.282,12.1392,14.1429,0.0,0.0,2635,2176.0,0.0,0.0,9.67,20.0,0.0,0.0,400,0.0,0.0,0.0,one,SR,1
0,3823,7680,0,0,16.9523,8.6486,7.2131,0.0,0.0,1202,971.0,0.0,0.0,2.81,10.9,0.0,0.0,80,0.0,0.0,0.0,one,SR,1
0,1778,6518,0,0,22.8908,10.0904,11.2199,0.0,0.0,2291,1641.0,0.0,0.0,9.83,15.81,0.0,0.0,282,0.0,0.0,0.0,one,SR,1
0,1779,3817,0,0,17.3512,8.333,7.8548,0.0,0.0,1671,1074.0,0.0,0.0,7.08,11.63,0.0,0.0,146,0.0,0.0,0.0,one,SR,1
0,1787,5936,0,0,29.1348,11.5808,15.3768,0.0,0.0,3300,2402.0,0.0,0.0,15.06,21.77,0.0,0.0,547,0.0,0.0,0.0,one,SR,1
0,3851,8044,0,0,12.155,4.9537,6.2239,0.0,0.0,1701,811.0,0.0,0.0,9.06,9.77,0.0,0.0,262,0.0,0.0,0.0,one,SR,1
0,1804,643,0,0,27.3567,14.018,11.6916,0.0,0.0,1940,1726.0,0.0,0.0,5.55,16.47,0.0,0.0,55,0.0,0.0,0.0,one,SR,1
0,4433,4981,0,0,38.4095,19.5885,16.4854,0.0,0.0,2929,2604.0,0.0,0.0,9.73,23.36,0.0,0.0,98,0.0,0.0,0.0,one,SR,1
0,1836,6917,0,0,34.4161,17.3646,14.9386,0.0,0.0,3437,2320.0,0.0,0.0,17.07,21.13,0.0,0.0,113,0.0,0.0,0.0,one,SR,1
0,3886,8737,0,0,21.1087,11.1491,8.7002,0.0,0.0,1587,1210.0,0.0,0.0,5.33,12.59,0.0,0.0,13,0.0,0.0,0.0,one,SR,1
0,3888,4475,0,0,17.6562,9.4308,7.1427,0.0,0.0,1714,960.0,0.0,0.0,8.25,10.83,0.0,0.0,22,0.0,0.0,0.0,one,SR,1
0,4436,4740,0,0,20.3323,9.7583,9.2522,0.0,0.0,2083,1298.0,0.0,0.0,9.98,13.22,0.0,0.0,146,0.0,0.0,0.0,one,SR,1
0,3890,7026,0,0,14.5727,7.4149,6.1847,0.0,0.0,1555,805.0,0.0,0.0,7.57,9.73,0.0,0.0,92,0.0,0.0,0.0,one,SR,1
0,3903,5091,0,0,13.9223,6.3578,6.549,0.0,0.0,1868,865.0,0.0,0.0,10.47,10.16,0.0,0.0,190,0.0,0.0,0.0,one,SR,1
0,3905,7622,0,0,13.6979,7.0168,5.7567,0.0,0.0,1499,736.0,0.0,0.0,7.42,9.24,0.0,0.0,89,0.0,0.0,0.0,one,SR,1
0,1860,1390,0,0,13.6122,7.0636,5.6369,0.0,0.0,1214,718.0,0.0,0.0,4.54,9.12,0.0,0.0,78,0.0,0.0,0.0,one,SR,1
0,3910,8931,0,0,22.8359,11.2655,10.1442,0.0,0.0,1611,1444.0,0.0,0.0,4.08,14.26,0.0,0.0,107,0.0,0.0,0.0,one,SR,1
0,1864,9552,0,0,15.9237,6.9787,7.7887,0.0,0.0,1424,1064.0,0.0,0.0,4.55,11.56,0.0,0.0,234,0.0,0.0,0.0,one,SR,1
0,3928,8842,0,0,22.0496,9.3808,11.1054,0.0,0.0,3256,1619.0,0.0,0.0,20.12,15.63,0.0,0.0,320,0.0,0.0,0.0,one,SR,1
0,1884,5902,0,0,17.7681,8.7354,7.8686,0.0,0.0,1459,1075.0,0.0,0.0,4.84,11.64,0.0,0.0,119,0.0,0.0,0.0,one,SR,1
0,3932,7015,0,0,28.9052,14.5693,12.5633,0.0,0.0,2847,1886.0,0.0,0.0,13.94,17.73,0.0,0.0,95,0.0,0.0,0.0,one,SR,1
0,3935,7539,0,0,22.6842,11.8662,9.4708,0.0,0.0,2486,1334.0,0.0,0.0,13.98,13.47,0.0,0.0,18,0.0,0.0,0.0,one,SR,1
0,1892,3631,0,0,14.6355,7.6284,6.0495,0.0,0.0,1268,783.0,0.0,0.0,4.7,9.58,0.0,0.0,68,0.0,0.0,0.0,one,SR,1
0,3941,6688,0,0,16.1226,8.8627,6.2762,0.0,0.0,1132,820.0,0.0,0.0,3.03,9.84,0.0,0.0,0,0.0,0.0,0.0,one,SR,1
0,3949,1318,0,0,16.3891,7.4681,7.7676,0.0,0.0,2027,1060.0,0.0,0.0,10.9,11.53,0.0,0.0,199,0.0,0.0,0.0,one,SR,1
0,3957,6703,0,0,15.9807,7.4008,7.4618,0.0,0.0,1639,1010.0,0.0,0.0,7.15,11.18,0.0,0.0,182,0.0,0.0,0.0,one,SR,1
0,1911,9479,0,0,15.2116,6.4451,7.6286,0.0,0.0,1579,1038.0,0.0,0.0,6.34,11.38,0.0,0.0,259,0.0,0.0,0.0,one,SR,1
0,3959,2755,0,0,16.0609,8.5796,6.4742,0.0,0.0,1529,853.0,0.0,0.0,6.99,10.07,0.0,0.0,33,0.0,0.0,0.0,one,SR,1
0,1914,6074,0,0,18.9054,9.7914,7.9415,0.0,0.0,2044,1087.0,0.0,0.0,10.91,11.73,0.0,0.0,52,0.0,0.0,0.0,one,SR,1
0,1915,7866,0,0,19.6406,8.0621,10.1516,0.0,0.0,2069,1445.0,0.0,0.0,8.88,14.27,0.0,0.0,326,0.0,0.0,0.0,one,SR,1
0,3966,8362,0,0,33.7122,17.7192,14.0118,0.0,0.0,2837,2152.0,0.0,0.0,11.96,19.81,0.0,0.0,8,0.0,0.0,0.0,one,SR,1
0,3968,8253,0,0,21.7217,10.2629,10.0472,0.0,0.0,2656,1425.0,0.0,0.0,15.18,14.11,0.0,0.0,167,0.0,0.0,0.0,one,SR,1
0,3970,8168,0,0,22.0342,9.6546,10.8524,0.0,0.0,1802,1573.0,0.0,0.0,5.18,15.27,0.0,0.0,279,0.0,0.0,0.0,one,SR,1
0,1927,8415,0,0,28.0839,14.408,11.9864,0.0,0.0,3014,1780.0,0.0,0.0,16.44,16.9,0.0,0.0,55,0.0,0.0,0.0,one,SR,1
0,1931,2840,0,0,28.7121,15.0169,12.0025,0.0,0.0,2554,1784.0,0.0,0.0,11.58,16.93,0.0,0.0,15,0.0,0.0,0.0,one,SR,1
0,1932,4803,0,0,24.8144,11.3964,11.7606,0.0,0.0,2782,1739.0,0.0,0.0,14.29,16.57,0.0,0.0,240,0.0,0.0,0.0,one,SR,1
0,3980,2324,0,0,39.9228,17.77,19.3994,0.0,0.0,3754,3137.0,0.0,0.0,14.64,27.53,0.0,0.0,478,0.0,0.0,0.0,one,SR,1
0,1934,9782,0,0,14.054,6.9397,6.1454,0.0,0.0,2071,799.0,0.0,0.0,13.03,9.69,0.0,0.0,122,0.0,0.0,0.0,one,SR,1
0,3981,3349,0,0,19.464,7.6713,10.3391,0.0,0.0,2394,1479.0,0.0,0.0,12.06,14.54,0.0,0.0,369,0.0,0.0,0.0,one,SR,1
0,1936,5468,0,0,16.8908,7.3265,8.3451,0.0,0.0,1512,1153.0,0.0,0.0,4.9,12.19,0.0,0.0,249,0.0,0.0,0.0,one,SR,1
0,3990,509,0,0,21.879,10.1238,10.3064,0.0,0.0,2319,1473.0,0.0,0.0,11.31,14.49,0.0,0.0,199,0.0,0.0,0.0,one,SR,1
0,1949,1557,0,0,14.4965,7.598,5.9509,0.0,0.0,1193,769.0,0.0,0.0,4.0,9.48,0.0,0.0,64,0.0,0.0,0.0,one,SR,1
0,1956,6428,0,0,18.0737,8.382,8.4605,0.0,0.0,1726,1170.0,0.0,0.0,7.04,12.31,0.0,0.0,184,0.0,0.0,0.0,one,SR,1
0,1958,7042,0,0,23.2972,10.041,11.6184,0.0,0.0,1954,1714.0,0.0,0.0,5.78,16.38,0.0,0.0,321,0.0,0.0,0.0,one,SR,1
0,4006,2936,0,0,16.0069,7.5317,7.367,0.0,0.0,1185,996.0,0.0,0.0,2.47,11.08,0.0,0.0,167,0.0,0.0,0.0,one,SR,1
0,4009,2823,0,0,24.089,10.1959,12.1754,0.0,0.0,2401,1816.0,0.0,0.0,9.75,17.18,0.0,0.0,359,0.0,0.0,0.0,one,SR,1
0,1974,8565,0,0,16.1053,6.973,7.9569,0.0,0.0,1651,1091.0,0.0,0.0,6.76,11.75,0.0,0.0,246,0.0,0.0,0.0,one,SR,1
0,4022,3635,0,0,20.9808,9.8084,9.7899,0.0,0.0,1908,1384.0,0.0,0.0,7.59,13.82,0.0,0.0,180,0.0,0.0,0.0,one,SR,1
0,1977,9519,0,0,15.2795,7.8292,6.4468,0.0,0.0,1200,848.0,0.0,0.0,3.57,10.04,0.0,0.0,82,0.0,0.0,0.0,one,SR,1
0,1986,8917,0,0,24.7194,10.6107,12.365,0.0,0.0,2323,1849.0,0.0,0.0,8.7,17.44,0.0,0.0,347,0.0,0.0,0.0,one,SR,1
0,1991,3667,0,0,32.2944,14.5281,15.5625,0.0,0.0,2765,2436.0,0.0,0.0,9.2,22.04,0.0,0.0,362,0.0,0.0,0.0,one,SR,1
0,1993,2331,0,0,16.794,8.6777,7.0449,0.0,0.0,1848,944.0,0.0,0.0,9.76,10.71,0.0,0.0,66,0.0,0.0,0.0,one,SR,1
0,1997,7536,0,0,16.5651,8.7092,6.8106,0.0,0.0,1263,907.0,0.0,0.0,3.85,10.45,0.0,0.0,48,0.0,0.0,0.0,one,SR,1
0,4046,4973,0,0,22.9543,11.2803,10.2354,0.0,0.0,1807,1460.0,0.0,0.0,6.03,14.39,0.0,0.0,114,0.0,0.0,0.0,one,SR,1
0,4048,2621,0,0,24.5538,10.8241,12.0339,0.0,0.0,2221,1788.0,0.0,0.0,8.06,16.96,0.0,0.0,303,0.0,0.0,0.0,one,SR,1
0,2003,5340,0,0,34.9841,18.3697,14.5564,0.0,0.0,4317,2250.0,0.0,0.0,26.81,20.58,0.0,0.0,11,0.0,0.0,0.0,one,SR,1
0,4051,8237,0,0,16.7616,8.912,6.8057,0.0,0.0,1403,905.0,0.0,0.0,5.34,10.44,0.0,0.0,33,0.0,0.0,0.0,one,SR,1
0,2009,3711,0,0,13.3534,6.048,6.3174,0.0,0.0,1415,826.0,0.0,0.0,5.97,9.88,0.0,0.0,194,0.0,0.0,0.0,one,SR,1
0,4058,6270,0,0,17.7387,6.8356,9.5475,0.0,0.0,2653,1346.0,0.0,0.0,15.66,13.56,0.0,0.0,366,0.0,0.0,0.0,one,SR,1
0,2014,4625,0,0,14.6601,6.8483,6.7722,0.0,0.0,1174,899.0,0.0,0.0,2.97,10.4,0.0,0.0,171,0.0,0.0,0.0,one,SR,1
0,4063,3662,0,0,16.4137,9.0011,6.4133,0.0,0.0,1581,842.0,0.0,0.0,7.61,9.99,0.0,0.0,0,0.0,0.0,0.0,one,SR,1
0,4067,383,0,0,25.0498,13.0674,10.5046,0.0,0.0,1821,1510.0,0.0,0.0,5.82,14.78,0.0,0.0,16,0.0,0.0,0.0,one,SR,1
0,2033,7973,0,0,14.8944,7.4422,6.4487,0.0,0.0,1177,848.0,0.0,0.0,3.33,10.04,0.0,0.0,109,0.0,0.0,0.0,one,SR,1
0,2036,7456,0,0,15.1756,6.2123,7.8064,0.0,0.0,2020,1065.0,0.0,0.0,10.8,11.57,0.0,0.0,287,0.0,0.0,0.0,one,SR,1
0,4089,5162,0,0,14.2719,6.7314,6.5278,0.0,0.0,1343,861.0,0.0,0.0,4.99,10.13,0.0,0.0,163,0.0,0.0,0.0,one,SR,1
0,2043,5,0,0,15.0405,6.5388,7.3914,0.0,0.0,1923,999.0,0.0,0.0,10.2,11.1,0.0,0.0,236,0.0,0.0,0.0,one,SR,1
0,4,6289,2900,0,34.9895,14.1118,8.355,10.7316,0.0,1797,892.0,1178.0,0.0,2.75,8.1,9.81,0.0,137,35.0,19.0,0.0,many,SR,2
0,44,8753,2261,0,42.8072,17.687,12.371,10.6735,0.0,1724,1398.0,1142.0,0.0,-0.58,11.04,9.72,0.0,68,22.0,0.0,0.0,many,SR,2
0,4146,6260,6257,0,27.1012,10.6148,7.507,7.507,0.0,1475,727.0,727.0,0.0,2.24,7.36,7.36,0.0,180,0.0,0.0,0.0,many,SR,2
0,72,7780,1857,0,33.9456,12.529,9.8113,9.7922,0.0,2295,1029.0,1026.0,0.0,7.78,9.07,9.06,0.0,259,0.0,0.0,0.0,many,SR,2
0,76,4488,1802,135,65.3219,26.8881,10.7337,9.1932,15.2293,2051,1286.0,947.0,2051.0,-7.96,10.03,8.61,14.14,178,89.0,0.0,178.0,many,SR,3
0,4167,9469,9358,0,49.6019,19.7077,13.7144,13.7443,0.0,1666,1549.0,1607.0,0.0,-4.43,12.1,12.26,0.0,151,0.0,33.0,0.0,many,SR,2
0,4173,6542,962,0,36.1969,14.7724,10.0408,9.5461,0.0,1255,1190.0,993.0,0.0,-3.36,9.51,8.87,0.0,121,85.0,0.0,0.0,many,SR,2
0,109,9606,4318,0,30.1459,11.7078,8.383,8.3858,0.0,1366,847.0,1171.0,0.0,-0.68,8.02,8.67,0.0,226,4.0,213.0,0.0,many,SR,2
0,2157,8334,7708,0,32.5112,12.9791,8.9247,8.8901,0.0,1549,1094.0,915.0,0.0,0.81,8.77,8.4,0.0,169,118.0,5.0,0.0,many,SR,2
0,2172,8098,3329,0,41.8504,15.9282,10.4922,13.2566,0.0,1791,1118.0,1683.0,0.0,-0.76,9.58,12.16,0.0,248,0.0,125.0,0.0,many,SR,2
0,2177,6516,1257,0,43.743,16.7013,12.4322,12.4074,0.0,2390,1372.0,1369.0,0.0,5.28,11.02,11.0,0.0,213,0.0,0.0,0.0,many,SR,2
0,2210,6639,3073,0,33.6397,13.982,9.498,8.4604,0.0,2069,988.0,895.0,0.0,6.43,8.84,8.16,0.0,90,1.0,28.0,0.0,many,SR,2
0,169,7852,5575,0,32.1773,12.5318,8.9777,8.9777,0.0,2487,919.0,919.0,0.0,10.9,8.45,8.45,0.0,183,0.0,0.0,0.0,many,SR,2
0,2224,5892,5891,0,30.653,12.2623,8.394,8.394,0.0,1332,842.0,842.0,0.0,-0.44,8.01,8.01,0.0,148,0.0,0.0,0.0,many,SR,2
0,4274,6602,4311,0,33.5503,14.7157,8.6,8.6,0.0,1317,870.0,870.0,0.0,-0.88,8.17,8.17,0.0,0,0.0,0.0,0.0,many,SR,2
0,196,8566,8564,0,30.2376,11.5026,8.5542,8.5542,0.0,1391,863.0,863.0,0.0,-0.03,8.13,8.13,0.0,214,0.0,0.0,0.0,many,SR,2
0,4315,382,381,0,38.9775,14.3761,11.2839,11.2839,0.0,3091,1222.0,1222.0,0.0,14.15,10.17,10.17,0.0,268,0.0,0.0,0.0,many,SR,2
0,2270,3177,1548,0,33.5999,14.2794,8.3845,9.2618,0.0,1170,842.0,990.0,0.0,-2.78,8.01,8.73,0.0,54,0.0,22.0,0.0,many,SR,2
0,4316,3901,3899,0,44.7299,18.3061,12.1327,12.1327,0.0,1609,1332.0,1332.0,0.0,-2.53,10.79,10.79,0.0,77,0.0,0.0,0.0,many,SR,2
0,4321,9464,6567,0,46.1971,17.7864,11.0321,15.0194,0.0,2590,1189.0,1879.0,0.0,5.96,9.98,13.61,0.0,235,0.0,90.0,0.0,many,SR,2
0,4344,8153,8152,0,28.4222,11.7391,7.5986,7.5986,0.0,1187,739.0,739.0,0.0,-0.91,7.43,7.43,0.0,112,0.0,0.0,0.0,many,SR,2
0,2302,6767,3574,0,29.174,10.9235,9.0112,7.6313,0.0,1563,961.0,782.0,0.0,1.94,8.55,7.53,0.0,242,24.0,26.0,0.0,many,SR,2
0,2330,5275,3445,1871,47.7405,19.2154,9.2295,9.2295,7.5956,1494,952.0,952.0,742.0,-6.55,8.64,8.64,7.43,206,0.0,0.0,3.0,many,SR,3
0,2341,5789,5068,0,45.449,16.5602,13.9809,12.5161,0.0,2297,1799.0,1382.0,0.0,2.59,12.84,11.08,0.0,339,132.0,0.0,0.0,many,SR,2
0,4402,9621,2632,0,39.2215,16.6792,10.3262,10.3262,0.0,2467,1095.0,1095.0,0.0,8.9,9.45,9.45,0.0,23,0.0,0.0,0.0,many,SR,2
0,318,6877,5286,0,34.3274,13.7776,9.3481,9.4412,0.0,1343,1008.0,980.0,0.0,-1.74,8.81,8.8,0.0,141,26.0,0.0,0.0,many,SR,2
0,2387,9188,7936,0,60.8792,24.319,16.769,16.778,0.0,2472,1987.0,2164.0,0.0,-1.16,14.86,15.27,0.0,191,0.0,111.0,0.0,many,SR,2
0,2439,9225,191,0,43.7074,17.7297,9.3496,14.4276,0.0,1879,968.0,1879.0,0.0,-0.08,8.73,13.28,0.0,142,0.0,143.0,0.0,many,SR,2
0,2452,6623,6153,0,44.3162,18.3978,11.591,12.186,0.0,1432,1262.0,1432.0,0.0,-4.24,10.4,11.02,0.0,60,0.0,60.0,0.0,many,SR,2
0,408,4978,537,0,34.5047,14.6494,9.231,8.9023,0.0,2633,954.0,998.0,0.0,12.15,8.64,8.58,0.0,58,1.0,57.0,0.0,many,SR,2
0,410,5572,1996,0,32.622,13.1263,8.9086,8.9071,0.0,1746,911.0,910.0,0.0,3.21,8.4,8.4,0.0,136,1.0,0.0,0.0,many,SR,2
0,433,8658,2556,0,75.3321,31.8581,14.4017,25.5249,0.0,3250,1648.0,3245.0,0.0,2.2,12.72,22.75,0.0,5,0.0,5.0,0.0,many,SR,2
0,2495,7235,7234,0,51.4287,19.0851,14.8586,14.8586,0.0,1960,1713.0,1713.0,0.0,-3.06,13.13,13.13,0.0,311,0.0,0.0,0.0,many,SR,2
0,2504,7972,6580,0,39.6382,16.6198,10.6567,10.4312,0.0,1331,1179.0,1109.0,0.0,-3.4,9.78,9.53,0.0,52,26.0,0.0,0.0,many,SR,2
0,465,9634,5565,0,35.8164,14.0123,8.3374,11.6235,0.0,1502,849.0,1273.0,0.0,-0.82,8.0,10.43,0.0,176,9.0,5.0,0.0,many,SR,2
0,2526,4927,2566,0,47.4935,20.0687,12.7301,12.4665,0.0,1410,1410.0,1376.0,0.0,-5.25,11.24,11.04,0.0,-1,-1.0,0.0,0.0,many,SR,2
0,2533,8038,4942,0,35.6495,15.3274,7.9801,10.5975,0.0,1171,789.0,1171.0,0.0,-3.41,7.71,9.73,0.0,26,0.0,26.0,0.0,many,SR,2
0,2540,9653,7813,0,35.1612,15.2129,7.7588,10.4733,0.0,1154,760.0,1140.0,0.0,-3.33,7.55,9.61,0.0,16,0.0,16.0,0.0,many,SR,2
0,4592,8072,1071,0,59.6885,24.3278,16.3753,16.09,0.0,2174,2019.0,1890.0,0.0,-3.23,14.71,14.25,0.0,118,56.0,0.0,0.0,many,SR,2
0,2551,3124,1499,0,34.3558,14.6693,8.0411,9.9524,0.0,2011,797.0,1046.0,0.0,5.88,7.76,9.17,0.0,39,0.0,0.0,0.0,many,SR,2
0,2571,6175,3135,0,48.1599,18.1872,14.9787,12.5126,0.0,2218,1740.0,1602.0,0.0,0.96,13.26,11.55,0.0,283,6.0,140.0,0.0,many,SR,2
0,4618,701,700,0,35.3307,12.7469,10.3453,10.3453,0.0,2360,1098.0,1098.0,0.0,7.74,9.47,9.47,0.0,293,0.0,0.0,0.0,many,SR,2
0,4623,7400,5430,0,32.703,11.6098,9.651,9.651,0.0,1851,1008.0,1008.0,0.0,3.32,8.96,8.96,0.0,308,0.0,0.0,0.0,many,SR,2
0,534,8856,3849,0,37.3085,14.5758,10.4895,10.311,0.0,1457,1272.0,1093.0,0.0,-2.09,9.89,9.44,0.0,192,100.0,0.0,0.0,many,SR,2
0,2594,8907,7976,0,28.6679,11.401,7.7526,7.9743,0.0,1221,835.0,788.0,0.0,-1.04,7.69,7.71,0.0,168,50.0,0.0,0.0,many,SR,2
0,4650,8312,7828,0,30.7632,10.4454,8.2147,10.3591,0.0,2164,860.0,1099.0,0.0,7.03,7.96,9.48,0.0,358,27.0,-1.0,0.0,many,SR,2
0,4665,9570,8246,0,45.0954,18.9042,16.5315,7.4574,0.0,2572,1977.0,720.0,0.0,7.19,14.7,7.32,0.0,63,15.0,0.0,0.0,many,SR,2
0,581,5925,1246,0,38.3997,15.8613,9.0397,11.6062,0.0,1587,940.0,1263.0,0.0,-0.37,8.52,10.4,0.0,80,8.0,0.0,0.0,many,SR,2
0,4694,872,869,0,70.8229,28.4535,19.457,19.457,0.0,2850,2371.0,2371.0,0.0,-1.17,17.28,17.28,0.0,181,0.0,0.0,0.0,many,SR,2
0,4704,8436,2407,0,47.2348,18.2051,10.5228,16.0843,0.0,2980,1122.0,2054.0,0.0,9.49,9.6,14.63,0.0,246,0.0,104.0,0.0,many,SR,2
0,2660,5205,3094,0,35.5454,15.4265,10.0892,8.3043,0.0,1076,1076.0,831.0,0.0,-4.23,9.3,7.95,0.0,7,7.0,0.0,0.0,many,SR,2
0,4727,2647,2279,0,35.0435,14.0186,10.07,9.1207,0.0,1326,1325.0,937.0,0.0,-2.58,9.79,8.55,0.0,170,170.0,0.0,0.0,many,SR,2
0,640,8687,4708,0,42.6604,15.6644,12.3364,12.4597,0.0,1964,1361.0,1380.0,0.0,0.82,10.95,11.05,0.0,282,1.0,3.0,0.0,many,SR,2
0,649,5112,12,0,49.1239,18.9393,8.7785,18.8326,0.0,2787,913.0,2570.0,0.0,6.1,8.34,17.39,0.0,288,13.0,181.0,0.0,many,SR,2
0,4757,7900,1082,0,52.7018,20.9568,15.7583,13.3521,0.0,2263,1862.0,1744.0,0.0,0.05,13.99,12.36,0.0,188,13.0,154.0,0.0,many,SR,2
0,2718,5649,5189,0,41.9181,17.0887,13.0125,9.7455,0.0,2031,1449.0,1132.0,0.0,2.68,11.47,9.24,0.0,106,0.0,73.0,0.0,many,SR,2
0,675,8713,8543,0,50.7651,20.9876,17.4866,9.8189,0.0,2408,2148.0,1030.0,0.0,3.04,15.64,9.08,0.0,86,37.0,0.0,0.0,many,SR,2
0,4787,7743,1356,0,37.9274,13.8691,13.0938,8.9452,0.0,2390,1555.0,915.0,0.0,6.92,11.76,8.43,0.0,294,59.0,0.0,0.0,many,SR,2
0,2759,5854,5301,0,36.9537,15.8461,11.5828,7.732,0.0,1326,1271.0,755.0,0.0,-2.21,10.41,7.52,0.0,20,7.0,0.0,0.0,many,SR,2
0,2791,6867,2438,0,33.8798,14.814,9.7181,7.6977,0.0,1111,1015.0,751.0,0.0,-3.18,9.0,7.5,0.0,3,-1.0,0.0,0.0,many,SR,2
0,778,4353,1503,0,42.1322,16.7611,10.374,12.8497,0.0,1706,1102.0,1706.0,0.0,-1.41,9.49,11.99,0.0,175,0.0,175.0,0.0,many,SR,2
0,829,9419,6468,0,31.6476,12.9632,8.5332,8.5047,0.0,2078,978.0,864.0,0.0,7.0,8.35,8.11,0.0,127,76.0,5.0,0.0,many,SR,2
0,2884,2764,1554,0,51.1115,19.8142,13.4125,15.3252,0.0,2259,1537.0,1840.0,0.0,0.68,11.9,13.69,0.0,220,19.0,38.0,0.0,many,SR,2
0,2893,7975,6781,0,37.0221,14.0069,10.0446,11.0004,0.0,1563,1072.0,1424.0,0.0,-1.32,9.27,10.44,0.0,254,9.0,155.0,0.0,many,SR,2
0,2895,6647,3246,0,46.8018,19.5164,13.99,11.0528,0.0,1931,1603.0,1217.0,0.0,0.09,12.38,10.04,0.0,46,9.0,17.0,0.0,many,SR,2
0,4944,9729,2611,0,37.336,15.2239,12.3793,7.8656,0.0,1705,1396.0,774.0,0.0,1.1,11.04,7.63,0.0,108,20.0,0.0,0.0,many,SR,2
0,4954,7395,3753,0,29.1577,12.2215,7.6977,7.71,0.0,1808,751.0,892.0,0.0,5.23,7.5,7.79,0.0,105,0.0,90.0,0.0,many,SR,2
0,4962,2481,2480,0,43.9614,16.1567,12.7755,12.7755,0.0,2199,1416.0,1416.0,0.0,2.81,11.27,11.27,0.0,282,0.0,0.0,0.0,many,SR,2
0,4982,9756,2010,0,34.566,12.6617,10.1031,9.9495,0.0,2562,1066.0,1076.0,0.0,10.24,9.28,9.23,0.0,273,0.0,19.0,0.0,many,SR,2
0,892,9429,7354,0,43.2052,18.1337,14.0717,8.8976,0.0,1691,1687.0,909.0,0.0,-1.16,12.63,8.39,0.0,54,54.0,0.0,0.0,many,SR,2
0,4991,7643,3637,0,47.1145,16.5453,10.2397,17.6575,0.0,3464,1088.0,2823.0,0.0,12.32,9.4,17.32,0.0,512,2.0,445.0,0.0,many,SR,2
0,905,6798,5017,0,30.5292,12.0158,7.8408,9.0034,0.0,1275,770.0,1229.0,0.0,-1.64,7.61,9.09,0.0,205,0.0,198.0,0.0,many,SR,2
0,2976,6524,6416,0,31.7935,13.744,7.5759,8.8787,0.0,1304,785.0,938.0,0.0,-0.66,7.51,8.44,0.0,42,32.0,21.0,0.0,many,SR,2
0,943,8420,4750,0,55.646,20.1493,18.4445,14.1656,0.0,2935,2225.0,1614.0,0.0,4.84,16.36,12.51,0.0,398,0.0,0.0,0.0,many,SR,2
0,3023,8481,3838,0,40.6796,15.5158,11.1681,11.9206,0.0,2082,1220.0,1307.0,0.0,3.18,10.11,10.65,0.0,216,9.0,1.0,0.0,many,SR,2
0,998,5741,5740,0,60.7725,23.4503,17.1419,17.1419,0.0,2910,2040.0,2040.0,0.0,3.21,15.19,15.19,0.0,266,0.0,0.0,0.0,many,SR,2
0,3060,4066,74,0,31.7611,13.1041,7.652,9.3739,0.0,1215,745.0,1023.0,0.0,-1.92,7.46,8.85,0.0,108,0.0,34.0,0.0,many,SR,2
0,1025,4390,1165,0,32.5169,11.2572,9.7521,9.7063,0.0,2049,1020.0,1014.0,0.0,5.3,9.02,8.99,0.0,338,0.0,0.0,0.0,many,SR,2
0,3114,2266,580,0,49.174,20.5991,13.7394,12.5065,0.0,1593,1593.0,1381.0,0.0,-4.23,12.22,11.07,0.0,25,25.0,0.0,0.0,many,SR,2
0,1082,1024,211,0,35.7505,15.2079,8.1808,10.6058,0.0,2590,821.0,1145.0,0.0,11.39,7.87,9.69,0.0,41,4.0,8.0,0.0,many,SR,2
0,3175,5906,5055,0,29.8971,12.2054,8.0659,8.0712,0.0,1235,799.0,801.0,0.0,-1.02,7.77,7.78,0.0,122,0.0,1.0,0.0,many,SR,2
0,1140,5530,5529,0,37.6576,15.176,10.2977,10.2977,0.0,1948,1092.0,1092.0,0.0,3.48,9.43,9.43,0.0,123,0.0,0.0,0.0,many,SR,2
0,3217,6407,4553,0,73.4719,29.9609,22.6129,17.2914,0.0,3093,3093.0,2060.0,0.0,0.02,20.75,15.32,0.0,171,171.0,0.0,0.0,many,SR,2
0,1174,6424,1064,0,45.6221,18.9403,10.3835,14.088,0.0,1684,1104.0,1671.0,0.0,-2.21,9.5,12.6,0.0,65,0.0,42.0,0.0,many,SR,2
0,1296,6512,15,0,41.9385,15.9632,12.6973,11.1236,0.0,2087,1534.0,1201.0,0.0,2.52,11.49,10.05,0.0,234,81.0,0.0,0.0,many,SR,2
0,3344,1903,1902,0,54.7816,21.6941,15.1997,15.1997,0.0,2077,1762.0,1762.0,0.0,-2.38,13.44,13.44,0.0,171,0.0,0.0,0.0,many,SR,2
0,1300,9879,5963,0,30.1044,11.651,8.86,7.9689,0.0,1360,994.0,785.0,0.0,-0.34,8.55,7.7,0.0,203,58.0,-1.0,0.0,many,SR,2
0,1315,626,625,0,49.1675,17.0643,14.7485,14.7485,0.0,3571,1697.0,1697.0,0.0,14.04,13.03,13.03,0.0,436,0.0,0.0,0.0,many,SR,2
0,3365,7449,2612,0,34.1268,14.0841,8.5866,9.7326,0.0,1594,867.0,1053.0,0.0,1.22,8.16,9.08,0.0,98,0.0,23.0,0.0,many,SR,2
0,1387,5904,5903,0,27.0065,10.5856,7.4765,7.4765,0.0,1289,723.0,723.0,0.0,0.32,7.34,7.34,0.0,179,0.0,0.0,0.0,many,SR,2
0,3436,9490,2804,0,30.8812,12.3761,7.7695,9.0823,0.0,1190,764.0,1153.0,0.0,-2.38,7.56,8.97,0.0,171,2.0,142.0,0.0,many,SR,2
0,1406,4128,2044,0,34.8454,13.5763,11.0508,8.3825,0.0,1648,1369.0,841.0,0.0,0.78,10.35,8.01,0.0,201,115.0,0.0,0.0,many,SR,2
0,3484,9744,408,0,31.2109,13.3452,7.7225,8.5635,0.0,1358,754.0,933.0,0.0,0.04,7.52,8.28,0.0,60,0.0,44.0,0.0,many,SR,2
0,1439,2846,2845,0,52.9214,21.4132,14.4749,14.4749,0.0,2911,1659.0,1659.0,0.0,7.54,12.79,12.79,0.0,110,0.0,0.0,0.0,many,SR,2
0,1470,7773,528,0,32.7516,14.1486,8.0376,8.9399,0.0,1252,795.0,954.0,0.0,-1.48,7.75,8.5,0.0,33,-1.0,26.0,0.0,many,SR,2
0,1484,5453,4703,0,38.4809,15.6851,10.5949,10.292,0.0,2237,1133.0,1092.0,0.0,6.31,9.66,9.43,0.0,102,1.0,0.0,0.0,many,SR,2
0,3542,4680,4679,0,44.9917,17.535,12.6134,12.6134,0.0,1719,1395.0,1395.0,0.0,-2.02,11.15,11.15,0.0,173,0.0,0.0,0.0,many,SR,2
0,3546,7767,3215,0,32.7323,13.399,8.8556,8.8073,0.0,1460,903.0,907.0,0.0,0.3,8.36,8.34,0.0,112,0.0,7.0,0.0,many,SR,2
0,1518,7858,5578,0,39.8593,15.9098,10.9806,10.9806,0.0,2849,1182.0,1182.0,0.0,12.02,9.94,9.94,0.0,136,0.0,0.0,0.0,many,SR,2
0,1524,2468,2467,0,48.0175,15.815,14.7937,14.7937,0.0,4465,1704.0,1704.0,0.0,23.35,13.08,13.08,0.0,527,0.0,0.0,0.0,many,SR,2
0,1552,7507,3042,2050,58.0942,24.5069,11.5548,11.7362,7.4498,1383,1323.0,1355.0,719.0,-11.1,10.5,10.65,7.32,76,43.0,48.0,0.0,many,SR,3
0,1609,9788,9787,0,30.0411,12.4411,8.0258,8.0258,0.0,1371,794.0,794.0,0.0,0.46,7.74,7.74,0.0,102,0.0,0.0,0.0,many,SR,2
0,1620,6498,6497,0,41.7911,15.4241,12.106,12.106,0.0,2307,1329.0,1329.0,0.0,4.83,10.78,10.78,0.0,271,0.0,0.0,0.0,many,SR,2
0,1636,1405,64,0,39.3689,14.2473,9.699,13.3329,0.0,2033,1046.0,1532.0,0.0,2.54,9.05,11.85,0.0,311,21.0,23.0,0.0,many,SR,2
0,3724,6423,6393,0,38.1601,16.4386,10.1371,9.7502,0.0,1772,1072.0,1021.0,0.0,2.1,9.31,9.03,0.0,5,1.0,0.0,0.0,many,SR,2
0,3785,9135,6043,0,35.0418,13.3161,9.5308,10.3606,0.0,2378,991.0,1101.0,0.0,8.46,8.86,9.48,0.0,218,0.0,0.0,0.0,many,SR,2
0,1780,9620,1652,0,34.6229,13.9568,10.6412,8.2547,0.0,1373,1187.0,824.0,0.0,-1.51,9.79,7.91,0.0,135,32.0,0.0,0.0,many,SR,2
0,1784,6350,633,0,38.5139,15.369,10.784,10.3816,0.0,1421,1408.0,1103.0,0.0,-2.89,10.3,9.49,0.0,167,163.0,0.0,0.0,many,SR,2
0,1820,9757,7677,0,68.0648,27.6466,17.8349,19.2306,0.0,2613,2139.0,2613.0,0.0,-2.74,15.82,17.71,0.0,173,0.0,173.0,0.0,many,SR,2
0,1862,7271,1421,0,45.8445,17.9665,8.8077,16.7042,0.0,2242,965.0,2150.0,0.0,2.25,8.46,15.2,0.0,227,44.0,109.0,0.0,many,SR,2
0,3938,7737,3900,0,44.0088,17.4112,12.1617,12.249,0.0,1625,1419.0,1348.0,0.0,-2.62,10.99,10.88,0.0,155,53.0,0.0,0.0,many,SR,2
0,3950,7786,2674,0,30.4879,13.5127,7.7359,7.734,0.0,2930,756.0,756.0,0.0,17.22,7.53,7.53,0.0,3,0.0,0.0,0.0,many,SR,2
0,3973,4420,539,0,38.7549,16.3272,10.3196,10.2195,0.0,2687,1125.0,1082.0,0.0,11.22,9.51,9.37,0.0,46,19.0,0.0,0.0,many,SR,2
0,1937,1573,1572,0,64.4085,25.9074,17.6828,17.6828,0.0,2296,2117.0,2117.0,0.0,-4.11,15.68,15.68,0.0,158,0.0,0.0,0.0,many,SR,2
0,1945,4340,199,0,49.5467,19.6948,17.007,10.3877,0.0,2375,2021.0,1103.0,0.0,2.82,15.07,9.5,0.0,165,0.0,-1.0,0.0,many,SR,2
0,3995,2033,1415,0,33.9339,11.8746,9.1799,11.0214,0.0,2159,946.0,1191.0,0.0,5.95,8.6,9.98,0.0,331,0.0,3.0,0.0,many,SR,2
0,4043,7402,2489,0,45.632,18.1832,13.2262,11.9858,0.0,1593,1487.0,1313.0,0.0,-3.4,11.68,10.68,0.0,133,4.0,0.0,0.0,many,SR,2
0,4055,8508,2574,292,48.9807,20.1484,8.9308,8.703,8.703,1282,935.0,883.0,883.0,-9.0,8.46,8.25,8.25,158,14.0,0.0,0.0,many,SR,3
0,2022,3716,3236,0,29.1569,11.5048,7.774,8.3195,0.0,2388,779.0,849.0,0.0,11.05,7.59,7.99,0.0,172,11.0,11.0,0.0,many,SR,2
1,176,6715,0,0,13.6887,4.5142,8.5789,0.0,0.0,1129,1308.0,0.0,0.0,6.49,8.96,0.0,0.0,58,290.0,0.0,0.0,one,RT,1
1,269,4965,0,0,27.313,5.9694,20.6724,0.0,0.0,1034,2610.0,0.0,0.0,4.82,11.71,0.0,0.0,5,431.0,0.0,0.0,one,TR,1
1,3864,8064,0,0,18.4836,3.8133,14.1645,0.0,0.0,1113,1950.0,0.0,0.0,7.13,9.06,0.0,0.0,51,453.0,0.0,0.0,one,RT,1
1,338,9923,0,0,27.2911,6.7674,19.7563,0.0,0.0,1081,2784.0,0.0,0.0,4.44,12.67,0.0,0.0,10,561.0,0.0,0.0,one,TR,1
1,1950,6965,0,0,21.941,3.6821,17.71,0.0,0.0,1176,2158.0,0.0,0.0,7.41,10.49,0.0,0.0,86,327.0,0.0,0.0,one,RT,1
1,4007,8922,0,0,15.5816,3.5646,11.4475,0.0,0.0,1142,1564.0,0.0,0.0,6.87,8.69,0.0,0.0,107,336.0,0.0,0.0,one,RT,1
1,4014,4972,0,0,10.8356,2.8217,7.3787,0.0,0.0,1640,1244.0,0.0,0.0,11.5,8.35,0.0,0.0,198,345.0,0.0,0.0,one,TR,1
1,3571,5495,0,0,15.9706,2.3849,13.0502,0.0,0.0,1409,1605.0,0.0,0.0,9.97,8.36,0.0,0.0,166,295.0,0.0,0.0,one,TR,1
1,1570,3776,672,0,47.2506,12.6091,15.8639,17.1765,0.0,1799,2319.0,2284.0,0.0,4.48,10.93,11.08,0.0,123,530.0,419.0,0.0,many,RT,2
7,4510,3672,0,0,12.862,3.5017,8.6735,0.0,0.0,1331,1426.0,0.0,0.0,7.79,9.87,0.0,0.0,183,322.0,0.0,0.0,one,TR,1
7,4070,6499,0,0,21.3824,4.4111,16.3305,0.0,0.0,1324,2454.0,0.0,0.0,8.13,10.41,0.0,0.0,93,636.0,0.0,0.0,one,TR,1
9,2691,9079,0,0,19.1457,6.0754,12.3277,0.0,0.0,1229,1591.0,0.0,0.0,6.22,10.43,0.0,0.0,42,207.0,0.0,0.0,one,RT,1
9,2184,8576,0,0,24.2782,8.3062,15.0349,0.0,0.0,1370,2083.0,0.0,0.0,5.95,12.37,0.0,0.0,9,315.0,0.0,0.0,one,RT,1
10,1617,4253,0,0,16.7467,6.7189,9.2604,0.0,0.0,1336,1578.0,0.0,0.0,7.12,10.67,0.0,0.0,13,358.0,0.0,0.0,one,TR,1
10,4313,9772,0,0,20.1448,4.9308,14.3696,0.0,0.0,1502,1879.0,0.0,0.0,8.17,11.44,0.0,0.0,182,251.0,0.0,0.0,one,RT,1
10,749,2968,0,0,25.0479,6.1578,17.8838,0.0,0.0,1597,2771.0,0.0,0.0,7.71,13.06,0.0,0.0,198,636.0,0.0,0.0,one,RT,1
10,1275,5675,0,0,21.5237,5.3223,15.2948,0.0,0.0,1198,2542.0,0.0,0.0,4.42,13.07,0.0,0.0,194,610.0,0.0,0.0,one,RT,1
10,1992,2699,0,0,19.5001,6.9975,11.6186,0.0,0.0,1740,1760.0,0.0,0.0,10.31,11.84,0.0,0.0,66,295.0,0.0,0.0,one,RT,1
10,550,8445,984,0,40.2179,11.327,14.9429,12.573,0.0,2055,2364.0,1410.0,0.0,9.2,10.21,9.54,0.0,72,658.0,106.0,0.0,many,RT,2
10,4318,7931,2110,0,66.8423,9.5946,23.6533,32.4186,0.0,1405,3092.0,2917.0,0.0,4.17,10.89,10.87,0.0,68,675.0,41.0,0.0,many,RT,2
11,1751,9107,0,0,16.0741,4.3764,11.1332,0.0,0.0,1049,1377.0,0.0,0.0,5.93,8.64,0.0,0.0,48,214.0,0.0,0.0,one,RT,1
11,3310,3461,0,0,15.2524,4.5433,10.17,0.0,0.0,1220,1223.0,0.0,0.0,7.96,8.39,0.0,0.0,21,167.0,0.0,0.0,one,TR,1
11,4875,5621,0,0,25.6269,5.9898,18.8012,0.0,0.0,1407,2485.0,0.0,0.0,7.25,12.36,0.0,0.0,105,406.0,0.0,0.0,one,TR,1
11,1413,1960,0,0,24.6544,2.1893,21.8865,0.0,0.0,1623,1922.0,0.0,0.0,11.83,9.79,0.0,0.0,206,-52.0,0.0,0.0,one,RT,1
11,3493,139,0,0,19.367,7.398,11.068,0.0,0.0,1573,2088.0,0.0,0.0,8.41,12.01,0.0,0.0,49,567.0,0.0,0.0,one,TR,1
11,3516,2326,0,0,13.4628,4.7996,8.0832,0.0,0.0,1259,1380.0,0.0,0.0,8.0,8.8,0.0,0.0,29,382.0,0.0,0.0,one,RT,1
11,4661,9228,3233,0,40.9455,5.6484,18.5126,15.8847,0.0,1439,2189.0,1979.0,0.0,7.01,8.46,8.54,0.0,167,421.0,407.0,0.0,many,RT,2
11,693,7496,4902,0,49.0293,8.6169,16.2778,22.9973,0.0,1670,2365.0,1943.0,0.0,7.3,9.78,9.59,0.0,111,607.0,-88.0,0.0,many,TR,2
11,1887,8786,7257,0,72.4743,10.6665,26.1064,34.4273,0.0,1130,3520.0,2826.0,0.0,0.4,13.41,9.33,0.0,55,716.0,-55.0,0.0,many,RT,2
14,1889,5105,0,0,26.8999,6.3142,19.8516,0.0,0.0,1794,2827.0,0.0,0.0,12.23,11.34,0.0,0.0,20,665.0,0.0,0.0,one,TR,1
14,1155,1934,1205,0,56.2307,6.0361,30.7445,18.5832,0.0,1249,3189.0,1729.0,0.0,5.31,9.52,8.15,0.0,121,421.0,84.0,0.0,many,RT,2
15,4021,419,0,0,18.8271,2.0866,16.2121,0.0,0.0,1397,1959.0,0.0,0.0,9.91,9.28,0.0,0.0,182,330.0,0.0,0.0,one,RT,1
18,1834,8341,7391,0,67.4344,9.1042,29.4085,27.7498,0.0,1682,2540.0,2521.0,0.0,7.11,10.76,10.96,0.0,99,-68.0,2.0,0.0,many,TR,2
22,3967,9910,3356,0,42.0923,9.32,15.7146,15.8501,0.0,1158,1663.0,1653.0,0.0,1.29,9.03,9.05,0.0,106,148.0,131.0,0.0,many,RT,2
25,55,4140,0,0,21.1278,4.4989,16.099,0.0,0.0,1050,1355.0,0.0,0.0,6.26,8.3,0.0,0.0,19,-67.0,0.0,0.0,one,RT,1
25,602,4769,0,0,27.6556,6.7276,20.1797,0.0,0.0,1022,1875.0,0.0,0.0,4.0,11.48,0.0,0.0,1,-87.0,0.0,0.0,one,TR,1
25,2774,9930,0,0,36.4831,6.5888,29.0824,0.0,0.0,1132,3892.0,0.0,0.0,4.58,14.12,0.0,0.0,49,788.0,0.0,0.0,one,RT,1
26,3517,2247,1874,1263,100.8154,15.8865,38.4674,23.2714,21.4253,2643,4102.0,2729.0,2603.0,11.87,11.88,10.88,9.88,0,539.0,421.0,488.0,many,TR,3
26,4599,6990,3419,1178,117.4607,15.5945,17.2038,59.4292,23.4141,1949,1988.0,4332.0,2553.0,4.09,8.88,12.88,11.43,53,318.0,-543.0,247.0,many,TR,3
31,1152,620,0,0,22.7045,5.3454,16.7578,0.0,0.0,1018,2562.0,0.0,0.0,5.28,10.01,0.0,0.0,5,716.0,0.0,0.0,one,RT,1
31,2735,9664,956,0,40.4774,7.6465,16.0017,15.9374,0.0,1166,1567.0,1589.0,0.0,4.22,7.42,7.5,0.0,26,150.0,166.0,0.0,many,RT,2
32,3544,7088,2461,0,65.2124,13.0258,33.192,17.5317,0.0,1825,2803.0,2660.0,0.0,6.0,13.38,10.25,0.0,10,-234.0,733.0,0.0,many,RT,2
38,3251,853,0,0,25.7146,8.9666,15.5995,0.0,0.0,2033,2463.0,0.0,0.0,11.01,14.48,0.0,0.0,94,451.0,0.0,0.0,one,RT,1
38,822,9099,0,0,18.4426,4.4636,13.4577,0.0,0.0,1297,1407.0,0.0,0.0,8.93,8.21,0.0,0.0,16,129.0,0.0,0.0,one,TR,1
38,4948,6959,0,0,23.4629,2.4325,20.4751,0.0,0.0,1475,3053.0,0.0,0.0,10.49,10.55,0.0,0.0,175,846.0,0.0,0.0,one,RT,1
38,4703,8597,5167,4602,60.7479,10.9892,19.2038,11.0016,18.2502,1524,1822.0,1349.0,2279.0,4.27,8.48,7.46,8.09,51,101.0,268.0,525.0,many,RT,3
38,2344,6477,600,0,55.2121,5.8109,20.8921,27.6701,0.0,1471,2244.0,1731.0,0.0,7.89,9.19,9.2,0.0,119,284.0,-495.0,0.0,many,RT,2
39,589,2898,0,0,19.3931,4.5226,14.2254,0.0,0.0,1251,1529.0,0.0,0.0,7.33,9.45,0.0,0.0,88,107.0,0.0,0.0,one,TR,1
39,2416,245,0,0,21.2495,6.8979,13.5403,0.0,0.0,1209,2032.0,0.0,0.0,5.39,11.11,0.0,0.0,28,434.0,0.0,0.0,one,RT,1
39,1407,1550,0,0,21.2745,6.0735,14.2914,0.0,0.0,1450,2411.0,0.0,0.0,7.04,12.1,0.0,0.0,144,623.0,0.0,0.0,one,TR,1
42,4100,297,0,0,24.9175,8.1118,15.8072,0.0,0.0,1326,1995.0,0.0,0.0,4.94,12.99,0.0,0.0,60,169.0,0.0,0.0,one,RT,1
42,1610,367,0,0,18.7024,6.0805,11.663,0.0,0.0,1569,1705.0,0.0,0.0,7.84,12.59,0.0,0.0,174,208.0,0.0,0.0,one,RT,1
42,4878,8889,0,0,37.0365,6.9285,29.2112,0.0,0.0,1508,2998.0,0.0,0.0,7.76,13.97,0.0,0.0,78,109.0,0.0,0.0,one,TR,1
42,4939,3141,0,0,31.2544,6.4378,23.6915,0.0,0.0,2110,2881.0,0.0,0.0,12.03,15.25,0.0,0.0,252,262.0,0.0,0.0,one,TR,1
42,2903,8248,0,0,12.8442,1.2549,11.0842,0.0,0.0,1525,1297.0,0.0,0.0,11.47,8.05,0.0,0.0,225,190.0,0.0,0.0,one,RT,1
42,2446,6328,0,0,26.936,8.4792,17.4929,0.0,0.0,1273,2925.0,0.0,0.0,4.69,13.64,0.0,0.0,14,743.0,0.0,0.0,one,RT,1
42,2462,8562,0,0,23.5897,7.5738,14.9855,0.0,0.0,1300,2665.0,0.0,0.0,4.38,13.3,0.0,0.0,116,708.0,0.0,0.0,one,RT,1
43,186,1451,0,0,16.8562,4.7952,11.5291,0.0,0.0,1505,1733.0,0.0,0.0,11.01,9.32,0.0,0.0,0,424.0,0.0,0.0,one,RT,1
43,4832,2983,0,0,15.829,4.607,10.4397,0.0,0.0,1406,1969.0,0.0,0.0,7.72,11.82,0.0,0.0,166,523.0,0.0,0.0,one,RT,1
47,199,5219,0,0,32.6186,5.5402,26.352,0.0,0.0,2699,2178.0,0.0,0.0,21.8,11.26,0.0,0.0,68,-197.0,0.0,0.0,one,TR,1
48,4222,3778,0,0,19.3251,5.9093,12.7552,0.0,0.0,1137,1777.0,0.0,0.0,5.99,9.61,0.0,0.0,3,371.0,0.0,0.0,one,RT,1
48,2244,5399,0,0,21.904,5.65,15.1748,0.0,0.0,1698,2789.0,0.0,0.0,8.12,13.79,0.0,0.0,277,763.0,0.0,0.0,one,RT,1
48,2687,4709,0,0,27.0727,6.515,19.4269,0.0,0.0,1671,2978.0,0.0,0.0,7.37,15.31,0.0,0.0,250,577.0,0.0,0.0,one,RT,1
48,824,9940,6605,0,36.0239,3.619,15.7395,15.8127,0.0,1864,2169.0,1840.0,0.0,11.9,8.32,8.2,0.0,277,572.0,324.0,0.0,many,RT,2
49,2666,3628,0,0,19.6098,7.8259,10.9148,0.0,0.0,1054,1924.0,0.0,0.0,3.24,11.69,0.0,0.0,0,469.0,0.0,0.0,one,TR,1
49,2814,5744,0,0,22.5103,4.1457,17.8574,0.0,0.0,1029,1527.0,0.0,0.0,6.24,9.07,0.0,0.0,29,-81.0,0.0,0.0,one,TR,1
49,3703,9745,0,0,17.1903,6.3526,10.0427,0.0,0.0,1101,1563.0,0.0,0.0,4.41,10.95,0.0,0.0,55,286.0,0.0,0.0,one,TR,1
49,2805,4557,3179,0,53.1852,7.23,24.0552,20.9668,0.0,1554,2316.0,2178.0,0.0,7.92,9.3,9.03,0.0,80,152.0,239.0,0.0,many,RT,2
50,2140,2522,0,0,18.991,2.0205,16.4548,0.0,0.0,1490,2337.0,0.0,0.0,11.0,9.16,0.0,0.0,179,611.0,0.0,0.0,one,RT,1
50,551,6856,0,0,12.2785,5.7329,5.8312,0.0,0.0,1085,1131.0,0.0,0.0,4.96,9.14,0.0,0.0,48,302.0,0.0,0.0,one,TR,1
50,2604,1069,0,0,12.1763,1.8434,9.8271,0.0,0.0,1340,1325.0,0.0,0.0,9.52,8.06,0.0,0.0,185,283.0,0.0,0.0,one,RT,1
50,2704,7397,0,0,23.188,2.8471,19.6654,0.0,0.0,1329,1829.0,0.0,0.0,7.88,10.75,0.0,0.0,221,-51.0,0.0,0.0,one,TR,1
50,1284,7020,0,0,19.4315,3.031,15.7427,0.0,0.0,1298,2192.0,0.0,0.0,7.71,10.58,0.0,0.0,197,460.0,0.0,0.0,one,TR,1
50,1909,8657,0,0,31.4981,9.698,20.3371,0.0,0.0,2159,3227.0,0.0,0.0,9.5,18.63,0.0,0.0,237,524.0,0.0,0.0,one,RT,1
50,2087,6368,6367,838,133.3157,11.114,40.3202,40.3202,40.316,1948,3241.0,3241.0,3241.0,9.25,10.15,10.15,10.15,7,-124.0,-124.0,-123.0,many,RT,3
50,4325,6360,1264,0,34.0292,8.8768,12.5046,11.6567,0.0,1278,1307.0,1463.0,0.0,4.5,7.41,8.5,0.0,3,153.0,258.0,0.0,many,RT,2
50,4397,4234,3155,858,56.5361,11.2173,15.2352,8.3157,19.9731,2335,2283.0,1044.0,1923.0,8.37,9.03,7.98,9.94,337,647.0,160.0,50.0,many,RT,3
50,2478,8446,768,0,39.4024,5.7383,15.2525,17.5068,0.0,1181,2104.0,1968.0,0.0,4.26,8.5,8.55,0.0,164,540.0,305.0,0.0,many,RT,2
50,457,5385,3980,0,31.0783,8.5536,10.5998,10.8833,0.0,1201,1026.0,862.0,0.0,3.24,7.21,7.21,0.0,56,60.0,-81.0,0.0,many,TR,2
50,611,6380,4240,1771,57.9773,9.754,19.0478,16.5224,11.0863,2097,1658.0,1691.0,1719.0,7.92,7.63,8.62,9.42,297,33.0,146.0,433.0,many,RT,3
50,3329,7776,7775,5559,45.3948,6.8328,12.3824,12.3824,12.5412,2412,1671.0,1671.0,1473.0,14.02,8.25,8.25,7.06,305,389.0,389.0,297.0,many,RT,3
50,1292,9816,8433,0,42.3181,6.212,16.4787,18.5548,0.0,1533,2232.0,2489.0,0.0,6.44,9.42,9.31,0.0,235,515.0,598.0,0.0,many,RT,2
50,3495,8716,3617,3448,74.0467,9.8635,11.9227,10.8798,40.1327,1205,1467.0,1414.0,3285.0,1.42,7.17,7.16,10.15,94,322.0,342.0,-79.0,many,RT,3
50,1678,4997,1880,0,43.3049,7.8982,14.7892,19.6894,0.0,1367,1825.0,1781.0,0.0,6.0,7.15,9.13,0.0,31,432.0,4.0,0.0,many,RT,2
52,4669,193,0,0,20.0937,7.077,12.1276,0.0,0.0,1298,2170.0,0.0,0.0,5.63,11.89,0.0,0.0,63,575.0,0.0,0.0,one,RT,1
52,3856,7030,0,0,14.7591,4.7572,9.3547,0.0,0.0,1779,1582.0,0.0,0.0,12.85,9.47,0.0,0.0,73,425.0,0.0,0.0,one,RT,1
52,891,8746,0,0,12.8881,3.3445,8.9282,0.0,0.0,1429,1465.0,0.0,0.0,9.47,9.15,0.0,0.0,150,378.0,0.0,0.0,one,TR,1
53,2333,8071,2683,0,48.0668,4.2807,13.9516,28.9058,0.0,1776,1945.0,2996.0,0.0,10.29,8.53,9.75,0.0,278,492.0,366.0,0.0,many,RT,2
66,4223,6792,0,0,22.0429,3.6065,17.7821,0.0,0.0,1540,2846.0,0.0,0.0,10.28,11.54,0.0,0.0,156,786.0,0.0,0.0,one,TR,1
66,3640,8656,0,0,16.9866,3.217,13.0998,0.0,0.0,1428,1939.0,0.0,0.0,8.97,10.7,0.0,0.0,192,412.0,0.0,0.0,one,TR,1
66,4271,5550,4331,0,59.6828,8.9501,15.2506,34.4463,0.0,1342,1773.0,2752.0,0.0,4.77,7.95,10.41,0.0,26,320.0,-174.0,0.0,many,RT,2
67,1598,9986,351,0,77.1848,12.1676,40.5677,22.8614,0.0,2669,3762.0,3098.0,0.0,13.73,12.34,13.55,0.0,145,134.0,573.0,0.0,many,TR,2
69,2612,8540,0,0,13.3948,4.3646,8.5158,0.0,0.0,1439,1372.0,0.0,0.0,10.48,8.14,0.0,0.0,18,389.0,0.0,0.0,one,RT,1
69,790,7733,7455,0,31.0797,6.0298,13.466,10.7266,0.0,1225,1406.0,1374.0,0.0,5.15,7.19,7.39,0.0,115,186.0,307.0,0.0,many,RT,2
72,3887,7525,0,0,18.1632,2.9832,14.5569,0.0,0.0,1444,2291.0,0.0,0.0,9.55,10.23,0.0,0.0,179,623.0,0.0,0.0,one,RT,1
72,2706,8423,2087,0,30.0988,7.747,9.0084,12.3138,0.0,1450,1083.0,1487.0,0.0,5.96,7.16,8.14,0.0,104,197.0,259.0,0.0,many,RT,2
72,3169,9992,7315,0,40.5891,7.6149,21.323,10.5672,0.0,1527,2924.0,1344.0,0.0,6.28,10.42,7.42,0.0,146,707.0,292.0,0.0,many,TR,2
78,4453,6304,0,0,17.2323,2.997,13.5655,0.0,0.0,1577,1994.0,0.0,0.0,10.53,10.7,0.0,0.0,207,427.0,0.0,0.0,one,TR,1
78,1916,313,0,0,18.5314,4.5246,13.407,0.0,0.0,1114,1744.0,0.0,0.0,6.3,10.0,0.0,0.0,60,286.0,0.0,0.0,one,RT,1
78,4574,8769,0,0,15.537,6.1697,8.5172,0.0,0.0,1122,1773.0,0.0,0.0,4.13,11.5,0.0,0.0,101,502.0,0.0,0.0,one,TR,1
79,1549,3245,0,0,21.9855,2.3239,19.0378,0.0,0.0,1424,2142.0,0.0,0.0,9.34,11.24,0.0,0.0,225,196.0,0.0,0.0,one,TR,1
79,2379,5024,0,0,27.5004,8.2993,18.1735,0.0,0.0,1579,2903.0,0.0,0.0,7.33,13.28,0.0,0.0,65,708.0,0.0,0.0,one,RT,1
79,875,2093,0,0,18.8371,2.5216,15.7588,0.0,0.0,1751,2332.0,0.0,0.0,13.38,9.57,0.0,0.0,170,624.0,0.0,0.0,one,RT,1
79,1906,6501,0,0,19.2385,3.7826,14.7782,0.0,0.0,1844,2205.0,0.0,0.0,13.26,10.78,0.0,0.0,158,514.0,0.0,0.0,one,RT,1
79,1118,9074,7509,0,58.4372,14.382,23.6646,18.6041,0.0,2397,3527.0,2859.0,0.0,9.09,12.96,12.91,0.0,116,887.0,671.0,0.0,many,RT,2
79,2161,8963,3561,3560,55.7346,9.1569,12.033,16.6049,16.6049,1635,1352.0,2069.0,2069.0,5.15,7.39,8.48,8.48,195,216.0,437.0,437.0,many,RT,3
79,4750,9370,6540,3471,60.2097,11.0036,16.0236,15.7155,15.9143,2963,1689.0,1707.0,1740.0,17.14,9.25,9.17,8.11,203,137.0,173.0,248.0,many,RT,3
79,4879,9152,8020,4380,65.1353,11.369,21.5069,15.8338,14.8644,1328,3061.0,1785.0,1740.0,-0.11,9.25,8.25,8.11,183,868.0,278.0,308.0,many,RT,3
85,1228,8116,6039,0,49.5592,12.1639,16.3042,19.6113,0.0,1428,2354.0,2429.0,0.0,1.68,9.93,11.87,0.0,79,589.0,345.0,0.0,many,RT,2
85,1448,5493,4090,0,39.4639,8.8272,7.8868,21.6511,0.0,1112,1198.0,2800.0,0.0,1.79,7.67,9.32,0.0,73,320.0,657.0,0.0,many,RT,2
85,1657,6148,1570,0,72.5532,13.1723,45.815,12.0062,0.0,1906,3460.0,1971.0,0.0,5.98,14.02,10.58,0.0,59,-493.0,506.0,0.0,many,RT,2
86,2220,6802,0,0,26.6818,3.7356,22.3294,0.0,0.0,1607,2065.0,0.0,0.0,11.32,10.17,0.0,0.0,124,10.0,0.0,0.0,one,TR,1
86,3797,2465,0,0,21.2028,4.1137,16.4667,0.0,0.0,1893,1786.0,0.0,0.0,14.27,9.22,0.0,0.0,102,187.0,0.0,0.0,one,TR,1
86,4342,1041,0,0,10.2639,1.6765,7.9685,0.0,0.0,2004,1303.0,0.0,0.0,15.47,9.19,0.0,0.0,266,308.0,0.0,0.0,one,RT,1
86,4401,9982,0,0,27.4009,4.7515,21.9916,0.0,0.0,1543,2526.0,0.0,0.0,10.28,10.58,0.0,0.0,80,357.0,0.0,0.0,one,RT,1
86,1010,2801,0,0,13.5092,4.1449,8.785,0.0,0.0,1489,1033.0,0.0,0.0,10.42,8.79,0.0,0.0,73,78.0,0.0,0.0,one,RT,1
88,4581,4952,0,0,13.9517,3.9609,9.3479,0.0,0.0,1172,1149.0,0.0,0.0,6.52,9.43,0.0,0.0,125,98.0,0.0,0.0,one,RT,1
88,2616,1031,0,0,24.3261,3.8021,19.8979,0.0,0.0,1184,2313.0,0.0,0.0,6.8,10.26,0.0,0.0,125,333.0,0.0,0.0,one,RT,1
88,4855,7609,0,0,11.4142,3.8807,7.0128,0.0,0.0,1175,1152.0,0.0,0.0,7.65,8.21,0.0,0.0,55,304.0,0.0,0.0,one,RT,1
88,3065,2439,0,0,24.2385,4.5224,19.0752,0.0,0.0,1144,2289.0,0.0,0.0,6.24,10.41,0.0,0.0,85,353.0,0.0,0.0,one,RT,1
88,1145,7380,0,0,20.1567,1.4956,18.1285,0.0,0.0,1351,1950.0,0.0,0.0,9.39,9.33,0.0,0.0,225,211.0,0.0,0.0,one,RT,1
88,1404,2659,0,0,23.2403,3.5676,19.0927,0.0,0.0,1915,2502.0,0.0,0.0,14.89,9.8,0.0,0.0,113,549.0,0.0,0.0,one,TR,1
88,1450,3383,0,0,14.5615,3.3565,10.6497,0.0,0.0,1134,1584.0,0.0,0.0,6.91,8.55,0.0,0.0,112,405.0,0.0,0.0,one,RT,1
88,3778,4326,0,0,16.7341,4.4725,11.7296,0.0,0.0,1198,1379.0,0.0,0.0,7.79,8.32,0.0,0.0,22,200.0,0.0,0.0,one,TR,1
88,4461,2738,1482,0,56.714,6.8259,11.3562,37.6548,0.0,1218,1436.0,2807.0,0.0,4.9,7.5,9.27,0.0,73,312.0,-251.0,0.0,many,RT,2
88,2865,6335,6097,0,28.0609,5.2909,12.0256,9.8373,0.0,1678,1652.0,1019.0,0.0,9.45,8.56,7.51,0.0,196,377.0,81.0,0.0,many,RT,2
88,1833,4171,2597,0,25.2919,4.993,11.592,7.7811,0.0,1444,1513.0,954.0,0.0,6.83,7.84,6.41,0.0,228,337.0,212.0,0.0,many,RT,2
92,14,8130,0,0,10.3462,1.2006,8.6363,0.0,0.0,1944,1178.0,0.0,0.0,15.83,8.09,0.0,0.0,231,237.0,0.0,0.0,one,RT,1
92,3450,8200,0,0,33.1683,9.0072,23.0381,0.0,0.0,1458,3191.0,0.0,0.0,5.2,15.23,0.0,0.0,75,537.0,0.0,0.0,one,TR,1
92,3572,9181,8684,0,56.2537,6.8087,18.1812,30.3935,0.0,1344,2542.0,2942.0,0.0,6.28,9.41,9.29,0.0,70,654.0,266.0,0.0,many,RT,2
95,4938,9806,2558,0,77.3605,8.7501,20.5452,46.9268,0.0,2349,3131.0,2998.0,0.0,14.42,10.68,11.7,0.0,102,894.0,-776.0,0.0,many,RT,2
95,404,7428,4971,0,46.3984,9.7501,13.2474,22.1717,0.0,2581,1982.0,2465.0,0.0,16.04,10.16,11.13,0.0,90,467.0,268.0,0.0,many,RT,2
98,3704,4154,3805,0,64.5702,14.9383,29.2496,18.5895,0.0,1748,3493.0,3026.0,0.0,2.22,13.96,11.97,0.0,82,484.0,853.0,0.0,many,RT,2
99,2126,9126,0,0,20.9921,0.5575,19.8905,0.0,0.0,1828,2437.0,0.0,0.0,14.3,10.44,0.0,0.0,296,417.0,0.0,0.0,one,RT,1
101,1526,2330,0,0,21.0735,1.7953,18.7031,0.0,0.0,1647,2134.0,0.0,0.0,12.12,10.75,0.0,0.0,231,237.0,0.0,0.0,one,RT,1
101,3502,9836,9835,0,101.7152,16.6408,41.4948,41.4948,0.0,2744,4253.0,4253.0,0.0,10.05,15.42,15.42,0.0,145,278.0,278.0,0.0,many,TR,2
103,1873,3071,876,0,61.1864,6.3059,24.2501,29.7364,0.0,2692,2557.0,2321.0,0.0,20.22,8.49,9.45,0.0,119,371.0,-178.0,0.0,many,TR,2
106,160,624,0,0,15.468,3.8592,11.052,0.0,0.0,1192,1165.0,0.0,0.0,7.51,8.57,0.0,0.0,79,62.0,0.0,0.0,one,RT,1
109,1582,2797,0,0,19.9115,5.8893,13.2626,0.0,0.0,1425,1971.0,0.0,0.0,8.13,10.6,0.0,0.0,65,433.0,0.0,0.0,one,RT,1
109,3538,8463,0,0,15.1162,3.6376,10.9367,0.0,0.0,1322,1287.0,0.0,0.0,9.0,8.42,0.0,0.0,85,170.0,0.0,0.0,one,TR,1
112,2617,6339,0,0,19.2545,4.7998,13.8096,0.0,0.0,1164,1790.0,0.0,0.0,6.42,9.45,0.0,0.0,69,329.0,0.0,0.0,one,TR,1
112,3146,2456,0,0,14.7254,3.7127,10.4935,0.0,0.0,1099,1505.0,0.0,0.0,6.87,8.19,0.0,0.0,66,374.0,0.0,0.0,one,RT,1
112,3754,1644,0,0,25.2914,5.4441,19.1952,0.0,0.0,1277,1832.0,0.0,0.0,7.54,10.52,0.0,0.0,29,-8.0,0.0,0.0,one,TR,1
114,4233,970,0,0,27.6125,6.9166,19.6429,0.0,0.0,1665,2275.0,0.0,0.0,8.01,13.53,0.0,0.0,175,131.0,0.0,0.0,one,RT,1
114,1266,429,0,0,20.8851,3.7374,16.3174,0.0,0.0,1647,2294.0,0.0,0.0,9.82,12.3,0.0,0.0,255,406.0,0.0,0.0,one,RT,1
114,553,7633,5776,3752,74.1365,12.9633,19.6752,19.8579,19.7358,2232,2618.0,2699.0,2379.0,6.3,10.35,10.35,10.35,285,573.0,624.0,387.0,many,TR,3
114,2938,7239,7204,5452,83.5241,11.9468,18.937,24.9802,25.7559,2239,2614.0,2192.0,2901.0,6.37,10.35,11.35,11.35,354,612.0,-113.0,383.0,many,TR,3
117,4112,7624,0,0,17.696,6.9234,9.9501,0.0,0.0,1209,1758.0,0.0,0.0,5.29,11.23,0.0,0.0,33,424.0,0.0,0.0,one,RT,1
117,4824,8506,0,0,15.0103,3.5215,10.9746,0.0,0.0,1360,1570.0,0.0,0.0,9.65,8.14,0.0,0.0,76,399.0,0.0,0.0,one,RT,1
117,1014,182,0,0,43.2907,4.7592,37.9401,0.0,0.0,1196,2386.0,0.0,0.0,7.24,10.91,0.0,0.0,39,-682.0,0.0,0.0,one,RT,1
117,1042,1428,0,0,23.8311,7.3843,15.6214,0.0,0.0,1753,2540.0,0.0,0.0,10.98,12.25,0.0,0.0,3,636.0,0.0,0.0,one,TR,1
120,866,911,0,0,14.5675,5.6511,8.2077,0.0,0.0,1219,1231.0,0.0,0.0,6.42,9.09,0.0,0.0,50,245.0,0.0,0.0,one,TR,1
120,4535,9770,6718,0,46.4955,7.5744,19.5975,18.3836,0.0,1088,2274.0,2432.0,0.0,2.96,8.71,8.69,0.0,61,409.0,600.0,0.0,many,RT,2
121,395,6432,5669,0,51.5949,10.0525,20.4284,19.8667,0.0,1502,2338.0,2459.0,0.0,4.55,9.25,11.23,0.0,80,379.0,390.0,0.0,many,RT,2
124,4553,9124,0,0,18.0961,6.9549,10.3342,0.0,0.0,1247,1468.0,0.0,0.0,5.83,10.07,0.0,0.0,21,248.0,0.0,0.0,one,TR,1
124,481,2161,0,0,26.2661,7.1563,18.1225,0.0,0.0,1349,3300.0,0.0,0.0,5.28,14.87,0.0,0.0,118,922.0,0.0,0.0,one,TR,1
124,4640,3325,3142,866,60.8245,10.565,15.5549,17.6493,15.5549,1410,2018.0,2573.0,2018.0,1.3,7.93,9.15,7.93,201,490.0,723.0,490.0,many,TR,3
127,2955,6913,0,0,16.0267,4.2327,11.2734,0.0,0.0,1267,1660.0,0.0,0.0,8.62,8.21,0.0,0.0,31,447.0,0.0,0.0,one,TR,1
127,2723,4830,4510,0,51.1228,8.2671,16.9461,24.859,0.0,1468,1375.0,1910.0,0.0,5.96,8.68,8.82,0.0,81,-122.0,-176.0,0.0,many,TR,2
128,425,8668,0,0,34.9851,8.7421,25.0337,0.0,0.0,2597,3028.0,0.0,0.0,16.39,17.09,0.0,0.0,146,192.0,0.0,0.0,one,TR,1
128,3453,2966,0,0,22.5517,4.3061,17.4535,0.0,0.0,2389,2834.0,0.0,0.0,17.96,11.92,0.0,0.0,193,774.0,0.0,0.0,one,TR,1
134,4648,7486,0,0,29.0889,8.9562,19.0846,0.0,0.0,1865,2084.0,0.0,0.0,10.15,14.48,0.0,0.0,33,-37.0,0.0,0.0,one,TR,1
134,1954,5118,0,0,22.1048,7.3949,13.859,0.0,0.0,1507,2539.0,0.0,0.0,8.17,12.51,0.0,0.0,18,722.0,0.0,0.0,one,TR,1
134,3014,2225,0,0,13.8576,2.2278,11.0173,0.0,0.0,1353,1669.0,0.0,0.0,8.69,9.13,0.0,0.0,224,416.0,0.0,0.0,one,RT,1
136,2156,5503,0,0,24.8665,4.9609,19.1941,0.0,0.0,1191,2850.0,0.0,0.0,6.1,11.12,0.0,0.0,99,733.0,0.0,0.0,one,TR,1
136,3213,1284,0,0,29.7744,4.5922,24.4671,0.0,0.0,1416,2500.0,0.0,0.0,8.43,12.15,0.0,0.0,126,105.0,0.0,0.0,one,RT,1
136,2958,7811,0,0,19.0082,4.7012,13.5892,0.0,0.0,1468,2098.0,0.0,0.0,8.95,10.18,0.0,0.0,120,535.0,0.0,0.0,one,RT,1
136,2116,4485,3259,0,54.8226,8.7165,28.4131,16.4185,0.0,1905,3016.0,2271.0,0.0,8.53,11.49,9.25,0.0,188,310.0,558.0,0.0,many,RT,2
136,757,6178,3827,0,79.2351,7.5981,48.1297,22.3553,0.0,1815,4171.0,2697.0,0.0,8.69,11.93,9.59,0.0,189,35.0,523.0,0.0,many,RT,2
140,721,9075,0,0,12.2112,4.4776,7.215,0.0,0.0,1292,1009.0,0.0,0.0,8.9,7.19,0.0,0.0,13,242.0,0.0,0.0,one,TR,1
140,1046,3345,0,0,20.8065,4.8672,15.3487,0.0,0.0,1171,1888.0,0.0,0.0,6.98,8.91,0.0,0.0,31,347.0,0.0,0.0,one,RT,1
140,4498,8677,379,0,32.0235,5.9721,17.4581,7.7104,0.0,1868,2099.0,1125.0,0.0,11.67,8.41,7.41,0.0,135,415.0,289.0,0.0,many,TR,2
140,3404,8455,3050,0,48.121,7.5842,19.6626,19.9961,0.0,1195,1826.0,2036.0,0.0,4.64,8.4,8.38,0.0,22,82.0,224.0,0.0,many,RT,2
147,4722,8816,0,0,20.797,6.4247,13.6544,0.0,0.0,1163,1869.0,0.0,0.0,5.75,10.18,0.0,0.0,3,357.0,0.0,0.0,one,TR,1
147,4972,9248,0,0,24.7183,5.7093,18.2988,0.0,0.0,1113,2364.0,0.0,0.0,5.3,11.1,0.0,0.0,47,415.0,0.0,0.0,one,TR,1
150,2144,2153,0,0,18.247,4.1164,13.2098,0.0,0.0,2023,2166.0,0.0,0.0,12.95,12.21,0.0,0.0,285,492.0,0.0,0.0,one,TR,1
150,3828,4074,0,0,16.802,4.8716,11.1518,0.0,0.0,1748,1919.0,0.0,0.0,11.35,10.79,0.0,0.0,146,503.0,0.0,0.0,one,RT,1
150,4930,5641,0,0,23.5776,4.6174,18.3073,0.0,0.0,1216,1437.0,0.0,0.0,6.89,10.53,0.0,0.0,86,-259.0,0.0,0.0,one,RT,1
150,2453,8110,7947,0,42.3395,6.3756,13.8178,21.0763,0.0,1339,1905.0,3009.0,0.0,4.43,9.04,9.66,0.0,222,440.0,830.0,0.0,many,RT,2
150,3501,704,426,0,40.0797,9.9492,16.0843,12.9083,0.0,1231,1891.0,1728.0,0.0,2.68,9.46,8.92,0.0,20,275.0,364.0,0.0,many,RT,2
151,125,8572,0,0,14.9494,6.1748,8.0616,0.0,0.0,1638,1233.0,0.0,0.0,10.78,9.13,0.0,0.0,17,253.0,0.0,0.0,one,RT,1
151,1741,2924,0,0,21.4605,7.9526,12.621,0.0,0.0,1636,2072.0,0.0,0.0,9.2,11.87,0.0,0.0,2,474.0,0.0,0.0,one,TR,1
151,2408,4990,0,0,31.1761,9.1481,21.0011,0.0,0.0,1788,2749.0,0.0,0.0,9.53,14.27,0.0,0.0,7,372.0,0.0,0.0,one,TR,1
157,2428,942,0,0,10.6425,3.5067,6.4879,0.0,0.0,1214,1098.0,0.0,0.0,6.92,8.48,0.0,0.0,159,277.0,0.0,0.0,one,TR,1
157,2787,7735,0,0,27.6973,9.2262,17.3622,0.0,0.0,1773,2575.0,0.0,0.0,8.64,15.09,0.0,0.0,52,401.0,0.0,0.0,one,RT,1
157,3911,8132,0,0,39.0614,3.7623,34.7883,0.0,0.0,1063,2940.0,0.0,0.0,6.56,10.11,0.0,0.0,57,-34.0,0.0,0.0,one,TR,1
157,3915,2068,0,0,11.3564,0.8674,9.9528,0.0,0.0,1674,982.0,0.0,0.0,12.75,8.36,0.0,0.0,270,-3.0,0.0,0.0,one,RT,1
157,2846,8430,6456,0,27.4528,5.7546,10.4274,10.3519,0.0,1699,962.0,1452.0,0.0,9.57,7.63,7.56,0.0,172,-3.0,378.0,0.0,many,RT,2
160,861,3864,0,0,29.8996,8.1502,20.7607,0.0,0.0,1320,2426.0,0.0,0.0,4.96,13.89,0.0,0.0,51,162.0,0.0,0.0,one,RT,1
160,4079,8288,0,0,27.6778,6.5843,20.353,0.0,0.0,1295,3076.0,0.0,0.0,6.93,12.41,0.0,0.0,6,765.0,0.0,0.0,one,RT,1
160,4660,3396,2672,0,69.9656,14.4651,21.9958,31.8866,0.0,1939,3179.0,3282.0,0.0,5.8,12.53,13.65,0.0,7,742.0,190.0,0.0,many,RT,2
161,344,1223,0,0,12.3967,5.4997,6.2703,0.0,0.0,1023,930.0,0.0,0.0,5.1,8.27,0.0,0.0,10,174.0,0.0,0.0,one,TR,1
161,4706,2367,0,0,20.0993,7.9561,11.1722,0.0,0.0,1218,2113.0,0.0,0.0,4.05,12.71,0.0,0.0,54,540.0,0.0,0.0,one,RT,1
161,1495,881,0,0,23.6737,8.3875,14.342,0.0,0.0,1309,2359.0,0.0,0.0,5.25,12.44,0.0,0.0,8,561.0,0.0,0.0,one,RT,1
161,1749,5488,0,0,19.9595,6.6356,12.437,0.0,0.0,1107,2375.0,0.0,0.0,3.64,12.87,0.0,0.0,92,658.0,0.0,0.0,one,RT,1
164,4634,998,0,0,12.6154,3.2563,8.6667,0.0,0.0,1523,1478.0,0.0,0.0,9.76,8.92,0.0,0.0,203,416.0,0.0,0.0,one,TR,1
164,47,5872,0,0,18.761,3.4113,14.8354,0.0,0.0,1133,2226.0,0.0,0.0,7.27,9.14,0.0,0.0,83,620.0,0.0,0.0,one,TR,1
164,1198,8649,0,0,20.34,7.9353,11.4464,0.0,0.0,1130,2006.0,0.0,0.0,3.24,12.58,0.0,0.0,47,450.0,0.0,0.0,one,TR,1
164,1797,4224,0,0,49.7525,11.1312,37.0228,0.0,0.0,2494,4263.0,0.0,0.0,11.8,20.99,0.0,0.0,222,223.0,0.0,0.0,one,RT,1
164,1955,9365,8767,3139,75.0589,14.8524,16.0975,20.7484,21.5108,1990,2057.0,2866.0,2886.0,4.25,9.11,10.15,11.23,123,421.0,711.0,621.0,many,RT,3
165,1132,8447,0,0,12.5737,4.6345,7.3853,0.0,0.0,1067,1199.0,0.0,0.0,6.22,8.54,0.0,0.0,24,299.0,0.0,0.0,one,RT,1
165,1346,3360,0,0,28.8079,6.4218,21.3713,0.0,0.0,2610,3606.0,0.0,0.0,18.27,15.15,0.0,0.0,185,953.0,0.0,0.0,one,TR,1
166,2801,3516,0,0,20.0061,5.5089,13.8761,0.0,0.0,1091,2268.0,0.0,0.0,5.87,10.21,0.0,0.0,6,646.0,0.0,0.0,one,RT,1
166,885,549,0,0,24.9796,5.0682,19.2995,0.0,0.0,1209,2335.0,0.0,0.0,7.19,10.12,0.0,0.0,30,392.0,0.0,0.0,one,TR,1
166,3144,8186,75,0,51.6485,8.2775,21.0752,21.2736,0.0,1071,1781.0,1685.0,0.0,2.05,9.36,8.86,0.0,63,-88.0,-144.0,0.0,many,RT,2
168,197,4010,0,0,11.1792,2.9008,7.6454,0.0,0.0,1502,1355.0,0.0,0.0,10.07,9.33,0.0,0.0,191,358.0,0.0,0.0,one,RT,1
168,594,7184,0,0,14.6562,3.565,10.521,0.0,0.0,1141,1365.0,0.0,0.0,6.85,8.7,0.0,0.0,107,237.0,0.0,0.0,one,RT,1
168,821,5947,0,0,34.3325,12.9916,19.8019,0.0,0.0,2600,3947.0,0.0,0.0,13.45,19.39,0.0,0.0,59,1060.0,0.0,0.0,one,RT,1
170,603,8724,0,0,19.6262,4.5346,14.2246,0.0,0.0,1712,2438.0,0.0,0.0,10.17,11.67,0.0,0.0,223,672.0,0.0,0.0,one,TR,1
170,4583,4924,0,0,21.4923,6.9086,13.5901,0.0,0.0,1596,1988.0,0.0,0.0,7.82,12.94,0.0,0.0,139,293.0,0.0,0.0,one,TR,1
171,3681,6706,4691,0,55.0809,6.3303,20.7437,27.1735,0.0,2294,2793.0,3184.0,0.0,16.59,9.14,10.19,0.0,80,714.0,583.0,0.0,many,RT,2
175,3954,1904,0,0,22.2846,7.518,13.8034,0.0,0.0,1427,2027.0,0.0,0.0,6.31,12.63,0.0,0.0,79,328.0,0.0,0.0,one,RT,1
176,75,920,0,0,13.1675,3.998,8.6114,0.0,0.0,1170,1222.0,0.0,0.0,7.26,8.58,0.0,0.0,70,244.0,0.0,0.0,one,TR,1
176,4755,9997,0,0,14.5874,4.529,9.4479,0.0,0.0,1217,1258.0,0.0,0.0,7.28,9.1,0.0,0.0,66,194.0,0.0,0.0,one,TR,1
176,2838,5127,0,0,24.5815,3.0408,21.0256,0.0,0.0,1554,2549.0,0.0,0.0,11.68,10.15,0.0,0.0,109,454.0,0.0,0.0,one,RT,1
176,1135,1826,0,0,13.9482,3.3414,10.0939,0.0,0.0,1725,1344.0,0.0,0.0,13.5,9.13,0.0,0.0,87,221.0,0.0,0.0,one,RT,1
176,3539,5459,0,0,13.0333,3.802,8.7163,0.0,0.0,1166,1277.0,0.0,0.0,7.61,8.15,0.0,0.0,57,305.0,0.0,0.0,one,RT,1
176,4355,3103,3102,0,44.332,5.0921,19.2075,19.2075,0.0,1262,2101.0,2101.0,0.0,5.83,9.12,9.12,0.0,159,276.0,276.0,0.0,many,TR,2
176,4474,9945,1617,0,47.4691,8.2643,10.3682,27.8961,0.0,1097,1532.0,3461.0,0.0,3.05,7.79,9.62,0.0,14,425.0,786.0,0.0,many,RT,2
180,4830,7528,1412,0,42.6452,5.75,26.5296,9.4727,0.0,1189,2863.0,1103.0,0.0,4.45,9.46,7.46,0.0,156,417.0,168.0,0.0,many,RT,2
180,1824,2810,773,0,64.0561,6.9565,18.5321,37.5379,0.0,1509,1909.0,3776.0,0.0,6.58,8.15,10.15,0.0,158,224.0,443.0,0.0,many,RT,2
181,2312,5401,0,0,11.5869,3.7498,7.2797,0.0,0.0,1167,875.0,0.0,0.0,7.24,7.57,0.0,0.0,87,114.0,0.0,0.0,one,RT,1
181,664,7812,0,0,12.1707,3.4689,8.1183,0.0,0.0,1464,1283.0,0.0,0.0,10.12,8.84,0.0,0.0,122,304.0,0.0,0.0,one,RT,1
181,2770,8818,0,0,21.1161,2.5242,17.973,0.0,0.0,1291,1798.0,0.0,0.0,7.99,10.19,0.0,0.0,208,55.0,0.0,0.0,one,TR,1
181,3047,1097,0,0,13.7917,2.2428,11.0424,0.0,0.0,1177,1489.0,0.0,0.0,7.8,8.07,0.0,0.0,158,338.0,0.0,0.0,one,RT,1
181,3235,8408,0,0,18.8814,5.7169,12.4727,0.0,0.0,1367,1568.0,0.0,0.0,8.13,9.92,0.0,0.0,35,210.0,0.0,0.0,one,RT,1
181,4013,6173,0,0,14.5444,2.3395,11.6192,0.0,0.0,1520,1692.0,0.0,0.0,10.69,8.86,0.0,0.0,200,414.0,0.0,0.0,one,TR,1
182,52,4088,0,0,20.1038,5.9032,13.511,0.0,0.0,1301,1703.0,0.0,0.0,7.45,9.9,0.0,0.0,21,255.0,0.0,0.0,one,TR,1
182,4820,7901,0,0,19.5525,5.9687,12.88,0.0,0.0,1701,1651.0,0.0,0.0,11.53,10.04,0.0,0.0,25,243.0,0.0,0.0,one,RT,1
184,4658,6222,0,0,15.3586,4.88,9.6505,0.0,0.0,1360,1603.0,0.0,0.0,6.83,11.28,0.0,0.0,176,320.0,0.0,0.0,one,RT,1
184,4736,9847,0,0,24.8293,3.7944,20.3509,0.0,0.0,1392,2930.0,0.0,0.0,8.46,11.84,0.0,0.0,161,686.0,0.0,0.0,one,TR,1
184,4239,3589,0,0,19.028,5.6552,12.558,0.0,0.0,1436,1923.0,0.0,0.0,7.75,11.15,0.0,0.0,115,405.0,0.0,0.0,one,RT,1
184,746,9232,5881,0,51.8039,12.0746,21.6519,16.6957,0.0,1526,2648.0,2271.0,0.0,3.59,10.84,10.98,0.0,25,454.0,443.0,0.0,many,RT,2
184,4414,6170,587,0,28.6899,5.2644,12.1812,10.2521,0.0,1581,1182.0,1442.0,0.0,7.67,8.06,7.86,0.0,250,39.0,359.0,0.0,many,RT,2
184,3406,9132,2565,0,51.6251,8.4673,18.835,23.2977,0.0,1914,2311.0,2554.0,0.0,10.87,10.05,9.2,0.0,52,404.0,382.0,0.0,many,RT,2
184,3056,9863,5056,0,51.9667,10.7656,16.156,23.7609,0.0,1632,2422.0,2741.0,0.0,5.58,10.77,10.07,0.0,54,601.0,448.0,0.0,many,TR,2
186,2982,7683,3534,0,41.2271,3.1692,21.7881,15.4131,0.0,1949,2954.0,1998.0,0.0,12.75,9.34,8.23,0.0,310,765.0,466.0,0.0,many,RT,2
187,1465,783,0,0,19.8555,0.3867,18.9404,0.0,0.0,2341,2775.0,0.0,0.0,19.82,10.28,0.0,0.0,298,738.0,0.0,0.0,one,RT,1
191,1670,7430,0,0,16.6591,3.3845,12.7589,0.0,0.0,1314,1436.0,0.0,0.0,9.16,8.16,0.0,0.0,86,194.0,0.0,0.0,one,RT,1
191,958,5893,3945,0,38.9748,7.0497,15.4602,15.4773,0.0,1338,1813.0,1815.0,0.0,5.16,7.94,7.94,0.0,126,339.0,339.0,0.0,many,RT,2
193,4716,9918,5370,0,58.1401,12.5263,22.6298,21.5076,0.0,2222,2495.0,2892.0,0.0,10.04,11.38,11.38,0.0,52,251.0,617.0,0.0,many,RT,2
195,4137,97,0,0,13.4045,4.6345,8.0676,0.0,0.0,1203,1285.0,0.0,0.0,6.31,9.02,0.0,0.0,115,298.0,0.0,0.0,one,TR,1
195,4326,7562,0,0,20.1347,6.3928,12.9901,0.0,0.0,1077,1954.0,0.0,0.0,4.54,10.52,0.0,0.0,26,440.0,0.0,0.0,one,RT,1
195,4594,6023,0,0,14.4955,2.2916,11.6154,0.0,0.0,1266,1293.0,0.0,0.0,8.0,8.89,0.0,0.0,205,109.0,0.0,0.0,one,RT,1
195,2589,4440,0,0,24.3583,6.7042,16.7007,0.0,0.0,1703,1980.0,0.0,0.0,9.3,12.53,0.0,0.0,128,132.0,0.0,0.0,one,RT,1
197,3695,7255,0,0,28.1588,8.6708,18.4222,0.0,0.0,1449,3308.0,0.0,0.0,5.62,15.66,0.0,0.0,63,866.0,0.0,0.0,one,RT,1
201,4805,9956,3751,0,65.4264,4.0268,26.8387,33.4373,0.0,3013,2829.0,3372.0,0.0,21.52,11.01,12.23,0.0,415,285.0,251.0,0.0,many,RT,2
203,3127,947,0,0,25.4072,5.74,18.6001,0.0,0.0,1730,2387.0,0.0,0.0,8.56,13.67,0.0,0.0,264,268.0,0.0,0.0,one,TR,1
203,3818,8550,0,0,20.7858,4.3976,15.7644,0.0,0.0,1145,2319.0,0.0,0.0,6.41,10.24,0.0,0.0,83,575.0,0.0,0.0,one,RT,1
203,4365,3835,0,0,27.9935,3.5155,23.4893,0.0,0.0,2681,2760.0,0.0,0.0,19.25,13.89,0.0,0.0,367,260.0,0.0,0.0,one,TR,1
203,1459,8634,0,0,15.8531,6.2445,8.8546,0.0,0.0,1123,1532.0,0.0,0.0,5.01,10.54,0.0,0.0,37,354.0,0.0,0.0,one,RT,1
203,1246,7224,7091,0,39.3954,9.033,15.3508,13.9644,0.0,1076,2163.0,1410.0,0.0,1.87,8.24,8.24,0.0,27,595.0,101.0,0.0,many,TR,2
203,288,6841,1591,0,65.0971,15.926,21.6158,25.6117,0.0,2301,2783.0,2745.0,0.0,6.67,13.09,13.35,0.0,107,430.0,158.0,0.0,many,RT,2
205,1230,8352,0,0,34.4777,9.691,23.6318,0.0,0.0,1740,3247.0,0.0,0.0,7.88,15.55,0.0,0.0,48,527.0,0.0,0.0,one,RT,1
205,4308,8510,7242,0,30.9331,5.997,12.9295,11.1226,0.0,1379,1891.0,1681.0,0.0,6.52,8.42,8.42,0.0,134,516.0,459.0,0.0,many,TR,2
208,2060,3275,0,0,17.9895,6.623,10.5186,0.0,0.0,1654,1737.0,0.0,0.0,9.74,11.48,0.0,0.0,69,361.0,0.0,0.0,one,TR,1
208,201,9177,0,0,18.6233,6.5649,11.2076,0.0,0.0,1095,1889.0,0.0,0.0,3.84,11.51,0.0,0.0,75,436.0,0.0,0.0,one,TR,1
210,1792,4015,0,0,25.8085,5.1875,19.8706,0.0,0.0,1865,2238.0,0.0,0.0,12.83,11.5,0.0,0.0,107,206.0,0.0,0.0,one,TR,1
210,1880,802,0,0,24.5797,5.6596,18.0657,0.0,0.0,1757,2025.0,0.0,0.0,10.76,11.54,0.0,0.0,139,145.0,0.0,0.0,one,RT,1
210,4202,1743,1742,0,62.6783,11.0702,25.1574,25.1574,0.0,1880,2706.0,2706.0,0.0,8.1,10.47,10.47,0.0,39,319.0,319.0,0.0,many,TR,2
212,580,2449,0,0,27.6528,5.117,21.516,0.0,0.0,1942,3002.0,0.0,0.0,11.21,14.2,0.0,0.0,277,539.0,0.0,0.0,one,TR,1
213,245,8250,0,0,17.683,3.143,13.9338,0.0,0.0,1167,2117.0,0.0,0.0,6.8,10.06,0.0,0.0,158,536.0,0.0,0.0,one,RT,1
213,4443,9837,0,0,13.1079,0.6539,11.9482,0.0,0.0,1768,1841.0,0.0,0.0,14.01,9.06,0.0,0.0,266,497.0,0.0,0.0,one,RT,1
213,400,9931,0,0,10.332,3.7454,5.962,0.0,0.0,1258,1010.0,0.0,0.0,7.59,8.25,0.0,0.0,128,254.0,0.0,0.0,one,RT,1
213,2613,529,0,0,19.8736,6.3958,12.6651,0.0,0.0,1120,2253.0,0.0,0.0,4.45,12.13,0.0,0.0,63,594.0,0.0,0.0,one,TR,1
213,2796,4080,0,0,23.1041,5.1492,17.232,0.0,0.0,1278,1468.0,0.0,0.0,6.91,10.23,0.0,0.0,93,-156.0,0.0,0.0,one,TR,1
213,1763,8630,0,0,14.4822,4.3221,9.6457,0.0,0.0,1082,1098.0,0.0,0.0,6.73,8.14,0.0,0.0,21,116.0,0.0,0.0,one,TR,1
213,3813,4805,0,0,20.628,4.8787,14.8829,0.0,0.0,1268,2501.0,0.0,0.0,5.52,12.66,0.0,0.0,199,625.0,0.0,0.0,one,RT,1
213,3691,1774,926,0,39.2073,7.2511,21.6709,9.4603,0.0,1092,3065.0,1005.0,0.0,4.04,9.12,7.12,0.0,12,869.0,114.0,0.0,many,TR,2
215,1696,4544,0,0,14.7144,6.0909,7.936,0.0,0.0,1070,852.0,0.0,0.0,5.05,8.88,0.0,0.0,7,-16.0,0.0,0.0,one,RT,1
223,4387,8919,0,0,14.5526,6.4767,7.2902,0.0,0.0,1413,1235.0,0.0,0.0,7.76,9.86,0.0,0.0,41,257.0,0.0,0.0,one,RT,1
223,1345,3789,0,0,13.0468,3.2313,9.2694,0.0,0.0,1471,901.0,0.0,0.0,10.53,8.46,0.0,0.0,115,-31.0,0.0,0.0,one,TR,1
223,2401,7219,5907,0,47.5485,7.1678,8.4932,30.9157,0.0,1188,1028.0,2349.0,0.0,3.73,7.92,9.79,0.0,108,141.0,-244.0,0.0,many,RT,2
223,1662,3935,1464,0,38.9155,7.524,11.2891,19.1414,0.0,1284,1624.0,1767.0,0.0,4.83,7.86,8.75,0.0,77,438.0,47.0,0.0,many,TR,2
224,636,5780,0,0,13.1818,3.324,9.3343,0.0,0.0,1554,1358.0,0.0,0.0,11.61,8.23,0.0,0.0,95,326.0,0.0,0.0,one,RT,1
224,2262,8305,0,0,32.4452,8.137,23.0374,0.0,0.0,2449,3552.0,0.0,0.0,14.28,16.71,0.0,0.0,225,727.0,0.0,0.0,one,RT,1
224,3068,1859,0,0,20.3823,3.4531,16.3993,0.0,0.0,1335,1840.0,0.0,0.0,9.25,8.3,0.0,0.0,90,285.0,0.0,0.0,one,RT,1
224,1613,4299,4298,0,39.81,5.1249,16.9052,16.9052,0.0,1297,1484.0,1484.0,0.0,5.75,7.37,7.37,0.0,188,38.0,38.0,0.0,many,TR,2
224,3919,5743,5051,0,52.214,7.0028,25.1439,19.1788,0.0,2069,2590.0,2057.0,0.0,13.73,9.39,7.5,0.0,68,293.0,337.0,0.0,many,TR,2
225,2860,7986,0,0,48.1604,4.0444,43.4751,0.0,0.0,2331,3975.0,0.0,0.0,18.71,13.41,0.0,0.0,118,68.0,0.0,0.0,one,RT,1
227,1117,5721,0,0,26.9571,4.7816,21.6336,0.0,0.0,1047,1505.0,0.0,0.0,6.12,9.42,0.0,0.0,7,-334.0,0.0,0.0,one,TR,1
227,1344,6803,0,0,25.6095,5.0635,19.9744,0.0,0.0,1037,2232.0,0.0,0.0,5.74,9.72,0.0,0.0,6,298.0,0.0,0.0,one,TR,1
227,2582,79,78,0,46.5635,10.828,17.1638,17.1638,0.0,1655,2026.0,2026.0,0.0,4.71,10.04,10.04,0.0,126,283.0,283.0,0.0,many,RT,2
227,1566,9872,1562,0,51.6025,8.2083,20.1613,22.3161,0.0,1073,2027.0,1753.0,0.0,3.02,8.58,8.58,0.0,3,196.0,-136.0,0.0,many,TR,2
231,665,1378,0,0,16.5345,3.7345,12.2539,0.0,0.0,1197,1935.0,0.0,0.0,7.65,9.46,0.0,0.0,81,528.0,0.0,0.0,one,RT,1
231,265,5320,2855,0,47.6968,11.0696,16.993,18.0954,0.0,1999,2438.0,2599.0,0.0,7.14,11.67,10.71,0.0,190,513.0,628.0,0.0,many,RT,2
231,1020,6694,3525,0,47.822,10.4439,17.9138,17.9097,0.0,1799,2193.0,2195.0,0.0,4.9,10.77,10.78,0.0,242,326.0,327.0,0.0,many,TR,2
233,1263,5216,0,0,37.6146,5.2259,31.7259,0.0,0.0,1331,2611.0,0.0,0.0,8.01,11.63,0.0,0.0,51,-196.0,0.0,0.0,one,RT,1
233,4367,784,0,0,19.7098,5.3191,13.7789,0.0,0.0,1182,1674.0,0.0,0.0,6.9,9.12,0.0,0.0,13,262.0,0.0,0.0,one,TR,1
233,3353,5514,0,0,29.0765,8.282,19.5011,0.0,0.0,2526,2543.0,0.0,0.0,14.88,15.93,0.0,0.0,229,206.0,0.0,0.0,one,RT,1
233,1393,2575,0,0,17.6148,6.1422,10.6473,0.0,0.0,1726,1779.0,0.0,0.0,10.69,11.25,0.0,0.0,88,399.0,0.0,0.0,one,RT,1
233,1929,7948,0,0,20.752,5.9177,14.151,0.0,0.0,1292,2037.0,0.0,0.0,7.42,9.83,0.0,0.0,16,476.0,0.0,0.0,one,RT,1
233,3803,9253,9252,0,36.9131,6.4759,14.7296,14.7296,0.0,1686,1982.0,1982.0,0.0,8.9,7.89,7.89,0.0,159,512.0,512.0,0.0,many,RT,2
234,240,2813,0,0,20.563,3.6088,16.3988,0.0,0.0,1162,1875.0,0.0,0.0,7.2,8.55,0.0,0.0,95,297.0,0.0,0.0,one,RT,1
234,758,1443,0,0,31.0888,2.1707,28.3974,0.0,0.0,1381,2402.0,0.0,0.0,9.81,10.21,0.0,0.0,172,-83.0,0.0,0.0,one,RT,1
234,2813,55,0,0,16.0129,4.0906,11.3931,0.0,0.0,1494,1657.0,0.0,0.0,10.92,8.29,0.0,0.0,46,433.0,0.0,0.0,one,TR,1
234,2844,1129,0,0,18.9369,3.6354,14.7335,0.0,0.0,1175,1667.0,0.0,0.0,7.23,8.68,0.0,0.0,101,227.0,0.0,0.0,one,RT,1
234,2436,3328,1732,0,60.5518,8.4486,31.8427,19.2989,0.0,1329,1979.0,1846.0,0.0,5.3,9.82,8.8,0.0,14,-580.0,95.0,0.0,many,RT,2
234,4487,4905,4832,0,52.1309,6.5937,31.4946,13.1978,0.0,1104,2600.0,1588.0,0.0,3.99,9.37,7.08,0.0,69,-62.0,346.0,0.0,many,RT,2
234,3333,5496,3563,0,38.4699,6.1438,22.2037,9.2823,0.0,1196,1967.0,1236.0,0.0,5.0,8.19,7.22,0.0,97,56.0,295.0,0.0,many,RT,2
238,3574,4810,0,0,35.8204,9.0717,25.4546,0.0,0.0,2138,3411.0,0.0,0.0,10.8,16.94,0.0,0.0,176,468.0,0.0,0.0,one,TR,1
238,3982,8026,0,0,43.056,11.102,30.7114,0.0,0.0,1519,3853.0,0.0,0.0,4.77,17.43,0.0,0.0,6,476.0,0.0,0.0,one,TR,1
238,4444,4183,1195,0,38.1493,5.4359,19.3154,12.4851,0.0,1555,2841.0,1163.0,0.0,8.11,9.58,7.54,0.0,190,807.0,37.0,0.0,many,RT,2
240,2968,4185,0,0,24.2823,5.7014,17.9132,0.0,0.0,1388,2563.0,0.0,0.0,8.56,10.68,0.0,0.0,21,613.0,0.0,0.0,one,TR,1
243,4114,5952,0,0,18.1564,6.0363,11.2367,0.0,0.0,1191,1375.0,0.0,0.0,4.56,11.83,0.0,0.0,131,24.0,0.0,0.0,one,TR,1
243,4249,4459,0,0,13.2102,4.2258,8.4255,0.0,0.0,1294,1338.0,0.0,0.0,8.56,8.59,0.0,0.0,55,343.0,0.0,0.0,one,TR,1
243,849,678,0,0,17.251,4.2404,12.2722,0.0,0.0,1194,2009.0,0.0,0.0,5.89,10.38,0.0,0.0,164,531.0,0.0,0.0,one,TR,1
243,4330,7295,2818,0,28.8043,8.0522,9.9143,9.9063,0.0,1489,847.0,847.0,0.0,7.25,6.66,6.66,0.0,23,-6.0,-5.0,0.0,many,RT,2
246,9,7179,0,0,19.1781,5.3826,12.8131,0.0,0.0,1490,1910.0,0.0,0.0,6.8,12.82,0.0,0.0,236,285.0,0.0,0.0,one,RT,1
246,2120,5177,5176,0,38.5973,9.1258,14.2014,14.2014,0.0,1112,1930.0,1930.0,0.0,2.06,8.34,8.34,0.0,34,477.0,477.0,0.0,many,TR,2
247,274,3145,0,0,21.5272,5.2653,15.5532,0.0,0.0,1208,1849.0,0.0,0.0,6.31,10.09,0.0,0.0,76,238.0,0.0,0.0,one,RT,1
247,4380,9803,0,0,24.3541,7.5502,15.7946,0.0,0.0,1221,2532.0,0.0,0.0,3.74,13.09,0.0,0.0,105,572.0,0.0,0.0,one,TR,1
247,2863,4359,0,0,19.0405,5.747,12.4335,0.0,0.0,1554,2141.0,0.0,0.0,8.58,11.6,0.0,0.0,136,552.0,0.0,0.0,one,TR,1
247,2398,1752,0,0,27.9607,7.5536,19.5393,0.0,0.0,1953,2158.0,0.0,0.0,12.7,11.68,0.0,0.0,18,154.0,0.0,0.0,one,TR,1
247,3962,9681,0,0,21.3366,5.8006,14.8754,0.0,0.0,1407,2182.0,0.0,0.0,8.83,9.61,0.0,0.0,10,558.0,0.0,0.0,one,RT,1
247,231,8178,2102,0,47.6755,9.2029,17.122,20.0648,0.0,1539,2335.0,2362.0,0.0,4.59,9.17,9.69,0.0,162,571.0,393.0,0.0,many,RT,2
247,2309,2880,2879,0,80.0225,17.4497,30.1023,30.1023,0.0,3489,3651.0,3651.0,0.0,15.32,15.84,15.84,0.0,264,448.0,448.0,0.0,many,TR,2
252,194,1487,0,0,27.4581,9.8896,16.4504,0.0,0.0,1510,2864.0,0.0,0.0,5.79,15.18,0.0,0.0,12,668.0,0.0,0.0,one,TR,1
252,2882,29,0,0,19.7079,5.6249,13.3863,0.0,0.0,1049,2238.0,0.0,0.0,4.74,10.97,0.0,0.0,44,608.0,0.0,0.0,one,RT,1
252,3021,2875,0,0,21.9791,3.3516,18.1167,0.0,0.0,1241,1528.0,0.0,0.0,8.43,9.11,0.0,0.0,85,-97.0,0.0,0.0,one,RT,1
252,3477,3755,0,0,20.3312,3.6288,16.0248,0.0,0.0,1591,2237.0,0.0,0.0,10.61,10.78,0.0,0.0,169,467.0,0.0,0.0,one,TR,1
257,446,9915,0,0,11.6503,2.7595,8.2691,0.0,0.0,1341,1198.0,0.0,0.0,8.48,9.22,0.0,0.0,194,209.0,0.0,0.0,one,RT,1
257,1723,491,0,0,23.9065,3.8226,19.4183,0.0,0.0,1231,1960.0,0.0,0.0,6.94,10.66,0.0,0.0,148,69.0,0.0,0.0,one,TR,1
257,2217,9471,2046,0,33.6369,5.6035,11.9855,15.1016,0.0,1289,1720.0,1955.0,0.0,5.02,7.57,8.89,0.0,199,488.0,413.0,0.0,many,RT,2
257,275,8057,5814,0,23.6603,4.1806,9.9085,8.6357,0.0,1871,1187.0,1002.0,0.0,11.23,7.68,7.67,0.0,289,195.0,127.0,0.0,many,TR,2
260,54,7839,0,0,23.3009,6.2255,16.2818,0.0,0.0,1419,2483.0,0.0,0.0,7.76,11.94,0.0,0.0,63,573.0,0.0,0.0,one,RT,1
260,1157,413,0,0,17.6772,6.4251,10.3059,0.0,0.0,1460,1697.0,0.0,0.0,6.81,12.46,0.0,0.0,143,287.0,0.0,0.0,one,RT,1
260,3855,8884,0,0,54.4421,13.9591,38.8766,0.0,0.0,2691,4536.0,0.0,0.0,13.8,22.06,0.0,0.0,34,263.0,0.0,0.0,one,RT,1
260,2348,7769,0,0,18.4384,5.4765,12.2595,0.0,0.0,1474,2046.0,0.0,0.0,9.16,10.02,0.0,0.0,58,580.0,0.0,0.0,one,TR,1
260,1879,3548,1127,0,56.8445,7.617,22.593,25.6305,0.0,1739,3122.0,2209.0,0.0,9.22,10.02,10.02,0.0,97,808.0,-61.0,0.0,many,TR,2
262,1075,9624,0,0,27.0482,8.2016,17.9167,0.0,0.0,1250,2236.0,0.0,0.0,4.75,12.3,0.0,0.0,12,271.0,0.0,0.0,one,RT,1
262,2137,3043,0,0,54.8351,11.4855,41.8772,0.0,0.0,2232,4452.0,0.0,0.0,10.18,20.72,0.0,0.0,121,104.0,0.0,0.0,one,RT,1
262,3600,4034,959,958,83.6575,14.9753,19.9146,23.4915,23.4915,2248,2934.0,2520.0,2520.0,7.54,11.47,8.69,8.69,74,735.0,375.0,375.0,many,RT,3
262,3122,9224,7229,3420,78.4572,18.3751,19.9857,19.8053,18.1624,2113,2065.0,1942.0,2536.0,3.03,10.1,10.1,11.1,54,148.0,65.0,554.0,many,TR,3
262,3167,9662,9029,5077,78.6683,16.4178,19.57,20.7473,19.7931,2135,2870.0,2447.0,2672.0,3.16,11.19,11.02,11.19,194,722.0,343.0,559.0,many,TR,3
262,2850,8829,696,0,84.9356,5.4955,23.4287,55.0885,0.0,1215,2439.0,3431.0,0.0,4.45,8.15,12.08,0.0,192,347.0,-935.0,0.0,many,RT,2
262,3975,7869,3492,0,59.6293,10.4793,10.5194,37.2448,0.0,1755,1655.0,3581.0,0.0,5.96,8.51,12.35,0.0,136,469.0,186.0,0.0,many,TR,2
262,2001,7228,1687,1511,87.7244,18.8223,19.8053,21.5751,25.3931,2059,1942.0,2785.0,2225.0,2.46,10.1,11.1,11.1,23,65.0,548.0,-97.0,many,TR,3
262,2011,9743,2395,2368,85.2075,18.6602,19.9499,24.6546,19.7851,2068,2177.0,2006.0,1974.0,2.3,11.19,11.19,10.19,52,173.0,-227.0,85.0,many,TR,3
263,3000,4307,0,0,38.6338,1.759,36.347,0.0,0.0,1389,2412.0,0.0,0.0,9.83,10.28,0.0,0.0,204,-535.0,0.0,0.0,one,RT,1
263,830,8869,7447,0,43.4294,10.6238,16.5847,15.0251,0.0,1802,2262.0,2019.0,0.0,8.16,9.28,9.68,0.0,10,540.0,421.0,0.0,many,RT,2
265,4691,1699,0,0,32.2407,8.2348,22.974,0.0,0.0,1361,3354.0,0.0,0.0,5.0,14.32,0.0,0.0,72,717.0,0.0,0.0,one,RT,1
270,1103,5136,0,0,22.5485,3.0544,18.849,0.0,0.0,1267,2437.0,0.0,0.0,7.5,10.45,0.0,0.0,188,476.0,0.0,0.0,one,RT,1
270,1717,3056,0,0,23.9544,7.0442,15.9491,0.0,0.0,1774,2029.0,0.0,0.0,9.98,12.61,0.0,0.0,110,208.0,0.0,0.0,one,RT,1
272,3605,6128,0,0,29.1377,8.1006,20.1212,0.0,0.0,1964,2799.0,0.0,0.0,12.38,13.16,0.0,0.0,10,524.0,0.0,0.0,one,RT,1
272,3509,9089,0,0,20.9924,3.3437,17.1097,0.0,0.0,1396,1915.0,0.0,0.0,9.81,10.39,0.0,0.0,103,182.0,0.0,0.0,one,RT,1
273,1685,4320,0,0,26.1266,7.2549,17.9134,0.0,0.0,1968,2995.0,0.0,0.0,12.04,14.58,0.0,0.0,94,718.0,0.0,0.0,one,RT,1
273,1176,6915,0,0,20.9448,3.7661,16.5541,0.0,0.0,1595,2186.0,0.0,0.0,11.13,10.25,0.0,0.0,127,428.0,0.0,0.0,one,TR,1
275,795,2450,0,0,17.0485,3.224,13.318,0.0,0.0,1978,1935.0,0.0,0.0,16.21,8.07,0.0,0.0,91,547.0,0.0,0.0,one,RT,1
277,403,9761,0,0,16.969,5.6892,10.6085,0.0,0.0,1213,1549.0,0.0,0.0,6.7,9.71,0.0,0.0,24,314.0,0.0,0.0,one,RT,1
277,2757,9933,8458,0,48.6332,5.9336,25.9893,15.7651,0.0,1352,3026.0,1811.0,0.0,5.69,10.38,8.07,0.0,176,520.0,312.0,0.0,many,RT,2
281,4123,9511,0,0,13.1429,4.9641,7.3307,0.0,0.0,1457,1436.0,0.0,0.0,7.67,10.48,0.0,0.0,182,372.0,0.0,0.0,one,RT,1
281,146,2560,0,0,16.3337,3.8865,11.7972,0.0,0.0,1512,1847.0,0.0,0.0,10.03,9.5,0.0,0.0,134,485.0,0.0,0.0,one,RT,1
281,4442,5733,0,0,18.7124,3.5405,14.5657,0.0,0.0,1215,1836.0,0.0,0.0,7.3,9.06,0.0,0.0,131,343.0,0.0,0.0,one,TR,1
281,1078,2226,0,0,9.9186,2.5117,6.8036,0.0,0.0,1295,1245.0,0.0,0.0,8.17,9.03,0.0,0.0,199,339.0,0.0,0.0,one,RT,1
281,637,9751,1708,0,39.2496,7.29,9.1922,21.8297,0.0,1096,945.0,1720.0,0.0,3.07,7.05,8.33,0.0,79,88.0,-119.0,0.0,many,RT,2
281,1701,8743,5447,0,31.6699,7.5107,7.4751,15.612,0.0,1706,1103.0,1797.0,0.0,8.26,7.43,8.29,0.0,146,284.0,298.0,0.0,many,TR,2
284,1185,3416,0,0,18.6566,1.5538,16.5602,0.0,0.0,2481,2473.0,0.0,0.0,21.17,10.43,0.0,0.0,227,636.0,0.0,0.0,one,TR,1
